round,ACC,Kappa,NMI,ARI,PURITY,alignment_loss,mean_reconstruction_loss,mean_consensus_loss,mean_local_total_loss,round_seconds,observed_rates,completion_eval_seconds,C025_ACC,C050_ACC,C075_ACC,C100_ACC,D0_ACC,E0_ACC,G0_ACC
1,0.30814814814814817,0.20695320086745195,0.39723071016950806,0.08135578795695822,0.3748148148148148,0.08709654211997986,0.3023168444633484,0.0,0.2968658581376076,3.1012439460027963,"[0.682962954044342, 0.7288888692855835, 0.7318518757820129, 0.7481481432914734]",1.0343,0.3422222222222222,0.3451851851851852,0.41333333333333333,0.4237037037037037,0.43851851851851853,0.43851851851851853,0.34074074074074073
2,0.36148148148148146,0.2800810674374178,0.3740954436070405,0.14119529499273983,0.3851851851851852,0.07049599289894104,0.2946216017007828,0.0,0.2895437777042389,0.7959769030567259,"[0.682962954044342, 0.7288888692855835, 0.7318518757820129, 0.7481481432914734]",1.1569,0.3585185185185185,0.3688888888888889,0.4266666666666667,0.4103703703703704,0.42814814814814817,0.42814814814814817,0.3585185185185185
3,0.4192592592592593,0.3523515805705474,0.4348043650448708,0.2425172949867499,0.4488888888888889,0.06709647178649902,0.287067424505949,0.0,0.28137462958693504,0.8697637669974938,"[0.682962954044342, 0.7288888692855835, 0.7318518757820129, 0.7481481432914734]",0.8278,0.3377777777777778,0.3437037037037037,0.36,0.3896296296296296,0.40444444444444444,0.40444444444444444,0.3377777777777778
4,0.42814814814814817,0.3584803456893475,0.4648972247365374,0.2879636487199113,0.45037037037037037,0.0641244649887085,0.27841104939579964,0.0,0.27230464294552803,0.7550747019704431,"[0.682962954044342, 0.7288888692855835, 0.7318518757820129, 0.7481481432914734]",0.7084,0.34814814814814815,0.35555555555555557,0.39555555555555555,0.39111111111111113,0.3985185185185185,0.3985185185185185,0.3422222222222222
5,0.45481481481481484,0.3984015500121094,0.44625961646093665,0.22553422006673426,0.45481481481481484,0.062225230038166046,0.2690929137170315,0.0,0.2627953141927719,0.7845482550328597,"[0.682962954044342, 0.7288888692855835, 0.7318518757820129, 0.7481481432914734]",0.714,0.32,0.3377777777777778,0.397037037037037,0.3851851851851852,0.39555555555555555,0.39555555555555555,0.31851851851851853
6,0.42814814814814817,0.36470898038900146,0.3736270141950542,0.20661986195426985,0.43555555555555553,0.061368800699710846,0.2595076560974121,0.0,0.2528526335954666,0.7796366380061954,"[0.682962954044342, 0.7288888692855835, 0.7318518757820129, 0.7481481432914734]",0.7239,0.2874074074074074,0.30814814814814817,0.3688888888888889,0.4059259259259259,0.37925925925925924,0.37925925925925924,0.2874074074074074
7,0.42074074074074075,0.3561422939557758,0.40124095120275544,0.2316216372756367,0.4414814814814815,0.06526501476764679,0.24966952204704285,0.0,0.24295102059841156,0.7841783670010045,"[0.682962954044342, 0.7288888692855835, 0.7318518757820129, 0.7481481432914734]",0.7199,0.27555555555555555,0.3037037037037037,0.3511111111111111,0.397037037037037,0.37925925925925924,0.37925925925925924,0.27555555555555555
8,0.4059259259259259,0.3485026452224731,0.3463139895846018,0.19003290352522773,0.4222222222222222,0.06608257442712784,0.23991096019744873,0.0,0.2330460101366043,0.8207706660032272,"[0.682962954044342, 0.7288888692855835, 0.7318518757820129, 0.7481481432914734]",0.7555,0.2785185185185185,0.29777777777777775,0.3748148148148148,0.37333333333333335,0.4088888888888889,0.4088888888888889,0.277037037037037
9,0.397037037037037,0.3341807800063983,0.3538871587452012,0.18648690319832797,0.4192592592592593,0.06601458787918091,0.2301800549030304,0.0,0.2232447825372219,0.7932961430633441,"[0.682962954044342, 0.7288888692855835, 0.7318518757820129, 0.7481481432914734]",0.7192,0.2607407407407407,0.277037037037037,0.32,0.3214814814814815,0.36148148148148146,0.36148148148148146,0.2518518518518518
10,0.36,0.304682898680662,0.3424694150625305,0.17714954799471894,0.4,0.06771507114171982,0.22032195702195168,0.0,0.2135234046727419,0.761338523006998,"[0.682962954044342, 0.7288888692855835, 0.7318518757820129, 0.7481481432914734]",0.7309,0.23703703703703705,0.2577777777777778,0.3022222222222222,0.3451851851851852,0.3688888888888889,0.3688888888888889,0.23555555555555555
11,0.3244444444444444,0.2675125888837063,0.3293008021138387,0.1406240642847633,0.3674074074074074,0.06923231482505798,0.2107168845832348,0.0,0.20411965064704418,0.8097678540507331,"[0.682962954044342, 0.7288888692855835, 0.7318518757820129, 0.7481481432914734]",0.8921,0.2311111111111111,0.2474074074074074,0.29185185185185186,0.30814814814814817,0.3540740740740741,0.3540740740740741,0.22666666666666666
12,0.29777777777777775,0.23050837674425328,0.2923621202577281,0.11298591583297264,0.35555555555555557,0.06832727789878845,0.20148204639554024,0.0,0.19503656215965748,0.907590662012808,"[0.682962954044342, 0.7288888692855835, 0.7318518757820129, 0.7481481432914734]",0.7162,0.2414814814814815,0.2607407407407407,0.30518518518518517,0.3274074074074074,0.36148148148148146,0.36148148148148146,0.23555555555555555
13,0.3037037037037037,0.2346975698481697,0.3286576279841881,0.13404332680440406,0.35703703703703704,0.06688693910837173,0.19250952266156673,0.0,0.18623040430247784,0.7766455099917948,"[0.682962954044342, 0.7288888692855835, 0.7318518757820129, 0.7481481432914734]",0.8617,0.2222222222222222,0.24888888888888888,0.32592592592592595,0.3288888888888889,0.36,0.36,0.22074074074074074
14,0.36444444444444446,0.2921415056980683,0.3075929037176689,0.16372300059524805,0.3851851851851852,0.06572531163692474,0.18381850235164165,0.0,0.17775763012468815,0.8421278239693493,"[0.682962954044342, 0.7288888692855835, 0.7318518757820129, 0.7481481432914734]",0.7349,0.2,0.21777777777777776,0.2637037037037037,0.2962962962962963,0.30962962962962964,0.30962962962962964,0.20148148148148148
15,0.3244444444444444,0.2537910469471617,0.2796850505700237,0.10643992119949036,0.34814814814814815,0.0665525570511818,0.1754891723394394,0.0,0.16965973190963268,0.7588296480244026,"[0.682962954044342, 0.7288888692855835, 0.7318518757820129, 0.7481481432914734]",0.7184,0.20148148148148148,0.22518518518518518,0.2903703703703704,0.3288888888888889,0.3437037037037037,0.3437037037037037,0.20296296296296296
16,0.31703703703703706,0.252590443341708,0.27362838403912987,0.15405875605420388,0.3377777777777778,0.06669103354215622,0.16751238144934177,0.0,0.16197319142520428,0.779726929962635,"[0.682962954044342, 0.7288888692855835, 0.7318518757820129, 0.7481481432914734]",0.7011,0.18666666666666668,0.2074074074074074,0.2725925925925926,0.3037037037037037,0.31851851851851853,0.31851851851851853,0.18814814814814815
17,0.2903703703703704,0.22439663299501755,0.24172352445605305,0.09273486515241289,0.31703703703703706,0.06487004458904266,0.15998071245849133,0.0,0.1547835934907198,0.8312679750379175,"[0.682962954044342, 0.7288888692855835, 0.7318518757820129, 0.7481481432914734]",0.7373,0.1925925925925926,0.20592592592592593,0.25925925925925924,0.26222222222222225,0.2874074074074074,0.2874074074074074,0.19555555555555557
18,0.2992592592592593,0.22824323965008375,0.23207306240368086,0.10110422488896782,0.31555555555555553,0.06507614254951477,0.15287252143025398,0.0,0.1480358373373747,0.8394437490496784,"[0.682962954044342, 0.7288888692855835, 0.7318518757820129, 0.7481481432914734]",0.7312,0.19703703703703704,0.2088888888888889,0.2607407407407407,0.30518518518518517,0.30962962962962964,0.30962962962962964,0.1925925925925926
19,0.29777777777777775,0.22736427257052605,0.25326417409183316,0.1301352513310801,0.3288888888888889,0.0645587295293808,0.14625117927789688,0.0,0.14175420440733433,0.8481959489872679,"[0.682962954044342, 0.7288888692855835, 0.7318518757820129, 0.7481481432914734]",0.7424,0.19555555555555557,0.20296296296296296,0.2696296296296296,0.2992592592592593,0.3125925925925926,0.3125925925925926,0.1985185185185185
20,0.2874074074074074,0.19928825622775792,0.22496688386368438,0.08961416960872316,0.30962962962962964,0.06224193423986435,0.14008589647710323,0.0,0.1359320767223835,0.7847412700066343,"[0.682962954044342, 0.7288888692855835, 0.7318518757820129, 0.7481481432914734]",0.7531,0.20148148148148148,0.2074074074074074,0.23555555555555555,0.2859259259259259,0.30074074074074075,0.30074074074074075,0.20148148148148148
21,0.27555555555555555,0.1869413031108439,0.2063125826753537,0.07501458180018507,0.2948148148148148,0.06372269243001938,0.13438710570335388,0.0,0.1305644866079092,0.8402848480036482,"[0.682962954044342, 0.7288888692855835, 0.7318518757820129, 0.7481481432914734]",0.846,0.18962962962962962,0.1925925925925926,0.2325925925925926,0.2637037037037037,0.2785185185185185,0.2785185185185185,0.1925925925925926
22,0.26666666666666666,0.20003782836456974,0.24250770171237526,0.0671018530174044,0.2874074074074074,0.06331996619701385,0.12913849391043186,0.0,0.12565156631171703,0.8586204199818894,"[0.682962954044342, 0.7288888692855835, 0.7318518757820129, 0.7481481432914734]",0.7385,0.1837037037037037,0.19703703703703704,0.26666666666666666,0.2785185185185185,0.2903703703703704,0.2903703703703704,0.18666666666666668
23,0.2859259259259259,0.2022704703992938,0.22168042670162702,0.1002779467783951,0.3244444444444444,0.062131937593221664,0.12433381378650665,0.0,0.12116188183426857,1.037006997037679,"[0.682962954044342, 0.7288888692855835, 0.7318518757820129, 0.7481481432914734]",0.9563,0.1985185185185185,0.20148148148148148,0.2325925925925926,0.2785185185185185,0.28296296296296297,0.28296296296296297,0.2
24,0.28888888888888886,0.21145819389853604,0.2315933870840455,0.11543875145386569,0.32,0.06104845553636551,0.11995374225080013,0.0,0.11707987263798714,0.7746557139325887,"[0.682962954044342, 0.7288888692855835, 0.7318518757820129, 0.7481481432914734]",0.8015,0.2,0.2074074074074074,0.2577777777777778,0.28444444444444444,0.30666666666666664,0.30666666666666664,0.2
25,0.2518518518518518,0.17969765225677903,0.18995023784444007,0.061848245117856776,0.2725925925925926,0.06085139885544777,0.11596932262182236,0.0,0.1133800083771348,1.1919515250483528,"[0.682962954044342, 0.7288888692855835, 0.7318518757820129, 0.7481481432914734]",1.0557,0.19111111111111112,0.1985185185185185,0.2311111111111111,0.2785185185185185,0.2992592592592593,0.2992592592592593,0.1925925925925926
26,0.25333333333333335,0.19009834520093993,0.21974397916233193,0.08554465138161262,0.2903703703703704,0.06285697966814041,0.1123632388189435,0.0,0.11003410257399082,0.8515233510406688,"[0.682962954044342, 0.7288888692855835, 0.7318518757820129, 0.7481481432914734]",0.7811,0.19703703703703704,0.20592592592592593,0.21037037037037037,0.24888888888888888,0.2962962962962963,0.2962962962962963,0.2
27,0.2651851851851852,0.19393476842477797,0.21037731270591242,0.08584970322567602,0.2903703703703704,0.06194249168038368,0.10910357255488634,0.0,0.10700896475464106,1.0868459059856832,"[0.682962954044342, 0.7288888692855835, 0.7318518757820129, 0.7481481432914734]",0.9929,0.20296296296296296,0.21925925925925926,0.24,0.2651851851851852,0.28,0.28,0.20592592592592593
28,0.28296296296296297,0.1785430516861617,0.178456040323509,0.08887401896506918,0.30518518518518517,0.06232356280088425,0.10616180766373873,0.0,0.10428467858582735,0.8808124379720539,"[0.682962954044342, 0.7288888692855835, 0.7318518757820129, 0.7481481432914734]",0.7707,0.20148148148148148,0.20592592592592593,0.21925925925925926,0.2740740740740741,0.28444444444444444,0.28444444444444444,0.20296296296296296
29,0.29777777777777775,0.20078834567309134,0.21086574994175694,0.10415108814161682,0.3244444444444444,0.06317184120416641,0.10350623726844788,0.0,0.10182544961571693,0.8484356709523126,"[0.682962954044342, 0.7288888692855835, 0.7318518757820129, 0.7481481432914734]",0.7958,0.2,0.2074074074074074,0.21333333333333335,0.2696296296296296,0.2562962962962963,0.2562962962962963,0.20148148148148148
30,0.29777777777777775,0.20676438212164194,0.2052499638863034,0.1056689241795716,0.3214814814814815,0.0600556842982769,0.10111065860837698,0.0,0.09960476588457823,0.8256810479797423,"[0.682962954044342, 0.7288888692855835, 0.7318518757820129, 0.7481481432914734]",0.7557,0.18962962962962962,0.20148148148148148,0.2237037037037037,0.26222222222222225,0.26222222222222225,0.26222222222222225,0.19111111111111112
31,0.2325925925925926,0.15127109078595724,0.18660334286410674,0.04805403359597568,0.2696296296296296,0.06093496084213257,0.09894540999084711,0.0,0.09759646467864513,0.8298720680177212,"[0.682962954044342, 0.7288888692855835, 0.7318518757820129, 0.7481481432914734]",0.729,0.18666666666666668,0.1925925925925926,0.2074074074074074,0.26666666666666666,0.27111111111111114,0.27111111111111114,0.18666666666666668
32,0.24444444444444444,0.16053169983491067,0.18351415767044466,0.06662651075381454,0.2725925925925926,0.06009192764759064,0.09698902908712626,0.0,0.0957811214029789,0.7758984129177406,"[0.682962954044342, 0.7288888692855835, 0.7318518757820129, 0.7481481432914734]",0.706,0.1837037037037037,0.1925925925925926,0.2222222222222222,0.24444444444444444,0.2518518518518518,0.2518518518518518,0.18518518518518517
33,0.26222222222222225,0.17616755548584417,0.2051803975792785,0.085257383872454,0.2785185185185185,0.06063470244407654,0.09522031806409359,0.0,0.09413745440542698,0.7470139430370182,"[0.682962954044342, 0.7288888692855835, 0.7318518757820129, 0.7481481432914734]",0.7133,0.18666666666666668,0.19407407407407407,0.21037037037037037,0.2518518518518518,0.2562962962962963,0.2562962962962963,0.18814814814814815
34,0.2637037037037037,0.17078421727814053,0.1722850510334328,0.08979606174559118,0.28296296296296297,0.05742143839597702,0.09362167958170176,0.0,0.09265109524130821,0.7514772549038753,"[0.682962954044342, 0.7288888692855835, 0.7318518757820129, 0.7481481432914734]",0.724,0.18962962962962962,0.19111111111111112,0.21185185185185185,0.2637037037037037,0.2607407407407407,0.2607407407407407,0.19111111111111112
35,0.2785185185185185,0.18135769233642718,0.21840239726135566,0.10437994105110161,0.29777777777777775,0.058588676154613495,0.09217690397053957,0.0,0.09130105096846819,0.780510056996718,"[0.682962954044342, 0.7288888692855835, 0.7318518757820129, 0.7481481432914734]",0.7351,0.19703703703703704,0.20444444444444446,0.21037037037037037,0.26222222222222225,0.2577777777777778,0.2577777777777778,0.19703703703703704
36,0.2548148148148148,0.16879451028586967,0.2109350309747015,0.07499999975438422,0.29185185185185186,0.05848030373454094,0.0908733457326889,0.0,0.09008269757032394,0.7712758079869673,"[0.682962954044342, 0.7288888692855835, 0.7318518757820129, 0.7481481432914734]",0.7299,0.18666666666666668,0.19407407407407407,0.21925925925925926,0.2548148148148148,0.27555555555555555,0.27555555555555555,0.18666666666666668
37,0.2696296296296296,0.17906710545142368,0.17977896687946504,0.09194093381710969,0.2962962962962963,0.05923572927713394,0.08969666250050068,0.0,0.0889804009348154,0.797513808007352,"[0.682962954044342, 0.7288888692855835, 0.7318518757820129, 0.7481481432914734]",0.7644,0.1925925925925926,0.1985185185185185,0.20148148148148148,0.2562962962962963,0.23407407407407407,0.23407407407407407,0.19407407407407407
38,0.2962962962962963,0.21925413658334647,0.21128182709480656,0.09598729566672654,0.31407407407407406,0.06061515212059021,0.0886360527947545,0.0,0.08799334894865751,0.8003259550314397,"[0.682962954044342, 0.7288888692855835, 0.7318518757820129, 0.7481481432914734]",0.7105,0.21481481481481482,0.22074074074074074,0.23407407407407407,0.26814814814814814,0.2651851851851852,0.2651851851851852,0.2162962962962963
39,0.24592592592592594,0.1635972802761596,0.1767711349409642,0.06907311371166763,0.26666666666666666,0.06119788810610771,0.08769417647272348,0.0,0.08710775896906853,0.8108854370657355,"[0.682962954044342, 0.7288888692855835, 0.7318518757820129, 0.7481481432914734]",0.8047,0.1925925925925926,0.1985185185185185,0.22074074074074074,0.26222222222222225,0.26666666666666666,0.26666666666666666,0.1925925925925926
40,0.2607407407407407,0.16990129754907413,0.19085982202183338,0.07639672978767856,0.28888888888888886,0.05812626704573631,0.0868409825488925,0.0,0.08631244394928217,0.9176960819168016,"[0.682962954044342, 0.7288888692855835, 0.7318518757820129, 0.7481481432914734]",0.7667,0.2088888888888889,0.21925925925925926,0.2088888888888889,0.24444444444444444,0.26814814814814814,0.26814814814814814,0.21185185185185185
41,0.22518518518518518,0.1379815545999955,0.15442894973272336,0.03744349671158589,0.24888888888888888,0.05927710980176926,0.08607425354421139,0.0,0.08559001330286264,0.8131437060656026,"[0.682962954044342, 0.7288888692855835, 0.7318518757820129, 0.7481481432914734]",0.7333,0.21185185185185185,0.2162962962962963,0.2562962962962963,0.30962962962962964,0.3111111111111111,0.3111111111111111,0.21333333333333335
42,0.26222222222222225,0.18865884329276816,0.20251104359576202,0.0760539263606002,0.28444444444444444,0.060708191245794296,0.08538315258920193,0.0,0.08495162706822157,0.7937088930048048,"[0.682962954044342, 0.7288888692855835, 0.7318518757820129, 0.7481481432914734]",0.7819,0.1925925925925926,0.19703703703703704,0.22962962962962963,0.26666666666666666,0.28296296296296297,0.28296296296296297,0.1925925925925926
43,0.24888888888888888,0.17733583976769007,0.23380590433574033,0.08368944813664599,0.3037037037037037,0.05848141387104988,0.08477763179689646,0.0,0.08438338153064251,0.8496249109739438,"[0.682962954044342, 0.7288888692855835, 0.7318518757820129, 0.7481481432914734]",0.697,0.21037037037037037,0.21481481481481482,0.2637037037037037,0.30518518518518517,0.3244444444444444,0.3244444444444444,0.21037037037037037
44,0.2814814814814815,0.20381584707427403,0.19404368921640588,0.08871483128660129,0.29185185185185186,0.058990608900785446,0.08425049763172865,0.0,0.08387830574065447,0.7541597860399634,"[0.682962954044342, 0.7288888692855835, 0.7318518757820129, 0.7481481432914734]",0.7217,0.18962962962962962,0.19111111111111112,0.2162962962962963,0.2785185185185185,0.2859259259259259,0.2859259259259259,0.18962962962962962
45,0.2948148148148148,0.22263433328736404,0.24552271220659042,0.10539344689034869,0.3125925925925926,0.057243846356868744,0.08375854417681694,0.0,0.08342581801116467,0.7796220330055803,"[0.682962954044342, 0.7288888692855835, 0.7318518757820129, 0.7481481432914734]",0.7305,0.20296296296296296,0.20148148148148148,0.2311111111111111,0.2903703703703704,0.2903703703703704,0.2903703703703704,0.20296296296296296
46,0.2740740740740741,0.18891281211223532,0.23323557861405378,0.07444623663705148,0.30518518518518517,0.05780203640460968,0.08333730231970549,0.0,0.0830260505899787,0.8055021460168064,"[0.682962954044342, 0.7288888692855835, 0.7318518757820129, 0.7481481432914734]",0.7247,0.21185185185185185,0.20444444444444446,0.2651851851851852,0.2903703703703704,0.3214814814814815,0.3214814814814815,0.21333333333333335
47,0.26666666666666666,0.20740819812126388,0.258561972154067,0.07093227055457084,0.2874074074074074,0.058451712131500244,0.08295863959938288,0.0,0.08266813587397337,0.796678964048624,"[0.682962954044342, 0.7288888692855835, 0.7318518757820129, 0.7481481432914734]",0.7721,0.21333333333333335,0.2162962962962963,0.25333333333333335,0.26666666666666666,0.30814814814814817,0.30814814814814817,0.21185185185185185
48,0.27555555555555555,0.20386736067226563,0.2733746960618708,0.1072029356378743,0.31851851851851853,0.05763397738337517,0.08262805826961994,0.0,0.08234567195177078,0.7424290600465611,"[0.682962954044342, 0.7288888692855835, 0.7318518757820129, 0.7481481432914734]",0.8076,0.21333333333333335,0.2074074074074074,0.24592592592592594,0.2725925925925926,0.2903703703703704,0.2903703703703704,0.21333333333333335
49,0.28444444444444444,0.21775277124622106,0.27926487177076825,0.09192577032736349,0.3274074074074074,0.0577569380402565,0.08230204693973064,0.0,0.08206596970558167,0.824627127032727,"[0.682962954044342, 0.7288888692855835, 0.7318518757820129, 0.7481481432914734]",0.719,0.2237037037037037,0.2222222222222222,0.2577777777777778,0.2874074074074074,0.29777777777777775,0.29777777777777775,0.2237037037037037
50,0.2474074074074074,0.15351726044711267,0.22173078057750248,0.0576117246390758,0.28296296296296297,0.057925499975681305,0.08203842677175999,0.0,0.08180916029959917,0.8235849459888414,"[0.682962954044342, 0.7288888692855835, 0.7318518757820129, 0.7481481432914734]",0.7265,0.2414814814814815,0.2414814814814815,0.2948148148148148,0.3333333333333333,0.362962962962963,0.362962962962963,0.2414814814814815
51,0.2548148148148148,0.19319386159600427,0.2610375545437557,0.07170460254600408,0.3037037037037037,0.05955098569393158,0.0818138038739562,0.0,0.08156628534197807,0.7716962340055034,"[0.682962954044342, 0.7288888692855835, 0.7318518757820129, 0.7481481432914734]",0.7113,0.23407407407407407,0.2325925925925926,0.2992592592592593,0.33037037037037037,0.35703703703703704,0.35703703703703704,0.23407407407407407
52,0.277037037037037,0.20938370812001816,0.262141139313147,0.07301549285053235,0.30962962962962964,0.05957644432783127,0.08163132052868605,0.0,0.08134796563535929,0.8025488000130281,"[0.682962954044342, 0.7288888692855835, 0.7318518757820129, 0.7481481432914734]",0.7073,0.21037037037037037,0.2088888888888889,0.31407407407407406,0.32592592592592595,0.3496296296296296,0.3496296296296296,0.2088888888888889
53,0.28888888888888886,0.2011164643979032,0.25841093884469424,0.06122094364152485,0.31703703703703706,0.06097158417105675,0.08146065659821033,0.0,0.08115406986325979,0.8518416429869831,"[0.682962954044342, 0.7288888692855835, 0.7318518757820129, 0.7481481432914734]",0.707,0.22518518518518518,0.23703703703703705,0.29333333333333333,0.3377777777777778,0.3585185185185185,0.3585185185185185,0.22518518518518518
54,0.27555555555555555,0.1626117532447764,0.2618584848223464,0.05746117345843841,0.30962962962962964,0.06068169325590134,0.08121457323431969,0.0,0.08102425374090672,0.7919957530684769,"[0.682962954044342, 0.7288888692855835, 0.7318518757820129, 0.7481481432914734]",0.7772,0.24,0.24888888888888888,0.37037037037037035,0.3585185185185185,0.4074074074074074,0.4074074074074074,0.24296296296296296
55,0.2814814814814815,0.1667748364091719,0.2530942256548056,0.055583350810672075,0.30814814814814817,0.06148457154631615,0.08116480335593224,0.0,0.0808672709390521,0.7899870799155906,"[0.682962954044342, 0.7288888692855835, 0.7318518757820129, 0.7481481432914734]",0.7248,0.23555555555555555,0.23407407407407407,0.28296296296296297,0.3111111111111111,0.3585185185185185,0.3585185185185185,0.23407407407407407
56,0.27555555555555555,0.16644148864976527,0.27034236419089536,0.05918852259023057,0.32,0.06045891344547272,0.08104684948921204,0.0,0.0807343740016222,0.8677283179713413,"[0.682962954044342, 0.7288888692855835, 0.7318518757820129, 0.7481481432914734]",0.7337,0.22518518518518518,0.2325925925925926,0.36592592592592593,0.36,0.38814814814814813,0.38814814814814813,0.2237037037037037
57,0.28444444444444444,0.17807442141884733,0.2666691231296376,0.058599233907490285,0.33185185185185184,0.0599694699048996,0.08089803718030453,0.0,0.08060742169618607,0.7759919289965183,"[0.682962954044342, 0.7288888692855835, 0.7318518757820129, 0.7481481432914734]",0.924,0.23555555555555555,0.25333333333333335,0.35555555555555557,0.3511111111111111,0.3940740740740741,0.3940740740740741,0.23555555555555555
58,0.25333333333333335,0.1451144370621288,0.2707879164542864,0.059980423784104356,0.3022222222222222,0.06019461899995804,0.0808059936389327,0.0,0.08048736862838268,0.7799752159044147,"[0.682962954044342, 0.7288888692855835, 0.7318518757820129, 0.7481481432914734]",0.7607,0.2637037037037037,0.26666666666666666,0.37777777777777777,0.3674074074074074,0.40444444444444444,0.40444444444444444,0.26222222222222225
59,0.2637037037037037,0.15015832805573137,0.26950992627134895,0.05822004394275698,0.30814814814814817,0.0601961724460125,0.0807029502466321,0.0,0.08037573471665382,0.8297487660311162,"[0.682962954044342, 0.7288888692855835, 0.7318518757820129, 0.7481481432914734]",0.7366,0.2548148148148148,0.2577777777777778,0.3377777777777778,0.3362962962962963,0.38222222222222224,0.38222222222222224,0.25333333333333335
60,0.2859259259259259,0.16751744413654412,0.24953211124016325,0.050698430065614294,0.3125925925925926,0.061370961368083954,0.08064005523920059,0.0,0.0802736273035407,0.7709935789462179,"[0.682962954044342, 0.7288888692855835, 0.7318518757820129, 0.7481481432914734]",0.704,0.2325925925925926,0.23555555555555555,0.3214814814814815,0.31703703703703706,0.362962962962963,0.362962962962963,0.2325925925925926
61,0.3037037037037037,0.20468390415594973,0.26032300446719936,0.07421817700470706,0.33185185185185184,0.05958215147256851,0.08053990080952644,0.0,0.08018157817423344,0.8299984290497378,"[0.682962954044342, 0.7288888692855835, 0.7318518757820129, 0.7481481432914734]",0.7686,0.25333333333333335,0.2577777777777778,0.32592592592592595,0.35259259259259257,0.397037037037037,0.397037037037037,0.2518518518518518
62,0.2962962962962963,0.19187349244236307,0.2971600590022307,0.07997587119604926,0.3362962962962963,0.05965375900268555,0.08045134227722883,0.0,0.08009768929332495,0.7784443970303982,"[0.682962954044342, 0.7288888692855835, 0.7318518757820129, 0.7481481432914734]",0.7055,0.2637037037037037,0.2740740740740741,0.37037037037037035,0.37333333333333335,0.3985185185185185,0.3985185185185185,0.2637037037037037
63,0.2785185185185185,0.20033424313633919,0.2989446267916259,0.10674004070249034,0.33925925925925926,0.05890800803899765,0.08038223627954721,0.0,0.08002368733286858,0.7584741320461035,"[0.682962954044342, 0.7288888692855835, 0.7318518757820129, 0.7481481432914734]",0.7863,0.27555555555555555,0.28,0.3451851851851852,0.3437037037037037,0.37333333333333335,0.37333333333333335,0.2725925925925926
64,0.32,0.2402712047276918,0.2766494811502429,0.08646768157631289,0.33185185185185184,0.05983193218708038,0.08034978527575731,0.0,0.07995906565338373,0.8686882799956948,"[0.682962954044342, 0.7288888692855835, 0.7318518757820129, 0.7481481432914734]",0.7629,0.25925925925925924,0.2740740740740741,0.37925925925925924,0.37777777777777777,0.3940740740740741,0.3940740740740741,0.2562962962962963
65,0.28888888888888886,0.20381383004865583,0.2572979597480036,0.06455296724399336,0.2948148148148148,0.059776075184345245,0.08028785698115826,0.0,0.0798988239839673,0.8399332480039448,"[0.682962954044342, 0.7288888692855835, 0.7318518757820129, 0.7481481432914734]",0.7602,0.2474074074074074,0.2725925925925926,0.35259259259259257,0.36592592592592593,0.3748148148148148,0.3748148148148148,0.24888888888888888
66,0.24444444444444444,0.15125111872129227,0.23623710124947464,0.04237054997695072,0.2607407407407407,0.0597844272851944,0.08023729920387268,0.0,0.07984206732362509,0.7747683560010046,"[0.682962954044342, 0.7288888692855835, 0.7318518757820129, 0.7481481432914734]",0.7485,0.2651851851851852,0.2725925925925926,0.3466666666666667,0.3496296296296296,0.36,0.36,0.27111111111111114
67,0.2607407407407407,0.16818340095869144,0.2503594679850368,0.047054610687797135,0.26814814814814814,0.059110354632139206,0.08021238446235657,0.0,0.07979159150272608,0.7789618839742616,"[0.682962954044342, 0.7288888692855835, 0.7318518757820129, 0.7481481432914734]",0.7167,0.26222222222222225,0.2785185185185185,0.38222222222222224,0.3896296296296296,0.40296296296296297,0.40296296296296297,0.2637037037037037
68,0.2607407407407407,0.16552909902165047,0.22904020504381467,0.029909200041646572,0.2785185185185185,0.059472955763339996,0.08015475794672966,0.0,0.07974570989608765,0.8650172729976475,"[0.682962954044342, 0.7288888692855835, 0.7318518757820129, 0.7481481432914734]",0.7536,0.26222222222222225,0.28,0.37777777777777777,0.37037037037037035,0.37925925925925924,0.37925925925925924,0.2607407407407407
69,0.2859259259259259,0.19200623845191023,0.2354748720549747,0.03295332521021267,0.29333333333333333,0.060366760939359665,0.08011352550238371,0.0,0.07970112282782793,0.7535802749916911,"[0.682962954044342, 0.7288888692855835, 0.7318518757820129, 0.7481481432914734]",0.6986,0.2785185185185185,0.29333333333333333,0.3940740740740741,0.36592592592592593,0.38074074074074077,0.38074074074074077,0.2740740740740741
70,0.25925925925925924,0.1622794933466375,0.2363181026621187,0.03439272644113373,0.2725925925925926,0.059662409126758575,0.0800565192475915,0.0,0.07965777441859245,0.7625166040379554,"[0.682962954044342, 0.7288888692855835, 0.7318518757820129, 0.7481481432914734]",0.6811,0.277037037037037,0.2962962962962963,0.35259259259259257,0.33925925925925926,0.36,0.36,0.277037037037037
71,0.3288888888888889,0.24802091351533473,0.2967480259788444,0.12013017472656878,0.3466666666666667,0.05955540016293526,0.08003524597734213,0.0,0.07961824536323547,0.8241572090191767,"[0.682962954044342, 0.7288888692855835, 0.7318518757820129, 0.7481481432914734]",0.7043,0.3125925925925926,0.33185185185185184,0.3837037037037037,0.36444444444444446,0.3837037037037037,0.3837037037037037,0.30962962962962964
72,0.2785185185185185,0.19064748201438841,0.23820418502388452,0.047270700488220956,0.2948148148148148,0.05834917724132538,0.07999361213296652,0.0,0.0795797910541296,0.7771995050134137,"[0.682962954044342, 0.7288888692855835, 0.7318518757820129, 0.7481481432914734]",0.6879,0.277037037037037,0.28888888888888886,0.3585185185185185,0.3511111111111111,0.3688888888888889,0.3688888888888889,0.2785185185185185
73,0.31407407407407406,0.22716167226362938,0.27272024357059244,0.0793406139571041,0.3288888888888889,0.0585017092525959,0.07994645275175571,0.0,0.07954017538577318,0.7661458940710872,"[0.682962954044342, 0.7288888692855835, 0.7318518757820129, 0.7481481432914734]",0.6989,0.2785185185185185,0.29777777777777775,0.3748148148148148,0.3688888888888889,0.38222222222222224,0.38222222222222224,0.27555555555555555
74,0.31703703703703706,0.2326140567200985,0.3001952938074833,0.10691117113906344,0.3288888888888889,0.0591653548181057,0.0799408107995987,0.0,0.07950358279049397,0.7782311649061739,"[0.682962954044342, 0.7288888692855835, 0.7318518757820129, 0.7481481432914734]",0.6986,0.2518518518518518,0.2696296296296296,0.362962962962963,0.3451851851851852,0.3718518518518519,0.3718518518518519,0.24444444444444444
75,0.30666666666666664,0.2199672578848989,0.2769490674126313,0.07547829108917344,0.3125925925925926,0.058750152587890625,0.0799059048295021,0.0,0.07946732733398676,0.7593714449321851,"[0.682962954044342, 0.7288888692855835, 0.7318518757820129, 0.7481481432914734]",0.7094,0.31407407407407406,0.34074074074074073,0.42962962962962964,0.4237037037037037,0.4266666666666667,0.4266666666666667,0.3111111111111111
76,0.28888888888888886,0.20160861079898273,0.28326398402377806,0.0806568387218117,0.31407407407407406,0.05879858136177063,0.07987038884311914,0.0,0.07943059597164392,0.7747401100350544,"[0.682962954044342, 0.7288888692855835, 0.7318518757820129, 0.7481481432914734]",0.7186,0.3214814814814815,0.3362962962962963,0.397037037037037,0.3851851851851852,0.39555555555555555,0.39555555555555555,0.31851851851851853
77,0.25333333333333335,0.15738477199604695,0.22847140713495806,0.02825216773858828,0.2637037037037037,0.05838172510266304,0.07984474487602711,0.0,0.07939505111426115,0.8423597299261019,"[0.682962954044342, 0.7288888692855835, 0.7318518757820129, 0.7481481432914734]",0.6908,0.30074074074074075,0.33037037037037037,0.36,0.3466666666666667,0.3674074074074074,0.3674074074074074,0.30074074074074075
78,0.30814814814814817,0.22280655039275732,0.2806065775657707,0.06927340821278583,0.3274074074074074,0.05873662978410721,0.07980613503605127,0.0,0.07935936748981476,0.8367142429342493,"[0.682962954044342, 0.7288888692855835, 0.7318518757820129, 0.7481481432914734]",0.7302,0.2785185185185185,0.2992592592592593,0.36444444444444446,0.3540740740740741,0.3851851851851852,0.3851851851851852,0.2740740740740741
79,0.29185185185185186,0.2042999615282175,0.2892451002897041,0.06387629694871172,0.3125925925925926,0.05859925597906113,0.07979888841509819,0.0,0.07932279724627733,0.7854481110116467,"[0.682962954044342, 0.7288888692855835, 0.7318518757820129, 0.7481481432914734]",0.7357,0.3244444444444444,0.3437037037037037,0.39555555555555555,0.397037037037037,0.4088888888888889,0.4088888888888889,0.3214814814814815
80,0.28296296296296297,0.19493352718670298,0.2900396886459166,0.06982638687568146,0.30518518518518517,0.05854486674070358,0.07975873537361622,0.0,0.07928760442882776,0.793456734973006,"[0.682962954044342, 0.7288888692855835, 0.7318518757820129, 0.7481481432914734]",0.7242,0.2814814814814815,0.2962962962962963,0.3688888888888889,0.3688888888888889,0.397037037037037,0.397037037037037,0.28
81,0.28,0.1886316924591348,0.2761766998654088,0.06103697820143712,0.29333333333333333,0.05903968960046768,0.0797146949917078,0.0,0.07925223559141159,0.8140786509029567,"[0.682962954044342, 0.7288888692855835, 0.7318518757820129, 0.7481481432914734]",0.7238,0.2962962962962963,0.31407407407407406,0.3925925925925926,0.37925925925925924,0.3985185185185185,0.3985185185185185,0.28888888888888886
82,0.2651851851851852,0.1717811899337277,0.2599543529911761,0.04508391015018465,0.2814814814814815,0.0577002614736557,0.07968024909496307,0.0,0.07921511773020029,0.8160415380261838,"[0.682962954044342, 0.7288888692855835, 0.7318518757820129, 0.7481481432914734]",0.8625,0.2696296296296296,0.28,0.3688888888888889,0.3585185185185185,0.38666666666666666,0.38666666666666666,0.26222222222222225
83,0.30962962962962964,0.2196938312276271,0.28447605663476266,0.06183419260761831,0.32296296296296295,0.057746514678001404,0.07964106556028128,0.0,0.07917918357998133,0.7961067629512399,"[0.682962954044342, 0.7288888692855835, 0.7318518757820129, 0.7481481432914734]",0.702,0.30666666666666664,0.32,0.38074074074074077,0.38074074074074077,0.38666666666666666,0.38666666666666666,0.30518518518518517
84,0.3022222222222222,0.2186443968748233,0.28613622394837024,0.06639925880871357,0.33925925925925926,0.0579342246055603,0.0795904966071248,0.0,0.07914275210350752,0.792353383032605,"[0.682962954044342, 0.7288888692855835, 0.7318518757820129, 0.7481481432914734]",0.7368,0.2814814814814815,0.29777777777777775,0.397037037037037,0.3837037037037037,0.3940740740740741,0.3940740740740741,0.28296296296296297
85,0.2948148148148148,0.20725388601036276,0.2890650291919229,0.06555145398942432,0.3125925925925926,0.05680166184902191,0.07956197578459978,0.0,0.07910679280757904,0.7693443819880486,"[0.682962954044342, 0.7288888692855835, 0.7318518757820129, 0.7481481432914734]",0.7971,0.30962962962962964,0.3348148148148148,0.397037037037037,0.3748148148148148,0.4074074074074074,0.4074074074074074,0.3125925925925926
86,0.27111111111111114,0.1790919337934307,0.2514179623952975,0.04154413208171985,0.2948148148148148,0.05841064453125,0.07952037360519171,0.0,0.0790712907910347,0.7623332139337435,"[0.682962954044342, 0.7288888692855835, 0.7318518757820129, 0.7481481432914734]",0.8021,0.2903703703703704,0.3125925925925926,0.37333333333333335,0.37037037037037035,0.38222222222222224,0.38222222222222224,0.29185185185185186
87,0.34074074074074073,0.2565122472822321,0.3144469559895551,0.09192086565420207,0.36592592592592593,0.05846410617232323,0.07947636675089598,0.0,0.07903566211462021,0.9492958289338276,"[0.682962954044342, 0.7288888692855835, 0.7318518757820129, 0.7481481432914734]",0.7734,0.27111111111111114,0.29333333333333333,0.38074074074074077,0.3762962962962963,0.38814814814814813,0.38814814814814813,0.2725925925925926
88,0.3496296296296296,0.27532067350607115,0.33371893824341337,0.1376107839139479,0.3762962962962963,0.05725077539682388,0.0794302262365818,0.0,0.07899851631373167,0.8256174840498716,"[0.682962954044342, 0.7288888692855835, 0.7318518757820129, 0.7481481432914734]",0.8718,0.26666666666666666,0.2859259259259259,0.3718518518518519,0.36444444444444446,0.3837037037037037,0.3837037037037037,0.26666666666666666
89,0.3288888888888889,0.2529409608971305,0.3131732301349345,0.12688184574110692,0.3585185185185185,0.055635206401348114,0.07939466089010239,0.0,0.07896134350448847,0.8833454920677468,"[0.682962954044342, 0.7288888692855835, 0.7318518757820129, 0.7481481432914734]",0.832,0.3244444444444444,0.33925925925925926,0.3762962962962963,0.36592592592592593,0.38814814814814813,0.38814814814814813,0.32592592592592595
90,0.3466666666666667,0.261808460777336,0.3038305856868386,0.09676917641135348,0.3585185185185185,0.0568823367357254,0.07935121655464172,0.0,0.07892461586743593,0.9320976129965857,"[0.682962954044342, 0.7288888692855835, 0.7318518757820129, 0.7481481432914734]",1.1688,0.2651851851851852,0.28444444444444444,0.35555555555555557,0.36444444444444446,0.37777777777777777,0.37777777777777777,0.26222222222222225
91,0.2948148148148148,0.21021387889946141,0.2849348906846178,0.05859288901065717,0.3125925925925926,0.05796750262379646,0.0793178640305996,0.0,0.07888626214116812,0.9867686019279063,"[0.682962954044342, 0.7288888692855835, 0.7318518757820129, 0.7481481432914734]",0.7292,0.3244444444444444,0.34814814814814815,0.40444444444444444,0.3985185185185185,0.4311111111111111,0.4311111111111111,0.3244444444444444
92,0.3022222222222222,0.21696435608448938,0.31170020606903104,0.09305150190457463,0.33037037037037037,0.05871983617544174,0.07929362636059523,0.0,0.07885079737752676,0.777172359987162,"[0.682962954044342, 0.7288888692855835, 0.7318518757820129, 0.7481481432914734]",0.7152,0.29333333333333333,0.3037037037037037,0.38222222222222224,0.3837037037037037,0.38074074074074077,0.38074074074074077,0.28296296296296297
93,0.33925925925925926,0.25790715273481124,0.3370173456073978,0.14384330905070028,0.35703703703703704,0.05828750878572464,0.07924520876258612,0.0,0.07881767489016056,1.02620666497387,"[0.682962954044342, 0.7288888692855835, 0.7318518757820129, 0.7481481432914734]",0.9964,0.2651851851851852,0.2874074074074074,0.3748148148148148,0.3674074074074074,0.3940740740740741,0.3940740740740741,0.2607407407407407
94,0.35259259259259257,0.27482877133290384,0.32475338165850015,0.10110002797360366,0.3718518518518519,0.057607851922512054,0.07919615227729082,0.0,0.0787824084982276,0.8205708629684523,"[0.682962954044342, 0.7288888692855835, 0.7318518757820129, 0.7481481432914734]",0.7521,0.2874074074074074,0.2874074074074074,0.36592592592592593,0.36148148148148146,0.3748148148148148,0.3748148148148148,0.2814814814814815
95,0.3540740740740741,0.27344097170789505,0.3298191481416083,0.13240047890337142,0.37333333333333335,0.05748341232538223,0.0791497454047203,0.0,0.07874597050249577,0.7924875949975103,"[0.682962954044342, 0.7288888692855835, 0.7318518757820129, 0.7481481432914734]",0.9229,0.2814814814814815,0.29185185185185186,0.37037037037037035,0.3718518518518519,0.3674074074074074,0.3674074074074074,0.28
96,0.33925925925925926,0.25584534041275186,0.344045014387223,0.13942481066036053,0.36148148148148146,0.05758035182952881,0.07910263445228338,0.0,0.07871111668646336,0.9176914300769567,"[0.682962954044342, 0.7288888692855835, 0.7318518757820129, 0.7481481432914734]",0.9627,0.2948148148148148,0.3125925925925926,0.35555555555555557,0.35703703703703704,0.3674074074074074,0.3674074074074074,0.28888888888888886
97,0.3466666666666667,0.26905897865924777,0.339848693101823,0.16298864452494374,0.3688888888888889,0.05746374651789665,0.07906035427004099,0.0,0.07867292407900095,0.9694157600170001,"[0.682962954044342, 0.7288888692855835, 0.7318518757820129, 0.7481481432914734]",0.7069,0.277037037037037,0.29333333333333333,0.38074074074074077,0.36444444444444446,0.40296296296296297,0.40296296296296297,0.277037037037037
98,0.30814814814814817,0.2225842092542628,0.310867680113989,0.10608391815912574,0.33185185185185184,0.056662965565919876,0.07903117500245571,0.0,0.0786359328776598,1.0222398990299553,"[0.682962954044342, 0.7288888692855835, 0.7318518757820129, 0.7481481432914734]",1.0643,0.2992592592592593,0.30666666666666664,0.3762962962962963,0.37037037037037035,0.3837037037037037,0.3837037037037037,0.2962962962962963
99,0.3111111111111111,0.2259250673269475,0.3073149772864115,0.09636722705390528,0.3274074074074074,0.05795750766992569,0.07897202856838703,0.0,0.07860301155596972,1.0054380840156227,"[0.682962954044342, 0.7288888692855835, 0.7318518757820129, 0.7481481432914734]",0.7218,0.2962962962962963,0.30518518518518517,0.38222222222222224,0.36148148148148146,0.38222222222222224,0.38222222222222224,0.2948148148148148
100,0.33925925925925926,0.2626275491459168,0.33709883012650005,0.14634974153620595,0.36148148148148146,0.05769490823149681,0.07898491341620684,0.0,0.07855420652776957,0.7923953329445794,"[0.682962954044342, 0.7288888692855835, 0.7318518757820129, 0.7481481432914734]",0.7413,0.3125925925925926,0.31851851851851853,0.362962962962963,0.3688888888888889,0.38814814814814813,0.38814814814814813,0.30814814814814817
101,0.3466666666666667,0.2691594750862376,0.341686703089557,0.1345990550300263,0.36148148148148146,0.05747298151254654,0.07904936280101538,0.0,0.07850115932524204,0.8551322619896382,"[0.682962954044342, 0.7288888692855835, 0.7318518757820129, 0.7481481432914734]",0.814,0.34074074074074073,0.35259259259259257,0.4,0.4,0.40296296296296297,0.40296296296296297,0.3377777777777778
102,0.34074074074074073,0.2568359954872037,0.35595410088894386,0.16572980989294914,0.3674074074074074,0.05794812738895416,0.07879332453012466,0.0,0.07845999579876661,0.8691036950331181,"[0.682962954044342, 0.7288888692855835, 0.7318518757820129, 0.7481481432914734]",0.7712,0.3022222222222222,0.3244444444444444,0.38666666666666666,0.3925925925925926,0.40296296296296297,0.40296296296296297,0.2992592592592593
103,0.3540740740740741,0.27384791518109397,0.3548466916242922,0.14563950409772125,0.3896296296296296,0.05820632725954056,0.08028773870319128,0.0,0.0784104261547327,0.8288207929581404,"[0.682962954044342, 0.7288888692855835, 0.7318518757820129, 0.7481481432914734]",0.8743,0.29185185185185186,0.30814814814814817,0.37333333333333335,0.36592592592592593,0.37777777777777777,0.37777777777777777,0.2859259259259259
104,0.34814814814814815,0.2677388416466755,0.33028212130129103,0.1117344360127771,0.36148148148148146,0.05770181119441986,0.07987552881240845,0.0,0.07836686074733734,1.0119724109536037,"[0.682962954044342, 0.7288888692855835, 0.7318518757820129, 0.7481481432914734]",0.9949,0.31851851851851853,0.3288888888888889,0.36,0.362962962962963,0.38074074074074077,0.38074074074074077,0.31555555555555553
105,0.37333333333333335,0.293859714205161,0.3629976989686415,0.14504094982244653,0.3837037037037037,0.05826178565621376,0.07938655093312263,0.0,0.07834125310182571,1.1717030499130487,"[0.682962954044342, 0.7288888692855835, 0.7318518757820129, 0.7481481432914734]",0.9597,0.28444444444444444,0.30074074074074075,0.3688888888888889,0.36148148148148146,0.37037037037037035,0.37037037037037035,0.28296296296296297
106,0.3422222222222222,0.26038715536558654,0.33123296029359467,0.10990666981565246,0.36148148148148146,0.058117274194955826,0.07939490024000406,0.0,0.07830309215933084,1.3004807679681107,"[0.682962954044342, 0.7288888692855835, 0.7318518757820129, 0.7481481432914734]",1.4921,0.3362962962962963,0.35555555555555557,0.36444444444444446,0.36,0.3762962962962963,0.3762962962962963,0.3333333333333333
107,0.36,0.28261094190526337,0.3562177418428088,0.1602348035487235,0.38222222222222224,0.057987965643405914,0.07932874094694853,0.0,0.07826347835361958,1.3167195649584755,"[0.682962954044342, 0.7288888692855835, 0.7318518757820129, 0.7481481432914734]",1.0164,0.3437037037037037,0.3540740740740741,0.38074074074074077,0.38222222222222224,0.41185185185185186,0.41185185185185186,0.3437037037037037
108,0.3214814814814815,0.23633480228444959,0.3319956410320474,0.10655838249719375,0.3377777777777778,0.058020658791065216,0.07925592642277479,0.0,0.07822346221655607,1.0074995049508289,"[0.682962954044342, 0.7288888692855835, 0.7318518757820129, 0.7481481432914734]",1.3729,0.3244444444444444,0.3451851851851852,0.3837037037037037,0.3748148148148148,0.38222222222222224,0.38222222222222224,0.32592592592592595
109,0.3585185185185185,0.2792871656277126,0.34301219824371465,0.11924033670607162,0.37333333333333335,0.05829927325248718,0.07915771286934614,0.0,0.07818352524191141,1.0771927470341325,"[0.682962954044342, 0.7288888692855835, 0.7318518757820129, 0.7481481432914734]",0.9091,0.3585185185185185,0.3748148148148148,0.39555555555555555,0.39111111111111113,0.4,0.4,0.3540740740740741
110,0.362962962962963,0.28285878062520375,0.35367082907992275,0.13600775450610858,0.3851851851851852,0.058491300791502,0.07913290057331324,0.0,0.0781419463455677,0.845991795998998,"[0.682962954044342, 0.7288888692855835, 0.7318518757820129, 0.7481481432914734]",0.9698,0.3377777777777778,0.35259259259259257,0.38222222222222224,0.3837037037037037,0.4,0.4,0.33925925925925926
111,0.3422222222222222,0.26023015061980725,0.36387452454306285,0.1542840850245345,0.3688888888888889,0.05674632638692856,0.07907989714294672,0.0,0.0781014347448945,1.2703994309995323,"[0.682962954044342, 0.7288888692855835, 0.7318518757820129, 0.7481481432914734]",1.3476,0.3422222222222222,0.36,0.4014814814814815,0.38814814814814813,0.39111111111111113,0.39111111111111113,0.3437037037037037
112,0.36444444444444446,0.2939399407014395,0.3752281906528621,0.21743179556178915,0.38814814814814813,0.05727111175656319,0.07899764087051153,0.0,0.07806112430989742,1.0701663329964504,"[0.682962954044342, 0.7288888692855835, 0.7318518757820129, 0.7481481432914734]",1.1772,0.36,0.37333333333333335,0.38074074074074077,0.3762962962962963,0.38666666666666666,0.38666666666666666,0.3585185185185185
113,0.36148148148148146,0.28141471824689157,0.34879915627370983,0.1549542146555182,0.38814814814814813,0.057385265827178955,0.07893737033009529,0.0,0.07802282553166151,0.8652866359334439,"[0.682962954044342, 0.7288888692855835, 0.7318518757820129, 0.7481481432914734]",0.7789,0.3437037037037037,0.3540740740740741,0.3851851851851852,0.37925925925925924,0.4,0.4,0.3451851851851852
114,0.3422222222222222,0.26095801738487157,0.3314772354052138,0.13408256025287946,0.3674074074074074,0.057247042655944824,0.07889740541577339,0.0,0.07798552606254816,0.8414580560056493,"[0.682962954044342, 0.7288888692855835, 0.7318518757820129, 0.7481481432914734]",0.7805,0.3288888888888889,0.3422222222222222,0.3762962962962963,0.3718518518518519,0.3896296296296296,0.3896296296296296,0.3244444444444444
115,0.31555555555555553,0.23420149206084162,0.3192253716894016,0.13509699584268478,0.3466666666666667,0.05680210143327713,0.07884628046303988,0.0,0.07794716022908688,0.8672985209850594,"[0.682962954044342, 0.7288888692855835, 0.7318518757820129, 0.7481481432914734]",0.7099,0.3837037037037037,0.3896296296296296,0.3925925925925926,0.38074074074074077,0.39111111111111113,0.39111111111111113,0.38222222222222224
116,0.35555555555555557,0.2720125552266338,0.37392034295739435,0.15688027551170888,0.38222222222222224,0.05694743990898132,0.07877668179571629,0.0,0.07790923584252596,0.7828247300349176,"[0.682962954044342, 0.7288888692855835, 0.7318518757820129, 0.7481481432914734]",0.7219,0.3377777777777778,0.3422222222222222,0.3688888888888889,0.3762962962962963,0.4,0.4,0.3377777777777778
117,0.3377777777777778,0.25456746507232586,0.3632853190576996,0.15341673914324505,0.37037037037037035,0.058053094893693924,0.07872199732810259,0.0,0.07787269167602062,0.7932181509677321,"[0.682962954044342, 0.7288888692855835, 0.7318518757820129, 0.7481481432914734]",0.6942,0.38814814814814813,0.40296296296296297,0.41185185185185186,0.40296296296296297,0.42962962962962964,0.42962962962962964,0.3896296296296296
118,0.36148148148148146,0.2817198726020296,0.3633746772773339,0.15227871630288115,0.3896296296296296,0.05795370042324066,0.07863755710422993,0.0,0.07783494982868433,0.8736347160302103,"[0.682962954044342, 0.7288888692855835, 0.7318518757820129, 0.7481481432914734]",1.0594,0.36444444444444446,0.37925925925925924,0.3748148148148148,0.38222222222222224,0.39555555555555555,0.39555555555555555,0.36444444444444446
119,0.37037037037037035,0.2876688178344139,0.36506415742180365,0.16283478631620876,0.39111111111111113,0.056890904903411865,0.07861478440463543,0.0,0.07779510971158743,0.8804373630555347,"[0.682962954044342, 0.7288888692855835, 0.7318518757820129, 0.7481481432914734]",0.785,0.3422222222222222,0.35259259259259257,0.3837037037037037,0.37333333333333335,0.4014814814814815,0.4014814814814815,0.3377777777777778
120,0.3925925925925926,0.31765900948990233,0.3796553951145804,0.22255664275778927,0.4192592592592593,0.05637020617723465,0.07854490727186203,0.0,0.07775722071528435,0.7911288150353357,"[0.682962954044342, 0.7288888692855835, 0.7318518757820129, 0.7481481432914734]",0.7142,0.37925925925925924,0.39555555555555555,0.4,0.37777777777777777,0.40444444444444444,0.40444444444444444,0.38074074074074077
121,0.37925925925925924,0.3032425427921047,0.3798176088480138,0.1835770855601491,0.38814814814814813,0.055976659059524536,0.0784784210845828,0.0,0.07771903276443481,0.8078825599513948,"[0.682962954044342, 0.7288888692855835, 0.7318518757820129, 0.7481481432914734]",0.7051,0.3837037037037037,0.4014814814814815,0.4014814814814815,0.39111111111111113,0.4148148148148148,0.4148148148148148,0.38222222222222224
122,0.3688888888888889,0.2966841058679366,0.37436764834516806,0.19663600615157462,0.3851851851851852,0.056037552654743195,0.07845553196966648,0.0,0.07767524290829897,0.8392259159591049,"[0.682962954044342, 0.7288888692855835, 0.7318518757820129, 0.7481481432914734]",1.0107,0.3333333333333333,0.3585185185185185,0.3925925925925926,0.3837037037037037,0.4103703703703704,0.4103703703703704,0.3333333333333333
123,0.3540740740740741,0.2700241092954728,0.3690150311837038,0.15370682638135283,0.37333333333333335,0.056252945214509964,0.07848524674773216,0.0,0.07763650454580784,0.7738052710192278,"[0.682962954044342, 0.7288888692855835, 0.7318518757820129, 0.7481481432914734]",0.7218,0.31555555555555553,0.3422222222222222,0.397037037037037,0.37925925925925924,0.38814814814814813,0.38814814814814813,0.31555555555555553
124,0.3585185185185185,0.2800008868349355,0.3578222315761193,0.12091025161176001,0.37333333333333335,0.05729874223470688,0.07839802838861942,0.0,0.07759709190577269,0.7900864350376651,"[0.682962954044342, 0.7288888692855835, 0.7318518757820129, 0.7481481432914734]",0.7214,0.3688888888888889,0.3925925925925926,0.397037037037037,0.3896296296296296,0.41333333333333333,0.41333333333333333,0.3674074074074074
125,0.397037037037037,0.3302885810820695,0.38173172979617265,0.1977228677929193,0.4088888888888889,0.05660027265548706,0.07834114320576191,0.0,0.07756191305816174,0.7801801830064505,"[0.682962954044342, 0.7288888692855835, 0.7318518757820129, 0.7481481432914734]",0.8535,0.36148148148148146,0.38074074074074077,0.397037037037037,0.39555555555555555,0.4177777777777778,0.4177777777777778,0.36148148148148146
126,0.4192592592592593,0.3500224765470128,0.3937223714678068,0.21258542258824759,0.44,0.0549568235874176,0.07825824711471796,0.0,0.07752366550266743,0.878622630960308,"[0.682962954044342, 0.7288888692855835, 0.7318518757820129, 0.7481481432914734]",0.7749,0.397037037037037,0.41333333333333333,0.4311111111111111,0.41333333333333333,0.4414814814814815,0.4414814814814815,0.40296296296296297
127,0.37925925925925924,0.3126105850557057,0.38285592954277353,0.18819876713919848,0.40444444444444444,0.055819787085056305,0.07821482047438622,0.0,0.07748426776379347,0.768664006027393,"[0.682962954044342, 0.7288888692855835, 0.7318518757820129, 0.7481481432914734]",0.7092,0.3762962962962963,0.39111111111111113,0.41333333333333333,0.4059259259259259,0.4444444444444444,0.4444444444444444,0.3718518518518519
128,0.362962962962963,0.2848413468882899,0.36579848159789785,0.14373199411013873,0.3896296296296296,0.05604824423789978,0.07815021276473999,0.0,0.07744634989649057,0.9067742509068921,"[0.682962954044342, 0.7288888692855835, 0.7318518757820129, 0.7481481432914734]",0.7219,0.36,0.3925925925925926,0.41333333333333333,0.4,0.4192592592592593,0.4192592592592593,0.3585185185185185
129,0.3674074074074074,0.2908547387068203,0.36407480550915494,0.16093468798132307,0.39555555555555555,0.056395016610622406,0.07814910728484392,0.0,0.0774045018479228,0.8086700519779697,"[0.682962954044342, 0.7288888692855835, 0.7318518757820129, 0.7481481432914734]",0.7411,0.3362962962962963,0.36,0.3851851851851852,0.36592592592592593,0.3985185185185185,0.3985185185185185,0.3333333333333333
130,0.3748148148148148,0.3019237838500183,0.3837962474154484,0.18826305852610123,0.4014814814814815,0.05575358867645264,0.07808326743543148,0.0,0.07736757677048445,0.8588070780970156,"[0.682962954044342, 0.7288888692855835, 0.7318518757820129, 0.7481481432914734]",0.7131,0.36444444444444446,0.38814814814814813,0.40296296296296297,0.37925925925925924,0.42518518518518517,0.42518518518518517,0.362962962962963
131,0.39111111111111113,0.325933197106682,0.39251794339931323,0.20103543031359516,0.4148148148148148,0.05485326796770096,0.0781159307807684,0.0,0.07732332870364189,0.7746428229147568,"[0.682962954044342, 0.7288888692855835, 0.7318518757820129, 0.7481481432914734]",0.6863,0.3511111111111111,0.36592592592592593,0.38666666666666666,0.38814814814814813,0.4192592592592593,0.4192592592592593,0.3540740740740741
132,0.4162962962962963,0.34811862549727557,0.39657404489521997,0.18681419072850405,0.4222222222222222,0.054907046258449554,0.07800424937158823,0.0,0.07728558406233788,0.7572460999945179,"[0.682962954044342, 0.7288888692855835, 0.7318518757820129, 0.7481481432914734]",0.7496,0.38074074074074077,0.397037037037037,0.3925925925925926,0.37333333333333335,0.4088888888888889,0.4088888888888889,0.3762962962962963
133,0.3688888888888889,0.2950408927765902,0.36689025549953896,0.15187772347311534,0.3851851851851852,0.05421741306781769,0.07795491628348827,0.0,0.07724420446902514,0.8376998369349167,"[0.682962954044342, 0.7288888692855835, 0.7318518757820129, 0.7481481432914734]",0.8297,0.37037037037037035,0.38074074074074077,0.39555555555555555,0.38222222222222224,0.4177777777777778,0.4177777777777778,0.3688888888888889
134,0.41333333333333333,0.339944587940716,0.3940774809165856,0.23708609255414467,0.4414814814814815,0.054664287716150284,0.07790778391063213,0.0,0.07720842026174068,0.8611086070304736,"[0.682962954044342, 0.7288888692855835, 0.7318518757820129, 0.7481481432914734]",0.717,0.34074074074074073,0.36592592592592593,0.38222222222222224,0.38814814814814813,0.39555555555555555,0.39555555555555555,0.3333333333333333
135,0.39111111111111113,0.32043151404698733,0.39176774913519286,0.1898781885828141,0.3985185185185185,0.0565912202000618,0.07785137556493282,0.0,0.07717006187886,0.7650555479340255,"[0.682962954044342, 0.7288888692855835, 0.7318518757820129, 0.7481481432914734]",0.7316,0.3496296296296296,0.36,0.37925925925925924,0.37037037037037035,0.39555555555555555,0.39555555555555555,0.3496296296296296
136,0.4177777777777778,0.34721463479454884,0.4150525219923154,0.2588368697717579,0.44,0.055897049605846405,0.07780344225466251,0.0,0.07712853606790304,0.7900068039307371,"[0.682962954044342, 0.7288888692855835, 0.7318518757820129, 0.7481481432914734]",0.8112,0.31703703703703706,0.3333333333333333,0.38222222222222224,0.3688888888888889,0.42518518518518517,0.42518518518518517,0.31703703703703706
137,0.4222222222222222,0.36030928711846366,0.4228580255609497,0.23273607331405244,0.4266666666666667,0.0559944324195385,0.07774217519909143,0.0,0.07709141634404659,0.8498523440212011,"[0.682962954044342, 0.7288888692855835, 0.7318518757820129, 0.7481481432914734]",0.8127,0.3244444444444444,0.3437037037037037,0.38222222222222224,0.36592592592592593,0.4059259259259259,0.4059259259259259,0.32296296296296295
138,0.41333333333333333,0.34741051613895535,0.38649501414134263,0.19541440441489305,0.42074074074074075,0.05472496896982193,0.07791266683489084,0.0,0.07704738713800907,0.8576423870399594,"[0.682962954044342, 0.7288888692855835, 0.7318518757820129, 0.7481481432914734]",0.8352,0.3362962962962963,0.34074074074074073,0.37037037037037035,0.37777777777777777,0.4103703703703704,0.4103703703703704,0.3333333333333333
139,0.4148148148148148,0.34838712830877605,0.4134104269724277,0.25540736367196026,0.43407407407407406,0.05642421916127205,0.07775432709604502,0.0,0.0770212821662426,0.8532026970060542,"[0.682962954044342, 0.7288888692855835, 0.7318518757820129, 0.7481481432914734]",0.7754,0.3288888888888889,0.3451851851851852,0.39111111111111113,0.3985185185185185,0.44592592592592595,0.44592592592592595,0.32296296296296295
140,0.3896296296296296,0.3198493445509686,0.38262978706888634,0.17588583503522043,0.4059259259259259,0.05636190250515938,0.07765823137015104,0.0,0.07698326837271452,0.8739176680101082,"[0.682962954044342, 0.7288888692855835, 0.7318518757820129, 0.7481481432914734]",0.8192,0.35555555555555557,0.37333333333333335,0.38814814814814813,0.38074074074074077,0.4074074074074074,0.4074074074074074,0.3540740740740741
141,0.42074074074074075,0.3532359644178694,0.40666029332995307,0.21755848048548515,0.44,0.0534135103225708,0.07764688041061163,0.0,0.07694170624017715,0.785488057998009,"[0.682962954044342, 0.7288888692855835, 0.7318518757820129, 0.7481481432914734]",0.7981,0.34074074074074073,0.3422222222222222,0.3762962962962963,0.3718518518518519,0.43555555555555553,0.43555555555555553,0.33925925925925926
142,0.4162962962962963,0.3437254776158444,0.38188918529707583,0.18475487504666815,0.43555555555555553,0.05419514328241348,0.0775656932964921,0.0,0.0769064137712121,0.8258712850511074,"[0.682962954044342, 0.7288888692855835, 0.7318518757820129, 0.7481481432914734]",0.7305,0.38666666666666666,0.4,0.39111111111111113,0.38074074074074077,0.42814814814814817,0.42814814814814817,0.38222222222222224
143,0.3896296296296296,0.3090717561651868,0.38995508240165283,0.2171440642315401,0.4014814814814815,0.054664626717567444,0.0775065841153264,0.0,0.07686755899339914,0.850761501933448,"[0.682962954044342, 0.7288888692855835, 0.7318518757820129, 0.7481481432914734]",0.7364,0.3851851851851852,0.40296296296296297,0.3985185185185185,0.3896296296296296,0.43851851851851853,0.43851851851851853,0.3837037037037037
144,0.3837037037037037,0.30300096805421106,0.38376292038686477,0.19980645459868515,0.40444444444444444,0.05439203232526779,0.07746289111673832,0.0,0.07683069258928299,0.9535979990614578,"[0.682962954044342, 0.7288888692855835, 0.7318518757820129, 0.7481481432914734]",0.707,0.3688888888888889,0.38074074074074077,0.3762962962962963,0.3851851851851852,0.4059259259259259,0.4059259259259259,0.37037037037037035
145,0.36592592592592593,0.2873704982733103,0.3704971932142068,0.18006109004662843,0.3896296296296296,0.0548173151910305,0.07741628494113684,0.0,0.07679600920528173,0.8543137999949977,"[0.682962954044342, 0.7288888692855835, 0.7318518757820129, 0.7481481432914734]",0.8361,0.3748148148148148,0.3837037037037037,0.38074074074074077,0.36444444444444446,0.397037037037037,0.397037037037037,0.3837037037037037
146,0.4059259259259259,0.3356038291605302,0.4052152451068491,0.20373361979760762,0.4177777777777778,0.0553312823176384,0.07737805880606174,0.0,0.07675783056765795,0.8019969150191173,"[0.682962954044342, 0.7288888692855835, 0.7318518757820129, 0.7481481432914734]",0.7091,0.3688888888888889,0.3585185185185185,0.37777777777777777,0.36592592592592593,0.4088888888888889,0.4088888888888889,0.3688888888888889
147,0.3674074074074074,0.2909471995827727,0.3664588798626974,0.16702958298136972,0.38074074074074077,0.055605918169021606,0.07735753618180752,0.0,0.07671789173036814,0.7853157179197297,"[0.682962954044342, 0.7288888692855835, 0.7318518757820129, 0.7481481432914734]",0.7286,0.3585185185185185,0.36148148148148146,0.39111111111111113,0.3851851851851852,0.40444444444444444,0.40444444444444444,0.36444444444444446
148,0.35703703703703704,0.2785850959300822,0.3623534801229631,0.17477315951575598,0.37925925925925924,0.054349228739738464,0.07728346157819033,0.0,0.07667835149914026,0.8249979179818183,"[0.682962954044342, 0.7288888692855835, 0.7318518757820129, 0.7481481432914734]",0.8935,0.37777777777777777,0.37925925925925924,0.3837037037037037,0.3837037037037037,0.42074074074074075,0.42074074074074075,0.37333333333333335
149,0.3940740740740741,0.32528374375568214,0.4076953704051241,0.22696333924279613,0.4237037037037037,0.05427677184343338,0.07728572096675634,0.0,0.07663843035697937,0.8123333149123937,"[0.682962954044342, 0.7288888692855835, 0.7318518757820129, 0.7481481432914734]",0.7136,0.38222222222222224,0.3985185185185185,0.4074074074074074,0.40444444444444444,0.4474074074074074,0.4474074074074074,0.3851851851851852
150,0.4325925925925926,0.37085987958668154,0.4314668917182828,0.2743823339129812,0.46370370370370373,0.05474730581045151,0.07727481331676245,0.0,0.07660237606614828,0.7680240269983187,"[0.682962954044342, 0.7288888692855835, 0.7318518757820129, 0.7481481432914734]",0.7183,0.3851851851851852,0.3925925925925926,0.3925925925925926,0.37333333333333335,0.43407407407407406,0.43407407407407406,0.38814814814814813
151,0.362962962962963,0.2849400113325613,0.3805703581696554,0.19275249514417422,0.3851851851851852,0.056048501282930374,0.07720640394836664,0.0,0.07656821236014366,0.7636104190023616,"[0.682962954044342, 0.7288888692855835, 0.7318518757820129, 0.7481481432914734]",0.7942,0.36,0.3762962962962963,0.3851851851851852,0.3762962962962963,0.4177777777777778,0.4177777777777778,0.36
152,0.3377777777777778,0.26166326118608607,0.35955455649860923,0.15397832964551209,0.3748148148148148,0.05601505935192108,0.07719911821186543,0.0,0.07652712799608707,0.730711754062213,"[0.682962954044342, 0.7288888692855835, 0.7318518757820129, 0.7481481432914734]",0.6978,0.3718518518518519,0.37777777777777777,0.36592592592592593,0.35555555555555557,0.4059259259259259,0.4059259259259259,0.37037037037037035
153,0.35703703703703704,0.27933047476365147,0.3623575045492219,0.14049730637833618,0.38666666666666666,0.0572969913482666,0.07720820605754852,0.0,0.07649221736937761,0.9996737639885396,"[0.682962954044342, 0.7288888692855835, 0.7318518757820129, 0.7481481432914734]",1.039,0.3748148148148148,0.3718518518518519,0.36148148148148146,0.36,0.3985185185185185,0.3985185185185185,0.3718518518518519
154,0.4,0.3339659692241723,0.39409656452953223,0.18586078010839993,0.4192592592592593,0.05604430288076401,0.07714507728815079,0.0,0.07645205967128277,0.9220974720083177,"[0.682962954044342, 0.7288888692855835, 0.7318518757820129, 0.7481481432914734]",0.7414,0.37925925925925924,0.38666666666666666,0.39555555555555555,0.39555555555555555,0.4444444444444444,0.4444444444444444,0.3851851851851852
155,0.3674074074074074,0.2904567073350861,0.3949901239697445,0.20303555308823526,0.40444444444444444,0.0567149892449379,0.07703724782913923,0.0,0.07640641368925571,0.8052817629650235,"[0.682962954044342, 0.7288888692855835, 0.7318518757820129, 0.7481481432914734]",0.7733,0.4192592592592593,0.4192592592592593,0.41185185185185186,0.397037037037037,0.4177777777777778,0.4177777777777778,0.4162962962962963
156,0.4074074074074074,0.3454529586738393,0.4249983426051082,0.24848333559072816,0.44,0.054933369159698486,0.07700909860432148,0.0,0.07636627927422523,0.8289115549996495,"[0.682962954044342, 0.7288888692855835, 0.7318518757820129, 0.7481481432914734]",0.9083,0.3985185185185185,0.40296296296296297,0.38666666666666666,0.3674074074074074,0.4014814814814815,0.4014814814814815,0.3985185185185185
157,0.36,0.29006183960656373,0.38326998443953747,0.19010530937425124,0.37777777777777777,0.054175615310668945,0.0769903501495719,0.0,0.07633020263165236,0.80041035101749,"[0.682962954044342, 0.7288888692855835, 0.7318518757820129, 0.7481481432914734]",0.7457,0.3940740740740741,0.4074074074074074,0.38814814814814813,0.3748148148148148,0.4192592592592593,0.4192592592592593,0.3896296296296296
158,0.39555555555555555,0.3259268505804518,0.3896967599925151,0.2122781355872159,0.4222222222222222,0.055283233523368835,0.07692882046103477,0.0,0.07629870995879173,0.7549400989664719,"[0.682962954044342, 0.7288888692855835, 0.7318518757820129, 0.7481481432914734]",1.0246,0.42518518518518517,0.4162962962962963,0.4059259259259259,0.3985185185185185,0.43555555555555553,0.43555555555555553,0.42518518518518517
159,0.36444444444444446,0.2958816706746843,0.39070799203105805,0.20089697561938924,0.38666666666666666,0.05436655133962631,0.07692000735551119,0.0,0.07626708131283522,0.951849807985127,"[0.682962954044342, 0.7288888692855835, 0.7318518757820129, 0.7481481432914734]",0.8703,0.37777777777777777,0.38074074074074077,0.3896296296296296,0.38074074074074077,0.4059259259259259,0.4059259259259259,0.38222222222222224
160,0.34074074074074073,0.26985697339763526,0.38252205699379854,0.18250268675671902,0.37333333333333335,0.055768467485904694,0.07686943002045155,0.0,0.07621525321155787,0.7450704500079155,"[0.682962954044342, 0.7288888692855835, 0.7318518757820129, 0.7481481432914734]",0.7151,0.4148148148148148,0.41333333333333333,0.4059259259259259,0.3985185185185185,0.4311111111111111,0.4311111111111111,0.4177777777777778
161,0.362962962962963,0.28884347941137556,0.362148815413809,0.16857328353267229,0.3851851851851852,0.05518461763858795,0.07683321088552475,0.0,0.07618073839694262,0.8320149370701984,"[0.682962954044342, 0.7288888692855835, 0.7318518757820129, 0.7481481432914734]",0.7698,0.40444444444444444,0.4148148148148148,0.41185185185185186,0.41185185185185186,0.4414814814814815,0.4414814814814815,0.4074074074074074
162,0.38222222222222224,0.3127229575803745,0.40270103482090236,0.23740542731702513,0.397037037037037,0.05362734943628311,0.07673990074545145,0.0,0.07613747287541628,0.9517170259496197,"[0.682962954044342, 0.7288888692855835, 0.7318518757820129, 0.7481481432914734]",0.8082,0.4148148148148148,0.4266666666666667,0.4148148148148148,0.38814814814814813,0.43555555555555553,0.43555555555555553,0.41185185185185186
163,0.36592592592592593,0.2959805828081822,0.39779178840472446,0.22994885971768383,0.38666666666666666,0.05476711317896843,0.07675191573798656,0.0,0.07611222472041845,0.7993583290372044,"[0.682962954044342, 0.7288888692855835, 0.7318518757820129, 0.7481481432914734]",0.7038,0.3940740740740741,0.3940740740740741,0.39111111111111113,0.38074074074074077,0.42962962962962964,0.42962962962962964,0.397037037037037
164,0.36148148148148146,0.2837394010419232,0.3847912034573909,0.19208657061348852,0.37777777777777777,0.05503865331411362,0.07677841559052467,0.0,0.07606170605868101,0.8666220820741728,"[0.682962954044342, 0.7288888692855835, 0.7318518757820129, 0.7481481432914734]",0.7972,0.37925925925925924,0.37925925925925924,0.38666666666666666,0.36444444444444446,0.4148148148148148,0.4148148148148148,0.37925925925925924
165,0.3688888888888889,0.3005215377579714,0.39823329274666047,0.23230495033740653,0.38222222222222224,0.055384621024131775,0.07671301998198032,0.0,0.07603316381573677,0.7627672440139577,"[0.682962954044342, 0.7288888692855835, 0.7318518757820129, 0.7481481432914734]",0.8205,0.4192592592592593,0.4177777777777778,0.4222222222222222,0.4177777777777778,0.45037037037037037,0.45037037037037037,0.42518518518518517
166,0.38666666666666666,0.3169635982782937,0.41150397918593534,0.2759273140239791,0.4088888888888889,0.054063454270362854,0.07675949297845364,0.0,0.07598481327295303,1.0555241800611839,"[0.682962954044342, 0.7288888692855835, 0.7318518757820129, 0.7481481432914734]",1.2168,0.4177777777777778,0.41333333333333333,0.40296296296296297,0.3896296296296296,0.4162962962962963,0.4162962962962963,0.4148148148148148
167,0.3837037037037037,0.3110250710321374,0.40473740559141075,0.22994510371403296,0.3940740740740741,0.0545462965965271,0.07677771244198084,0.0,0.07595216855406761,1.112018862972036,"[0.682962954044342, 0.7288888692855835, 0.7318518757820129, 0.7481481432914734]",1.1192,0.41185185185185186,0.4222222222222222,0.4074074074074074,0.3837037037037037,0.4325925925925926,0.4325925925925926,0.4088888888888889
168,0.4014814814814815,0.3359130525838998,0.4070353900071855,0.21875795322608244,0.43851851851851853,0.05403730273246765,0.07678800169378519,0.0,0.07591388747096062,1.1472710570087656,"[0.682962954044342, 0.7288888692855835, 0.7318518757820129, 0.7481481432914734]",1.1751,0.4059259259259259,0.40444444444444444,0.4014814814814815,0.39111111111111113,0.42962962962962964,0.42962962962962964,0.41185185185185186
169,0.3762962962962963,0.30782046566687205,0.38375716059018,0.2117384472168651,0.39111111111111113,0.05585946887731552,0.07678762823343277,0.0,0.07588084228336811,1.3191443680552766,"[0.682962954044342, 0.7288888692855835, 0.7318518757820129, 0.7481481432914734]",1.1475,0.34814814814814815,0.35259259259259257,0.38222222222222224,0.3940740740740741,0.43703703703703706,0.43703703703703706,0.34814814814814815
170,0.4148148148148148,0.353478063719844,0.402931755785503,0.22669290860080826,0.4222222222222222,0.05606411024928093,0.07673824671655893,0.0,0.07584621291607618,1.322892271913588,"[0.682962954044342, 0.7288888692855835, 0.7318518757820129, 0.7481481432914734]",0.7526,0.4103703703703704,0.4103703703703704,0.4014814814814815,0.38814814814814813,0.41333333333333333,0.41333333333333333,0.4059259259259259
171,0.37037037037037035,0.30303832772929584,0.3782180745453234,0.15885456869257222,0.3940740740740741,0.05669025331735611,0.07669414486736059,0.0,0.07581511978060007,0.7984129850519821,"[0.682962954044342, 0.7288888692855835, 0.7318518757820129, 0.7481481432914734]",0.6939,0.41333333333333333,0.4059259259259259,0.3851851851851852,0.3762962962962963,0.43851851851851853,0.43851851851851853,0.41333333333333333
172,0.37925925925925924,0.31899119438097,0.39492423326461246,0.19668288846842413,0.4074074074074074,0.056405842304229736,0.07667036075145006,0.0,0.07578182779252529,0.8140944130718708,"[0.682962954044342, 0.7288888692855835, 0.7318518757820129, 0.7481481432914734]",0.7572,0.4311111111111111,0.4192592592592593,0.397037037037037,0.3674074074074074,0.44,0.44,0.43407407407407406
173,0.3896296296296296,0.3269896277509693,0.3977678895789876,0.2061151259870818,0.4222222222222222,0.05685269087553024,0.07661516964435577,0.0,0.07575036864727736,0.8894668570719659,"[0.682962954044342, 0.7288888692855835, 0.7318518757820129, 0.7481481432914734]",0.7887,0.43407407407407406,0.4325925925925926,0.4266666666666667,0.4237037037037037,0.45925925925925926,0.45925925925925926,0.4311111111111111
174,0.4,0.34635873697499486,0.40931390629222836,0.21520291079333592,0.42962962962962964,0.05677426606416702,0.07657648343592882,0.0,0.0757213681936264,0.9142218850320205,"[0.682962954044342, 0.7288888692855835, 0.7318518757820129, 0.7481481432914734]",0.9494,0.4,0.4162962962962963,0.41185185185185186,0.41333333333333333,0.4414814814814815,0.4414814814814815,0.4
175,0.4014814814814815,0.3419782638071154,0.40139664286122206,0.2113379517071947,0.4237037037037037,0.055501870810985565,0.07656431756913662,0.0,0.0756941270083189,0.7882477089297026,"[0.682962954044342, 0.7288888692855835, 0.7318518757820129, 0.7481481432914734]",0.7224,0.47555555555555556,0.4785185185185185,0.45925925925925926,0.43851851851851853,0.4651851851851852,0.4651851851851852,0.4785185185185185
176,0.41333333333333333,0.3564804560731104,0.4205511200861185,0.24008226498276597,0.42962962962962964,0.05617304891347885,0.07648652791976929,0.0,0.07566727511584759,0.9152107019908726,"[0.682962954044342, 0.7288888692855835, 0.7318518757820129, 0.7481481432914734]",0.8029,0.42074074074074075,0.4311111111111111,0.4222222222222222,0.4177777777777778,0.4533333333333333,0.4533333333333333,0.4266666666666667
177,0.4622222222222222,0.40399743136940125,0.4575631802693692,0.3250600145429119,0.4740740740740741,0.055877283215522766,0.07639678940176964,0.0,0.0756436213850975,0.9331346300896257,"[0.682962954044342, 0.7288888692855835, 0.7318518757820129, 0.7481481432914734]",0.8397,0.4325925925925926,0.44,0.43555555555555553,0.42518518518518517,0.46370370370370373,0.46370370370370373,0.4325925925925926
178,0.43851851851851853,0.37354144678683643,0.4423472289943719,0.32865545936802587,0.45037037037037037,0.05718882754445076,0.07613351754844189,0.0,0.07560313679277897,0.8448269980726764,"[0.682962954044342, 0.7288888692855835, 0.7318518757820129, 0.7481481432914734]",0.756,0.43407407407407406,0.4325925925925926,0.4266666666666667,0.4222222222222222,0.44296296296296295,0.44296296296296295,0.43555555555555553
179,0.40444444444444444,0.3322571357559263,0.42891982678321183,0.28679889983312934,0.43407407407407406,0.055608928203582764,0.07609340734779835,0.0,0.0756731266155839,0.7751880399882793,"[0.682962954044342, 0.7288888692855835, 0.7318518757820129, 0.7481481432914734]",0.6976,0.42518518518518517,0.43703703703703706,0.42074074074074075,0.4192592592592593,0.4577777777777778,0.4577777777777778,0.42814814814814817
180,0.4162962962962963,0.35307553654959034,0.44091165374659597,0.28134770321149455,0.43407407407407406,0.05661993846297264,0.0763635179027915,0.0,0.0755932666361332,0.9252811759943143,"[0.682962954044342, 0.7288888692855835, 0.7318518757820129, 0.7481481432914734]",0.737,0.4074074074074074,0.4311111111111111,0.42518518518518517,0.4192592592592593,0.45925925925925926,0.45925925925925926,0.40444444444444444
181,0.40296296296296297,0.3387580976457577,0.405482222027311,0.2205663927045266,0.4103703703703704,0.05580554157495499,0.07631912734359503,0.0,0.07556282449513674,0.8029389959992841,"[0.682962954044342, 0.7288888692855835, 0.7318518757820129, 0.7481481432914734]",0.692,0.3851851851851852,0.4,0.39111111111111113,0.39111111111111113,0.44296296296296295,0.44296296296296295,0.38666666666666666
182,0.42814814814814817,0.36207563523115127,0.43554684325375154,0.2750641833726925,0.43703703703703706,0.05648856237530708,0.07623474765568972,0.0,0.0755344657227397,0.8023920559789985,"[0.682962954044342, 0.7288888692855835, 0.7318518757820129, 0.7481481432914734]",0.7214,0.44,0.4444444444444444,0.4414814814814815,0.40444444444444444,0.44296296296296295,0.44296296296296295,0.43851851851851853
183,0.4577777777777778,0.3968815075398967,0.457836022452693,0.3309983419996656,0.4666666666666667,0.05441584438085556,0.07620331086218357,0.0,0.07550418749451637,0.7958562469575554,"[0.682962954044342, 0.7288888692855835, 0.7318518757820129, 0.7481481432914734]",0.7117,0.4103703703703704,0.40296296296296297,0.4,0.3896296296296296,0.4444444444444444,0.4444444444444444,0.4192592592592593
184,0.4711111111111111,0.41039091956750995,0.4800849220973023,0.3446131942821223,0.4785185185185185,0.053660690784454346,0.0761556439101696,0.0,0.07547038234770298,0.7487285700626671,"[0.682962954044342, 0.7288888692855835, 0.7318518757820129, 0.7481481432914734]",0.6935,0.40444444444444444,0.41185185185185186,0.42962962962962964,0.40444444444444444,0.46074074074074073,0.46074074074074073,0.4088888888888889
185,0.4562962962962963,0.3885265891273869,0.4591312085855281,0.27644764855784926,0.4666666666666667,0.056346599012613297,0.07613471057265997,0.0,0.07544069830328226,0.7809578949818388,"[0.682962954044342, 0.7288888692855835, 0.7318518757820129, 0.7481481432914734]",0.7281,0.4177777777777778,0.4237037037037037,0.43407407407407406,0.4237037037037037,0.48,0.48,0.4222222222222222
186,0.4014814814814815,0.3420243067368315,0.41878058435323,0.24240438597850417,0.42518518518518517,0.05718895420432091,0.07609824370592833,0.0,0.07541199587285519,0.7720430110348389,"[0.682962954044342, 0.7288888692855835, 0.7318518757820129, 0.7481481432914734]",0.6915,0.43407407407407406,0.4311111111111111,0.4177777777777778,0.4014814814814815,0.4577777777777778,0.4577777777777778,0.4414814814814815
187,0.46074074074074073,0.4063568382521715,0.44624294891097843,0.27588917060427326,0.46370370370370373,0.05612856149673462,0.07608739659190178,0.0,0.07537918165326118,0.7472061360022053,"[0.682962954044342, 0.7288888692855835, 0.7318518757820129, 0.7481481432914734]",0.6985,0.3925925925925926,0.3985185185185185,0.40296296296296297,0.3925925925925926,0.45037037037037037,0.45037037037037037,0.3896296296296296
188,0.4474074074074074,0.3876128881613672,0.46006059805453253,0.2910355170721513,0.45925925925925926,0.05512041226029396,0.07612873613834381,0.0,0.07533974479883909,0.7526257579447702,"[0.682962954044342, 0.7288888692855835, 0.7318518757820129, 0.7481481432914734]",0.7529,0.4740740740740741,0.45925925925925926,0.4488888888888889,0.42518518518518517,0.4740740740740741,0.4740740740740741,0.47555555555555556
189,0.3940740740740741,0.3210875387010227,0.43572995746611254,0.25983192613090056,0.42518518518518517,0.05526858568191528,0.07610105071216822,0.0,0.07531613390892744,0.8049680889816955,"[0.682962954044342, 0.7288888692855835, 0.7318518757820129, 0.7481481432914734]",0.8206,0.4,0.40296296296296297,0.3940740740740741,0.3896296296296296,0.43407407407407406,0.43407407407407406,0.4074074074074074
190,0.4088888888888889,0.34410799173940154,0.41188303856266817,0.22963331876946189,0.4192592592592593,0.054676130414009094,0.0760600995272398,0.0,0.07528701145201921,0.8861184290144593,"[0.682962954044342, 0.7288888692855835, 0.7318518757820129, 0.7481481432914734]",0.7964,0.43851851851851853,0.43851851851851853,0.4266666666666667,0.4103703703703704,0.4711111111111111,0.4711111111111111,0.43407407407407406
191,0.3925925925925926,0.3256940417424018,0.41102687489898926,0.19770223566344242,0.4103703703703704,0.05568473041057587,0.0760285397991538,0.0,0.07525782380253077,0.8302918899571523,"[0.682962954044342, 0.7288888692855835, 0.7318518757820129, 0.7481481432914734]",0.72,0.4444444444444444,0.45481481481481484,0.45037037037037037,0.4414814814814815,0.4651851851851852,0.4651851851851852,0.44592592592592595
192,0.40444444444444444,0.3398533007334964,0.41458781630522784,0.2534091001456058,0.42518518518518517,0.05451495945453644,0.07599429041147232,0.0,0.07522957772016525,0.8447525569936261,"[0.682962954044342, 0.7288888692855835, 0.7318518757820129, 0.7481481432914734]",0.732,0.4666666666666667,0.46074074074074073,0.4562962962962963,0.42814814814814817,0.4696296296296296,0.4696296296296296,0.46814814814814815
193,0.42518518518518517,0.3601958255159474,0.4263449414480713,0.27364565710938327,0.4533333333333333,0.05276554077863693,0.07593503408133984,0.0,0.07520049531012774,0.7712973679881543,"[0.682962954044342, 0.7288888692855835, 0.7318518757820129, 0.7481481432914734]",0.759,0.3362962962962963,0.34074074074074073,0.38666666666666666,0.37777777777777777,0.42962962962962964,0.42962962962962964,0.3377777777777778
194,0.38222222222222224,0.3229819341586553,0.3977532930516126,0.23711545549455082,0.39555555555555555,0.05264579877257347,0.07594579830765724,0.0,0.07518132776021957,0.764863689080812,"[0.682962954044342, 0.7288888692855835, 0.7318518757820129, 0.7481481432914734]",0.7072,0.3585185185185185,0.362962962962963,0.40444444444444444,0.38814814814814813,0.4444444444444444,0.4444444444444444,0.36148148148148146
195,0.38074074074074077,0.3201581599092099,0.4001116894272766,0.23403650304700516,0.4059259259259259,0.05225520208477974,0.07590841967612505,0.0,0.07515359297394753,0.8091715620830655,"[0.682962954044342, 0.7288888692855835, 0.7318518757820129, 0.7481481432914734]",0.6959,0.35555555555555557,0.36592592592592593,0.40444444444444444,0.397037037037037,0.45185185185185184,0.45185185185185184,0.35703703703703704
196,0.4488888888888889,0.3856324609200099,0.446115271927091,0.29604811353265764,0.45925925925925926,0.05296085774898529,0.07589189056307077,0.0,0.07511822506785393,0.9666996829910204,"[0.682962954044342, 0.7288888692855835, 0.7318518757820129, 0.7481481432914734]",1.1988,0.3511111111111111,0.3540740740740741,0.39555555555555555,0.38814814814814813,0.43703703703703706,0.43703703703703706,0.3540740740740741
197,0.4414814814814815,0.3768060929617476,0.4414723014138002,0.2754452962460113,0.4562962962962963,0.0524168498814106,0.07586336601525545,0.0,0.0750850634649396,0.9191912700189278,"[0.682962954044342, 0.7288888692855835, 0.7318518757820129, 0.7481481432914734]",0.71,0.3511111111111111,0.35703703703703704,0.40444444444444444,0.397037037037037,0.4414814814814815,0.4414814814814815,0.35259259259259257
198,0.4162962962962963,0.3486407053637032,0.43072212941093646,0.2794561882696378,0.4414814814814815,0.052733320742845535,0.0759568102657795,0.0,0.07505672331899405,0.7555548740783706,"[0.682962954044342, 0.7288888692855835, 0.7318518757820129, 0.7481481432914734]",0.7056,0.39111111111111113,0.397037037037037,0.38666666666666666,0.3762962962962963,0.4325925925925926,0.4325925925925926,0.3925925925925926
199,0.40296296296296297,0.3314942924197928,0.43245208920647893,0.2546776225187966,0.42962962962962964,0.05406707525253296,0.07587867882102728,0.0,0.07503861002624035,0.798830569954589,"[0.682962954044342, 0.7288888692855835, 0.7318518757820129, 0.7481481432914734]",0.7347,0.41333333333333333,0.4177777777777778,0.41185185185185186,0.397037037037037,0.43851851851851853,0.43851851851851853,0.4177777777777778
200,0.42962962962962964,0.36785299891267076,0.46164070421551995,0.31451808771690654,0.4414814814814815,0.05516883730888367,0.07583287544548512,0.0,0.07501404453068972,0.9460096219554543,"[0.682962954044342, 0.7288888692855835, 0.7318518757820129, 0.7481481432914734]",0.7957,0.4266666666666667,0.4162962962962963,0.4103703703703704,0.4,0.42518518518518517,0.42518518518518517,0.4222222222222222
201,0.4103703703703704,0.3428985840461206,0.4355523351686538,0.25100784292050793,0.43407407407407406,0.055497266352176666,0.07578056026250124,0.0,0.07498648576438427,0.9402123619802296,"[0.682962954044342, 0.7288888692855835, 0.7318518757820129, 0.7481481432914734]",0.7688,0.4014814814814815,0.4148148148148148,0.40444444444444444,0.3851851851851852,0.43851851851851853,0.43851851851851853,0.40296296296296297
202,0.4414814814814815,0.37577728881660755,0.44289896713594523,0.2647765984516109,0.45481481481481484,0.05462498217821121,0.07572787627577782,0.0,0.07496390771120787,0.77923836291302,"[0.682962954044342, 0.7288888692855835, 0.7318518757820129, 0.7481481432914734]",0.741,0.37777777777777777,0.38222222222222224,0.3940740740740741,0.37777777777777777,0.4266666666666667,0.4266666666666667,0.3837037037037037
203,0.43851851851851853,0.3725673418634253,0.4388660292100173,0.2753838470015416,0.4562962962962963,0.05482446029782295,0.0756917055696249,0.0,0.07494513690471649,0.7580835850676522,"[0.682962954044342, 0.7288888692855835, 0.7318518757820129, 0.7481481432914734]",0.7155,0.42962962962962964,0.4311111111111111,0.4148148148148148,0.4,0.4562962962962963,0.4562962962962963,0.42962962962962964
204,0.43407407407407406,0.3739985433357612,0.4305282334394041,0.288293028741071,0.45037037037037037,0.05400582402944565,0.0756881507113576,0.0,0.07493774592876434,0.7931667390512303,"[0.682962954044342, 0.7288888692855835, 0.7318518757820129, 0.7481481432914734]",0.7664,0.43555555555555553,0.43407407407407406,0.41185185185185186,0.3896296296296296,0.4577777777777778,0.4577777777777778,0.4325925925925926
205,0.3837037037037037,0.31104028500555725,0.38664068700636767,0.19729746102659648,0.4074074074074074,0.05366989225149155,0.07563590444624424,0.0,0.07490658946335316,0.8053007180569693,"[0.682962954044342, 0.7288888692855835, 0.7318518757820129, 0.7481481432914734]",0.7241,0.42074074074074075,0.41333333333333333,0.3940740740740741,0.397037037037037,0.4266666666666667,0.4266666666666667,0.4177777777777778
206,0.44296296296296295,0.3807007012869127,0.44405448037965545,0.2837233235535382,0.46370370370370373,0.0537729486823082,0.07560396380722523,0.0,0.07487924490123987,0.732729171984829,"[0.682962954044342, 0.7288888692855835, 0.7318518757820129, 0.7481481432914734]",0.7046,0.46814814814814815,0.4533333333333333,0.4488888888888889,0.4474074074074074,0.45481481481481484,0.45481481481481484,0.46814814814814815
207,0.4237037037037037,0.36224396855121366,0.41619778749804076,0.25272661165539073,0.4414814814814815,0.05318192020058632,0.07556188013404608,0.0,0.0748547911643982,0.7457755650393665,"[0.682962954044342, 0.7288888692855835, 0.7318518757820129, 0.7481481432914734]",0.8267,0.4074074074074074,0.4103703703703704,0.40444444444444444,0.41185185185185186,0.44592592592592595,0.44592592592592595,0.4074074074074074
208,0.4222222222222222,0.36853391926349344,0.4259155400434409,0.2623725037612333,0.45481481481481484,0.053750090301036835,0.0755393048748374,0.0,0.07483418751507998,0.8230520799988881,"[0.682962954044342, 0.7288888692855835, 0.7318518757820129, 0.7481481432914734]",0.7,0.397037037037037,0.3851851851851852,0.37925925925925924,0.39111111111111113,0.45481481481481484,0.45481481481481484,0.40296296296296297
209,0.40296296296296297,0.34062537874197074,0.4294953597242318,0.2593919693941737,0.4311111111111111,0.05458533391356468,0.07556035369634628,0.0,0.07481510005891323,0.7646442860132083,"[0.682962954044342, 0.7288888692855835, 0.7318518757820129, 0.7481481432914734]",0.7237,0.3896296296296296,0.3896296296296296,0.37925925925925924,0.39111111111111113,0.4444444444444444,0.4444444444444444,0.40296296296296297
210,0.42962962962962964,0.36885859032334856,0.4338551900528177,0.2782475711661503,0.4414814814814815,0.05394237861037254,0.07549737207591534,0.0,0.07478492241352797,0.82156661094632,"[0.682962954044342, 0.7288888692855835, 0.7318518757820129, 0.7481481432914734]",0.7136,0.3925925925925926,0.4,0.4014814814814815,0.39555555555555555,0.4444444444444444,0.4444444444444444,0.3940740740740741
211,0.4,0.3355750207803697,0.4279926011691175,0.25687068137859964,0.42518518518518517,0.05461657792329788,0.0755347153171897,0.0,0.07475287560373545,0.8199397780699655,"[0.682962954044342, 0.7288888692855835, 0.7318518757820129, 0.7481481432914734]",0.8102,0.4088888888888889,0.3896296296296296,0.37925925925925924,0.37925925925925924,0.4266666666666667,0.4266666666666667,0.4177777777777778
212,0.4577777777777778,0.39142301827578463,0.4634315971919318,0.2599086376535081,0.4651851851851852,0.056320324540138245,0.07537527661770582,0.0,0.07474201172590256,1.3104331879876554,"[0.682962954044342, 0.7288888692855835, 0.7318518757820129, 0.7481481432914734]",0.9398,0.4444444444444444,0.4474074074074074,0.43555555555555553,0.40444444444444444,0.4740740740740741,0.4740740740740741,0.4562962962962963
213,0.44296296296296295,0.3792283647143422,0.4324312190061855,0.26875850130926665,0.45185185185185184,0.05545271933078766,0.07580114528536797,0.0,0.07476152945309877,1.0745534918969497,"[0.682962954044342, 0.7288888692855835, 0.7318518757820129, 0.7481481432914734]",1.1431,0.43851851851851853,0.45481481481481484,0.44296296296296295,0.42518518518518517,0.47555555555555556,0.47555555555555556,0.43555555555555553
214,0.397037037037037,0.3359510964148974,0.39591229616849116,0.20748871212984113,0.4177777777777778,0.05528666079044342,0.07535127736628056,0.0,0.07470633089542389,1.2128625120967627,"[0.682962954044342, 0.7288888692855835, 0.7318518757820129, 0.7481481432914734]",0.9908,0.4474074074074074,0.43851851851851853,0.41333333333333333,0.4074074074074074,0.4488888888888889,0.4488888888888889,0.44592592592592595
215,0.43703703703703706,0.3767403886807307,0.4434257919481812,0.31354702862741163,0.4622222222222222,0.05415381118655205,0.07515609543770552,0.0,0.07466929592192173,1.0486312949797139,"[0.682962954044342, 0.7288888692855835, 0.7318518757820129, 0.7481481432914734]",0.9285,0.3851851851851852,0.3762962962962963,0.39111111111111113,0.37037037037037035,0.4474074074074074,0.4474074074074074,0.39111111111111113
216,0.4651851851851852,0.40552573798487446,0.47175040944660895,0.3611346196000625,0.4725925925925926,0.05316916108131409,0.07498194184154272,0.0,0.07462223712354898,0.7919092060765252,"[0.682962954044342, 0.7288888692855835, 0.7318518757820129, 0.7481481432914734]",0.6826,0.40444444444444444,0.4,0.4088888888888889,0.3940740740740741,0.4444444444444444,0.4444444444444444,0.4088888888888889
217,0.44592592592592595,0.3855765650213082,0.4569644569329821,0.33473265275553615,0.46814814814814815,0.052575819194316864,0.07497316598892212,0.0,0.07574117928743362,0.8151337900198996,"[0.682962954044342, 0.7288888692855835, 0.7318518757820129, 0.7481481432914734]",0.7054,0.3748148148148148,0.36444444444444446,0.38666666666666666,0.397037037037037,0.45925925925925926,0.45925925925925926,0.37333333333333335
218,0.4651851851851852,0.3999748835285195,0.48432257073877094,0.33354209458762574,0.4740740740740741,0.053782008588314056,0.07497169077396393,0.0,0.07560389582067728,0.8030090150423348,"[0.682962954044342, 0.7288888692855835, 0.7318518757820129, 0.7481481432914734]",1.0339,0.3896296296296296,0.3748148148148148,0.38074074074074077,0.3748148148148148,0.4414814814814815,0.4414814814814815,0.3940740740740741
219,0.44,0.3771937961032811,0.4916873876084817,0.3116636086080936,0.45481481481481484,0.0542767271399498,0.07493893057107925,0.0,0.0758134126663208,0.799047325970605,"[0.682962954044342, 0.7288888692855835, 0.7318518757820129, 0.7481481432914734]",0.7549,0.4,0.40296296296296297,0.39555555555555555,0.4014814814814815,0.44592592592592595,0.44592592592592595,0.4014814814814815
220,0.43555555555555553,0.3712148810644421,0.4444341132261248,0.29321213591911677,0.44592592592592595,0.05594936013221741,0.07490072026848793,0.0,0.07624533120542765,0.7805711399996653,"[0.682962954044342, 0.7288888692855835, 0.7318518757820129, 0.7481481432914734]",0.7324,0.4,0.3940740740740741,0.38074074074074077,0.3748148148148148,0.43703703703703706,0.43703703703703706,0.4103703703703704
221,0.4474074074074074,0.3810414679476464,0.4759549383322393,0.325479016620112,0.4696296296296296,0.054851531982421875,0.07486271299421787,0.0,0.0759740611538291,0.7722587389871478,"[0.682962954044342, 0.7288888692855835, 0.7318518757820129, 0.7481481432914734]",0.6841,0.42814814814814817,0.42518518518518517,0.41333333333333333,0.40444444444444444,0.43703703703703706,0.43703703703703706,0.4237037037037037
222,0.43407407407407406,0.3735574937440782,0.47925095998182654,0.31621770578928354,0.4725925925925926,0.05358491092920303,0.074840790592134,0.0,0.07586111035197973,0.8668097739573568,"[0.682962954044342, 0.7288888692855835, 0.7318518757820129, 0.7481481432914734]",0.7534,0.4103703703703704,0.4192592592592593,0.4103703703703704,0.4,0.42814814814814817,0.42814814814814817,0.4103703703703704
223,0.44296296296296295,0.3842809697210826,0.48329941992287456,0.3151244939897533,0.4785185185185185,0.052486442029476166,0.07481683976948261,0.0,0.07577971648424864,0.7924140701070428,"[0.682962954044342, 0.7288888692855835, 0.7318518757820129, 0.7481481432914734]",0.6961,0.40444444444444444,0.40444444444444444,0.3925925925925926,0.4014814814814815,0.4237037037037037,0.4237037037037037,0.4074074074074074
224,0.4311111111111111,0.3676830413665072,0.4602752272816433,0.3061598929104054,0.45481481481481484,0.052714087069034576,0.07479595858603716,0.0,0.07569919154047966,0.781959263025783,"[0.682962954044342, 0.7288888692855835, 0.7318518757820129, 0.7481481432914734]",0.7422,0.4237037037037037,0.43851851851851853,0.42962962962962964,0.4266666666666667,0.4651851851851852,0.4651851851851852,0.4237037037037037
225,0.4,0.33280861033826326,0.4646502581001686,0.2753798927762022,0.4444444444444444,0.054897647351026535,0.07478391099721193,0.0,0.07558891270309687,0.8867609750013798,"[0.682962954044342, 0.7288888692855835, 0.7318518757820129, 0.7481481432914734]",0.7404,0.4177777777777778,0.4148148148148148,0.39111111111111113,0.38222222222222224,0.44296296296296295,0.44296296296296295,0.4162962962962963
226,0.4488888888888889,0.3873308511001694,0.47856164461397527,0.3396614335045373,0.4711111111111111,0.05456410348415375,0.07477899175137281,0.0,0.0756599698215723,0.801764712901786,"[0.682962954044342, 0.7288888692855835, 0.7318518757820129, 0.7481481432914734]",0.7303,0.4414814814814815,0.4474074074074074,0.43851851851851853,0.4162962962962963,0.4696296296296296,0.4696296296296296,0.4414814814814815
227,0.43703703703703706,0.37226205917623156,0.48017931913709705,0.2936146086577018,0.4622222222222222,0.05447192117571831,0.07476409059017897,0.0,0.07554376777261496,0.9355042499955744,"[0.682962954044342, 0.7288888692855835, 0.7318518757820129, 0.7481481432914734]",0.7922,0.42814814814814817,0.4266666666666667,0.41185185185185186,0.40444444444444444,0.45481481481481484,0.45481481481481484,0.43703703703703706
228,0.4222222222222222,0.356940281553896,0.4429498419165142,0.28280475569759433,0.4474074074074074,0.05426862835884094,0.07474941853433847,0.0,0.07547758240252733,0.7874273719498888,"[0.682962954044342, 0.7288888692855835, 0.7318518757820129, 0.7481481432914734]",0.7009,0.42518518518518517,0.42814814814814817,0.4103703703703704,0.40296296296296297,0.43407407407407406,0.43407407407407406,0.42518518518518517
229,0.4192592592592593,0.3575112423391835,0.4346520179427698,0.27039235710044224,0.43407407407407406,0.05396740138530731,0.07473653648048639,0.0,0.07542529702186584,0.7798665351001546,"[0.682962954044342, 0.7288888692855835, 0.7318518757820129, 0.7481481432914734]",0.7352,0.4059259259259259,0.4088888888888889,0.40296296296296297,0.4,0.42962962962962964,0.42962962962962964,0.40444444444444444
230,0.44,0.3779999951244367,0.4594021514288383,0.3259975995729248,0.4696296296296296,0.05423891544342041,0.07472268491983414,0.0,0.07538751978427172,0.7480721400352195,"[0.682962954044342, 0.7288888692855835, 0.7318518757820129, 0.7481481432914734]",0.9751,0.3896296296296296,0.39111111111111113,0.3837037037037037,0.3748148148148148,0.40444444444444444,0.40444444444444444,0.38814814814814813
231,0.4162962962962963,0.34993033658429273,0.46013509266779207,0.3327261958103619,0.4237037037037037,0.05481623113155365,0.07470948807895184,0.0,0.07535028923302889,1.0827641430078074,"[0.682962954044342, 0.7288888692855835, 0.7318518757820129, 0.7481481432914734]",0.6964,0.4192592592592593,0.4103703703703704,0.40296296296296297,0.38666666666666666,0.4414814814814815,0.4414814814814815,0.4237037037037037
232,0.43555555555555553,0.367581205597893,0.48084024672940096,0.33433325939148906,0.4562962962962963,0.053632207214832306,0.07469817716628313,0.0,0.07532493863254786,0.8194663199828938,"[0.682962954044342, 0.7288888692855835, 0.7318518757820129, 0.7481481432914734]",0.766,0.4414814814814815,0.4311111111111111,0.4088888888888889,0.397037037037037,0.4474074074074074,0.4474074074074074,0.43407407407407406
233,0.4162962962962963,0.3512022092546694,0.4452627015013645,0.3085153044752605,0.42962962962962964,0.05374262481927872,0.07468385994434357,0.0,0.07522787246853113,0.9272488759597763,"[0.682962954044342, 0.7288888692855835, 0.7318518757820129, 0.7481481432914734]",1.0595,0.3896296296296296,0.38074074074074077,0.36148148148148146,0.36,0.42518518518518517,0.42518518518518517,0.39555555555555555
234,0.42814814814814817,0.36615709475896696,0.4593782894386718,0.3113966600344382,0.44296296296296295,0.05376344174146652,0.0746752293780446,0.0,0.07523842807859182,0.8415077880490571,"[0.682962954044342, 0.7288888692855835, 0.7318518757820129, 0.7481481432914734]",0.7266,0.362962962962963,0.37037037037037035,0.37777777777777777,0.38074074074074077,0.42962962962962964,0.42962962962962964,0.3688888888888889
235,0.4177777777777778,0.3601000586167886,0.45609092453179906,0.26823570317480905,0.42962962962962964,0.0550021231174469,0.07466319855302572,0.0,0.07519107777625322,0.8105530490865931,"[0.682962954044342, 0.7288888692855835, 0.7318518757820129, 0.7481481432914734]",0.8201,0.38814814814814813,0.397037037037037,0.4014814814814815,0.4148148148148148,0.45037037037037037,0.45037037037037037,0.3925925925925926
236,0.4577777777777778,0.39630230580507686,0.4684858999636222,0.31884874515380635,0.4696296296296296,0.05402897298336029,0.07464289851486683,0.0,0.07514822203665972,0.7916959980502725,"[0.682962954044342, 0.7288888692855835, 0.7318518757820129, 0.7481481432914734]",0.7054,0.39555555555555555,0.39111111111111113,0.4148148148148148,0.4059259259259259,0.4711111111111111,0.4711111111111111,0.39555555555555555
237,0.4266666666666667,0.36322772668215386,0.4660578251237712,0.32481554919930383,0.43555555555555553,0.05413143336772919,0.07462853286415339,0.0,0.07520187180489302,0.8046786569757387,"[0.682962954044342, 0.7288888692855835, 0.7318518757820129, 0.7481481432914734]",0.6754,0.4059259259259259,0.4074074074074074,0.4059259259259259,0.3896296296296296,0.45037037037037037,0.45037037037037037,0.4148148148148148
238,0.4325925925925926,0.3705152023530959,0.4969795396658097,0.29517087335130976,0.4696296296296296,0.05511268973350525,0.07461007218807936,0.0,0.07518464140594006,0.7353071520337835,"[0.682962954044342, 0.7288888692855835, 0.7318518757820129, 0.7481481432914734]",0.8065,0.42814814814814817,0.42962962962962964,0.4192592592592593,0.3985185185185185,0.45037037037037037,0.45037037037037037,0.4311111111111111
239,0.42814814814814817,0.36202096479178447,0.46013812835075196,0.31816307047606496,0.44592592592592595,0.053520310670137405,0.07459311466664076,0.0,0.07497248891741037,0.8162425390910357,"[0.682962954044342, 0.7288888692855835, 0.7318518757820129, 0.7481481432914734]",0.7498,0.4325925925925926,0.42814814814814817,0.4192592592592593,0.4088888888888889,0.46814814814814815,0.46814814814814815,0.44
240,0.45185185185185184,0.39077936333699226,0.48670805554748203,0.3285311238474432,0.46074074074074073,0.053832948207855225,0.07457251194864511,0.0,0.07496201433241367,0.7752881860360503,"[0.682962954044342, 0.7288888692855835, 0.7318518757820129, 0.7481481432914734]",0.7126,0.4074074074074074,0.3985185185185185,0.40296296296296297,0.3896296296296296,0.43851851851851853,0.43851851851851853,0.4088888888888889
241,0.4562962962962963,0.3935992871777674,0.47046290362862164,0.3467023722941138,0.4622222222222222,0.05293300002813339,0.07459971960633993,0.0,0.0749754598364234,0.7496427529258654,"[0.682962954044342, 0.7288888692855835, 0.7318518757820129, 0.7481481432914734]",0.711,0.4311111111111111,0.4177777777777778,0.4,0.4074074074074074,0.42962962962962964,0.42962962962962964,0.43851851851851853
242,0.4088888888888889,0.3447016515975825,0.4489003844636311,0.2782912598205164,0.4237037037037037,0.05523296073079109,0.07457724306732416,0.0,0.0747890081256628,0.7814067520666867,"[0.682962954044342, 0.7288888692855835, 0.7318518757820129, 0.7481481432914734]",0.6985,0.4222222222222222,0.42962962962962964,0.4103703703703704,0.4103703703703704,0.4325925925925926,0.4325925925925926,0.42814814814814817
243,0.43703703703703706,0.37269345620226413,0.4392464152672439,0.2596234616628786,0.4474074074074074,0.05451139062643051,0.07458210084587336,0.0,0.07478936202824116,0.7817974790232256,"[0.682962954044342, 0.7288888692855835, 0.7318518757820129, 0.7481481432914734]",0.6849,0.4103703703703704,0.3940740740740741,0.3925925925925926,0.4088888888888889,0.4325925925925926,0.4325925925925926,0.4177777777777778
244,0.40444444444444444,0.3382369080165155,0.42520208275691174,0.26187688366127443,0.4177777777777778,0.054109107702970505,0.07457942422479391,0.0,0.07480291370302439,0.8498075449606404,"[0.682962954044342, 0.7288888692855835, 0.7318518757820129, 0.7481481432914734]",0.6965,0.4103703703703704,0.4103703703703704,0.3985185185185185,0.4059259259259259,0.43555555555555553,0.43555555555555553,0.41333333333333333
245,0.46074074074074073,0.3973702089459987,0.46978792585088974,0.3248368473353298,0.4666666666666667,0.05384388566017151,0.07455567177385092,0.0,0.07476663962006569,0.7611927919788286,"[0.682962954044342, 0.7288888692855835, 0.7318518757820129, 0.7481481432914734]",0.7329,0.42074074074074075,0.40444444444444444,0.39555555555555555,0.4,0.4266666666666667,0.4266666666666667,0.4237037037037037
246,0.44,0.375026025273296,0.4560273301853003,0.3030068208369049,0.45185185185185184,0.05291858687996864,0.07453732471913099,0.0,0.07474522851407528,0.8447612460004166,"[0.682962954044342, 0.7288888692855835, 0.7318518757820129, 0.7481481432914734]",0.7437,0.397037037037037,0.4074074074074074,0.39111111111111113,0.4074074074074074,0.44,0.44,0.4
247,0.4148148148148148,0.3461531859168814,0.47178363074961466,0.32888232475468315,0.4325925925925926,0.05323757231235504,0.07451955694705248,0.0,0.07474622689187527,0.7938762280391529,"[0.682962954044342, 0.7288888692855835, 0.7318518757820129, 0.7481481432914734]",0.8008,0.4088888888888889,0.41333333333333333,0.4059259259259259,0.4059259259259259,0.42962962962962964,0.42962962962962964,0.4074074074074074
248,0.4059259259259259,0.3427346899130689,0.4505050715453566,0.26765171099757484,0.41185185185185186,0.055379558354616165,0.07449695747345686,0.0,0.07473501656204462,0.8496501239715144,"[0.682962954044342, 0.7288888692855835, 0.7318518757820129, 0.7481481432914734]",1.028,0.4088888888888889,0.4162962962962963,0.41185185185185186,0.42814814814814817,0.44,0.44,0.40444444444444444
249,0.4192592592592593,0.35664111223767814,0.4651380953499474,0.32155039798623075,0.4266666666666667,0.05424327775835991,0.07448081113398075,0.0,0.07470846362411976,0.772042881930247,"[0.682962954044342, 0.7288888692855835, 0.7318518757820129, 0.7481481432914734]",0.6866,0.41333333333333333,0.41185185185185186,0.4103703703703704,0.4162962962962963,0.44592592592592595,0.44592592592592595,0.41333333333333333
250,0.42814814814814817,0.36967928759607216,0.48117272738260175,0.31761189523982003,0.4414814814814815,0.053562864661216736,0.07446376327425241,0.0,0.07474073581397533,0.7585091080982238,"[0.682962954044342, 0.7288888692855835, 0.7318518757820129, 0.7481481432914734]",0.7034,0.44,0.4414814814814815,0.42962962962962964,0.43555555555555553,0.47555555555555556,0.47555555555555556,0.4444444444444444
251,0.39555555555555555,0.33566197400542275,0.45516305010660724,0.28398446644225295,0.4074074074074074,0.05388593301177025,0.07445076946169138,0.0,0.07472267467528582,0.7540885779308155,"[0.682962954044342, 0.7288888692855835, 0.7318518757820129, 0.7481481432914734]",0.7394,0.43555555555555553,0.4444444444444444,0.43407407407407406,0.44296296296296295,0.4696296296296296,0.4696296296296296,0.4414814814814815
252,0.42962962962962964,0.37240388330757346,0.4835440872310152,0.3071034194250168,0.4444444444444444,0.05380946025252342,0.0744292987510562,0.0,0.07472985330969095,0.7141759070800617,"[0.682962954044342, 0.7288888692855835, 0.7318518757820129, 0.7481481432914734]",0.7134,0.4222222222222222,0.4237037037037037,0.4162962962962963,0.4177777777777778,0.4474074074074074,0.4474074074074074,0.4311111111111111
253,0.4192592592592593,0.3605374771922617,0.46518914043473925,0.2898426095318105,0.42962962962962964,0.05327867716550827,0.07441532891243696,0.0,0.07476158998906612,0.7481253850273788,"[0.682962954044342, 0.7288888692855835, 0.7318518757820129, 0.7481481432914734]",0.6819,0.41185185185185186,0.4088888888888889,0.4059259259259259,0.41333333333333333,0.46370370370370373,0.46370370370370373,0.41333333333333333
254,0.4162962962962963,0.35779018972898957,0.44016933679757136,0.2646718452390861,0.4311111111111111,0.0533875897526741,0.07439195550978184,0.0,0.07455339282751083,0.8004490541061386,"[0.682962954044342, 0.7288888692855835, 0.7318518757820129, 0.7481481432914734]",0.7434,0.43407407407407406,0.43407407407407406,0.41185185185185186,0.3940740740740741,0.46370370370370373,0.46370370370370373,0.43851851851851853
255,0.4103703703703704,0.34755682922090536,0.4568212089354101,0.3051426433444694,0.4325925925925926,0.05317835137248039,0.07439842633903027,0.0,0.07459710724651814,0.7592390689533204,"[0.682962954044342, 0.7288888692855835, 0.7318518757820129, 0.7481481432914734]",0.7431,0.35703703703703704,0.36,0.3718518518518519,0.36148148148148146,0.4177777777777778,0.4177777777777778,0.36444444444444446
256,0.3762962962962963,0.311756628134241,0.47182315970115174,0.24540101065558967,0.4148148148148148,0.05353669822216034,0.07440275978296995,0.0,0.07453593984246254,0.7855504089966416,"[0.682962954044342, 0.7288888692855835, 0.7318518757820129, 0.7481481432914734]",0.7801,0.4177777777777778,0.4177777777777778,0.42518518518518517,0.4014814814814815,0.4533333333333333,0.4533333333333333,0.4192592592592593
257,0.4325925925925926,0.36996753879747335,0.4757978015918227,0.3368683636586428,0.46370370370370373,0.05363939702510834,0.07438674382865429,0.0,0.07452797144651413,0.774050501990132,"[0.682962954044342, 0.7288888692855835, 0.7318518757820129, 0.7481481432914734]",0.6813,0.397037037037037,0.4014814814814815,0.3925925925925926,0.38666666666666666,0.4222222222222222,0.4222222222222222,0.4074074074074074
258,0.4,0.3312581031825632,0.4353737304742125,0.2737781068577936,0.4192592592592593,0.05315901339054108,0.07437074929475784,0.0,0.07450191024690866,0.76637731899973,"[0.682962954044342, 0.7288888692855835, 0.7318518757820129, 0.7481481432914734]",0.7675,0.3896296296296296,0.3940740740740741,0.38666666666666666,0.3718518518518519,0.4266666666666667,0.4266666666666667,0.39111111111111113
259,0.397037037037037,0.3296332717605347,0.43813362261456174,0.2966832097606886,0.4162962962962963,0.052964020520448685,0.07435515522956848,0.0,0.07447745744138956,0.8037918920163065,"[0.682962954044342, 0.7288888692855835, 0.7318518757820129, 0.7481481432914734]",0.7516,0.37777777777777777,0.37777777777777777,0.4088888888888889,0.38666666666666666,0.4414814814814815,0.4414814814814815,0.3762962962962963
260,0.3940740740740741,0.32659706807815203,0.4554882964982666,0.28694390832919026,0.4103703703703704,0.05264759063720703,0.07434421218931675,0.0,0.07445186469703913,0.757908122963272,"[0.682962954044342, 0.7288888692855835, 0.7318518757820129, 0.7481481432914734]",0.6857,0.38666666666666666,0.3925925925925926,0.4148148148148148,0.3896296296296296,0.45185185185185184,0.45185185185185184,0.38666666666666666
261,0.4074074074074074,0.34232801268576174,0.4652188244743639,0.3137351951104931,0.44,0.05303807556629181,0.07433003559708595,0.0,0.0744295995682478,0.777645422029309,"[0.682962954044342, 0.7288888692855835, 0.7318518757820129, 0.7481481432914734]",0.7094,0.37333333333333335,0.37333333333333335,0.3837037037037037,0.3688888888888889,0.43407407407407406,0.43407407407407406,0.37037037037037035
262,0.38814814814814813,0.3233008789624311,0.4240684128754398,0.22405731717262029,0.41185185185185186,0.05221756547689438,0.0743131646886468,0.0,0.07442682888358831,0.8812428399687633,"[0.682962954044342, 0.7288888692855835, 0.7318518757820129, 0.7481481432914734]",0.8634,0.3851851851851852,0.3896296296296296,0.4103703703703704,0.3896296296296296,0.43851851851851853,0.43851851851851853,0.3837037037037037
263,0.3940740740740741,0.32651328677128877,0.44061954574186724,0.2875056179585778,0.4177777777777778,0.05224723741412163,0.0742978872731328,0.0,0.07439772877842188,0.8887143840547651,"[0.682962954044342, 0.7288888692855835, 0.7318518757820129, 0.7481481432914734]",0.7653,0.4222222222222222,0.4192592592592593,0.4014814814814815,0.3896296296296296,0.42518518518518517,0.42518518518518517,0.4162962962962963
264,0.44296296296296295,0.3836873852609495,0.4526017638932004,0.30681470000378763,0.45185185185185184,0.052472300827503204,0.07428673561662436,0.0,0.07436966616660357,0.800806698971428,"[0.682962954044342, 0.7288888692855835, 0.7318518757820129, 0.7481481432914734]",0.7774,0.3896296296296296,0.3748148148148148,0.3896296296296296,0.37333333333333335,0.4074074074074074,0.4074074074074074,0.3985185185185185
265,0.3925925925925926,0.3293185343156262,0.43032206378999777,0.28328838098178405,0.4088888888888889,0.0524437390267849,0.0742922117933631,0.0,0.07432153820991516,0.8857415460515767,"[0.682962954044342, 0.7288888692855835, 0.7318518757820129, 0.7481481432914734]",0.826,0.3851851851851852,0.38074074074074077,0.3896296296296296,0.37925925925925924,0.39555555555555555,0.39555555555555555,0.3896296296296296
266,0.4192592592592593,0.35670524166099393,0.46512204877409635,0.32047571440428213,0.42814814814814817,0.053247664123773575,0.07427921146154404,0.0,0.07430202607065439,0.8142043059924617,"[0.682962954044342, 0.7288888692855835, 0.7318518757820129, 0.7481481432914734]",0.7141,0.4192592592592593,0.4162962962962963,0.3925925925925926,0.37037037037037035,0.4177777777777778,0.4177777777777778,0.4192592592592593
267,0.4074074074074074,0.34541169967488783,0.43031186878409233,0.28075814226175994,0.4266666666666667,0.05336788296699524,0.07426557596772909,0.0,0.07427401840686798,0.8825564179569483,"[0.682962954044342, 0.7288888692855835, 0.7318518757820129, 0.7481481432914734]",0.8913,0.4177777777777778,0.41185185185185186,0.3985185185185185,0.3762962962962963,0.4192592592592593,0.4192592592592593,0.41185185185185186
268,0.3940740740740741,0.3320243599700945,0.4524266358469423,0.2980771351048135,0.41185185185185186,0.053587406873703,0.07424705568701029,0.0,0.07426722627133131,0.7968127449275926,"[0.682962954044342, 0.7288888692855835, 0.7318518757820129, 0.7481481432914734]",0.6734,0.42518518518518517,0.4222222222222222,0.3985185185185185,0.3748148148148148,0.4177777777777778,0.4177777777777778,0.4266666666666667
269,0.43703703703703706,0.3761021587108544,0.46058365363540626,0.321902755099581,0.45925925925925926,0.05203700810670853,0.07423129305243492,0.0,0.07424027938395739,0.7852307179709896,"[0.682962954044342, 0.7288888692855835, 0.7318518757820129, 0.7481481432914734]",0.7022,0.38666666666666666,0.3925925925925926,0.397037037037037,0.3748148148148148,0.4088888888888889,0.4088888888888889,0.3940740740740741
270,0.4444444444444444,0.3849262275961278,0.49330955233031687,0.3186403529444156,0.4622222222222222,0.05244353786110878,0.07421599794179201,0.0,0.07422061916440725,0.9555652349954471,"[0.682962954044342, 0.7288888692855835, 0.7318518757820129, 0.7481481432914734]",0.7027,0.40444444444444444,0.40444444444444444,0.3940740740740741,0.3718518518518519,0.42518518518518517,0.42518518518518517,0.40296296296296297
271,0.40296296296296297,0.34235815461382824,0.4369333841610578,0.2785709688722544,0.4222222222222222,0.052157796919345856,0.07420782838016748,0.0,0.07420026045292616,0.7619349770247936,"[0.682962954044342, 0.7288888692855835, 0.7318518757820129, 0.7481481432914734]",0.786,0.38222222222222224,0.37037037037037035,0.3837037037037037,0.3762962962962963,0.4014814814814815,0.4014814814814815,0.38666666666666666
272,0.4162962962962963,0.35393360784170824,0.45891641957703816,0.2960697834087728,0.42518518518518517,0.053323544561862946,0.07419329229742289,0.0,0.0741901658475399,0.7821331350132823,"[0.682962954044342, 0.7288888692855835, 0.7318518757820129, 0.7481481432914734]",0.7531,0.38074074074074077,0.3762962962962963,0.397037037037037,0.4,0.4237037037037037,0.4237037037037037,0.38222222222222224
273,0.3896296296296296,0.32746487388454937,0.452796805311403,0.2830936220401698,0.4103703703703704,0.05398691073060036,0.07417856715619564,0.0,0.07407729141414165,0.7848842079984024,"[0.682962954044342, 0.7288888692855835, 0.7318518757820129, 0.7481481432914734]",0.716,0.37037037037037035,0.37037037037037035,0.3896296296296296,0.3896296296296296,0.42814814814814817,0.42814814814814817,0.38222222222222224
274,0.4311111111111111,0.368139301881687,0.4598459833384354,0.30217020577820386,0.45925925925925926,0.052834782749414444,0.07415694836527109,0.0,0.07410466764122248,0.7853909450350329,"[0.682962954044342, 0.7288888692855835, 0.7318518757820129, 0.7481481432914734]",0.8163,0.37777777777777777,0.3762962962962963,0.37777777777777777,0.38814814814814813,0.4222222222222222,0.4222222222222222,0.3851851851851852
275,0.38814814814814813,0.3311572401284063,0.4339960170426291,0.23207713305736374,0.42962962962962964,0.05294618755578995,0.0741818705573678,0.0,0.07411833573132753,0.8458541800500825,"[0.682962954044342, 0.7288888692855835, 0.7318518757820129, 0.7481481432914734]",0.7244,0.397037037037037,0.39555555555555555,0.38666666666666666,0.38814814814814813,0.43555555555555553,0.43555555555555553,0.40444444444444444
276,0.37925925925925924,0.3186499476023561,0.4393618907463056,0.23250802886431032,0.4192592592592593,0.051963500678539276,0.07415655627846718,0.0,0.07403080258518457,0.7662254270398989,"[0.682962954044342, 0.7288888692855835, 0.7318518757820129, 0.7481481432914734]",0.7418,0.39555555555555555,0.3985185185185185,0.39555555555555555,0.3985185185185185,0.42518518518518517,0.42518518518518517,0.4014814814814815
277,0.3925925925925926,0.3261832878846902,0.45310815393533754,0.2753258941552632,0.4325925925925926,0.053160786628723145,0.07414332032203674,0.0,0.07424349430948496,1.0940630559343845,"[0.682962954044342, 0.7288888692855835, 0.7318518757820129, 0.7481481432914734]",1.1709,0.37777777777777777,0.37777777777777777,0.36592592592592593,0.37925925925925924,0.4266666666666667,0.4266666666666667,0.38222222222222224
278,0.37037037037037035,0.30664652567975825,0.44013221433141164,0.23675510645840908,0.4162962962962963,0.05445629730820656,0.07408551312983036,0.0,0.07452981360256672,0.8229588400572538,"[0.682962954044342, 0.7288888692855835, 0.7318518757820129, 0.7481481432914734]",0.7435,0.4014814814814815,0.4,0.38814814814814813,0.4,0.4088888888888889,0.4088888888888889,0.4088888888888889
279,0.40296296296296297,0.3411492014590267,0.46284965445907017,0.2665764294447548,0.42814814814814817,0.05486945062875748,0.07416989468038082,0.0,0.07356023881584406,0.7841198069509119,"[0.682962954044342, 0.7288888692855835, 0.7318518757820129, 0.7481481432914734]",0.7266,0.4074074074074074,0.4074074074074074,0.4014814814814815,0.397037037037037,0.4222222222222222,0.4222222222222222,0.4074074074074074
280,0.4444444444444444,0.3867605695222729,0.43355373938698094,0.2915170624279407,0.4577777777777778,0.053788185119628906,0.07407395262271166,0.0,0.07343912776559591,0.7822915840661153,"[0.682962954044342, 0.7288888692855835, 0.7318518757820129, 0.7481481432914734]",0.7839,0.38814814814814813,0.3896296296296296,0.39555555555555555,0.3925925925925926,0.4162962962962963,0.4162962962962963,0.3851851851851852
281,0.40444444444444444,0.3498340741095709,0.4293607348165665,0.2336394383296102,0.43703703703703706,0.05477640777826309,0.07398974802345037,0.0,0.0734305502846837,0.8954501509433612,"[0.682962954044342, 0.7288888692855835, 0.7318518757820129, 0.7481481432914734]",0.6985,0.4059259259259259,0.4088888888888889,0.40296296296296297,0.3837037037037037,0.44,0.44,0.4074074074074074
282,0.397037037037037,0.3197670531781345,0.42966145986687654,0.1851806032775021,0.45185185185185184,0.05443091690540314,0.07436702493578196,0.0,0.07386543694883585,0.7722747930092737,"[0.682962954044342, 0.7288888692855835, 0.7318518757820129, 0.7481481432914734]",0.772,0.4088888888888889,0.3940740740740741,0.38074074074074077,0.3896296296296296,0.4266666666666667,0.4266666666666667,0.4014814814814815
283,0.3674074074074074,0.29632396563468166,0.4051447906633171,0.14522306521631792,0.42518518518518517,0.0550062470138073,0.07450392749160528,0.0,0.0737129133194685,0.8088798980461434,"[0.682962954044342, 0.7288888692855835, 0.7318518757820129, 0.7481481432914734]",0.8171,0.3940740740740741,0.397037037037037,0.37925925925925924,0.37777777777777777,0.42814814814814817,0.42814814814814817,0.39555555555555555
284,0.3288888888888889,0.2303616689781196,0.3592733818148802,0.09159237635238762,0.38666666666666666,0.05490069091320038,0.07446610555052757,0.0,0.07364849280565977,0.8812146699056029,"[0.682962954044342, 0.7288888692855835, 0.7318518757820129, 0.7481481432914734]",0.7431,0.37777777777777777,0.37037037037037035,0.3748148148148148,0.3748148148148148,0.4266666666666667,0.4266666666666667,0.3762962962962963
285,0.33185185185185184,0.2676140710481112,0.3941473879548193,0.13415524198258483,0.3985185185185185,0.05514083057641983,0.07495500054210424,0.0,0.07356699742376804,0.8305130429798737,"[0.682962954044342, 0.7288888692855835, 0.7318518757820129, 0.7481481432914734]",0.9462,0.4192592592592593,0.4177777777777778,0.40296296296296297,0.3851851851851852,0.4488888888888889,0.4488888888888889,0.4162962962962963
286,0.3748148148148148,0.3144948776631459,0.4266719807240656,0.20770042280862805,0.43703703703703706,0.055474087595939636,0.07474402338266373,0.0,0.07351330481469631,0.8504483849974349,"[0.682962954044342, 0.7288888692855835, 0.7318518757820129, 0.7481481432914734]",0.9126,0.3896296296296296,0.40444444444444444,0.38814814814814813,0.3837037037037037,0.4266666666666667,0.4266666666666667,0.3896296296296296
287,0.39111111111111113,0.31656935924913154,0.41789947298388475,0.2259204724922478,0.44296296296296295,0.05480825528502464,0.07476937025785446,0.0,0.07344268262386322,0.8656315000262111,"[0.682962954044342, 0.7288888692855835, 0.7318518757820129, 0.7481481432914734]",0.7534,0.4237037037037037,0.41333333333333333,0.397037037037037,0.38666666666666666,0.4222222222222222,0.4222222222222222,0.42814814814814817
288,0.3762962962962963,0.2904866411499022,0.3990743348113542,0.1632103167597328,0.4266666666666667,0.05600452423095703,0.07500138878822327,0.0,0.07343452330678701,1.0500138150528073,"[0.682962954044342, 0.7288888692855835, 0.7318518757820129, 0.7481481432914734]",0.7244,0.4103703703703704,0.4074074074074074,0.3925925925925926,0.37925925925925924,0.4074074074074074,0.4074074074074074,0.4088888888888889
289,0.3925925925925926,0.33419781361869205,0.4140609468724157,0.21148952383199987,0.43851851851851853,0.055279169231653214,0.07484479155391455,0.0,0.07341742608696222,0.7787901080446318,"[0.682962954044342, 0.7288888692855835, 0.7318518757820129, 0.7481481432914734]",0.6891,0.397037037037037,0.39111111111111113,0.38666666666666666,0.3748148148148148,0.4237037037037037,0.4237037037037037,0.4014814814814815
290,0.37037037037037035,0.29617807829321197,0.4041869240106654,0.17851590607062962,0.4177777777777778,0.05424550920724869,0.07474297937005758,0.0,0.07340936362743378,0.7443492509191856,"[0.682962954044342, 0.7288888692855835, 0.7318518757820129, 0.7481481432914734]",1.0621,0.37037037037037035,0.37037037037037035,0.362962962962963,0.3540740740740741,0.4162962962962963,0.4162962962962963,0.3688888888888889
291,0.42962962962962964,0.36643050787954445,0.44108389907469653,0.2832852679985787,0.44296296296296295,0.05482872202992439,0.07468473818153143,0.0,0.07339831348508596,0.7414290009764954,"[0.682962954044342, 0.7288888692855835, 0.7318518757820129, 0.7481481432914734]",0.6997,0.397037037037037,0.4,0.3925925925925926,0.37925925925925924,0.44592592592592595,0.44592592592592595,0.3985185185185185
292,0.37333333333333335,0.31272490943446174,0.41737726610977466,0.22139171154247825,0.4222222222222222,0.05474645644426346,0.07467713765799999,0.0,0.0733782397583127,0.7655712150735781,"[0.682962954044342, 0.7288888692855835, 0.7318518757820129, 0.7481481432914734]",0.7094,0.3674074074074074,0.3748148148148148,0.36444444444444446,0.34814814814814815,0.4162962962962963,0.4162962962962963,0.3674074074074074
293,0.3762962962962963,0.2947076079996426,0.4018535443647407,0.1663563929522124,0.42518518518518517,0.054322920739650726,0.0747047858312726,0.0,0.07334932964295149,0.7976759960874915,"[0.682962954044342, 0.7288888692855835, 0.7318518757820129, 0.7481481432914734]",0.8232,0.41333333333333333,0.42074074074074075,0.4103703703703704,0.3925925925925926,0.4325925925925926,0.4325925925925926,0.4103703703703704
294,0.37333333333333335,0.2973906067749731,0.39296523344570794,0.16437205329511365,0.4192592592592593,0.054666515439748764,0.07468625996261835,0.0,0.07333885040134192,0.9457243779907003,"[0.682962954044342, 0.7288888692855835, 0.7318518757820129, 0.7481481432914734]",0.8534,0.38814814814814813,0.38222222222222224,0.3718518518518519,0.36148148148148146,0.4103703703703704,0.4103703703703704,0.38814814814814813
295,0.35555555555555557,0.2730668964134253,0.38931333545426494,0.16907641148782324,0.4148148148148148,0.05439310520887375,0.07464841287583113,0.0,0.07332419976592064,0.784509290009737,"[0.682962954044342, 0.7288888692855835, 0.7318518757820129, 0.7481481432914734]",0.6989,0.397037037037037,0.39555555555555555,0.3985185185185185,0.38666666666666666,0.4222222222222222,0.4222222222222222,0.397037037037037
296,0.3437037037037037,0.2437347779573441,0.37253670802800576,0.10610552469668981,0.39111111111111113,0.05324191227555275,0.07462629210203886,0.0,0.07330077886581421,0.7641977709718049,"[0.682962954044342, 0.7288888692855835, 0.7318518757820129, 0.7481481432914734]",0.7044,0.41333333333333333,0.41333333333333333,0.4148148148148148,0.4,0.45481481481481484,0.45481481481481484,0.42074074074074075
297,0.3451851851851852,0.26769282125421245,0.3737010175007877,0.13400079387022937,0.4,0.05234130471944809,0.07466534432023764,0.0,0.07329500745981932,0.7869925450067967,"[0.682962954044342, 0.7288888692855835, 0.7318518757820129, 0.7481481432914734]",0.7233,0.4222222222222222,0.4222222222222222,0.43407407407407406,0.41333333333333333,0.4488888888888889,0.4488888888888889,0.4222222222222222
298,0.40296296296296297,0.33364769860127863,0.4303523730910421,0.21706818647885315,0.45037037037037037,0.053904786705970764,0.07460645120590925,0.0,0.07327892538160086,0.8517199410125613,"[0.682962954044342, 0.7288888692855835, 0.7318518757820129, 0.7481481432914734]",1.0364,0.4088888888888889,0.4148148148148148,0.42518518518518517,0.4059259259259259,0.4444444444444444,0.4444444444444444,0.4148148148148148
299,0.40296296296296297,0.3444548872180452,0.4427857647950264,0.23522853322272325,0.4474074074074074,0.053692229092121124,0.07462451048195362,0.0,0.0732640391215682,0.889311556937173,"[0.682962954044342, 0.7288888692855835, 0.7318518757820129, 0.7481481432914734]",0.9477,0.397037037037037,0.41333333333333333,0.4177777777777778,0.38814814814814813,0.4444444444444444,0.4444444444444444,0.3985185185185185
300,0.35259259259259257,0.27517802644964395,0.41524648285412225,0.23207001741103023,0.40444444444444444,0.05275392532348633,0.0746423713862896,0.0,0.07324681337922812,1.0492541319690645,"[0.682962954044342, 0.7288888692855835, 0.7318518757820129, 0.7481481432914734]",,,,,,,,
