round,ACC,Kappa,NMI,ARI,PURITY,alignment_loss,mean_reconstruction_loss,mean_consensus_loss,mean_local_total_loss,round_seconds,observed_rates,completion_eval_seconds,C025_ACC,C050_ACC,C075_ACC,C100_ACC,D0_ACC,E0_ACC,G0_ACC
1,0.3389355742296919,0.23007105658610372,0.27991437084823695,0.10736808111075904,0.4677871148459384,0.14784911274909973,0.3105093687772751,0.0,0.3044811226427555,2.051493939012289,"[0.6453781723976135, 0.735014021396637, 0.7002801299095154, 0.7126050591468811]",0.8768,0.4801120448179272,0.4857142857142857,0.48627450980392156,0.4946778711484594,0.49747899159663866,0.49747899159663866,0.47955182072829133
2,0.4162464985994398,0.2870965850225775,0.2593122832880877,0.20168891440646394,0.4403361344537815,0.10401038080453873,0.3015265092253685,0.0,0.29570113867521286,1.0247998809209093,"[0.6453781723976135, 0.735014021396637, 0.7002801299095154, 0.7126050591468811]",1.0038,0.33501400560224087,0.3411764705882353,0.3719887955182073,0.41400560224089633,0.40784313725490196,0.40784313725490196,0.3266106442577031
3,0.4336134453781513,0.32410370383687115,0.34310958836571614,0.2402852809403875,0.5490196078431373,0.09529362618923187,0.2931130565702915,0.0,0.2867648974061012,1.0474366180133075,"[0.6453781723976135, 0.735014021396637, 0.7002801299095154, 0.7126050591468811]",1.189,0.3815126050420168,0.4,0.43641456582633054,0.4,0.36470588235294116,0.36470588235294116,0.3708683473389356
4,0.40672268907563025,0.2762748839552759,0.2893606583982769,0.1533912339805624,0.4565826330532213,0.09279473125934601,0.2842146009206772,0.0,0.2774737477302551,1.0634131620172411,"[0.6453781723976135, 0.735014021396637, 0.7002801299095154, 0.7126050591468811]",0.879,0.31484593837535013,0.3137254901960784,0.3126050420168067,0.3742296918767507,0.3333333333333333,0.3333333333333333,0.3165266106442577
5,0.32212885154061627,0.20557007616022405,0.20540131816224966,0.07856668485970564,0.403921568627451,0.10066872835159302,0.2748088911175728,0.0,0.26787088066339493,1.019170799991116,"[0.6453781723976135, 0.735014021396637, 0.7002801299095154, 0.7126050591468811]",0.8817,0.323249299719888,0.342296918767507,0.3507002801120448,0.3467787114845938,0.36246498599439775,0.36246498599439775,0.3204481792717087
6,0.3058823529411765,0.20031537357594664,0.21786162146239635,0.08386930883351733,0.42857142857142855,0.0985448881983757,0.26496240869164467,0.0,0.25763294473290443,1.1033115379977971,"[0.6453781723976135, 0.735014021396637, 0.7002801299095154, 0.7126050591468811]",0.8876,0.2812324929971989,0.30364145658263303,0.35294117647058826,0.3266106442577031,0.30868347338935576,0.30868347338935576,0.28739495798319326
7,0.31484593837535013,0.21001464855765273,0.18405734833695855,0.062352879975897245,0.403921568627451,0.09611813724040985,0.25491122156381607,0.0,0.24741202592849731,1.0552364139584824,"[0.6453781723976135, 0.735014021396637, 0.7002801299095154, 0.7126050591468811]",0.8823,0.2857142857142857,0.31596638655462184,0.34901960784313724,0.3887955182072829,0.38207282913165264,0.38207282913165264,0.2733893557422969
8,0.2935574229691877,0.16736765241168694,0.2166108582338107,0.07280006078240021,0.39663865546218485,0.09586881846189499,0.24494610354304314,0.0,0.23722051084041595,1.024766051908955,"[0.6453781723976135, 0.735014021396637, 0.7002801299095154, 0.7126050591468811]",0.9258,0.26330532212885155,0.2801120448179272,0.34285714285714286,0.40224089635854343,0.38935574229691877,0.38935574229691877,0.25434173669467786
9,0.3787114845938375,0.25172877296620166,0.2304275689753984,0.14102992563381406,0.42016806722689076,0.10088260471820831,0.23484975472092628,0.0,0.22699044086039066,1.090634981985204,"[0.6453781723976135, 0.735014021396637, 0.7002801299095154, 0.7126050591468811]",0.8993,0.2280112044817927,0.24761904761904763,0.2683473389355742,0.3607843137254902,0.3366946778711485,0.3366946778711485,0.22745098039215686
10,0.2504201680672269,0.09724618754500391,0.14620303452344452,0.02754060597760977,0.34397759103641457,0.10714050382375717,0.22483502328395844,0.0,0.21698372811079025,1.061925056972541,"[0.6453781723976135, 0.735014021396637, 0.7002801299095154, 0.7126050591468811]",0.8494,0.25882352941176473,0.27170868347338933,0.27675070028011206,0.25210084033613445,0.26218487394957984,0.26218487394957984,0.25658263305322127
11,0.3058823529411765,0.18466137095849566,0.17123761515329555,0.07020735071612798,0.334453781512605,0.10351192206144333,0.21489867381751537,0.0,0.20718284882605076,1.0820074169896543,"[0.6453781723976135, 0.735014021396637, 0.7002801299095154, 0.7126050591468811]",1.0197,0.2907563025210084,0.29747899159663865,0.2896358543417367,0.3596638655462185,0.3473389355742297,0.3473389355742297,0.2857142857142857
12,0.34285714285714286,0.22610372728223638,0.1632386253792995,0.09346188721643342,0.3826330532212885,0.10627298057079315,0.2052496075630188,0.0,0.19761648029088974,1.055245526949875,"[0.6453781723976135, 0.735014021396637, 0.7002801299095154, 0.7126050591468811]",0.9162,0.23641456582633052,0.24089635854341737,0.24761904761904763,0.27899159663865547,0.28739495798319326,0.28739495798319326,0.23417366946778712
13,0.28515406162464985,0.14955281382097085,0.1466656605694411,0.0530911583329541,0.3680672268907563,0.10619094967842102,0.19558862037956715,0.0,0.18840555287897587,0.9821796370670199,"[0.6453781723976135, 0.735014021396637, 0.7002801299095154, 0.7126050591468811]",0.9041,0.24929971988795518,0.24705882352941178,0.2694677871148459,0.3333333333333333,0.30084033613445377,0.30084033613445377,0.24873949579831933
14,0.3400560224089636,0.20903374620829118,0.1706879882819787,0.1076116498157064,0.4072829131652661,0.10294695198535919,0.18642897345125675,0.0,0.1794691737741232,1.0636482640402392,"[0.6453781723976135, 0.735014021396637, 0.7002801299095154, 0.7126050591468811]",0.9253,0.25098039215686274,0.2526610644257703,0.2330532212885154,0.3254901960784314,0.2812324929971989,0.2812324929971989,0.24873949579831933
15,0.34173669467787116,0.22359932301969931,0.1946308167344467,0.10819492846049901,0.43025210084033616,0.1012289747595787,0.17765337228775024,0.0,0.17096246592700481,1.073717368999496,"[0.6453781723976135, 0.735014021396637, 0.7002801299095154, 0.7126050591468811]",0.8399,0.2711484593837535,0.2739495798319328,0.27563025210084036,0.3288515406162465,0.3400560224089636,0.3400560224089636,0.2683473389355742
16,0.32941176470588235,0.1798169194609155,0.13736904655593232,0.10119959915386958,0.3574229691876751,0.10039173066616058,0.16924406960606575,0.0,0.16288392804563046,1.0934960659360513,"[0.6453781723976135, 0.735014021396637, 0.7002801299095154, 0.7126050591468811]",1.0122,0.2879551820728291,0.284593837535014,0.28627450980392155,0.3266106442577031,0.33165266106442576,0.33165266106442576,0.28739495798319326
17,0.30196078431372547,0.16356025904280513,0.1478906851552739,0.07389475399611332,0.3619047619047619,0.10019847750663757,0.16128409653902054,0.0,0.1552803535014391,1.1310582479927689,"[0.6453781723976135, 0.735014021396637, 0.7002801299095154, 0.7126050591468811]",0.9748,0.25770308123249297,0.2605042016806723,0.24817927170868348,0.2896358543417367,0.2913165266106443,0.2913165266106443,0.25658263305322127
18,0.2605042016806723,0.12126255945239461,0.11653100757800797,0.034848830426533854,0.3411764705882353,0.10240280628204346,0.15376570634543896,0.0,0.1481359675526619,1.110481375013478,"[0.6453781723976135, 0.735014021396637, 0.7002801299095154, 0.7126050591468811]",0.8826,0.28403361344537814,0.2896358543417367,0.3081232492997199,0.34061624649859945,0.3070028011204482,0.3070028011204482,0.28291316526610644
19,0.29747899159663865,0.14383020651210598,0.11887280663594856,0.08121392333071904,0.3226890756302521,0.09781594574451447,0.14672007225453854,0.0,0.1414862424135208,1.0563502779696137,"[0.6453781723976135, 0.735014021396637, 0.7002801299095154, 0.7126050591468811]",0.8721,0.280672268907563,0.2801120448179272,0.2711484593837535,0.30532212885154064,0.3137254901960784,0.3137254901960784,0.27899159663865547
20,0.2784313725490196,0.10426827225245117,0.11056275341627401,0.0461379135856504,0.37030812324929974,0.09677255898714066,0.14016228541731834,0.0,0.1353269163519144,1.0853085869457573,"[0.6453781723976135, 0.735014021396637, 0.7002801299095154, 0.7126050591468811]",0.9292,0.27563025210084036,0.27450980392156865,0.2627450980392157,0.27058823529411763,0.253781512605042,0.253781512605042,0.27563025210084036
21,0.33277310924369746,0.15674977787649935,0.11985245570529682,0.09604675703166463,0.3378151260504202,0.10444562882184982,0.13408440724015236,0.0,0.12967216223478317,1.0700800280319527,"[0.6453781723976135, 0.735014021396637, 0.7002801299095154, 0.7126050591468811]",0.8862,0.26666666666666666,0.2661064425770308,0.27282913165266104,0.28851540616246496,0.28627450980392155,0.28627450980392155,0.2661064425770308
22,0.27675070028011206,0.16054772663938233,0.1207509732661901,0.028881355213016848,0.3574229691876751,0.09984958916902542,0.12849291041493416,0.0,0.12448531482368708,1.0279373080702499,"[0.6453781723976135, 0.735014021396637, 0.7002801299095154, 0.7126050591468811]",0.9022,0.26554621848739496,0.2722689075630252,0.2649859943977591,0.2935574229691877,0.2857142857142857,0.2857142857142857,0.26666666666666666
23,0.23361344537815126,0.09282067133083294,0.10128646261284557,0.0031264739731995776,0.33165266106442576,0.10342797636985779,0.12337156292051077,0.0,0.1197515930980444,0.9941269870614633,"[0.6453781723976135, 0.735014021396637, 0.7002801299095154, 0.7126050591468811]",0.9421,0.27450980392156865,0.2722689075630252,0.2661064425770308,0.2969187675070028,0.29747899159663865,0.29747899159663865,0.2750700280112045
24,0.29523809523809524,0.1362768123712893,0.08833137304032343,0.05423086113386121,0.3596638655462185,0.10240156948566437,0.11871689278632402,0.0,0.11546739283949137,1.1541993799619377,"[0.6453781723976135, 0.735014021396637, 0.7002801299095154, 0.7126050591468811]",0.8708,0.2739495798319328,0.27450980392156865,0.2515406162464986,0.2991596638655462,0.28739495798319326,0.28739495798319326,0.2761904761904762
25,0.31204481792717087,0.15069721343228004,0.10341888134029825,0.06349501979011227,0.3697478991596639,0.10454055666923523,0.11450707726180553,0.0,0.11159898992627859,1.1010029530152678,"[0.6453781723976135, 0.735014021396637, 0.7002801299095154, 0.7126050591468811]",0.9397,0.28515406162464985,0.28403361344537814,0.2733893557422969,0.2957983193277311,0.29187675070028013,0.29187675070028013,0.2879551820728291
26,0.253781512605042,0.0863035455781822,0.07829900197545543,0.02969629879355996,0.33837535014005604,0.1041523888707161,0.11070956476032734,0.0,0.10811444744467735,1.0366552349878475,"[0.6453781723976135, 0.735014021396637, 0.7002801299095154, 0.7126050591468811]",0.8577,0.28403361344537814,0.28515406162464985,0.2784313725490196,0.29635854341736695,0.29747899159663865,0.29747899159663865,0.2823529411764706
27,0.2857142857142857,0.14383207352614213,0.11103357024461943,0.06241482587384275,0.3411764705882353,0.10348805785179138,0.1072857053950429,0.0,0.10495822411030531,1.0025129650020972,"[0.6453781723976135, 0.735014021396637, 0.7002801299095154, 0.7126050591468811]",0.974,0.2649859943977591,0.2627450980392157,0.2593837535014006,0.24985994397759104,0.2515406162464986,0.2515406162464986,0.26442577030812325
28,0.2935574229691877,0.10021826118588584,0.060273991426060006,0.015021212940771744,0.32212885154061627,0.10330576449632645,0.10421106219291687,0.0,0.10212898254394531,1.18244041595608,"[0.6453781723976135, 0.735014021396637, 0.7002801299095154, 0.7126050591468811]",1.0244,0.2571428571428571,0.26218487394957984,0.24873949579831933,0.25882352941176473,0.25322128851540615,0.25322128851540615,0.2571428571428571
29,0.2935574229691877,0.08416024881516593,0.04832646591035452,0.013252993784203092,0.3198879551820728,0.10205773264169693,0.10144522320479155,0.0,0.09957445226609707,1.084809071966447,"[0.6453781723976135, 0.735014021396637, 0.7002801299095154, 0.7126050591468811]",0.8638,0.2638655462184874,0.26330532212885155,0.24873949579831933,0.23585434173669467,0.2319327731092437,0.2319327731092437,0.26330532212885155
30,0.26218487394957984,0.07497996182417621,0.06291499605315129,0.004221537812405723,0.33277310924369746,0.09922128915786743,0.09893981274217367,0.0,0.097240193746984,1.104949728003703,"[0.6453781723976135, 0.735014021396637, 0.7002801299095154, 0.7126050591468811]",0.8933,0.26442577030812325,0.26554621848739496,0.28291316526610644,0.30532212885154064,0.3014005602240896,0.3014005602240896,0.26330532212885155
31,0.311484593837535,0.1422644610779379,0.12164170858518741,0.09257860886079412,0.31820728291316525,0.09898471087217331,0.0966828316450119,0.0,0.09511508978903294,1.0651767839444801,"[0.6453781723976135, 0.735014021396637, 0.7002801299095154, 0.7126050591468811]",0.9866,0.2627450980392157,0.26330532212885155,0.26442577030812325,0.2526610644257703,0.2571428571428571,0.2571428571428571,0.26106442577030814
32,0.24033613445378152,0.048315917941104236,0.08284158654840908,0.005338970857165198,0.323249299719888,0.10068518668413162,0.09465652331709862,0.0,0.0931804096326232,1.089118578005582,"[0.6453781723976135, 0.735014021396637, 0.7002801299095154, 0.7126050591468811]",0.9142,0.2733893557422969,0.27170868347338933,0.25994397759103643,0.2711484593837535,0.2739495798319328,0.2739495798319328,0.27282913165266104
33,0.27450980392156865,0.13645348113950817,0.10028160910293943,0.04144763266156406,0.3366946778711485,0.0976049154996872,0.09276683535426855,0.0,0.09142614621669054,1.072282182984054,"[0.6453781723976135, 0.735014021396637, 0.7002801299095154, 0.7126050591468811]",0.9502,0.2560224089635854,0.2582633053221289,0.24369747899159663,0.24593837535014004,0.24089635854341737,0.24089635854341737,0.253781512605042
34,0.2901960784313726,0.12496986950739986,0.10608055256404343,0.06320569619604523,0.3389355742296919,0.09567099809646606,0.09113965556025505,0.0,0.08985433913767338,1.0108082049991935,"[0.6453781723976135, 0.735014021396637, 0.7002801299095154, 0.7126050591468811]",0.9486,0.26666666666666666,0.2649859943977591,0.24481792717086834,0.2515406162464986,0.2504201680672269,0.2504201680672269,0.2661064425770308
35,0.2638655462184874,0.11240574828998784,0.09722336847992384,0.05416168395607059,0.33725490196078434,0.10043779015541077,0.08988683205097914,0.0,0.08841950912028551,1.0315638480242342,"[0.6453781723976135, 0.735014021396637, 0.7002801299095154, 0.7126050591468811]",1.204,0.2722689075630252,0.27170868347338933,0.27787114845938377,0.30364145658263303,0.2896358543417367,0.2896358543417367,0.2711484593837535
36,0.25658263305322127,0.06598710352080261,0.08186789971046056,-0.015548853006500827,0.33389355742296917,0.09579890966415405,0.08843240514397621,0.0,0.08712689019739628,1.1825417310465127,"[0.6453781723976135, 0.735014021396637, 0.7002801299095154, 0.7126050591468811]",1.2013,0.261624649859944,0.2638655462184874,0.2319327731092437,0.2504201680672269,0.24145658263305322,0.24145658263305322,0.26106442577030814
37,0.27058823529411763,0.05959571926621543,0.06709199854538524,-0.017978968827248646,0.3226890756302521,0.0951225683093071,0.08711184188723564,0.0,0.08596317004412413,1.179553907015361,"[0.6453781723976135, 0.735014021396637, 0.7002801299095154, 0.7126050591468811]",1.0803,0.2700280112044818,0.2750700280112045,0.2649859943977591,0.28179271708683473,0.2739495798319328,0.2739495798319328,0.27058823529411763
38,0.2672268907563025,0.06608725286980233,0.06407948319262792,-0.014039277354451013,0.3176470588235294,0.09366622567176819,0.08598814439028502,0.0,0.08491920866072178,1.1624916209839284,"[0.6453781723976135, 0.735014021396637, 0.7002801299095154, 0.7126050591468811]",1.2972,0.261624649859944,0.26106442577030814,0.26778711484593837,0.2761904761904762,0.25882352941176473,0.25882352941176473,0.261624649859944
39,0.24593837535014004,0.0545405749782879,0.05974324584912231,-0.0036311060526802875,0.3103641456582633,0.09338987618684769,0.08492137677967548,0.0,0.08397433254867792,1.1246058729011565,"[0.6453781723976135, 0.735014021396637, 0.7002801299095154, 0.7126050591468811]",0.9383,0.26554621848739496,0.2649859943977591,0.26666666666666666,0.2823529411764706,0.24985994397759104,0.24985994397759104,0.2649859943977591
40,0.2330532212885154,0.07117401606587503,0.11242077225393171,0.016906821354924193,0.3355742296918767,0.09414570778608322,0.0850859209895134,0.0,0.08321265690028667,1.4412860510637984,"[0.6453781723976135, 0.735014021396637, 0.7002801299095154, 0.7126050591468811]",1.1563,0.2711484593837535,0.27170868347338933,0.2453781512605042,0.253781512605042,0.2593837535014006,0.2593837535014006,0.2700280112044818
41,0.2571428571428571,0.08001134967894397,0.12616352647020165,0.022784303257522766,0.32717086834733894,0.09252898395061493,0.08346685487776995,0.0,0.08243304025381804,1.3707621819339693,"[0.6453781723976135, 0.735014021396637, 0.7002801299095154, 0.7126050591468811]",1.1411,0.2711484593837535,0.2722689075630252,0.29411764705882354,0.2722689075630252,0.26778711484593837,0.26778711484593837,0.2711484593837535
42,0.28179271708683473,0.09807552238523598,0.14242661140549742,0.03220227987563543,0.365266106442577,0.09099801629781723,0.08223325945436954,0.0,0.08164902869611979,1.1266953540034592,"[0.6453781723976135, 0.735014021396637, 0.7002801299095154, 0.7126050591468811]",1.3906,0.27450980392156865,0.27563025210084036,0.2649859943977591,0.24089635854341737,0.23865546218487396,0.23865546218487396,0.2750700280112045
43,0.292436974789916,0.1455510538224516,0.16898459534947305,0.07766573048029993,0.33277310924369746,0.09199625998735428,0.08139379974454641,0.0,0.09286811389029026,1.2518420020351186,"[0.6453781723976135, 0.735014021396637, 0.7002801299095154, 0.7126050591468811]",1.4348,0.27899159663865547,0.2784313725490196,0.2605042016806723,0.3204481792717087,0.3025210084033613,0.3025210084033613,0.2795518207282913
44,0.33501400560224087,0.20927296455789446,0.18638172137990458,0.1184832671856586,0.3876750700280112,0.09284763038158417,0.08102711103856564,0.0,0.09121029544621706,1.2424986279802397,"[0.6453781723976135, 0.735014021396637, 0.7002801299095154, 0.7126050591468811]",1.0408,0.2868347338935574,0.28739495798319326,0.28739495798319326,0.315406162464986,0.3081232492997199,0.3081232492997199,0.28739495798319326
45,0.3131652661064426,0.14903387944909108,0.17133085751808505,0.11004220109043736,0.33053221288515405,0.09494972974061966,0.08045619353652,0.0,0.08985523227602243,1.3831272050738335,"[0.6453781723976135, 0.735014021396637, 0.7002801299095154, 0.7126050591468811]",1.1542,0.2812324929971989,0.2823529411764706,0.29187675070028013,0.3131652661064426,0.29523809523809524,0.29523809523809524,0.28179271708683473
46,0.2980392156862745,0.10350009359396395,0.15528064669107003,0.04862360378564705,0.3865546218487395,0.09752026945352554,0.07997891400009394,0.0,0.08887751866132021,1.227593925083056,"[0.6453781723976135, 0.735014021396637, 0.7002801299095154, 0.7126050591468811]",1.2853,0.27563025210084036,0.2773109243697479,0.30532212885154064,0.29523809523809524,0.2935574229691877,0.2935574229691877,0.27563025210084036
47,0.2801120448179272,0.1388269296400323,0.17067973683450735,0.06805632815941137,0.35798319327731093,0.09962071478366852,0.07955061737447977,0.0,0.08798722550272942,1.26519686402753,"[0.6453781723976135, 0.735014021396637, 0.7002801299095154, 0.7126050591468811]",0.9863,0.3137254901960784,0.3131652661064426,0.3103641456582633,0.3495798319327731,0.3484593837535014,0.3484593837535014,0.31484593837535013
48,0.28179271708683473,0.13013944407868228,0.1912091679910453,0.07856010931750991,0.365266106442577,0.09873044490814209,0.07917742524296045,0.0,0.08718013111501932,1.4473768409807235,"[0.6453781723976135, 0.735014021396637, 0.7002801299095154, 0.7126050591468811]",1.1584,0.280672268907563,0.2823529411764706,0.3081232492997199,0.3686274509803922,0.3630252100840336,0.3630252100840336,0.2823529411764706
49,0.2857142857142857,0.16422242158921774,0.19246264323689716,0.08048551607297488,0.39215686274509803,0.09715639054775238,0.07884392980486155,0.0,0.08572758082300425,1.1571563190082088,"[0.6453781723976135, 0.735014021396637, 0.7002801299095154, 0.7126050591468811]",1.0517,0.28403361344537814,0.28515406162464985,0.29859943977591036,0.34397759103641457,0.3507002801120448,0.3507002801120448,0.28403361344537814
50,0.292436974789916,0.1544577226048397,0.183429804138507,0.08271920417221584,0.3708683473389356,0.09382778406143188,0.07856248877942562,0.0,0.08203780092298985,1.5908807360101491,"[0.6453781723976135, 0.735014021396637, 0.7002801299095154, 0.7126050591468811]",1.8249,0.3187675070028011,0.32100840336134456,0.3215686274509804,0.3787114845938375,0.3803921568627451,0.3803921568627451,0.3187675070028011
51,0.29971988795518206,0.13431309368662536,0.14486227276857372,0.0714339284476569,0.3764705882352941,0.09500785171985626,0.07833494897931814,0.0,0.08306844718754292,1.8435441519832239,"[0.6453781723976135, 0.735014021396637, 0.7002801299095154, 0.7126050591468811]",1.3562,0.30868347338935576,0.31596638655462184,0.37142857142857144,0.3775910364145658,0.3764705882352941,0.3764705882352941,0.3058823529411765
52,0.31204481792717087,0.13354172793594477,0.14463376588258434,0.10122494888364973,0.38375350140056025,0.09712319076061249,0.07810401823371649,0.0,0.08264532312750816,1.4376270560314879,"[0.6453781723976135, 0.735014021396637, 0.7002801299095154, 0.7126050591468811]",1.3524,0.33389355742296917,0.33277310924369746,0.37254901960784315,0.4173669467787115,0.39439775910364144,0.39439775910364144,0.334453781512605
53,0.33165266106442576,0.1639436170709787,0.20842787623082734,0.10559760976073981,0.42016806722689076,0.09751324355602264,0.07789101358503103,0.0,0.08219637535512447,1.4106485369848087,"[0.6453781723976135, 0.735014021396637, 0.7002801299095154, 0.7126050591468811]",1.2903,0.3187675070028011,0.3204481792717087,0.33277310924369746,0.3585434173669468,0.35798319327731093,0.35798319327731093,0.31708683473389354
54,0.27170868347338933,0.1538964154815261,0.16772032364182785,0.04511951646930591,0.35294117647058826,0.09673279523849487,0.07769856415688992,0.0,0.08178128860890865,1.4756970449816436,"[0.6453781723976135, 0.735014021396637, 0.7002801299095154, 0.7126050591468811]",1.7722,0.33613445378151263,0.3378151260504202,0.365266106442577,0.43025210084033616,0.4011204481792717,0.4011204481792717,0.334453781512605
55,0.30084033613445377,0.1740180229350451,0.17885098310197436,0.07821031854181591,0.3708683473389356,0.09759971499443054,0.07751685008406639,0.0,0.08117970172315836,1.459154273965396,"[0.6453781723976135, 0.735014021396637, 0.7002801299095154, 0.7126050591468811]",1.3383,0.35910364145658263,0.36358543417366945,0.365266106442577,0.39215686274509803,0.3831932773109244,0.3831932773109244,0.35798319327731093
56,0.2896358543417367,0.16720263860087048,0.2177256440059832,0.08062220488044501,0.41680672268907565,0.09756329655647278,0.07734887767583132,0.0,0.08109329175204039,1.3826835179934278,"[0.6453781723976135, 0.735014021396637, 0.7002801299095154, 0.7126050591468811]",1.2055,0.3467787114845938,0.3484593837535014,0.3787114845938375,0.34285714285714286,0.34397759103641457,0.34397759103641457,0.34789915966386553
57,0.2683473389355742,0.15408706784220194,0.18734885332803572,0.04472485810494842,0.37591036414565826,0.0967155247926712,0.07718880474567413,0.0,0.08087311126291752,1.54554838698823,"[0.6453781723976135, 0.735014021396637, 0.7002801299095154, 0.7126050591468811]",1.632,0.3322128851540616,0.33277310924369746,0.33837535014005604,0.38095238095238093,0.35910364145658263,0.35910364145658263,0.3299719887955182
58,0.2868347338935574,0.15910194372364228,0.2338744181144694,0.11798919211955697,0.42745098039215684,0.0984920859336853,0.07703894283622503,0.0,0.08031668793410063,1.4465316709829494,"[0.6453781723976135, 0.735014021396637, 0.7002801299095154, 0.7126050591468811]",1.6283,0.4,0.4016806722689076,0.4184873949579832,0.4196078431372549,0.4184873949579832,0.4184873949579832,0.39775910364145656
59,0.29859943977591036,0.17182633856242668,0.2419921518257523,0.12499701694416164,0.42745098039215684,0.09745436161756516,0.0769028440117836,0.0,0.08012543059885502,1.3608478920068592,"[0.6453781723976135, 0.735014021396637, 0.7002801299095154, 0.7126050591468811]",1.4461,0.3619047619047619,0.3753501400560224,0.41120448179271707,0.434733893557423,0.4196078431372549,0.4196078431372549,0.35798319327731093
60,0.32492997198879553,0.19057854766439342,0.2624150607361883,0.13608787863444258,0.4481792717086835,0.10068310797214508,0.07677508611232042,0.0,0.0798435490578413,1.7956463060108945,"[0.6453781723976135, 0.735014021396637, 0.7002801299095154, 0.7126050591468811]",1.5697,0.3137254901960784,0.3204481792717087,0.3563025210084034,0.4084033613445378,0.3803921568627451,0.3803921568627451,0.3131652661064426
61,0.3002801120448179,0.17717284033543979,0.2545729708441243,0.13318000939508504,0.4184873949579832,0.09796103835105896,0.07665902748703957,0.0,0.07960747182369232,1.6096085059689358,"[0.6453781723976135, 0.735014021396637, 0.7002801299095154, 0.7126050591468811]",1.5449,0.3378151260504202,0.3400560224089636,0.35910364145658263,0.396078431372549,0.3826330532212885,0.3826330532212885,0.3366946778711485
62,0.3042016806722689,0.17514200808944747,0.25745161119838034,0.13066300732331507,0.45714285714285713,0.09582619369029999,0.07655251491814852,0.0,0.07943407632410526,1.498856218997389,"[0.6453781723976135, 0.735014021396637, 0.7002801299095154, 0.7126050591468811]",1.5378,0.3103641456582633,0.31820728291316525,0.35910364145658263,0.3949579831932773,0.3983193277310924,0.3983193277310924,0.30868347338935576
63,0.29635854341736695,0.1782596313391417,0.2396023061985692,0.1203237502015052,0.42240896358543417,0.09782874584197998,0.07645847089588642,0.0,0.07903382927179337,1.6565478289267048,"[0.6453781723976135, 0.735014021396637, 0.7002801299095154, 0.7126050591468811]",1.7577,0.36246498599439775,0.3719887955182073,0.3988795518207283,0.39215686274509803,0.37703081232492996,0.37703081232492996,0.3585434173669468
64,0.280672268907563,0.15129678728541152,0.22558430922806438,0.09543751368757629,0.3988795518207283,0.09996578842401505,0.07637586817145348,0.0,0.0789314704015851,1.5972125339321792,"[0.6453781723976135, 0.735014021396637, 0.7002801299095154, 0.7126050591468811]",1.5039,0.32212885154061627,0.32941176470588235,0.36470588235294116,0.4296918767507003,0.4011204481792717,0.4011204481792717,0.31932773109243695
65,0.334453781512605,0.21294397582468894,0.23181844400697227,0.12105750951297344,0.43249299719887957,0.0978332906961441,0.07629835326224566,0.0,0.07855925802141428,1.6849295819411054,"[0.6453781723976135, 0.735014021396637, 0.7002801299095154, 0.7126050591468811]",1.5607,0.3058823529411765,0.3131652661064426,0.3798319327731092,0.4128851540616246,0.39943977591036417,0.39943977591036417,0.30364145658263303
66,0.2957983193277311,0.17631020658094276,0.20379004527341407,0.0648693993116342,0.37142857142857144,0.09850414097309113,0.07623968087136745,0.0,0.07839497644454241,1.654795877984725,"[0.6453781723976135, 0.735014021396637, 0.7002801299095154, 0.7126050591468811]",1.4558,0.3596638655462185,0.3686274509803922,0.3983193277310924,0.42296918767507,0.4246498599439776,0.4246498599439776,0.3557422969187675
67,0.31204481792717087,0.19084345372722977,0.24287468462254225,0.12917236604411922,0.42521008403361343,0.09747789055109024,0.07617836259305477,0.0,0.0783046679571271,1.554182396037504,"[0.6453781723976135, 0.735014021396637, 0.7002801299095154, 0.7126050591468811]",1.2072,0.3014005602240896,0.3070028011204482,0.3507002801120448,0.4005602240896359,0.3899159663865546,0.3899159663865546,0.30084033613445377
68,0.30532212885154064,0.1805615304477628,0.23780972379272408,0.11926591880182422,0.42633053221288514,0.09776259958744049,0.07612220570445061,0.0,0.07832019776105881,1.3732018650043756,"[0.6453781723976135, 0.735014021396637, 0.7002801299095154, 0.7126050591468811]",1.2742,0.315406162464986,0.3165266106442577,0.3310924369747899,0.3484593837535014,0.34061624649859945,0.34061624649859945,0.3131652661064426
69,0.3030812324929972,0.1712510468808548,0.22873879677945325,0.10979873865997328,0.42745098039215684,0.09939704835414886,0.0760727422311902,0.0,0.0782777750864625,1.5613809049827978,"[0.6453781723976135, 0.735014021396637, 0.7002801299095154, 0.7126050591468811]",1.7714,0.3288515406162465,0.33725490196078434,0.3843137254901961,0.4207282913165266,0.41680672268907565,0.41680672268907565,0.3254901960784314
70,0.2812324929971989,0.15311714999203097,0.20945837058363276,0.06474142091028787,0.3753501400560224,0.10304522514343262,0.07602826785296202,0.0,0.07816164661198854,1.42761477897875,"[0.6453781723976135, 0.735014021396637, 0.7002801299095154, 0.7126050591468811]",1.3245,0.3226890756302521,0.32492997198879553,0.33613445378151263,0.38487394957983195,0.36470588235294116,0.36470588235294116,0.3198879551820728
71,0.3137254901960784,0.19225309163016646,0.23328142220393935,0.11415440259423514,0.4134453781512605,0.10208532214164734,0.07598481327295303,0.0,0.07810759171843529,1.2758973750751466,"[0.6453781723976135, 0.735014021396637, 0.7002801299095154, 0.7126050591468811]",1.4825,0.33837535014005604,0.34509803921568627,0.3803921568627451,0.4084033613445378,0.39943977591036417,0.39943977591036417,0.3378151260504202
72,0.34285714285714286,0.21466831649188844,0.2505809425443867,0.13478881707326928,0.4369747899159664,0.0997941866517067,0.075942219235003,0.0,0.07797516323626041,1.2529525089776143,"[0.6453781723976135, 0.735014021396637, 0.7002801299095154, 0.7126050591468811]",1.5443,0.33725490196078434,0.34285714285714286,0.3854341736694678,0.42745098039215684,0.42240896358543417,0.42240896358543417,0.3310924369747899
73,0.33613445378151263,0.21300688685247404,0.23027776810633585,0.12093434512056897,0.430812324929972,0.1001129224896431,0.0759049728512764,0.0,0.07780992425978184,1.3891997709870338,"[0.6453781723976135, 0.735014021396637, 0.7002801299095154, 0.7126050591468811]",1.1098,0.33053221288515405,0.33613445378151263,0.34397759103641457,0.373109243697479,0.37254901960784315,0.37254901960784315,0.33053221288515405
74,0.27450980392156865,0.1414374207484982,0.2138266599819483,0.07337903030217456,0.37478991596638656,0.10105478763580322,0.07587298192083836,0.0,0.07778879348188639,1.2009875170188025,"[0.6453781723976135, 0.735014021396637, 0.7002801299095154, 0.7126050591468811]",1.2817,0.3176470588235294,0.3204481792717087,0.35798319327731093,0.38095238095238093,0.37591036414565826,0.37591036414565826,0.3165266106442577
75,0.323249299719888,0.1936707634789262,0.22400704518805215,0.11046745887885856,0.41120448179271707,0.10688021779060364,0.0758413439616561,0.0,0.07770801242440939,1.1986173309851438,"[0.6453781723976135, 0.735014021396637, 0.7002801299095154, 0.7126050591468811]",1.484,0.3266106442577031,0.33165266106442576,0.37366946778711485,0.4050420168067227,0.4072829131652661,0.4072829131652661,0.323249299719888
76,0.342296918767507,0.2148613562027224,0.2520882187740457,0.13598940930260361,0.453781512605042,0.10408245027065277,0.0758112957701087,0.0,0.07774674147367477,1.2791036340640858,"[0.6453781723976135, 0.735014021396637, 0.7002801299095154, 0.7126050591468811]",1.1256,0.32212885154061627,0.33277310924369746,0.37366946778711485,0.4095238095238095,0.4117647058823529,0.4117647058823529,0.3204481792717087
77,0.27787114845938377,0.1653307910886489,0.2208378686117303,0.084222475264989,0.40336134453781514,0.10247792303562164,0.07581796403974295,0.0,0.07624121010303497,1.2792518880451098,"[0.6453781723976135, 0.735014021396637, 0.7002801299095154, 0.7126050591468811]",1.2834,0.31204481792717087,0.31932773109243695,0.36582633053221286,0.4072829131652661,0.403921568627451,0.403921568627451,0.30756302521008405
78,0.2896358543417367,0.17538055281396503,0.21354841227921068,0.07362747806585311,0.3904761904761905,0.10263244062662125,0.07575867418199778,0.0,0.07802785094827414,1.434563677990809,"[0.6453781723976135, 0.735014021396637, 0.7002801299095154, 0.7126050591468811]",1.2351,0.3215686274509804,0.32492997198879553,0.38711484593837536,0.4162464985994398,0.4128851540616246,0.4128851540616246,0.3137254901960784
79,0.3047619047619048,0.1858843773050135,0.22961161159098945,0.0931047235080607,0.39775910364145656,0.10040993988513947,0.0757485143840313,0.0,0.07824269309639931,1.240467495052144,"[0.6453781723976135, 0.735014021396637, 0.7002801299095154, 0.7126050591468811]",1.2918,0.3792717086834734,0.38599439775910366,0.4084033613445378,0.4459383753501401,0.4436974789915966,0.4436974789915966,0.3742296918767507
80,0.29971988795518206,0.18273032719723292,0.21180585290712992,0.06678016889618672,0.37254901960784315,0.09919388592243195,0.07571522612124681,0.0,0.07814713940024376,1.2766573859844357,"[0.6453781723976135, 0.735014021396637, 0.7002801299095154, 0.7126050591468811]",1.2278,0.33949579831932775,0.34173669467787116,0.37366946778711485,0.41680672268907565,0.4005602240896359,0.4005602240896359,0.34061624649859945
81,0.323249299719888,0.19948530173369128,0.2413518391654622,0.11890194707746207,0.42016806722689076,0.0982016772031784,0.07568652834743261,0.0,0.0780120063573122,1.2306860230164602,"[0.6453781723976135, 0.735014021396637, 0.7002801299095154, 0.7126050591468811]",1.6326,0.3411764705882353,0.3473389355742297,0.3803921568627451,0.4196078431372549,0.41792717086834735,0.41792717086834735,0.33725490196078434
82,0.29747899159663865,0.17846545146248416,0.23516827688685818,0.1060151266532371,0.41008403361344536,0.0983743667602539,0.07566020358353853,0.0,0.07789726182818413,1.1882935320027173,"[0.6453781723976135, 0.735014021396637, 0.7002801299095154, 0.7126050591468811]",1.1674,0.3557422969187675,0.365266106442577,0.3887955182072829,0.44425770308123247,0.4330532212885154,0.4330532212885154,0.35126050420168065
83,0.2733893557422969,0.1587977702088449,0.22204157085330298,0.08181274296395899,0.39663865546218485,0.09957961738109589,0.07563523016870022,0.0,0.07780400663614273,1.3801558800041676,"[0.6453781723976135, 0.735014021396637, 0.7002801299095154, 0.7126050591468811]",1.2408,0.39103641456582633,0.4016806722689076,0.44873949579831934,0.47675070028011207,0.47058823529411764,0.47058823529411764,0.3915966386554622
84,0.2812324929971989,0.1496692474376703,0.23420146476033715,0.08651015642110846,0.39551820728291315,0.10037728399038315,0.07560876477509737,0.0,0.07772267796099186,1.2445487800287083,"[0.6453781723976135, 0.735014021396637, 0.7002801299095154, 0.7126050591468811]",1.238,0.35406162464985996,0.3574229691876751,0.42633053221288514,0.45546218487394957,0.4526610644257703,0.4526610644257703,0.35126050420168065
85,0.3126050420168067,0.2014887445458151,0.22841531602645168,0.10382086793698053,0.3988795518207283,0.0980372205376625,0.07558015920221806,0.0,0.07762031815946102,1.1220206120051444,"[0.6453781723976135, 0.735014021396637, 0.7002801299095154, 0.7126050591468811]",1.2307,0.3434173669467787,0.35014005602240894,0.37030812324929974,0.41904761904761906,0.4095238095238095,0.4095238095238095,0.34061624649859945
86,0.2896358543417367,0.16087664955705938,0.20397580934890638,0.06792166004449812,0.38599439775910366,0.0960470587015152,0.07555328216403723,0.0,0.07755516469478607,1.3111686499323696,"[0.6453781723976135, 0.735014021396637, 0.7002801299095154, 0.7126050591468811]",1.1738,0.3675070028011205,0.37591036414565826,0.4207282913165266,0.4504201680672269,0.44313725490196076,0.44313725490196076,0.36022408963585434
87,0.26778711484593837,0.14843847810701094,0.21671628235892748,0.0826324610980179,0.3876750700280112,0.10458073019981384,0.07550533954054117,0.0,0.0775040639564395,1.5868311489466578,"[0.6453781723976135, 0.735014021396637, 0.7002801299095154, 0.7126050591468811]",1.1891,0.33389355742296917,0.342296918767507,0.40784313725490196,0.434733893557423,0.3983193277310924,0.3983193277310924,0.3310924369747899
88,0.2739495798319328,0.07323174254193832,0.19652019034438487,0.03562667181298694,0.38599439775910366,0.10554692149162292,0.07545896247029305,0.0,0.07742972485721111,1.172976000001654,"[0.6453781723976135, 0.735014021396637, 0.7002801299095154, 0.7126050591468811]",0.9597,0.33053221288515405,0.3378151260504202,0.4028011204481793,0.4296918767507003,0.4,0.4,0.32605042016806723
89,0.2957983193277311,0.18517866189242338,0.23141482265377672,0.09129153835875124,0.40560224089635855,0.1027279943227768,0.07543422468006611,0.0,0.0772765576839447,1.1207791049964726,"[0.6453781723976135, 0.735014021396637, 0.7002801299095154, 0.7126050591468811]",1.0281,0.34173669467787116,0.35294117647058826,0.4330532212885154,0.45098039215686275,0.41120448179271707,0.41120448179271707,0.3389355742296919
90,0.3025210084033613,0.18783843491360086,0.21929567064685562,0.0926166183916842,0.3983193277310924,0.10253407806158066,0.0754196448251605,0.0,0.07723538298159838,1.3173500169068575,"[0.6453781723976135, 0.735014021396637, 0.7002801299095154, 0.7126050591468811]",1.0578,0.3176470588235294,0.3288515406162465,0.3938375350140056,0.41904761904761906,0.403921568627451,0.403921568627451,0.3165266106442577
91,0.3204481792717087,0.18342097998307405,0.2420454702157618,0.1294080995832768,0.4369747899159664,0.10350728034973145,0.07543218601495028,0.0,0.07722417823970318,1.0862175850197673,"[0.6453781723976135, 0.735014021396637, 0.7002801299095154, 0.7126050591468811]",1.4968,0.3596638655462185,0.3686274509803922,0.42521008403361343,0.4414565826330532,0.43025210084033616,0.43025210084033616,0.3574229691876751
92,0.2560224089635854,0.14144648201966226,0.21700369182305154,0.0775161370596648,0.39775910364145656,0.1025574654340744,0.07540504448115826,0.0,0.07713722996413708,1.2282337709330022,"[0.6453781723976135, 0.735014021396637, 0.7002801299095154, 0.7126050591468811]",1.2556,0.3815126050420168,0.3904761904761905,0.4184873949579832,0.4504201680672269,0.43025210084033616,0.43025210084033616,0.37815126050420167
93,0.3042016806722689,0.17681734789016212,0.23452715769535762,0.11731969542564429,0.4128851540616246,0.10305577516555786,0.07537807617336512,0.0,0.0770594822242856,1.3349789050407708,"[0.6453781723976135, 0.735014021396637, 0.7002801299095154, 0.7126050591468811]",0.9965,0.36022408963585434,0.37142857142857144,0.42128851540616247,0.44425770308123247,0.430812324929972,0.430812324929972,0.3596638655462185
94,0.3400560224089636,0.2095178304248776,0.22589448941085322,0.11832997821673089,0.4196078431372549,0.1045849472284317,0.07534465938806534,0.0,0.0772396707907319,1.1643750499933958,"[0.6453781723976135, 0.735014021396637, 0.7002801299095154, 0.7126050591468811]",1.0125,0.36022408963585434,0.36582633053221286,0.41792717086834735,0.4638655462184874,0.4448179271708683,0.4448179271708683,0.35406162464985996
95,0.3686274509803922,0.23610918611649578,0.23041320988031805,0.12384051398695424,0.38935574229691877,0.10881665349006653,0.07532494328916073,0.0,0.07709653489291668,1.3811674400931224,"[0.6453781723976135, 0.735014021396637, 0.7002801299095154, 0.7126050591468811]",0.9784,0.36022408963585434,0.36470588235294116,0.41904761904761906,0.45714285714285713,0.4414565826330532,0.4414565826330532,0.35406162464985996
96,0.30196078431372547,0.17996001027948938,0.23870870379233436,0.1110173803632337,0.426890756302521,0.1098947525024414,0.0753016397356987,0.0,0.07691914588212967,1.1189800129504874,"[0.6453781723976135, 0.735014021396637, 0.7002801299095154, 0.7126050591468811]",1.0391,0.35406162464985996,0.3680672268907563,0.3927170868347339,0.42521008403361343,0.4207282913165266,0.4207282913165266,0.346218487394958
97,0.3243697478991597,0.20529427269646416,0.23930766774250295,0.11668074393723385,0.4128851540616246,0.10599687695503235,0.07527528051286936,0.0,0.07692747469991446,1.3859480259707198,"[0.6453781723976135, 0.735014021396637, 0.7002801299095154, 0.7126050591468811]",1.2562,0.3563025210084034,0.36134453781512604,0.3680672268907563,0.42408963585434173,0.4028011204481793,0.4028011204481793,0.3568627450980392
98,0.3467787114845938,0.22482384222281893,0.2601048722438151,0.15429700841218016,0.4369747899159664,0.1025775745511055,0.0752481771633029,0.0,0.07682154513895512,1.1943816400598735,"[0.6453781723976135, 0.735014021396637, 0.7002801299095154, 0.7126050591468811]",1.4554,0.365266106442577,0.3675070028011205,0.4061624649859944,0.44873949579831934,0.42296918767507,0.42296918767507,0.36358543417366945
99,0.315406162464986,0.19459035533332303,0.24537840123076948,0.11401416169535784,0.4061624649859944,0.10173104703426361,0.07522913441061974,0.0,0.07665521651506424,1.2421323780436069,"[0.6453781723976135, 0.735014021396637, 0.7002801299095154, 0.7126050591468811]",1.0724,0.35294117647058826,0.3535014005602241,0.3843137254901961,0.42240896358543417,0.40896358543417366,0.40896358543417366,0.3574229691876751
100,0.28851540616246496,0.17478011245370562,0.24360096812999346,0.10554686357469004,0.4128851540616246,0.10436561703681946,0.07520422153174877,0.0,0.07648997381329536,1.2145773390075192,"[0.6453781723976135, 0.735014021396637, 0.7002801299095154, 0.7126050591468811]",1.2779,0.37142857142857144,0.37478991596638656,0.42240896358543417,0.46330532212885156,0.4436974789915966,0.4436974789915966,0.37030812324929974
101,0.3187675070028011,0.19223976176848656,0.25585698814426433,0.1287021355488717,0.43137254901960786,0.10374745726585388,0.07518571522086859,0.0,0.0768313966691494,1.5119823479326442,"[0.6453781723976135, 0.735014021396637, 0.7002801299095154, 0.7126050591468811]",1.2541,0.3854341736694678,0.39439775910364144,0.41568627450980394,0.39215686274509803,0.37703081232492996,0.37703081232492996,0.38095238095238093
102,0.3137254901960784,0.1917739003541724,0.22391039455733402,0.10610331463054322,0.41680672268907565,0.10376308113336563,0.07515714317560196,0.0,0.07688507717102766,1.1440950849791989,"[0.6453781723976135, 0.735014021396637, 0.7002801299095154, 0.7126050591468811]",1.1006,0.38375350140056025,0.38487394957983195,0.3787114845938375,0.42016806722689076,0.39943977591036417,0.39943977591036417,0.3826330532212885
103,0.3557422969187675,0.23795427614287357,0.2504972761868908,0.15244547250643253,0.4492997198879552,0.10322775691747665,0.07512961234897375,0.0,0.07698375172913074,1.476048854063265,"[0.6453781723976135, 0.735014021396637, 0.7002801299095154, 0.7126050591468811]",1.386,0.35406162464985996,0.3535014005602241,0.41904761904761906,0.43641456582633054,0.4291316526610644,0.4291316526610644,0.3535014005602241
104,0.3165266106442577,0.19845794158610874,0.26641808914269893,0.1432152596213717,0.4425770308123249,0.10203982144594193,0.07509285025298595,0.0,0.07683913968503475,1.4880623029312119,"[0.6453781723976135, 0.735014021396637, 0.7002801299095154, 0.7126050591468811]",1.4148,0.35406162464985996,0.35798319327731093,0.4084033613445378,0.43865546218487395,0.4336134453781513,0.4336134453781513,0.3456582633053221
105,0.3226890756302521,0.19437219853983423,0.25043790006349853,0.1340465731624439,0.4280112044817927,0.10387757420539856,0.07506922911852598,0.0,0.07672339025884867,1.5007698920089751,"[0.6453781723976135, 0.735014021396637, 0.7002801299095154, 0.7126050591468811]",1.4589,0.3742296918767507,0.3831932773109244,0.4369747899159664,0.4661064425770308,0.45434173669467787,0.45434173669467787,0.3697478991596639
106,0.32100840336134456,0.20341196041913823,0.24278888538817553,0.13376517004414915,0.44985994397759105,0.1040397509932518,0.07505038101226091,0.0,0.07656404282897711,1.3410519789904356,"[0.6453781723976135, 0.735014021396637, 0.7002801299095154, 0.7126050591468811]",0.9096,0.3792717086834734,0.38599439775910366,0.41680672268907565,0.4526610644257703,0.4392156862745098,0.4392156862745098,0.3764705882352941
107,0.33501400560224087,0.20538492868024127,0.24556442159928069,0.14394248095015208,0.4123249299719888,0.10243289172649384,0.07502739690244198,0.0,0.07648310530930758,1.423890401958488,"[0.6453781723976135, 0.735014021396637, 0.7002801299095154, 0.7126050591468811]",1.0554,0.3742296918767507,0.3815126050420168,0.39439775910364144,0.4425770308123249,0.4207282913165266,0.4207282913165266,0.37366946778711485
108,0.28739495798319326,0.183431263176293,0.24685312962392644,0.10809697276396822,0.42128851540616247,0.10396836698055267,0.0750012556090951,0.0,0.07635773066431284,1.5187780840788037,"[0.6453781723976135, 0.735014021396637, 0.7002801299095154, 0.7126050591468811]",1.3618,0.3686274509803922,0.3719887955182073,0.38823529411764707,0.4425770308123249,0.430812324929972,0.430812324929972,0.37030812324929974
109,0.29411764705882354,0.1832419893001832,0.22194114305739737,0.08264728910224321,0.4072829131652661,0.10513345897197723,0.07499544508755207,0.0,0.07602766249328852,1.6212275859434158,"[0.6453781723976135, 0.735014021396637, 0.7002801299095154, 0.7126050591468811]",1.4434,0.37591036414565826,0.3815126050420168,0.38207282913165264,0.4296918767507003,0.42128851540616247,0.42128851540616247,0.37254901960784315
110,0.3238095238095238,0.2123639227109514,0.23809998871989396,0.10382056948610272,0.4028011204481793,0.10682055354118347,0.07497520744800568,0.0,0.0762129807844758,1.2103788019157946,"[0.6453781723976135, 0.735014021396637, 0.7002801299095154, 0.7126050591468811]",1.1416,0.3187675070028011,0.3243697478991597,0.3563025210084034,0.4380952380952381,0.39215686274509803,0.39215686274509803,0.3126050420168067
111,0.28291316526610644,0.1585627509341324,0.22425240189111595,0.07473200776471334,0.373109243697479,0.10606911778450012,0.07496181130409241,0.0,0.0760615412145853,1.195381575031206,"[0.6453781723976135, 0.735014021396637, 0.7002801299095154, 0.7126050591468811]",1.0543,0.36582633053221286,0.36582633053221286,0.37142857142857144,0.42521008403361343,0.41904761904761906,0.41904761904761906,0.36470588235294116
112,0.31820728291316525,0.2093666438467594,0.2515687747124652,0.12594974917466809,0.434733893557423,0.10499679297208786,0.07494542468339205,0.0,0.07623008359223604,1.3331968289567158,"[0.6453781723976135, 0.735014021396637, 0.7002801299095154, 0.7126050591468811]",1.0451,0.34173669467787116,0.34285714285714286,0.3675070028011205,0.42857142857142855,0.3843137254901961,0.3843137254901961,0.3355742296918767
113,0.2739495798319328,0.16545695394818483,0.23924529839653785,0.09028994128801104,0.4061624649859944,0.10637669265270233,0.07492357213050127,0.0,0.07614197954535484,1.3207052838988602,"[0.6453781723976135, 0.735014021396637, 0.7002801299095154, 0.7126050591468811]",1.111,0.40784313725490196,0.4106442577030812,0.39775910364145656,0.4526610644257703,0.4280112044817927,0.4280112044817927,0.4028011204481793
114,0.25994397759103643,0.13910608120639822,0.22057344757344263,0.06385867615674427,0.37366946778711485,0.10531739890575409,0.07491152733564377,0.0,0.07607444282621145,1.3655040400335565,"[0.6453781723976135, 0.735014021396637, 0.7002801299095154, 0.7126050591468811]",1.032,0.3826330532212885,0.39103641456582633,0.38599439775910366,0.42296918767507,0.41120448179271707,0.41120448179271707,0.38487394957983195
115,0.2784313725490196,0.1542014747799676,0.22511056109389813,0.058343205839335104,0.3719887955182073,0.10824055969715118,0.07489025872200727,0.0,0.07613127771764994,1.299861031002365,"[0.6453781723976135, 0.735014021396637, 0.7002801299095154, 0.7126050591468811]",1.576,0.3546218487394958,0.3641456582633053,0.37254901960784315,0.4162464985994398,0.4106442577030812,0.4106442577030812,0.3546218487394958
116,0.2991596638655462,0.19809420180560644,0.23904996971851644,0.09335662372263928,0.403921568627451,0.10906568169593811,0.07485757768154144,0.0,0.07559029385447502,1.6134491749107838,"[0.6453781723976135, 0.735014021396637, 0.7002801299095154, 0.7126050591468811]",1.5599,0.37142857142857144,0.3764705882352941,0.3865546218487395,0.40336134453781514,0.38375350140056025,0.38375350140056025,0.3680672268907563
117,0.3165266106442577,0.20414573667774605,0.2554177129253349,0.13362992453772013,0.45434173669467787,0.10737837851047516,0.07484645955264568,0.0,0.07715408690273762,1.5825645489385352,"[0.6453781723976135, 0.735014021396637, 0.7002801299095154, 0.7126050591468811]",2.6395,0.334453781512605,0.342296918767507,0.3557422969187675,0.41400560224089633,0.4005602240896359,0.4005602240896359,0.3333333333333333
118,0.3288515406162465,0.2120456862649005,0.2500970798471045,0.11984246371025817,0.4184873949579832,0.10628706216812134,0.07480551954358816,0.0,0.07670383621007204,1.4221396199427545,"[0.6453781723976135, 0.735014021396637, 0.7002801299095154, 0.7126050591468811]",1.2748,0.39663865546218485,0.40336134453781514,0.3988795518207283,0.45714285714285713,0.44313725490196076,0.44313725490196076,0.39551820728291315
119,0.2739495798319328,0.16753930092819502,0.230966413721258,0.08039044131825619,0.3949579831932773,0.106202632188797,0.07476756069809198,0.0,0.07648170460015535,1.4999073329381645,"[0.6453781723976135, 0.735014021396637, 0.7002801299095154, 0.7126050591468811]",1.3255,0.36582633053221286,0.3619047619047619,0.40224089635854343,0.4392156862745098,0.42128851540616247,0.42128851540616247,0.36470588235294116
120,0.2750700280112045,0.1641268529301283,0.2331223316210699,0.08105882097648195,0.3899159663865546,0.10373193770647049,0.07475583255290985,0.0,0.07619970850646496,1.3364702399121597,"[0.6453781723976135, 0.735014021396637, 0.7002801299095154, 0.7126050591468811]",0.9921,0.39327731092436974,0.3938375350140056,0.4061624649859944,0.4459383753501401,0.4403361344537815,0.4403361344537815,0.3949579831932773
121,0.27899159663865547,0.16347807152017713,0.2402272906622166,0.07181068035832323,0.39215686274509803,0.10456995666027069,0.07475268840789795,0.0,0.07632815279066563,1.4793983770068735,"[0.6453781723976135, 0.735014021396637, 0.7002801299095154, 0.7126050591468811]",1.4567,0.37815126050420167,0.3775910364145658,0.42296918767507,0.45714285714285713,0.4414565826330532,0.4414565826330532,0.3764705882352941
122,0.2957983193277311,0.17121093416694466,0.2395075034114166,0.08777169362684041,0.4084033613445378,0.10582992434501648,0.07473390735685825,0.0,0.07603883557021618,1.7902084689121693,"[0.6453781723976135, 0.735014021396637, 0.7002801299095154, 0.7126050591468811]",1.7389,0.4218487394957983,0.42521008403361343,0.4173669467787115,0.4425770308123249,0.43641456582633054,0.43641456582633054,0.41568627450980394
123,0.31484593837535013,0.19924827336527684,0.2404837502394859,0.0877743353482827,0.38487394957983195,0.10506872832775116,0.07470864802598953,0.0,0.07630700897425413,1.4978931380901486,"[0.6453781723976135, 0.735014021396637, 0.7002801299095154, 0.7126050591468811]",1.3063,0.3988795518207283,0.3843137254901961,0.4134453781512605,0.4470588235294118,0.44537815126050423,0.44537815126050423,0.4016806722689076
124,0.3243697478991597,0.2084379453825823,0.25352065879454155,0.12861239323439191,0.4336134453781513,0.10617360472679138,0.07468786183744669,0.0,0.07623758632689714,1.502566423965618,"[0.6453781723976135, 0.735014021396637, 0.7002801299095154, 0.7126050591468811]",1.3104,0.3596638655462185,0.3630252100840336,0.3865546218487395,0.4481792717086835,0.3899159663865546,0.3899159663865546,0.35126050420168065
125,0.323249299719888,0.2009169732323417,0.23039340247980872,0.09277485649457133,0.40784313725490196,0.10796336084604263,0.07466763816773891,0.0,0.0761676300317049,1.3627129530068487,"[0.6453781723976135, 0.735014021396637, 0.7002801299095154, 0.7126050591468811]",1.2638,0.36134453781512604,0.3675070028011205,0.3686274509803922,0.42408963585434173,0.41456582633053224,0.41456582633053224,0.3568627450980392
126,0.280672268907563,0.17888842514057246,0.2350224423847571,0.07820514722481722,0.4011204481792717,0.10669754445552826,0.07464690413326025,0.0,0.07609162107110023,1.9199582090368494,"[0.6453781723976135, 0.735014021396637, 0.7002801299095154, 0.7126050591468811]",1.4705,0.3574229691876751,0.3663865546218487,0.403921568627451,0.44537815126050423,0.434733893557423,0.434733893557423,0.3574229691876751
127,0.27787114845938377,0.17211664880790034,0.22337360792284391,0.06878718245958383,0.3887955182072829,0.10566890984773636,0.07462608721107244,0.0,0.07611259631812572,1.4226465950487182,"[0.6453781723976135, 0.735014021396637, 0.7002801299095154, 0.7126050591468811]",1.1609,0.3596638655462185,0.36582633053221286,0.40896358543417366,0.4425770308123249,0.4403361344537815,0.4403361344537815,0.35798319327731093
128,0.3243697478991597,0.20836866673972387,0.2661341784196137,0.13150985309873353,0.43977591036414565,0.10682544112205505,0.07460358459502459,0.0,0.07613575924187899,1.3083474079612643,"[0.6453781723976135, 0.735014021396637, 0.7002801299095154, 0.7126050591468811]",0.8766,0.3787114845938375,0.3887955182072829,0.37815126050420167,0.430812324929972,0.42128851540616247,0.42128851540616247,0.37366946778711485
129,0.33053221288515405,0.22040522152980135,0.23927777332788086,0.10569558224236462,0.426890756302521,0.10833625495433807,0.07458162121474743,0.0,0.07613798882812262,1.0115195059916005,"[0.6453781723976135, 0.735014021396637, 0.7002801299095154, 0.7126050591468811]",1.2033,0.3473389355742297,0.35294117647058826,0.3585434173669468,0.4084033613445378,0.41120448179271707,0.41120448179271707,0.34509803921568627
130,0.31820728291316525,0.20320333281004477,0.25297016113111404,0.11673465678108483,0.42408963585434173,0.10593242943286896,0.07456698641180992,0.0,0.07615804020315409,1.160035213921219,"[0.6453781723976135, 0.735014021396637, 0.7002801299095154, 0.7126050591468811]",1.0463,0.3753501400560224,0.3798319327731092,0.38935574229691877,0.43753501400560224,0.42633053221288514,0.42633053221288514,0.37366946778711485
131,0.3165266106442577,0.20897260517791116,0.2480990200841187,0.10734134834752058,0.41400560224089633,0.10392916202545166,0.07454682141542435,0.0,0.07610326632857323,1.533585280063562,"[0.6453781723976135, 0.735014021396637, 0.7002801299095154, 0.7126050591468811]",1.3233,0.4134453781512605,0.4072829131652661,0.4162464985994398,0.46050420168067224,0.4565826330532213,0.4565826330532213,0.4162464985994398
132,0.29187675070028013,0.18043332884121022,0.2520806975532109,0.10417223144259173,0.40896358543417366,0.10296233743429184,0.07452523987740278,0.0,0.07597219664603472,1.312981507042423,"[0.6453781723976135, 0.735014021396637, 0.7002801299095154, 0.7126050591468811]",1.0686,0.38487394957983195,0.3887955182072829,0.3915966386554622,0.434733893557423,0.426890756302521,0.426890756302521,0.3792717086834734
133,0.33501400560224087,0.22927348997194708,0.25310960569313323,0.14790919535925995,0.43865546218487395,0.10540448129177094,0.07450772728770971,0.0,0.07588145509362221,1.153274180018343,"[0.6453781723976135, 0.735014021396637, 0.7002801299095154, 0.7126050591468811]",0.9832,0.39943977591036417,0.40560224089635855,0.40224089635854343,0.4515406162464986,0.4380952380952381,0.4380952380952381,0.39551820728291315
134,0.2834733893557423,0.18496555136557546,0.23286213847943107,0.08098346097910171,0.4106442577030812,0.10547027736902237,0.07449218537658453,0.0,0.0758247822523117,1.2808888459112495,"[0.6453781723976135, 0.735014021396637, 0.7002801299095154, 0.7126050591468811]",1.1529,0.32941176470588235,0.33501400560224087,0.36918767507002803,0.4095238095238095,0.403921568627451,0.403921568627451,0.3254901960784314
135,0.29523809523809524,0.18827502342421543,0.24971337520805492,0.12478674683166431,0.43865546218487395,0.10464010387659073,0.07447351049631834,0.0,0.07579392101615667,1.3327179270563647,"[0.6453781723976135, 0.735014021396637, 0.7002801299095154, 0.7126050591468811]",1.5286,0.38823529411764707,0.3983193277310924,0.4341736694677871,0.44873949579831934,0.44985994397759105,0.44985994397759105,0.37591036414565826
136,0.30644257703081235,0.18710704085671526,0.24597182458180586,0.10853261080450054,0.40896358543417366,0.10463424026966095,0.074454247020185,0.0,0.07566014025360346,1.540362468920648,"[0.6453781723976135, 0.735014021396637, 0.7002801299095154, 0.7126050591468811]",1.4559,0.40560224089635855,0.41904761904761906,0.44761904761904764,0.46330532212885156,0.4599439775910364,0.4599439775910364,0.39775910364145656
137,0.34173669467787116,0.21993405771902186,0.2475336600263704,0.1318174560899349,0.42857142857142855,0.10468752682209015,0.07443320658057928,0.0,0.07607075106352568,1.4189444449730217,"[0.6453781723976135, 0.735014021396637, 0.7002801299095154, 0.7126050591468811]",1.5872,0.3641456582633053,0.37815126050420167,0.41008403361344536,0.4436974789915966,0.43865546218487395,0.43865546218487395,0.36022408963585434
138,0.3378151260504202,0.21495779859115305,0.25420689159090226,0.12827606384729326,0.41680672268907565,0.1046869084239006,0.07439454086124897,0.0,0.07589325588196516,1.5277438769116998,"[0.6453781723976135, 0.735014021396637, 0.7002801299095154, 0.7126050591468811]",1.1536,0.3568627450980392,0.3563025210084034,0.3568627450980392,0.4011204481792717,0.3983193277310924,0.3983193277310924,0.3585434173669468
139,0.3333333333333333,0.21635546911315706,0.24973982743097597,0.13019568695736874,0.43529411764705883,0.10544642806053162,0.07437850255519152,0.0,0.07603653892874718,1.1288493999745697,"[0.6453781723976135, 0.735014021396637, 0.7002801299095154, 0.7126050591468811]",1.087,0.3663865546218487,0.36358543417366945,0.3764705882352941,0.426890756302521,0.4196078431372549,0.4196078431372549,0.36694677871148457
140,0.3596638655462185,0.23742668157236424,0.2511994432501086,0.13892031908957977,0.4358543417366947,0.10583598911762238,0.07436213921755552,0.0,0.07552751246839762,1.1228090730728582,"[0.6453781723976135, 0.735014021396637, 0.7002801299095154, 0.7126050591468811]",1.4975,0.3630252100840336,0.37030812324929974,0.4151260504201681,0.4448179271708683,0.43025210084033616,0.43025210084033616,0.3641456582633053
141,0.3204481792717087,0.21949224576781345,0.2553657827028107,0.13636526533467072,0.453781512605042,0.10584449023008347,0.07435035612434149,0.0,0.07512462884187698,1.9555412899935618,"[0.6453781723976135, 0.735014021396637, 0.7002801299095154, 0.7126050591468811]",1.5873,0.3915966386554622,0.38487394957983195,0.40224089635854343,0.43753501400560224,0.4358543417366947,0.4358543417366947,0.3927170868347339
142,0.3198879551820728,0.20775547718785892,0.24817618125876112,0.12094148555010203,0.4196078431372549,0.1046346127986908,0.07434289529919624,0.0,0.07590057235211134,1.7420159230241552,"[0.6453781723976135, 0.735014021396637, 0.7002801299095154, 0.7126050591468811]",1.5843,0.3753501400560224,0.3792717086834734,0.4061624649859944,0.4481792717086835,0.4392156862745098,0.4392156862745098,0.37591036414565826
143,0.2896358543417367,0.18340000692712655,0.24469234118997799,0.0931425609329761,0.4196078431372549,0.10479222238063812,0.07433914206922054,0.0,0.07600469700992107,1.5433374190470204,"[0.6453781723976135, 0.735014021396637, 0.7002801299095154, 0.7126050591468811]",1.4462,0.38935574229691877,0.3831932773109244,0.4151260504201681,0.4425770308123249,0.43641456582633054,0.43641456582633054,0.3927170868347339
144,0.2896358543417367,0.18152221434297877,0.2545300960339572,0.11977527646815685,0.43249299719887957,0.10634659230709076,0.07428805157542229,0.0,0.07562477048486471,1.5215641600079834,"[0.6453781723976135, 0.735014021396637, 0.7002801299095154, 0.7126050591468811]",1.2646,0.36582633053221286,0.3630252100840336,0.3915966386554622,0.4235294117647059,0.4369747899159664,0.4369747899159664,0.3680672268907563
145,0.3103641456582633,0.19623417953032407,0.24589363902487602,0.11748697079667163,0.43249299719887957,0.10700595378875732,0.074297278188169,0.0,0.07562173809856176,1.538815772975795,"[0.6453781723976135, 0.735014021396637, 0.7002801299095154, 0.7126050591468811]",1.3649,0.37254901960784315,0.39103641456582633,0.44089635854341735,0.44425770308123247,0.44873949579831934,0.44873949579831934,0.3574229691876751
146,0.30868347338935576,0.191711065209071,0.23374624507454775,0.09606325097674746,0.40448179271708684,0.11023801565170288,0.0742771327495575,0.0,0.07556161750108004,1.1859406729927287,"[0.6453781723976135, 0.735014021396637, 0.7002801299095154, 0.7126050591468811]",1.3219,0.35910364145658263,0.3663865546218487,0.3899159663865546,0.4425770308123249,0.43641456582633054,0.43641456582633054,0.3596638655462185
147,0.2571428571428571,0.149753897019679,0.23516144943584552,0.07836752459151348,0.39551820728291315,0.10742232203483582,0.07426376733928919,0.0,0.07566981948912144,1.2185490269912407,"[0.6453781723976135, 0.735014021396637, 0.7002801299095154, 0.7126050591468811]",1.2903,0.3378151260504202,0.3467787114845938,0.37030812324929974,0.4369747899159664,0.41792717086834735,0.41792717086834735,0.33501400560224087
148,0.27899159663865547,0.16346558250385534,0.23032145874458057,0.06766861656805004,0.3899159663865546,0.10669350624084473,0.07422416098415852,0.0,0.07624232117086649,1.119738147011958,"[0.6453781723976135, 0.735014021396637, 0.7002801299095154, 0.7126050591468811]",0.9548,0.3764705882352941,0.3764705882352941,0.37254901960784315,0.42745098039215684,0.42521008403361343,0.42521008403361343,0.37591036414565826
149,0.29971988795518206,0.19178224105155783,0.2323418590355197,0.0971937430096302,0.4207282913165266,0.10909833759069443,0.07417676411569118,0.0,0.07523053418844938,1.180395636940375,"[0.6453781723976135, 0.735014021396637, 0.7002801299095154, 0.7126050591468811]",1.0028,0.4173669467787115,0.4336134453781513,0.46834733893557423,0.47170868347338935,0.4649859943977591,0.4649859943977591,0.403921568627451
150,0.31092436974789917,0.18409097243512917,0.22410214675802342,0.07161041450438509,0.35910364145658263,0.11007833480834961,0.07421272341161966,0.0,0.07602527271956205,1.2942819299641997,"[0.6453781723976135, 0.735014021396637, 0.7002801299095154, 0.7126050591468811]",1.3019,0.38095238095238093,0.3887955182072829,0.430812324929972,0.45714285714285713,0.457703081232493,0.457703081232493,0.3787114845938375
151,0.323249299719888,0.21589875207363485,0.23906553499816843,0.08972340737835174,0.41680672268907565,0.10904017090797424,0.0741832097992301,0.0,0.0759397940710187,1.384955751011148,"[0.6453781723976135, 0.735014021396637, 0.7002801299095154, 0.7126050591468811]",1.1515,0.4,0.4016806722689076,0.4050420168067227,0.4599439775910364,0.44649859943977593,0.44649859943977593,0.40224089635854343
152,0.29635854341736695,0.17453699425221558,0.22081924062536482,0.05840898605115792,0.37366946778711485,0.10972762107849121,0.07415493670850992,0.0,0.07576842606067657,1.3163373939460143,"[0.6453781723976135, 0.735014021396637, 0.7002801299095154, 0.7126050591468811]",1.0182,0.37030812324929974,0.3787114845938375,0.43641456582633054,0.44985994397759105,0.4504201680672269,0.4504201680672269,0.3675070028011205
153,0.3165266106442577,0.21125717862089344,0.25148674802434395,0.09411056379472806,0.4173669467787115,0.10880367457866669,0.07412705849856138,0.0,0.07578345201909542,1.1295733640436083,"[0.6453781723976135, 0.735014021396637, 0.7002801299095154, 0.7126050591468811]",1.3078,0.35798319327731093,0.38375350140056025,0.43025210084033616,0.4436974789915966,0.4380952380952381,0.4380952380952381,0.3568627450980392
154,0.32605042016806723,0.20969416503288962,0.2419878268942569,0.11767955849659874,0.41792717086834735,0.106903076171875,0.07410218194127083,0.0,0.0757514862343669,1.1550978819141164,"[0.6453781723976135, 0.735014021396637, 0.7002801299095154, 0.7126050591468811]",0.9633,0.34901960784313724,0.3495798319327731,0.40224089635854343,0.4319327731092437,0.4369747899159664,0.4369747899159664,0.3445378151260504
155,0.33613445378151263,0.23012570728088944,0.2504189593754374,0.12744077760325748,0.44873949579831934,0.10722679644823074,0.07408069912344217,0.0,0.0757038900628686,1.192411035997793,"[0.6453781723976135, 0.735014021396637, 0.7002801299095154, 0.7126050591468811]",1.02,0.36134453781512604,0.36918767507002803,0.426890756302521,0.4436974789915966,0.4358543417366947,0.4358543417366947,0.3607843137254902
156,0.3176470588235294,0.21198879742690224,0.248722158017353,0.11394225207861368,0.4319327731092437,0.10837700963020325,0.07406453415751457,0.0,0.07564104814082384,1.3217171719297767,"[0.6453781723976135, 0.735014021396637, 0.7002801299095154, 0.7126050591468811]",1.4523,0.3988795518207283,0.396078431372549,0.3949579831932773,0.42408963585434173,0.4246498599439776,0.4246498599439776,0.39551820728291315
157,0.3142857142857143,0.1975167845136211,0.2403204188822042,0.10535655099142878,0.4330532212885154,0.10885879397392273,0.07403399236500263,0.0,0.07550977636128664,1.6068029060261324,"[0.6453781723976135, 0.735014021396637, 0.7002801299095154, 0.7126050591468811]",1.5482,0.3803921568627451,0.38207282913165264,0.4246498599439776,0.4515406162464986,0.4549019607843137,0.4549019607843137,0.37703081232492996
158,0.3243697478991597,0.20246753405529694,0.24363432919003694,0.12292318467811075,0.43641456582633054,0.10810725390911102,0.0740111842751503,0.0,0.07557797431945801,1.1223120850045234,"[0.6453781723976135, 0.735014021396637, 0.7002801299095154, 0.7126050591468811]",0.9883,0.3927170868347339,0.39439775910364144,0.3887955182072829,0.44985994397759105,0.44089635854341735,0.44089635854341735,0.3899159663865546
159,0.34173669467787116,0.2162193774822755,0.24832004788093662,0.15299418450307206,0.44201680672268906,0.10611173510551453,0.07398820295929909,0.0,0.07554581947624683,1.3043058350449428,"[0.6453781723976135, 0.735014021396637, 0.7002801299095154, 0.7126050591468811]",1.3723,0.38823529411764707,0.4028011204481793,0.46106442577030815,0.4745098039215686,0.4722689075630252,0.4722689075630252,0.38935574229691877
160,0.3142857142857143,0.1911118713118387,0.2431859857128082,0.12430824021300892,0.43865546218487395,0.10999459028244019,0.07396877743303776,0.0,0.07550047896802425,1.170354129979387,"[0.6453781723976135, 0.735014021396637, 0.7002801299095154, 0.7126050591468811]",1.4837,0.39327731092436974,0.39663865546218485,0.42745098039215684,0.4666666666666667,0.4549019607843137,0.4549019607843137,0.38823529411764707
161,0.31820728291316525,0.1990708189896253,0.24819792350216904,0.12950478208032498,0.43977591036414565,0.10891248285770416,0.07394759263843298,0.0,0.07533820532262325,1.1902044239686802,"[0.6453781723976135, 0.735014021396637, 0.7002801299095154, 0.7126050591468811]",1.3414,0.3983193277310924,0.40448179271708684,0.4095238095238095,0.4638655462184874,0.4492997198879552,0.4492997198879552,0.39943977591036417
162,0.3792717086834734,0.25533905608809215,0.23997612398063392,0.12939767870782462,0.4162464985994398,0.10994987189769745,0.07393308915197849,0.0,0.07541352976113558,1.309400883037597,"[0.6453781723976135, 0.735014021396637, 0.7002801299095154, 0.7126050591468811]",1.2528,0.4341736694677871,0.44425770308123247,0.45938375350140054,0.47955182072829133,0.461624649859944,0.461624649859944,0.42857142857142855
163,0.34789915966386553,0.23931679317627907,0.251254073752497,0.14954544007848158,0.4336134453781513,0.10702534019947052,0.07391275931149721,0.0,0.0752613740041852,1.2178460709983483,"[0.6453781723976135, 0.735014021396637, 0.7002801299095154, 0.7126050591468811]",1.5391,0.40672268907563025,0.40224089635854343,0.40224089635854343,0.46106442577030815,0.4459383753501401,0.4459383753501401,0.4084033613445378
164,0.34285714285714286,0.22809430661003038,0.2435327604789617,0.11811380895284346,0.43137254901960786,0.10923422127962112,0.07390410732477903,0.0,0.07525858841836452,1.230887865065597,"[0.6453781723976135, 0.735014021396637, 0.7002801299095154, 0.7126050591468811]",1.0387,0.4005602240896359,0.39551820728291315,0.4257703081232493,0.4599439775910364,0.4560224089635854,0.4560224089635854,0.4050420168067227
165,0.2879551820728291,0.17729586286324317,0.24954854123661452,0.0979385984962585,0.4196078431372549,0.10962101817131042,0.07388814259320498,0.0,0.07520865835249424,1.1144851240096614,"[0.6453781723976135, 0.735014021396637, 0.7002801299095154, 0.7126050591468811]",1.0755,0.3887955182072829,0.38935574229691877,0.3927170868347339,0.45322128851540616,0.4526610644257703,0.4526610644257703,0.38375350140056025
166,0.2980392156862745,0.1916026768207062,0.2458584271928491,0.09669564248318455,0.4016806722689076,0.11275067925453186,0.07387081813067198,0.0,0.07520388439297676,1.2344186829868704,"[0.6453781723976135, 0.735014021396637, 0.7002801299095154, 0.7126050591468811]",1.2355,0.3927170868347339,0.39775910364145656,0.38599439775910366,0.4330532212885154,0.4319327731092437,0.4319327731092437,0.3915966386554622
167,0.34789915966386553,0.22776412712489003,0.2505896816921912,0.13834880455036352,0.4246498599439776,0.11143942177295685,0.0738510824739933,0.0,0.07518196478486061,1.4277306919684634,"[0.6453781723976135, 0.735014021396637, 0.7002801299095154, 0.7126050591468811]",1.2332,0.3708683473389356,0.37478991596638656,0.37366946778711485,0.3876750700280112,0.4011204481792717,0.4011204481792717,0.37030812324929974
168,0.315406162464986,0.20113724052534565,0.255178645636034,0.1081652306677993,0.4072829131652661,0.11068738251924515,0.07383394986391068,0.0,0.07513251435011625,1.4037729849806055,"[0.6453781723976135, 0.735014021396637, 0.7002801299095154, 0.7126050591468811]",1.3082,0.3915966386554622,0.39215686274509803,0.4072829131652661,0.45434173669467787,0.4492997198879552,0.4492997198879552,0.3899159663865546
169,0.29411764705882354,0.18351032837108294,0.25234447725788794,0.11779848565281982,0.40896358543417366,0.11174603551626205,0.07381641399115324,0.0,0.07508519385010004,1.7078748429194093,"[0.6453781723976135, 0.735014021396637, 0.7002801299095154, 0.7126050591468811]",1.0169,0.4123249299719888,0.4106442577030812,0.4257703081232493,0.45938375350140054,0.44985994397759105,0.44985994397759105,0.41008403361344536
170,0.292436974789916,0.18823933536916682,0.24920456381237896,0.11684987551227098,0.43753501400560224,0.11134469509124756,0.07379462849348783,0.0,0.07511070277541876,1.2142105631064624,"[0.6453781723976135, 0.735014021396637, 0.7002801299095154, 0.7126050591468811]",1.2107,0.3949579831932773,0.4330532212885154,0.46834733893557423,0.47394957983193275,0.46554621848739497,0.46554621848739497,0.3876750700280112
171,0.34901960784313724,0.24044444639749696,0.25177388123936334,0.12087579460488299,0.4436974789915966,0.11157074570655823,0.07377735152840614,0.0,0.07503342535346746,1.3422984710196033,"[0.6453781723976135, 0.735014021396637, 0.7002801299095154, 0.7126050591468811]",0.9277,0.3949579831932773,0.41008403361344536,0.4560224089635854,0.4700280112044818,0.47507002801120446,0.47507002801120446,0.38935574229691877
172,0.39439775910364144,0.2810028032016789,0.25645472116521323,0.16676375838657245,0.453781512605042,0.1093067154288292,0.07376003917306662,0.0,0.07499961089342833,1.119792014011182,"[0.6453781723976135, 0.735014021396637, 0.7002801299095154, 0.7126050591468811]",0.9382,0.3764705882352941,0.40560224089635855,0.45714285714285713,0.4649859943977591,0.4627450980392157,0.4627450980392157,0.3792717086834734
173,0.3198879551820728,0.21580597929891931,0.24957094068385344,0.098490423484437,0.4246498599439776,0.1086486428976059,0.07373803202062845,0.0,0.07502349186688662,1.3229205110110343,"[0.6453781723976135, 0.735014021396637, 0.7002801299095154, 0.7126050591468811]",1.2492,0.35294117647058826,0.37366946778711485,0.4470588235294118,0.44873949579831934,0.45714285714285713,0.45714285714285713,0.35182072829131655
174,0.38823529411764707,0.2712327189672339,0.2619346890723348,0.165169964385049,0.44649859943977593,0.10759301483631134,0.07371844816952944,0.0,0.0748921474441886,1.4592901120195165,"[0.6453781723976135, 0.735014021396637, 0.7002801299095154, 0.7126050591468811]",1.1471,0.3630252100840336,0.3663865546218487,0.346218487394958,0.4173669467787115,0.42240896358543417,0.42240896358543417,0.3607843137254902
175,0.31932773109243695,0.2154297460029433,0.24653151709319407,0.0977813186651241,0.42521008403361343,0.10893896222114563,0.07371298782527447,0.0,0.0748126357793808,1.3127041090046987,"[0.6453781723976135, 0.735014021396637, 0.7002801299095154, 0.7126050591468811]",0.9366,0.38375350140056025,0.3843137254901961,0.4173669467787115,0.44761904761904764,0.44425770308123247,0.44425770308123247,0.3798319327731092
176,0.30644257703081235,0.19431514618107004,0.2458128011569551,0.09317794858919351,0.41400560224089633,0.11240468174219131,0.07370165456086397,0.0,0.07495141215622425,1.4088875550078228,"[0.6453781723976135, 0.735014021396637, 0.7002801299095154, 0.7126050591468811]",1.3796,0.3680672268907563,0.3697478991596639,0.41792717086834735,0.4599439775910364,0.457703081232493,0.457703081232493,0.3607843137254902
177,0.30868347338935576,0.20348145311504995,0.2537958919129107,0.11220064491835159,0.4291316526610644,0.11044658720493317,0.07368378061801195,0.0,0.07525880448520184,1.1173371820477769,"[0.6453781723976135, 0.735014021396637, 0.7002801299095154, 0.7126050591468811]",1.3138,0.38823529411764707,0.4128851540616246,0.4425770308123249,0.44201680672268906,0.4425770308123249,0.4425770308123249,0.37142857142857144
178,0.346218487394958,0.23110952147886,0.25518869690471624,0.1462252676153165,0.43529411764705883,0.11290185153484344,0.07366439141333103,0.0,0.07526349741965532,1.2362191440770403,"[0.6453781723976135, 0.735014021396637, 0.7002801299095154, 0.7126050591468811]",1.4451,0.3803921568627451,0.3927170868347339,0.3815126050420168,0.44537815126050423,0.43249299719887957,0.43249299719887957,0.37591036414565826
179,0.34173669467787116,0.22294981753514997,0.24789676499469698,0.12221380320500928,0.42296918767507,0.11234911531209946,0.07364592421799898,0.0,0.07512362021952868,1.4009051959728822,"[0.6453781723976135, 0.735014021396637, 0.7002801299095154, 0.7126050591468811]",1.1732,0.35294117647058826,0.3619047619047619,0.36134453781512604,0.42745098039215684,0.42857142857142855,0.42857142857142855,0.35126050420168065
180,0.315406162464986,0.2121670273659514,0.24898110263316647,0.08875420350504179,0.3971988795518207,0.11217805743217468,0.07363542355597019,0.0,0.07500185538083315,1.311859844950959,"[0.6453781723976135, 0.735014021396637, 0.7002801299095154, 0.7126050591468811]",1.2483,0.34901960784313724,0.3535014005602241,0.3815126050420168,0.426890756302521,0.43137254901960786,0.43137254901960786,0.34285714285714286
181,0.3445378151260504,0.2286554794103145,0.2504138862023026,0.10818230503055273,0.4218487394957983,0.11056268960237503,0.07362768705934286,0.0,0.07496580202132463,1.2200738280080259,"[0.6453781723976135, 0.735014021396637, 0.7002801299095154, 0.7126050591468811]",1.1365,0.37366946778711485,0.36918767507002803,0.3899159663865546,0.4280112044817927,0.43529411764705883,0.43529411764705883,0.37254901960784315
182,0.3557422969187675,0.2384182249829987,0.2569831060515477,0.13646993996927867,0.4196078431372549,0.11400489509105682,0.07360406219959259,0.0,0.07492552977055311,1.0909938879776746,"[0.6453781723976135, 0.735014021396637, 0.7002801299095154, 0.7126050591468811]",1.1282,0.36918767507002803,0.3764705882352941,0.3798319327731092,0.426890756302521,0.4280112044817927,0.4280112044817927,0.3607843137254902
183,0.3619047619047619,0.23785348496429592,0.2543937641536198,0.14561844123622752,0.4196078431372549,0.1105913519859314,0.0735944090411067,0.0,0.07501119002699852,1.3279454869916663,"[0.6453781723976135, 0.735014021396637, 0.7002801299095154, 0.7126050591468811]",0.9238,0.3507002801120448,0.36246498599439775,0.38711484593837536,0.4128851540616246,0.42633053221288514,0.42633053221288514,0.34397759103641457
184,0.3131652661064426,0.20260845390041993,0.25234915734501456,0.09247160396482144,0.4050420168067227,0.11219430714845657,0.07357606664299965,0.0,0.07500280346721411,1.2875577689846978,"[0.6453781723976135, 0.735014021396637, 0.7002801299095154, 0.7126050591468811]",1.1578,0.3792717086834734,0.3983193277310924,0.4448179271708683,0.46330532212885156,0.45322128851540616,0.45322128851540616,0.3831932773109244
185,0.3400560224089636,0.2400810250646448,0.26694033542584344,0.12934550010579532,0.4403361344537815,0.1099548265337944,0.07355447858572006,0.0,0.07487527001649141,1.2647227820707485,"[0.6453781723976135, 0.735014021396637, 0.7002801299095154, 0.7126050591468811]",1.179,0.373109243697479,0.396078431372549,0.42128851540616247,0.430812324929972,0.43865546218487395,0.43865546218487395,0.36470588235294116
186,0.33501400560224087,0.21009101049536072,0.25053192803662927,0.13780263476825616,0.4403361344537815,0.10911690443754196,0.07354991044849157,0.0,0.07501162122935057,1.2990059910807759,"[0.6453781723976135, 0.735014021396637, 0.7002801299095154, 0.7126050591468811]",1.3308,0.36470588235294116,0.3915966386554622,0.434733893557423,0.4436974789915966,0.4448179271708683,0.4448179271708683,0.3675070028011205
187,0.334453781512605,0.21688061766788058,0.2592061545887657,0.14237821184021487,0.4492997198879552,0.11487002670764923,0.07354595325887203,0.0,0.07493699062615633,1.3342836980009452,"[0.6453781723976135, 0.735014021396637, 0.7002801299095154, 0.7126050591468811]",1.2731,0.38599439775910366,0.38935574229691877,0.39943977591036417,0.4627450980392157,0.4565826330532213,0.4565826330532213,0.38095238095238093
188,0.3484593837535014,0.23612015692993127,0.25821625152082256,0.13299473999444994,0.42633053221288514,0.11458545923233032,0.07351334858685732,0.0,0.07521666213870049,1.12606792896986,"[0.6453781723976135, 0.735014021396637, 0.7002801299095154, 0.7126050591468811]",1.2596,0.41904761904761906,0.4504201680672269,0.46554621848739497,0.45826330532212883,0.4666666666666667,0.4666666666666667,0.40224089635854343
189,0.34173669467787116,0.22616939322161478,0.2635483245853261,0.1553849423846136,0.4414565826330532,0.11057216674089432,0.07350368518382311,0.0,0.0752057209610939,1.154433832038194,"[0.6453781723976135, 0.735014021396637, 0.7002801299095154, 0.7126050591468811]",1.1232,0.43529411764705883,0.4526610644257703,0.4649859943977591,0.461624649859944,0.46834733893557423,0.46834733893557423,0.42240896358543417
190,0.33053221288515405,0.21323931879912017,0.24112885371823997,0.12570557302815516,0.4173669467787115,0.10856403410434723,0.07348325103521347,0.0,0.07516390830278397,1.1319636419648305,"[0.6453781723976135, 0.735014021396637, 0.7002801299095154, 0.7126050591468811]",1.253,0.4246498599439776,0.4425770308123249,0.44425770308123247,0.43641456582633054,0.46442577030812326,0.46442577030812326,0.403921568627451
191,0.37478991596638656,0.2542419328029327,0.2532858640698249,0.16085033833583942,0.4436974789915966,0.10859724134206772,0.07346303388476372,0.0,0.0751168942078948,1.3524871489498764,"[0.6453781723976135, 0.735014021396637, 0.7002801299095154, 0.7126050591468811]",1.0764,0.3865546218487395,0.39327731092436974,0.39663865546218485,0.44425770308123247,0.4358543417366947,0.4358543417366947,0.3865546218487395
192,0.4011204481792717,0.2783989556597861,0.2625019274747802,0.178437184727968,0.4560224089635854,0.10914503037929535,0.07344503607600927,0.0,0.07505278196185827,1.1324273890350014,"[0.6453781723976135, 0.735014021396637, 0.7002801299095154, 0.7126050591468811]",1.1135,0.39551820728291315,0.4128851540616246,0.43753501400560224,0.46050420168067224,0.4588235294117647,0.4588235294117647,0.3854341736694678
193,0.38935574229691877,0.25934596782942854,0.2374533561984549,0.1469467316270962,0.4218487394957983,0.10994948446750641,0.07342644035816193,0.0,0.07499698642641306,1.4975539919687435,"[0.6453781723976135, 0.735014021396637, 0.7002801299095154, 0.7126050591468811]",1.2636,0.34173669467787116,0.35406162464985996,0.4207282913165266,0.44761904761904764,0.4403361344537815,0.4403361344537815,0.34173669467787116
194,0.3904761904761905,0.27205940230367587,0.2604540762465916,0.15667234994152188,0.4358543417366947,0.11488901078701019,0.0734056131914258,0.0,0.07488014176487923,1.1153372699627653,"[0.6453781723976135, 0.735014021396637, 0.7002801299095154, 0.7126050591468811]",1.5212,0.39103641456582633,0.3971988795518207,0.45210084033613446,0.4778711484593838,0.4711484593837535,0.4711484593837535,0.38823529411764707
195,0.36470588235294116,0.23786334109078466,0.24120890835629966,0.13765205506628392,0.43137254901960786,0.11259785294532776,0.07339282985776663,0.0,0.07481162156909704,1.133545325952582,"[0.6453781723976135, 0.735014021396637, 0.7002801299095154, 0.7126050591468811]",1.0009,0.41904761904761906,0.41680672268907565,0.4380952380952381,0.47507002801120446,0.4627450980392157,0.4627450980392157,0.41456582633053224
196,0.39663865546218485,0.26524146824433736,0.2503507931413387,0.15755308374511687,0.4246498599439776,0.10923880338668823,0.07337634079158306,0.0,0.07474266830831766,1.0426928590750322,"[0.6453781723976135, 0.735014021396637, 0.7002801299095154, 0.7126050591468811]",1.3622,0.3775910364145658,0.38207282913165264,0.40560224089635855,0.46106442577030815,0.45826330532212883,0.45826330532212883,0.37366946778711485
197,0.3899159663865546,0.26736593354200777,0.2600890758424362,0.15529563774849106,0.4504201680672269,0.10878942906856537,0.07336714677512646,0.0,0.0746214110404253,1.1617786260321736,"[0.6453781723976135, 0.735014021396637, 0.7002801299095154, 0.7126050591468811]",1.0748,0.3803921568627451,0.3988795518207283,0.4515406162464986,0.46834733893557423,0.46330532212885156,0.46330532212885156,0.3787114845938375
198,0.33277310924369746,0.20425485883513717,0.2408941145583558,0.11086778852256804,0.42745098039215684,0.10878179967403412,0.0733491126447916,0.0,0.07470456976443529,1.1220373440301046,"[0.6453781723976135, 0.735014021396637, 0.7002801299095154, 0.7126050591468811]",1.0054,0.39663865546218485,0.4336134453781513,0.4745098039215686,0.47282913165266105,0.47394957983193275,0.47394957983193275,0.3927170868347339
199,0.33613445378151263,0.20926700306315704,0.24330809923441354,0.11715625831443907,0.42128851540616247,0.10898692905902863,0.07333085499703884,0.0,0.07463782001286745,1.0916014610556886,"[0.6453781723976135, 0.735014021396637, 0.7002801299095154, 0.7126050591468811]",0.9445,0.40784313725490196,0.4061624649859944,0.46106442577030815,0.4711484593837535,0.4677871148459384,0.4677871148459384,0.4028011204481793
200,0.37591036414565826,0.26000753207084315,0.2656090333938581,0.16743893901529294,0.46050420168067224,0.11017128825187683,0.07331014517694712,0.0,0.07468695659190416,1.2892129439860582,"[0.6453781723976135, 0.735014021396637, 0.7002801299095154, 0.7126050591468811]",1.2109,0.40224089635854343,0.3988795518207283,0.43025210084033616,0.4588235294117647,0.46050420168067224,0.46050420168067224,0.4072829131652661
201,0.39215686274509803,0.2831611861610106,0.27285086763234984,0.19127924324951914,0.4722689075630252,0.10959575325250626,0.0733015751466155,0.0,0.07437670417129993,1.4815773330628872,"[0.6453781723976135, 0.735014021396637, 0.7002801299095154, 0.7126050591468811]",1.2486,0.40672268907563025,0.4319327731092437,0.46946778711484594,0.47843137254901963,0.4711484593837535,0.4711484593837535,0.39215686274509803
202,0.34173669467787116,0.22642483702317184,0.25447157242750396,0.13474633564191235,0.4280112044817927,0.11361485719680786,0.07329617068171501,0.0,0.07460027188062668,1.3668450870318338,"[0.6453781723976135, 0.735014021396637, 0.7002801299095154, 0.7126050591468811]",1.1573,0.4061624649859944,0.41792717086834735,0.47058823529411764,0.48179271708683474,0.47058823529411764,0.47058823529411764,0.4061624649859944
203,0.3523809523809524,0.2348458723148632,0.261777919677995,0.1458312557676462,0.43753501400560224,0.11247682571411133,0.07327696774154902,0.0,0.07464233506470919,1.374960777000524,"[0.6453781723976135, 0.735014021396637, 0.7002801299095154, 0.7126050591468811]",1.0911,0.41792717086834735,0.457703081232493,0.4801120448179272,0.4812324929971989,0.47843137254901963,0.47843137254901963,0.39551820728291315
204,0.3535014005602241,0.2337055144156619,0.25801233724392864,0.15381808480807174,0.44201680672268906,0.11086832731962204,0.07326085958629847,0.0,0.07471544854342937,1.2705674240132794,"[0.6453781723976135, 0.735014021396637, 0.7002801299095154, 0.7126050591468811]",1.2243,0.4084033613445378,0.4061624649859944,0.4470588235294118,0.4745098039215686,0.4638655462184874,0.4638655462184874,0.4005602240896359
205,0.3187675070028011,0.2122777481601269,0.2669906631964823,0.12958055006421443,0.4296918767507003,0.1136990562081337,0.07324648462235928,0.0,0.0746552487835288,1.266830048058182,"[0.6453781723976135, 0.735014021396637, 0.7002801299095154, 0.7126050591468811]",1.0489,0.39439775910364144,0.4341736694677871,0.4711484593837535,0.4722689075630252,0.4700280112044818,0.4700280112044818,0.3798319327731092
206,0.3484593837535014,0.2254873174529919,0.24887966387729446,0.11647284032800446,0.41456582633053224,0.11335085332393646,0.07323118578642607,0.0,0.07463113404810429,1.3221498330822214,"[0.6453781723976135, 0.735014021396637, 0.7002801299095154, 0.7126050591468811]",1.0508,0.36694677871148457,0.3927170868347339,0.4459383753501401,0.4588235294117647,0.46106442577030815,0.46106442577030815,0.36022408963585434
207,0.35126050420168065,0.23292987589007785,0.2664419023773699,0.1566075762057705,0.44985994397759105,0.11428333818912506,0.07321312464773655,0.0,0.07445732969790697,1.3697670890251175,"[0.6453781723976135, 0.735014021396637, 0.7002801299095154, 0.7126050591468811]",1.0215,0.37815126050420167,0.4061624649859944,0.46218487394957986,0.47282913165266105,0.4649859943977591,0.4649859943977591,0.3764705882352941
208,0.3198879551820728,0.22135110400131075,0.26152184672058437,0.1289014226243223,0.4392156862745098,0.11016887426376343,0.0731954388320446,0.0,0.07433351781219244,1.0956138259498402,"[0.6453781723976135, 0.735014021396637, 0.7002801299095154, 0.7126050591468811]",0.9941,0.39775910364145656,0.4336134453781513,0.46834733893557423,0.46834733893557423,0.4661064425770308,0.4661064425770308,0.3831932773109244
209,0.3473389355742297,0.23723460796824414,0.26094250771101296,0.13660150496922205,0.44649859943977593,0.11030355840921402,0.0731907868757844,0.0,0.07417544350028038,1.0997927240096033,"[0.6453781723976135, 0.735014021396637, 0.7002801299095154, 0.7126050591468811]",1.514,0.4173669467787115,0.453781512605042,0.47282913165266105,0.4689075630252101,0.46946778711484594,0.46946778711484594,0.4005602240896359
210,0.3803921568627451,0.25487675447668035,0.2541204946680237,0.15315875581297964,0.4403361344537815,0.11425236612558365,0.07319400832056999,0.0,0.07444286905229092,1.151399687048979,"[0.6453781723976135, 0.735014021396637, 0.7002801299095154, 0.7126050591468811]",1.5087,0.4218487394957983,0.4470588235294118,0.47058823529411764,0.4700280112044818,0.4689075630252101,0.4689075630252101,0.40560224089635855
211,0.33613445378151263,0.22640597187635658,0.2650323058775509,0.14180895078820976,0.4470588235294118,0.11323000490665436,0.07317794114351273,0.0,0.07445058412849903,1.1807372040348127,"[0.6453781723976135, 0.735014021396637, 0.7002801299095154, 0.7126050591468811]",1.1683,0.4504201680672269,0.4588235294117647,0.45210084033613446,0.4599439775910364,0.4560224089635854,0.4560224089635854,0.4369747899159664
212,0.3400560224089636,0.21828518149785814,0.26682300718631086,0.1491603166264647,0.4504201680672269,0.11256865411996841,0.07315495051443577,0.0,0.07458791602402925,1.2538260329747573,"[0.6453781723976135, 0.735014021396637, 0.7002801299095154, 0.7126050591468811]",1.2271,0.36470588235294116,0.4061624649859944,0.4358543417366947,0.44201680672268906,0.45322128851540616,0.45322128851540616,0.36134453781512604
213,0.3445378151260504,0.22703334699057653,0.25718368527473673,0.13829037307906902,0.4414565826330532,0.11055763810873032,0.07313501834869385,0.0,0.07436968758702278,1.0918434229679406,"[0.6453781723976135, 0.735014021396637, 0.7002801299095154, 0.7126050591468811]",1.207,0.45434173669467787,0.4700280112044818,0.47282913165266105,0.4733893557422969,0.47507002801120446,0.47507002801120446,0.430812324929972
214,0.30532212885154064,0.2144651414026627,0.25485873042388885,0.12421986428326484,0.44425770308123247,0.11351646482944489,0.07313601672649384,0.0,0.07435420248657465,1.2678551439894363,"[0.6453781723976135, 0.735014021396637, 0.7002801299095154, 0.7126050591468811]",1.0781,0.3775910364145658,0.3876750700280112,0.43753501400560224,0.4549019607843137,0.45546218487394957,0.45546218487394957,0.3753501400560224
215,0.3081232492997199,0.2105483680243574,0.26623783502030024,0.13003982576070122,0.4448179271708683,0.11166714131832123,0.07311037369072437,0.0,0.07443120237439871,1.2925755420001224,"[0.6453781723976135, 0.735014021396637, 0.7002801299095154, 0.7126050591468811]",1.3064,0.3484593837535014,0.373109243697479,0.4341736694677871,0.4481792717086835,0.4235294117647059,0.4235294117647059,0.3495798319327731
216,0.3092436974789916,0.19834832958958104,0.2650518378417061,0.14557538312564933,0.4565826330532213,0.1120520755648613,0.07309607043862343,0.0,0.07432722207158804,1.1466051880270243,"[0.6453781723976135, 0.735014021396637, 0.7002801299095154, 0.7126050591468811]",1.1714,0.3680672268907563,0.39327731092436974,0.4341736694677871,0.44425770308123247,0.44201680672268906,0.44201680672268906,0.3742296918767507
217,0.3378151260504202,0.21198469587457913,0.2610048480381701,0.14133498390333618,0.44313725490196076,0.11061224341392517,0.07308715116232634,0.0,0.07449482567608356,1.1216198300244287,"[0.6453781723976135, 0.735014021396637, 0.7002801299095154, 0.7126050591468811]",1.247,0.36246498599439775,0.37703081232492996,0.40784313725490196,0.4638655462184874,0.41456582633053224,0.41456582633053224,0.3535014005602241
218,0.30644257703081235,0.17980989425785643,0.2460991784028651,0.11486728061720305,0.4330532212885154,0.11131264269351959,0.07307165022939444,0.0,0.07446078211069107,1.2341309760231525,"[0.6453781723976135, 0.735014021396637, 0.7002801299095154, 0.7126050591468811]",1.3273,0.38711484593837536,0.38935574229691877,0.426890756302521,0.45714285714285713,0.4588235294117647,0.4588235294117647,0.3803921568627451
219,0.34061624649859945,0.22223748254523434,0.251848415289326,0.11992786185012091,0.4123249299719888,0.1117926836013794,0.07305428385734558,0.0,0.07438038755208254,1.1264969640178606,"[0.6453781723976135, 0.735014021396637, 0.7002801299095154, 0.7126050591468811]",1.0111,0.3596638655462185,0.3988795518207283,0.44537815126050423,0.4470588235294118,0.44313725490196076,0.44313725490196076,0.3467787114845938
220,0.3176470588235294,0.20115212402198435,0.25444269092687144,0.1150286078207334,0.42296918767507,0.11002512276172638,0.07303606066852808,0.0,0.07425456959754229,1.2828919789753854,"[0.6453781723976135, 0.735014021396637, 0.7002801299095154, 0.7126050591468811]",0.9862,0.35798319327731093,0.3697478991596639,0.41904761904761906,0.4672268907563025,0.41904761904761906,0.41904761904761906,0.35182072829131655
221,0.3254901960784314,0.21741201283520917,0.28432001289991354,0.16239782999779645,0.4672268907563025,0.111992746591568,0.07302046194672585,0.0,0.07412170339375734,1.1297792850527912,"[0.6453781723976135, 0.735014021396637, 0.7002801299095154, 0.7126050591468811]",1.1684,0.365266106442577,0.3792717086834734,0.3798319327731092,0.4336134453781513,0.43249299719887957,0.43249299719887957,0.3641456582633053
222,0.35182072829131655,0.23443747838422824,0.24015007445623535,0.13022537890445363,0.4061624649859944,0.10979845374822617,0.07300888281315565,0.0,0.07438711822032928,1.273513074964285,"[0.6453781723976135, 0.735014021396637, 0.7002801299095154, 0.7126050591468811]",1.1007,0.3495798319327731,0.35910364145658263,0.3949579831932773,0.4403361344537815,0.4005602240896359,0.4005602240896359,0.3507002801120448
223,0.3563025210084034,0.2437745841979745,0.2500260524678857,0.14325159387416678,0.4296918767507003,0.10777011513710022,0.07299304846674204,0.0,0.07432838063687086,1.2162517569959164,"[0.6453781723976135, 0.735014021396637, 0.7002801299095154, 0.7126050591468811]",0.979,0.42128851540616247,0.42296918767507,0.41400560224089633,0.46106442577030815,0.4588235294117647,0.4588235294117647,0.41792717086834735
224,0.3473389355742297,0.22749203726419198,0.24743613963027428,0.11827871781622337,0.4336134453781513,0.11188891530036926,0.07298567239195108,0.0,0.07434694468975067,1.1013410860905424,"[0.6453781723976135, 0.735014021396637, 0.7002801299095154, 0.7126050591468811]",1.0756,0.38935574229691877,0.3983193277310924,0.44201680672268906,0.46050420168067224,0.4526610644257703,0.4526610644257703,0.39663865546218485
225,0.3411764705882353,0.2168838756033339,0.24886683666460296,0.1189261215376312,0.4336134453781513,0.11310127377510071,0.07296016905456781,0.0,0.07437998242676258,1.1682163099758327,"[0.6453781723976135, 0.735014021396637, 0.7002801299095154, 0.7126050591468811]",1.1115,0.39663865546218485,0.3983193277310924,0.4028011204481793,0.43977591036414565,0.4369747899159664,0.4369747899159664,0.39439775910364144
226,0.3456582633053221,0.23628894921596977,0.27013672078199985,0.15255929321433262,0.4380952380952381,0.11367540061473846,0.07293783221393824,0.0,0.07437087781727314,1.0733167969156057,"[0.6453781723976135, 0.735014021396637, 0.7002801299095154, 0.7126050591468811]",0.9585,0.3400560224089636,0.34901960784313724,0.4117647058823529,0.4403361344537815,0.4028011204481793,0.4028011204481793,0.32829131652661064
227,0.3843137254901961,0.2565476515316889,0.2601219784147755,0.1530900698038094,0.42857142857142855,0.11325230449438095,0.07292098179459572,0.0,0.07404187880456448,1.1035926920594648,"[0.6453781723976135, 0.735014021396637, 0.7002801299095154, 0.7126050591468811]",1.0264,0.3876750700280112,0.4380952380952381,0.4565826330532213,0.45826330532212883,0.4549019607843137,0.4549019607843137,0.38207282913165264
228,0.3366946778711485,0.21519756342282348,0.2428395760912834,0.11742871986143537,0.4291316526610644,0.11452354490756989,0.0729176988825202,0.0,0.0744198365136981,1.3172537629725412,"[0.6453781723976135, 0.735014021396637, 0.7002801299095154, 0.7126050591468811]",1.124,0.39327731092436974,0.4050420168067227,0.4504201680672269,0.4638655462184874,0.4560224089635854,0.4560224089635854,0.3876750700280112
229,0.3876750700280112,0.2625667600267607,0.2587722001819848,0.15684507361173272,0.43249299719887957,0.11226429790258408,0.0728922039270401,0.0,0.07431274186819792,1.279630818986334,"[0.6453781723976135, 0.735014021396637, 0.7002801299095154, 0.7126050591468811]",1.1985,0.3938375350140056,0.4184873949579832,0.4414565826330532,0.44425770308123247,0.44761904761904764,0.44761904761904764,0.3831932773109244
230,0.34285714285714286,0.22324249667324658,0.2651344836746886,0.13865564143265025,0.44649859943977593,0.11348004639148712,0.07288618572056293,0.0,0.07427065446972847,1.070341259939596,"[0.6453781723976135, 0.735014021396637, 0.7002801299095154, 0.7126050591468811]",1.358,0.3641456582633053,0.3557422969187675,0.40560224089635855,0.4196078431372549,0.4369747899159664,0.4369747899159664,0.3663865546218487
231,0.3310924369747899,0.21163455744537774,0.2540887719916755,0.11333919521697235,0.4341736694677871,0.11494985222816467,0.0728654246777296,0.0,0.07413435820490122,1.2093723049620166,"[0.6453781723976135, 0.735014021396637, 0.7002801299095154, 0.7126050591468811]",1.1806,0.4005602240896359,0.396078431372549,0.3971988795518207,0.42408963585434173,0.4436974789915966,0.4436974789915966,0.4011204481792717
232,0.37815126050420167,0.25442973385472645,0.2504396940717044,0.13284425130278707,0.42296918767507,0.11292637884616852,0.07284908648580313,0.0,0.07401059288531542,1.0603749069850892,"[0.6453781723976135, 0.735014021396637, 0.7002801299095154, 0.7126050591468811]",1.4179,0.4011204481792717,0.3915966386554622,0.4235294117647059,0.45098039215686275,0.4599439775910364,0.4599439775910364,0.39551820728291315
233,0.3596638655462185,0.2513751510363672,0.24805020754746288,0.13953586636237159,0.4291316526610644,0.11341719329357147,0.07284028455615044,0.0,0.07423203065991402,1.396925430977717,"[0.6453781723976135, 0.735014021396637, 0.7002801299095154, 0.7126050591468811]",1.3432,0.3753501400560224,0.365266106442577,0.3949579831932773,0.4218487394957983,0.4246498599439776,0.4246498599439776,0.3753501400560224
234,0.3366946778711485,0.21409734090736676,0.2599564612696804,0.13367496508568918,0.4481792717086835,0.11627450585365295,0.0728212408721447,0.0,0.07432140968739986,1.1835613059811294,"[0.6453781723976135, 0.735014021396637, 0.7002801299095154, 0.7126050591468811]",0.987,0.39103641456582633,0.3927170868347339,0.42521008403361343,0.46106442577030815,0.45098039215686275,0.45098039215686275,0.3904761904761905
235,0.32492997198879553,0.20193671593855855,0.2554895661513076,0.10905021470682302,0.4106442577030812,0.11494405567646027,0.0728286262601614,0.0,0.07268817815929651,1.0146723369834945,"[0.6453781723976135, 0.735014021396637, 0.7002801299095154, 0.7126050591468811]",1.3834,0.3675070028011205,0.37815126050420167,0.3787114845938375,0.4028011204481793,0.41680672268907565,0.41680672268907565,0.36470588235294116
236,0.38375350140056025,0.25340558841221605,0.2739993506609558,0.1374199151157763,0.42296918767507,0.11676397174596786,0.07264626119285822,0.0,0.07244264613837004,1.2557809840654954,"[0.6453781723976135, 0.735014021396637, 0.7002801299095154, 0.7126050591468811]",1.012,0.3719887955182073,0.3708683473389356,0.4011204481792717,0.4280112044817927,0.4358543417366947,0.4358543417366947,0.36694677871148457
237,0.3535014005602241,0.22012680052428446,0.27639600949674664,0.14533927366632785,0.4436974789915966,0.11739051342010498,0.08947718888521194,0.0,0.07320599351078272,1.2360770370578393,"[0.6453781723976135, 0.735014021396637, 0.7002801299095154, 0.7126050591468811]",1.3569,0.403921568627451,0.42240896358543417,0.4549019607843137,0.4599439775910364,0.45938375350140054,0.45938375350140054,0.40560224089635855
238,0.36134453781512604,0.2327087992452651,0.2701151411599134,0.12063607190773798,0.4184873949579832,0.11407071352005005,0.0869207726791501,0.0,0.07302067521959543,1.2058195209829137,"[0.6453781723976135, 0.735014021396637, 0.7002801299095154, 0.7126050591468811]",1.1325,0.3708683473389356,0.3915966386554622,0.4257703081232493,0.4296918767507003,0.4358543417366947,0.4358543417366947,0.3596638655462185
239,0.3355742296918767,0.20374302949333933,0.2716867577730516,0.12271343065006142,0.426890756302521,0.11540363729000092,0.08609724789857864,0.0,0.07293785829097033,1.1509234850527719,"[0.6453781723976135, 0.735014021396637, 0.7002801299095154, 0.7126050591468811]",1.0436,0.39103641456582633,0.3876750700280112,0.3826330532212885,0.42128851540616247,0.4296918767507003,0.4296918767507003,0.38375350140056025
240,0.3126050420168067,0.18829146117877016,0.25693530229852407,0.0932315454611933,0.41456582633053224,0.11464662849903107,0.08549924101680517,0.0,0.07287959940731525,1.2074242399539798,"[0.6453781723976135, 0.735014021396637, 0.7002801299095154, 0.7126050591468811]",1.4262,0.3798319327731092,0.41400560224089633,0.4369747899159664,0.44313725490196076,0.4526610644257703,0.4526610644257703,0.3753501400560224
241,0.33837535014005604,0.24255647721042073,0.2937119511778021,0.16327796291733057,0.46834733893557423,0.1141534298658371,0.08510593231767416,0.0,0.07282481994479895,1.4168807540554553,"[0.6453781723976135, 0.735014021396637, 0.7002801299095154, 0.7126050591468811]",1.5967,0.3680672268907563,0.39327731092436974,0.42408963585434173,0.430812324929972,0.4403361344537815,0.4403361344537815,0.38095238095238093
242,0.346218487394958,0.21694781456455747,0.27854434856835464,0.14943238146978105,0.4526610644257703,0.11670862138271332,0.08476919773966074,0.0,0.07279461715370417,1.3940123710781336,"[0.6453781723976135, 0.735014021396637, 0.7002801299095154, 0.7126050591468811]",1.3147,0.4095238095238095,0.4117647058823529,0.41456582633053224,0.44537815126050423,0.457703081232493,0.457703081232493,0.40784313725490196
243,0.37478991596638656,0.2408018598269751,0.2837518020260881,0.15786156152336367,0.45322128851540616,0.11489778757095337,0.08440859895199537,0.0,0.07278255745768547,1.5931525719352067,"[0.6453781723976135, 0.735014021396637, 0.7002801299095154, 0.7126050591468811]",1.4368,0.41008403361344536,0.4291316526610644,0.4392156862745098,0.44761904761904764,0.47955182072829133,0.47955182072829133,0.3927170868347339
244,0.36134453781512604,0.22522708434626704,0.280612601100076,0.14572574794616394,0.4481792717086835,0.11054370552301407,0.0841380013152957,0.0,0.07276798784732819,1.4434293729718775,"[0.6453781723976135, 0.735014021396637, 0.7002801299095154, 0.7126050591468811]",1.4239,0.39215686274509803,0.41008403361344536,0.42633053221288514,0.4291316526610644,0.44761904761904764,0.44761904761904764,0.37815126050420167
245,0.3484593837535014,0.22280895511212606,0.2525830038753741,0.1039516454515525,0.40448179271708684,0.11391694098711014,0.08391365595161915,0.0,0.07275259122252464,1.4160934810061008,"[0.6453781723976135, 0.735014021396637, 0.7002801299095154, 0.7126050591468811]",1.1786,0.3865546218487395,0.4162464985994398,0.43641456582633054,0.4380952380952381,0.4565826330532213,0.4565826330532213,0.37815126050420167
246,0.334453781512605,0.20740025879526391,0.26053834482252264,0.10652192336592017,0.4184873949579832,0.11416996270418167,0.08368912432342768,0.0,0.07273625116795301,1.347154768067412,"[0.6453781723976135, 0.735014021396637, 0.7002801299095154, 0.7126050591468811]",1.0076,0.4257703081232493,0.43641456582633054,0.4459383753501401,0.4459383753501401,0.45826330532212883,0.45826330532212883,0.4072829131652661
247,0.3288515406162465,0.21252474634991336,0.2572875363562607,0.09709368135958901,0.4246498599439776,0.11471515893936157,0.08339042216539383,0.0,0.07272747159004211,1.3449521079892293,"[0.6453781723976135, 0.735014021396637, 0.7002801299095154, 0.7126050591468811]",1.095,0.4162464985994398,0.43641456582633054,0.44873949579831934,0.45434173669467787,0.461624649859944,0.461624649859944,0.4011204481792717
248,0.3355742296918767,0.1977746973953758,0.2567595447227791,0.12952831743082072,0.39663865546218485,0.11262160539627075,0.08299025986343622,0.0,0.07270886655896902,1.1775902829831466,"[0.6453781723976135, 0.735014021396637, 0.7002801299095154, 0.7126050591468811]",1.2357,0.396078431372549,0.4151260504201681,0.426890756302521,0.43249299719887957,0.4459383753501401,0.4459383753501401,0.3815126050420168
249,0.3238095238095238,0.20009987172609156,0.2869240587086596,0.13693538248441042,0.45098039215686275,0.11056183278560638,0.08262739703059196,0.0,0.07272081822156906,1.7753521079430357,"[0.6453781723976135, 0.735014021396637, 0.7002801299095154, 0.7126050591468811]",1.4523,0.3988795518207283,0.42016806722689076,0.4296918767507003,0.4341736694677871,0.45098039215686275,0.45098039215686275,0.38487394957983195
250,0.3596638655462185,0.22071307300509335,0.2616342695236758,0.1378798267593182,0.4084033613445378,0.11167751997709274,0.08165978360921144,0.0,0.07271684519946575,1.4333702679723501,"[0.6453781723976135, 0.735014021396637, 0.7002801299095154, 0.7126050591468811]",1.5069,0.39551820728291315,0.42128851540616247,0.44761904761904764,0.4436974789915966,0.453781512605042,0.453781512605042,0.3971988795518207
251,0.37030812324929974,0.24672968636075898,0.25899030501561515,0.1254449936088205,0.39439775910364144,0.11220961064100266,0.081270607188344,0.0,0.07269351091235876,1.2790868040174246,"[0.6453781723976135, 0.735014021396637, 0.7002801299095154, 0.7126050591468811]",1.1323,0.37254901960784315,0.38823529411764707,0.4173669467787115,0.41904761904761906,0.4380952380952381,0.4380952380952381,0.3787114845938375
252,0.35518207282913167,0.23113726875570229,0.2678866202700956,0.1203614764480573,0.4218487394957983,0.11438073217868805,0.08112390618771315,0.0,0.07268887851387262,1.2153861100086942,"[0.6453781723976135, 0.735014021396637, 0.7002801299095154, 0.7126050591468811]",0.9794,0.3988795518207283,0.41904761904761906,0.4369747899159664,0.44537815126050423,0.4549019607843137,0.4549019607843137,0.39327731092436974
253,0.3434173669467787,0.21812468325382595,0.2717389036895363,0.11506098034511375,0.4280112044817927,0.11355330049991608,0.08088277466595173,0.0,0.07267874665558338,1.2782437580171973,"[0.6453781723976135, 0.735014021396637, 0.7002801299095154, 0.7126050591468811]",1.0321,0.3876750700280112,0.40784313725490196,0.430812324929972,0.4330532212885154,0.4515406162464986,0.4515406162464986,0.3815126050420168
254,0.3299719887955182,0.20042696629213475,0.2836883044561283,0.1385979021969341,0.44649859943977593,0.11505721509456635,0.08090183883905411,0.0,0.07266192883253098,1.3504802939714864,"[0.6453781723976135, 0.735014021396637, 0.7002801299095154, 0.7126050591468811]",1.2027,0.3949579831932773,0.42296918767507,0.4470588235294118,0.4549019607843137,0.45546218487394957,0.45546218487394957,0.3843137254901961
255,0.29747899159663865,0.19438963873338932,0.266068945690595,0.10278092785937802,0.4106442577030812,0.11472325026988983,0.08066082652658224,0.0,0.07265083212405443,1.3629071320174262,"[0.6453781723976135, 0.735014021396637, 0.7002801299095154, 0.7126050591468811]",1.4353,0.36246498599439775,0.3557422969187675,0.3876750700280112,0.40560224089635855,0.4151260504201681,0.4151260504201681,0.36246498599439775
256,0.33613445378151263,0.21153129310023489,0.2716574764300058,0.11049979181599556,0.4257703081232493,0.11310964822769165,0.08059018570929766,0.0,0.07263827882707119,1.5586040479829535,"[0.6453781723976135, 0.735014021396637, 0.7002801299095154, 0.7126050591468811]",0.9871,0.40336134453781514,0.3949579831932773,0.4134453781512605,0.4134453781512605,0.43249299719887957,0.43249299719887957,0.4011204481792717
257,0.33165266106442576,0.2126189942696397,0.2512986018232178,0.08926446478913332,0.3988795518207283,0.11363378912210464,0.08042102493345737,0.0,0.07263072021305561,1.27366552001331,"[0.6453781723976135, 0.735014021396637, 0.7002801299095154, 0.7126050591468811]",1.1974,0.4117647058823529,0.39775910364145656,0.41400560224089633,0.42521008403361343,0.4336134453781513,0.4336134453781513,0.4128851540616246
258,0.31092436974789917,0.19287006735549017,0.26185921806724455,0.0939990675715996,0.41568627450980394,0.1142338290810585,0.08035009261220694,0.0,0.07267398852854967,1.2674762409878895,"[0.6453781723976135, 0.735014021396637, 0.7002801299095154, 0.7126050591468811]",1.0881,0.4173669467787115,0.41904761904761906,0.4162464985994398,0.44313725490196076,0.44537815126050423,0.44537815126050423,0.4123249299719888
259,0.39439775910364144,0.2671898967426991,0.28352873075466606,0.15159727731367165,0.43137254901960786,0.11080411076545715,0.07875324413180351,0.0,0.07265560515224934,1.2680044970475137,"[0.6453781723976135, 0.735014021396637, 0.7002801299095154, 0.7126050591468811]",1.2125,0.37366946778711485,0.4095238095238095,0.42296918767507,0.42745098039215684,0.4330532212885154,0.4330532212885154,0.37591036414565826
260,0.3641456582633053,0.2378452498288327,0.2693427086831851,0.11640976625879494,0.42521008403361343,0.11134142428636551,0.07944198232144117,0.0,0.07265069894492626,1.1106109030079097,"[0.6453781723976135, 0.735014021396637, 0.7002801299095154, 0.7126050591468811]",1.1552,0.38095238095238093,0.41008403361344536,0.42521008403361343,0.4296918767507003,0.43137254901960786,0.43137254901960786,0.3988795518207283
261,0.33725490196078434,0.21195376338628635,0.2896179124593975,0.14013112071811826,0.46442577030812326,0.11365003883838654,0.07910541538149118,0.0,0.07264099270105362,1.6529452609829605,"[0.6453781723976135, 0.735014021396637, 0.7002801299095154, 0.7126050591468811]",1.6963,0.3641456582633053,0.38375350140056025,0.39551820728291315,0.39775910364145656,0.41680672268907565,0.41680672268907565,0.37366946778711485
262,0.39327731092436974,0.2566126558757885,0.26957195631943137,0.1632513058522782,0.4565826330532213,0.11346850544214249,0.07907060999423265,0.0,0.07262515835464001,1.1912078050663695,"[0.6453781723976135, 0.735014021396637, 0.7002801299095154, 0.7126050591468811]",1.1947,0.3843137254901961,0.40672268907563025,0.4173669467787115,0.42857142857142855,0.43753501400560224,0.43753501400560224,0.4011204481792717
263,0.3585434173669468,0.22808143305129203,0.2815613892146795,0.14458090089048253,0.46106442577030815,0.11351566016674042,0.07890936639159918,0.0,0.07261856272816658,1.2095394120551646,"[0.6453781723976135, 0.735014021396637, 0.7002801299095154, 0.7126050591468811]",1.1549,0.38823529411764707,0.40896358543417366,0.4196078431372549,0.42857142857142855,0.4448179271708683,0.4448179271708683,0.40672268907563025
264,0.3400560224089636,0.2158916620644572,0.2659673095453789,0.11540343045146581,0.42857142857142855,0.11286401748657227,0.0786070916801691,0.0,0.07260965183377266,1.3184564600232989,"[0.6453781723976135, 0.735014021396637, 0.7002801299095154, 0.7126050591468811]",1.1987,0.36918767507002803,0.3675070028011205,0.35406162464985996,0.38599439775910366,0.41680672268907565,0.41680672268907565,0.37254901960784315
265,0.29971988795518206,0.17209512529609783,0.25730204778998805,0.08900494172238689,0.4050420168067227,0.1131884902715683,0.07846426218748093,0.0,0.07259326800704002,1.256659509963356,"[0.6453781723976135, 0.735014021396637, 0.7002801299095154, 0.7126050591468811]",1.0063,0.37366946778711485,0.3865546218487395,0.4128851540616246,0.4218487394957983,0.4336134453781513,0.4336134453781513,0.37478991596638656
266,0.33613445378151263,0.22096640715146731,0.27436143067495766,0.11740129512003689,0.43137254901960786,0.11446737498044968,0.07834309432655573,0.0,0.07257938105612993,1.4615567290456966,"[0.6453781723976135, 0.735014021396637, 0.7002801299095154, 0.7126050591468811]",1.3133,0.3663865546218487,0.36358543417366945,0.3708683473389356,0.39103641456582633,0.41120448179271707,0.41120448179271707,0.36582633053221286
267,0.3473389355742297,0.24422490462520086,0.2714159329645062,0.11245923772194721,0.4218487394957983,0.11465060710906982,0.07828119769692421,0.0,0.07256809435784817,1.5197884240187705,"[0.6453781723976135, 0.735014021396637, 0.7002801299095154, 0.7126050591468811]",1.0113,0.42633053221288514,0.44537815126050423,0.45434173669467787,0.4627450980392157,0.45714285714285713,0.45714285714285713,0.4106442577030812
268,0.30084033613445377,0.18389955686853754,0.26478265651027627,0.09458522785797638,0.42408963585434173,0.11345765739679337,0.07816874142736197,0.0,0.07255655992776155,1.2604967430233955,"[0.6453781723976135, 0.735014021396637, 0.7002801299095154, 0.7126050591468811]",1.2693,0.4072829131652661,0.3826330532212885,0.39439775910364144,0.4011204481792717,0.4184873949579832,0.4184873949579832,0.4084033613445378
269,0.32717086834733894,0.20581642220721463,0.2742934929065375,0.1229928098895177,0.434733893557423,0.11352375894784927,0.07810667157173157,0.0,0.07254754565656185,1.404138802899979,"[0.6453781723976135, 0.735014021396637, 0.7002801299095154, 0.7126050591468811]",1.3073,0.3792717086834734,0.3971988795518207,0.4162464985994398,0.42521008403361343,0.43641456582633054,0.43641456582633054,0.37478991596638656
270,0.36358543417366945,0.2580140672008524,0.28626673500242855,0.1563373747568414,0.4380952380952381,0.11560022830963135,0.0779748847708106,0.0,0.07253748830407858,1.692194931092672,"[0.6453781723976135, 0.735014021396637, 0.7002801299095154, 0.7126050591468811]",0.9842,0.38599439775910366,0.3803921568627451,0.4061624649859944,0.41792717086834735,0.4296918767507003,0.4296918767507003,0.3876750700280112
271,0.33613445378151263,0.23576423576423577,0.25960530304428336,0.1061756382978404,0.4162464985994398,0.11493121087551117,0.07786799315363169,0.0,0.0725269541144371,1.4670086989644915,"[0.6453781723976135, 0.735014021396637, 0.7002801299095154, 0.7126050591468811]",1.3751,0.4050420168067227,0.38823529411764707,0.4106442577030812,0.42240896358543417,0.4380952380952381,0.4380952380952381,0.41008403361344536
272,0.35182072829131655,0.22429665386626296,0.27746987692745867,0.12855445756240275,0.43753501400560224,0.11250579357147217,0.07770463917404413,0.0,0.07252890337258577,1.2970211630454287,"[0.6453781723976135, 0.735014021396637, 0.7002801299095154, 0.7126050591468811]",1.1604,0.403921568627451,0.4291316526610644,0.43137254901960786,0.44425770308123247,0.4403361344537815,0.4403361344537815,0.38711484593837536
273,0.34397759103641457,0.2161560941511943,0.27588268654013975,0.12457511880586855,0.4358543417366947,0.11128269135951996,0.07760102301836014,0.0,0.07251745369285345,1.3840041409712285,"[0.6453781723976135, 0.735014021396637, 0.7002801299095154, 0.7126050591468811]",1.2728,0.403921568627451,0.43641456582633054,0.4549019607843137,0.4560224089635854,0.45546218487394957,0.45546218487394957,0.3803921568627451
274,0.3322128851540616,0.23637980604796438,0.2778426898695405,0.10340849448831049,0.4380952380952381,0.11401486396789551,0.07745645102113485,0.0,0.07250717654824257,1.3727436140179634,"[0.6453781723976135, 0.735014021396637, 0.7002801299095154, 0.7126050591468811]",1.1687,0.39103641456582633,0.4218487394957983,0.44761904761904764,0.453781512605042,0.45826330532212883,0.45826330532212883,0.39439775910364144
275,0.3103641456582633,0.2172288139849946,0.28137619052784213,0.10246054239514595,0.4481792717086835,0.1164737194776535,0.07740928139537573,0.0,0.07249351590871811,1.4319732669973746,"[0.6453781723976135, 0.735014021396637, 0.7002801299095154, 0.7126050591468811]",1.2895,0.3764705882352941,0.37030812324929974,0.40560224089635855,0.4072829131652661,0.41904761904761906,0.41904761904761906,0.37478991596638656
276,0.3131652661064426,0.22231122192245045,0.27185870554170427,0.11544307072166665,0.44761904761904764,0.11572980880737305,0.0773300277069211,0.0,0.07248239312320948,1.6117735739098862,"[0.6453781723976135, 0.735014021396637, 0.7002801299095154, 0.7126050591468811]",1.6185,0.373109243697479,0.396078431372549,0.4134453781512605,0.4207282913165266,0.4235294117647059,0.4235294117647059,0.38095238095238093
277,0.33277310924369746,0.2357955536032479,0.2846887068965475,0.12261057307623975,0.4526610644257703,0.11595640331506729,0.07719861809164286,0.0,0.0724740857258439,1.4316941219149157,"[0.6453781723976135, 0.735014021396637, 0.7002801299095154, 0.7126050591468811]",1.5701,0.36134453781512604,0.3619047619047619,0.42633053221288514,0.42745098039215684,0.403921568627451,0.403921568627451,0.35182072829131655
278,0.3366946778711485,0.2384699784344141,0.2945623806572619,0.1472590974627438,0.4638655462184874,0.1161714643239975,0.07709866343066096,0.0,0.07245919480919838,1.5822977060452104,"[0.6453781723976135, 0.735014021396637, 0.7002801299095154, 0.7126050591468811]",1.1301,0.3753501400560224,0.40560224089635855,0.4246498599439776,0.4184873949579832,0.426890756302521,0.426890756302521,0.36134453781512604
279,0.2868347338935574,0.1566679792476129,0.25850972882632883,0.0859791044383074,0.40336134453781514,0.11648889631032944,0.07700641779229045,0.0,0.07244422752410173,1.1412941879825667,"[0.6453781723976135, 0.735014021396637, 0.7002801299095154, 0.7126050591468811]",0.9434,0.36358543417366945,0.3803921568627451,0.40672268907563025,0.41568627450980394,0.44425770308123247,0.44425770308123247,0.36358543417366945
280,0.31820728291316525,0.2072129970143829,0.2694012684070696,0.1071480588837157,0.4291316526610644,0.11399725824594498,0.07692008139565587,0.0,0.07243051659315825,1.2443362389458343,"[0.6453781723976135, 0.735014021396637, 0.7002801299095154, 0.7126050591468811]",1.2441,0.4,0.4336134453781513,0.4436974789915966,0.45322128851540616,0.4526610644257703,0.4526610644257703,0.38207282913165264
281,0.3014005602240896,0.2044291724493621,0.27668491956240354,0.10170475248861895,0.4246498599439776,0.11522481590509415,0.07683756062760949,0.0,0.0724207554012537,1.4717851870227605,"[0.6453781723976135, 0.735014021396637, 0.7002801299095154, 0.7126050591468811]",1.2115,0.36022408963585434,0.39663865546218485,0.4134453781512605,0.4218487394957983,0.42857142857142855,0.42857142857142855,0.3663865546218487
282,0.31820728291316525,0.21702568915666298,0.2759328045097954,0.11248281376151685,0.43529411764705883,0.11555925011634827,0.07676171651110053,0.0,0.07240646798163652,1.384696169057861,"[0.6453781723976135, 0.735014021396637, 0.7002801299095154, 0.7126050591468811]",1.0248,0.39327731092436974,0.4050420168067227,0.4280112044817927,0.42857142857142855,0.43529411764705883,0.43529411764705883,0.3971988795518207
283,0.3484593837535014,0.24506225098514967,0.2899213181320197,0.14756460713907338,0.45714285714285713,0.11717456579208374,0.07677487283945084,0.0,0.07239369954913855,1.1948650539852679,"[0.6453781723976135, 0.735014021396637, 0.7002801299095154, 0.7126050591468811]",1.1141,0.40224089635854343,0.4123249299719888,0.4436974789915966,0.44537815126050423,0.43865546218487395,0.43865546218487395,0.4050420168067227
284,0.3456582633053221,0.24438091482649837,0.2858491312537912,0.1266866965396457,0.4549019607843137,0.11826299130916595,0.07661394588649273,0.0,0.07238956913352013,1.4250835999846458,"[0.6453781723976135, 0.735014021396637, 0.7002801299095154, 0.7126050591468811]",1.3694,0.3843137254901961,0.39943977591036417,0.41456582633053224,0.42745098039215684,0.4330532212885154,0.4330532212885154,0.3865546218487395
285,0.365266106442577,0.24378377893293912,0.2739697434591459,0.13171467857200203,0.44649859943977593,0.11672322452068329,0.07659368310123682,0.0,0.07237887568771839,1.301492825965397,"[0.6453781723976135, 0.735014021396637, 0.7002801299095154, 0.7126050591468811]",1.0863,0.3971988795518207,0.39663865546218485,0.434733893557423,0.45210084033613446,0.45434173669467787,0.45434173669467787,0.3938375350140056
286,0.35910364145658263,0.23571942394883538,0.2641283533092908,0.12458185008526135,0.4369747899159664,0.1152603030204773,0.07652448816224933,0.0,0.07236426044255495,1.2870497859548777,"[0.6453781723976135, 0.735014021396637, 0.7002801299095154, 0.7126050591468811]",1.3505,0.37703081232492996,0.3708683473389356,0.4128851540616246,0.4341736694677871,0.4341736694677871,0.4341736694677871,0.3764705882352941
287,0.31708683473389354,0.21026700260665632,0.25685521470421385,0.11194562678604661,0.40672268907563025,0.1186077892780304,0.07643543183803558,0.0,0.07234846241772175,1.5056968639837578,"[0.6453781723976135, 0.735014021396637, 0.7002801299095154, 0.7126050591468811]",1.3336,0.3927170868347339,0.39103641456582633,0.38599439775910366,0.426890756302521,0.4173669467787115,0.4173669467787115,0.38823529411764707
288,0.3204481792717087,0.2215477473221441,0.28761771550406273,0.12182974434130578,0.4448179271708683,0.11852248013019562,0.07651599775999784,0.0,0.0723399305716157,1.3612328469753265,"[0.6453781723976135, 0.735014021396637, 0.7002801299095154, 0.7126050591468811]",0.9967,0.38375350140056025,0.3904761904761905,0.4173669467787115,0.42408963585434173,0.4403361344537815,0.4403361344537815,0.3831932773109244
289,0.3378151260504202,0.23652749864484324,0.2881235096006477,0.13527015151922894,0.44873949579831934,0.1180226132273674,0.07641186472028494,0.0,0.07233141921460629,1.1537447010632604,"[0.6453781723976135, 0.735014021396637, 0.7002801299095154, 0.7126050591468811]",0.9123,0.36694677871148457,0.3826330532212885,0.396078431372549,0.43865546218487395,0.41904761904761906,0.41904761904761906,0.36582633053221286
290,0.3014005602240896,0.2058645353624582,0.2803310781136386,0.11408281021967445,0.4319327731092437,0.12001211941242218,0.07642155326902866,0.0,0.07232668250799179,1.2139351309742779,"[0.6453781723976135, 0.735014021396637, 0.7002801299095154, 0.7126050591468811]",1.2502,0.3523809523809524,0.38711484593837536,0.40784313725490196,0.4207282913165266,0.4123249299719888,0.4123249299719888,0.3523809523809524
291,0.34901960784313724,0.2190845514528016,0.27599865113127714,0.11719128076255572,0.426890756302521,0.11833290755748749,0.0763289574533701,0.0,0.07231560070067644,1.2089210950070992,"[0.6453781723976135, 0.735014021396637, 0.7002801299095154, 0.7126050591468811]",1.6358,0.38487394957983195,0.39943977591036417,0.4123249299719888,0.42128851540616247,0.43025210084033616,0.43025210084033616,0.39215686274509803
292,0.3753501400560224,0.2477546310557306,0.2905494220823343,0.14549526125437162,0.4515406162464986,0.11678794026374817,0.07621464598923922,0.0,0.07230659667402506,1.5144693569745868,"[0.6453781723976135, 0.735014021396637, 0.7002801299095154, 0.7126050591468811]",1.2544,0.3742296918767507,0.39103641456582633,0.41792717086834735,0.4246498599439776,0.4207282913165266,0.4207282913165266,0.38935574229691877
293,0.36694677871148457,0.23386513245980167,0.26845886558821985,0.12970681375291815,0.4050420168067227,0.11498426645994186,0.07615224178880453,0.0,0.07229497283697128,1.08722210500855,"[0.6453781723976135, 0.735014021396637, 0.7002801299095154, 0.7126050591468811]",1.1702,0.3887955182072829,0.3854341736694678,0.42521008403361343,0.4280112044817927,0.4173669467787115,0.4173669467787115,0.39439775910364144
294,0.35294117647058826,0.22658803280804052,0.2826100959611463,0.1269229723182446,0.43753501400560224,0.11433522403240204,0.0760814817622304,0.0,0.07228339742869139,1.5470647730398923,"[0.6453781723976135, 0.735014021396637, 0.7002801299095154, 0.7126050591468811]",0.9753,0.40448179271708684,0.3792717086834734,0.39775910364145656,0.4134453781512605,0.4072829131652661,0.4072829131652661,0.4
295,0.37478991596638656,0.2512448806538329,0.27771643897939813,0.13114422248758115,0.42857142857142855,0.11449114978313446,0.07595474738627672,0.0,0.07227388769388199,1.260169262997806,"[0.6453781723976135, 0.735014021396637, 0.7002801299095154, 0.7126050591468811]",1.0581,0.3876750700280112,0.3826330532212885,0.3971988795518207,0.43025210084033616,0.42128851540616247,0.42128851540616247,0.38375350140056025
296,0.3876750700280112,0.2621805138250982,0.28422786792552523,0.14077423965137784,0.4403361344537815,0.11364429444074631,0.07585578039288521,0.0,0.07226993329823017,1.2163368560140952,"[0.6453781723976135, 0.735014021396637, 0.7002801299095154, 0.7126050591468811]",0.9756,0.3826330532212885,0.37478991596638656,0.4106442577030812,0.42857142857142855,0.41400560224089633,0.41400560224089633,0.38935574229691877
297,0.3904761904761905,0.26206850169219487,0.2765231898735824,0.1456992663953212,0.41008403361344536,0.11637468636035919,0.07571269385516644,0.0,0.07226555049419403,1.491547047975473,"[0.6453781723976135, 0.735014021396637, 0.7002801299095154, 0.7126050591468811]",0.9821,0.4061624649859944,0.39103641456582633,0.39775910364145656,0.42296918767507,0.39943977591036417,0.39943977591036417,0.40448179271708684
298,0.36246498599439775,0.24604124609023992,0.27880956387531136,0.12782665031296822,0.42016806722689076,0.11674410849809647,0.07568517932668328,0.0,0.07225586008280516,1.309701440972276,"[0.6453781723976135, 0.735014021396637, 0.7002801299095154, 0.7126050591468811]",0.9751,0.38375350140056025,0.4246498599439776,0.45098039215686275,0.4549019607843137,0.4369747899159664,0.4369747899159664,0.37142857142857144
299,0.3378151260504202,0.21252733463641338,0.2508757110764573,0.10105193772878937,0.3899159663865546,0.12041741609573364,0.07561108190566301,0.0,0.07224278058856726,1.5743152209324762,"[0.6453781723976135, 0.735014021396637, 0.7002801299095154, 0.7126050591468811]",1.4753,0.39551820728291315,0.4050420168067227,0.4369747899159664,0.4492997198879552,0.4436974789915966,0.4436974789915966,0.4011204481792717
300,0.33725490196078434,0.2092320021270342,0.2701536310859595,0.12223510787230903,0.4403361344537815,0.11937457323074341,0.07560524810105562,0.0,0.07223133277148008,1.1926318480400369,"[0.6453781723976135, 0.735014021396637, 0.7002801299095154, 0.7126050591468811]",,,,,,,,
