round,ACC,Kappa,NMI,ARI,PURITY,alignment_loss,mean_reconstruction_loss,mean_consensus_loss,mean_local_total_loss,round_seconds,observed_rates,completion_eval_seconds,C025_ACC,C050_ACC,C075_ACC,C100_ACC,D0_ACC,E0_ACC,G0_ACC
1,0.27539779681762544,0.15184907857334495,0.17334930504600685,0.06951382335439396,0.3769889840881273,0.09899642318487167,0.22563989646732807,0.0,0.20950179733335972,2.1370608400320634,"[0.6119951009750366, 0.7135863304138184, 0.7294981479644775, 0.7380661368370056]",1.1779,0.2802937576499388,0.2607099143206854,0.28518971848225216,0.3108935128518972,0.2998776009791922,0.2998776009791922,0.2729498164014688
2,0.26193390452876375,0.12864970604257608,0.16213191418953693,0.05097155834244176,0.3818849449204406,0.09285631030797958,0.21194512955844402,0.0,0.19774200022220612,0.9688039179891348,"[0.6119951009750366, 0.7135863304138184, 0.7294981479644775, 0.7380661368370056]",1.0005,0.2962056303549572,0.29008567931456547,0.2717258261933905,0.2974296205630355,0.29008567931456547,0.29008567931456547,0.2998776009791922
3,0.2778457772337821,0.13840131555428448,0.1485894084335961,0.04185366910905327,0.37209302325581395,0.09038244187831879,0.19999264739453793,0.0,0.1874665729701519,1.063904054928571,"[0.6119951009750366, 0.7135863304138184, 0.7294981479644775, 0.7380661368370056]",1.035,0.32068543451652387,0.32068543451652387,0.2962056303549572,0.2876376988984088,0.29008567931456547,0.29008567931456547,0.3157894736842105
4,0.30966952264381886,0.18669448356931817,0.17724713770717243,0.08070522487403103,0.41003671970624234,0.09081140905618668,0.18951849453151226,0.0,0.1784490430727601,1.0047354539856315,"[0.6119951009750366, 0.7135863304138184, 0.7294981479644775, 0.7380661368370056]",0.8035,0.31456548347613217,0.3157894736842105,0.2974296205630355,0.29253365973072215,0.28151774785801714,0.28151774785801714,0.3157894736842105
5,0.24969400244798043,0.1088182015538085,0.16600633934458583,0.052904745233765295,0.40269277845777235,0.09162401407957077,0.1802520463243127,0.0,0.17036393657326698,1.0284953040536493,"[0.6119951009750366, 0.7135863304138184, 0.7294981479644775, 0.7380661368370056]",0.9486,0.3084455324357405,0.30354957160342716,0.2729498164014688,0.2827417380660955,0.2607099143206854,0.2607099143206854,0.3072215422276622
6,0.2998776009791922,0.1713540475316555,0.16338182012283525,0.07594404711423683,0.40269277845777235,0.09000174701213837,0.17187299486249685,0.0,0.1629271386191249,1.1544875579420477,"[0.6119951009750366, 0.7135863304138184, 0.7294981479644775, 0.7380661368370056]",0.9386,0.31456548347613217,0.3182374541003672,0.2839657282741738,0.2839657282741738,0.26560587515299877,0.26560587515299877,0.31946144430844553
7,0.24969400244798043,0.14057408205045496,0.16089524297681856,0.05310313535524597,0.390452876376989,0.08803260326385498,0.16416171751916409,0.0,0.15597715228796005,1.0547539580147713,"[0.6119951009750366, 0.7135863304138184, 0.7294981479644775, 0.7380661368370056]",0.8827,0.3292533659730722,0.33414932680538556,0.30354957160342716,0.2937576499388005,0.3011015911872705,0.3011015911872705,0.33047735618115054
8,0.2558139534883721,0.1396201577912688,0.1566464768204653,0.03320769076420434,0.3684210526315789,0.08941156417131424,0.15695371199399233,0.0,0.14942646399140358,0.8596665289951488,"[0.6119951009750366, 0.7135863304138184, 0.7294981479644775, 0.7380661368370056]",0.9797,0.3182374541003672,0.31334149326805383,0.3182374541003672,0.31334149326805383,0.29008567931456547,0.29008567931456547,0.31946144430844553
9,0.31456548347613217,0.1860494077545196,0.16558931615978664,0.0697587062060772,0.4039167686658507,0.08687403053045273,0.1501586278900504,0.0,0.14321469515562057,1.0803455830318853,"[0.6119951009750366, 0.7135863304138184, 0.7294981479644775, 0.7380661368370056]",1.0268,0.31701346389228885,0.2974296205630355,0.3011015911872705,0.32313341493268055,0.30599755201958384,0.30599755201958384,0.3157894736842105
10,0.2729498164014688,0.1436723602484472,0.14412098222873387,0.02734025135049822,0.3525091799265606,0.08614839613437653,0.14372541476041079,0.0,0.13730857241898775,0.9518571948865429,"[0.6119951009750366, 0.7135863304138184, 0.7294981479644775, 0.7380661368370056]",0.9655,0.3084455324357405,0.31211750305997554,0.27539779681762544,0.28518971848225216,0.2582619339045288,0.2582619339045288,0.31211750305997554
11,0.29865361077111385,0.15821811767371363,0.14068381183399528,0.0521021776457052,0.39167686658506734,0.08570943772792816,0.13761862460523844,0.0,0.13169102370738983,1.0357962960842997,"[0.6119951009750366, 0.7135863304138184, 0.7294981479644775, 0.7380661368370056]",1.1128,0.3047735618115055,0.2974296205630355,0.26438188494492043,0.2802937576499388,0.24112607099143207,0.24112607099143207,0.30354957160342716
12,0.31334149326805383,0.19366631422836256,0.1592786005288367,0.06494343478266336,0.39657282741738065,0.0845753625035286,0.1318167755380273,0.0,0.12632359750568867,1.0478159880731255,"[0.6119951009750366, 0.7135863304138184, 0.7294981479644775, 0.7380661368370056]",1.0077,0.31946144430844553,0.31946144430844553,0.2876376988984088,0.3329253365973072,0.29008567931456547,0.29008567931456547,0.32068543451652387
13,0.2827417380660955,0.13545598023742544,0.14262227136198163,0.06331344882288104,0.39412484700122397,0.0838179886341095,0.1262997267767787,0.0,0.12121735513210297,1.0148006309755147,"[0.6119951009750366, 0.7135863304138184, 0.7294981479644775, 0.7380661368370056]",1.1915,0.2864137086903305,0.27906976744186046,0.35006119951040393,0.27906976744186046,0.31701346389228885,0.31701346389228885,0.2913096695226438
14,0.2937576499388005,0.14055973761501672,0.13465535033159318,0.03529794367067763,0.3378212974296206,0.08031000196933746,0.12107114866375923,0.0,0.11636790353804827,1.2103951269527897,"[0.6119951009750366, 0.7135863304138184, 0.7294981479644775, 0.7380661368370056]",0.9614,0.26805385556915545,0.26805385556915545,0.3011015911872705,0.26805385556915545,0.24479804161566707,0.24479804161566707,0.2717258261933905
15,0.2913096695226438,0.15702200988315207,0.12329923523434316,0.0398536431966473,0.3659730722154223,0.07859759032726288,0.11610808875411749,0.0,0.11176846269518137,1.1397779590915889,"[0.6119951009750366, 0.7135863304138184, 0.7294981479644775, 0.7380661368370056]",0.9643,0.2802937576499388,0.27539779681762544,0.2974296205630355,0.2766217870257038,0.2717258261933905,0.2717258261933905,0.2864137086903305
16,0.3011015911872705,0.1836876466584192,0.15640408697430006,0.08927818983722802,0.3733170134638923,0.07661161571741104,0.11141744907945395,0.0,0.1074458509683609,1.0757286910666153,"[0.6119951009750366, 0.7135863304138184, 0.7294981479644775, 0.7380661368370056]",0.8652,0.28151774785801714,0.2631578947368421,0.3292533659730722,0.27906976744186046,0.2913096695226438,0.2913096695226438,0.28518971848225216
17,0.2484700122399021,0.13332423415749994,0.13884279571864094,0.054195596127082905,0.37821297429620565,0.07340486347675323,0.10699019581079483,0.0,0.10335692297667265,1.0758163649588823,"[0.6119951009750366, 0.7135863304138184, 0.7294981479644775, 0.7380661368370056]",1.2063,0.29008567931456547,0.2827417380660955,0.3219094247246022,0.2998776009791922,0.28886168910648713,0.28886168910648713,0.2913096695226438
18,0.24357405140758873,0.11911441432010872,0.1412485522748683,0.05891998647000006,0.3525091799265606,0.07382658869028091,0.10285751055926085,0.0,0.0995666729286313,0.9510113010182977,"[0.6119951009750366, 0.7135863304138184, 0.7294981479644775, 0.7380661368370056]",1.1072,0.2839657282741738,0.26805385556915545,0.31701346389228885,0.34394124847001223,0.3157894736842105,0.3157894736842105,0.2876376988984088
19,0.2827417380660955,0.13205802692501545,0.1200457536115714,0.05614981017103841,0.3561811505507956,0.07244043797254562,0.09900735411792994,0.0,0.09603602811694145,1.029063162044622,"[0.6119951009750366, 0.7135863304138184, 0.7294981479644775, 0.7380661368370056]",0.9775,0.2778457772337821,0.2607099143206854,0.32313341493268055,0.30354957160342716,0.27050183598531213,0.27050183598531213,0.2778457772337821
20,0.2839657282741738,0.12859132793897265,0.11610682542632594,0.06984537550175854,0.3635250917992656,0.07200760394334793,0.095440324395895,0.0,0.09272995125502348,1.1923619229346514,"[0.6119951009750366, 0.7135863304138184, 0.7294981479644775, 0.7380661368370056]",0.8275,0.27539779681762544,0.29498164014687883,0.33659730722154224,0.2998776009791922,0.2864137086903305,0.2864137086903305,0.2741738066095471
21,0.26193390452876375,0.09793348177010841,0.10621024242374709,0.05022439932768987,0.34761321909424725,0.07134805619716644,0.09211363457143307,0.0,0.08961979392915964,1.0239272670587525,"[0.6119951009750366, 0.7135863304138184, 0.7294981479644775, 0.7380661368370056]",0.8993,0.2582619339045288,0.2876376988984088,0.3329253365973072,0.2839657282741738,0.27906976744186046,0.27906976744186046,0.2582619339045288
22,0.27050183598531213,0.11216377851683301,0.10770914438129944,0.04605597879156419,0.35006119951040393,0.07076620310544968,0.08899809326976538,0.0,0.08670122176408768,1.0027141369646415,"[0.6119951009750366, 0.7135863304138184, 0.7294981479644775, 0.7380661368370056]",0.9388,0.2778457772337821,0.24969400244798043,0.2864137086903305,0.2594859241126071,0.26438188494492043,0.26438188494492043,0.2778457772337821
23,0.27906976744186046,0.13028555937104647,0.1051796375864183,0.053198478943954026,0.34761321909424725,0.06962057203054428,0.08608916867524385,0.0,0.08396891877055168,1.1154602610040456,"[0.6119951009750366, 0.7135863304138184, 0.7294981479644775, 0.7380661368370056]",0.9715,0.26193390452876375,0.24112607099143207,0.28151774785801714,0.2864137086903305,0.2864137086903305,0.2864137086903305,0.2594859241126071
24,0.2594859241126071,0.12000705012711588,0.11353131176783325,0.019906976550844512,0.3329253365973072,0.06855235248804092,0.08335363306105137,0.0,0.08138899598270655,0.9816651619039476,"[0.6119951009750366, 0.7135863304138184, 0.7294981479644775, 0.7380661368370056]",1.0823,0.2668298653610771,0.24724602203182375,0.27050183598531213,0.2423500611995104,0.25703794369645044,0.25703794369645044,0.2668298653610771
25,0.24724602203182375,0.059757966574910726,0.10748681974586198,0.004342382959976118,0.3353733170134639,0.06945161521434784,0.08079821895807981,0.0,0.07894273474812508,1.0106809169519693,"[0.6119951009750366, 0.7135863304138184, 0.7294981479644775, 0.7380661368370056]",1.294,0.2631578947368421,0.2594859241126071,0.30966952264381886,0.2607099143206854,0.24969400244798043,0.24969400244798043,0.2631578947368421
26,0.23255813953488372,0.12985598923741215,0.12430729527806501,0.04329403663721792,0.3635250917992656,0.06842155754566193,0.07839485444128513,0.0,0.07664832472801208,1.1577552629169077,"[0.6119951009750366, 0.7135863304138184, 0.7294981479644775, 0.7380661368370056]",1.0313,0.2594859241126071,0.23133414932680538,0.29865361077111385,0.2729498164014688,0.2876376988984088,0.2876376988984088,0.25703794369645044
27,0.2668298653610771,0.1211362052740842,0.13723140344117507,0.04627364489510962,0.37454100367197063,0.0667535588145256,0.07615451794117689,0.0,0.07452055439352989,1.0838131100172177,"[0.6119951009750366, 0.7135863304138184, 0.7294981479644775, 0.7380661368370056]",1.1144,0.2607099143206854,0.23745410036719705,0.29498164014687883,0.2802937576499388,0.2668298653610771,0.2668298653610771,0.2594859241126071
28,0.25703794369645044,0.12800544382277335,0.11633478739015878,0.04744864691400365,0.3574051407588739,0.0670369490981102,0.07405637204647064,0.0,0.07254842203110456,1.0028389260405675,"[0.6119951009750366, 0.7135863304138184, 0.7294981479644775, 0.7380661368370056]",1.0686,0.2668298653610771,0.2876376988984088,0.3219094247246022,0.2839657282741738,0.27539779681762544,0.27539779681762544,0.26438188494492043
29,0.26438188494492043,0.10159986533612897,0.11161090785457217,0.04696932858953731,0.3598531211750306,0.0669250413775444,0.07211382407695055,0.0,0.07069908361881971,1.1047366439597681,"[0.6119951009750366, 0.7135863304138184, 0.7294981479644775, 0.7380661368370056]",1.044,0.26560587515299877,0.2766217870257038,0.34394124847001223,0.2741738066095471,0.28886168910648713,0.28886168910648713,0.26438188494492043
30,0.29253365973072215,0.13934012418918884,0.1265660966925322,0.05794105070976557,0.35862913096695226,0.06886575371026993,0.07032179646193981,0.0,0.06901258789002895,1.2895543630002066,"[0.6119951009750366, 0.7135863304138184, 0.7294981479644775, 0.7380661368370056]",1.273,0.26438188494492043,0.27050183598531213,0.31211750305997554,0.2974296205630355,0.2692778457772338,0.2692778457772338,0.26560587515299877
31,0.2827417380660955,0.13003454334999642,0.12500423613136358,0.059377321768236936,0.35862913096695226,0.06942880153656006,0.06867637112736702,0.0,0.06746316608041525,1.157077035983093,"[0.6119951009750366, 0.7135863304138184, 0.7294981479644775, 0.7380661368370056]",0.8695,0.2692778457772338,0.2962056303549572,0.3292533659730722,0.29865361077111385,0.2913096695226438,0.2913096695226438,0.2692778457772338
32,0.26438188494492043,0.11280212920117005,0.10269957451911514,0.03998175977588879,0.35006119951040393,0.07056233286857605,0.06716430280357599,0.0,0.06601940002292395,0.970468414016068,"[0.6119951009750366, 0.7135863304138184, 0.7294981479644775, 0.7380661368370056]",1.2228,0.26438188494492043,0.29498164014687883,0.3427172582619339,0.2937576499388005,0.3108935128518972,0.3108935128518972,0.2668298653610771
33,0.2778457772337821,0.1145876384289134,0.0974637557023581,0.036578264829910875,0.3525091799265606,0.07052306085824966,0.06577026937156916,0.0,0.06468207482248545,1.0405919330660254,"[0.6119951009750366, 0.7135863304138184, 0.7294981479644775, 0.7380661368370056]",1.0771,0.2717258261933905,0.2668298653610771,0.32558139534883723,0.24357405140758873,0.24357405140758873,0.24357405140758873,0.2692778457772338
34,0.27906976744186046,0.1349819523138429,0.11854695933022646,0.03277654544769368,0.3733170134638923,0.06954852491617203,0.06448715273290873,0.0,0.06345506478101015,0.8739873819286004,"[0.6119951009750366, 0.7135863304138184, 0.7294981479644775, 0.7380661368370056]",1.0751,0.2802937576499388,0.2864137086903305,0.33047735618115054,0.2974296205630355,0.29498164014687883,0.29498164014687883,0.2766217870257038
35,0.2692778457772338,0.12958541233912235,0.10767686527562098,0.03765050673675964,0.3525091799265606,0.07005525380373001,0.06330826599150896,0.0,0.062333326786756516,1.2146250701043755,"[0.6119951009750366, 0.7135863304138184, 0.7294981479644775, 0.7380661368370056]",1.0007,0.2827417380660955,0.27539779681762544,0.3219094247246022,0.27906976744186046,0.2937576499388005,0.2937576499388005,0.28151774785801714
36,0.28151774785801714,0.14310856518002468,0.11592343036593399,0.05201966396025287,0.3684210526315789,0.06973926723003387,0.0622292198240757,0.0,0.061300518456846476,0.9449232480255887,"[0.6119951009750366, 0.7135863304138184, 0.7294981479644775, 0.7380661368370056]",0.8161,0.2717258261933905,0.2558139534883721,0.3402692778457772,0.2717258261933905,0.2913096695226438,0.2913096695226438,0.2741738066095471
37,0.2778457772337821,0.09546390243627834,0.10448581173785763,0.05023217615375794,0.36964504283965727,0.06975466758012772,0.06124232988804579,0.0,0.06036169361323118,0.9023724100552499,"[0.6119951009750366, 0.7135863304138184, 0.7294981479644775, 0.7380661368370056]",0.8346,0.2729498164014688,0.24357405140758873,0.2839657282741738,0.26438188494492043,0.24479804161566707,0.24479804161566707,0.2729498164014688
38,0.2766217870257038,0.1265367332614562,0.09296382955955874,0.04038440558813765,0.34516523867809057,0.07204030454158783,0.06034642783924937,0.0,0.05951077863574028,1.134819653001614,"[0.6119951009750366, 0.7135863304138184, 0.7294981479644775, 0.7380661368370056]",0.8566,0.2729498164014688,0.2594859241126071,0.3108935128518972,0.2827417380660955,0.25091799265605874,0.25091799265605874,0.2729498164014688
39,0.2741738066095471,0.12451051080354825,0.1229221893915449,0.06630974926706966,0.37821297429620565,0.07187184691429138,0.059537568129599094,0.0,0.058736893348395824,0.8989618129562587,"[0.6119951009750366, 0.7135863304138184, 0.7294981479644775, 0.7380661368370056]",1.0822,0.2717258261933905,0.2876376988984088,0.3292533659730722,0.31456548347613217,0.29865361077111385,0.29865361077111385,0.2717258261933905
40,0.2839657282741738,0.12494095418044393,0.11713040485112383,0.058750693275093455,0.3671970624235006,0.07137314230203629,0.058805123902857304,0.0,0.058038296177983284,0.886943839956075,"[0.6119951009750366, 0.7135863304138184, 0.7294981479644775, 0.7380661368370056]",0.7274,0.2692778457772338,0.29008567931456547,0.33047735618115054,0.2827417380660955,0.29008567931456547,0.29008567931456547,0.2729498164014688
41,0.29008567931456547,0.1393767900893751,0.11732325842652398,0.05529212240587757,0.36964504283965727,0.07166104763746262,0.058143903501331806,0.0,0.05741202179342508,0.9377909540198743,"[0.6119951009750366, 0.7135863304138184, 0.7294981479644775, 0.7380661368370056]",0.916,0.2607099143206854,0.26438188494492043,0.32313341493268055,0.24724602203182375,0.26805385556915545,0.26805385556915545,0.2607099143206854
42,0.27906976744186046,0.12923743381695652,0.11960733294701723,0.055729855378964556,0.3623011015911873,0.07149171829223633,0.057550822384655476,0.0,0.05684100044891238,0.9269281789893284,"[0.6119951009750366, 0.7135863304138184, 0.7294981479644775, 0.7380661368370056]",0.8414,0.2594859241126071,0.2741738066095471,0.3292533659730722,0.28151774785801714,0.2692778457772338,0.2692778457772338,0.2582619339045288
43,0.2631578947368421,0.11912011233218234,0.12241650989704861,0.05840840167684031,0.3659730722154223,0.07211674749851227,0.05701615661382675,0.0,0.056329998187720776,0.95624372898601,"[0.6119951009750366, 0.7135863304138184, 0.7294981479644775, 0.7380661368370056]",0.9285,0.2692778457772338,0.28151774785801714,0.34149326805385555,0.2802937576499388,0.29865361077111385,0.29865361077111385,0.2692778457772338
44,0.28518971848225216,0.11719962773210768,0.1150695341179678,0.05774996668064003,0.35495716034271724,0.07149574905633926,0.056537847965955734,0.0,0.0558699993416667,0.93615349708125,"[0.6119951009750366, 0.7135863304138184, 0.7294981479644775, 0.7380661368370056]",0.9163,0.2692778457772338,0.29253365973072215,0.3317013463892289,0.2729498164014688,0.2778457772337821,0.2778457772337821,0.2692778457772338
45,0.2802937576499388,0.11638472532101218,0.12084045976189603,0.06376420459901617,0.3671970624235006,0.07123667746782303,0.05610872386023402,0.0,0.05545947141945362,1.1196693879319355,"[0.6119951009750366, 0.7135863304138184, 0.7294981479644775, 0.7380661368370056]",0.9774,0.26805385556915545,0.2717258261933905,0.31334149326805383,0.26805385556915545,0.25458996328029376,0.25458996328029376,0.26560587515299877
46,0.29253365973072215,0.15868782480576227,0.11252437262184221,0.057575476970909464,0.3671970624235006,0.07078853249549866,0.055725890211761,0.0,0.05509494710713625,1.1365178079577163,"[0.6119951009750366, 0.7135863304138184, 0.7294981479644775, 0.7380661368370056]",0.945,0.2668298653610771,0.2631578947368421,0.3084455324357405,0.3023255813953488,0.29253365973072215,0.29253365973072215,0.26805385556915545
47,0.3108935128518972,0.14764624347722954,0.11419821127999451,0.06558023529556631,0.37209302325581395,0.07009194791316986,0.05538530135527253,0.0,0.054769990500062704,1.0899975158972666,"[0.6119951009750366, 0.7135863304138184, 0.7294981479644775, 0.7380661368370056]",1.171,0.2729498164014688,0.2741738066095471,0.30966952264381886,0.2631578947368421,0.2607099143206854,0.2607099143206854,0.2692778457772338
48,0.2766217870257038,0.13883890114554664,0.12773696540244425,0.058866548388350134,0.3708690330477356,0.07092687487602234,0.0550803211517632,0.0,0.05448484281077981,1.153573096031323,"[0.6119951009750366, 0.7135863304138184, 0.7294981479644775, 0.7380661368370056]",1.2841,0.26438188494492043,0.24479804161566707,0.3084455324357405,0.29498164014687883,0.27539779681762544,0.27539779681762544,0.26438188494492043
49,0.28886168910648713,0.1451481610880394,0.13198939240177862,0.07593908336753423,0.3953488372093023,0.06983146071434021,0.05481297383084893,0.0,0.0542294280603528,0.8863516389392316,"[0.6119951009750366, 0.7135863304138184, 0.7294981479644775, 0.7380661368370056]",1.0202,0.26560587515299877,0.2558139534883721,0.31456548347613217,0.30354957160342716,0.2766217870257038,0.2766217870257038,0.26560587515299877
50,0.2864137086903305,0.11922786748226644,0.12347625095335196,0.07952559653171341,0.3843329253365973,0.06842480599880219,0.05457346513867378,0.0,0.0540020284242928,1.0327088490594178,"[0.6119951009750366, 0.7135863304138184, 0.7294981479644775, 0.7380661368370056]",1.2326,0.26560587515299877,0.2460220318237454,0.29498164014687883,0.28518971848225216,0.25458996328029376,0.25458996328029376,0.2631578947368421
51,0.28518971848225216,0.16067599350534,0.12511167724641462,0.05636498653415522,0.37209302325581395,0.07073216140270233,0.05436163768172264,0.0,0.053802133072167635,1.0149523820728064,"[0.6119951009750366, 0.7135863304138184, 0.7294981479644775, 0.7380661368370056]",0.8376,0.2607099143206854,0.26805385556915545,0.32802937576499386,0.3011015911872705,0.26438188494492043,0.26438188494492043,0.2594859241126071
52,0.2594859241126071,0.13380893800316151,0.13566440003524582,0.05173232734830281,0.37454100367197063,0.07120445370674133,0.054173425771296024,0.0,0.05362547095865011,0.9815981959691271,"[0.6119951009750366, 0.7135863304138184, 0.7294981479644775, 0.7380661368370056]",0.9025,0.2668298653610771,0.2533659730722154,0.31334149326805383,0.33047735618115054,0.3023255813953488,0.3023255813953488,0.26805385556915545
53,0.2802937576499388,0.15957089473905195,0.13005334894149734,0.05119144019233287,0.37454100367197063,0.07138044387102127,0.05400710040703416,0.0,0.053468550555408,0.9670665030134842,"[0.6119951009750366, 0.7135863304138184, 0.7294981479644775, 0.7380661368370056]",0.9958,0.2692778457772338,0.2766217870257038,0.34516523867809057,0.3219094247246022,0.2998776009791922,0.2998776009791922,0.26805385556915545
54,0.29253365973072215,0.15434123908511976,0.12537669571124294,0.050812104276740676,0.37454100367197063,0.07288666069507599,0.05385914724320173,0.0,0.05333095183596015,1.0356410390231758,"[0.6119951009750366, 0.7135863304138184, 0.7294981479644775, 0.7380661368370056]",0.8206,0.26805385556915545,0.22766217870257038,0.2998776009791922,0.30966952264381886,0.2864137086903305,0.2864137086903305,0.26805385556915545
55,0.2827417380660955,0.12822389744710316,0.11713116578633659,0.05770183615993825,0.3671970624235006,0.07251490652561188,0.05372779117897153,0.0,0.05320963962003589,1.119992210995406,"[0.6119951009750366, 0.7135863304138184, 0.7294981479644775, 0.7380661368370056]",1.1556,0.25703794369645044,0.25458996328029376,0.31211750305997554,0.2729498164014688,0.2533659730722154,0.2533659730722154,0.2558139534883721
56,0.26560587515299877,0.10958692607682419,0.10818532727999124,0.040168426243861625,0.3525091799265606,0.07266385853290558,0.05361012648791075,0.0,0.0531029854901135,0.9654922159388661,"[0.6119951009750366, 0.7135863304138184, 0.7294981479644775, 0.7380661368370056]",0.834,0.2582619339045288,0.2729498164014688,0.34149326805385555,0.27539779681762544,0.2827417380660955,0.2827417380660955,0.25703794369645044
57,0.2692778457772338,0.13382382713023822,0.11775156328425726,0.042120961748928584,0.3574051407588739,0.07215210795402527,0.05350623745471239,0.0,0.05300877848640084,1.0308681780006737,"[0.6119951009750366, 0.7135863304138184, 0.7294981479644775, 0.7380661368370056]",1.1313,0.2607099143206854,0.2423500611995104,0.2607099143206854,0.23745410036719705,0.24969400244798043,0.24969400244798043,0.26193390452876375
58,0.26560587515299877,0.13705690988212427,0.13320362885313086,0.052037535409238216,0.3769889840881273,0.07256060838699341,0.053414052817970514,0.0,0.052924188785254955,0.9565097749000415,"[0.6119951009750366, 0.7135863304138184, 0.7294981479644775, 0.7380661368370056]",0.9155,0.2631578947368421,0.2386780905752754,0.30599755201958384,0.28518971848225216,0.26805385556915545,0.26805385556915545,0.26193390452876375
59,0.2876376988984088,0.12668145786345586,0.13845919387050204,0.06867787535043869,0.38310893512851896,0.07224898040294647,0.053334052208811045,0.0,0.05284938542172313,0.9595394339412451,"[0.6119951009750366, 0.7135863304138184, 0.7294981479644775, 0.7380661368370056]",0.9777,0.2533659730722154,0.2692778457772338,0.3353733170134639,0.27539779681762544,0.28518971848225216,0.28518971848225216,0.2521419828641371
60,0.2998776009791922,0.12707968701259154,0.12887820715765247,0.0522413871558562,0.36964504283965727,0.07312069088220596,0.053261575754731894,0.0,0.052783474791795015,1.2213525719707832,"[0.6119951009750366, 0.7135863304138184, 0.7294981479644775, 0.7380661368370056]",1.0992,0.27539779681762544,0.2741738066095471,0.31701346389228885,0.3023255813953488,0.29008567931456547,0.29008567931456547,0.2717258261933905
61,0.2778457772337821,0.12449552648690265,0.12876227729629516,0.041246155054471885,0.36474908200734396,0.0741005465388298,0.05319753987714648,0.0,0.05272403405979276,1.1261062260018662,"[0.6119951009750366, 0.7135863304138184, 0.7294981479644775, 0.7380661368370056]",1.0201,0.26438188494492043,0.23623011015911874,0.2913096695226438,0.3084455324357405,0.2668298653610771,0.2668298653610771,0.26560587515299877
62,0.2778457772337821,0.17343141793988026,0.135556792734252,0.05435357325695076,0.379436964504284,0.07499593496322632,0.05313778715208173,0.0,0.05267030745744705,1.1256792640779167,"[0.6119951009750366, 0.7135863304138184, 0.7294981479644775, 0.7380661368370056]",1.1307,0.26805385556915545,0.24479804161566707,0.27906976744186046,0.2998776009791922,0.25703794369645044,0.25703794369645044,0.26193390452876375
63,0.2827417380660955,0.17659684612249182,0.137528516053822,0.056882337375980335,0.379436964504284,0.07493627816438675,0.053082110825926065,0.0,0.0526213007979095,1.2016191160073504,"[0.6119951009750366, 0.7135863304138184, 0.7294981479644775, 0.7380661368370056]",1.0222,0.26560587515299877,0.2386780905752754,0.30599755201958384,0.28886168910648713,0.2692778457772338,0.2692778457772338,0.26438188494492043
64,0.29253365973072215,0.14391792796761482,0.1288985961682286,0.03685176280902518,0.3623011015911873,0.07483284920454025,0.053030367475003004,0.0,0.05257593002170324,1.1112211550353095,"[0.6119951009750366, 0.7135863304138184, 0.7294981479644775, 0.7380661368370056]",0.8936,0.2607099143206854,0.27539779681762544,0.3427172582619339,0.2864137086903305,0.29253365973072215,0.29253365973072215,0.2607099143206854
65,0.3084455324357405,0.16598310302960217,0.13345666825264266,0.060287537593156165,0.38310893512851896,0.07517869770526886,0.05298357689753175,0.0,0.052533119451254606,1.0880452339770272,"[0.6119951009750366, 0.7135863304138184, 0.7294981479644775, 0.7380661368370056]",1.051,0.27050183598531213,0.24357405140758873,0.2802937576499388,0.2839657282741738,0.2692778457772338,0.2692778457772338,0.2668298653610771
66,0.2974296205630355,0.15614057186043584,0.13483168095085782,0.04924208052060638,0.379436964504284,0.07360206544399261,0.05294079100713134,0.0,0.052491976879537106,1.0503619619412348,"[0.6119951009750366, 0.7135863304138184, 0.7294981479644775, 0.7380661368370056]",1.0819,0.2668298653610771,0.25703794369645044,0.32558139534883723,0.2913096695226438,0.2741738066095471,0.2741738066095471,0.2668298653610771
67,0.2558139534883721,0.1229835114487644,0.13302707641731235,0.05198470027392315,0.3708690330477356,0.0748923048377037,0.052901630755513906,0.0,0.052452868316322565,1.0624139289138839,"[0.6119951009750366, 0.7135863304138184, 0.7294981479644775, 0.7380661368370056]",0.9667,0.26560587515299877,0.24724602203182375,0.28518971848225216,0.2876376988984088,0.2717258261933905,0.2717258261933905,0.26560587515299877
68,0.26193390452876375,0.11434164967802463,0.12115842312929438,0.0259987066899633,0.3463892288861689,0.07596802711486816,0.05286489985883236,0.0,0.052416679449379444,0.902453914983198,"[0.6119951009750366, 0.7135863304138184, 0.7294981479644775, 0.7380661368370056]",1.1113,0.2594859241126071,0.2741738066095471,0.33047735618115054,0.2827417380660955,0.2839657282741738,0.2839657282741738,0.2607099143206854
69,0.27906976744186046,0.133510035850684,0.11833826315388118,0.06204427806636479,0.37821297429620565,0.07642168551683426,0.05282895592972636,0.0,0.05238382471725345,1.178573693963699,"[0.6119951009750366, 0.7135863304138184, 0.7294981479644775, 0.7380661368370056]",0.9697,0.2594859241126071,0.2350061199510404,0.2802937576499388,0.27050183598531213,0.25703794369645044,0.25703794369645044,0.2594859241126071
70,0.2827417380660955,0.15678107150845666,0.15333673745081763,0.05500274766628045,0.3806609547123623,0.07582602649927139,0.05279357638210058,0.0,0.05235286755487323,1.0343524949857965,"[0.6119951009750366, 0.7135863304138184, 0.7294981479644775, 0.7380661368370056]",1.1483,0.26805385556915545,0.2802937576499388,0.3378212974296206,0.2766217870257038,0.2778457772337821,0.2778457772337821,0.26805385556915545
71,0.31456548347613217,0.18019215814163514,0.14173365114287853,0.06773378904691882,0.38310893512851896,0.07581339031457901,0.052758559584617615,0.0,0.052323066629469395,0.9184781970689073,"[0.6119951009750366, 0.7135863304138184, 0.7294981479644775, 0.7380661368370056]",1.1013,0.26438188494492043,0.2558139534883721,0.2766217870257038,0.2778457772337821,0.2741738066095471,0.2741738066095471,0.26193390452876375
72,0.2668298653610771,0.12050442458791322,0.1444332414680187,0.0540147797194782,0.3769889840881273,0.07581313699483871,0.052727976348251104,0.0,0.0522945667617023,0.9021816659951583,"[0.6119951009750366, 0.7135863304138184, 0.7294981479644775, 0.7380661368370056]",1.0687,0.2631578947368421,0.2802937576499388,0.3378212974296206,0.2802937576499388,0.2937576499388005,0.2937576499388005,0.2631578947368421
73,0.2778457772337821,0.1266670652585502,0.1355367416379695,0.06291582367566295,0.386780905752754,0.07681306451559067,0.052697181701660156,0.0,0.05226895911619067,1.182354185031727,"[0.6119951009750366, 0.7135863304138184, 0.7294981479644775, 0.7380661368370056]",0.9112,0.2582619339045288,0.2607099143206854,0.29008567931456547,0.26438188494492043,0.2778457772337821,0.2778457772337821,0.2594859241126071
74,0.3023255813953488,0.15495641317839037,0.13460716615882967,0.06185197945867355,0.37576499388004897,0.07729600369930267,0.05266741057857871,0.0,0.05224340409040451,1.0837779459543526,"[0.6119951009750366, 0.7135863304138184, 0.7294981479644775, 0.7380661368370056]",0.9195,0.24969400244798043,0.2766217870257038,0.29253365973072215,0.2729498164014688,0.2692778457772338,0.2692778457772338,0.24479804161566707
75,0.2974296205630355,0.1392565373722765,0.11724012971946983,0.06164507897803317,0.36964504283965727,0.07903722673654556,0.05263776332139969,0.0,0.0522194760851562,1.168903497979045,"[0.6119951009750366, 0.7135863304138184, 0.7294981479644775, 0.7380661368370056]",0.9991,0.27539779681762544,0.2741738066095471,0.2913096695226438,0.29008567931456547,0.2668298653610771,0.2668298653610771,0.2766217870257038
76,0.31334149326805383,0.17532063277291576,0.13421766413608108,0.07783800405238195,0.38555691554467564,0.0798119604587555,0.05260877497494221,0.0,0.052199194207787514,0.8772268180036917,"[0.6119951009750366, 0.7135863304138184, 0.7294981479644775, 0.7380661368370056]",0.9104,0.2998776009791922,0.3047735618115055,0.29865361077111385,0.29865361077111385,0.29253365973072215,0.29253365973072215,0.30354957160342716
77,0.3292533659730722,0.18604194543021713,0.14041462386064227,0.08108143813252153,0.379436964504284,0.07875307649374008,0.05258115753531456,0.0,0.05217804154381156,0.9033074940089136,"[0.6119951009750366, 0.7135863304138184, 0.7294981479644775, 0.7380661368370056]",1.107,0.29253365973072215,0.3084455324357405,0.29498164014687883,0.30599755201958384,0.27539779681762544,0.27539779681762544,0.29253365973072215
78,0.2668298653610771,0.15278013413337843,0.1481398103428507,0.06954023807972895,0.390452876376989,0.07908020168542862,0.05255529563874006,0.0,0.05215612333267927,1.0330746049294248,"[0.6119951009750366, 0.7135863304138184, 0.7294981479644775, 0.7380661368370056]",0.9001,0.28886168910648713,0.2962056303549572,0.26560587515299877,0.2386780905752754,0.2386780905752754,0.2386780905752754,0.2876376988984088
79,0.2962056303549572,0.15922733569339687,0.12899321123271784,0.07505437700033812,0.38310893512851896,0.07855702936649323,0.052530573680996895,0.0,0.052135338075459,1.010427310015075,"[0.6119951009750366, 0.7135863304138184, 0.7294981479644775, 0.7380661368370056]",1.1691,0.3072215422276622,0.32313341493268055,0.31946144430844553,0.27906976744186046,0.29865361077111385,0.29865361077111385,0.3047735618115055
80,0.27539779681762544,0.16585493729218115,0.1383547563611307,0.06401171329050387,0.386780905752754,0.07985742390155792,0.05250796815380454,0.0,0.05211299331858754,1.054332326981239,"[0.6119951009750366, 0.7135863304138184, 0.7294981479644775, 0.7380661368370056]",0.9563,0.31211750305997554,0.32313341493268055,0.3084455324357405,0.3157894736842105,0.2876376988984088,0.2876376988984088,0.3157894736842105
81,0.27539779681762544,0.1596621719059209,0.1352170727940799,0.06639334691720317,0.39167686658506734,0.0812171995639801,0.05248683877289295,0.0,0.05209139594808221,1.0645844809478149,"[0.6119951009750366, 0.7135863304138184, 0.7294981479644775, 0.7380661368370056]",1.0324,0.3023255813953488,0.3157894736842105,0.2839657282741738,0.29865361077111385,0.26438188494492043,0.26438188494492043,0.29865361077111385
82,0.2998776009791922,0.16463810291601932,0.1520704676906846,0.07554352925217592,0.40269277845777235,0.08087913691997528,0.05246436223387718,0.0,0.052069217432290316,1.05532103497535,"[0.6119951009750366, 0.7135863304138184, 0.7294981479644775, 0.7380661368370056]",0.7984,0.30599755201958384,0.32313341493268055,0.28518971848225216,0.29008567931456547,0.2741738066095471,0.2741738066095471,0.3084455324357405
83,0.29253365973072215,0.16621907702955863,0.14866477135392997,0.06338320837384871,0.401468788249694,0.07863209396600723,0.05244220653548837,0.0,0.05204705195501447,0.8582281960407272,"[0.6119951009750366, 0.7135863304138184, 0.7294981479644775, 0.7380661368370056]",1.2724,0.2962056303549572,0.29498164014687883,0.32558139534883723,0.28518971848225216,0.31946144430844553,0.31946144430844553,0.29498164014687883
84,0.2717258261933905,0.12536839188620252,0.12024885237276811,0.05929681083223042,0.3929008567931457,0.07844990491867065,0.052419140469282866,0.0,0.052024951204657555,0.9712743100244552,"[0.6119951009750366, 0.7135863304138184, 0.7294981479644775, 0.7380661368370056]",0.956,0.2962056303549572,0.29008567931456547,0.3243574051407589,0.2827417380660955,0.30966952264381886,0.30966952264381886,0.29498164014687883
85,0.2668298653610771,0.15310415242578157,0.14896147096130494,0.06683397915581976,0.386780905752754,0.08106563985347748,0.052397179417312145,0.0,0.052002680487930775,0.8757246939931065,"[0.6119951009750366, 0.7135863304138184, 0.7294981479644775, 0.7380661368370056]",0.9977,0.2937576499388005,0.28886168910648713,0.2913096695226438,0.2827417380660955,0.26805385556915545,0.26805385556915545,0.29253365973072215
86,0.2827417380660955,0.15768009359852908,0.15271580058726686,0.06854881678756942,0.390452876376989,0.07995691895484924,0.05237430240958929,0.0,0.05198056995868683,1.3072640630416572,"[0.6119951009750366, 0.7135863304138184, 0.7294981479644775, 0.7380661368370056]",0.8764,0.29498164014687883,0.30599755201958384,0.30599755201958384,0.28151774785801714,0.2717258261933905,0.2717258261933905,0.2913096695226438
87,0.2802937576499388,0.15610145136300235,0.1547392595976233,0.06933945741413174,0.39167686658506734,0.08006564527750015,0.0523527548648417,0.0,0.05195880401879549,1.0120597230270505,"[0.6119951009750366, 0.7135863304138184, 0.7294981479644775, 0.7380661368370056]",1.2183,0.2962056303549572,0.3108935128518972,0.2913096695226438,0.2876376988984088,0.2741738066095471,0.2741738066095471,0.29253365973072215
88,0.2484700122399021,0.12925640033119068,0.13053998345367632,0.04247067621610578,0.3880048959608323,0.0799155980348587,0.052330635488033295,0.0,0.05193685321137309,1.137426241999492,"[0.6119951009750366, 0.7135863304138184, 0.7294981479644775, 0.7380661368370056]",0.9325,0.2962056303549572,0.31211750305997554,0.2839657282741738,0.2839657282741738,0.2717258261933905,0.2717258261933905,0.29253365973072215
89,0.30354957160342716,0.15454270998530506,0.13549929958201007,0.06432418739465504,0.40024479804161567,0.08061533421278,0.05230850214138627,0.0,0.05191444046795368,0.8346422140020877,"[0.6119951009750366, 0.7135863304138184, 0.7294981479644775, 0.7380661368370056]",1.0443,0.2962056303549572,0.30966952264381886,0.26805385556915545,0.2974296205630355,0.2717258261933905,0.2717258261933905,0.2962056303549572
90,0.28518971848225216,0.16170235942954847,0.13953645002009507,0.07003672496281273,0.401468788249694,0.07993456721305847,0.05228586355224252,0.0,0.051892580930143595,0.9580178420292214,"[0.6119951009750366, 0.7135863304138184, 0.7294981479644775, 0.7380661368370056]",0.9798,0.3084455324357405,0.3219094247246022,0.2864137086903305,0.2802937576499388,0.2741738066095471,0.2741738066095471,0.30966952264381886
91,0.2876376988984088,0.16539294603332866,0.14111238832625725,0.04194110189692891,0.37209302325581395,0.08011635392904282,0.05226296838372946,0.0,0.051871275063604116,1.0214047300396487,"[0.6119951009750366, 0.7135863304138184, 0.7294981479644775, 0.7380661368370056]",1.2056,0.2974296205630355,0.3011015911872705,0.29253365973072215,0.29865361077111385,0.2766217870257038,0.2766217870257038,0.3011015911872705
92,0.2937576499388005,0.153585253919576,0.1277542482437031,0.04052363338707462,0.3806609547123623,0.07991734147071838,0.05223949532955885,0.0,0.05185052705928683,1.1277152309194207,"[0.6119951009750366, 0.7135863304138184, 0.7294981479644775, 0.7380661368370056]",0.9627,0.29865361077111385,0.2962056303549572,0.3243574051407589,0.2876376988984088,0.28151774785801714,0.28151774785801714,0.3047735618115055
93,0.2802937576499388,0.16309649905229107,0.14236570291809988,0.04505745941599367,0.3806609547123623,0.07987679541110992,0.05221503507345915,0.0,0.05183038441464305,0.9384718269575387,"[0.6119951009750366, 0.7135863304138184, 0.7294981479644775, 0.7380661368370056]",1.388,0.2864137086903305,0.29008567931456547,0.34394124847001223,0.2839657282741738,0.2998776009791922,0.2998776009791922,0.2937576499388005
94,0.27906976744186046,0.16362855821940425,0.13636094958832679,0.06220717455291135,0.3929008567931457,0.07989075779914856,0.052191251423209906,0.0,0.05181035026907921,1.1548474710434675,"[0.6119951009750366, 0.7135863304138184, 0.7294981479644775, 0.7380661368370056]",1.0524,0.2876376988984088,0.2802937576499388,0.35128518971848227,0.2962056303549572,0.31334149326805383,0.31334149326805383,0.29253365973072215
95,0.28886168910648713,0.17486654162458526,0.14330438927760306,0.07177637595234893,0.386780905752754,0.07925544679164886,0.052167169749736786,0.0,0.05178927397355437,1.0406114989891648,"[0.6119951009750366, 0.7135863304138184, 0.7294981479644775, 0.7380661368370056]",0.908,0.3011015911872705,0.30599755201958384,0.2998776009791922,0.27539779681762544,0.26560587515299877,0.26560587515299877,0.3011015911872705
96,0.2864137086903305,0.1569448230209104,0.1412117886292684,0.06800994054532666,0.38555691554467564,0.0810745507478714,0.05214272113516927,0.0,0.05176974507048726,0.9663934669224545,"[0.6119951009750366, 0.7135863304138184, 0.7294981479644775, 0.7380661368370056]",1.0735,0.29253365973072215,0.2998776009791922,0.3072215422276622,0.27539779681762544,0.2766217870257038,0.2766217870257038,0.2937576499388005
97,0.2766217870257038,0.14380328543259602,0.14869185818608668,0.07168427463151392,0.3953488372093023,0.08156242966651917,0.05212004203349352,0.0,0.051757235545665026,0.9060948700644076,"[0.6119951009750366, 0.7135863304138184, 0.7294981479644775, 0.7380661368370056]",1.0895,0.2962056303549572,0.29865361077111385,0.3329253365973072,0.2802937576499388,0.30354957160342716,0.30354957160342716,0.3011015911872705
98,0.2913096695226438,0.14146406092328678,0.1492593385990841,0.06366311851261758,0.401468788249694,0.08154696971178055,0.05209939694032073,0.0,0.05175115214660764,0.9568590469425544,"[0.6119951009750366, 0.7135863304138184, 0.7294981479644775, 0.7380661368370056]",1.1337,0.3023255813953488,0.31334149326805383,0.3427172582619339,0.29253365973072215,0.3084455324357405,0.3084455324357405,0.30599755201958384
99,0.2998776009791922,0.16541834092329677,0.1395680460088271,0.06853636621479128,0.39412484700122397,0.08086182177066803,0.05207601236179471,0.0,0.05174122378230095,0.8842678130604327,"[0.6119951009750366, 0.7135863304138184, 0.7294981479644775, 0.7380661368370056]",1.2286,0.3023255813953488,0.31701346389228885,0.3427172582619339,0.2962056303549572,0.3108935128518972,0.3108935128518972,0.3072215422276622
100,0.29253365973072215,0.1679394155105033,0.13705378777035634,0.0703026884090234,0.401468788249694,0.080826535820961,0.05205233534798026,0.0,0.05172680038958788,0.9831050100037828,"[0.6119951009750366, 0.7135863304138184, 0.7294981479644775, 0.7380661368370056]",1.1548,0.3047735618115055,0.31946144430844553,0.3402692778457772,0.3011015911872705,0.31211750305997554,0.31211750305997554,0.3084455324357405
101,0.3084455324357405,0.18023164953506698,0.13861817280650027,0.0694919544207801,0.412484700122399,0.0812421590089798,0.05202854843810201,0.0,0.05171024240553379,1.1119004380889237,"[0.6119951009750366, 0.7135863304138184, 0.7294981479644775, 0.7380661368370056]",1.1403,0.2962056303549572,0.3047735618115055,0.35128518971848227,0.31211750305997554,0.3268053855569155,0.3268053855569155,0.29865361077111385
102,0.3072215422276622,0.1614586733398614,0.15361242788163063,0.07694047020367484,0.4112607099143207,0.08176606893539429,0.05200547119602561,0.0,0.051693523302674294,1.117824831046164,"[0.6119951009750366, 0.7135863304138184, 0.7294981479644775, 0.7380661368370056]",0.9509,0.3011015911872705,0.3182374541003672,0.3488372093023256,0.28518971848225216,0.3072215422276622,0.3072215422276622,0.30599755201958384
103,0.3182374541003672,0.1858356889827173,0.13967728509542254,0.0751537376017235,0.40514075887392903,0.08066436648368835,0.0519833704456687,0.0,0.051674877759069204,1.1390467159217224,"[0.6119951009750366, 0.7135863304138184, 0.7294981479644775, 0.7380661368370056]",1.027,0.30966952264381886,0.30966952264381886,0.35006119951040393,0.28151774785801714,0.30599755201958384,0.30599755201958384,0.31456548347613217
104,0.3047735618115055,0.15987892129884418,0.14062371646876579,0.06011716353087752,0.40514075887392903,0.08186062425374985,0.05196128552779555,0.0,0.051657010335475206,0.9462115839123726,"[0.6119951009750366, 0.7135863304138184, 0.7294981479644775, 0.7380661368370056]",0.9664,0.29498164014687883,0.3072215422276622,0.3378212974296206,0.2876376988984088,0.3011015911872705,0.3011015911872705,0.29865361077111385
105,0.2827417380660955,0.13136514226204088,0.13345564902092488,0.04760161820508787,0.38922888616891066,0.08190201222896576,0.051938644144684076,0.0,0.05164061766117811,1.0077099719783291,"[0.6119951009750366, 0.7135863304138184, 0.7294981479644775, 0.7380661368370056]",1.2287,0.3047735618115055,0.31456548347613217,0.3023255813953488,0.2864137086903305,0.27050183598531213,0.27050183598531213,0.3047735618115055
106,0.3072215422276622,0.158836615788162,0.14834681244970038,0.06021737859790833,0.39167686658506734,0.08166973292827606,0.0519144544377923,0.0,0.051624664571136236,1.257003762992099,"[0.6119951009750366, 0.7135863304138184, 0.7294981479644775, 0.7380661368370056]",1.1834,0.29498164014687883,0.29498164014687883,0.3182374541003672,0.28151774785801714,0.2607099143206854,0.2607099143206854,0.29253365973072215
107,0.2937576499388005,0.1552355045194217,0.14181820907248055,0.06107735144878635,0.401468788249694,0.08122091740369797,0.051890924107283354,0.0,0.05160816852003336,1.0002068009926006,"[0.6119951009750366, 0.7135863304138184, 0.7294981479644775, 0.7380661368370056]",1.1203,0.3084455324357405,0.31334149326805383,0.3329253365973072,0.30599755201958384,0.30599755201958384,0.30599755201958384,0.30966952264381886
108,0.3108935128518972,0.1635309222107454,0.13911473170509714,0.063204859299512,0.3806609547123623,0.08150513470172882,0.05186828039586544,0.0,0.05159088131040335,1.35297606093809,"[0.6119951009750366, 0.7135863304138184, 0.7294981479644775, 0.7380661368370056]",1.2038,0.3047735618115055,0.3084455324357405,0.35128518971848227,0.30354957160342716,0.31701346389228885,0.31701346389228885,0.3072215422276622
109,0.30599755201958384,0.16761631636542018,0.1449253501200875,0.07498010241060883,0.39412484700122397,0.08066647499799728,0.051846422255039215,0.0,0.05157433683052659,1.008580778958276,"[0.6119951009750366, 0.7135863304138184, 0.7294981479644775, 0.7380661368370056]",1.0113,0.29253365973072215,0.29865361077111385,0.3353733170134639,0.27539779681762544,0.29008567931456547,0.29008567931456547,0.2998776009791922
110,0.29253365973072215,0.15554800522165202,0.15019429551560753,0.06906026339293528,0.3990208078335373,0.08080495893955231,0.05182472988963127,0.0,0.051558729726821184,1.0543659050017595,"[0.6119951009750366, 0.7135863304138184, 0.7294981479644775, 0.7380661368370056]",1.2012,0.2974296205630355,0.2998776009791922,0.3488372093023256,0.2827417380660955,0.3084455324357405,0.3084455324357405,0.3011015911872705
111,0.32068543451652387,0.17304676101546546,0.1498298770279779,0.07922359321721079,0.4039167686658507,0.08065249025821686,0.051803093403577805,0.0,0.05154401808977127,0.9672230309806764,"[0.6119951009750366, 0.7135863304138184, 0.7294981479644775, 0.7380661368370056]",0.8723,0.2998776009791922,0.26560587515299877,0.31701346389228885,0.29865361077111385,0.2998776009791922,0.2998776009791922,0.29865361077111385
112,0.2766217870257038,0.14268440789193348,0.12996274971334426,0.05099104980221435,0.3843329253365973,0.08140972256660461,0.05178179685026407,0.0,0.0515294405631721,1.2074488670332357,"[0.6119951009750366, 0.7135863304138184, 0.7294981479644775, 0.7380661368370056]",1.0315,0.3011015911872705,0.29008567931456547,0.3537331701346389,0.3047735618115055,0.32802937576499386,0.32802937576499386,0.29865361077111385
113,0.2839657282741738,0.1480724257418683,0.1418359924932802,0.055512369810990655,0.3880048959608323,0.08310645073652267,0.051761820912361145,0.0,0.051514931954443455,1.132181899040006,"[0.6119951009750366, 0.7135863304138184, 0.7294981479644775, 0.7380661368370056]",1.0815,0.3023255813953488,0.31701346389228885,0.2937576499388005,0.29008567931456547,0.2802937576499388,0.2802937576499388,0.3047735618115055
114,0.32068543451652387,0.19252672968294782,0.16042100008665774,0.07990302156150654,0.412484700122399,0.08295505493879318,0.05174109945073724,0.0,0.051501124165952206,1.357291491003707,"[0.6119951009750366, 0.7135863304138184, 0.7294981479644775, 0.7380661368370056]",1.204,0.2827417380660955,0.2802937576499388,0.34394124847001223,0.29498164014687883,0.30354957160342716,0.30354957160342716,0.2827417380660955
115,0.31946144430844553,0.19178282050095907,0.16116307441165129,0.0809037476133509,0.4149326805385557,0.08215033262968063,0.05172125902026892,0.0,0.05148746771737933,1.2363174239872023,"[0.6119951009750366, 0.7135863304138184, 0.7294981479644775, 0.7380661368370056]",0.9317,0.2864137086903305,0.27050183598531213,0.3353733170134639,0.2913096695226438,0.2974296205630355,0.2974296205630355,0.28886168910648713
116,0.34149326805385555,0.20914951537364002,0.15299432263130583,0.09029413049431843,0.3929008567931457,0.08201244473457336,0.051701785530894995,0.0,0.05147341080009937,1.0759023809805512,"[0.6119951009750366, 0.7135863304138184, 0.7294981479644775, 0.7380661368370056]",0.9492,0.2864137086903305,0.2766217870257038,0.33414932680538556,0.29253365973072215,0.2913096695226438,0.2913096695226438,0.29008567931456547
117,0.32313341493268055,0.20248362782651674,0.15618679186181664,0.07231846709633818,0.41370869033047736,0.080912284553051,0.051682088524103165,0.0,0.05146053386852145,0.8881790629820898,"[0.6119951009750366, 0.7135863304138184, 0.7294981479644775, 0.7380661368370056]",1.0784,0.29253365973072215,0.2766217870257038,0.3243574051407589,0.28518971848225216,0.30599755201958384,0.30599755201958384,0.2937576499388005
118,0.3219094247246022,0.20093285525384297,0.15680140665062478,0.07211714128123302,0.4112607099143207,0.08068837225437164,0.05166320316493511,0.0,0.05144763318821788,0.9550373769598082,"[0.6119951009750366, 0.7135863304138184, 0.7294981479644775, 0.7380661368370056]",0.8918,0.29253365973072215,0.3023255813953488,0.2839657282741738,0.2974296205630355,0.26193390452876375,0.26193390452876375,0.2937576499388005
119,0.32802937576499386,0.20348876442405017,0.1556464017498724,0.07678283078512038,0.40636474908200737,0.07969880104064941,0.05164486821740866,0.0,0.05143475392833352,0.9190151829971,"[0.6119951009750366, 0.7135863304138184, 0.7294981479644775, 0.7380661368370056]",0.8676,0.2913096695226438,0.2974296205630355,0.2864137086903305,0.2729498164014688,0.24969400244798043,0.24969400244798043,0.2876376988984088
120,0.31334149326805383,0.1875445369749955,0.14777622758259906,0.0780126750334308,0.40269277845777235,0.07867932319641113,0.05162704735994339,0.0,0.05142167862504721,0.92138432408683,"[0.6119951009750366, 0.7135863304138184, 0.7294981479644775, 0.7380661368370056]",0.9594,0.3072215422276622,0.3182374541003672,0.2778457772337821,0.2962056303549572,0.27539779681762544,0.27539779681762544,0.3023255813953488
121,0.31946144430844553,0.19216371128227094,0.1500622899219726,0.07897589949566874,0.39657282741738065,0.07896661013364792,0.051610097754746675,0.0,0.051408573519438505,0.8738043820485473,"[0.6119951009750366, 0.7135863304138184, 0.7294981479644775, 0.7380661368370056]",1.0047,0.2962056303549572,0.28151774785801714,0.31334149326805383,0.2521419828641371,0.2827417380660955,0.2827417380660955,0.3011015911872705
122,0.32313341493268055,0.19544370700539382,0.15180351766716874,0.08274850374773708,0.401468788249694,0.0787605345249176,0.05159380193799734,0.0,0.051395182963460684,0.9215368409641087,"[0.6119951009750366, 0.7135863304138184, 0.7294981479644775, 0.7380661368370056]",1.0495,0.30354957160342716,0.27906976744186046,0.3525091799265606,0.29865361077111385,0.3108935128518972,0.3108935128518972,0.3047735618115055
123,0.32802937576499386,0.20426595608793763,0.15035464750810296,0.08033490921808399,0.39412484700122397,0.07868179678916931,0.051578106824308634,0.0,0.051382096484303474,1.0275133800460026,"[0.6119951009750366, 0.7135863304138184, 0.7294981479644775, 0.7380661368370056]",1.2,0.28886168910648713,0.2937576499388005,0.29008567931456547,0.31456548347613217,0.28518971848225216,0.28518971848225216,0.2741738066095471
124,0.31456548347613217,0.18595816986486613,0.1472364502110958,0.0783944621964211,0.40269277845777235,0.0794656053185463,0.05156247317790985,0.0,0.051369248889386654,0.878768521011807,"[0.6119951009750366, 0.7135863304138184, 0.7294981479644775, 0.7380661368370056]",0.918,0.3084455324357405,0.31946144430844553,0.31946144430844553,0.3329253365973072,0.31334149326805383,0.31334149326805383,0.3084455324357405
125,0.2998776009791922,0.16394615753429564,0.13727498203680957,0.06490961300010162,0.38922888616891066,0.08076034486293793,0.051546910777688026,0.0,0.05135748628526926,0.99816576205194,"[0.6119951009750366, 0.7135863304138184, 0.7294981479644775, 0.7380661368370056]",0.9165,0.30599755201958384,0.31946144430844553,0.2839657282741738,0.29498164014687883,0.2717258261933905,0.2717258261933905,0.3084455324357405
126,0.29008567931456547,0.15558414666526488,0.13582244643244024,0.06313954762408261,0.38922888616891066,0.08147792518138885,0.05153131810948253,0.0,0.0513458582572639,1.0534228819888085,"[0.6119951009750366, 0.7135863304138184, 0.7294981479644775, 0.7380661368370056]",1.0035,0.29865361077111385,0.3047735618115055,0.2876376988984088,0.30599755201958384,0.27539779681762544,0.27539779681762544,0.29865361077111385
127,0.27906976744186046,0.14317738704651695,0.13234527214688596,0.05815432319255547,0.38310893512851896,0.08134250342845917,0.05151618458330631,0.0,0.051334388088434935,1.1063708930741996,"[0.6119951009750366, 0.7135863304138184, 0.7294981479644775, 0.7380661368370056]",0.9957,0.30599755201958384,0.32558139534883723,0.28151774785801714,0.2876376988984088,0.2741738066095471,0.2741738066095471,0.30599755201958384
128,0.3084455324357405,0.15769046189667213,0.1385496799400751,0.0610047893658388,0.390452876376989,0.08127321302890778,0.051501705311238766,0.0,0.05132305808365345,0.9409421050222591,"[0.6119951009750366, 0.7135863304138184, 0.7294981479644775, 0.7380661368370056]",1.0462,0.2962056303549572,0.31334149326805383,0.32068543451652387,0.3108935128518972,0.27539779681762544,0.27539779681762544,0.2876376988984088
129,0.30966952264381886,0.15947421992141764,0.13785721858964575,0.06095605592370842,0.3880048959608323,0.08120235800743103,0.051487565506249666,0.0,0.051311660557985306,1.0008933700155467,"[0.6119951009750366, 0.7135863304138184, 0.7294981479644775, 0.7380661368370056]",1.1211,0.3047735618115055,0.31334149326805383,0.30966952264381886,0.2876376988984088,0.26560587515299877,0.26560587515299877,0.29498164014687883
130,0.26193390452876375,0.13053200426394074,0.1341746873696984,0.05368361589957357,0.397796817625459,0.08193095773458481,0.05147297354415059,0.0,0.05130117479711771,0.8580111569026485,"[0.6119951009750366, 0.7135863304138184, 0.7294981479644775, 0.7380661368370056]",1.2637,0.29008567931456547,0.24969400244798043,0.27539779681762544,0.32313341493268055,0.29008567931456547,0.29008567931456547,0.2998776009791922
131,0.2484700122399021,0.11353366850155078,0.13889530959863317,0.04453230278108063,0.397796817625459,0.08218005299568176,0.051457938738167286,0.0,0.05129139078781009,1.0412547689629719,"[0.6119951009750366, 0.7135863304138184, 0.7294981479644775, 0.7380661368370056]",1.1097,0.29865361077111385,0.2864137086903305,0.2717258261933905,0.31211750305997554,0.28518971848225216,0.28518971848225216,0.3011015911872705
132,0.28886168910648713,0.13607756204453947,0.13517420615697634,0.05544090241439315,0.38922888616891066,0.08184467256069183,0.05144197680056095,0.0,0.051282263826578856,1.018873551976867,"[0.6119951009750366, 0.7135863304138184, 0.7294981479644775, 0.7380661368370056]",0.9753,0.2864137086903305,0.2766217870257038,0.2692778457772338,0.2839657282741738,0.2717258261933905,0.2717258261933905,0.29498164014687883
133,0.2631578947368421,0.11890707602349648,0.13482595122294022,0.04777961288308327,0.38555691554467564,0.08182492852210999,0.051426419988274574,0.0,0.05127281183376908,1.0659080919576809,"[0.6119951009750366, 0.7135863304138184, 0.7294981479644775, 0.7380661368370056]",1.014,0.2937576499388005,0.2717258261933905,0.2631578947368421,0.2766217870257038,0.2717258261933905,0.2717258261933905,0.3023255813953488
134,0.2692778457772338,0.13412674883677167,0.13486987437685224,0.04824916015783648,0.3990208078335373,0.08176784962415695,0.051411043386906385,0.0,0.0512628685683012,1.0537525990512222,"[0.6119951009750366, 0.7135863304138184, 0.7294981479644775, 0.7380661368370056]",0.9313,0.2460220318237454,0.2521419828641371,0.2594859241126071,0.2937576499388005,0.2741738066095471,0.2741738066095471,0.2423500611995104
135,0.27906976744186046,0.14322620389312335,0.1363438330739366,0.05084860895428598,0.3953488372093023,0.08164259046316147,0.05139605654403567,0.0,0.05125342821702361,1.1689613700145856,"[0.6119951009750366, 0.7135863304138184, 0.7294981479644775, 0.7380661368370056]",1.1366,0.2460220318237454,0.24969400244798043,0.26805385556915545,0.2766217870257038,0.2692778457772338,0.2692778457772338,0.2607099143206854
136,0.28886168910648713,0.14671711951392685,0.13891057054500935,0.054437916189483966,0.39657282741738065,0.0815766379237175,0.0513813029974699,0.0,0.051243969704955816,0.8753845959436148,"[0.6119951009750366, 0.7135863304138184, 0.7294981479644775, 0.7380661368370056]",0.9425,0.2937576499388005,0.29253365973072215,0.3402692778457772,0.2827417380660955,0.31334149326805383,0.31334149326805383,0.28886168910648713
137,0.29865361077111385,0.18734409257320805,0.15548616971617252,0.06816976530872952,0.3953488372093023,0.08248153328895569,0.05136707704514265,0.0,0.05123388674110174,1.1686499119969085,"[0.6119951009750366, 0.7135863304138184, 0.7294981479644775, 0.7380661368370056]",1.2857,0.2876376988984088,0.2913096695226438,0.34149326805385555,0.2827417380660955,0.31211750305997554,0.31211750305997554,0.2864137086903305
138,0.2717258261933905,0.15528629194114807,0.13891892630973,0.06192054714091688,0.3818849449204406,0.08206962049007416,0.051353400107473135,0.0,0.05122510250657797,1.2555973469279706,"[0.6119951009750366, 0.7135863304138184, 0.7294981479644775, 0.7380661368370056]",1.016,0.2913096695226438,0.2998776009791922,0.34516523867809057,0.28151774785801714,0.31211750305997554,0.31211750305997554,0.2913096695226438
139,0.29498164014687883,0.18081978599292914,0.15973817294732265,0.08008742348202433,0.3990208078335373,0.08211900293827057,0.051338942255824804,0.0,0.05121661117300391,1.2163036809070036,"[0.6119951009750366, 0.7135863304138184, 0.7294981479644775, 0.7380661368370056]",1.0107,0.2876376988984088,0.2974296205630355,0.35128518971848227,0.28151774785801714,0.31334149326805383,0.31334149326805383,0.28518971848225216
140,0.2974296205630355,0.1827323234787699,0.1559982884611026,0.08179934315347342,0.40514075887392903,0.08186069130897522,0.05132567510008812,0.0,0.051208256278187037,1.09709474502597,"[0.6119951009750366, 0.7135863304138184, 0.7294981479644775, 0.7380661368370056]",1.1299,0.2668298653610771,0.2729498164014688,0.3219094247246022,0.30966952264381886,0.2778457772337821,0.2778457772337821,0.2717258261933905
141,0.31701346389228885,0.19043982895540612,0.14629364907958636,0.07711655477148319,0.39167686658506734,0.08185485750436783,0.051313175819814205,0.0,0.05120021803304553,1.020508789923042,"[0.6119951009750366, 0.7135863304138184, 0.7294981479644775, 0.7380661368370056]",1.1963,0.27539779681762544,0.29253365973072215,0.29008567931456547,0.31334149326805383,0.29498164014687883,0.29498164014687883,0.2741738066095471
142,0.2974296205630355,0.17984368414333218,0.14069312862515748,0.06536247400967087,0.40636474908200737,0.08163240551948547,0.0513012339361012,0.0,0.051191349513828754,1.1154876390937716,"[0.6119951009750366, 0.7135863304138184, 0.7294981479644775, 0.7380661368370056]",0.9845,0.32068543451652387,0.3108935128518972,0.34149326805385555,0.27906976744186046,0.3011015911872705,0.3011015911872705,0.3219094247246022
143,0.26805385556915545,0.13339482413040793,0.13829764401804617,0.05606035335583319,0.3953488372093023,0.08255214244127274,0.05128916818648577,0.0,0.051182389724999666,1.0685715520521626,"[0.6119951009750366, 0.7135863304138184, 0.7294981479644775, 0.7380661368370056]",1.1919,0.3219094247246022,0.31334149326805383,0.34394124847001223,0.2839657282741738,0.3084455324357405,0.3084455324357405,0.3243574051407589
144,0.26805385556915545,0.15983505069542836,0.15048768461977693,0.06527284461047596,0.4039167686658507,0.08263751864433289,0.05127828614786267,0.0,0.051172737032175064,1.2759106239536777,"[0.6119951009750366, 0.7135863304138184, 0.7294981479644775, 0.7380661368370056]",0.9358,0.3182374541003672,0.3084455324357405,0.26805385556915545,0.29253365973072215,0.2962056303549572,0.2962056303549572,0.31456548347613217
145,0.2913096695226438,0.17277758833250256,0.1395112368754947,0.05884301459067217,0.401468788249694,0.08318688720464706,0.051267489325255156,0.0,0.0511632296256721,1.1546049889875576,"[0.6119951009750366, 0.7135863304138184, 0.7294981479644775, 0.7380661368370056]",1.2432,0.32068543451652387,0.31946144430844553,0.29498164014687883,0.3292533659730722,0.2962056303549572,0.2962056303549572,0.31946144430844553
146,0.2729498164014688,0.13936096445881319,0.14117662526370764,0.05746866770360724,0.39657282741738065,0.08258803933858871,0.05125629995018244,0.0,0.05115429079160094,1.0732457699486986,"[0.6119951009750366, 0.7135863304138184, 0.7294981479644775, 0.7380661368370056]",1.1466,0.32558139534883723,0.31456548347613217,0.2998776009791922,0.3182374541003672,0.29253365973072215,0.29253365973072215,0.31946144430844553
147,0.2766217870257038,0.1353026504297995,0.1389806795044422,0.056768767866167504,0.39167686658506734,0.082610122859478,0.05124592501670122,0.0,0.051146029494702816,1.108912021969445,"[0.6119951009750366, 0.7135863304138184, 0.7294981479644775, 0.7380661368370056]",0.9386,0.31456548347613217,0.2974296205630355,0.3084455324357405,0.30966952264381886,0.3023255813953488,0.3023255813953488,0.31334149326805383
148,0.27539779681762544,0.155571773012251,0.13305210793911598,0.04769931109663453,0.379436964504284,0.08262226730585098,0.05123490933328867,0.0,0.051137087401002645,1.10277442203369,"[0.6119951009750366, 0.7135863304138184, 0.7294981479644775, 0.7380661368370056]",1.0836,0.31211750305997554,0.2766217870257038,0.31334149326805383,0.2998776009791922,0.3108935128518972,0.3108935128518972,0.31334149326805383
149,0.27539779681762544,0.1428485350072396,0.1448433794438906,0.06967137111548509,0.401468788249694,0.08338792622089386,0.05122469272464514,0.0,0.05112807871773839,1.1783085010247305,"[0.6119951009750366, 0.7135863304138184, 0.7294981479644775, 0.7380661368370056]",1.1035,0.3072215422276622,0.27539779681762544,0.32068543451652387,0.2998776009791922,0.30354957160342716,0.30354957160342716,0.3108935128518972
150,0.27539779681762544,0.15285479582578732,0.14346829163360925,0.06165455018746048,0.38555691554467564,0.083118736743927,0.0512155257165432,0.0,0.05111941276118159,1.0060736420564353,"[0.6119951009750366, 0.7135863304138184, 0.7294981479644775, 0.7380661368370056]",1.3169,0.2913096695226438,0.2741738066095471,0.3072215422276622,0.29008567931456547,0.2974296205630355,0.2974296205630355,0.3011015911872705
151,0.2937576499388005,0.159468017958584,0.1571262886851733,0.07247681288205206,0.408812729498164,0.08351913839578629,0.051206585485488176,0.0,0.051108993124216795,0.9982315290253609,"[0.6119951009750366, 0.7135863304138184, 0.7294981479644775, 0.7380661368370056]",1.0789,0.2876376988984088,0.2582619339045288,0.2729498164014688,0.32068543451652387,0.3023255813953488,0.3023255813953488,0.30354957160342716
152,0.3011015911872705,0.16646803948720246,0.16074206799903734,0.07454106629794058,0.41615667074663404,0.08244030177593231,0.051198368426412344,0.0,0.05109952948987484,0.8934657939244062,"[0.6119951009750366, 0.7135863304138184, 0.7294981479644775, 0.7380661368370056]",1.0208,0.28151774785801714,0.25458996328029376,0.27539779681762544,0.32313341493268055,0.3108935128518972,0.3108935128518972,0.2974296205630355
153,0.2974296205630355,0.16120596831256728,0.1609047337201758,0.07233783973024355,0.4173806609547124,0.08223126828670502,0.051190479192882776,0.0,0.05108984373509884,0.948860133998096,"[0.6119951009750366, 0.7135863304138184, 0.7294981479644775, 0.7380661368370056]",1.015,0.3023255813953488,0.2802937576499388,0.3072215422276622,0.30599755201958384,0.3011015911872705,0.3011015911872705,0.31946144430844553
154,0.29865361077111385,0.15959931423852636,0.1610179245298731,0.0726174938601311,0.4186046511627907,0.08212205767631531,0.051182575058192015,0.0,0.05107957869768143,0.820931848953478,"[0.6119951009750366, 0.7135863304138184, 0.7294981479644775, 0.7380661368370056]",0.861,0.3023255813953488,0.27539779681762544,0.30966952264381886,0.30599755201958384,0.3023255813953488,0.3023255813953488,0.31456548347613217
155,0.31456548347613217,0.16866843767375417,0.16283725180503061,0.07310910377063756,0.4112607099143207,0.08146688342094421,0.051174687687307596,0.0,0.05106926057487726,1.092696795007214,"[0.6119951009750366, 0.7135863304138184, 0.7294981479644775, 0.7380661368370056]",1.0451,0.2741738066095471,0.28886168910648713,0.3084455324357405,0.30966952264381886,0.30354957160342716,0.30354957160342716,0.28886168910648713
156,0.2937576499388005,0.15671191904302761,0.16429674508595235,0.06744125231272034,0.40514075887392903,0.08106185495853424,0.05116690369322896,0.0,0.05105914268642664,1.087539811967872,"[0.6119951009750366, 0.7135863304138184, 0.7294981479644775, 0.7380661368370056]",1.2066,0.25091799265605874,0.26805385556915545,0.2974296205630355,0.3268053855569155,0.31211750305997554,0.31211750305997554,0.2717258261933905
157,0.28518971848225216,0.14971967879788006,0.17047868008613462,0.06566364029354263,0.41003671970624234,0.0809876024723053,0.05115928780287504,0.0,0.0510497079230845,0.8864311809884384,"[0.6119951009750366, 0.7135863304138184, 0.7294981479644775, 0.7380661368370056]",0.9469,0.2802937576499388,0.2717258261933905,0.2998776009791922,0.3268053855569155,0.31334149326805383,0.31334149326805383,0.2607099143206854
158,0.2766217870257038,0.14835790884718503,0.1622183177332694,0.062136164823102524,0.41003671970624234,0.08087439835071564,0.05115171102806926,0.0,0.051039989572018385,0.837029513088055,"[0.6119951009750366, 0.7135863304138184, 0.7294981479644775, 0.7380661368370056]",1.1261,0.26560587515299877,0.27539779681762544,0.2864137086903305,0.31946144430844553,0.2913096695226438,0.2913096695226438,0.2460220318237454
159,0.25458996328029376,0.12446571702578801,0.15550613729887977,0.05461306371719573,0.4112607099143207,0.08248074352741241,0.051144673489034176,0.0,0.05103030847385526,0.9324735649861395,"[0.6119951009750366, 0.7135863304138184, 0.7294981479644775, 0.7380661368370056]",1.12,0.28886168910648713,0.2962056303549572,0.31334149326805383,0.2962056303549572,0.28886168910648713,0.28886168910648713,0.2692778457772338
160,0.25458996328029376,0.15288931868910183,0.15825054062402819,0.055923843153777505,0.4112607099143207,0.08303597569465637,0.0511375879868865,0.0,0.051020688842982054,1.2361157699488103,"[0.6119951009750366, 0.7135863304138184, 0.7294981479644775, 0.7380661368370056]",1.1336,0.27050183598531213,0.28886168910648713,0.3108935128518972,0.2974296205630355,0.28151774785801714,0.28151774785801714,0.25703794369645044
161,0.25703794369645044,0.12574262313000006,0.16355035144990138,0.05372833346377374,0.40758873929008566,0.08323854207992554,0.051131005864590406,0.0,0.051011317409574986,1.1468828459037468,"[0.6119951009750366, 0.7135863304138184, 0.7294981479644775, 0.7380661368370056]",1.0703,0.3084455324357405,0.32068543451652387,0.32313341493268055,0.2998776009791922,0.29865361077111385,0.29865361077111385,0.29008567931456547
162,0.2521419828641371,0.16052797976604483,0.16113602754509052,0.058830968121468256,0.4112607099143207,0.08320421725511551,0.051123938988894224,0.0,0.051003740169107914,1.042482960037887,"[0.6119951009750366, 0.7135863304138184, 0.7294981479644775, 0.7380661368370056]",1.1282,0.2827417380660955,0.2766217870257038,0.27050183598531213,0.3182374541003672,0.2913096695226438,0.2913096695226438,0.25458996328029376
163,0.27050183598531213,0.14714727338009792,0.14693407532865602,0.06395998165082431,0.40636474908200737,0.08355969935655594,0.051117239985615015,0.0,0.05099497642368078,1.1567250329535455,"[0.6119951009750366, 0.7135863304138184, 0.7294981479644775, 0.7380661368370056]",0.9996,0.26560587515299877,0.2741738066095471,0.2729498164014688,0.32313341493268055,0.3023255813953488,0.3023255813953488,0.24969400244798043
164,0.2766217870257038,0.14611536223785115,0.14806523968583515,0.06599019310042006,0.408812729498164,0.08281213790178299,0.051111201755702496,0.0,0.0509870327077806,1.1856517759151757,"[0.6119951009750366, 0.7135863304138184, 0.7294981479644775, 0.7380661368370056]",0.9489,0.2582619339045288,0.2766217870257038,0.2766217870257038,0.3243574051407589,0.3023255813953488,0.3023255813953488,0.2631578947368421
165,0.2778457772337821,0.14665321224352512,0.14681718127362298,0.06550913487583677,0.408812729498164,0.082489013671875,0.051104793325066566,0.0,0.05097788432613015,1.0650265379808843,"[0.6119951009750366, 0.7135863304138184, 0.7294981479644775, 0.7380661368370056]",0.8207,0.3084455324357405,0.27906976744186046,0.3047735618115055,0.29008567931456547,0.2827417380660955,0.2827417380660955,0.3182374541003672
166,0.27906976744186046,0.14864365188745843,0.14633982308050988,0.06471096290248637,0.40758873929008566,0.08225449919700623,0.05109931901097298,0.0,0.050971217919141054,1.2693692529574037,"[0.6119951009750366, 0.7135863304138184, 0.7294981479644775, 0.7380661368370056]",1.0373,0.2962056303549572,0.2766217870257038,0.3329253365973072,0.2913096695226438,0.3023255813953488,0.3023255813953488,0.31456548347613217
167,0.2802937576499388,0.14765372168284796,0.14374725356315227,0.06629929778635858,0.408812729498164,0.08203005790710449,0.051091439090669155,0.0,0.050963932648301125,1.2458469880511984,"[0.6119951009750366, 0.7135863304138184, 0.7294981479644775, 0.7380661368370056]",1.0766,0.3084455324357405,0.2778457772337821,0.3023255813953488,0.2913096695226438,0.2864137086903305,0.2864137086903305,0.32313341493268055
168,0.2913096695226438,0.157784444464227,0.14715572332234256,0.06591871226786979,0.412484700122399,0.08112657815217972,0.05108518851920962,0.0,0.05095629161223769,1.1656896790955216,"[0.6119951009750366, 0.7135863304138184, 0.7294981479644775, 0.7380661368370056]",1.2186,0.3182374541003672,0.3011015911872705,0.29498164014687883,0.2827417380660955,0.2766217870257038,0.2766217870257038,0.31456548347613217
169,0.2876376988984088,0.16327809080702893,0.15239699840282436,0.07178739042743983,0.39167686658506734,0.08205768465995789,0.051078854128718376,0.0,0.05094945430755615,1.196590660023503,"[0.6119951009750366, 0.7135863304138184, 0.7294981479644775, 0.7380661368370056]",1.2217,0.31334149326805383,0.29253365973072215,0.2937576499388005,0.25703794369645044,0.27906976744186046,0.27906976744186046,0.31211750305997554
170,0.29498164014687883,0.17821194319682032,0.15432067260077398,0.07661143292171718,0.40024479804161567,0.08308145403862,0.0510727665387094,0.0,0.05094046797603369,1.2061329779680818,"[0.6119951009750366, 0.7135863304138184, 0.7294981479644775, 0.7380661368370056]",0.9812,0.3268053855569155,0.3268053855569155,0.2937576499388005,0.3243574051407589,0.3011015911872705,0.3011015911872705,0.31456548347613217
171,0.28886168910648713,0.16522254483167353,0.15694795183328078,0.07429766340727777,0.3929008567931457,0.08279918134212494,0.0510663203895092,0.0,0.050932327285408974,0.8496461989125237,"[0.6119951009750366, 0.7135863304138184, 0.7294981479644775, 0.7380661368370056]",0.8319,0.32558139534883723,0.3219094247246022,0.29498164014687883,0.32068543451652387,0.2962056303549572,0.2962056303549572,0.32558139534883723
172,0.2913096695226438,0.17175938733274732,0.14101221923770074,0.07150511946797704,0.4039167686658507,0.08131206035614014,0.05106105701997876,0.0,0.05092601990327239,1.1772210439667106,"[0.6119951009750366, 0.7135863304138184, 0.7294981479644775, 0.7380661368370056]",1.2836,0.32313341493268055,0.30354957160342716,0.2876376988984088,0.3243574051407589,0.29865361077111385,0.29865361077111385,0.32558139534883723
173,0.30599755201958384,0.18651220128967005,0.1636987161727866,0.0803993693865503,0.401468788249694,0.08359741419553757,0.051055826246738434,0.0,0.05091828713193536,1.231814248021692,"[0.6119951009750366, 0.7135863304138184, 0.7294981479644775, 0.7380661368370056]",1.2027,0.3084455324357405,0.30966952264381886,0.2974296205630355,0.28518971848225216,0.2802937576499388,0.2802937576499388,0.30354957160342716
174,0.3023255813953488,0.17700222321974546,0.15900005168241274,0.07343143581822502,0.3818849449204406,0.08393463492393494,0.05105091771110892,0.0,0.05091291479766369,0.8531781239435077,"[0.6119951009750366, 0.7135863304138184, 0.7294981479644775, 0.7380661368370056]",1.1181,0.29865361077111385,0.31211750305997554,0.2802937576499388,0.2766217870257038,0.2766217870257038,0.2766217870257038,0.3011015911872705
175,0.2864137086903305,0.1612057367060431,0.13682445697817103,0.06417508174324663,0.386780905752754,0.08308640122413635,0.05104269878938794,0.0,0.05090564349666238,0.928258478990756,"[0.6119951009750366, 0.7135863304138184, 0.7294981479644775, 0.7380661368370056]",1.0618,0.2998776009791922,0.31211750305997554,0.2778457772337821,0.28151774785801714,0.27906976744186046,0.27906976744186046,0.2998776009791922
176,0.27906976744186046,0.15221937404754982,0.1380748318182234,0.05911768113940218,0.3880048959608323,0.08315271139144897,0.0510372668504715,0.0,0.05089836800470948,0.8648473909124732,"[0.6119951009750366, 0.7135863304138184, 0.7294981479644775, 0.7380661368370056]",1.0579,0.29253365973072215,0.3047735618115055,0.3243574051407589,0.2668298653610771,0.27050183598531213,0.27050183598531213,0.2937576499388005
177,0.3084455324357405,0.17668598294531335,0.14946382757399676,0.06351059528014374,0.37576499388004897,0.08474238216876984,0.05103160906583071,0.0,0.05089014442637563,0.9312494349433109,"[0.6119951009750366, 0.7135863304138184, 0.7294981479644775, 0.7380661368370056]",1.0342,0.29253365973072215,0.3023255813953488,0.3219094247246022,0.27539779681762544,0.2802937576499388,0.2802937576499388,0.2937576499388005
178,0.29498164014687883,0.17391159334553918,0.15352980610963907,0.0737078405790323,0.38310893512851896,0.08395815640687943,0.05102568352594972,0.0,0.05088138161227107,0.9622422999236733,"[0.6119951009750366, 0.7135863304138184, 0.7294981479644775, 0.7380661368370056]",0.9513,0.2962056303549572,0.2766217870257038,0.34149326805385555,0.2913096695226438,0.30599755201958384,0.30599755201958384,0.29498164014687883
179,0.2974296205630355,0.17563094490998787,0.15319051203558726,0.07388071258810962,0.38310893512851896,0.0838892012834549,0.051020973827689886,0.0,0.05087244650349021,0.7625471039209515,"[0.6119951009750366, 0.7135863304138184, 0.7294981479644775, 0.7380661368370056]",0.799,0.2913096695226438,0.3011015911872705,0.3329253365973072,0.2766217870257038,0.2839657282741738,0.2839657282741738,0.29865361077111385
180,0.2998776009791922,0.18911424868083826,0.15447620740286844,0.07685897821467773,0.4186046511627907,0.08383859694004059,0.05101692117750645,0.0,0.05086361197754741,1.1878262520767748,"[0.6119951009750366, 0.7135863304138184, 0.7294981479644775, 0.7380661368370056]",1.0286,0.29865361077111385,0.29253365973072215,0.3108935128518972,0.2582619339045288,0.28886168910648713,0.28886168910648713,0.29865361077111385
181,0.3011015911872705,0.1741221749737103,0.1629969890206505,0.08667438252731766,0.41615667074663404,0.08366373926401138,0.051012599375098944,0.0,0.05085494834929705,1.040613382938318,"[0.6119951009750366, 0.7135863304138184, 0.7294981479644775, 0.7380661368370056]",1.1394,0.29008567931456547,0.27539779681762544,0.32313341493268055,0.27539779681762544,0.2876376988984088,0.2876376988984088,0.2937576499388005
182,0.30966952264381886,0.17423133235724741,0.1572997317890002,0.0808272596455941,0.40269277845777235,0.08316788077354431,0.051008293870836496,0.0,0.05084650684148073,1.055097042932175,"[0.6119951009750366, 0.7135863304138184, 0.7294981479644775, 0.7380661368370056]",0.998,0.28518971848225216,0.28518971848225216,0.3402692778457772,0.27906976744186046,0.29008567931456547,0.29008567931456547,0.29253365973072215
183,0.29008567931456547,0.1553342851999009,0.14115561217747277,0.060738080236430944,0.40758873929008566,0.08546760678291321,0.05100437393411994,0.0,0.05083824461326003,1.1577855449868366,"[0.6119951009750366, 0.7135863304138184, 0.7294981479644775, 0.7380661368370056]",0.881,0.2864137086903305,0.28886168910648713,0.3390452876376989,0.2778457772337821,0.2974296205630355,0.2974296205630355,0.2876376988984088
184,0.2802937576499388,0.13529567410239374,0.13113574355931315,0.047368106505120376,0.40024479804161567,0.08399979025125504,0.05100027611479163,0.0,0.05083016352728009,1.2134781799977645,"[0.6119951009750366, 0.7135863304138184, 0.7294981479644775, 0.7380661368370056]",1.0059,0.29498164014687883,0.2766217870257038,0.30966952264381886,0.2839657282741738,0.25703794369645044,0.25703794369645044,0.29865361077111385
185,0.3084455324357405,0.18285971219837727,0.1671631436796365,0.08488070051284749,0.401468788249694,0.08384969830513,0.05099598038941622,0.0,0.0508219045586884,1.0105243349680677,"[0.6119951009750366, 0.7135863304138184, 0.7294981479644775, 0.7380661368370056]",1.2726,0.2937576499388005,0.3011015911872705,0.31334149326805383,0.2778457772337821,0.2778457772337821,0.2778457772337821,0.2937576499388005
186,0.3023255813953488,0.18504596355465486,0.16606573540252867,0.08172546184955765,0.39657282741738065,0.08325518667697906,0.05099176010116935,0.0,0.05081387469545007,1.1412531400565058,"[0.6119951009750366, 0.7135863304138184, 0.7294981479644775, 0.7380661368370056]",1.1054,0.3023255813953488,0.31334149326805383,0.31334149326805383,0.27050183598531213,0.2864137086903305,0.2864137086903305,0.30599755201958384
187,0.31211750305997554,0.1892980863964291,0.15087072834618034,0.06474359004888308,0.3806609547123623,0.08333204686641693,0.05098776472732425,0.0,0.05080607859417796,0.8771962720202282,"[0.6119951009750366, 0.7135863304138184, 0.7294981479644775, 0.7380661368370056]",1.0384,0.2717258261933905,0.32068543451652387,0.3574051407588739,0.3072215422276622,0.3390452876376989,0.3390452876376989,0.28151774785801714
188,0.3023255813953488,0.18078092235810683,0.1477317832829553,0.061974500208407175,0.3818849449204406,0.08306780457496643,0.0509832501411438,0.0,0.05079902336001396,1.0213060460519046,"[0.6119951009750366, 0.7135863304138184, 0.7294981479644775, 0.7380661368370056]",1.2376,0.2974296205630355,0.32558139534883723,0.3561811505507956,0.30966952264381886,0.3390452876376989,0.3390452876376989,0.2741738066095471
189,0.30966952264381886,0.17846260819954185,0.13398506343868022,0.06212846544409401,0.37576499388004897,0.08429862558841705,0.05097830668091774,0.0,0.050790943671017885,0.9002926449757069,"[0.6119951009750366, 0.7135863304138184, 0.7294981479644775, 0.7380661368370056]",0.979,0.29498164014687883,0.32313341493268055,0.3561811505507956,0.30966952264381886,0.3378212974296206,0.3378212974296206,0.2692778457772338
190,0.3182374541003672,0.2047876755536373,0.1608088789930713,0.08120654845314636,0.42717258261933905,0.08386214077472687,0.050974281039088964,0.0,0.050783040933310986,1.094498202088289,"[0.6119951009750366, 0.7135863304138184, 0.7294981479644775, 0.7380661368370056]",0.916,0.31211750305997554,0.32802937576499386,0.3635250917992656,0.3047735618115055,0.3317013463892289,0.3317013463892289,0.2998776009791922
191,0.3182374541003672,0.20398924586355827,0.16091196616369935,0.08162074437570233,0.4283965728274174,0.08383430540561676,0.0509696863591671,0.0,0.050775639712810516,1.3408483261009678,"[0.6119951009750366, 0.7135863304138184, 0.7294981479644775, 0.7380661368370056]",1.0889,0.31456548347613217,0.3072215422276622,0.35495716034271724,0.3011015911872705,0.3317013463892289,0.3317013463892289,0.3182374541003672
192,0.33659730722154224,0.21214062169178038,0.15352241309205666,0.07780491713310905,0.4112607099143207,0.08358432352542877,0.0509653203189373,0.0,0.05076857004314661,1.2859167349524796,"[0.6119951009750366, 0.7135863304138184, 0.7294981479644775, 0.7380661368370056]",1.1384,0.3317013463892289,0.3243574051407589,0.3317013463892289,0.2962056303549572,0.31946144430844553,0.31946144430844553,0.3353733170134639
193,0.31946144430844553,0.19783712766032602,0.1499532388350166,0.07524182174788319,0.401468788249694,0.08352074027061462,0.050960386637598276,0.0,0.050761602353304625,1.1899439539993182,"[0.6119951009750366, 0.7135863304138184, 0.7294981479644775, 0.7380661368370056]",0.9863,0.3219094247246022,0.3182374541003672,0.3488372093023256,0.29865361077111385,0.31456548347613217,0.31456548347613217,0.32313341493268055
194,0.30599755201958384,0.19613824841609895,0.16167990352414952,0.08411839631776467,0.408812729498164,0.08299077302217484,0.05095612443983555,0.0,0.05075429333373904,0.9664983639959246,"[0.6119951009750366, 0.7135863304138184, 0.7294981479644775, 0.7380661368370056]",1.2353,0.3072215422276622,0.3084455324357405,0.3427172582619339,0.2876376988984088,0.31456548347613217,0.31456548347613217,0.30966952264381886
195,0.2974296205630355,0.18149846320863872,0.15521724089038588,0.07722996771636353,0.3806609547123623,0.08326521515846252,0.05095195863395929,0.0,0.0507471333257854,1.145354580017738,"[0.6119951009750366, 0.7135863304138184, 0.7294981479644775, 0.7380661368370056]",0.884,0.3047735618115055,0.30599755201958384,0.3317013463892289,0.2974296205630355,0.3157894736842105,0.3157894736842105,0.31211750305997554
196,0.2937576499388005,0.17821026189035927,0.15495859155494737,0.07651825414782437,0.379436964504284,0.08117426931858063,0.0509484545327723,0.0,0.05073985178023577,1.1419309270568192,"[0.6119951009750366, 0.7135863304138184, 0.7294981479644775, 0.7380661368370056]",1.0453,0.29498164014687883,0.29865361077111385,0.3329253365973072,0.29008567931456547,0.31211750305997554,0.31211750305997554,0.3011015911872705
197,0.2937576499388005,0.17557301303598094,0.15309303869100707,0.0705488047315434,0.3806609547123623,0.08081216365098953,0.050944579765200615,0.0,0.05073282914236188,1.195347029948607,"[0.6119951009750366, 0.7135863304138184, 0.7294981479644775, 0.7380661368370056]",1.1522,0.2937576499388005,0.2717258261933905,0.33414932680538556,0.2839657282741738,0.3023255813953488,0.3023255813953488,0.29008567931456547
198,0.2631578947368421,0.1273303441998448,0.14517252309829315,0.05929255476949356,0.3953488372093023,0.08112393319606781,0.050940667279064655,0.0,0.05072605749592185,1.0856797740561888,"[0.6119951009750366, 0.7135863304138184, 0.7294981479644775, 0.7380661368370056]",1.1669,0.29253365973072215,0.2827417380660955,0.33414932680538556,0.2876376988984088,0.3047735618115055,0.3047735618115055,0.2937576499388005
199,0.27050183598531213,0.14179462233690054,0.15625452027513098,0.06688423539476816,0.3769889840881273,0.08298710733652115,0.050936710089445114,0.0,0.0507193636149168,1.1059212930267677,"[0.6119951009750366, 0.7135863304138184, 0.7294981479644775, 0.7380661368370056]",1.0745,0.2913096695226438,0.2766217870257038,0.3329253365973072,0.2864137086903305,0.3023255813953488,0.3023255813953488,0.2937576499388005
200,0.28151774785801714,0.16497076573235414,0.15839268602692236,0.07933360584726847,0.38555691554467564,0.08302511274814606,0.05093308072537184,0.0,0.05071254912763834,1.1467304760590196,"[0.6119951009750366, 0.7135863304138184, 0.7294981479644775, 0.7380661368370056]",1.0117,0.2913096695226438,0.27906976744186046,0.33414932680538556,0.2913096695226438,0.3023255813953488,0.3023255813953488,0.29498164014687883
201,0.2717258261933905,0.15140517450558366,0.15631790524852288,0.06907093010163763,0.37576499388004897,0.08290836960077286,0.0509290904738009,0.0,0.05070671299472451,1.0585263030370697,"[0.6119951009750366, 0.7135863304138184, 0.7294981479644775, 0.7380661368370056]",1.1288,0.29253365973072215,0.2778457772337821,0.32558139534883723,0.2778457772337821,0.2974296205630355,0.2974296205630355,0.2937576499388005
202,0.2839657282741738,0.16799981895820892,0.15661482344599056,0.07801127337817965,0.3806609547123623,0.0828867107629776,0.050925244111567736,0.0,0.05069975974038243,1.2078464429359883,"[0.6119951009750366, 0.7135863304138184, 0.7294981479644775, 0.7380661368370056]",1.0438,0.28151774785801714,0.2631578947368421,0.2974296205630355,0.2668298653610771,0.2484700122399021,0.2484700122399021,0.2876376988984088
203,0.2729498164014688,0.15450364124185512,0.1538459418258283,0.06611205681451392,0.3769889840881273,0.08256759494543076,0.05092221358790994,0.0,0.05069300951436162,1.128300871932879,"[0.6119951009750366, 0.7135863304138184, 0.7294981479644775, 0.7380661368370056]",1.179,0.2839657282741738,0.31334149326805383,0.3390452876376989,0.2974296205630355,0.31334149326805383,0.31334149326805383,0.2766217870257038
204,0.2729498164014688,0.15418387034367853,0.1554307294978152,0.061164607810687346,0.37209302325581395,0.08224721252918243,0.050919467117637396,0.0,0.05068565858528018,1.1941509009338915,"[0.6119951009750366, 0.7135863304138184, 0.7294981479644775, 0.7380661368370056]",0.8277,0.2741738066095471,0.2962056303549572,0.30966952264381886,0.2558139534883721,0.26560587515299877,0.26560587515299877,0.2729498164014688
205,0.3023255813953488,0.17986478133073625,0.1592265593529781,0.07577426130720363,0.38555691554467564,0.08276234567165375,0.0509171518497169,0.0,0.05067812465131283,1.0461102499393746,"[0.6119951009750366, 0.7135863304138184, 0.7294981479644775, 0.7380661368370056]",1.0511,0.27539779681762544,0.32558139534883723,0.3561811505507956,0.30354957160342716,0.33047735618115054,0.33047735618115054,0.28151774785801714
206,0.29865361077111385,0.18022593032968448,0.15898777967658995,0.07961509516801152,0.38310893512851896,0.08392219245433807,0.05091470014303923,0.0,0.05067102471366525,1.2677943949820474,"[0.6119951009750366, 0.7135863304138184, 0.7294981479644775, 0.7380661368370056]",1.1722,0.2962056303549572,0.3023255813953488,0.3390452876376989,0.2839657282741738,0.31946144430844553,0.31946144430844553,0.2974296205630355
207,0.29498164014687883,0.178795604579697,0.1516816925537717,0.07825961144860392,0.3843329253365973,0.08418785035610199,0.050911782309412956,0.0,0.05066430615261197,1.1064238989492878,"[0.6119951009750366, 0.7135863304138184, 0.7294981479644775, 0.7380661368370056]",1.0652,0.2839657282741738,0.31211750305997554,0.34516523867809057,0.2913096695226438,0.3243574051407589,0.3243574051407589,0.28518971848225216
208,0.29253365973072215,0.1683892611540121,0.15709646857142284,0.07159354056825816,0.4039167686658507,0.08376885205507278,0.05090817390009761,0.0,0.050657945685088634,1.1558733170386404,"[0.6119951009750366, 0.7135863304138184, 0.7294981479644775, 0.7380661368370056]",1.1468,0.2974296205630355,0.3292533659730722,0.3525091799265606,0.29865361077111385,0.3243574051407589,0.3243574051407589,0.27539779681762544
209,0.2974296205630355,0.18197675838418104,0.15575012276598563,0.0861848496795217,0.397796817625459,0.0818079486489296,0.05090461764484644,0.0,0.05065178172662854,0.9831341149983928,"[0.6119951009750366, 0.7135863304138184, 0.7294981479644775, 0.7380661368370056]",1.0274,0.2974296205630355,0.2864137086903305,0.3182374541003672,0.27539779681762544,0.2521419828641371,0.2521419828641371,0.2937576499388005
210,0.2974296205630355,0.18783619492291548,0.15406880276133844,0.08501993335836129,0.3953488372093023,0.08167324960231781,0.050900949630886316,0.0,0.05064526153728366,1.0856610860209912,"[0.6119951009750366, 0.7135863304138184, 0.7294981479644775, 0.7380661368370056]",1.1091,0.3023255813953488,0.2778457772337821,0.3157894736842105,0.2729498164014688,0.27050183598531213,0.27050183598531213,0.2998776009791922
211,0.3011015911872705,0.17914153393534582,0.15123610205050758,0.08671211539996047,0.39657282741738065,0.08272947371006012,0.050897658336907625,0.0,0.05063864169642329,1.1824034189339727,"[0.6119951009750366, 0.7135863304138184, 0.7294981479644775, 0.7380661368370056]",1.2661,0.3011015911872705,0.2864137086903305,0.31701346389228885,0.2766217870257038,0.25458996328029376,0.25458996328029376,0.3023255813953488
212,0.28518971848225216,0.1667298291817806,0.15098666848127448,0.08176001948301945,0.40636474908200737,0.08321928977966309,0.05089427437633276,0.0,0.05063246749341488,1.0745960290078074,"[0.6119951009750366, 0.7135863304138184, 0.7294981479644775, 0.7380661368370056]",1.0794,0.2974296205630355,0.2717258261933905,0.3084455324357405,0.28151774785801714,0.26805385556915545,0.26805385556915545,0.2998776009791922
213,0.29008567931456547,0.1748222034925434,0.15620771307894962,0.08237385462079067,0.40758873929008566,0.08335985988378525,0.0508910003118217,0.0,0.05062650004401803,1.0343469299841672,"[0.6119951009750366, 0.7135863304138184, 0.7294981479644775, 0.7380661368370056]",1.0687,0.29865361077111385,0.27539779681762544,0.30966952264381886,0.28151774785801714,0.2717258261933905,0.2717258261933905,0.29865361077111385
214,0.28886168910648713,0.1729054606218059,0.1576301270067427,0.08312502768898793,0.4112607099143207,0.08294598013162613,0.05088759073987603,0.0,0.05062064528465271,0.9701377670280635,"[0.6119951009750366, 0.7135863304138184, 0.7294981479644775, 0.7380661368370056]",1.2398,0.2974296205630355,0.2741738066095471,0.3108935128518972,0.28151774785801714,0.27050183598531213,0.27050183598531213,0.2998776009791922
215,0.2876376988984088,0.17122339776549933,0.15739087605741542,0.08296000109587406,0.4112607099143207,0.08284448087215424,0.050883958116173744,0.0,0.05061486177146435,1.006862701033242,"[0.6119951009750366, 0.7135863304138184, 0.7294981479644775, 0.7380661368370056]",1.2728,0.3023255813953488,0.3157894736842105,0.2998776009791922,0.3157894736842105,0.2974296205630355,0.2974296205630355,0.2607099143206854
216,0.29008567931456547,0.17375027680568855,0.15898340687636928,0.08417750578386377,0.412484700122399,0.08279615640640259,0.05088021466508508,0.0,0.050609165802598,0.8810285050421953,"[0.6119951009750366, 0.7135863304138184, 0.7294981479644775, 0.7380661368370056]",1.0024,0.28518971848225216,0.2741738066095471,0.30599755201958384,0.26560587515299877,0.2741738066095471,0.2741738066095471,0.2864137086903305
217,0.28518971848225216,0.17304395903419412,0.15626602911145918,0.0828092615422871,0.4149326805385557,0.0828930214047432,0.050876185297966,0.0,0.05060313129797578,1.0682471559848636,"[0.6119951009750366, 0.7135863304138184, 0.7294981479644775, 0.7380661368370056]",1.0352,0.2876376988984088,0.2766217870257038,0.3072215422276622,0.26805385556915545,0.2741738066095471,0.2741738066095471,0.2876376988984088
218,0.28518971848225216,0.1730339259777941,0.15575689602892623,0.08309886618040326,0.4149326805385557,0.08288636803627014,0.05087232030928135,0.0,0.050597550347447395,0.9625573160592467,"[0.6119951009750366, 0.7135863304138184, 0.7294981479644775, 0.7380661368370056]",1.1213,0.2839657282741738,0.31334149326805383,0.34761321909424725,0.2864137086903305,0.3072215422276622,0.3072215422276622,0.2582619339045288
219,0.3047735618115055,0.18357494722026746,0.16003470155079283,0.0878376507717458,0.397796817625459,0.08248922973871231,0.050868303049355745,0.0,0.0505921826697886,1.1741565970005468,"[0.6119951009750366, 0.7135863304138184, 0.7294981479644775, 0.7380661368370056]",0.9957,0.3047735618115055,0.31456548347613217,0.31211750305997554,0.2998776009791922,0.29498164014687883,0.29498164014687883,0.27050183598531213
220,0.3047735618115055,0.1866757103022081,0.1648983992688254,0.08625655166845529,0.40269277845777235,0.08218713104724884,0.050864065531641245,0.0,0.05058700358495116,0.9447395548922941,"[0.6119951009750366, 0.7135863304138184, 0.7294981479644775, 0.7380661368370056]",1.1741,0.31211750305997554,0.33414932680538556,0.34149326805385555,0.29253365973072215,0.3023255813953488,0.3023255813953488,0.2741738066095471
221,0.29865361077111385,0.18158598625898148,0.16412411379462868,0.08306902439296364,0.3990208078335373,0.08221583813428879,0.0508594517596066,0.0,0.05058193951845169,1.00773171603214,"[0.6119951009750366, 0.7135863304138184, 0.7294981479644775, 0.7380661368370056]",1.0313,0.3084455324357405,0.3292533659730722,0.3390452876376989,0.29498164014687883,0.2998776009791922,0.2998776009791922,0.2717258261933905
222,0.3011015911872705,0.17890458891282612,0.16688810495277226,0.08826160192045886,0.40024479804161567,0.08075675368309021,0.05085486825555563,0.0,0.05057706171646714,1.1355462309438735,"[0.6119951009750366, 0.7135863304138184, 0.7294981479644775, 0.7380661368370056]",0.9189,0.30354957160342716,0.3317013463892289,0.3353733170134639,0.2937576499388005,0.3023255813953488,0.3023255813953488,0.2668298653610771
223,0.3047735618115055,0.1876196978450012,0.16372217297753675,0.08160471723024307,0.408812729498164,0.08240125328302383,0.05085062561556697,0.0,0.050571799743920565,1.0615174500271678,"[0.6119951009750366, 0.7135863304138184, 0.7294981479644775, 0.7380661368370056]",1.045,0.3047735618115055,0.33414932680538556,0.3378212974296206,0.2913096695226438,0.30354957160342716,0.30354957160342716,0.26560587515299877
224,0.3084455324357405,0.19601600287034504,0.16686381497405622,0.08427270033862104,0.3929008567931457,0.08090803772211075,0.05084592988714576,0.0,0.05056675896048546,1.1133804789278656,"[0.6119951009750366, 0.7135863304138184, 0.7294981479644775, 0.7380661368370056]",1.0398,0.3023255813953488,0.3268053855569155,0.33659730722154224,0.29008567931456547,0.29865361077111385,0.29865361077111385,0.2594859241126071
225,0.3084455324357405,0.1964778398438929,0.165294258985488,0.0823625766563101,0.390452876376989,0.08059624582529068,0.050841597840189934,0.0,0.05056201992556453,1.1657400799449533,"[0.6119951009750366, 0.7135863304138184, 0.7294981479644775, 0.7380661368370056]",1.0372,0.2962056303549572,0.2998776009791922,0.3108935128518972,0.2729498164014688,0.26438188494492043,0.26438188494492043,0.29865361077111385
226,0.30599755201958384,0.19325013409868264,0.16443676838968796,0.08064698271998474,0.386780905752754,0.08051425218582153,0.05083734495565295,0.0,0.050557689275592566,1.1294992350740358,"[0.6119951009750366, 0.7135863304138184, 0.7294981479644775, 0.7380661368370056]",1.0857,0.2962056303549572,0.2962056303549572,0.31211750305997554,0.27539779681762544,0.26560587515299877,0.26560587515299877,0.29865361077111385
227,0.3084455324357405,0.19548914113818927,0.16508008783403108,0.08075521238354044,0.386780905752754,0.08048778772354126,0.05083201825618744,0.0,0.050553643610328436,1.0901276930235326,"[0.6119951009750366, 0.7135863304138184, 0.7294981479644775, 0.7380661368370056]",0.9956,0.2962056303549572,0.2962056303549572,0.3108935128518972,0.27539779681762544,0.2668298653610771,0.2668298653610771,0.29865361077111385
228,0.3084455324357405,0.19465961827000244,0.16658345201557462,0.08177054572667199,0.3880048959608323,0.08046631515026093,0.050826608669012785,0.0,0.05054914020001888,0.9069073620485142,"[0.6119951009750366, 0.7135863304138184, 0.7294981479644775, 0.7380661368370056]",1.1007,0.3023255813953488,0.30354957160342716,0.31946144430844553,0.27050183598531213,0.28151774785801714,0.28151774785801714,0.2998776009791922
229,0.3011015911872705,0.18532418022838526,0.16308669831595,0.08055016957391432,0.40758873929008566,0.08043183386325836,0.05082088615745306,0.0,0.0505449827760458,0.9344992870464921,"[0.6119951009750366, 0.7135863304138184, 0.7294981479644775, 0.7380661368370056]",0.9437,0.30599755201958384,0.27050183598531213,0.32313341493268055,0.2729498164014688,0.29008567931456547,0.29008567931456547,0.30599755201958384
230,0.3072215422276622,0.19385869489421648,0.16541730382308756,0.0809938722551537,0.390452876376989,0.0805031806230545,0.05081593617796898,0.0,0.050540502183139324,1.1353001119568944,"[0.6119951009750366, 0.7135863304138184, 0.7294981479644775, 0.7380661368370056]",1.0764,0.30354957160342716,0.2717258261933905,0.32313341493268055,0.27050183598531213,0.29008567931456547,0.29008567931456547,0.3023255813953488
231,0.2802937576499388,0.16563875886863555,0.14916359104659116,0.0746906801795612,0.38310893512851896,0.08311795443296432,0.050811112858355045,0.0,0.0505359354428947,1.1151692089624703,"[0.6119951009750366, 0.7135863304138184, 0.7294981479644775, 0.7380661368370056]",1.1037,0.29498164014687883,0.2962056303549572,0.31211750305997554,0.27539779681762544,0.26438188494492043,0.26438188494492043,0.3023255813953488
232,0.28518971848225216,0.17115921460175088,0.15112203797671145,0.07721781433032518,0.38310893512851896,0.08355976641178131,0.05080646649003029,0.0,0.050531374756246805,1.1471119429916143,"[0.6119951009750366, 0.7135863304138184, 0.7294981479644775, 0.7380661368370056]",0.9231,0.2998776009791922,0.2998776009791922,0.31334149326805383,0.27906976744186046,0.2631578947368421,0.2631578947368421,0.30599755201958384
233,0.28886168910648713,0.17249308343633363,0.15902153921853496,0.08064297949392302,0.3843329253365973,0.081715427339077,0.05080180475488305,0.0,0.05052714888006449,1.0868630410404876,"[0.6119951009750366, 0.7135863304138184, 0.7294981479644775, 0.7380661368370056]",0.8466,0.3023255813953488,0.3011015911872705,0.3219094247246022,0.26560587515299877,0.2802937576499388,0.2802937576499388,0.2998776009791922
234,0.28886168910648713,0.17202108509391312,0.1567379409044295,0.08013084112803613,0.3843329253365973,0.08143981546163559,0.050795990973711014,0.0,0.05052397958934307,0.8916131200967357,"[0.6119951009750366, 0.7135863304138184, 0.7294981479644775, 0.7380661368370056]",0.8877,0.2631578947368421,0.2974296205630355,0.28518971848225216,0.27539779681762544,0.26438188494492043,0.26438188494492043,0.2607099143206854
235,0.31211750305997554,0.17154311943820955,0.1482263019631175,0.0681927387845855,0.38555691554467564,0.0825658068060875,0.0507893362082541,0.0,0.05052062030881643,1.0965980760520324,"[0.6119951009750366, 0.7135863304138184, 0.7294981479644775, 0.7380661368370056]",1.0305,0.29498164014687883,0.29865361077111385,0.31946144430844553,0.2631578947368421,0.2864137086903305,0.2864137086903305,0.2717258261933905
236,0.2802937576499388,0.14971901908900243,0.15332215418501613,0.06350436685966131,0.38922888616891066,0.0805320218205452,0.05078281834721565,0.0,0.05051658861339092,1.1685110189719126,"[0.6119951009750366, 0.7135863304138184, 0.7294981479644775, 0.7380661368370056]",0.9493,0.2937576499388005,0.3023255813953488,0.3243574051407589,0.26193390452876375,0.28886168910648713,0.28886168910648713,0.27050183598531213
237,0.28151774785801714,0.15175510897134303,0.1543820250391066,0.06477380812100901,0.38922888616891066,0.07999588549137115,0.05077762249857187,0.0,0.05051232781261206,1.057540123932995,"[0.6119951009750366, 0.7135863304138184, 0.7294981479644775, 0.7380661368370056]",0.8868,0.3023255813953488,0.30966952264381886,0.3353733170134639,0.27050183598531213,0.3011015911872705,0.3011015911872705,0.2962056303549572
238,0.2766217870257038,0.14528856978991844,0.15622076144148628,0.06457484537545269,0.390452876376989,0.07996229827404022,0.05077248113229871,0.0,0.050508561078459024,1.0054766740649939,"[0.6119951009750366, 0.7135863304138184, 0.7294981479644775, 0.7380661368370056]",1.0825,0.2864137086903305,0.31456548347613217,0.3268053855569155,0.29008567931456547,0.2937576499388005,0.2937576499388005,0.2582619339045288
239,0.2913096695226438,0.16562953085479037,0.1483676209567541,0.06449284792308477,0.38555691554467564,0.07946698367595673,0.05076711717993021,0.0,0.050504895858466625,1.0523127709748223,"[0.6119951009750366, 0.7135863304138184, 0.7294981479644775, 0.7380661368370056]",1.1157,0.2913096695226438,0.2937576499388005,0.34516523867809057,0.28151774785801714,0.30354957160342716,0.30354957160342716,0.2864137086903305
240,0.30354957160342716,0.1734636002382497,0.15130452683538972,0.06022741657348097,0.4039167686658507,0.08049970120191574,0.05076168663799763,0.0,0.05050103459507227,0.9910889070015401,"[0.6119951009750366, 0.7135863304138184, 0.7294981479644775, 0.7380661368370056]",1.0201,0.28886168910648713,0.3023255813953488,0.35006119951040393,0.27906976744186046,0.29498164014687883,0.29498164014687883,0.2827417380660955
241,0.2839657282741738,0.18396668561857477,0.16147500670247306,0.0740753476789039,0.40758873929008566,0.07994631677865982,0.05075646424666047,0.0,0.05049714958295226,1.0636619640281424,"[0.6119951009750366, 0.7135863304138184, 0.7294981479644775, 0.7380661368370056]",0.9027,0.2864137086903305,0.2802937576499388,0.31701346389228885,0.2607099143206854,0.2864137086903305,0.2864137086903305,0.2864137086903305
242,0.2962056303549572,0.1704792864824013,0.15195672273024713,0.0677557552058879,0.408812729498164,0.08059115707874298,0.05075118085369468,0.0,0.050493177492171526,1.078210742911324,"[0.6119951009750366, 0.7135863304138184, 0.7294981479644775, 0.7380661368370056]",1.0027,0.26193390452876375,0.24479804161566707,0.28886168910648713,0.2741738066095471,0.2692778457772338,0.2692778457772338,0.27906976744186046
243,0.31211750305997554,0.19402691644037362,0.15545837857961906,0.07624262525142673,0.39412484700122397,0.08105915784835815,0.05074611259624362,0.0,0.05048896837979555,1.289701519999653,"[0.6119951009750366, 0.7135863304138184, 0.7294981479644775, 0.7380661368370056]",0.8845,0.28518971848225216,0.2668298653610771,0.28151774785801714,0.29008567931456547,0.27906976744186046,0.27906976744186046,0.3023255813953488
244,0.2876376988984088,0.1420560241779062,0.14136722991853407,0.05428326928193505,0.3684210526315789,0.08076009154319763,0.05074065271764994,0.0,0.05048566311597824,1.1577040349366143,"[0.6119951009750366, 0.7135863304138184, 0.7294981479644775, 0.7380661368370056]",1.0286,0.2937576499388005,0.27050183598531213,0.2864137086903305,0.28518971848225216,0.28151774785801714,0.28151774785801714,0.3084455324357405
245,0.28151774785801714,0.14586476074795318,0.14825337371369735,0.05777643922270578,0.379436964504284,0.0825619250535965,0.050735100638121367,0.0,0.050481796730309725,1.2222155460622162,"[0.6119951009750366, 0.7135863304138184, 0.7294981479644775, 0.7380661368370056]",0.8045,0.2741738066095471,0.2631578947368421,0.29008567931456547,0.2827417380660955,0.28518971848225216,0.28518971848225216,0.2937576499388005
246,0.2839657282741738,0.1697529470213629,0.16218004406497627,0.07366123356063173,0.397796817625459,0.08189519494771957,0.05072944052517414,0.0,0.05047866981476545,1.220863085007295,"[0.6119951009750366, 0.7135863304138184, 0.7294981479644775, 0.7380661368370056]",1.257,0.2741738066095471,0.29498164014687883,0.2974296205630355,0.27539779681762544,0.2717258261933905,0.2717258261933905,0.2558139534883721
247,0.2802937576499388,0.15315296257906208,0.16190837292731805,0.05092534203109283,0.401468788249694,0.08242378383874893,0.0507231205701828,0.0,0.05047639412805438,1.2802898939698935,"[0.6119951009750366, 0.7135863304138184, 0.7294981479644775, 0.7380661368370056]",1.2512,0.28151774785801714,0.29253365973072215,0.30599755201958384,0.2741738066095471,0.2802937576499388,0.2802937576499388,0.26805385556915545
248,0.28151774785801714,0.15373987125554078,0.162921893997876,0.0528432952411807,0.40024479804161567,0.08216073364019394,0.050716972909867764,0.0,0.050474788062274456,1.0927519000833854,"[0.6119951009750366, 0.7135863304138184, 0.7294981479644775, 0.7380661368370056]",1.0908,0.2766217870257038,0.29253365973072215,0.31456548347613217,0.2766217870257038,0.2827417380660955,0.2827417380660955,0.2717258261933905
249,0.2876376988984088,0.15287615979932445,0.16015041287008658,0.05529509779797739,0.397796817625459,0.083113893866539,0.050709988456219435,0.0,0.050472015514969826,1.0783026569988579,"[0.6119951009750366, 0.7135863304138184, 0.7294981479644775, 0.7380661368370056]",1.1061,0.28151774785801714,0.2974296205630355,0.3182374541003672,0.2827417380660955,0.2839657282741738,0.2839657282741738,0.27539779681762544
250,0.3072215422276622,0.17960390805046322,0.17676902640656977,0.06635193849651089,0.4186046511627907,0.08292841911315918,0.0507035069167614,0.0,0.050470809917896986,0.8218628240283579,"[0.6119951009750366, 0.7135863304138184, 0.7294981479644775, 0.7380661368370056]",1.0312,0.2766217870257038,0.2974296205630355,0.31456548347613217,0.28518971848225216,0.29008567931456547,0.29008567931456547,0.2741738066095471
251,0.29008567931456547,0.15508879537836107,0.16186980106015017,0.05529342283881189,0.39657282741738065,0.08294129371643066,0.050697431433945894,0.0,0.050470670219510794,1.1666872310452163,"[0.6119951009750366, 0.7135863304138184, 0.7294981479644775, 0.7380661368370056]",1.0351,0.27539779681762544,0.2937576499388005,0.3182374541003672,0.2876376988984088,0.2962056303549572,0.2962056303549572,0.27050183598531213
252,0.28151774785801714,0.16373309432304062,0.15926306128428144,0.06965194101532521,0.3953488372093023,0.08329322934150696,0.05069042881950736,0.0,0.050472811330109835,1.0956558620091528,"[0.6119951009750366, 0.7135863304138184, 0.7294981479644775, 0.7380661368370056]",1.105,0.2778457772337821,0.2962056303549572,0.31211750305997554,0.2827417380660955,0.2876376988984088,0.2876376988984088,0.27539779681762544
253,0.2607099143206854,0.1430779302644215,0.15700219912223504,0.044022554919907565,0.390452876376989,0.08370593190193176,0.05068167811259627,0.0,0.050475061405450106,1.008873921004124,"[0.6119951009750366, 0.7135863304138184, 0.7294981479644775, 0.7380661368370056]",1.1975,0.2974296205630355,0.2717258261933905,0.32068543451652387,0.2558139534883721,0.2839657282741738,0.2839657282741738,0.2937576499388005
254,0.26193390452876375,0.1400435344985591,0.155530282607815,0.04289936921251837,0.3929008567931457,0.08325594663619995,0.05067254137247801,0.0,0.05047690402716398,0.9142957080621272,"[0.6119951009750366, 0.7135863304138184, 0.7294981479644775, 0.7380661368370056]",0.9487,0.29498164014687883,0.2839657282741738,0.3023255813953488,0.2766217870257038,0.2692778457772338,0.2692778457772338,0.2937576499388005
255,0.2533659730722154,0.13223277202501071,0.1502716562910461,0.038658987753874205,0.38310893512851896,0.08307285606861115,0.05066472105681896,0.0,0.050478383898735046,0.8757013269932941,"[0.6119951009750366, 0.7135863304138184, 0.7294981479644775, 0.7380661368370056]",1.0337,0.2778457772337821,0.2998776009791922,0.3243574051407589,0.2839657282741738,0.29008567931456547,0.29008567931456547,0.2668298653610771
256,0.2778457772337821,0.15379146295434787,0.149023388068259,0.06521702392402116,0.397796817625459,0.08374597877264023,0.050656174775213,0.0,0.05048008728772402,0.8733428580453619,"[0.6119951009750366, 0.7135863304138184, 0.7294981479644775, 0.7380661368370056]",1.1724,0.30966952264381886,0.2937576499388005,0.31211750305997554,0.29008567931456547,0.2876376988984088,0.2876376988984088,0.3072215422276622
257,0.28518971848225216,0.15941319173450907,0.1443542816662332,0.06600667433627566,0.39657282741738065,0.08382254838943481,0.05064725922420621,0.0,0.05047887936234474,0.956775680067949,"[0.6119951009750366, 0.7135863304138184, 0.7294981479644775, 0.7380661368370056]",0.9008,0.31211750305997554,0.2974296205630355,0.31334149326805383,0.2937576499388005,0.29008567931456547,0.29008567931456547,0.30966952264381886
258,0.2864137086903305,0.160596715071197,0.14386234774639772,0.06682116987826536,0.397796817625459,0.08413304388523102,0.05064045125618577,0.0,0.050477880984544754,1.0503853710833937,"[0.6119951009750366, 0.7135863304138184, 0.7294981479644775, 0.7380661368370056]",0.95,0.31946144430844553,0.2876376988984088,0.2876376988984088,0.3072215422276622,0.28886168910648713,0.28886168910648713,0.31946144430844553
259,0.2974296205630355,0.17583232573179997,0.14868722044436034,0.0777323837822595,0.3990208078335373,0.08446577191352844,0.05063385097309947,0.0,0.050474726129323244,1.1087077980628237,"[0.6119951009750366, 0.7135863304138184, 0.7294981479644775, 0.7380661368370056]",1.1632,0.31946144430844553,0.28886168910648713,0.29253365973072215,0.3011015911872705,0.2876376988984088,0.2876376988984088,0.32313341493268055
260,0.30354957160342716,0.1810396766953586,0.15091094775683753,0.07887324422390757,0.4112607099143207,0.08407387882471085,0.050628069788217545,0.0,0.05047271540388465,1.0023982130223885,"[0.6119951009750366, 0.7135863304138184, 0.7294981479644775, 0.7380661368370056]",0.9965,0.31211750305997554,0.3023255813953488,0.2974296205630355,0.3108935128518972,0.29498164014687883,0.29498164014687883,0.30599755201958384
261,0.31456548347613217,0.17932454636120343,0.16482085572757357,0.07304038500533973,0.401468788249694,0.08598248660564423,0.05062203900888562,0.0,0.050469574984163046,1.038398445933126,"[0.6119951009750366, 0.7135863304138184, 0.7294981479644775, 0.7380661368370056]",1.0668,0.2974296205630355,0.2741738066095471,0.29498164014687883,0.30966952264381886,0.2937576499388005,0.2937576499388005,0.30966952264381886
262,0.2521419828641371,0.1260211567215136,0.15056766372048355,0.05758695117173376,0.3990208078335373,0.08496609330177307,0.05061643011868,0.0,0.05046584736555815,0.8788176589878276,"[0.6119951009750366, 0.7135863304138184, 0.7294981479644775, 0.7380661368370056]",1.1288,0.2741738066095471,0.2876376988984088,0.29865361077111385,0.31211750305997554,0.2974296205630355,0.2974296205630355,0.2913096695226438
263,0.2521419828641371,0.14461256383015186,0.14754776468646738,0.056946927294127044,0.39657282741738065,0.08562278002500534,0.05061135208234191,0.0,0.05046174209564924,1.0674735229695216,"[0.6119951009750366, 0.7135863304138184, 0.7294981479644775, 0.7380661368370056]",1.2274,0.2607099143206854,0.29498164014687883,0.3023255813953488,0.31701346389228885,0.2998776009791922,0.2998776009791922,0.27906976744186046
264,0.27906976744186046,0.16485799324893047,0.15306582541941816,0.06615220429299361,0.39657282741738065,0.08402609825134277,0.050606994424015284,0.0,0.050458271987736225,1.0802274349844083,"[0.6119951009750366, 0.7135863304138184, 0.7294981479644775, 0.7380661368370056]",0.9436,0.27539779681762544,0.31334149326805383,0.33047735618115054,0.3023255813953488,0.29253365973072215,0.29253365973072215,0.2766217870257038
265,0.3023255813953488,0.19174335174237989,0.16349835664360196,0.07316888640435186,0.4186046511627907,0.08249714970588684,0.05060245003551245,0.0,0.05045417137444019,0.9920952299144119,"[0.6119951009750366, 0.7135863304138184, 0.7294981479644775, 0.7380661368370056]",1.1539,0.3268053855569155,0.2778457772337821,0.32313341493268055,0.2913096695226438,0.2864137086903305,0.2864137086903305,0.32313341493268055
266,0.30354957160342716,0.1937882188084229,0.16499039168405305,0.07778943753574583,0.42105263157894735,0.08162961900234222,0.05059808352962136,0.0,0.05045079393312335,0.9442818760871887,"[0.6119951009750366, 0.7135863304138184, 0.7294981479644775, 0.7380661368370056]",0.9683,0.31946144430844553,0.32068543451652387,0.35128518971848227,0.31701346389228885,0.31456548347613217,0.31456548347613217,0.31456548347613217
267,0.27050183598531213,0.15703352082002497,0.15483832475461898,0.06261405674217008,0.4112607099143207,0.08280977606773376,0.05059376126155257,0.0,0.05044679809361696,1.1830063669476658,"[0.6119951009750366, 0.7135863304138184, 0.7294981479644775, 0.7380661368370056]",0.9957,0.2741738066095471,0.3023255813953488,0.3084455324357405,0.32802937576499386,0.29865361077111385,0.29865361077111385,0.27539779681762544
268,0.2876376988984088,0.16724927844873483,0.15360024379402723,0.06714895962951224,0.4186046511627907,0.08056730031967163,0.05058963457122445,0.0,0.05044302111491561,0.9526898309122771,"[0.6119951009750366, 0.7135863304138184, 0.7294981479644775, 0.7380661368370056]",1.0792,0.26193390452876375,0.2974296205630355,0.2876376988984088,0.3182374541003672,0.2937576499388005,0.2937576499388005,0.3084455324357405
269,0.2998776009791922,0.17403860769113855,0.15134093054652176,0.07501314346577201,0.40514075887392903,0.08017910271883011,0.050585548393428326,0.0,0.050439635291695595,0.9900518771028146,"[0.6119951009750366, 0.7135863304138184, 0.7294981479644775, 0.7380661368370056]",0.8836,0.2607099143206854,0.2962056303549572,0.29253365973072215,0.31456548347613217,0.28886168910648713,0.28886168910648713,0.3084455324357405
270,0.2582619339045288,0.117913359523237,0.13965013151800346,0.05107798848576976,0.397796817625459,0.08276797086000443,0.05058125499635935,0.0,0.05043581500649452,1.082619215012528,"[0.6119951009750366, 0.7135863304138184, 0.7294981479644775, 0.7380661368370056]",0.9341,0.3023255813953488,0.3157894736842105,0.33047735618115054,0.27539779681762544,0.2974296205630355,0.2974296205630355,0.26560587515299877
271,0.2717258261933905,0.12973697778668902,0.14300561966719222,0.05660068321813034,0.39657282741738065,0.08208736032247543,0.05057712411507964,0.0,0.05043202033266425,1.2328605060465634,"[0.6119951009750366, 0.7135863304138184, 0.7294981479644775, 0.7380661368370056]",0.9474,0.26560587515299877,0.26193390452876375,0.31334149326805383,0.28151774785801714,0.2778457772337821,0.2778457772337821,0.2876376988984088
272,0.2717258261933905,0.13220093900066043,0.14681014774851206,0.062118335952290445,0.40024479804161567,0.08180227130651474,0.05057298531755805,0.0,0.05042841238901019,1.0021430080523714,"[0.6119951009750366, 0.7135863304138184, 0.7294981479644775, 0.7380661368370056]",1.1844,0.2998776009791922,0.3108935128518972,0.33414932680538556,0.27050183598531213,0.2913096695226438,0.2913096695226438,0.29253365973072215
273,0.2717258261933905,0.14044099444778457,0.14570006025512391,0.05732493580790366,0.3990208078335373,0.08184120059013367,0.05056882696226239,0.0,0.05042472016066313,1.0653773460071534,"[0.6119951009750366, 0.7135863304138184, 0.7294981479644775, 0.7380661368370056]",0.8782,0.26805385556915545,0.2937576499388005,0.31946144430844553,0.2729498164014688,0.29008567931456547,0.29008567931456547,0.2631578947368421
274,0.2876376988984088,0.1723529319615048,0.15179671538195927,0.07246443211522921,0.3929008567931457,0.08240975439548492,0.05056493869051337,0.0,0.050420759711414576,0.906327732023783,"[0.6119951009750366, 0.7135863304138184, 0.7294981479644775, 0.7380661368370056]",0.9979,0.2913096695226438,0.3157894736842105,0.3292533659730722,0.2766217870257038,0.2962056303549572,0.2962056303549572,0.2717258261933905
275,0.28886168910648713,0.16590463404862477,0.15856668385230258,0.07278912267711944,0.397796817625459,0.08351398259401321,0.05056116497144103,0.0,0.050416728015989065,1.0891668479889631,"[0.6119951009750366, 0.7135863304138184, 0.7294981479644775, 0.7380661368370056]",0.8664,0.2729498164014688,0.3182374541003672,0.32558139534883723,0.2766217870257038,0.2876376988984088,0.2876376988984088,0.26438188494492043
276,0.32313341493268055,0.19410330366969364,0.1570809797897866,0.08433566467665472,0.40758873929008566,0.0836450457572937,0.05055755749344826,0.0,0.050412533804774284,1.0117171310121194,"[0.6119951009750366, 0.7135863304138184, 0.7294981479644775, 0.7380661368370056]",0.9428,0.3023255813953488,0.31211750305997554,0.3182374541003672,0.3084455324357405,0.2937576499388005,0.2937576499388005,0.3023255813953488
277,0.3047735618115055,0.1823623001742556,0.15900774953070043,0.0797848134151939,0.4149326805385557,0.08197496831417084,0.05055405106395483,0.0,0.050408200826495886,1.124378849985078,"[0.6119951009750366, 0.7135863304138184, 0.7294981479644775, 0.7380661368370056]",0.9375,0.32068543451652387,0.32068543451652387,0.3427172582619339,0.2802937576499388,0.3072215422276622,0.3072215422276622,0.3011015911872705
278,0.27539779681762544,0.16303296376218468,0.15311387813203867,0.06075995280084429,0.3818849449204406,0.08204270899295807,0.05055050319060683,0.0,0.05040390323847532,1.2038131520384923,"[0.6119951009750366, 0.7135863304138184, 0.7294981479644775, 0.7380661368370056]",1.143,0.33414932680538556,0.3292533659730722,0.35495716034271724,0.3072215422276622,0.3243574051407589,0.3243574051407589,0.3243574051407589
279,0.2864137086903305,0.16646804459634212,0.1552369540287712,0.06984765081878253,0.412484700122399,0.0820343866944313,0.05054697301238775,0.0,0.05039965268224478,1.0283843759680167,"[0.6119951009750366, 0.7135863304138184, 0.7294981479644775, 0.7380661368370056]",1.2107,0.2962056303549572,0.32068543451652387,0.29253365973072215,0.2839657282741738,0.29865361077111385,0.29865361077111385,0.29008567931456547
280,0.28886168910648713,0.16902939611226253,0.15326617312091637,0.07018832865613796,0.41370869033047736,0.0812113955616951,0.05054335109889507,0.0,0.05039544869214296,1.0611136310035363,"[0.6119951009750366, 0.7135863304138184, 0.7294981479644775, 0.7380661368370056]",1.1238,0.2631578947368421,0.26438188494492043,0.2692778457772338,0.2766217870257038,0.27906976744186046,0.27906976744186046,0.26805385556915545
281,0.2876376988984088,0.17098353453145598,0.15765835344594822,0.07045900688060074,0.4173806609547124,0.08075230568647385,0.050539697986096144,0.0,0.05039136065170169,0.8979413759661838,"[0.6119951009750366, 0.7135863304138184, 0.7294981479644775, 0.7380661368370056]",1.1639,0.2607099143206854,0.26193390452876375,0.2729498164014688,0.27539779681762544,0.27539779681762544,0.27539779681762544,0.26560587515299877
282,0.28886168910648713,0.1582129202045781,0.1502657754761049,0.06738479815629787,0.40514075887392903,0.08140882849693298,0.050536016933619976,0.0,0.05038774339482188,1.1780338399112225,"[0.6119951009750366, 0.7135863304138184, 0.7294981479644775, 0.7380661368370056]",1.1837,0.2594859241126071,0.2766217870257038,0.2741738066095471,0.2778457772337821,0.2839657282741738,0.2839657282741738,0.27539779681762544
283,0.27050183598531213,0.1543280310806141,0.1509026932378116,0.06824699465996154,0.40758873929008566,0.08384866267442703,0.05053165601566434,0.0,0.05038404744118452,1.117239779094234,"[0.6119951009750366, 0.7135863304138184, 0.7294981479644775, 0.7380661368370056]",1.1886,0.26805385556915545,0.29253365973072215,0.28518971848225216,0.2839657282741738,0.2839657282741738,0.2839657282741738,0.2778457772337821
284,0.26560587515299877,0.1594088082021945,0.14760615863531099,0.06673919172197365,0.41003671970624234,0.08374499529600143,0.05052777100354433,0.0,0.05038027465343475,1.0129447450162843,"[0.6119951009750366, 0.7135863304138184, 0.7294981479644775, 0.7380661368370056]",1.1778,0.29008567931456547,0.3047735618115055,0.2839657282741738,0.28886168910648713,0.2876376988984088,0.2876376988984088,0.2741738066095471
285,0.2717258261933905,0.1608231654686194,0.14249985231854237,0.0613518459995673,0.40636474908200737,0.08360986411571503,0.0505238426849246,0.0,0.05037673097103834,1.0994730609236285,"[0.6119951009750366, 0.7135863304138184, 0.7294981479644775, 0.7380661368370056]",1.0145,0.31456548347613217,0.3182374541003672,0.2729498164014688,0.2962056303549572,0.28886168910648713,0.28886168910648713,0.32068543451652387
286,0.26438188494492043,0.13504462909496384,0.13835013908895766,0.05361798336217477,0.3953488372093023,0.08347123861312866,0.05051990319043398,0.0,0.050372964702546597,1.1567816799506545,"[0.6119951009750366, 0.7135863304138184, 0.7294981479644775, 0.7380661368370056]",1.2115,0.31701346389228885,0.3243574051407589,0.2778457772337821,0.29253365973072215,0.2876376988984088,0.2876376988984088,0.32068543451652387
287,0.3084455324357405,0.17313024848814884,0.16027133403513544,0.07711496685480114,0.40514075887392903,0.08267294615507126,0.050516380462795496,0.0,0.050368929747492075,1.0463452650001273,"[0.6119951009750366, 0.7135863304138184, 0.7294981479644775, 0.7380661368370056]",0.9694,0.3182374541003672,0.3182374541003672,0.2864137086903305,0.29253365973072215,0.2864137086903305,0.2864137086903305,0.3243574051407589
288,0.31456548347613217,0.18086586302527474,0.16070957500576472,0.07392836899247675,0.397796817625459,0.08246022462844849,0.05051269242540002,0.0,0.050365026108920574,1.031986878020689,"[0.6119951009750366, 0.7135863304138184, 0.7294981479644775, 0.7380661368370056]",1.0214,0.3023255813953488,0.31456548347613217,0.3402692778457772,0.3108935128518972,0.3219094247246022,0.3219094247246022,0.3023255813953488
289,0.2998776009791922,0.1718767997419891,0.15526524985070453,0.0793586079986838,0.4173806609547124,0.08256988227367401,0.05050888890400529,0.0,0.05036118999123573,0.8730559200048447,"[0.6119951009750366, 0.7135863304138184, 0.7294981479644775, 0.7380661368370056]",0.9742,0.3292533659730722,0.33659730722154224,0.3659730722154223,0.3084455324357405,0.34149326805385555,0.34149326805385555,0.3219094247246022
290,0.29865361077111385,0.17940542340794752,0.15568003883459333,0.07999905470439572,0.4173806609547124,0.08221139013767242,0.05050516640767455,0.0,0.05035710195079446,1.1190191679634154,"[0.6119951009750366, 0.7135863304138184, 0.7294981479644775, 0.7380661368370056]",1.2033,0.30966952264381886,0.31456548347613217,0.34149326805385555,0.30966952264381886,0.3243574051407589,0.3243574051407589,0.30354957160342716
291,0.3317013463892289,0.19663368547687066,0.15470304554951964,0.07650538788105754,0.40758873929008566,0.08236290514469147,0.05050136195495725,0.0,0.05035287840291858,0.9590657280059531,"[0.6119951009750366, 0.7135863304138184, 0.7294981479644775, 0.7380661368370056]",1.1374,0.3108935128518972,0.31334149326805383,0.3402692778457772,0.3084455324357405,0.32313341493268055,0.32313341493268055,0.3047735618115055
292,0.3378212974296206,0.2034927620067073,0.155951502222586,0.08105389435489259,0.412484700122399,0.08284001797437668,0.05049745040014386,0.0,0.05034880293533206,1.1789798140525818,"[0.6119951009750366, 0.7135863304138184, 0.7294981479644775, 0.7380661368370056]",1.4303,0.31211750305997554,0.31456548347613217,0.3427172582619339,0.30966952264381886,0.3243574051407589,0.3243574051407589,0.3084455324357405
293,0.33659730722154224,0.20810539662328797,0.15362467325473278,0.08258513960699056,0.42105263157894735,0.08379289507865906,0.05049344431608915,0.0,0.050344583578407764,1.2315738669130951,"[0.6119951009750366, 0.7135863304138184, 0.7294981479644775, 0.7380661368370056]",1.1762,0.28518971848225216,0.2839657282741738,0.3011015911872705,0.28886168910648713,0.2839657282741738,0.2839657282741738,0.2741738066095471
294,0.32558139534883723,0.208771643052868,0.15160189278803526,0.08155941200770193,0.42105263157894735,0.08460718393325806,0.05048920167610049,0.0,0.05034031393006444,1.2556792959803715,"[0.6119951009750366, 0.7135863304138184, 0.7294981479644775, 0.7380661368370056]",1.0599,0.27906976744186046,0.2913096695226438,0.3011015911872705,0.2913096695226438,0.2839657282741738,0.2839657282741738,0.28151774785801714
295,0.3329253365973072,0.2181488706780147,0.1547617232490956,0.0858162106203712,0.4357405140758874,0.08367231488227844,0.05048478348180652,0.0,0.05033613462001085,0.8336778730154037,"[0.6119951009750366, 0.7135863304138184, 0.7294981479644775, 0.7380661368370056]",0.8012,0.2729498164014688,0.28886168910648713,0.29498164014687883,0.28886168910648713,0.28518971848225216,0.28518971848225216,0.2839657282741738
296,0.32558139534883723,0.2215293521549585,0.16321970214913328,0.08615159474717991,0.44063647490820074,0.08540159463882446,0.05048067029565573,0.0,0.05033169174566865,0.8199669939931482,"[0.6119951009750366, 0.7135863304138184, 0.7294981479644775, 0.7380661368370056]",1.2702,0.27539779681762544,0.2876376988984088,0.3011015911872705,0.2876376988984088,0.2864137086903305,0.2864137086903305,0.2937576499388005
297,0.35495716034271724,0.21322011102948968,0.15418368725919268,0.0975551719169857,0.412484700122399,0.08642695844173431,0.05047659948468208,0.0,0.050328538287431,1.164789895992726,"[0.6119951009750366, 0.7135863304138184, 0.7294981479644775, 0.7380661368370056]",1.1681,0.3047735618115055,0.2864137086903305,0.3011015911872705,0.2913096695226438,0.2839657282741738,0.2839657282741738,0.31946144430844553
298,0.3243574051407589,0.2141068469231452,0.16198694208351064,0.08600658994667754,0.4283965728274174,0.0864405557513237,0.05047261202707887,0.0,0.05032494943588972,1.0661824609851465,"[0.6119951009750366, 0.7135863304138184, 0.7294981479644775, 0.7380661368370056]",0.8443,0.2802937576499388,0.2864137086903305,0.31946144430844553,0.28151774785801714,0.28518971848225216,0.28518971848225216,0.2876376988984088
299,0.32313341493268055,0.21282853185354245,0.1572792152072282,0.08396842878311105,0.4259485924112607,0.08640046417713165,0.05046824552118778,0.0,0.050321344286203384,1.2796988310292363,"[0.6119951009750366, 0.7135863304138184, 0.7294981479644775, 0.7380661368370056]",0.9487,0.31701346389228885,0.29865361077111385,0.35495716034271724,0.31946144430844553,0.3353733170134639,0.3353733170134639,0.3219094247246022
300,0.3292533659730722,0.21833196571049462,0.16514649229917017,0.07978655819260433,0.43329253365973075,0.08615513890981674,0.05046401685103774,0.0,0.05031826673075557,1.0527542349882424,"[0.6119951009750366, 0.7135863304138184, 0.7294981479644775, 0.7380661368370056]",,,,,,,,
