round,ACC,Kappa,NMI,ARI,PURITY,alignment_loss,mean_reconstruction_loss,mean_consensus_loss,mean_local_total_loss,round_seconds,observed_rates,completion_eval_seconds,C025_ACC,C050_ACC,C075_ACC,C100_ACC,D0_ACC,E0_ACC,G0_ACC
1,0.2860727728983689,0.1490794530006906,0.15212367608017768,0.05735042850288307,0.3877038895859473,0.10061651468276978,0.21842809580266476,0.0,0.20128506049513817,1.7096042389748618,"[0.6273525357246399, 0.7340025305747986, 0.7239648699760437, 0.721455454826355]",0.6716,0.31493099121706397,0.30489335006273527,0.2961104140526976,0.3337515683814304,0.3086574654956085,0.3086574654956085,0.3136762860727729
2,0.2572145545796738,0.11303108744978374,0.1600893422391219,0.04068495480498998,0.38143036386449186,0.09099429845809937,0.20378641970455647,0.0,0.18904798477888107,0.7518274129834026,"[0.6273525357246399, 0.7340025305747986, 0.7239648699760437, 0.721455454826355]",0.6857,0.3174404015056462,0.31493099121706397,0.3136762860727729,0.32747804265997493,0.32747804265997493,0.32747804265997493,0.3186951066499373
3,0.3237139272271016,0.16639887917350682,0.1581823226691112,0.07985385011441509,0.3889585947302384,0.08988220244646072,0.19142657704651356,0.0,0.17891117557883263,0.7408856919500977,"[0.6273525357246399, 0.7340025305747986, 0.7239648699760437, 0.721455454826355]",0.7038,0.3074027603513174,0.30489335006273527,0.29109159347553326,0.28858218318695106,0.2797992471769134,0.2797992471769134,0.3099121706398996
4,0.28858218318695106,0.17183955020103892,0.17348129000778753,0.06493841724770323,0.39146800501882056,0.09001192450523376,0.18104577623307705,0.0,0.1702556125819683,0.7474366989918053,"[0.6273525357246399, 0.7340025305747986, 0.7239648699760437, 0.721455454826355]",0.6772,0.3136762860727729,0.31493099121706397,0.28858218318695106,0.27728983688833125,0.27603513174404015,0.27603513174404015,0.3136762860727729
5,0.3237139272271016,0.17044576787010846,0.16263909198551207,0.08234306779720395,0.4002509410288582,0.0892927423119545,0.17212527990341187,0.0,0.16259648092091084,0.7125027630245313,"[0.6273525357246399, 0.7340025305747986, 0.7239648699760437, 0.721455454826355]",0.6864,0.3324968632371393,0.328732747804266,0.3161856963613551,0.3212045169385194,0.30363864491844417,0.30363864491844417,0.3324968632371393
6,0.2572145545796738,0.16743160952093572,0.18439475074478567,0.05331805601108061,0.4203262233375157,0.087262824177742,0.16421907395124435,0.0,0.1556981122121215,0.7270470140501857,"[0.6273525357246399, 0.7340025305747986, 0.7239648699760437, 0.721455454826355]",0.6791,0.33500627352572143,0.3199498117942284,0.30238393977415307,0.3212045169385194,0.32747804265997493,0.32747804265997493,0.33626097867001253
7,0.3111668757841907,0.18285415480003375,0.18322728201680452,0.07216490013616014,0.40401505646173147,0.08672550320625305,0.1570642301812768,0.0,0.1493049981072545,0.9268630599835888,"[0.6273525357246399, 0.7340025305747986, 0.7239648699760437, 0.721455454826355]",0.8655,0.3186951066499373,0.3161856963613551,0.30238393977415307,0.2672521957340025,0.29109159347553326,0.29109159347553326,0.3161856963613551
8,0.34002509410288584,0.23106185665338708,0.18943402030735787,0.09356932368327936,0.4341279799247177,0.085787333548069,0.15042567066848278,0.0,0.1432868354022503,0.7985389120876789,"[0.6273525357246399, 0.7340025305747986, 0.7239648699760437, 0.721455454826355]",0.7049,0.30489335006273527,0.30363864491844417,0.2823086574654956,0.2998745294855709,0.2710163111668758,0.2710163111668758,0.3086574654956085
9,0.3212045169385194,0.2069039092231768,0.17166055451647472,0.09409337732899602,0.39146800501882056,0.08605078607797623,0.1441986933350563,0.0,0.13759847730398178,0.776759063010104,"[0.6273525357246399, 0.7340025305747986, 0.7239648699760437, 0.721455454826355]",0.7641,0.2998745294855709,0.2948557089084065,0.3074027603513174,0.3186951066499373,0.28983688833124216,0.28983688833124216,0.30112923462986196
10,0.33500627352572143,0.1901757453408408,0.17041381814011722,0.1038753221305178,0.40526976160602257,0.08524161577224731,0.13829420506954193,0.0,0.13213788904249668,0.7893205459695309,"[0.6273525357246399, 0.7340025305747986, 0.7239648699760437, 0.721455454826355]",0.6432,0.30614805520702637,0.30238393977415307,0.2810539523212045,0.3337515683814304,0.2986198243412798,0.2986198243412798,0.30614805520702637
11,0.3237139272271016,0.20040242047914458,0.15454637334278382,0.07188542702253951,0.39648682559598497,0.0831439197063446,0.13267948292195797,0.0,0.12692005466669798,0.7360385359497741,"[0.6273525357246399, 0.7340025305747986, 0.7239648699760437, 0.721455454826355]",0.6641,0.30489335006273527,0.29109159347553326,0.3237139272271016,0.2961104140526976,0.30363864491844417,0.30363864491844417,0.3124215809284818
12,0.342534504391468,0.1882979695204553,0.17494706331346221,0.09532289925498957,0.39272271016311167,0.08573347330093384,0.12729775346815586,0.0,0.12191215623170137,0.763040982070379,"[0.6273525357246399, 0.7340025305747986, 0.7239648699760437, 0.721455454826355]",0.6778,0.28983688833124216,0.27603513174404015,0.28858218318695106,0.3199498117942284,0.3111668757841907,0.3111668757841907,0.29109159347553326
13,0.3136762860727729,0.1832777248024039,0.157723001344832,0.09519712628552185,0.4178168130489335,0.08412393927574158,0.12213924899697304,0.0,0.11708355974406004,0.7580698759993538,"[0.6273525357246399, 0.7340025305747986, 0.7239648699760437, 0.721455454826355]",0.7179,0.2973651191969887,0.2823086574654956,0.3136762860727729,0.2961104140526976,0.2835633626097867,0.2835633626097867,0.30489335006273527
14,0.2986198243412798,0.17927533108221372,0.1562912249625643,0.053047027638990836,0.4090338770388959,0.08298315852880478,0.11719899903982878,0.0,0.1124915536493063,0.8365068599814549,"[0.6273525357246399, 0.7340025305747986, 0.7239648699760437, 0.721455454826355]",0.7564,0.31493099121706397,0.30238393977415307,0.30614805520702637,0.3751568381430364,0.34880803011292344,0.34880803011292344,0.3136762860727729
15,0.3199498117942284,0.17496872523086038,0.1479201096478669,0.051788558357311436,0.3889585947302384,0.08246798813343048,0.11249734088778496,0.0,0.10814687795937061,0.8314780219225213,"[0.6273525357246399, 0.7340025305747986, 0.7239648699760437, 0.721455454826355]",0.7861,0.3237139272271016,0.3224592220828105,0.3312421580928482,0.3713927227101631,0.34002509410288584,0.34002509410288584,0.32496863237139273
16,0.2973651191969887,0.1861103360996682,0.17916278288004103,0.07381612192751573,0.42534504391468003,0.08260247111320496,0.10803344566375017,0.0,0.10400194860994816,0.8367257369682193,"[0.6273525357246399, 0.7340025305747986, 0.7239648699760437, 0.721455454826355]",0.7604,0.2986198243412798,0.2948557089084065,0.32496863237139273,0.3086574654956085,0.30112923462986196,0.30112923462986196,0.30489335006273527
17,0.3186951066499373,0.17380787836903944,0.1720302573148606,0.08379863253313213,0.4090338770388959,0.08134618401527405,0.10379498079419136,0.0,0.10010248329490423,0.773750352091156,"[0.6273525357246399, 0.7340025305747986, 0.7239648699760437, 0.721455454826355]",0.6901,0.29234629861982436,0.24592220828105396,0.27478042659974905,0.3161856963613551,0.2973651191969887,0.2973651191969887,0.30363864491844417
18,0.31493099121706397,0.18610649245231137,0.15329193010058034,0.08226525539085126,0.4077791718946048,0.08060836791992188,0.09980311617255211,0.0,0.09642047621309757,0.7311857809545472,"[0.6273525357246399, 0.7340025305747986, 0.7239648699760437, 0.721455454826355]",0.6847,0.3186951066499373,0.28858218318695106,0.32496863237139273,0.3199498117942284,0.27854454203262236,0.27854454203262236,0.3199498117942284
19,0.34880803011292344,0.20947046142555714,0.16951067948231682,0.10919664714786416,0.4328732747804266,0.07975789159536362,0.09606043621897697,0.0,0.09299372229725122,0.730113576981239,"[0.6273525357246399, 0.7340025305747986, 0.7239648699760437, 0.721455454826355]",0.6837,0.3086574654956085,0.2710163111668758,0.32622333751568383,0.3136762860727729,0.29234629861982436,0.29234629861982436,0.3111668757841907
20,0.2848180677540778,0.1593309289014806,0.16256227971963885,0.08506862311722078,0.39272271016311167,0.07760393619537354,0.09257426112890244,0.0,0.08987847901880741,0.7361731400014833,"[0.6273525357246399, 0.7340025305747986, 0.7239648699760437, 0.721455454826355]",0.7893,0.3174404015056462,0.2936010037641154,0.26474278544542035,0.342534504391468,0.30363864491844417,0.30363864491844417,0.3174404015056462
21,0.2848180677540778,0.15044694617945165,0.15974703135686086,0.06691728783733841,0.40401505646173147,0.07785283029079437,0.08937002904713154,0.0,0.08696039579808712,0.8244342249818146,"[0.6273525357246399, 0.7340025305747986, 0.7239648699760437, 0.721455454826355]",0.7048,0.3224592220828105,0.27854454203262236,0.30112923462986196,0.33626097867001253,0.3136762860727729,0.3136762860727729,0.32496863237139273
22,0.34127979924717694,0.19689949559703035,0.1605299941032842,0.10286406478880723,0.3877038895859473,0.07758467644453049,0.08641298860311508,0.0,0.08425636496394873,0.8078685119980946,"[0.6273525357246399, 0.7340025305747986, 0.7239648699760437, 0.721455454826355]",0.6393,0.3124215809284818,0.2835633626097867,0.2848180677540778,0.27603513174404015,0.2572145545796738,0.2572145545796738,0.3136762860727729
23,0.34127979924717694,0.17779996030724543,0.14534170370755806,0.08538487066705581,0.410288582183187,0.07687419652938843,0.08368248492479324,0.0,0.08174309600144625,0.7439739770488814,"[0.6273525357246399, 0.7340025305747986, 0.7239648699760437, 0.721455454826355]",0.6952,0.3124215809284818,0.2848180677540778,0.2848180677540778,0.35508155583437895,0.32747804265997493,0.32747804265997493,0.31493099121706397
24,0.2998745294855709,0.18987097350065674,0.16344841378568817,0.0635233591381055,0.410288582183187,0.07706153392791748,0.08115401305258274,0.0,0.07945803366601467,0.7794425929896533,"[0.6273525357246399, 0.7340025305747986, 0.7239648699760437, 0.721455454826355]",0.6965,0.2961104140526976,0.29109159347553326,0.29234629861982436,0.3299874529485571,0.3212045169385194,0.3212045169385194,0.2973651191969887
25,0.2823086574654956,0.14906055526727413,0.15820036384405153,0.0640696700735464,0.3889585947302384,0.0782918781042099,0.07881888840347528,0.0,0.07730434276163578,0.7148362280568108,"[0.6273525357246399, 0.7340025305747986, 0.7239648699760437, 0.721455454826355]",0.6905,0.2848180677540778,0.2810539523212045,0.2973651191969887,0.2823086574654956,0.2697616060225847,0.2697616060225847,0.29234629861982436
26,0.3136762860727729,0.202536392271924,0.168232434853423,0.06540051408041159,0.4215809284818068,0.07797607034444809,0.07664659898728132,0.0,0.07529429718852043,0.7517710059182718,"[0.6273525357246399, 0.7340025305747986, 0.7239648699760437, 0.721455454826355]",0.6705,0.2986198243412798,0.2835633626097867,0.2973651191969887,0.35382685069008785,0.3475533249686324,0.3475533249686324,0.2998745294855709
27,0.32622333751568383,0.18903232774547085,0.16428700449406308,0.08737351409691028,0.411543287327478,0.07621253281831741,0.07463200390338898,0.0,0.07341501489281654,1.2749072790611535,"[0.6273525357246399, 0.7340025305747986, 0.7239648699760437, 0.721455454826355]",0.945,0.29109159347553326,0.2998745294855709,0.30363864491844417,0.3212045169385194,0.30489335006273527,0.30489335006273527,0.30238393977415307
28,0.2961104140526976,0.17220177439421758,0.1497159960610294,0.07230851766767434,0.3889585947302384,0.0766393393278122,0.07276520878076553,0.0,0.07165241613984108,1.0281611148966476,"[0.6273525357246399, 0.7340025305747986, 0.7239648699760437, 0.721455454826355]",1.2574,0.28858218318695106,0.30614805520702637,0.3174404015056462,0.34002509410288584,0.33751568381430364,0.33751568381430364,0.2986198243412798
29,0.2998745294855709,0.1666772848046949,0.13976154251976058,0.036758720772983214,0.36888331242158096,0.07715383172035217,0.07102958485484123,0.0,0.07001705095171928,0.9784324419451877,"[0.6273525357246399, 0.7340025305747986, 0.7239648699760437, 0.721455454826355]",0.918,0.30489335006273527,0.2835633626097867,0.33751568381430364,0.3099121706398996,0.28732747804265996,0.28732747804265996,0.3074027603513174
30,0.30614805520702637,0.17043078249314392,0.14289174173510752,0.057491792488329196,0.3889585947302384,0.07671248912811279,0.06943129282444715,0.0,0.06852886825799942,0.8854599019978195,"[0.6273525357246399, 0.7340025305747986, 0.7239648699760437, 0.721455454826355]",0.8246,0.30112923462986196,0.27352572145545795,0.33626097867001253,0.2810539523212045,0.3224592220828105,0.3224592220828105,0.30112923462986196
31,0.30112923462986196,0.1637534637257726,0.1585933853554528,0.0646061549552112,0.3713927227101631,0.07423549890518188,0.06795793306082487,0.0,0.06714124884456396,0.8763241650303826,"[0.6273525357246399, 0.7340025305747986, 0.7239648699760437, 0.721455454826355]",0.7347,0.28732747804265996,0.28983688833124216,0.33500627352572143,0.30363864491844417,0.2986198243412798,0.2986198243412798,0.29109159347553326
32,0.3086574654956085,0.17334389994597466,0.15006852946134897,0.08016647318912777,0.40401505646173147,0.07644999027252197,0.06660516653209925,0.0,0.0658767195418477,0.7520487549481913,"[0.6273525357246399, 0.7340025305747986, 0.7239648699760437, 0.721455454826355]",0.7945,0.2936010037641154,0.2823086574654956,0.30112923462986196,0.28983688833124216,0.2848180677540778,0.2848180677540778,0.2948557089084065
33,0.3086574654956085,0.15914265089677382,0.14495610499165743,0.07527051904730259,0.39146800501882056,0.07706587016582489,0.065362767316401,0.0,0.06470158789306879,0.7515671669971198,"[0.6273525357246399, 0.7340025305747986, 0.7239648699760437, 0.721455454826355]",0.6895,0.30489335006273527,0.2973651191969887,0.2672521957340025,0.34002509410288584,0.3074027603513174,0.3074027603513174,0.3074027603513174
34,0.3086574654956085,0.17138635943378777,0.15182413896789104,0.08605785523092298,0.4190715181932246,0.07674874365329742,0.06423143111169338,0.0,0.06363967899233103,0.7645154400961474,"[0.6273525357246399, 0.7340025305747986, 0.7239648699760437, 0.721455454826355]",0.7632,0.2835633626097867,0.28732747804265996,0.3437892095357591,0.29234629861982436,0.3174404015056462,0.3174404015056462,0.2961104140526976
35,0.328732747804266,0.1882365259771165,0.16249325414850466,0.09157141714256276,0.411543287327478,0.07642878592014313,0.06320157926529646,0.0,0.06266373209655285,0.7316782369744033,"[0.6273525357246399, 0.7340025305747986, 0.7239648699760437, 0.721455454826355]",0.8177,0.2848180677540778,0.2685069008782936,0.3186951066499373,0.29109159347553326,0.27603513174404015,0.27603513174404015,0.2860727728983689
36,0.3136762860727729,0.19252945414673273,0.16811654039336588,0.07971937622624185,0.4228356336260979,0.07650265097618103,0.0622648736461997,0.0,0.061775896698236465,0.7675861809402704,"[0.6273525357246399, 0.7340025305747986, 0.7239648699760437, 0.721455454826355]",0.709,0.2835633626097867,0.27478042659974905,0.3199498117942284,0.2998745294855709,0.2823086574654956,0.2823086574654956,0.28732747804265996
37,0.30238393977415307,0.17955383245295875,0.16689668765004476,0.07802119240089972,0.42534504391468003,0.07645680755376816,0.06140719726681709,0.0,0.06097153015434742,0.9665229740785435,"[0.6273525357246399, 0.7340025305747986, 0.7239648699760437, 0.721455454826355]",1.1524,0.30363864491844417,0.29109159347553326,0.30614805520702637,0.2936010037641154,0.28732747804265996,0.28732747804265996,0.30614805520702637
38,0.32747804265997493,0.15531968743079505,0.15615806790176853,0.09188736102383083,0.4090338770388959,0.07498185336589813,0.06063311919569969,0.0,0.060242339968681335,1.1693634680705145,"[0.6273525357246399, 0.7340025305747986, 0.7239648699760437, 0.721455454826355]",0.8659,0.30238393977415307,0.28983688833124216,0.3086574654956085,0.28732747804265996,0.2936010037641154,0.2936010037641154,0.30614805520702637
39,0.3186951066499373,0.19075703320025805,0.14095441177222037,0.07494356337163045,0.411543287327478,0.0765431821346283,0.05992653127759695,0.0,0.059581417590379715,0.8446014600340277,"[0.6273525357246399, 0.7340025305747986, 0.7239648699760437, 0.721455454826355]",0.7708,0.3124215809284818,0.2973651191969887,0.34002509410288584,0.2835633626097867,0.30614805520702637,0.30614805520702637,0.3136762860727729
40,0.30363864491844417,0.17440002687700407,0.15748327316172073,0.07077347622737155,0.424090338770389,0.07698933780193329,0.05928413337096572,0.0,0.058970880694687366,0.7865302440477535,"[0.6273525357246399, 0.7340025305747986, 0.7239648699760437, 0.721455454826355]",0.8184,0.2835633626097867,0.27478042659974905,0.27728983688833125,0.28858218318695106,0.26348808030112925,0.26348808030112925,0.2961104140526976
41,0.32622333751568383,0.198837535800528,0.1453865611665633,0.06873143053465,0.4090338770388959,0.0777842104434967,0.05870248004794121,0.0,0.05843445658683777,0.745182289974764,"[0.6273525357246399, 0.7340025305747986, 0.7239648699760437, 0.721455454826355]",0.7674,0.29234629861982436,0.27478042659974905,0.27854454203262236,0.30614805520702637,0.2848180677540778,0.2848180677540778,0.30112923462986196
42,0.32747804265997493,0.19592534313098076,0.15926868110581668,0.09200514910999956,0.410288582183187,0.07643111050128937,0.058176170103251934,0.0,0.05795719241723418,1.1516300089424476,"[0.6273525357246399, 0.7340025305747986, 0.7239648699760437, 0.721455454826355]",0.9987,0.28732747804265996,0.2810539523212045,0.2948557089084065,0.3337515683814304,0.32622333751568383,0.32622333751568383,0.2936010037641154
43,0.2948557089084065,0.18877028010910246,0.1524983738988661,0.07194328340004008,0.40401505646173147,0.07688023895025253,0.057699100114405155,0.0,0.05751064699143171,1.1473684560041875,"[0.6273525357246399, 0.7340025305747986, 0.7239648699760437, 0.721455454826355]",0.9885,0.2961104140526976,0.2835633626097867,0.2986198243412798,0.2848180677540778,0.2710163111668758,0.2710163111668758,0.30363864491844417
44,0.3099121706398996,0.1784136551830131,0.1682945715511204,0.09554526010834204,0.42659974905897113,0.0775769054889679,0.057263086549937725,0.0,0.057110521011054516,0.7309396219206974,"[0.6273525357246399, 0.7340025305747986, 0.7239648699760437, 0.721455454826355]",0.7431,0.3074027603513174,0.30238393977415307,0.2810539523212045,0.35508155583437895,0.3324968632371393,0.3324968632371393,0.3086574654956085
45,0.30112923462986196,0.17541259182896363,0.1633622645530782,0.09657461437432242,0.43036386449184444,0.0765175074338913,0.056871986016631126,0.0,0.056749469600617886,0.6993361080531031,"[0.6273525357246399, 0.7340025305747986, 0.7239648699760437, 0.721455454826355]",0.9264,0.3111668757841907,0.2998745294855709,0.27854454203262236,0.26348808030112925,0.24843161856963614,0.24843161856963614,0.3111668757841907
46,0.3174404015056462,0.17206980638828895,0.14133701785836347,0.07087858525435942,0.3851944792973651,0.07750833034515381,0.05652104364708066,0.0,0.056421682238578796,0.8387062180554494,"[0.6273525357246399, 0.7340025305747986, 0.7239648699760437, 0.721455454826355]",0.9314,0.3086574654956085,0.2948557089084065,0.33626097867001253,0.3074027603513174,0.3086574654956085,0.3086574654956085,0.3111668757841907
47,0.31493099121706397,0.14888898016182683,0.14417548069436864,0.08943131204175525,0.39397741530740277,0.07701586931943893,0.05620421655476093,0.0,0.0561260636895895,0.7376877359347418,"[0.6273525357246399, 0.7340025305747986, 0.7239648699760437, 0.721455454826355]",0.711,0.2998745294855709,0.27728983688833125,0.34127979924717694,0.32747804265997493,0.3099121706398996,0.3099121706398996,0.30614805520702637
48,0.3212045169385194,0.156651697348553,0.14528653259975113,0.09191149137151816,0.39648682559598497,0.07720965147018433,0.055922291707247496,0.0,0.0558622726239264,0.8172148180892691,"[0.6273525357246399, 0.7340025305747986, 0.7239648699760437, 0.721455454826355]",0.7308,0.30112923462986196,0.2860727728983689,0.34127979924717694,0.3099121706398996,0.30112923462986196,0.30112923462986196,0.30238393977415307
49,0.2973651191969887,0.1411142114885019,0.14558701787104292,0.06569688109368454,0.3713927227101631,0.07748701423406601,0.05567022459581494,0.0,0.05562641937285662,0.9257075539790094,"[0.6273525357246399, 0.7340025305747986, 0.7239648699760437, 0.721455454826355]",0.7264,0.30489335006273527,0.29234629861982436,0.31493099121706397,0.342534504391468,0.32496863237139273,0.32496863237139273,0.30363864491844417
50,0.3224592220828105,0.1548930705473225,0.1328620690351007,0.0839150211768786,0.3751568381430364,0.08050820231437683,0.055445135571062565,0.0,0.05541649600490928,0.7326846229843795,"[0.6273525357246399, 0.7340025305747986, 0.7239648699760437, 0.721455454826355]",0.7447,0.2973651191969887,0.2659974905897114,0.2948557089084065,0.3462986198243413,0.3337515683814304,0.3337515683814304,0.30614805520702637
51,0.3186951066499373,0.17069053071314277,0.14903517469330324,0.09304867398201641,0.4228356336260979,0.08009558171033859,0.05524188047274947,0.0,0.05522883450612426,0.727299424004741,"[0.6273525357246399, 0.7340025305747986, 0.7239648699760437, 0.721455454826355]",0.9422,0.29109159347553326,0.2823086574654956,0.3111668757841907,0.33751568381430364,0.3437892095357591,0.3437892095357591,0.2973651191969887
52,0.3212045169385194,0.1678063618343978,0.16308154871702485,0.09860664573651079,0.40401505646173147,0.08195681124925613,0.055060234386473894,0.0,0.055058343801647425,0.7329014039132744,"[0.6273525357246399, 0.7340025305747986, 0.7239648699760437, 0.721455454826355]",0.7728,0.29109159347553326,0.27352572145545795,0.3312421580928482,0.2572145545796738,0.2948557089084065,0.2948557089084065,0.2961104140526976
53,0.2948557089084065,0.1794282741235783,0.16093195477269667,0.06927664291640671,0.40401505646173147,0.08102186024188995,0.0548986466601491,0.0,0.05490858992561698,0.7679657189873978,"[0.6273525357246399, 0.7340025305747986, 0.7239648699760437, 0.721455454826355]",0.7333,0.27478042659974905,0.2948557089084065,0.32622333751568383,0.28983688833124216,0.27352572145545795,0.27352572145545795,0.2848180677540778
54,0.3124215809284818,0.18074865507694393,0.16178027103009932,0.08074213112782287,0.383939774153074,0.07994767278432846,0.054753586649894714,0.0,0.05477614374831319,0.705868139048107,"[0.6273525357246399, 0.7340025305747986, 0.7239648699760437, 0.721455454826355]",0.8433,0.28732747804265996,0.27854454203262236,0.3086574654956085,0.3161856963613551,0.31493099121706397,0.31493099121706397,0.2986198243412798
55,0.26223337515683814,0.14820092625578918,0.14939689302479853,0.04932635548866601,0.38017565872020076,0.07963816076517105,0.054624383337795734,0.0,0.05465549463406205,0.8720903999637812,"[0.6273525357246399, 0.7340025305747986, 0.7239648699760437, 0.721455454826355]",0.7105,0.2848180677540778,0.2961104140526976,0.3174404015056462,0.2810539523212045,0.2685069008782936,0.2685069008782936,0.29109159347553326
56,0.33626097867001253,0.18469966700572005,0.14609613904344412,0.07493527030035309,0.40526976160602257,0.08062128722667694,0.0545093072578311,0.0,0.054546888917684555,0.7314124159747735,"[0.6273525357246399, 0.7340025305747986, 0.7239648699760437, 0.721455454826355]",0.7276,0.2835633626097867,0.29109159347553326,0.3074027603513174,0.2697616060225847,0.2860727728983689,0.2860727728983689,0.2860727728983689
57,0.3124215809284818,0.16226915965290512,0.1498060872993419,0.06461513735825623,0.3864491844416562,0.08108849823474884,0.05440634302794933,0.0,0.05444947024807334,0.7473872719565406,"[0.6273525357246399, 0.7340025305747986, 0.7239648699760437, 0.721455454826355]",1.0054,0.2797992471769134,0.2961104140526976,0.3136762860727729,0.3324968632371393,0.3136762860727729,0.3136762860727729,0.28858218318695106
58,0.3086574654956085,0.16275926233086802,0.14779386599990688,0.09140833152899683,0.41656210790464243,0.07994620501995087,0.05431273393332958,0.0,0.054362330585718155,0.8194831709843129,"[0.6273525357246399, 0.7340025305747986, 0.7239648699760437, 0.721455454826355]",0.7495,0.28858218318695106,0.2961104140526976,0.3174404015056462,0.2998745294855709,0.2848180677540778,0.2848180677540778,0.2936010037641154
59,0.2961104140526976,0.16429540688350674,0.14447316795722873,0.03992298764283082,0.3575909661229611,0.0797787457704544,0.05423206789419055,0.0,0.05428352439776063,0.7952246500644833,"[0.6273525357246399, 0.7340025305747986, 0.7239648699760437, 0.721455454826355]",0.7681,0.29109159347553326,0.3212045169385194,0.3462986198243413,0.3212045169385194,0.2961104140526976,0.2961104140526976,0.2973651191969887
60,0.2860727728983689,0.1551053107155166,0.16008328224686794,0.05282431944258925,0.3877038895859473,0.0803234875202179,0.0541592831723392,0.0,0.05421121045947075,0.9622262299526483,"[0.6273525357246399, 0.7340025305747986, 0.7239648699760437, 0.721455454826355]",0.7561,0.28858218318695106,0.29234629861982436,0.2948557089084065,0.2961104140526976,0.2860727728983689,0.2860727728983689,0.2936010037641154
61,0.32747804265997493,0.17190150250740976,0.16532854270280373,0.08811781234296166,0.40526976160602257,0.08196280896663666,0.05409393738955259,0.0,0.05414584232494235,0.6754298770101741,"[0.6273525357246399, 0.7340025305747986, 0.7239648699760437, 0.721455454826355]",0.7207,0.3136762860727729,0.2584692597239649,0.26474278544542035,0.2961104140526976,0.2998745294855709,0.2998745294855709,0.31493099121706397
62,0.2961104140526976,0.178315785991653,0.1530083297030167,0.06334397874598327,0.37892095357590966,0.08215829730033875,0.05403360817581415,0.0,0.05408503720536828,0.7471424059476703,"[0.6273525357246399, 0.7340025305747986, 0.7239648699760437, 0.721455454826355]",0.7124,0.30363864491844417,0.2521957340025094,0.2584692597239649,0.30489335006273527,0.27352572145545795,0.27352572145545795,0.3086574654956085
63,0.2948557089084065,0.18245369390153976,0.1598067109838554,0.07897986264304344,0.3889585947302384,0.08254989981651306,0.053980845026671886,0.0,0.0540314712561667,0.7431893390603364,"[0.6273525357246399, 0.7340025305747986, 0.7239648699760437, 0.721455454826355]",0.8271,0.30489335006273527,0.3086574654956085,0.3337515683814304,0.342534504391468,0.3124215809284818,0.3124215809284818,0.30363864491844417
64,0.33500627352572143,0.1661995073113729,0.1376099360310233,0.09864956896352899,0.397741530740276,0.08295466005802155,0.05393283674493432,0.0,0.05398138100281358,0.8559080970007926,"[0.6273525357246399, 0.7340025305747986, 0.7239648699760437, 0.721455454826355]",0.8254,0.30112923462986196,0.29109159347553326,0.3237139272271016,0.3613550815558344,0.3437892095357591,0.3437892095357591,0.30363864491844417
65,0.3161856963613551,0.193462134786605,0.15022916982260937,0.081447356937048,0.3889585947302384,0.08494846522808075,0.053888853173702955,0.0,0.05393604515120387,0.8969030119478703,"[0.6273525357246399, 0.7340025305747986, 0.7239648699760437, 0.721455454826355]",0.7112,0.2961104140526976,0.2848180677540778,0.2710163111668758,0.2659974905897114,0.2697616060225847,0.2697616060225847,0.2961104140526976
66,0.27728983688833125,0.1413276471578475,0.14316227374043825,0.06596434727002307,0.37892095357590966,0.08435812592506409,0.05384707963094115,0.0,0.05389333050698042,0.7728660069406033,"[0.6273525357246399, 0.7340025305747986, 0.7239648699760437, 0.721455454826355]",0.8952,0.3111668757841907,0.2948557089084065,0.2823086574654956,0.36637390213299875,0.32747804265997493,0.32747804265997493,0.3124215809284818
67,0.2986198243412798,0.17474039469638325,0.15680230051544836,0.06700375963414233,0.383939774153074,0.0830904170870781,0.05380732752382755,0.0,0.05385310901328921,0.7878490289440379,"[0.6273525357246399, 0.7340025305747986, 0.7239648699760437, 0.721455454826355]",0.9285,0.29109159347553326,0.25972396486825594,0.2810539523212045,0.31493099121706397,0.2948557089084065,0.2948557089084065,0.29234629861982436
68,0.30238393977415307,0.190901355886402,0.1550405146611809,0.0679704471070602,0.3877038895859473,0.08181890845298767,0.053770484402775764,0.0,0.05381455598399043,0.7390594050521031,"[0.6273525357246399, 0.7340025305747986, 0.7239648699760437, 0.721455454826355]",0.7026,0.3074027603513174,0.27728983688833125,0.2961104140526976,0.35257214554579674,0.3136762860727729,0.3136762860727729,0.3136762860727729
69,0.2948557089084065,0.1759364024557395,0.1572832191345776,0.08035327217356199,0.39272271016311167,0.0827021598815918,0.05373546481132507,0.0,0.05377814546227455,0.7909513700287789,"[0.6273525357246399, 0.7340025305747986, 0.7239648699760437, 0.721455454826355]",1.1882,0.29109159347553326,0.3074027603513174,0.3136762860727729,0.3161856963613551,0.29234629861982436,0.29234629861982436,0.2797992471769134
70,0.2936010037641154,0.1783309558558278,0.16647097408245984,0.0735546775637585,0.38143036386449186,0.08377450704574585,0.05370310274884105,0.0,0.053739655297249556,1.098120870999992,"[0.6273525357246399, 0.7340025305747986, 0.7239648699760437, 0.721455454826355]",0.7202,0.30238393977415307,0.3111668757841907,0.3161856963613551,0.3237139272271016,0.3111668757841907,0.3111668757841907,0.2936010037641154
71,0.2697616060225847,0.15261092599088044,0.15719417821474058,0.044146237748020706,0.37766624843161856,0.08412546664476395,0.053672642447054386,0.0,0.05370508786290884,0.7247977890074253,"[0.6273525357246399, 0.7340025305747986, 0.7239648699760437, 0.721455454826355]",0.747,0.24717691342534504,0.25094102885821834,0.27603513174404015,0.2961104140526976,0.28983688833124216,0.28983688833124216,0.24466750313676286
72,0.2659974905897114,0.15024394866962765,0.15857330818677093,0.04367028236169443,0.383939774153074,0.08448609709739685,0.053644155617803335,0.0,0.053670665714889765,0.7467443469213322,"[0.6273525357246399, 0.7340025305747986, 0.7239648699760437, 0.721455454826355]",0.7158,0.26097867001254704,0.25972396486825594,0.2584692597239649,0.2722710163111669,0.2710163111668758,0.2710163111668758,0.26097867001254704
73,0.2710163111668758,0.14645601656003293,0.15574669805711833,0.05154021594541766,0.3726474278544542,0.08546318858861923,0.05361707415431738,0.0,0.05363597348332405,0.7420677669579163,"[0.6273525357246399, 0.7340025305747986, 0.7239648699760437, 0.721455454826355]",0.7754,0.2961104140526976,0.27728983688833125,0.3212045169385194,0.342534504391468,0.3212045169385194,0.3212045169385194,0.2936010037641154
74,0.2710163111668758,0.1561034639237634,0.15183660710411456,0.06152133808771816,0.37641154328732745,0.08348679542541504,0.05359075544402003,0.0,0.053604941349476576,0.8326258559245616,"[0.6273525357246399, 0.7340025305747986, 0.7239648699760437, 0.721455454826355]",0.7086,0.28732747804265996,0.2722710163111669,0.30614805520702637,0.342534504391468,0.3199498117942284,0.3199498117942284,0.2860727728983689
75,0.3074027603513174,0.16056440149209583,0.15881815372705432,0.09259804971566331,0.4027603513174404,0.08332569897174835,0.05356480507180095,0.0,0.053573240991681814,0.7189938970841467,"[0.6273525357246399, 0.7340025305747986, 0.7239648699760437, 0.721455454826355]",0.7445,0.2848180677540778,0.2659974905897114,0.27728983688833125,0.3199498117942284,0.2848180677540778,0.2848180677540778,0.2848180677540778
76,0.3086574654956085,0.15110493392819868,0.14442229200829676,0.10058587920481167,0.39523212045169387,0.08245798200368881,0.05353923514485359,0.0,0.05354271410033107,0.8088158229365945,"[0.6273525357246399, 0.7340025305747986, 0.7239648699760437, 0.721455454826355]",0.7264,0.2547051442910916,0.2584692597239649,0.3462986198243413,0.35006273525721454,0.34127979924717694,0.34127979924717694,0.26348808030112925
77,0.3099121706398996,0.14090121588886884,0.15107188596426305,0.09582865047010646,0.40401505646173147,0.0818946436047554,0.05351456580683589,0.0,0.05351342214271426,0.8619302969891578,"[0.6273525357246399, 0.7340025305747986, 0.7239648699760437, 0.721455454826355]",0.835,0.27352572145545795,0.2547051442910916,0.3099121706398996,0.3299874529485571,0.3074027603513174,0.3074027603513174,0.2722710163111669
78,0.29109159347553326,0.13522788595044188,0.15244875136660146,0.08968730043671135,0.40526976160602257,0.08361198008060455,0.05348863126710057,0.0,0.053485104348510504,0.8412119570421055,"[0.6273525357246399, 0.7340025305747986, 0.7239648699760437, 0.721455454826355]",0.9217,0.27478042659974905,0.26348808030112925,0.29109159347553326,0.36511919698870765,0.3212045169385194,0.3212045169385194,0.2810539523212045
79,0.29234629861982436,0.13268605916538667,0.1477872005578417,0.0911337461322585,0.39021329987452946,0.08350947499275208,0.05346348509192467,0.0,0.05345775466412306,0.7453480990370736,"[0.6273525357246399, 0.7340025305747986, 0.7239648699760437, 0.721455454826355]",0.7732,0.3111668757841907,0.30238393977415307,0.3086574654956085,0.35006273525721454,0.33500627352572143,0.33500627352572143,0.3099121706398996
80,0.2710163111668758,0.13113548302357647,0.16364193234094937,0.0876104980867237,0.411543287327478,0.08358091115951538,0.053438352420926094,0.0,0.05343144992366433,0.7651332309469581,"[0.6273525357246399, 0.7340025305747986, 0.7239648699760437, 0.721455454826355]",0.7219,0.2998745294855709,0.2986198243412798,0.3199498117942284,0.3751568381430364,0.36511919698870765,0.36511919698870765,0.2998745294855709
81,0.29109159347553326,0.15932507789645056,0.160574186495042,0.07846573510863884,0.4090338770388959,0.08385513722896576,0.053413258865475655,0.0,0.053405183367431164,0.7177880919771269,"[0.6273525357246399, 0.7340025305747986, 0.7239648699760437, 0.721455454826355]",0.8068,0.2973651191969887,0.2973651191969887,0.3199498117942284,0.3751568381430364,0.36511919698870765,0.36511919698870765,0.2973651191969887
82,0.2961104140526976,0.17867049241157862,0.16289486270571016,0.07575379300499124,0.411543287327478,0.0839015543460846,0.05338803306221962,0.0,0.05338145839050412,0.7477214349200949,"[0.6273525357246399, 0.7340025305747986, 0.7239648699760437, 0.721455454826355]",0.7466,0.2998745294855709,0.2961104140526976,0.27854454203262236,0.26097867001254704,0.2810539523212045,0.2810539523212045,0.30363864491844417
83,0.30489335006273527,0.1595451465292107,0.16521576165076568,0.07656132232088655,0.410288582183187,0.08384525030851364,0.05336132552474737,0.0,0.05335587728768587,0.7303336129989475,"[0.6273525357246399, 0.7340025305747986, 0.7239648699760437, 0.721455454826355]",0.7549,0.29234629861982436,0.2797992471769134,0.3136762860727729,0.35131744040150564,0.34002509410288584,0.34002509410288584,0.28858218318695106
84,0.28983688833124216,0.18524525616526932,0.15638134169791362,0.06977964136955754,0.41530740276035133,0.08355291932821274,0.053336106706410646,0.0,0.05332892155274749,0.8422036620322615,"[0.6273525357246399, 0.7340025305747986, 0.7239648699760437, 0.721455454826355]",0.8066,0.29109159347553326,0.2697616060225847,0.30363864491844417,0.3224592220828105,0.3174404015056462,0.3174404015056462,0.2860727728983689
85,0.3212045169385194,0.18349905979976489,0.16186062688780284,0.0832325822999705,0.4127979924717691,0.0844675600528717,0.05331070348620415,0.0,0.05330299260094762,0.8576050809351727,"[0.6273525357246399, 0.7340025305747986, 0.7239648699760437, 0.721455454826355]",0.7569,0.2835633626097867,0.2710163111668758,0.2961104140526976,0.3136762860727729,0.2936010037641154,0.2936010037641154,0.28732747804265996
86,0.3337515683814304,0.18202059990606545,0.16296347513420234,0.08621183705844535,0.40401505646173147,0.08519704639911652,0.05328608676791191,0.0,0.053275915794074535,0.8875903750304133,"[0.6273525357246399, 0.7340025305747986, 0.7239648699760437, 0.721455454826355]",0.8135,0.30489335006273527,0.28732747804265996,0.2998745294855709,0.3312421580928482,0.30238393977415307,0.30238393977415307,0.2998745294855709
87,0.33500627352572143,0.17808192523524502,0.15551460825508154,0.08761420685714441,0.3989962358845671,0.08586134761571884,0.05326138297095895,0.0,0.05324988439679146,0.8120354940183461,"[0.6273525357246399, 0.7340025305747986, 0.7239648699760437, 0.721455454826355]",1.0965,0.2936010037641154,0.27603513174404015,0.3299874529485571,0.35382685069008785,0.3450439146800502,0.3450439146800502,0.2936010037641154
88,0.3224592220828105,0.16990215422715726,0.15705402193400803,0.0780943610170431,0.39397741530740277,0.08603816479444504,0.05323790339753032,0.0,0.05322238802909851,0.9600941450335085,"[0.6273525357246399, 0.7340025305747986, 0.7239648699760437, 0.721455454826355]",0.8108,0.28732747804265996,0.2659974905897114,0.33626097867001253,0.3074027603513174,0.2823086574654956,0.2823086574654956,0.29109159347553326
89,0.2835633626097867,0.16814513549330523,0.15058761889310135,0.07138387413484298,0.3989962358845671,0.08560705184936523,0.053214821964502335,0.0,0.053196133114397526,0.8257049520034343,"[0.6273525357246399, 0.7340025305747986, 0.7239648699760437, 0.721455454826355]",0.7887,0.2860727728983689,0.26474278544542035,0.3124215809284818,0.3312421580928482,0.2961104140526976,0.2961104140526976,0.28732747804265996
90,0.2936010037641154,0.16534567458021854,0.1593098947222662,0.07197601657638227,0.4015056461731493,0.08545498549938202,0.053191580809652805,0.0,0.05316960113123059,0.8088711050804704,"[0.6273525357246399, 0.7340025305747986, 0.7239648699760437, 0.721455454826355]",0.7581,0.27478042659974905,0.2572145545796738,0.30614805520702637,0.342534504391468,0.3086574654956085,0.3086574654956085,0.2823086574654956
91,0.30238393977415307,0.1524941380774424,0.15518698612375628,0.07976704964793996,0.4127979924717691,0.08555489778518677,0.05316626746207476,0.0,0.053143907338380814,0.8007562500424683,"[0.6273525357246399, 0.7340025305747986, 0.7239648699760437, 0.721455454826355]",0.8786,0.27478042659974905,0.2572145545796738,0.2860727728983689,0.3099121706398996,0.2685069008782936,0.2685069008782936,0.2810539523212045
92,0.3199498117942284,0.17686940018369113,0.15266657992009344,0.09338402357882215,0.4015056461731493,0.08458130061626434,0.053142637480050325,0.0,0.0531206913292408,0.8200275939889252,"[0.6273525357246399, 0.7340025305747986, 0.7239648699760437, 0.721455454826355]",0.7999,0.2860727728983689,0.2685069008782936,0.2835633626097867,0.3074027603513174,0.27854454203262236,0.27854454203262236,0.28858218318695106
93,0.29234629861982436,0.1553618068734851,0.13531650423225566,0.06972456425838047,0.37892095357590966,0.08415929973125458,0.053119124844670296,0.0,0.05309478985145688,0.8150574159808457,"[0.6273525357246399, 0.7340025305747986, 0.7239648699760437, 0.721455454826355]",0.8316,0.29109159347553326,0.2797992471769134,0.28732747804265996,0.29234629861982436,0.2797992471769134,0.2797992471769134,0.2948557089084065
94,0.2948557089084065,0.15787276925043792,0.13958183352686332,0.06875627814954088,0.38017565872020076,0.08381380140781403,0.05309748183935881,0.0,0.053070072550326586,0.8386258770478889,"[0.6273525357246399, 0.7340025305747986, 0.7239648699760437, 0.721455454826355]",0.7896,0.2973651191969887,0.27728983688833125,0.2722710163111669,0.29234629861982436,0.2848180677540778,0.2848180677540778,0.2948557089084065
95,0.28983688833124216,0.1508444457830418,0.1494946723759594,0.04466938328674356,0.3889585947302384,0.08441886305809021,0.053076904732733965,0.0,0.05304684489965439,0.8218162519624457,"[0.6273525357246399, 0.7340025305747986, 0.7239648699760437, 0.721455454826355]",0.8079,0.2973651191969887,0.27854454203262236,0.26348808030112925,0.29109159347553326,0.2722710163111669,0.2722710163111669,0.2961104140526976
96,0.3186951066499373,0.18015454591953672,0.15065856800208605,0.07448974412185284,0.4002509410288582,0.08467099815607071,0.05305547593161464,0.0,0.05302663380280137,0.8596187250223011,"[0.6273525357246399, 0.7340025305747986, 0.7239648699760437, 0.721455454826355]",0.9047,0.2559598494353827,0.2383939774153074,0.2534504391468005,0.2998745294855709,0.26348808030112925,0.26348808030112925,0.2659974905897114
97,0.2948557089084065,0.16668403074930982,0.15373454128745231,0.07456919835906443,0.397741530740276,0.08404086530208588,0.053034812211990356,0.0,0.05300554167479277,0.819946028990671,"[0.6273525357246399, 0.7340025305747986, 0.7239648699760437, 0.721455454826355]",0.7785,0.2559598494353827,0.2383939774153074,0.2572145545796738,0.29234629861982436,0.2672521957340025,0.2672521957340025,0.26474278544542035
98,0.3099121706398996,0.16529564548438935,0.15842799924513715,0.07612037421766515,0.41656210790464243,0.08308491855859756,0.05301332846283913,0.0,0.052985889837145805,0.7880134449806064,"[0.6273525357246399, 0.7340025305747986, 0.7239648699760437, 0.721455454826355]",0.8164,0.2722710163111669,0.2521957340025094,0.30489335006273527,0.3099121706398996,0.2823086574654956,0.2823086574654956,0.2797992471769134
99,0.36386449184441655,0.21110677261279553,0.167906759632678,0.0980202337150985,0.4127979924717691,0.08316360414028168,0.052992166485637426,0.0,0.05296527221798897,0.8518596360227093,"[0.6273525357246399, 0.7340025305747986, 0.7239648699760437, 0.721455454826355]",0.7926,0.27352572145545795,0.2547051442910916,0.2998745294855709,0.3199498117942284,0.2810539523212045,0.2810539523212045,0.27854454203262236
100,0.3199498117942284,0.19827098215859984,0.16600029265179223,0.07903361555990561,0.4027603513174404,0.083465576171875,0.05297177517786622,0.0,0.0529463947750628,0.8492486790055409,"[0.6273525357246399, 0.7340025305747986, 0.7239648699760437, 0.721455454826355]",0.7779,0.2835633626097867,0.26097867001254704,0.2860727728983689,0.30614805520702637,0.2697616060225847,0.2697616060225847,0.2848180677540778
101,0.3237139272271016,0.2021236682961619,0.16775506122530345,0.08129186484980654,0.40526976160602257,0.08306193351745605,0.05295196594670415,0.0,0.052927637472748756,0.8076799490954727,"[0.6273525357246399, 0.7340025305747986, 0.7239648699760437, 0.721455454826355]",0.8618,0.2559598494353827,0.24592220828105396,0.27603513174404015,0.2986198243412798,0.27854454203262236,0.27854454203262236,0.2697616060225847
102,0.35006273525721454,0.1950028663128296,0.16333915602154572,0.08815974243576687,0.4090338770388959,0.08314970135688782,0.052931282203644514,0.0,0.05290825618430972,0.7978738279780373,"[0.6273525357246399, 0.7340025305747986, 0.7239648699760437, 0.721455454826355]",0.7868,0.2659974905897114,0.24843161856963614,0.30614805520702637,0.3312421580928482,0.2948557089084065,0.2948557089084065,0.27352572145545795
103,0.35382685069008785,0.2023324374379335,0.15749802864746304,0.08595739408561492,0.4178168130489335,0.08362880349159241,0.05291231628507376,0.0,0.05288804043084383,0.9258853839710355,"[0.6273525357246399, 0.7340025305747986, 0.7239648699760437, 0.721455454826355]",0.7694,0.2672521957340025,0.24717691342534504,0.3074027603513174,0.33626097867001253,0.2961104140526976,0.2961104140526976,0.27478042659974905
104,0.30238393977415307,0.1278439955283336,0.12394451704134239,0.0653791946235039,0.38017565872020076,0.08426809310913086,0.05289460672065616,0.0,0.052867344580590725,0.803808502969332,"[0.6273525357246399, 0.7340025305747986, 0.7239648699760437, 0.721455454826355]",0.7811,0.27728983688833125,0.2672521957340025,0.30112923462986196,0.3588456712672522,0.32496863237139273,0.32496863237139273,0.27854454203262236
105,0.2848180677540778,0.13778639862741215,0.14339237888381773,0.07502941820121577,0.4027603513174404,0.08454160392284393,0.05287714349105954,0.0,0.05284683592617512,0.8295625209575519,"[0.6273525357246399, 0.7340025305747986, 0.7239648699760437, 0.721455454826355]",0.7731,0.27478042659974905,0.2672521957340025,0.30614805520702637,0.3575909661229611,0.3237139272271016,0.3237139272271016,0.2797992471769134
106,0.30363864491844417,0.18720691784144528,0.1600249607611218,0.07719743553588523,0.41405269761606023,0.08280128240585327,0.05285944091156125,0.0,0.05282696336507797,0.9044503170298412,"[0.6273525357246399, 0.7340025305747986, 0.7239648699760437, 0.721455454826355]",0.9352,0.27854454203262236,0.2672521957340025,0.28732747804265996,0.3299874529485571,0.30489335006273527,0.30489335006273527,0.28858218318695106
107,0.2722710163111669,0.11992719685027375,0.1355348451543339,0.0648186444839585,0.37892095357590966,0.08500225096940994,0.052842259872704744,0.0,0.052806724794209,0.9559471650281921,"[0.6273525357246399, 0.7340025305747986, 0.7239648699760437, 0.721455454826355]",0.9603,0.2860727728983689,0.2835633626097867,0.26348808030112925,0.27728983688833125,0.28732747804265996,0.28732747804265996,0.29234629861982436
108,0.3124215809284818,0.17134319296481448,0.14402730057133273,0.09422416871257787,0.39272271016311167,0.0859447717666626,0.052826321218162775,0.0,0.05278636096045375,0.8599996620323509,"[0.6273525357246399, 0.7340025305747986, 0.7239648699760437, 0.721455454826355]",0.8708,0.2710163111668758,0.26348808030112925,0.27854454203262236,0.27352572145545795,0.27352572145545795,0.27352572145545795,0.2797992471769134
109,0.30112923462986196,0.1705269491063055,0.1359075861037315,0.0672482877775026,0.3889585947302384,0.08460377156734467,0.05281038209795952,0.0,0.05276773264631629,0.9966573850251734,"[0.6273525357246399, 0.7340025305747986, 0.7239648699760437, 0.721455454826355]",0.8441,0.2986198243412798,0.2835633626097867,0.2848180677540778,0.30363864491844417,0.27603513174404015,0.27603513174404015,0.2973651191969887
110,0.28732747804265996,0.16348961143592056,0.14779752602046867,0.06644261573526154,0.3739021329987453,0.08422815799713135,0.0527951717376709,0.0,0.052747969049960375,0.8527930079726502,"[0.6273525357246399, 0.7340025305747986, 0.7239648699760437, 0.721455454826355]",0.8114,0.2986198243412798,0.2936010037641154,0.27478042659974905,0.30363864491844417,0.2848180677540778,0.2848180677540778,0.2998745294855709
111,0.25972396486825594,0.12661914331670387,0.14096945979811198,0.05229241449960516,0.397741530740276,0.08386237174272537,0.05278030736371875,0.0,0.052729648537933826,0.7947765629505739,"[0.6273525357246399, 0.7340025305747986, 0.7239648699760437, 0.721455454826355]",0.8244,0.30112923462986196,0.3124215809284818,0.3212045169385194,0.27854454203262236,0.2835633626097867,0.2835633626097867,0.2948557089084065
112,0.27854454203262236,0.14501730394306023,0.1318996057332288,0.05873509113571553,0.3739021329987453,0.08246301859617233,0.05276552401483059,0.0,0.052711992524564266,0.7824681580532342,"[0.6273525357246399, 0.7340025305747986, 0.7239648699760437, 0.721455454826355]",0.9154,0.30363864491844417,0.27854454203262236,0.3086574654956085,0.28858218318695106,0.27603513174404015,0.27603513174404015,0.30614805520702637
113,0.2659974905897114,0.13866489317482744,0.1359540391647882,0.0497133758458098,0.3726474278544542,0.08187592029571533,0.05275120213627815,0.0,0.052693624049425125,1.0291435300605372,"[0.6273525357246399, 0.7340025305747986, 0.7239648699760437, 0.721455454826355]",0.9358,0.28732747804265996,0.28732747804265996,0.2823086574654956,0.3199498117942284,0.2797992471769134,0.2797992471769134,0.2961104140526976
114,0.2685069008782936,0.14298546223168207,0.14018266125196344,0.051987224455300546,0.3739021329987453,0.08190350234508514,0.052737037651240826,0.0,0.052675940096378326,1.1155845739413053,"[0.6273525357246399, 0.7340025305747986, 0.7239648699760437, 0.721455454826355]",1.0304,0.3199498117942284,0.3136762860727729,0.3099121706398996,0.328732747804266,0.29109159347553326,0.29109159347553326,0.3237139272271016
115,0.2685069008782936,0.13704700404685366,0.13391435297048004,0.04177117465818913,0.36511919698870765,0.08202490210533142,0.05272288341075182,0.0,0.05265861330553889,0.8441725689917803,"[0.6273525357246399, 0.7340025305747986, 0.7239648699760437, 0.721455454826355]",0.8227,0.3212045169385194,0.31493099121706397,0.3099121706398996,0.328732747804266,0.28732747804265996,0.28732747804265996,0.32496863237139273
116,0.32496863237139273,0.17936479076755252,0.1444710718983284,0.0928849386978906,0.3989962358845671,0.08294115960597992,0.05270919343456626,0.0,0.05264154635369778,1.026878856937401,"[0.6273525357246399, 0.7340025305747986, 0.7239648699760437, 0.721455454826355]",1.2962,0.3186951066499373,0.2961104140526976,0.2860727728983689,0.34002509410288584,0.3099121706398996,0.3099121706398996,0.3212045169385194
117,0.3237139272271016,0.17788507542092957,0.14389178214804782,0.0926850169348359,0.4002509410288582,0.08291271328926086,0.052694923710078,0.0,0.05262653110548854,0.8495352200698107,"[0.6273525357246399, 0.7340025305747986, 0.7239648699760437, 0.721455454826355]",0.8087,0.2973651191969887,0.27854454203262236,0.29109159347553326,0.3186951066499373,0.29234629861982436,0.29234629861982436,0.30238393977415307
118,0.2973651191969887,0.13534708553539054,0.14906730507533464,0.08323260919758635,0.39397741530740277,0.08435171842575073,0.0526807913556695,0.0,0.05261090584099293,0.7948148190043867,"[0.6273525357246399, 0.7340025305747986, 0.7239648699760437, 0.721455454826355]",0.9606,0.3086574654956085,0.2835633626097867,0.29234629861982436,0.34127979924717694,0.3212045169385194,0.3212045169385194,0.31493099121706397
119,0.26223337515683814,0.12226806788321032,0.14550692671708151,0.06084935619635715,0.3851944792973651,0.08465716242790222,0.052666811272501945,0.0,0.052595858462154865,0.8248972319997847,"[0.6273525357246399, 0.7340025305747986, 0.7239648699760437, 0.721455454826355]",0.8118,0.3161856963613551,0.30238393977415307,0.28983688833124216,0.3601003764115433,0.328732747804266,0.328732747804266,0.3186951066499373
120,0.29109159347553326,0.1624211581635595,0.15385708481908,0.08157725074430615,0.39523212045169387,0.08459129929542542,0.05265359580516815,0.0,0.05258125578984618,0.7941644639940932,"[0.6273525357246399, 0.7340025305747986, 0.7239648699760437, 0.721455454826355]",0.8544,0.3212045169385194,0.3086574654956085,0.2860727728983689,0.32622333751568383,0.30363864491844417,0.30363864491844417,0.3212045169385194
121,0.2672521957340025,0.13738833907854253,0.144703437625293,0.05270730301429225,0.39021329987452946,0.08435733616352081,0.05264086136594415,0.0,0.052565707825124264,0.8066418160451576,"[0.6273525357246399, 0.7340025305747986, 0.7239648699760437, 0.721455454826355]",0.871,0.3212045169385194,0.30614805520702637,0.29234629861982436,0.32622333751568383,0.30489335006273527,0.30489335006273527,0.3224592220828105
122,0.30238393977415307,0.14981773531330345,0.13533755229193684,0.08099281190066049,0.383939774153074,0.08477380871772766,0.05262844217941165,0.0,0.05255094589665532,1.387980350991711,"[0.6273525357246399, 0.7340025305747986, 0.7239648699760437, 0.721455454826355]",1.2159,0.3086574654956085,0.3074027603513174,0.2797992471769134,0.2973651191969887,0.2810539523212045,0.2810539523212045,0.31493099121706397
123,0.32622333751568383,0.1671988558419195,0.13435397893696013,0.08714376539266643,0.3851944792973651,0.08428633213043213,0.05261627957224846,0.0,0.05253681866452098,1.2984551840927452,"[0.6273525357246399, 0.7340025305747986, 0.7239648699760437, 0.721455454826355]",0.8552,0.31493099121706397,0.30614805520702637,0.2961104140526976,0.32622333751568383,0.2986198243412798,0.2986198243412798,0.3186951066499373
124,0.3086574654956085,0.15008796257768087,0.14015609924441794,0.07722995581481687,0.3864491844416562,0.08490891009569168,0.05260448157787323,0.0,0.05252246931195259,0.816522057983093,"[0.6273525357246399, 0.7340025305747986, 0.7239648699760437, 0.721455454826355]",0.8434,0.30489335006273527,0.2848180677540778,0.27603513174404015,0.3224592220828105,0.29234629861982436,0.29234629861982436,0.30489335006273527
125,0.3074027603513174,0.14459539072662275,0.13443676048416284,0.08291050650177367,0.383939774153074,0.08543460816144943,0.052592466585338116,0.0,0.05250973580405116,0.8551680479431525,"[0.6273525357246399, 0.7340025305747986, 0.7239648699760437, 0.721455454826355]",0.7823,0.3186951066499373,0.28858218318695106,0.2973651191969887,0.328732747804266,0.30614805520702637,0.30614805520702637,0.3186951066499373
126,0.30614805520702637,0.14322898948526608,0.1329754989269126,0.08125068424864984,0.383939774153074,0.08550828695297241,0.052580136340111494,0.0,0.05249688494950533,0.8154289509402588,"[0.6273525357246399, 0.7340025305747986, 0.7239648699760437, 0.721455454826355]",0.7633,0.2998745294855709,0.2961104140526976,0.30363864491844417,0.3237139272271016,0.2998745294855709,0.2998745294855709,0.30238393977415307
127,0.2948557089084065,0.15956506646902646,0.15156746841968138,0.07934919968440424,0.3989962358845671,0.0847616046667099,0.05256844637915492,0.0,0.05248447461053729,0.8502962860511616,"[0.6273525357246399, 0.7340025305747986, 0.7239648699760437, 0.721455454826355]",0.7816,0.2948557089084065,0.2948557089084065,0.30112923462986196,0.33877038895859474,0.2936010037641154,0.2936010037641154,0.2998745294855709
128,0.2848180677540778,0.14972664504283273,0.1554646769951233,0.08108148408190538,0.40401505646173147,0.08379258215427399,0.052556609734892845,0.0,0.05247286055237055,0.7832704279571772,"[0.6273525357246399, 0.7340025305747986, 0.7239648699760437, 0.721455454826355]",0.9273,0.2998745294855709,0.30614805520702637,0.30614805520702637,0.33500627352572143,0.32496863237139273,0.32496863237139273,0.2986198243412798
129,0.2998745294855709,0.1662695414656825,0.16057959902199462,0.08617745264288978,0.4077791718946048,0.08409512042999268,0.052544977981597185,0.0,0.05246092798188329,0.8042947510257363,"[0.6273525357246399, 0.7340025305747986, 0.7239648699760437, 0.721455454826355]",0.8133,0.30238393977415307,0.2521957340025094,0.27603513174404015,0.3337515683814304,0.30238393977415307,0.30238393977415307,0.30238393977415307
130,0.2961104140526976,0.1546987960918358,0.16058008149562483,0.09032222355578408,0.397741530740276,0.08369423449039459,0.052533792331814766,0.0,0.052447446156293154,0.8249144529690966,"[0.6273525357246399, 0.7340025305747986, 0.7239648699760437, 0.721455454826355]",0.8963,0.28858218318695106,0.28858218318695106,0.2998745294855709,0.3312421580928482,0.30489335006273527,0.30489335006273527,0.28858218318695106
131,0.29234629861982436,0.14994544240817398,0.1601951746823546,0.08864376463469248,0.39648682559598497,0.0836186408996582,0.052522916812449694,0.0,0.052435265854001045,0.8961199669865891,"[0.6273525357246399, 0.7340025305747986, 0.7239648699760437, 0.721455454826355]",0.9203,0.2672521957340025,0.29234629861982436,0.2998745294855709,0.3186951066499373,0.2948557089084065,0.2948557089084065,0.27352572145545795
132,0.30489335006273527,0.15993531202435307,0.15782324809307757,0.09072812839685092,0.4077791718946048,0.08407694846391678,0.052512308582663536,0.0,0.05242441548034549,0.8054576700087637,"[0.6273525357246399, 0.7340025305747986, 0.7239648699760437, 0.721455454826355]",0.8278,0.2672521957340025,0.2810539523212045,0.28858218318695106,0.3237139272271016,0.29234629861982436,0.29234629861982436,0.2685069008782936
133,0.2860727728983689,0.12766489503925083,0.12966309107167673,0.06573896094772352,0.3851944792973651,0.08367963880300522,0.052501875907182693,0.0,0.05241537233814597,0.8325239820405841,"[0.6273525357246399, 0.7340025305747986, 0.7239648699760437, 0.721455454826355]",0.8066,0.27728983688833125,0.27854454203262236,0.32496863237139273,0.3601003764115433,0.328732747804266,0.328732747804266,0.27728983688833125
134,0.2860727728983689,0.1384274871522071,0.13778147460664233,0.06662311725736524,0.383939774153074,0.08415304124355316,0.052491795271635056,0.0,0.05240517342463136,0.8039293169276789,"[0.6273525357246399, 0.7340025305747986, 0.7239648699760437, 0.721455454826355]",0.8086,0.27352572145545795,0.2797992471769134,0.3212045169385194,0.35633626097867,0.32622333751568383,0.32622333751568383,0.2710163111668758
135,0.2998745294855709,0.1573903553645727,0.1583925058071073,0.08504832944485896,0.39146800501882056,0.08391120284795761,0.05248181102797389,0.0,0.05239514447748661,0.8006341520231217,"[0.6273525357246399, 0.7340025305747986, 0.7239648699760437, 0.721455454826355]",0.8063,0.26223337515683814,0.2973651191969887,0.3124215809284818,0.3462986198243413,0.30614805520702637,0.30614805520702637,0.2584692597239649
136,0.2797992471769134,0.131379682231066,0.16082086171379892,0.08364078517123907,0.39021329987452946,0.0841749906539917,0.052472000010311604,0.0,0.05238463589921594,0.7891829360742122,"[0.6273525357246399, 0.7340025305747986, 0.7239648699760437, 0.721455454826355]",0.8313,0.2710163111668758,0.2986198243412798,0.2973651191969887,0.34002509410288584,0.3074027603513174,0.3074027603513174,0.26348808030112925
137,0.27728983688833125,0.1251105351425521,0.15557954365656684,0.08039405150318964,0.39021329987452946,0.08409716188907623,0.05246228585019708,0.0,0.052374803461134434,0.8047916799550876,"[0.6273525357246399, 0.7340025305747986, 0.7239648699760437, 0.721455454826355]",0.8243,0.2697616060225847,0.2961104140526976,0.2973651191969887,0.342534504391468,0.30363864491844417,0.30363864491844417,0.26474278544542035
138,0.2973651191969887,0.16654684252493424,0.16976653541047604,0.08222015936987336,0.410288582183187,0.08405977487564087,0.05245270347222686,0.0,0.05236516613513231,0.8147857419680804,"[0.6273525357246399, 0.7340025305747986, 0.7239648699760437, 0.721455454826355]",0.8458,0.2672521957340025,0.2835633626097867,0.2948557089084065,0.3475533249686324,0.3099121706398996,0.3099121706398996,0.26348808030112925
139,0.35006273525721454,0.1955048385148117,0.17113624874251754,0.09135470884987833,0.4127979924717691,0.08422352373600006,0.052442798390984535,0.0,0.05235600285232067,0.8760551129234955,"[0.6273525357246399, 0.7340025305747986, 0.7239648699760437, 0.721455454826355]",0.9466,0.2685069008782936,0.2672521957340025,0.27854454203262236,0.2998745294855709,0.27854454203262236,0.27854454203262236,0.27603513174404015
140,0.3136762860727729,0.1941697504279064,0.17725585683933195,0.08921886818331864,0.41405269761606023,0.08394692093133926,0.05243335850536823,0.0,0.05234682001173496,0.7972176891053095,"[0.6273525357246399, 0.7340025305747986, 0.7239648699760437, 0.721455454826355]",0.757,0.2722710163111669,0.2672521957340025,0.2848180677540778,0.2998745294855709,0.27728983688833125,0.27728983688833125,0.2797992471769134
141,0.33751568381430364,0.2215717068352211,0.1723793733330201,0.09044425586385378,0.42659974905897113,0.08397026360034943,0.05242408625781536,0.0,0.05233791284263134,0.8963383650407195,"[0.6273525357246399, 0.7340025305747986, 0.7239648699760437, 0.721455454826355]",0.8974,0.2848180677540778,0.27352572145545795,0.29109159347553326,0.3462986198243413,0.328732747804266,0.328732747804266,0.28983688833124216
142,0.34127979924717694,0.22194743252414983,0.1649311001143871,0.08423722779045252,0.4127979924717691,0.08504556119441986,0.05241454532369971,0.0,0.052329846657812595,0.8301044410327449,"[0.6273525357246399, 0.7340025305747986, 0.7239648699760437, 0.721455454826355]",0.8961,0.27478042659974905,0.2810539523212045,0.3237139272271016,0.34880803011292344,0.3299874529485571,0.3299874529485571,0.27478042659974905
143,0.33877038895859474,0.21191123519820487,0.15606726455348552,0.08733027472726534,0.4215809284818068,0.08495467901229858,0.052404968068003654,0.0,0.052322087343782187,1.0969493560260162,"[0.6273525357246399, 0.7340025305747986, 0.7239648699760437, 0.721455454826355]",1.0989,0.2710163111668758,0.27854454203262236,0.28858218318695106,0.35633626097867,0.30614805520702637,0.30614805520702637,0.2659974905897114
144,0.33500627352572143,0.20555272398312607,0.1532366600947416,0.08379038714978576,0.41530740276035133,0.08438298106193542,0.05239577637985349,0.0,0.05231480859220028,1.067771245026961,"[0.6273525357246399, 0.7340025305747986, 0.7239648699760437, 0.721455454826355]",1.4411,0.2697616060225847,0.26474278544542035,0.2961104140526976,0.3588456712672522,0.3161856963613551,0.3161856963613551,0.26474278544542035
145,0.2961104140526976,0.14165346848273663,0.1551157671028635,0.07566408451795871,0.38017565872020076,0.0842578336596489,0.05238686595112085,0.0,0.05230767419561744,1.4806086210301146,"[0.6273525357246399, 0.7340025305747986, 0.7239648699760437, 0.721455454826355]",1.1158,0.2559598494353827,0.24968632371392724,0.26223337515683814,0.2961104140526976,0.2521957340025094,0.2521957340025094,0.2521957340025094
146,0.3161856963613551,0.16345844591796843,0.1721391738129033,0.09539827117239424,0.411543287327478,0.08446774631738663,0.052377765532583,0.0,0.05229965737089515,1.7240714420331642,"[0.6273525357246399, 0.7340025305747986, 0.7239648699760437, 0.721455454826355]",1.0946,0.2521957340025094,0.2823086574654956,0.26474278544542035,0.32747804265997493,0.2710163111668758,0.2710163111668758,0.2572145545796738
147,0.3111668757841907,0.16643869542025436,0.15666975326458732,0.08433402836281763,0.4090338770388959,0.08427146077156067,0.05236789071932435,0.0,0.05229368060827255,1.113888910971582,"[0.6273525357246399, 0.7340025305747986, 0.7239648699760437, 0.721455454826355]",1.101,0.2547051442910916,0.2710163111668758,0.26223337515683814,0.33751568381430364,0.27603513174404015,0.27603513174404015,0.27352572145545795
148,0.28732747804265996,0.15774197689584157,0.15735271416602042,0.08276653575104198,0.4215809284818068,0.08394205570220947,0.05235829297453165,0.0,0.05228790175169706,1.8210090899374336,"[0.6273525357246399, 0.7340025305747986, 0.7239648699760437, 0.721455454826355]",0.8961,0.2948557089084065,0.29234629861982436,0.34880803011292344,0.37766624843161856,0.3739021329987453,0.3739021329987453,0.2986198243412798
149,0.28983688833124216,0.18110839419172242,0.16193566360785058,0.08071163614050739,0.4178168130489335,0.08425180613994598,0.05234964611008763,0.0,0.05228136107325554,0.7839608839713037,"[0.6273525357246399, 0.7340025305747986, 0.7239648699760437, 0.721455454826355]",0.8928,0.27478042659974905,0.26348808030112925,0.2860727728983689,0.30363864491844417,0.26348808030112925,0.26348808030112925,0.2823086574654956
150,0.2986198243412798,0.18349741958185506,0.15209189806818543,0.07176521235928743,0.4065244667503137,0.08295564353466034,0.05234165349975228,0.0,0.05227467883378267,0.8199369290377945,"[0.6273525357246399, 0.7340025305747986, 0.7239648699760437, 0.721455454826355]",0.784,0.27728983688833125,0.2521957340025094,0.30489335006273527,0.32496863237139273,0.28983688833124216,0.28983688833124216,0.2860727728983689
151,0.2948557089084065,0.16543725137645449,0.15528718268458397,0.07020807655168322,0.38143036386449186,0.08439043909311295,0.05233313702046871,0.0,0.05226676259189844,0.8289909270824865,"[0.6273525357246399, 0.7340025305747986, 0.7239648699760437, 0.721455454826355]",0.7924,0.2659974905897114,0.27478042659974905,0.3111668757841907,0.2948557089084065,0.27478042659974905,0.27478042659974905,0.27854454203262236
152,0.28858218318695106,0.15961728004760745,0.15334608704056604,0.06411565376001309,0.383939774153074,0.08364259451627731,0.05232487479224801,0.0,0.05225986847653985,0.9277775940718129,"[0.6273525357246399, 0.7340025305747986, 0.7239648699760437, 0.721455454826355]",0.7263,0.2659974905897114,0.27478042659974905,0.3074027603513174,0.2948557089084065,0.26223337515683814,0.26223337515683814,0.27603513174404015
153,0.28732747804265996,0.15806623196438063,0.15463241547364054,0.06396440463751418,0.3851944792973651,0.08366541564464569,0.05231702560558915,0.0,0.05225377017632127,0.7751459459541366,"[0.6273525357246399, 0.7340025305747986, 0.7239648699760437, 0.721455454826355]",0.7309,0.2672521957340025,0.27603513174404015,0.3086574654956085,0.2860727728983689,0.26348808030112925,0.26348808030112925,0.27478042659974905
154,0.28732747804265996,0.17962211904736014,0.17092075128738288,0.08987837417587628,0.4178168130489335,0.08378526568412781,0.05230933427810669,0.0,0.05224764393642545,0.8691772629972547,"[0.6273525357246399, 0.7340025305747986, 0.7239648699760437, 0.721455454826355]",0.8981,0.2710163111668758,0.27728983688833125,0.3111668757841907,0.2973651191969887,0.26348808030112925,0.26348808030112925,0.27854454203262236
155,0.2810539523212045,0.14027293281349718,0.15169489203004527,0.09077187098597508,0.4065244667503137,0.08306455612182617,0.0523015852086246,0.0,0.05224169231951237,1.0597004430601373,"[0.6273525357246399, 0.7340025305747986, 0.7239648699760437, 0.721455454826355]",0.7645,0.2697616060225847,0.27854454203262236,0.3111668757841907,0.30112923462986196,0.2685069008782936,0.2685069008782936,0.27854454203262236
156,0.33751568381430364,0.18291645793771927,0.16555576323147986,0.1128121487793994,0.41530740276035133,0.08272069692611694,0.05229436466470361,0.0,0.05223592696711421,0.9962350910063833,"[0.6273525357246399, 0.7340025305747986, 0.7239648699760437, 0.721455454826355]",0.8371,0.27728983688833125,0.26097867001254704,0.31493099121706397,0.2722710163111669,0.27478042659974905,0.27478042659974905,0.2835633626097867
157,0.30112923462986196,0.15464959953688695,0.15661139934723975,0.07554739952341356,0.39648682559598497,0.08212357759475708,0.05228696437552571,0.0,0.05223082285374403,0.8993525030091405,"[0.6273525357246399, 0.7340025305747986, 0.7239648699760437, 0.721455454826355]",0.7519,0.27854454203262236,0.26474278544542035,0.3212045169385194,0.27352572145545795,0.27603513174404015,0.27603513174404015,0.2835633626097867
158,0.2986198243412798,0.16398705982578798,0.15146228587166255,0.0750393295230243,0.39397741530740277,0.08219271898269653,0.05227991845458746,0.0,0.05222564982250333,1.0233554169535637,"[0.6273525357246399, 0.7340025305747986, 0.7239648699760437, 0.721455454826355]",0.9802,0.2797992471769134,0.2659974905897114,0.32496863237139273,0.27603513174404015,0.2823086574654956,0.2823086574654956,0.2823086574654956
159,0.3074027603513174,0.15112480632569691,0.1491704756475058,0.08660603794839229,0.39523212045169387,0.08268308639526367,0.0522723076865077,0.0,0.052220593206584454,1.1693410550942644,"[0.6273525357246399, 0.7340025305747986, 0.7239648699760437, 0.721455454826355]",1.1521,0.26097867001254704,0.24968632371392724,0.26097867001254704,0.3111668757841907,0.28983688833124216,0.28983688833124216,0.2722710163111669
160,0.34002509410288584,0.20296363332167255,0.16190150806424047,0.11806796601929324,0.42534504391468003,0.08331522345542908,0.05226520588621497,0.0,0.052216464187949896,1.0688166910549626,"[0.6273525357246399, 0.7340025305747986, 0.7239648699760437, 0.721455454826355]",1.1734,0.27352572145545795,0.27478042659974905,0.2986198243412798,0.3613550815558344,0.3161856963613551,0.3161856963613551,0.28732747804265996
161,0.32622333751568383,0.19491012106756145,0.15293804090483892,0.09172212496662044,0.4190715181932246,0.08379535377025604,0.05225791176781058,0.0,0.05221243808045983,0.9697881550528109,"[0.6273525357246399, 0.7340025305747986, 0.7239648699760437, 0.721455454826355]",0.7668,0.2797992471769134,0.2697616060225847,0.30363864491844417,0.33751568381430364,0.30489335006273527,0.30489335006273527,0.2860727728983689
162,0.328732747804266,0.19824039531875204,0.15509343444706106,0.09392942310241872,0.4215809284818068,0.08363442867994308,0.05225076852366328,0.0,0.05220754770562053,0.7963490210240707,"[0.6273525357246399, 0.7340025305747986, 0.7239648699760437, 0.721455454826355]",0.8853,0.2860727728983689,0.27352572145545795,0.3124215809284818,0.34002509410288584,0.2961104140526976,0.2961104140526976,0.2860727728983689
163,0.32747804265997493,0.19661186524190477,0.15531574806259518,0.09400278285771393,0.4203262233375157,0.0835714042186737,0.05224395077675581,0.0,0.0522027681581676,0.9217817060416564,"[0.6273525357246399, 0.7340025305747986, 0.7239648699760437, 0.721455454826355]",0.9149,0.2835633626097867,0.27352572145545795,0.3136762860727729,0.33751568381430364,0.2948557089084065,0.2948557089084065,0.28732747804265996
164,0.30238393977415307,0.18638379127688687,0.16561771152111943,0.08050647259841094,0.40401505646173147,0.08263423293828964,0.05223757540807128,0.0,0.052198007237166166,0.911837594001554,"[0.6273525357246399, 0.7340025305747986, 0.7239648699760437, 0.721455454826355]",0.8326,0.2823086574654956,0.27728983688833125,0.3136762860727729,0.34002509410288584,0.28983688833124216,0.28983688833124216,0.28732747804265996
165,0.30112923462986196,0.1863411755218145,0.16647370736114717,0.07709962124661873,0.40401505646173147,0.08217726647853851,0.05223015556111932,0.0,0.05219459580257535,0.739166506100446,"[0.6273525357246399, 0.7340025305747986, 0.7239648699760437, 0.721455454826355]",0.7523,0.2659974905897114,0.2572145545796738,0.2998745294855709,0.328732747804266,0.3161856963613551,0.3161856963613551,0.27854454203262236
166,0.30363864491844417,0.18954201662196035,0.16402878427623407,0.07629972108820397,0.4002509410288582,0.08223684132099152,0.05222369823604822,0.0,0.05219046073034406,0.7468648720532656,"[0.6273525357246399, 0.7340025305747986, 0.7239648699760437, 0.721455454826355]",0.8126,0.2659974905897114,0.2559598494353827,0.2998745294855709,0.3324968632371393,0.3136762860727729,0.3136762860727729,0.27728983688833125
167,0.30489335006273527,0.16834051594237853,0.15838279307670716,0.08158812525764902,0.41405269761606023,0.08229374885559082,0.05221721110865474,0.0,0.05218767700716853,0.7540550989797339,"[0.6273525357246399, 0.7340025305747986, 0.7239648699760437, 0.721455454826355]",0.8457,0.2722710163111669,0.24717691342534504,0.27603513174404015,0.32622333751568383,0.2722710163111669,0.2722710163111669,0.2810539523212045
168,0.30238393977415307,0.1657639645847101,0.1572781378396334,0.08007785763910855,0.4127979924717691,0.08234712481498718,0.052210548892617226,0.0,0.05218450725078583,0.7675107129616663,"[0.6273525357246399, 0.7340025305747986, 0.7239648699760437, 0.721455454826355]",0.9904,0.2860727728983689,0.27352572145545795,0.27478042659974905,0.29234629861982436,0.26474278544542035,0.26474278544542035,0.28732747804265996
169,0.30238393977415307,0.16549217528860105,0.15720555233836192,0.08052488949429845,0.4127979924717691,0.08232934772968292,0.05220418330281973,0.0,0.052181283477693796,0.9186088090064004,"[0.6273525357246399, 0.7340025305747986, 0.7239648699760437, 0.721455454826355]",0.7388,0.29109159347553326,0.2810539523212045,0.2936010037641154,0.3111668757841907,0.2722710163111669,0.2722710163111669,0.29109159347553326
170,0.30238393977415307,0.16612816725158297,0.15844646178231417,0.0810688803538839,0.411543287327478,0.08230122178792953,0.05219778139144182,0.0,0.05217720288783312,0.7582280660280958,"[0.6273525357246399, 0.7340025305747986, 0.7239648699760437, 0.721455454826355]",0.7947,0.2961104140526976,0.28732747804265996,0.3237139272271016,0.3437892095357591,0.32747804265997493,0.32747804265997493,0.2948557089084065
171,0.2848180677540778,0.14697255906354567,0.15373770603025844,0.07114055884445257,0.40401505646173147,0.08195346593856812,0.052191677037626505,0.0,0.05217411182820797,0.8016125989379361,"[0.6273525357246399, 0.7340025305747986, 0.7239648699760437, 0.721455454826355]",0.6998,0.2986198243412798,0.28858218318695106,0.3237139272271016,0.3475533249686324,0.3337515683814304,0.3337515683814304,0.2961104140526976
172,0.2936010037641154,0.15842492216512238,0.16542832730114013,0.08415027427155046,0.4027603513174404,0.08238169550895691,0.05218585813418031,0.0,0.05217142030596733,0.9308284440776333,"[0.6273525357246399, 0.7340025305747986, 0.7239648699760437, 0.721455454826355]",0.7243,0.2986198243412798,0.29234629861982436,0.3161856963613551,0.3462986198243413,0.328732747804266,0.328732747804266,0.2973651191969887
173,0.29234629861982436,0.1581001683769695,0.1650763576643713,0.08402146374267644,0.4002509410288582,0.08241966366767883,0.05217999033629894,0.0,0.052168989554047585,0.844624473946169,"[0.6273525357246399, 0.7340025305747986, 0.7239648699760437, 0.721455454826355]",1.1246,0.2948557089084065,0.2936010037641154,0.3136762860727729,0.3450439146800502,0.32622333751568383,0.32622333751568383,0.2973651191969887
174,0.29109159347553326,0.15484564796324374,0.15660037799953777,0.076251013544348,0.4027603513174404,0.08207422494888306,0.0521744005382061,0.0,0.05216700490564108,0.9460761250229552,"[0.6273525357246399, 0.7340025305747986, 0.7239648699760437, 0.721455454826355]",0.8409,0.2948557089084065,0.29109159347553326,0.31493099121706397,0.3450439146800502,0.32747804265997493,0.32747804265997493,0.2961104140526976
175,0.3312421580928482,0.17747709894842012,0.14672338249621655,0.08010484407591396,0.397741530740276,0.08335444331169128,0.052168883848935366,0.0,0.05216349009424448,0.7533961479784921,"[0.6273525357246399, 0.7340025305747986, 0.7239648699760437, 0.721455454826355]",0.7702,0.30489335006273527,0.2973651191969887,0.3237139272271016,0.3475533249686324,0.3337515683814304,0.3337515683814304,0.30238393977415307
176,0.3136762860727729,0.1844022846366975,0.15408206580629483,0.07255350756931818,0.39648682559598497,0.08397667109966278,0.05216358881443739,0.0,0.05216015316545963,0.9615352120017633,"[0.6273525357246399, 0.7340025305747986, 0.7239648699760437, 0.721455454826355]",0.9522,0.30489335006273527,0.2998745294855709,0.3237139272271016,0.3450439146800502,0.33500627352572143,0.33500627352572143,0.30238393977415307
177,0.2998745294855709,0.1561240521893571,0.14931871617468814,0.07614471392009943,0.4027603513174404,0.08310801535844803,0.05215805070474744,0.0,0.05215660249814391,1.0317283819895238,"[0.6273525357246399, 0.7340025305747986, 0.7239648699760437, 0.721455454826355]",1.0723,0.30363864491844417,0.2986198243412798,0.3237139272271016,0.3450439146800502,0.3337515683814304,0.3337515683814304,0.2998745294855709
178,0.3124215809284818,0.19145611800598328,0.15265992430575803,0.07011922157406085,0.383939774153074,0.08435636758804321,0.05215243203565478,0.0,0.052153592463582754,0.7703393739648163,"[0.6273525357246399, 0.7340025305747986, 0.7239648699760437, 0.721455454826355]",0.7147,0.3074027603513174,0.2986198243412798,0.2936010037641154,0.2936010037641154,0.2835633626097867,0.2835633626097867,0.30112923462986196
179,0.3111668757841907,0.20220802071272947,0.16851876257463008,0.07643501679812367,0.4178168130489335,0.08441463112831116,0.0521469097584486,0.0,0.052151919808238745,0.7326723079895601,"[0.6273525357246399, 0.7340025305747986, 0.7239648699760437, 0.721455454826355]",0.7899,0.3124215809284818,0.30489335006273527,0.30614805520702637,0.30614805520702637,0.30363864491844417,0.30363864491844417,0.31493099121706397
180,0.3086574654956085,0.19970295044921904,0.16492039518692128,0.07714935374889317,0.41405269761606023,0.0845751166343689,0.052141203079372644,0.0,0.05214959755539894,0.7569544799625874,"[0.6273525357246399, 0.7340025305747986, 0.7239648699760437, 0.721455454826355]",0.7846,0.3161856963613551,0.3074027603513174,0.30238393977415307,0.2936010037641154,0.3111668757841907,0.3111668757841907,0.3174404015056462
181,0.31493099121706397,0.17452567123069385,0.1647999989144787,0.08181752830470852,0.40526976160602257,0.08459239453077316,0.05213571386411786,0.0,0.052147066220641136,0.868544458062388,"[0.6273525357246399, 0.7340025305747986, 0.7239648699760437, 0.721455454826355]",0.8788,0.3237139272271016,0.31493099121706397,0.30614805520702637,0.3086574654956085,0.3174404015056462,0.3174404015056462,0.3212045169385194
182,0.2572145545796738,0.115641183758465,0.15177155575837084,0.05897940008974143,0.3751568381430364,0.08594834059476852,0.052130313124507666,0.0,0.052144167479127645,0.9155600219964981,"[0.6273525357246399, 0.7340025305747986, 0.7239648699760437, 0.721455454826355]",0.7423,0.32747804265997493,0.328732747804266,0.3124215809284818,0.3161856963613551,0.3099121706398996,0.3099121706398996,0.32496863237139273
183,0.3111668757841907,0.16218193097981248,0.1553472762660866,0.07824704499752731,0.4077791718946048,0.08511906117200851,0.052125240210443735,0.0,0.052141275722533464,0.8283655970590189,"[0.6273525357246399, 0.7340025305747986, 0.7239648699760437, 0.721455454826355]",0.7608,0.328732747804266,0.3224592220828105,0.31493099121706397,0.2986198243412798,0.27728983688833125,0.27728983688833125,0.32747804265997493
184,0.3099121706398996,0.18213705991006957,0.16104504652173485,0.08636883830913326,0.39648682559598497,0.08591143786907196,0.0521202920936048,0.0,0.052138395607471466,0.796415462042205,"[0.6273525357246399, 0.7340025305747986, 0.7239648699760437, 0.721455454826355]",0.7577,0.3099121706398996,0.2948557089084065,0.29234629861982436,0.3111668757841907,0.2848180677540778,0.2848180677540778,0.3086574654956085
185,0.3186951066499373,0.1923427920908488,0.1648995124628919,0.09208786758775618,0.40526976160602257,0.08523485064506531,0.05211571650579572,0.0,0.052135702688246965,0.738735537044704,"[0.6273525357246399, 0.7340025305747986, 0.7239648699760437, 0.721455454826355]",0.9297,0.2986198243412798,0.29109159347553326,0.28983688833124216,0.3475533249686324,0.30489335006273527,0.30489335006273527,0.30238393977415307
186,0.3237139272271016,0.1972736870626267,0.16963030704546458,0.09489097891063832,0.4002509410288582,0.08533944934606552,0.05211082426831126,0.0,0.05213290732353926,0.9629136139992625,"[0.6273525357246399, 0.7340025305747986, 0.7239648699760437, 0.721455454826355]",0.9884,0.30112923462986196,0.2961104140526976,0.2860727728983689,0.3450439146800502,0.3099121706398996,0.3099121706398996,0.2998745294855709
187,0.2936010037641154,0.1704455117894792,0.15659694690110826,0.0708262827329522,0.39523212045169387,0.08577628433704376,0.052106039598584175,0.0,0.05212947400286794,1.0300418080296367,"[0.6273525357246399, 0.7340025305747986, 0.7239648699760437, 0.721455454826355]",1.287,0.2973651191969887,0.28983688833124216,0.2659974905897114,0.30112923462986196,0.2835633626097867,0.2835633626097867,0.2998745294855709
188,0.2848180677540778,0.16165797180613817,0.15695621675322236,0.06985259621011816,0.4002509410288582,0.08407812565565109,0.0521006747148931,0.0,0.05212737200781703,1.0527459100121632,"[0.6273525357246399, 0.7340025305747986, 0.7239648699760437, 0.721455454826355]",1.461,0.3074027603513174,0.2948557089084065,0.2797992471769134,0.3136762860727729,0.2860727728983689,0.2860727728983689,0.3086574654956085
189,0.2973651191969887,0.17630644530240724,0.16750439400265085,0.08162687497463607,0.3989962358845671,0.08311879634857178,0.05209548072889447,0.0,0.05212491750717163,1.0094816029304639,"[0.6273525357246399, 0.7340025305747986, 0.7239648699760437, 0.721455454826355]",0.9822,0.30238393977415307,0.30112923462986196,0.27854454203262236,0.3099121706398996,0.2810539523212045,0.2810539523212045,0.3074027603513174
190,0.2810539523212045,0.15903344670679864,0.1685127553118395,0.08001122192714871,0.39648682559598497,0.08256971836090088,0.05209023226052523,0.0,0.052123162895441055,0.950735819991678,"[0.6273525357246399, 0.7340025305747986, 0.7239648699760437, 0.721455454826355]",0.9863,0.3099121706398996,0.2948557089084065,0.28983688833124216,0.30112923462986196,0.2835633626097867,0.2835633626097867,0.30614805520702637
191,0.2948557089084065,0.17176125132441922,0.17863373935563853,0.08849164785421793,0.4002509410288582,0.08269007503986359,0.05208523431792855,0.0,0.05212075309827924,1.0556513329502195,"[0.6273525357246399, 0.7340025305747986, 0.7239648699760437, 0.721455454826355]",1.3579,0.30363864491844417,0.29109159347553326,0.2948557089084065,0.2998745294855709,0.27352572145545795,0.27352572145545795,0.30238393977415307
192,0.30112923462986196,0.1845716112062189,0.18713281004612078,0.09199263337216484,0.40526976160602257,0.08279034495353699,0.052079393062740564,0.0,0.05211979430168867,1.1774935749126598,"[0.6273525357246399, 0.7340025305747986, 0.7239648699760437, 0.721455454826355]",1.0264,0.30363864491844417,0.30238393977415307,0.2697616060225847,0.2973651191969887,0.27603513174404015,0.27603513174404015,0.2998745294855709
193,0.2986198243412798,0.18977109259774527,0.1852739158442261,0.08977411348327043,0.44165621079046424,0.0826835185289383,0.05207420000806451,0.0,0.05211787577718496,0.982866290025413,"[0.6273525357246399, 0.7340025305747986, 0.7239648699760437, 0.721455454826355]",1.0902,0.30363864491844417,0.30363864491844417,0.2659974905897114,0.30363864491844417,0.2810539523212045,0.2810539523212045,0.2986198243412798
194,0.2986198243412798,0.19339140132635446,0.1914900006207142,0.09847741416009098,0.44165621079046424,0.08255340903997421,0.05206897621974349,0.0,0.05211624316871166,0.7199700739001855,"[0.6273525357246399, 0.7340025305747986, 0.7239648699760437, 0.721455454826355]",0.7829,0.3074027603513174,0.3124215809284818,0.30363864491844417,0.3199498117942284,0.28858218318695106,0.28858218318695106,0.3124215809284818
195,0.3237139272271016,0.1702887493964269,0.16954177606188559,0.10174480971233202,0.397741530740276,0.08588939905166626,0.05206424556672573,0.0,0.05211358051747084,0.718031405005604,"[0.6273525357246399, 0.7340025305747986, 0.7239648699760437, 0.721455454826355]",1.039,0.2998745294855709,0.2848180677540778,0.2998745294855709,0.2697616060225847,0.3074027603513174,0.3074027603513174,0.2986198243412798
196,0.3299874529485571,0.1785709460567939,0.17365783470536358,0.0998687912848509,0.397741530740276,0.0866227000951767,0.05205975892022252,0.0,0.05211206944659352,0.8998253889149055,"[0.6273525357246399, 0.7340025305747986, 0.7239648699760437, 0.721455454826355]",0.911,0.3161856963613551,0.2848180677540778,0.2823086574654956,0.29109159347553326,0.2848180677540778,0.2848180677540778,0.3086574654956085
197,0.30489335006273527,0.17651622673602108,0.16506954134497606,0.08152945362228864,0.4203262233375157,0.08471860736608505,0.05205517401918769,0.0,0.05210962751880288,0.8715751389972866,"[0.6273525357246399, 0.7340025305747986, 0.7239648699760437, 0.721455454826355]",0.7674,0.2986198243412798,0.27728983688833125,0.2722710163111669,0.2998745294855709,0.27603513174404015,0.27603513174404015,0.2986198243412798
198,0.28732747804265996,0.1873055539099261,0.1845054443309369,0.0841439133399024,0.41405269761606023,0.08463287353515625,0.05205042753368616,0.0,0.052108343690633774,0.7949554600054398,"[0.6273525357246399, 0.7340025305747986, 0.7239648699760437, 0.721455454826355]",0.7852,0.30238393977415307,0.2835633626097867,0.2547051442910916,0.3224592220828105,0.2848180677540778,0.2848180677540778,0.30112923462986196
199,0.2848180677540778,0.1840191399591552,0.17689581904579052,0.08021156898302202,0.4077791718946048,0.08464530110359192,0.05204564006999135,0.0,0.05210738955065608,0.7944039179710671,"[0.6273525357246399, 0.7340025305747986, 0.7239648699760437, 0.721455454826355]",0.7994,0.30489335006273527,0.28858218318695106,0.26223337515683814,0.328732747804266,0.28983688833124216,0.28983688833124216,0.30363864491844417
200,0.2823086574654956,0.18087356189661652,0.17343171292154852,0.07919503711912261,0.4065244667503137,0.08455809950828552,0.05204052338376641,0.0,0.05210648803040385,0.7793040570104495,"[0.6273525357246399, 0.7340025305747986, 0.7239648699760437, 0.721455454826355]",0.8476,0.3174404015056462,0.30238393977415307,0.2697616060225847,0.34002509410288584,0.2998745294855709,0.2998745294855709,0.3186951066499373
201,0.27728983688833125,0.1315323496027242,0.1652162646850396,0.07973962092211435,0.39523212045169387,0.08376219123601913,0.05203561019152403,0.0,0.052105238661170006,0.9058519210666418,"[0.6273525357246399, 0.7340025305747986, 0.7239648699760437, 0.721455454826355]",1.0764,0.3237139272271016,0.3237139272271016,0.3111668757841907,0.29234629861982436,0.29109159347553326,0.29109159347553326,0.3186951066499373
202,0.2797992471769134,0.1310810631140894,0.16588439917646236,0.0814622445962123,0.39021329987452946,0.08351545035839081,0.05203025881201029,0.0,0.05210426729172468,0.926281068008393,"[0.6273525357246399, 0.7340025305747986, 0.7239648699760437, 0.721455454826355]",0.9897,0.3124215809284818,0.3161856963613551,0.28732747804265996,0.30363864491844417,0.29234629861982436,0.29234629861982436,0.3136762860727729
203,0.28732747804265996,0.13861774230990265,0.1698445819578327,0.08484076455252129,0.39523212045169387,0.08326534926891327,0.052025636192411184,0.0,0.05210315249860287,1.2694011010462418,"[0.6273525357246399, 0.7340025305747986, 0.7239648699760437, 0.721455454826355]",0.7061,0.3111668757841907,0.31493099121706397,0.2948557089084065,0.30238393977415307,0.29234629861982436,0.29234629861982436,0.3099121706398996
204,0.3111668757841907,0.19652094393221842,0.17076645279615713,0.09372114161681837,0.3889585947302384,0.08364017307758331,0.05202114302664995,0.0,0.05210206191986799,0.8300282158888876,"[0.6273525357246399, 0.7340025305747986, 0.7239648699760437, 0.721455454826355]",0.7582,0.30489335006273527,0.2998745294855709,0.27854454203262236,0.342534504391468,0.33500627352572143,0.33500627352572143,0.30614805520702637
205,0.29109159347553326,0.11990845429653063,0.1715582461815487,0.08930601140123678,0.39146800501882056,0.08399559557437897,0.052016908302903175,0.0,0.052100676111876965,1.0918262170162052,"[0.6273525357246399, 0.7340025305747986, 0.7239648699760437, 0.721455454826355]",0.7783,0.3136762860727729,0.3186951066499373,0.30489335006273527,0.3726474278544542,0.3450439146800502,0.3450439146800502,0.31493099121706397
206,0.28858218318695106,0.11709851240832003,0.17665337826711236,0.08955826498104853,0.39146800501882056,0.08351032435894012,0.052012539468705654,0.0,0.052099608816206455,0.8363158730790019,"[0.6273525357246399, 0.7340025305747986, 0.7239648699760437, 0.721455454826355]",0.9172,0.3124215809284818,0.3161856963613551,0.2998745294855709,0.3601003764115433,0.33500627352572143,0.33500627352572143,0.3136762860727729
207,0.2860727728983689,0.11666270603405626,0.17991797237746665,0.08910684127122323,0.39146800501882056,0.08334017544984818,0.0520082195289433,0.0,0.052097804844379425,0.8074115929193795,"[0.6273525357246399, 0.7340025305747986, 0.7239648699760437, 0.721455454826355]",0.7633,0.3124215809284818,0.3136762860727729,0.2936010037641154,0.35382685069008785,0.34002509410288584,0.34002509410288584,0.3111668757841907
208,0.2835633626097867,0.11520716720165347,0.17615065823751727,0.0869739285776284,0.39146800501882056,0.08316761255264282,0.052004051860421896,0.0,0.052097097504884005,0.8166246969485655,"[0.6273525357246399, 0.7340025305747986, 0.7239648699760437, 0.721455454826355]",0.7232,0.3124215809284818,0.3161856963613551,0.2936010037641154,0.3601003764115433,0.34002509410288584,0.34002509410288584,0.3111668757841907
209,0.3224592220828105,0.20857078232662318,0.17499560592734023,0.09319374974613731,0.39021329987452946,0.08297406882047653,0.0519998287782073,0.0,0.05209560692310333,0.8218220029957592,"[0.6273525357246399, 0.7340025305747986, 0.7239648699760437, 0.721455454826355]",0.6676,0.3136762860727729,0.3186951066499373,0.30614805520702637,0.36260978670012545,0.33626097867001253,0.33626097867001253,0.3124215809284818
210,0.27478042659974905,0.10576336989226442,0.1782685201401413,0.08582317402986503,0.39146800501882056,0.08340831100940704,0.05199574865400791,0.0,0.05209463834762573,0.7602956319460645,"[0.6273525357246399, 0.7340025305747986, 0.7239648699760437, 0.721455454826355]",0.7461,0.3124215809284818,0.31493099121706397,0.2948557089084065,0.3575909661229611,0.34127979924717694,0.34127979924717694,0.3111668757841907
211,0.27478042659974905,0.10536741487060186,0.17584311304862876,0.085291902950413,0.39146800501882056,0.08324999362230301,0.05199144687503576,0.0,0.05209352169185877,0.9619027599692345,"[0.6273525357246399, 0.7340025305747986, 0.7239648699760437, 0.721455454826355]",0.6698,0.3136762860727729,0.3124215809284818,0.2986198243412798,0.3601003764115433,0.3437892095357591,0.3437892095357591,0.3111668757841907
212,0.30112923462986196,0.13531385920112815,0.1756690363974401,0.09252081383900003,0.39021329987452946,0.08355949074029922,0.05198725312948227,0.0,0.05209240457043052,0.7836829290026799,"[0.6273525357246399, 0.7340025305747986, 0.7239648699760437, 0.721455454826355]",0.6663,0.3111668757841907,0.30363864491844417,0.30112923462986196,0.35131744040150564,0.3161856963613551,0.3161856963613551,0.3124215809284818
213,0.30363864491844417,0.13923683611377613,0.17255447410835548,0.09145246124114362,0.39021329987452946,0.08315153419971466,0.051983037032186985,0.0,0.05209125950932503,0.7441385108977556,"[0.6273525357246399, 0.7340025305747986, 0.7239648699760437, 0.721455454826355]",0.8121,0.3111668757841907,0.30363864491844417,0.2998745294855709,0.34880803011292344,0.3086574654956085,0.3086574654956085,0.31493099121706397
214,0.30614805520702637,0.14041841950778078,0.16989638234086177,0.09123619364325561,0.39146800501882056,0.08299044519662857,0.05197833897545934,0.0,0.052090578712522984,0.8089168920414522,"[0.6273525357246399, 0.7340025305747986, 0.7239648699760437, 0.721455454826355]",0.708,0.30614805520702637,0.2973651191969887,0.28983688833124216,0.342534504391468,0.3111668757841907,0.3111668757841907,0.30489335006273527
215,0.30238393977415307,0.13646762620770825,0.16646132056977617,0.08934107244113725,0.3889585947302384,0.08303426206111908,0.05197364650666714,0.0,0.05209030769765377,0.7762564440490678,"[0.6273525357246399, 0.7340025305747986, 0.7239648699760437, 0.721455454826355]",0.6661,0.28858218318695106,0.2810539523212045,0.29109159347553326,0.2998745294855709,0.28983688833124216,0.28983688833124216,0.28732747804265996
216,0.28983688833124216,0.15977909608202867,0.14257905584014716,0.07346152974278997,0.3739021329987453,0.08479525148868561,0.051968791987746954,0.0,0.052089782897382975,0.8651999589055777,"[0.6273525357246399, 0.7340025305747986, 0.7239648699760437, 0.721455454826355]",0.8378,0.29234629861982436,0.2860727728983689,0.2835633626097867,0.33751568381430364,0.30614805520702637,0.30614805520702637,0.2948557089084065
217,0.28732747804265996,0.154082750012146,0.14046240664765272,0.07239325968763011,0.3751568381430364,0.08499445021152496,0.05196402966976166,0.0,0.05208957381546497,0.8661701860837638,"[0.6273525357246399, 0.7340025305747986, 0.7239648699760437, 0.721455454826355]",0.7545,0.3161856963613551,0.30489335006273527,0.2998745294855709,0.33626097867001253,0.31493099121706397,0.31493099121706397,0.3136762860727729
218,0.2835633626097867,0.14802285483212707,0.1407124005783216,0.07131772771816164,0.37892095357590966,0.0849362164735794,0.05195923428982496,0.0,0.05208873329684138,0.754608643008396,"[0.6273525357246399, 0.7340025305747986, 0.7239648699760437, 0.721455454826355]",0.7922,0.3099121706398996,0.30363864491844417,0.2973651191969887,0.33500627352572143,0.3099121706398996,0.3099121706398996,0.3086574654956085
219,0.2823086574654956,0.14491715214969247,0.13852894803210594,0.069045108681538,0.37892095357590966,0.08496484905481339,0.05195398721843958,0.0,0.05208857171237469,0.7418561889789999,"[0.6273525357246399, 0.7340025305747986, 0.7239648699760437, 0.721455454826355]",0.7848,0.3136762860727729,0.3161856963613551,0.3224592220828105,0.3726474278544542,0.3437892095357591,0.3437892095357591,0.3174404015056462
220,0.27603513174404015,0.14884311486302648,0.14642268726458926,0.07491840492508042,0.37892095357590966,0.08510713279247284,0.051948418375104666,0.0,0.05208890466019511,0.8239959109341726,"[0.6273525357246399, 0.7340025305747986, 0.7239648699760437, 0.721455454826355]",0.7302,0.30363864491844417,0.30489335006273527,0.3161856963613551,0.3713927227101631,0.33877038895859474,0.33877038895859474,0.3074027603513174
221,0.2810539523212045,0.15370830908814626,0.14995166625707051,0.07694325836527215,0.37641154328732745,0.08473934233188629,0.05194296641275287,0.0,0.05208939639851451,0.9822037999983877,"[0.6273525357246399, 0.7340025305747986, 0.7239648699760437, 0.721455454826355]",0.6783,0.30489335006273527,0.30238393977415307,0.28732747804265996,0.34880803011292344,0.32747804265997493,0.32747804265997493,0.30614805520702637
222,0.2860727728983689,0.15920008751128656,0.15200835446928998,0.07891949999595867,0.37641154328732745,0.08464188873767853,0.05193731188774109,0.0,0.052089749835431576,0.8535437469836324,"[0.6273525357246399, 0.7340025305747986, 0.7239648699760437, 0.721455454826355]",0.8486,0.2998745294855709,0.30363864491844417,0.29109159347553326,0.35006273525721454,0.32496863237139273,0.32496863237139273,0.2998745294855709
223,0.3174404015056462,0.18404555830947955,0.16599241525977237,0.09157846291298526,0.4002509410288582,0.08364301919937134,0.051931609865278006,0.0,0.052090016193687916,1.0855983210494742,"[0.6273525357246399, 0.7340025305747986, 0.7239648699760437, 0.721455454826355]",1.1432,0.30238393977415307,0.3074027603513174,0.3174404015056462,0.3713927227101631,0.33751568381430364,0.33751568381430364,0.3086574654956085
224,0.2810539523212045,0.14118317423780824,0.16192455595874508,0.0814373421942241,0.39272271016311167,0.08374910056591034,0.05192622682079673,0.0,0.052091123070567846,1.103971730102785,"[0.6273525357246399, 0.7340025305747986, 0.7239648699760437, 0.721455454826355]",1.0882,0.30112923462986196,0.3074027603513174,0.31493099121706397,0.36637390213299875,0.32622333751568383,0.32622333751568383,0.30489335006273527
225,0.2948557089084065,0.14959712022600746,0.1505557131619409,0.0789370095269344,0.39648682559598497,0.08417144417762756,0.05192116741091013,0.0,0.052091382909566164,0.9146851589903235,"[0.6273525357246399, 0.7340025305747986, 0.7239648699760437, 0.721455454826355]",0.8019,0.2986198243412798,0.30112923462986196,0.33500627352572143,0.36511919698870765,0.33626097867001253,0.33626097867001253,0.30489335006273527
226,0.2973651191969887,0.1478735022108857,0.1482865738320732,0.0799658471095924,0.39648682559598497,0.08438082784414291,0.05191518319770694,0.0,0.05209172796458006,0.8591123030055314,"[0.6273525357246399, 0.7340025305747986, 0.7239648699760437, 0.721455454826355]",0.7262,0.2948557089084065,0.2835633626097867,0.3074027603513174,0.36386449184441655,0.35006273525721454,0.35006273525721454,0.30112923462986196
227,0.30489335006273527,0.15636398375925475,0.14836252473610717,0.09199318242705105,0.4015056461731493,0.08392998576164246,0.05191056663170457,0.0,0.05209109280258417,0.9094858979806304,"[0.6273525357246399, 0.7340025305747986, 0.7239648699760437, 0.721455454826355]",0.7383,0.2998745294855709,0.2860727728983689,0.29234629861982436,0.32496863237139273,0.28858218318695106,0.28858218318695106,0.2961104140526976
228,0.30112923462986196,0.15353740666448024,0.14835829590984984,0.08750757212415619,0.4027603513174404,0.08365428447723389,0.05190620897337794,0.0,0.052090276032686234,0.760410811053589,"[0.6273525357246399, 0.7340025305747986, 0.7239648699760437, 0.721455454826355]",0.7519,0.2835633626097867,0.2835633626097867,0.3174404015056462,0.2986198243412798,0.3099121706398996,0.3099121706398996,0.28858218318695106
229,0.2973651191969887,0.14689787125864673,0.15280845458107697,0.08409207708617436,0.3889585947302384,0.08325397968292236,0.051901719998568296,0.0,0.05208957754075527,0.7756163860904053,"[0.6273525357246399, 0.7340025305747986, 0.7239648699760437, 0.721455454826355]",0.7855,0.2823086574654956,0.27352572145545795,0.30489335006273527,0.36260978670012545,0.3299874529485571,0.3299874529485571,0.28983688833124216
230,0.2848180677540778,0.14301721926263522,0.16212237357520884,0.09366096943048176,0.4065244667503137,0.08278974890708923,0.05189719935879111,0.0,0.05208847392350435,0.7233992730034515,"[0.6273525357246399, 0.7340025305747986, 0.7239648699760437, 0.721455454826355]",0.7092,0.28732747804265996,0.27603513174404015,0.2961104140526976,0.3437892095357591,0.32496863237139273,0.32496863237139273,0.2961104140526976
231,0.30614805520702637,0.15639905675545318,0.16523210924969997,0.0906808931523627,0.3989962358845671,0.0832972303032875,0.05189265916123986,0.0,0.05208737449720502,0.8685189869720489,"[0.6273525357246399, 0.7340025305747986, 0.7239648699760437, 0.721455454826355]",0.7368,0.28983688833124216,0.2835633626097867,0.2961104140526976,0.30614805520702637,0.2810539523212045,0.2810539523212045,0.29234629861982436
232,0.30489335006273527,0.1550999632600576,0.16292408856229787,0.08885968020761646,0.397741530740276,0.08339570462703705,0.05188790429383516,0.0,0.05208605946972966,0.7980052020866424,"[0.6273525357246399, 0.7340025305747986, 0.7239648699760437, 0.721455454826355]",0.7325,0.29109159347553326,0.2848180677540778,0.2998745294855709,0.3074027603513174,0.2823086574654956,0.2823086574654956,0.29234629861982436
233,0.3124215809284818,0.15951081988665328,0.1644782616114534,0.10182571716201612,0.40526976160602257,0.08459354937076569,0.05188351729884744,0.0,0.05208442127332091,0.7818833600031212,"[0.6273525357246399, 0.7340025305747986, 0.7239648699760437, 0.721455454826355]",0.8373,0.2936010037641154,0.2797992471769134,0.29234629861982436,0.3086574654956085,0.2848180677540778,0.2848180677540778,0.2936010037641154
234,0.3136762860727729,0.1807468683171033,0.16200176167741848,0.09136384414947221,0.397741530740276,0.0851840227842331,0.05187899246811867,0.0,0.052083179354667664,0.767154139932245,"[0.6273525357246399, 0.7340025305747986, 0.7239648699760437, 0.721455454826355]",0.7161,0.29234629861982436,0.27854454203262236,0.30112923462986196,0.3111668757841907,0.2961104140526976,0.2961104140526976,0.29109159347553326
235,0.3212045169385194,0.18950625290182377,0.1659687212656686,0.096026297177659,0.397741530740276,0.0851578563451767,0.051874554716050625,0.0,0.05208186013624072,0.795858800993301,"[0.6273525357246399, 0.7340025305747986, 0.7239648699760437, 0.721455454826355]",0.7735,0.2936010037641154,0.2848180677540778,0.28732747804265996,0.32496863237139273,0.3161856963613551,0.3161856963613551,0.29234629861982436
236,0.30614805520702637,0.1589361637164426,0.14967922323996252,0.08170977857758242,0.39021329987452946,0.08469624817371368,0.051870136987417936,0.0,0.05208034720271826,0.7608404709026217,"[0.6273525357246399, 0.7340025305747986, 0.7239648699760437, 0.721455454826355]",0.9789,0.2973651191969887,0.2986198243412798,0.2986198243412798,0.35382685069008785,0.32496863237139273,0.32496863237139273,0.30238393977415307
237,0.32622333751568383,0.19475561710021794,0.16182655544459107,0.092829343092568,0.4090338770388959,0.08548477292060852,0.05186580494046211,0.0,0.05207902053371072,1.1547131669940427,"[0.6273525357246399, 0.7340025305747986, 0.7239648699760437, 0.721455454826355]",1.1299,0.2998745294855709,0.30489335006273527,0.3099121706398996,0.34880803011292344,0.3237139272271016,0.3237139272271016,0.2998745294855709
238,0.3224592220828105,0.20440702091671215,0.15369607991287434,0.09191073666456451,0.397741530740276,0.08569474518299103,0.05186106590554118,0.0,0.052077536936849356,1.0871744160540402,"[0.6273525357246399, 0.7340025305747986, 0.7239648699760437, 0.721455454826355]",1.0977,0.2973651191969887,0.2835633626097867,0.27728983688833125,0.3161856963613551,0.3124215809284818,0.3124215809284818,0.29109159347553326
239,0.32747804265997493,0.20947463868687433,0.16773896132042457,0.09501345104425682,0.4027603513174404,0.08548107743263245,0.051856843288987875,0.0,0.0520756496116519,1.1546205629128963,"[0.6273525357246399, 0.7340025305747986, 0.7239648699760437, 0.721455454826355]",1.1028,0.2961104140526976,0.2810539523212045,0.27854454203262236,0.3199498117942284,0.3161856963613551,0.3161856963613551,0.29109159347553326
240,0.3588456712672522,0.24239684656781502,0.1979114297601766,0.12032440877168693,0.4353826850690088,0.08464053273200989,0.051852695643901825,0.0,0.052073813043534756,1.1354413710068911,"[0.6273525357246399, 0.7340025305747986, 0.7239648699760437, 0.721455454826355]",0.7617,0.2936010037641154,0.2797992471769134,0.27352572145545795,0.31493099121706397,0.3136762860727729,0.3136762860727729,0.28983688833124216
241,0.32747804265997493,0.20526115064415618,0.17508944899717524,0.10342037566707743,0.41405269761606023,0.0842287614941597,0.051848679315298796,0.0,0.05207199603319168,0.7937131349463016,"[0.6273525357246399, 0.7340025305747986, 0.7239648699760437, 0.721455454826355]",0.9506,0.2986198243412798,0.2848180677540778,0.2848180677540778,0.3237139272271016,0.3136762860727729,0.3136762860727729,0.29234629861982436
242,0.30489335006273527,0.17676342049132654,0.1700260665460538,0.09398939904083153,0.411543287327478,0.08358435332775116,0.051844727247953415,0.0,0.05207076296210289,1.152305469964631,"[0.6273525357246399, 0.7340025305747986, 0.7239648699760437, 0.721455454826355]",1.0889,0.2986198243412798,0.2835633626097867,0.29234629861982436,0.32747804265997493,0.3099121706398996,0.3099121706398996,0.2936010037641154
243,0.3099121706398996,0.18815805313504153,0.17030463899110757,0.09794701759135699,0.4203262233375157,0.08388930559158325,0.05184070626273751,0.0,0.052068793680518866,0.8120325539493933,"[0.6273525357246399, 0.7340025305747986, 0.7239648699760437, 0.721455454826355]",0.6965,0.30489335006273527,0.30489335006273527,0.29234629861982436,0.3475533249686324,0.3186951066499373,0.3186951066499373,0.30489335006273527
244,0.2998745294855709,0.17534295346068685,0.17015994147118937,0.08538085874200914,0.4090338770388959,0.08328467607498169,0.05183666339144111,0.0,0.05206754384562373,0.9028116710251197,"[0.6273525357246399, 0.7340025305747986, 0.7239648699760437, 0.721455454826355]",0.7087,0.2986198243412798,0.28983688833124216,0.30112923462986196,0.3212045169385194,0.2961104140526976,0.2961104140526976,0.2961104140526976
245,0.3099121706398996,0.1777478902063181,0.16855529549805998,0.0879572918023702,0.40526976160602257,0.0827551856637001,0.051832666620612144,0.0,0.05206634011119604,0.8073366599855945,"[0.6273525357246399, 0.7340025305747986, 0.7239648699760437, 0.721455454826355]",0.9014,0.3124215809284818,0.3074027603513174,0.32496863237139273,0.3186951066499373,0.2936010037641154,0.2936010037641154,0.3124215809284818
246,0.3111668757841907,0.1794599156118144,0.166408234528282,0.08813747310235708,0.4077791718946048,0.08263030648231506,0.05182868801057339,0.0,0.052064347080886364,1.1771993410075083,"[0.6273525357246399, 0.7340025305747986, 0.7239648699760437, 0.721455454826355]",0.9225,0.2973651191969887,0.30112923462986196,0.2823086574654956,0.3437892095357591,0.3111668757841907,0.3111668757841907,0.30238393977415307
247,0.3224592220828105,0.19875190128402997,0.1688324095147487,0.08976912748165455,0.39523212045169387,0.0823034942150116,0.05182455759495497,0.0,0.052063120529055595,0.8076482680626214,"[0.6273525357246399, 0.7340025305747986, 0.7239648699760437, 0.721455454826355]",0.7241,0.28983688833124216,0.28732747804265996,0.26223337515683814,0.30489335006273527,0.2810539523212045,0.2810539523212045,0.2961104140526976
248,0.3212045169385194,0.1987463949097612,0.17344172058466195,0.08777309961657166,0.4015056461731493,0.08232051134109497,0.05182071914896369,0.0,0.05205953121185303,0.7643758439226076,"[0.6273525357246399, 0.7340025305747986, 0.7239648699760437, 0.721455454826355]",0.7817,0.2860727728983689,0.2835633626097867,0.25972396486825594,0.3074027603513174,0.2961104140526976,0.2961104140526976,0.28983688833124216
249,0.3161856963613551,0.19429543397290372,0.17504936872219684,0.08476114674987492,0.4027603513174404,0.08218766748905182,0.05181681225076318,0.0,0.05205840105190873,0.7871074649738148,"[0.6273525357246399, 0.7340025305747986, 0.7239648699760437, 0.721455454826355]",0.7925,0.2973651191969887,0.2860727728983689,0.27352572145545795,0.3224592220828105,0.30112923462986196,0.30112923462986196,0.2961104140526976
250,0.3324968632371393,0.2084234894379673,0.18124459608474477,0.09732605383586077,0.41656210790464243,0.08269350975751877,0.05181285785511136,0.0,0.05205597821623087,0.7849293989129364,"[0.6273525357246399, 0.7340025305747986, 0.7239648699760437, 0.721455454826355]",0.6772,0.30363864491844417,0.2998745294855709,0.26474278544542035,0.3074027603513174,0.2823086574654956,0.2823086574654956,0.30614805520702637
251,0.30614805520702637,0.16136870466636732,0.16784178812190134,0.08578264492772195,0.4027603513174404,0.08298972249031067,0.05180904967710376,0.0,0.0520537281408906,0.7549584360094741,"[0.6273525357246399, 0.7340025305747986, 0.7239648699760437, 0.721455454826355]",1.046,0.30112923462986196,0.2936010037641154,0.2659974905897114,0.30614805520702637,0.28858218318695106,0.28858218318695106,0.30112923462986196
252,0.2986198243412798,0.17794269329342893,0.1701776156601143,0.08107335537072251,0.40526976160602257,0.08311107754707336,0.0518051297403872,0.0,0.05205052439123392,1.1280352900503203,"[0.6273525357246399, 0.7340025305747986, 0.7239648699760437, 0.721455454826355]",0.8826,0.30489335006273527,0.29109159347553326,0.30238393977415307,0.2823086574654956,0.2672521957340025,0.2672521957340025,0.3086574654956085
253,0.2936010037641154,0.17352736944281233,0.16174531835488373,0.08074778903504297,0.4002509410288582,0.08334407955408096,0.051800979766994715,0.0,0.052049477118998766,0.8789245049702004,"[0.6273525357246399, 0.7340025305747986, 0.7239648699760437, 0.721455454826355]",0.7051,0.30238393977415307,0.30238393977415307,0.3099121706398996,0.28983688833124216,0.2936010037641154,0.2936010037641154,0.3086574654956085
254,0.2961104140526976,0.1509023337428952,0.17768013807306735,0.08376874115996898,0.4065244667503137,0.08360230922698975,0.05179707147181034,0.0,0.05204599630087614,0.7691842219792306,"[0.6273525357246399, 0.7340025305747986, 0.7239648699760437, 0.721455454826355]",0.8974,0.2584692597239649,0.2547051442910916,0.3161856963613551,0.28858218318695106,0.28983688833124216,0.28983688833124216,0.26348808030112925
255,0.2986198243412798,0.16729186642219396,0.17764130981478854,0.08668939902704763,0.4090338770388959,0.08306071162223816,0.051792718935757875,0.0,0.05204468546435237,0.8254152170848101,"[0.6273525357246399, 0.7340025305747986, 0.7239648699760437, 0.721455454826355]",1.0058,0.2659974905897114,0.2697616060225847,0.3086574654956085,0.30363864491844417,0.2823086574654956,0.2823086574654956,0.2710163111668758
256,0.3312421580928482,0.1673980662826411,0.15671808224539516,0.10997514616089325,0.3989962358845671,0.08483432233333588,0.05178861040621996,0.0,0.05204389849677682,1.2156792839523405,"[0.6273525357246399, 0.7340025305747986, 0.7239648699760437, 0.721455454826355]",0.8051,0.2722710163111669,0.2659974905897114,0.2998745294855709,0.3324968632371393,0.3099121706398996,0.3099121706398996,0.2685069008782936
257,0.2998745294855709,0.17821235140963365,0.1577696228333639,0.08410695826735698,0.40401505646173147,0.08605800569057465,0.05178438685834408,0.0,0.05204189382493496,0.9983225900214165,"[0.6273525357246399, 0.7340025305747986, 0.7239648699760437, 0.721455454826355]",0.6944,0.2860727728983689,0.2860727728983689,0.30363864491844417,0.34002509410288584,0.30489335006273527,0.30489335006273527,0.2797992471769134
258,0.32747804265997493,0.18929515560624655,0.16242996605976143,0.10416933915853688,0.4027603513174404,0.0860881358385086,0.05178022012114525,0.0,0.05204043025150895,0.7900053199846298,"[0.6273525357246399, 0.7340025305747986, 0.7239648699760437, 0.721455454826355]",0.7287,0.28732747804265996,0.28732747804265996,0.3074027603513174,0.3299874529485571,0.31493099121706397,0.31493099121706397,0.2860727728983689
259,0.3174404015056462,0.15718920516065327,0.1552161460636761,0.1066294649914184,0.3851944792973651,0.0854160413146019,0.05177600448951125,0.0,0.05203771544620395,0.768458973034285,"[0.6273525357246399, 0.7340025305747986, 0.7239648699760437, 0.721455454826355]",0.6956,0.3111668757841907,0.30614805520702637,0.30489335006273527,0.3299874529485571,0.32496863237139273,0.32496863237139273,0.3099121706398996
260,0.3186951066499373,0.15636550067838373,0.16336334423290838,0.10788276447423889,0.3864491844416562,0.08488538861274719,0.051771542988717556,0.0,0.05203656433150172,0.8305618489393964,"[0.6273525357246399, 0.7340025305747986, 0.7239648699760437, 0.721455454826355]",0.72,0.3124215809284818,0.3111668757841907,0.3224592220828105,0.33626097867001253,0.33877038895859474,0.33877038895859474,0.3099121706398996
261,0.3212045169385194,0.18135664338319746,0.14916229501298892,0.0862428614008066,0.3889585947302384,0.08556029200553894,0.0517671094276011,0.0,0.052035155706107616,0.7636410220293328,"[0.6273525357246399, 0.7340025305747986, 0.7239648699760437, 0.721455454826355]",1.012,0.3136762860727729,0.29234629861982436,0.3324968632371393,0.3199498117942284,0.2973651191969887,0.2973651191969887,0.31493099121706397
262,0.3174404015056462,0.1716632914294448,0.14950798448329605,0.08802072106186593,0.39021329987452946,0.085647352039814,0.05176285468041897,0.0,0.05203348631039262,0.818053817958571,"[0.6273525357246399, 0.7340025305747986, 0.7239648699760437, 0.721455454826355]",0.7109,0.3074027603513174,0.29234629861982436,0.33751568381430364,0.3199498117942284,0.2973651191969887,0.2973651191969887,0.3111668757841907
263,0.3199498117942284,0.1615118540632241,0.15886383157972586,0.11441255338470455,0.3989962358845671,0.08460342884063721,0.05175854731351137,0.0,0.05203245906159282,0.8119225500850007,"[0.6273525357246399, 0.7340025305747986, 0.7239648699760437, 0.721455454826355]",0.8814,0.3074027603513174,0.29109159347553326,0.33751568381430364,0.3199498117942284,0.2948557089084065,0.2948557089084065,0.3074027603513174
264,0.3124215809284818,0.16531902817140964,0.15006671379927705,0.08116699726450197,0.39146800501882056,0.08313234150409698,0.05175438662990928,0.0,0.05202971585094929,0.9657702109543607,"[0.6273525357246399, 0.7340025305747986, 0.7239648699760437, 0.721455454826355]",0.9488,0.30614805520702637,0.2948557089084065,0.33500627352572143,0.32496863237139273,0.30489335006273527,0.30489335006273527,0.30489335006273527
265,0.33626097867001253,0.1898476591623559,0.17245472624489971,0.11516957298585707,0.41530740276035133,0.08414986729621887,0.05175017239525914,0.0,0.05202845484018326,0.84959939296823,"[0.6273525357246399, 0.7340025305747986, 0.7239648699760437, 0.721455454826355]",0.8498,0.3124215809284818,0.2986198243412798,0.32496863237139273,0.3312421580928482,0.3136762860727729,0.3136762860727729,0.3161856963613551
266,0.3613550815558344,0.22539949858607378,0.1790403449300596,0.13010158657144286,0.4328732747804266,0.0849921926856041,0.0517461933195591,0.0,0.05202568229287863,0.7942277180263773,"[0.6273525357246399, 0.7340025305747986, 0.7239648699760437, 0.721455454826355]",0.7939,0.32622333751568383,0.3224592220828105,0.2973651191969887,0.3111668757841907,0.29234629861982436,0.29234629861982436,0.3224592220828105
267,0.3237139272271016,0.18742232823308425,0.1666977830163485,0.10619830994541542,0.4215809284818068,0.0850360244512558,0.051741763949394226,0.0,0.05202427366748452,1.0788230769103393,"[0.6273525357246399, 0.7340025305747986, 0.7239648699760437, 0.721455454826355]",0.8869,0.32622333751568383,0.3199498117942284,0.29109159347553326,0.3074027603513174,0.29234629861982436,0.29234629861982436,0.3212045169385194
268,0.3212045169385194,0.17820174393672272,0.16567372221788149,0.10673002597205519,0.4090338770388959,0.08392789959907532,0.05173705331981182,0.0,0.052021533250808716,0.7634666509693488,"[0.6273525357246399, 0.7340025305747986, 0.7239648699760437, 0.721455454826355]",0.7786,0.3136762860727729,0.31493099121706397,0.28858218318695106,0.30363864491844417,0.29234629861982436,0.29234629861982436,0.3099121706398996
269,0.32622333751568383,0.1837069051015815,0.1709771047107487,0.11107296265637187,0.4228356336260979,0.08365638554096222,0.05173202184960246,0.0,0.052020846866071224,0.8181313120294362,"[0.6273525357246399, 0.7340025305747986, 0.7239648699760437, 0.721455454826355]",1.0024,0.32496863237139273,0.3237139272271016,0.30238393977415307,0.3136762860727729,0.28858218318695106,0.28858218318695106,0.32496863237139273
270,0.35131744040150564,0.21423626936286322,0.17678514168025175,0.12099205791697462,0.43036386449184444,0.0835978090763092,0.05172708397731185,0.0,0.052019336726516485,0.8440917539410293,"[0.6273525357246399, 0.7340025305747986, 0.7239648699760437, 0.721455454826355]",0.8029,0.3237139272271016,0.3324968632371393,0.30238393977415307,0.3174404015056462,0.30112923462986196,0.30112923462986196,0.328732747804266
271,0.3575909661229611,0.22296908739845922,0.17681518811558347,0.1263130704852881,0.4328732747804266,0.0834617018699646,0.05172257451340556,0.0,0.052017468959093094,0.8503329890081659,"[0.6273525357246399, 0.7340025305747986, 0.7239648699760437, 0.721455454826355]",0.9571,0.32496863237139273,0.3324968632371393,0.2948557089084065,0.31493099121706397,0.2961104140526976,0.2961104140526976,0.32747804265997493
272,0.370138017565872,0.23919579069869157,0.18645007341939795,0.13863414418585115,0.4479297365119197,0.08352138847112656,0.051718021742999554,0.0,0.05201544985175133,0.8592504130210727,"[0.6273525357246399, 0.7340025305747986, 0.7239648699760437, 0.721455454826355]",0.7851,0.30363864491844417,0.2936010037641154,0.27352572145545795,0.3312421580928482,0.3074027603513174,0.3074027603513174,0.30363864491844417
273,0.36386449184441655,0.23272399984049852,0.181009723608533,0.13609572885625745,0.42785445420326224,0.084198959171772,0.05171355791389942,0.0,0.05201452551409602,0.7840847680345178,"[0.6273525357246399, 0.7340025305747986, 0.7239648699760437, 0.721455454826355]",0.8521,0.30363864491844417,0.2860727728983689,0.2685069008782936,0.32622333751568383,0.2948557089084065,0.2948557089084065,0.30112923462986196
274,0.34880803011292344,0.228673721504825,0.185007261547107,0.12375654698292601,0.4228356336260979,0.08415049314498901,0.05170886963605881,0.0,0.05201245564967394,0.8474944320041686,"[0.6273525357246399, 0.7340025305747986, 0.7239648699760437, 0.721455454826355]",0.7899,0.30363864491844417,0.2973651191969887,0.27854454203262236,0.3099121706398996,0.3186951066499373,0.3186951066499373,0.30614805520702637
275,0.33500627352572143,0.2062752378393311,0.1773398679997336,0.10257873009192468,0.4065244667503137,0.08343392610549927,0.051704440265893936,0.0,0.05201162816956639,0.9941089099738747,"[0.6273525357246399, 0.7340025305747986, 0.7239648699760437, 0.721455454826355]",1.2017,0.3086574654956085,0.2973651191969887,0.2848180677540778,0.3299874529485571,0.30363864491844417,0.30363864491844417,0.3111668757841907
276,0.3174404015056462,0.1702524256980461,0.15834682414392737,0.09787258018155623,0.4077791718946048,0.0838681161403656,0.051699168514460325,0.0,0.05200996855273843,1.2402832539519295,"[0.6273525357246399, 0.7340025305747986, 0.7239648699760437, 0.721455454826355]",1.5518,0.2973651191969887,0.28732747804265996,0.2584692597239649,0.2961104140526976,0.29109159347553326,0.29109159347553326,0.2936010037641154
277,0.3212045169385194,0.1719329445000316,0.15988751188081377,0.09913836846914983,0.410288582183187,0.08437620103359222,0.05169248208403587,0.0,0.05201067263260484,1.1339307699818164,"[0.6273525357246399, 0.7340025305747986, 0.7239648699760437, 0.721455454826355]",1.0747,0.2998745294855709,0.2936010037641154,0.27603513174404015,0.3086574654956085,0.31493099121706397,0.31493099121706397,0.30112923462986196
278,0.3111668757841907,0.19390388813662363,0.17045901993197504,0.088978743875567,0.4065244667503137,0.08497773855924606,0.051678406074643135,0.0,0.05201613483950496,1.2758152430178598,"[0.6273525357246399, 0.7340025305747986, 0.7239648699760437, 0.721455454826355]",1.0887,0.2998745294855709,0.2961104140526976,0.27352572145545795,0.3111668757841907,0.3174404015056462,0.3174404015056462,0.30238393977415307
279,0.3074027603513174,0.18860957931428768,0.16753034701951236,0.08681939749718824,0.4027603513174404,0.08500861376523972,0.05165960779413581,0.0,0.05202447762712836,1.456964838085696,"[0.6273525357246399, 0.7340025305747986, 0.7239648699760437, 0.721455454826355]",1.1192,0.30238393977415307,0.2973651191969887,0.27478042659974905,0.3099121706398996,0.3186951066499373,0.3186951066499373,0.30363864491844417
280,0.32747804265997493,0.2033715617715618,0.16024201605515626,0.11079455788878327,0.4203262233375157,0.08527089655399323,0.05164084443822503,0.0,0.052031867671757936,1.1351972810225561,"[0.6273525357246399, 0.7340025305747986, 0.7239648699760437, 0.721455454826355]",0.866,0.3086574654956085,0.2973651191969887,0.27478042659974905,0.3136762860727729,0.3186951066499373,0.3186951066499373,0.3099121706398996
281,0.3475533249686324,0.2313470344617815,0.17998540421285575,0.11605561252466379,0.43914680050188204,0.0849895179271698,0.05162706971168518,0.0,0.05203955667093396,0.7798317979322746,"[0.6273525357246399, 0.7340025305747986, 0.7239648699760437, 0.721455454826355]",0.918,0.30112923462986196,0.28732747804265996,0.2584692597239649,0.2961104140526976,0.30238393977415307,0.30238393977415307,0.2961104140526976
282,0.3450439146800502,0.22914269514899865,0.1797959625220007,0.11521772007945341,0.4366373902132999,0.08455117791891098,0.05161618813872337,0.0,0.0520444349385798,0.8521475049201399,"[0.6273525357246399, 0.7340025305747986, 0.7239648699760437, 0.721455454826355]",0.6935,0.2986198243412798,0.2823086574654956,0.2835633626097867,0.3237139272271016,0.2936010037641154,0.2936010037641154,0.2998745294855709
283,0.3186951066499373,0.21381832318446714,0.17987175500591757,0.09302532511998718,0.4203262233375157,0.08421066403388977,0.05160617595538497,0.0,0.052046799566596746,0.8165109059773386,"[0.6273525357246399, 0.7340025305747986, 0.7239648699760437, 0.721455454826355]",0.7798,0.2986198243412798,0.2823086574654956,0.2810539523212045,0.32496863237139273,0.2961104140526976,0.2961104140526976,0.30112923462986196
284,0.32747804265997493,0.19141276387939854,0.15055639052687203,0.09225319682363689,0.4065244667503137,0.08449016511440277,0.05159788718447089,0.0,0.05204896815121174,0.8738678169902414,"[0.6273525357246399, 0.7340025305747986, 0.7239648699760437, 0.721455454826355]",0.9048,0.30112923462986196,0.28858218318695106,0.25972396486825594,0.2961104140526976,0.30489335006273527,0.30489335006273527,0.2998745294855709
285,0.3124215809284818,0.2101690133713341,0.18984219457981036,0.09848890272997392,0.4454203262233375,0.08383473008871078,0.05159194255247712,0.0,0.05205803783610463,0.8507972699590027,"[0.6273525357246399, 0.7340025305747986, 0.7239648699760437, 0.721455454826355]",0.9358,0.2998745294855709,0.28983688833124216,0.25972396486825594,0.2961104140526976,0.30363864491844417,0.30363864491844417,0.2986198243412798
286,0.3324968632371393,0.22533283881776667,0.1850727195001894,0.09870570291545393,0.4479297365119197,0.08333508670330048,0.05158513877540827,0.0,0.05206187488511205,0.786954099079594,"[0.6273525357246399, 0.7340025305747986, 0.7239648699760437, 0.721455454826355]",0.7694,0.30363864491844417,0.29234629861982436,0.2584692597239649,0.30112923462986196,0.30489335006273527,0.30489335006273527,0.30112923462986196
287,0.34002509410288584,0.23373228830040793,0.19548668844374073,0.11524567901825512,0.45545796737766625,0.08518742024898529,0.051578410901129246,0.0,0.05206634709611535,0.794604707043618,"[0.6273525357246399, 0.7340025305747986, 0.7239648699760437, 0.721455454826355]",0.7696,0.3086574654956085,0.30238393977415307,0.28858218318695106,0.32496863237139273,0.3086574654956085,0.3086574654956085,0.30363864491844417
288,0.34127979924717694,0.23403542557553758,0.19743434585058167,0.1164432157829988,0.45796737766624845,0.08578093349933624,0.05157148512080312,0.0,0.052068414632231,0.7841409390093759,"[0.6273525357246399, 0.7340025305747986, 0.7239648699760437, 0.721455454826355]",0.8082,0.3124215809284818,0.2998745294855709,0.2835633626097867,0.31493099121706397,0.3124215809284818,0.3124215809284818,0.3111668757841907
289,0.33500627352572143,0.22720170948302043,0.19499507927197365,0.11419803813917569,0.45294855708908405,0.08578990399837494,0.05156549019739032,0.0,0.05206917226314545,0.7827778100036085,"[0.6273525357246399, 0.7340025305747986, 0.7239648699760437, 0.721455454826355]",0.8047,0.28858218318695106,0.2948557089084065,0.33877038895859474,0.30363864491844417,0.3450439146800502,0.3450439146800502,0.2936010037641154
290,0.3086574654956085,0.1772899372589133,0.1600012098945045,0.09282613451877395,0.4090338770388959,0.08657967299222946,0.05155808897688985,0.0,0.05206996714696288,0.7435030320193619,"[0.6273525357246399, 0.7340025305747986, 0.7239648699760437, 0.721455454826355]",0.7605,0.28858218318695106,0.30363864491844417,0.3462986198243413,0.32496863237139273,0.342534504391468,0.342534504391468,0.2936010037641154
291,0.2936010037641154,0.1896691214978925,0.17353718112342778,0.0963536236055752,0.437892095357591,0.08766669034957886,0.051552577409893274,0.0,0.05207176739349961,0.7778008980676532,"[0.6273525357246399, 0.7340025305747986, 0.7239648699760437, 0.721455454826355]",0.7665,0.2936010037641154,0.2848180677540778,0.3086574654956085,0.3111668757841907,0.32622333751568383,0.32622333751568383,0.28983688833124216
292,0.32622333751568383,0.20612081741978927,0.17033529573953524,0.11820651252934902,0.4491844416562108,0.0869394838809967,0.05154741043224931,0.0,0.05207149777561426,0.8317569619975984,"[0.6273525357246399, 0.7340025305747986, 0.7239648699760437, 0.721455454826355]",0.7432,0.2961104140526976,0.2948557089084065,0.3224592220828105,0.3212045169385194,0.342534504391468,0.342534504391468,0.2961104140526976
293,0.32622333751568383,0.21041358418720313,0.186334919667441,0.1101532978384072,0.451693851944793,0.0876724123954773,0.05154212471097708,0.0,0.05207291478291154,0.7819859459996223,"[0.6273525357246399, 0.7340025305747986, 0.7239648699760437, 0.721455454826355]",0.9512,0.2936010037641154,0.2973651191969887,0.342534504391468,0.32622333751568383,0.35382685069008785,0.35382685069008785,0.2948557089084065
294,0.3437892095357591,0.22543714577719953,0.17207208155163053,0.10933427822536475,0.42785445420326224,0.08689896762371063,0.05153674725443125,0.0,0.05207248078659177,0.7753943849820644,"[0.6273525357246399, 0.7340025305747986, 0.7239648699760437, 0.721455454826355]",0.6879,0.2936010037641154,0.2973651191969887,0.3462986198243413,0.3324968632371393,0.3601003764115433,0.3601003764115433,0.2936010037641154
295,0.35633626097867,0.22915174093709711,0.17065401342332467,0.13181935592990487,0.4353826850690088,0.08687598258256912,0.05153178423643112,0.0,0.0520726190879941,0.9849514319794253,"[0.6273525357246399, 0.7340025305747986, 0.7239648699760437, 0.721455454826355]",0.8402,0.2948557089084065,0.30112923462986196,0.35131744040150564,0.33500627352572143,0.36511919698870765,0.36511919698870765,0.2961104140526976
296,0.36386449184441655,0.23674000589333066,0.1720276780093753,0.13827367203306432,0.43914680050188204,0.08687002956867218,0.05152577441185713,0.0,0.052073325496166945,0.7916290790308267,"[0.6273525357246399, 0.7340025305747986, 0.7239648699760437, 0.721455454826355]",0.7321,0.2973651191969887,0.2986198243412798,0.33500627352572143,0.3299874529485571,0.3450439146800502,0.3450439146800502,0.2998745294855709
297,0.370138017565872,0.24496890002717464,0.17564777111954188,0.14573438163216276,0.44040150564617314,0.08683710545301437,0.051520273089408875,0.0,0.05207422887906432,0.7304299840470776,"[0.6273525357246399, 0.7340025305747986, 0.7239648699760437, 0.721455454826355]",0.7153,0.30112923462986196,0.2973651191969887,0.35508155583437895,0.32747804265997493,0.36260978670012545,0.36260978670012545,0.2986198243412798
298,0.36637390213299875,0.2410325359320845,0.17107556049683353,0.13932293520502056,0.4353826850690088,0.08696111291646957,0.051514878403395414,0.0,0.05207435134798288,0.8047693619737402,"[0.6273525357246399, 0.7340025305747986, 0.7239648699760437, 0.721455454826355]",0.8641,0.30238393977415307,0.2986198243412798,0.3575909661229611,0.32747804265997493,0.36386449184441655,0.36386449184441655,0.30112923462986196
299,0.37641154328732745,0.24911947467992102,0.16575089910784666,0.12974580369455788,0.424090338770389,0.0847310870885849,0.0515094930306077,0.0,0.05207557650282979,0.8597467410145327,"[0.6273525357246399, 0.7340025305747986, 0.7239648699760437, 0.721455454826355]",0.7267,0.30363864491844417,0.30489335006273527,0.29109159347553326,0.2948557089084065,0.2848180677540778,0.2848180677540778,0.3074027603513174
300,0.3713927227101631,0.24339887560610973,0.1654622514943425,0.12260601652991855,0.4190715181932246,0.08423110097646713,0.05150409881025553,0.0,0.052075650077313185,0.7617881780024618,"[0.6273525357246399, 0.7340025305747986, 0.7239648699760437, 0.721455454826355]",,,,,,,,
