round,ACC,Kappa,NMI,ARI,PURITY,alignment_loss,mean_reconstruction_loss,mean_consensus_loss,mean_local_total_loss,round_seconds,observed_rates,completion_eval_seconds,C025_ACC,C050_ACC,C075_ACC,C100_ACC,D0_ACC,E0_ACC,G0_ACC
1,0.40534262485482,0.2063873261622935,0.18759947336692906,0.10745465314137345,0.5632984901277585,0.19667097926139832,0.2675233657161395,0.0,0.24669405817985535,1.4070840530330315,"[0.6608594655990601, 0.7409988045692444, 0.7491288781166077]",0.4629,0.3867595818815331,0.389082462253194,0.4529616724738676,0.43089430894308944,0.40185830429732866,0.40185830429732866,0.3879210220673635
2,0.43205574912891986,0.23254478640330734,0.16761931736877653,0.10343924220671116,0.519163763066202,0.14789922535419464,0.2476740156610807,0.0,0.22918343916535378,0.46492642106022686,"[0.6608594655990601, 0.7409988045692444, 0.7491288781166077]",0.4165,0.3914053426248548,0.3983739837398374,0.462253193960511,0.40534262485482,0.4146341463414634,0.4146341463414634,0.3902439024390244
3,0.437862950058072,0.2401897684052381,0.1674672281656348,0.11302567015109775,0.5110336817653891,0.12929554283618927,0.2302830070257187,0.0,0.21413917715350786,0.43988691607955843,"[0.6608594655990601, 0.7409988045692444, 0.7491288781166077]",0.4084,0.3879210220673635,0.3914053426248548,0.47502903600464574,0.40418118466898956,0.41231126596980255,0.41231126596980255,0.38559814169570267
4,0.4355400696864111,0.23548466661185563,0.1660229906864023,0.11107366240331666,0.5203252032520326,0.128094881772995,0.21519532551368079,0.0,0.2011778602997462,0.4207170900190249,"[0.6608594655990601, 0.7409988045692444, 0.7491288781166077]",0.4257,0.37630662020905925,0.37746806039488967,0.37514518002322883,0.3902439024390244,0.4146341463414634,0.4146341463414634,0.37630662020905925
5,0.39372822299651566,0.24658909751685965,0.1790493259302227,0.11553365451380453,0.5284552845528455,0.1278703808784485,0.20217670748631159,0.0,0.1899409219622612,0.44004828203469515,"[0.6608594655990601, 0.7409988045692444, 0.7491288781166077]",0.3994,0.39372822299651566,0.3983739837398374,0.45876887340301975,0.38559814169570267,0.37282229965156793,0.37282229965156793,0.3914053426248548
6,0.4088269454123113,0.21155973899104585,0.1717538606130223,0.10755733908582525,0.5342624854819977,0.12787464261054993,0.1907951757311821,0.0,0.17999688411752382,0.3967493419768289,"[0.6608594655990601, 0.7409988045692444, 0.7491288781166077]",0.4112,0.3786295005807201,0.3821138211382114,0.3681765389082462,0.3612078977932636,0.3797909407665505,0.3797909407665505,0.3786295005807201
7,0.437862950058072,0.2283674810898889,0.15891693208552823,0.11108110124940211,0.4924506387921022,0.12919387221336365,0.18060831353068352,0.0,0.17095913738012314,0.4249718099599704,"[0.6608594655990601, 0.7409988045692444, 0.7491288781166077]",0.4276,0.4529616724738676,0.47038327526132406,0.5284552845528455,0.4262485481997677,0.43089430894308944,0.43089430894308944,0.4529616724738676
8,0.4076655052264808,0.22622970463123837,0.16348170396009545,0.11230169439183003,0.4959349593495935,0.13636693358421326,0.1713383086025715,0.0,0.16265749807159105,0.4110286800423637,"[0.6608594655990601, 0.7409988045692444, 0.7491288781166077]",0.4338,0.4332171893147503,0.4448315911730546,0.5075493612078978,0.397212543554007,0.4250871080139373,0.4250871080139373,0.4332171893147503
9,0.35423925667828104,0.21482708567398456,0.1527728495931812,0.08252730930233969,0.519163763066202,0.1328011453151703,0.16280517230431238,0.0,0.1549196516474088,0.4311000909656286,"[0.6608594655990601, 0.7409988045692444, 0.7491288781166077]",0.4041,0.3995354239256678,0.40301974448315914,0.4645760743321719,0.3530778164924506,0.3914053426248548,0.3914053426248548,0.3995354239256678
10,0.4634146341463415,0.2833118329165375,0.15851274606611956,0.11597022357817596,0.521486643437863,0.13117364048957825,0.154873326420784,0.0,0.14771562442183495,0.5478501209290698,"[0.6608594655990601, 0.7409988045692444, 0.7491288781166077]",0.4321,0.35423925667828104,0.35772357723577236,0.36469221835075494,0.37514518002322883,0.3554006968641115,0.3554006968641115,0.3554006968641115
11,0.4727061556329849,0.2720144966132976,0.13455610141138086,0.10610710068944444,0.4994192799070848,0.13445520401000977,0.14744898801048598,0.0,0.1409426381190618,0.4245615809923038,"[0.6608594655990601, 0.7409988045692444, 0.7491288781166077]",0.4669,0.35423925667828104,0.3519163763066202,0.33914053426248547,0.31939605110336816,0.3124274099883856,0.3124274099883856,0.35423925667828104
12,0.3914053426248548,0.2282108698887556,0.14972292753206942,0.09719513808478787,0.519163763066202,0.1333683729171753,0.14052732040484747,0.0,0.13467071329553923,0.4683587480103597,"[0.6608594655990601, 0.7409988045692444, 0.7491288781166077]",0.4727,0.4065040650406504,0.40534262485482,0.429732868757259,0.43902439024390244,0.45528455284552843,0.45528455284552843,0.40534262485482
13,0.38095238095238093,0.20005543150287342,0.1419183511285246,0.07618529295781898,0.49825783972125437,0.13165180385112762,0.13409313062826791,0.0,0.1288114736477534,0.46675144508481026,"[0.6608594655990601, 0.7409988045692444, 0.7491288781166077]",0.4407,0.3879210220673635,0.389082462253194,0.37398373983739835,0.3786295005807201,0.3832752613240418,0.3832752613240418,0.389082462253194
14,0.4065040650406504,0.21602863822326135,0.1465675664113109,0.09109235420150152,0.47502903600464574,0.13288798928260803,0.12810097138086954,0.0,0.12337688604990642,0.47120970906689763,"[0.6608594655990601, 0.7409988045692444, 0.7491288781166077]",0.4628,0.42044134727061555,0.42044134727061555,0.40418118466898956,0.4274099883855981,0.4099883855981417,0.4099883855981417,0.41927990708478513
15,0.37630662020905925,0.20475916099792746,0.13018341693370378,0.07950495507132417,0.5098722415795587,0.13417011499404907,0.12254692862431209,0.0,0.11835216730833054,0.4894633380463347,"[0.6608594655990601, 0.7409988045692444, 0.7491288781166077]",0.4475,0.40418118466898956,0.40069686411149824,0.4065040650406504,0.37514518002322883,0.37282229965156793,0.37282229965156793,0.4065040650406504
16,0.42160278745644597,0.24082812054596603,0.1478220649488125,0.09677399129323297,0.4831591173054588,0.13388943672180176,0.11743227019906044,0.0,0.11371671408414841,0.5104106060462072,"[0.6608594655990601, 0.7409988045692444, 0.7491288781166077]",0.4702,0.413472706155633,0.413472706155633,0.3983739837398374,0.4436701509872242,0.39605110336817656,0.39605110336817656,0.41231126596980255
17,0.3670150987224158,0.18300812909044362,0.14007547529345085,0.09643606941501207,0.5040650406504065,0.13442064821720123,0.11275174468755722,0.0,0.10950358460346858,0.48753551999107003,"[0.6608594655990601, 0.7409988045692444, 0.7491288781166077]",0.4504,0.39372822299651566,0.39605110336817656,0.3797909407665505,0.37398373983739835,0.34959349593495936,0.34959349593495936,0.39372822299651566
18,0.42276422764227645,0.23884324422395864,0.1374882539472883,0.10349381233499218,0.519163763066202,0.12867608666419983,0.10853079085548718,0.0,0.10572517352799575,0.5679507099557668,"[0.6608594655990601, 0.7409988045692444, 0.7491288781166077]",0.6436,0.3623693379790941,0.3600464576074332,0.3530778164924506,0.34843205574912894,0.3356562137049942,0.3356562137049942,0.3635307781649245
19,0.3983739837398374,0.1973718308642508,0.13219593974272906,0.08111096733239856,0.5133565621370499,0.13094371557235718,0.10470027662813663,0.0,0.10221177649994691,0.5053306019399315,"[0.6608594655990601, 0.7409988045692444, 0.7491288781166077]",0.7618,0.37514518002322883,0.3693379790940767,0.3426248548199768,0.40301974448315914,0.39372822299651566,0.39372822299651566,0.3716608594657375
20,0.35656213704994194,0.19056427034475265,0.12858096979278458,0.07165860592828069,0.46689895470383275,0.13385437428951263,0.10115692143638928,0.0,0.09889054981370766,0.7848520290572196,"[0.6608594655990601, 0.7409988045692444, 0.7491288781166077]",0.754,0.3507549361207898,0.3507549361207898,0.3437862950058072,0.3716608594657375,0.35656213704994194,0.35656213704994194,0.3507549361207898
21,0.38095238095238093,0.20279301173801478,0.13109600707554125,0.0826605681152538,0.47038327526132406,0.13081568479537964,0.09782455551127593,0.0,0.09575721559425195,0.8382586410734802,"[0.6608594655990601, 0.7409988045692444, 0.7491288781166077]",0.7874,0.3821138211382114,0.3821138211382114,0.39372822299651566,0.4250871080139373,0.39605110336817656,0.39605110336817656,0.3821138211382114
22,0.3832752613240418,0.21043823958110275,0.14450619683833021,0.09316999022220533,0.49709639953542395,0.12877480685710907,0.09469381906092167,0.0,0.09275813152392705,0.6468907010275871,"[0.6608594655990601, 0.7409988045692444, 0.7491288781166077]",0.6706,0.41231126596980255,0.4146341463414634,0.41114982578397213,0.389082462253194,0.35423925667828104,0.35423925667828104,0.41231126596980255
23,0.39256678281068524,0.20301059282661216,0.1268698104067488,0.09126982074878076,0.5168408826945412,0.12622320652008057,0.09173623410363992,0.0,0.08991842903196812,0.5330003700219095,"[0.6608594655990601, 0.7409988045692444, 0.7491288781166077]",0.7039,0.3554006968641115,0.3554006968641115,0.3437862950058072,0.3519163763066202,0.3321718931475029,0.3321718931475029,0.35423925667828104
24,0.3786295005807201,0.20675908386430175,0.12913141513966367,0.07475568808827047,0.4994192799070848,0.12330734729766846,0.08894397877156734,0.0,0.08723045823474725,0.590473834075965,"[0.6608594655990601, 0.7409988045692444, 0.7491288781166077]",0.4648,0.389082462253194,0.37746806039488967,0.3623693379790941,0.42160278745644597,0.3786295005807201,0.3786295005807201,0.3902439024390244
25,0.3716608594657375,0.19991858356006265,0.14550400501987268,0.09136623073487929,0.4994192799070848,0.12626317143440247,0.08631095352272193,0.0,0.08470687891046207,0.6442807720741257,"[0.6608594655990601, 0.7409988045692444, 0.7491288781166077]",0.4764,0.3995354239256678,0.40301974448315914,0.3914053426248548,0.32752613240418116,0.3321718931475029,0.3321718931475029,0.3995354239256678
26,0.3832752613240418,0.20177700646517482,0.13694598960137527,0.0758498315522278,0.48548199767711964,0.12625594437122345,0.08382865538199742,0.0,0.08233086951076984,0.4987011729972437,"[0.6608594655990601, 0.7409988045692444, 0.7491288781166077]",0.4523,0.42276422764227645,0.42392566782810687,0.4169570267131243,0.389082462253194,0.3693379790940767,0.3693379790940767,0.42044134727061555
27,0.43205574912891986,0.20645460422529105,0.12749438550163814,0.08483567497512415,0.4878048780487805,0.1263839155435562,0.08149791260560353,0.0,0.0801200910160939,0.4999367800774053,"[0.6608594655990601, 0.7409988045692444, 0.7491288781166077]",0.4754,0.41927990708478513,0.42044134727061555,0.413472706155633,0.38559814169570267,0.3670150987224158,0.3670150987224158,0.4181184668989547
28,0.3588850174216028,0.20152681502488123,0.13522678458549708,0.08312805808875978,0.519163763066202,0.12551073729991913,0.0793145913630724,0.0,0.0780315821369489,0.5869259069440886,"[0.6608594655990601, 0.7409988045692444, 0.7491288781166077]",0.6269,0.38559814169570267,0.38095238095238093,0.37514518002322883,0.41579558652729387,0.3914053426248548,0.3914053426248548,0.38559814169570267
29,0.38443670150987225,0.2021310076651932,0.13075228896718408,0.08278005169625229,0.48548199767711964,0.12558792531490326,0.07726297030846278,0.0,0.07606712790826957,0.47883103508502245,"[0.6608594655990601, 0.7409988045692444, 0.7491288781166077]",0.4581,0.37746806039488967,0.3832752613240418,0.40534262485482,0.4413472706155633,0.4181184668989547,0.4181184668989547,0.3821138211382114
30,0.4076655052264808,0.2269925042337524,0.12623182440589012,0.09165443487553059,0.5133565621370499,0.12497963756322861,0.0753498977671067,0.0,0.07424330214659373,0.45312068494968116,"[0.6608594655990601, 0.7409988045692444, 0.7491288781166077]",0.4515,0.39256678281068524,0.3948896631823461,0.389082462253194,0.41927990708478513,0.3902439024390244,0.3902439024390244,0.3914053426248548
31,0.40301974448315914,0.21879948102841096,0.12622656463003393,0.0786384125011696,0.48548199767711964,0.12670354545116425,0.07356013854344685,0.0,0.07252717514832814,0.4861904069548473,"[0.6608594655990601, 0.7409988045692444, 0.7491288781166077]",0.4576,0.3902439024390244,0.39256678281068524,0.3879210220673635,0.42160278745644597,0.389082462253194,0.389082462253194,0.389082462253194
32,0.36469221835075494,0.20583474134703905,0.1337042147652258,0.08099985656686737,0.5075493612078978,0.1256600022315979,0.07189571298658848,0.0,0.07092879402140777,0.4648937500314787,"[0.6608594655990601, 0.7409988045692444, 0.7491288781166077]",0.4375,0.3821138211382114,0.3797909407665505,0.38559814169570267,0.42857142857142855,0.3948896631823461,0.3948896631823461,0.3821138211382114
33,0.3623693379790941,0.1981989164323008,0.13025173640127366,0.08048535225989804,0.5110336817653891,0.12458756566047668,0.07035928033292294,0.0,0.06944484387834866,0.474141577957198,"[0.6608594655990601, 0.7409988045692444, 0.7491288781166077]",0.4575,0.3902439024390244,0.3948896631823461,0.397212543554007,0.4181184668989547,0.39605110336817656,0.39605110336817656,0.3867595818815331
34,0.4146341463414634,0.20162932790224042,0.12777898362521434,0.08486116686204456,0.47619047619047616,0.12943851947784424,0.06893989443778992,0.0,0.06807088355223338,0.47262720204889774,"[0.6608594655990601, 0.7409988045692444, 0.7491288781166077]",0.459,0.38443670150987225,0.3821138211382114,0.38443670150987225,0.4332171893147503,0.3983739837398374,0.3983739837398374,0.38443670150987225
35,0.4099883855981417,0.22543970872617292,0.12861861880259232,0.08872703413942858,0.49477351916376305,0.1290893256664276,0.06763234734535217,0.0,0.06680008458594482,0.4618192419875413,"[0.6608594655990601, 0.7409988045692444, 0.7491288781166077]",0.4561,0.37282229965156793,0.3716608594657375,0.37282229965156793,0.41231126596980255,0.37282229965156793,0.37282229965156793,0.37282229965156793
36,0.4076655052264808,0.2226463059280056,0.12724975534288382,0.08694802060722504,0.49361207897793263,0.12913988530635834,0.0664226667334636,0.0,0.06562499888241291,0.4593418790027499,"[0.6608594655990601, 0.7409988045692444, 0.7491288781166077]",0.4609,0.37282229965156793,0.37514518002322883,0.3693379790940767,0.4657375145180023,0.43205574912891986,0.43205574912891986,0.37282229965156793
37,0.4076655052264808,0.22193005149213796,0.1264804605225453,0.08677138986009689,0.49361207897793263,0.1291302889585495,0.06531141698360443,0.0,0.06454392087956269,0.4595401049591601,"[0.6608594655990601, 0.7409988045692444, 0.7491288781166077]",0.4522,0.41114982578397213,0.41231126596980255,0.41114982578397213,0.35656213704994194,0.3670150987224158,0.3670150987224158,0.4099883855981417
38,0.41114982578397213,0.19841382058434132,0.12556343316461405,0.07862976625638163,0.47735191637630664,0.12933161854743958,0.06429344788193703,0.0,0.06354791671037674,0.47466653992887586,"[0.6608594655990601, 0.7409988045692444, 0.7491288781166077]",0.4803,0.3914053426248548,0.3902439024390244,0.37630662020905925,0.32984901277584205,0.3333333333333333,0.3333333333333333,0.3914053426248548
39,0.3612078977932636,0.1683204833242592,0.11647305802722191,0.06799738751402365,0.4901277584204414,0.12709948420524597,0.06336166833837827,0.0,0.06263475430508454,0.4697247080039233,"[0.6608594655990601, 0.7409988045692444, 0.7491288781166077]",0.4656,0.3797909407665505,0.3821138211382114,0.3716608594657375,0.37630662020905925,0.3623693379790941,0.3623693379790941,0.3797909407665505
40,0.3867595818815331,0.19426316964839574,0.12624023046215835,0.06460781934996815,0.47619047619047616,0.1248675212264061,0.06251433988412221,0.0,0.06179893327256044,0.4669158549513668,"[0.6608594655990601, 0.7409988045692444, 0.7491288781166077]",0.4707,0.38095238095238093,0.3832752613240418,0.3716608594657375,0.37282229965156793,0.3600464576074332,0.3600464576074332,0.38095238095238093
41,0.3612078977932636,0.15944385376044823,0.12290055525182916,0.06408289850607754,0.4878048780487805,0.12521281838417053,0.061739927157759666,0.0,0.061042691891392074,0.47663339495193213,"[0.6608594655990601, 0.7409988045692444, 0.7491288781166077]",0.4646,0.3821138211382114,0.38443670150987225,0.37282229965156793,0.3704994192799071,0.3623693379790941,0.3623693379790941,0.3821138211382114
42,0.34610917537746805,0.17959198180267277,0.11793374805775965,0.07117853083005653,0.502903600464576,0.12445952743291855,0.06103611054519812,0.0,0.06034754899640878,0.4688096269965172,"[0.6608594655990601, 0.7409988045692444, 0.7491288781166077]",0.4427,0.40301974448315914,0.3995354239256678,0.3902439024390244,0.38443670150987225,0.3635307781649245,0.3635307781649245,0.40301974448315914
43,0.3588850174216028,0.1731365770743699,0.11557152585437024,0.0717100409035194,0.48548199767711964,0.12582673132419586,0.060396778086821236,0.0,0.05972095516820749,0.4773227359401062,"[0.6608594655990601, 0.7409988045692444, 0.7491288781166077]",0.462,0.3832752613240418,0.3797909407665505,0.35656213704994194,0.3437862950058072,0.3042973286875726,0.3042973286875726,0.3821138211382114
44,0.30197444831591175,0.1514000085276378,0.12187126411667547,0.06136650695720739,0.5017421602787456,0.1246134489774704,0.05982275058825811,0.0,0.059155162423849106,0.5109933610074222,"[0.6608594655990601, 0.7409988045692444, 0.7491288781166077]",0.4926,0.40534262485482,0.40534262485482,0.39372822299651566,0.37630662020905925,0.3507549361207898,0.3507549361207898,0.4065040650406504
45,0.33681765389082463,0.14379683698508705,0.11281474359883509,0.06734131289225394,0.48664343786295006,0.12670467793941498,0.05930323898792267,0.0,0.058643381421764694,0.5541327859973535,"[0.6608594655990601, 0.7409988045692444, 0.7491288781166077]",0.5171,0.40418118466898956,0.40069686411149824,0.40185830429732866,0.40418118466898956,0.3821138211382114,0.3821138211382114,0.40534262485482
46,0.29152148664343785,0.12930531425312664,0.1187220720085,0.05947492567560662,0.49361207897793263,0.12424208223819733,0.05883465831478437,0.0,0.05818616723020872,0.5487202630611137,"[0.6608594655990601, 0.7409988045692444, 0.7491288781166077]",0.508,0.40534262485482,0.4065040650406504,0.39372822299651566,0.38095238095238093,0.34843205574912894,0.34843205574912894,0.40534262485482
47,0.3310104529616725,0.16631196732059106,0.11571117518450492,0.06304704453878351,0.4959349593495935,0.12417357414960861,0.05841820500791073,0.0,0.057779138907790184,0.5127321040490642,"[0.6608594655990601, 0.7409988045692444, 0.7491288781166077]",0.561,0.4076655052264808,0.4065040650406504,0.39256678281068524,0.3786295005807201,0.3507549361207898,0.3507549361207898,0.4065040650406504
48,0.3333333333333333,0.16985423308596515,0.11672409428758113,0.06466827110644789,0.4959349593495935,0.12372681498527527,0.05804231328268846,0.0,0.057409881303707756,0.5280648530460894,"[0.6608594655990601, 0.7409988045692444, 0.7491288781166077]",0.4644,0.37282229965156793,0.37630662020905925,0.40301974448315914,0.3623693379790941,0.34959349593495936,0.34959349593495936,0.3670150987224158
49,0.3670150987224158,0.15031253621508867,0.11256546367797834,0.0635471850351853,0.4610917537746806,0.12632125616073608,0.057705296824375786,0.0,0.0570771178851525,0.48826636699959636,"[0.6608594655990601, 0.7409988045692444, 0.7491288781166077]",0.4655,0.40069686411149824,0.40301974448315914,0.413472706155633,0.3832752613240418,0.39256678281068524,0.39256678281068524,0.40069686411149824
50,0.33797909407665505,0.1570726579769538,0.10870495242491134,0.060381767734740466,0.4843205574912892,0.12678511440753937,0.05740318944056829,0.0,0.05677917661766211,0.615626799990423,"[0.6608594655990601, 0.7409988045692444, 0.7491288781166077]",0.5213,0.3983739837398374,0.3948896631823461,0.397212543554007,0.3797909407665505,0.389082462253194,0.389082462253194,0.397212543554007
51,0.3821138211382114,0.17907561504092495,0.11726452295118397,0.05705587182415216,0.46689895470383275,0.1285993456840515,0.057131847366690636,0.0,0.05651061857740084,0.5047413470456377,"[0.6608594655990601, 0.7409988045692444, 0.7491288781166077]",0.5944,0.37746806039488967,0.37630662020905925,0.3670150987224158,0.38443670150987225,0.35656213704994194,0.35656213704994194,0.37746806039488967
52,0.3902439024390244,0.18985837643693615,0.1275833459098006,0.07223407517958523,0.47851335656213706,0.12786531448364258,0.05688795385261377,0.0,0.056271632512410484,0.78460496396292,"[0.6608594655990601, 0.7409988045692444, 0.7491288781166077]",0.5821,0.3588850174216028,0.35772357723577236,0.3507549361207898,0.37746806039488967,0.3600464576074332,0.3600464576074332,0.3588850174216028
53,0.3124274099883856,0.13770801860219628,0.12277378892947192,0.06003817454793281,0.46806039488966317,0.12587518990039825,0.056668845936656,0.0,0.056054236367344856,0.587387050036341,"[0.6608594655990601, 0.7409988045692444, 0.7491288781166077]",0.4665,0.3867595818815331,0.3879210220673635,0.3716608594657375,0.37746806039488967,0.3588850174216028,0.3588850174216028,0.3867595818815331
54,0.3333333333333333,0.15513630776647425,0.12605543262353758,0.06644176458342059,0.4564459930313589,0.1258455365896225,0.056472862139344215,0.0,0.055858886490265526,0.5457873740233481,"[0.6608594655990601, 0.7409988045692444, 0.7491288781166077]",0.4443,0.3403019744483159,0.33914053426248547,0.34610917537746805,0.3356562137049942,0.3507549361207898,0.3507549361207898,0.3403019744483159
55,0.3867595818815331,0.20497641728035365,0.13114791696513337,0.08212132350440797,0.47038327526132406,0.1282973289489746,0.056294100979963936,0.0,0.055681838964422546,0.5066432900493965,"[0.6608594655990601, 0.7409988045692444, 0.7491288781166077]",0.4274,0.3867595818815331,0.389082462253194,0.40185830429732866,0.38559814169570267,0.40534262485482,0.40534262485482,0.38559814169570267
56,0.37282229965156793,0.18407387453473056,0.12707288326065255,0.07847194378213308,0.4715447154471545,0.12855182588100433,0.056134515752394996,0.0,0.05552261074384054,0.5172548500122502,"[0.6608594655990601, 0.7409988045692444, 0.7491288781166077]",0.4312,0.3797909407665505,0.38095238095238093,0.36585365853658536,0.313588850174216,0.34494773519163763,0.34494773519163763,0.3797909407665505
57,0.3902439024390244,0.18284466410807543,0.13234708984484128,0.07710829846916127,0.4808362369337979,0.12810799479484558,0.055988747626543045,0.0,0.05537813839813074,0.45052588800899684,"[0.6608594655990601, 0.7409988045692444, 0.7491288781166077]",0.4223,0.37282229965156793,0.3693379790940767,0.3588850174216028,0.36469221835075494,0.36469221835075494,0.36469221835075494,0.3716608594657375
58,0.4099883855981417,0.19894948518180722,0.13715926956889782,0.08201312269512544,0.4796747967479675,0.12530528008937836,0.05585659792025884,0.0,0.05524366473158201,0.4839744089404121,"[0.6608594655990601, 0.7409988045692444, 0.7491288781166077]",0.418,0.3554006968641115,0.35423925667828104,0.34146341463414637,0.36469221835075494,0.33797909407665505,0.33797909407665505,0.35423925667828104
59,0.3530778164924506,0.17228970559300794,0.1318800219391221,0.07850462113112253,0.48664343786295006,0.12076976150274277,0.055736130103468895,0.0,0.05511981745560964,0.4545571490889415,"[0.6608594655990601, 0.7409988045692444, 0.7491288781166077]",0.431,0.40418118466898956,0.397212543554007,0.3437862950058072,0.42857142857142855,0.3902439024390244,0.3902439024390244,0.3995354239256678
60,0.313588850174216,0.1365103445467134,0.12841245384539368,0.06308245861605986,0.4796747967479675,0.12230366468429565,0.05562335252761841,0.0,0.05500462899605433,0.5245985250221565,"[0.6608594655990601, 0.7409988045692444, 0.7491288781166077]",0.5628,0.4088269454123113,0.413472706155633,0.4262485481997677,0.4657375145180023,0.46689895470383275,0.46689895470383275,0.4088269454123113
61,0.39605110336817656,0.1682179442877686,0.13693513411509245,0.06894793009230235,0.4727061556329849,0.12567567825317383,0.055518509820103645,0.0,0.054896069690585136,0.5005637379363179,"[0.6608594655990601, 0.7409988045692444, 0.7491288781166077]",0.4173,0.42276422764227645,0.4274099883855981,0.413472706155633,0.39256678281068524,0.3832752613240418,0.3832752613240418,0.42160278745644597
62,0.29500580720092917,0.10389697233643447,0.13221295281515208,0.06242831696729697,0.4796747967479675,0.12441660463809967,0.05542015035947164,0.0,0.05479483865201473,0.5781664709793404,"[0.6608594655990601, 0.7409988045692444, 0.7491288781166077]",0.4151,0.41231126596980255,0.42044134727061555,0.40301974448315914,0.454123112659698,0.4343786295005807,0.4343786295005807,0.413472706155633
63,0.38443670150987225,0.19150918993235566,0.1455471862521509,0.08692205999575559,0.5005807200929152,0.12231330573558807,0.055328638603289924,0.0,0.05469652948280176,0.5459835450164974,"[0.6608594655990601, 0.7409988045692444, 0.7491288781166077]",0.5235,0.3948896631823461,0.3983739837398374,0.4146341463414634,0.4355400696864111,0.4274099883855981,0.4274099883855981,0.3948896631823461
64,0.39372822299651566,0.21773865096024303,0.15404558135465007,0.10479845027526488,0.5226480836236934,0.12020528316497803,0.055242293824752174,0.0,0.0546041876077652,0.48371395096182823,"[0.6608594655990601, 0.7409988045692444, 0.7491288781166077]",0.4711,0.4088269454123113,0.41231126596980255,0.3832752613240418,0.4332171893147503,0.41231126596980255,0.41231126596980255,0.4088269454123113
65,0.2938443670150987,0.1408595868153799,0.14290651605301813,0.06765314729945471,0.4889663182346109,0.11699914187192917,0.05515822768211365,0.0,0.054518582920233406,0.5011588699417189,"[0.6608594655990601, 0.7409988045692444, 0.7491288781166077]",0.4391,0.40069686411149824,0.40301974448315914,0.41114982578397213,0.3902439024390244,0.4065040650406504,0.4065040650406504,0.3995354239256678
66,0.35772357723577236,0.16105233853006695,0.14928589373489373,0.07959530108250684,0.49477351916376305,0.11571280658245087,0.05508186109364033,0.0,0.05443857548137506,0.4753410740522668,"[0.6608594655990601, 0.7409988045692444, 0.7491288781166077]",0.4213,0.4250871080139373,0.429732868757259,0.397212543554007,0.47038327526132406,0.44018583042973286,0.44018583042973286,0.42276422764227645
67,0.40418118466898956,0.21132587559928218,0.1556845473859157,0.09270102387472005,0.5017421602787456,0.11596764624118805,0.05501092039048672,0.0,0.05436290490130583,0.4502861719811335,"[0.6608594655990601, 0.7409988045692444, 0.7491288781166077]",0.4075,0.3948896631823461,0.3995354239256678,0.39256678281068524,0.4065040650406504,0.3879210220673635,0.3879210220673635,0.39372822299651566
68,0.4367015098722416,0.24718902616003935,0.15376508475024883,0.10919251785334605,0.5110336817653891,0.11692093312740326,0.054946632434924446,0.0,0.05428756152590116,0.45571070699952543,"[0.6608594655990601, 0.7409988045692444, 0.7491288781166077]",0.4233,0.42044134727061555,0.4262485481997677,0.3797909407665505,0.454123112659698,0.42392566782810687,0.42392566782810687,0.41927990708478513
69,0.3426248548199768,0.1565850526392304,0.15570905477523295,0.07937935603188183,0.49361207897793263,0.11730586737394333,0.05488706814746062,0.0,0.054221574837962784,0.5237893289886415,"[0.6608594655990601, 0.7409988045692444, 0.7491288781166077]",0.5185,0.4181184668989547,0.4274099883855981,0.36585365853658536,0.45993031358885017,0.42276422764227645,0.42276422764227645,0.4146341463414634
70,0.4529616724738676,0.27507373840296023,0.16875810595730892,0.1295096440856707,0.5400696864111498,0.12468545138835907,0.05483367728690306,0.0,0.05415770411491394,0.44405804900452495,"[0.6608594655990601, 0.7409988045692444, 0.7491288781166077]",0.444,0.41579558652729387,0.42392566782810687,0.3623693379790941,0.47038327526132406,0.42392566782810687,0.42392566782810687,0.4146341463414634
71,0.4425087108013937,0.2673938130514091,0.1674611034242025,0.12164286310005931,0.5319396051103368,0.12113843858242035,0.05478196404874325,0.0,0.05409650566677252,0.5042605109047145,"[0.6608594655990601, 0.7409988045692444, 0.7491288781166077]",0.4305,0.41579558652729387,0.4181184668989547,0.40301974448315914,0.43089430894308944,0.37630662020905925,0.37630662020905925,0.41579558652729387
72,0.41231126596980255,0.25071202531645564,0.18578681829827234,0.12579059108923143,0.5632984901277585,0.11795624345541,0.05473686878879865,0.0,0.054036508003870644,0.45083350397180766,"[0.6608594655990601, 0.7409988045692444, 0.7491288781166077]",0.4204,0.40534262485482,0.4076655052264808,0.39372822299651566,0.43089430894308944,0.3786295005807201,0.3786295005807201,0.4076655052264808
73,0.43902439024390244,0.26057100590137816,0.18350977651127848,0.11655379404610772,0.5389082462253194,0.11534570157527924,0.054694648211201034,0.0,0.0539789025982221,0.47388798801694065,"[0.6608594655990601, 0.7409988045692444, 0.7491288781166077]",0.4322,0.42160278745644597,0.4355400696864111,0.38443670150987225,0.4692218350754936,0.43205574912891986,0.43205574912891986,0.42160278745644597
74,0.3681765389082462,0.21003312442234656,0.15246910280894307,0.10130604718753837,0.537746806039489,0.11814691126346588,0.05465807641545931,0.0,0.05392117549975713,0.5135525519726798,"[0.6608594655990601, 0.7409988045692444, 0.7491288781166077]",0.5219,0.40534262485482,0.4076655052264808,0.41114982578397213,0.4099883855981417,0.41231126596980255,0.41231126596980255,0.40534262485482
75,0.34727061556329847,0.1776588151320485,0.18318326185428793,0.11539743122672966,0.5632984901277585,0.11791627109050751,0.0546249703814586,0.0,0.05386910277108351,0.49077556503470987,"[0.6608594655990601, 0.7409988045692444, 0.7491288781166077]",0.419,0.4076655052264808,0.4088269454123113,0.41927990708478513,0.4343786295005807,0.41231126596980255,0.41231126596980255,0.4076655052264808
76,0.45528455284552843,0.2735536610244499,0.17383721378333825,0.13090884481923218,0.5400696864111498,0.11633910238742828,0.054596531515320144,0.0,0.053819250936309494,0.5907817150000483,"[0.6608594655990601, 0.7409988045692444, 0.7491288781166077]",0.6667,0.43205574912891986,0.437862950058072,0.41114982578397213,0.4924506387921022,0.4529616724738676,0.4529616724738676,0.43089430894308944
77,0.4274099883855981,0.2618451393453741,0.17649064740066428,0.12507632296829746,0.5412311265969802,0.11848802864551544,0.05457073946793874,0.0,0.053771693259477615,0.4878198209917173,"[0.6608594655990601, 0.7409988045692444, 0.7491288781166077]",0.416,0.389082462253194,0.3983739837398374,0.43205574912891986,0.40301974448315914,0.37746806039488967,0.37746806039488967,0.3902439024390244
78,0.429732868757259,0.2638642204902104,0.18062623818996415,0.12662228304639886,0.5423925667828107,0.11801180243492126,0.05454687029123306,0.0,0.053727361684044204,0.4420645530335605,"[0.6608594655990601, 0.7409988045692444, 0.7491288781166077]",0.4267,0.3902439024390244,0.3983739837398374,0.43205574912891986,0.40185830429732866,0.37746806039488967,0.37746806039488967,0.3914053426248548
79,0.4425087108013937,0.24986250746452876,0.19307913000867274,0.12552066752685542,0.5528455284552846,0.11557835340499878,0.05452473027010759,0.0,0.05368511565029621,0.44705367705319077,"[0.6608594655990601, 0.7409988045692444, 0.7491288781166077]",0.4222,0.39372822299651566,0.3914053426248548,0.41927990708478513,0.4436701509872242,0.41114982578397213,0.41114982578397213,0.3948896631823461
80,0.4425087108013937,0.25252981977012323,0.19573042222457693,0.12758202792922071,0.5598141695702671,0.11338643729686737,0.05450436162451903,0.0,0.05364506505429745,0.4607996529666707,"[0.6608594655990601, 0.7409988045692444, 0.7491288781166077]",0.4435,0.42044134727061555,0.42276422764227645,0.4355400696864111,0.41927990708478513,0.4099883855981417,0.4099883855981417,0.42276422764227645
81,0.4436701509872242,0.275141704674277,0.2011761219760681,0.13822527602037676,0.5737514518002322,0.11277934908866882,0.054483773186802864,0.0,0.05360624504586061,0.4708237610757351,"[0.6608594655990601, 0.7409988045692444, 0.7491288781166077]",0.4433,0.38559814169570267,0.3902439024390244,0.34843205574912894,0.4413472706155633,0.40534262485482,0.40534262485482,0.38559814169570267
82,0.43902439024390244,0.2495926435852418,0.19696684533738448,0.126370717366899,0.5598141695702671,0.11291100829839706,0.05446715156237284,0.0,0.05356950623293718,0.47721338795963675,"[0.6608594655990601, 0.7409988045692444, 0.7491288781166077]",0.4294,0.3995354239256678,0.4076655052264808,0.3623693379790941,0.41231126596980255,0.37398373983739835,0.37398373983739835,0.3983739837398374
83,0.4715447154471545,0.28996447602131437,0.18586808319932852,0.13466432951133067,0.5505226480836237,0.11473822593688965,0.05445103471477827,0.0,0.053535146017869316,0.48098060803022236,"[0.6608594655990601, 0.7409988045692444, 0.7491288781166077]",0.4392,0.3995354239256678,0.4076655052264808,0.3623693379790941,0.41231126596980255,0.37398373983739835,0.37398373983739835,0.3983739837398374
84,0.47038327526132406,0.2884245934797266,0.18519809746138555,0.1337387912149643,0.5481997677119629,0.11567699909210205,0.05443824455142021,0.0,0.05350174196064472,0.47050886298529804,"[0.6608594655990601, 0.7409988045692444, 0.7491288781166077]",0.4583,0.3948896631823461,0.40301974448315914,0.437862950058072,0.4436701509872242,0.41927990708478513,0.41927990708478513,0.3902439024390244
85,0.47038327526132406,0.2888834149592836,0.1855650514394513,0.13420057267642124,0.5481997677119629,0.11566921323537827,0.054427433758974075,0.0,0.05346931889653206,0.4346841610968113,"[0.6608594655990601, 0.7409988045692444, 0.7491288781166077]",0.5437,0.41231126596980255,0.42276422764227645,0.42044134727061555,0.4413472706155633,0.43205574912891986,0.43205574912891986,0.41231126596980255
86,0.4715447154471545,0.28976623772176957,0.18584969877636384,0.135187713279969,0.5470383275261324,0.11559976637363434,0.05441860047479471,0.0,0.05343798299630483,0.45834702998399734,"[0.6608594655990601, 0.7409988045692444, 0.7491288781166077]",0.4552,0.39605110336817656,0.4065040650406504,0.44831591173054586,0.4343786295005807,0.40418118466898956,0.40418118466898956,0.39256678281068524
87,0.4367015098722416,0.2699933045352596,0.17457905592279443,0.12770593434143007,0.5447154471544715,0.11926638334989548,0.05441001368065675,0.0,0.05340780566136042,0.449871251010336,"[0.6608594655990601, 0.7409988045692444, 0.7491288781166077]",0.4608,0.3948896631823461,0.4065040650406504,0.44715447154471544,0.44018583042973286,0.4099883855981417,0.4099883855981417,0.39372822299651566
88,0.4367015098722416,0.2691168002408362,0.1744320352914944,0.12697085332789132,0.5435540069686411,0.1187867745757103,0.05440309209128221,0.0,0.05337801886101564,0.4753241650760174,"[0.6608594655990601, 0.7409988045692444, 0.7491288781166077]",0.4486,0.38095238095238093,0.3902439024390244,0.3612078977932636,0.4146341463414634,0.37398373983739835,0.37398373983739835,0.3797909407665505
89,0.4250871080139373,0.25652597130735744,0.18427308391144337,0.12214157050206267,0.5563298490127758,0.11609729379415512,0.05440062594910463,0.0,0.05334855616092682,0.4588646769989282,"[0.6608594655990601, 0.7409988045692444, 0.7491288781166077]",0.443,0.3902439024390244,0.40185830429732866,0.4250871080139373,0.40534262485482,0.3821138211382114,0.3821138211382114,0.3902439024390244
90,0.3716608594657375,0.21665141903845753,0.18233218379385907,0.12119999890387557,0.5714285714285714,0.11409823596477509,0.05439653930564722,0.0,0.05332100950181484,0.45381655590608716,"[0.6608594655990601, 0.7409988045692444, 0.7491288781166077]",0.4431,0.38559814169570267,0.39605110336817656,0.37514518002322883,0.41927990708478513,0.37746806039488967,0.37746806039488967,0.3832752613240418
91,0.37630662020905925,0.2238099634868007,0.18379558990210826,0.12577492027041626,0.5725900116144018,0.11447586864233017,0.054393671452999115,0.0,0.05329440782467524,0.43868719402235,"[0.6608594655990601, 0.7409988045692444, 0.7491288781166077]",0.4464,0.389082462253194,0.397212543554007,0.40301974448315914,0.4274099883855981,0.42044134727061555,0.42044134727061555,0.38443670150987225
92,0.38095238095238093,0.228582811113203,0.1855892213582467,0.12821440485997976,0.5737514518002322,0.11447526514530182,0.054385787496964134,0.0,0.0532693105439345,0.45038502395618707,"[0.6608594655990601, 0.7409988045692444, 0.7491288781166077]",0.4255,0.3879210220673635,0.3983739837398374,0.40418118466898956,0.4274099883855981,0.41927990708478513,0.41927990708478513,0.38443670150987225
93,0.3879210220673635,0.2355460385438971,0.18827233764882445,0.1330893032889598,0.5853658536585366,0.11342703551054001,0.054378590236107506,0.0,0.05324595235288143,0.5420394859975204,"[0.6608594655990601, 0.7409988045692444, 0.7491288781166077]",0.4309,0.39256678281068524,0.3995354239256678,0.3995354239256678,0.37630662020905925,0.38443670150987225,0.38443670150987225,0.3948896631823461
94,0.45993031358885017,0.2831089719485598,0.1836323254489585,0.14036932854571907,0.5551684088269454,0.11710353195667267,0.0543686809639136,0.0,0.05322545270125071,0.523545959033072,"[0.6608594655990601, 0.7409988045692444, 0.7491288781166077]",0.4613,0.4146341463414634,0.41579558652729387,0.41579558652729387,0.454123112659698,0.4343786295005807,0.4343786295005807,0.4146341463414634
95,0.4088269454123113,0.24713455235111015,0.18096631013461817,0.1270471982507427,0.5760743321718932,0.11759069561958313,0.0543544286241134,0.0,0.05320671138664087,0.46805095102172345,"[0.6608594655990601, 0.7409988045692444, 0.7491288781166077]",0.4601,0.42044134727061555,0.42044134727061555,0.4262485481997677,0.4645760743321719,0.45063879210220675,0.45063879210220675,0.42044134727061555
96,0.4564459930313589,0.278672442805485,0.1838928478352299,0.13806054322834524,0.5551684088269454,0.11779065430164337,0.05434338189661503,0.0,0.053189946338534355,0.44330099504441023,"[0.6608594655990601, 0.7409988045692444, 0.7491288781166077]",0.4487,0.42276422764227645,0.42160278745644597,0.4274099883855981,0.4645760743321719,0.44831591173054586,0.44831591173054586,0.42276422764227645
97,0.3983739837398374,0.24020136457721109,0.1900014363210683,0.13201945428244824,0.578397212543554,0.11984637379646301,0.05432950767378012,0.0,0.05317190972467264,0.4394546919502318,"[0.6608594655990601, 0.7409988045692444, 0.7491288781166077]",0.4465,0.42044134727061555,0.42044134727061555,0.4274099883855981,0.45876887340301975,0.46689895470383275,0.46689895470383275,0.42160278745644597
98,0.47619047619047616,0.2966272392993642,0.17888657341234995,0.14743972598480123,0.562137049941928,0.11879688501358032,0.054320426657795906,0.0,0.05315420217812061,0.4285563619341701,"[0.6608594655990601, 0.7409988045692444, 0.7491288781166077]",0.4459,0.3879210220673635,0.39372822299651566,0.429732868757259,0.41927990708478513,0.37282229965156793,0.37282229965156793,0.3867595818815331
99,0.4878048780487805,0.3126028513238289,0.18262359209569748,0.14283200309287702,0.5505226480836237,0.12118767201900482,0.054304887230197586,0.0,0.05313652195036411,0.46004314301535487,"[0.6608594655990601, 0.7409988045692444, 0.7491288781166077]",0.4589,0.389082462253194,0.397212543554007,0.4355400696864111,0.42160278745644597,0.37514518002322883,0.37514518002322883,0.3902439024390244
100,0.4878048780487805,0.31300457030783535,0.18362605264377294,0.14366920252931387,0.5516840882694541,0.12107521295547485,0.054294535890221596,0.0,0.05311823139588038,0.45722359197679907,"[0.6608594655990601, 0.7409988045692444, 0.7491288781166077]",0.476,0.38095238095238093,0.389082462253194,0.42276422764227645,0.42276422764227645,0.3995354239256678,0.3995354239256678,0.38095238095238093
101,0.4878048780487805,0.3126414267766823,0.1822509042586762,0.1427287682919375,0.5493612078977933,0.1210775226354599,0.054289967442552246,0.0,0.05310010785857836,0.5079560650046915,"[0.6608594655990601, 0.7409988045692444, 0.7491288781166077]",0.4974,0.3797909407665505,0.3821138211382114,0.37514518002322883,0.389082462253194,0.3670150987224158,0.3670150987224158,0.3797909407665505
102,0.5249709639953543,0.33662556866882043,0.1806768562809338,0.15402269686272702,0.5563298490127758,0.12041699886322021,0.05428613784412543,0.0,0.053082133953770004,0.4326246400596574,"[0.6608594655990601, 0.7409988045692444, 0.7491288781166077]",0.5167,0.4355400696864111,0.44715447154471544,0.45063879210220675,0.4994192799070848,0.4796747967479675,0.4796747967479675,0.4343786295005807
103,0.5249709639953543,0.33639305090463,0.1811087158246009,0.15411380246955153,0.5563298490127758,0.11988379061222076,0.054281568775574364,0.0,0.0530646995951732,0.5723850639769807,"[0.6608594655990601, 0.7409988045692444, 0.7491288781166077]",0.4903,0.413472706155633,0.4181184668989547,0.44947735191637633,0.43205574912891986,0.40185830429732866,0.40185830429732866,0.41114982578397213
104,0.41231126596980255,0.2554881487431002,0.17790531988152503,0.11634607636285656,0.5412311265969802,0.11893584579229355,0.054274010782440506,0.0,0.05304885531465212,0.44997791305650026,"[0.6608594655990601, 0.7409988045692444, 0.7491288781166077]",0.4817,0.4146341463414634,0.41927990708478513,0.4518002322880372,0.4355400696864111,0.40301974448315914,0.40301974448315914,0.41231126596980255
105,0.47619047619047616,0.2933491535170488,0.19389240690039586,0.14182696275227422,0.5470383275261324,0.11863647401332855,0.05425609524051348,0.0,0.053034327924251556,0.4259082650532946,"[0.6608594655990601, 0.7409988045692444, 0.7491288781166077]",0.4636,0.4146341463414634,0.4169570267131243,0.4529616724738676,0.4355400696864111,0.40069686411149824,0.40069686411149824,0.4146341463414634
106,0.4738675958188153,0.29049433807812997,0.19375835226643837,0.1418156331499161,0.5458768873403019,0.11875497549772263,0.05424076815446218,0.0,0.05301944104333719,0.43682836298830807,"[0.6608594655990601, 0.7409988045692444, 0.7491288781166077]",0.456,0.38559814169570267,0.39256678281068524,0.43089430894308944,0.3704994192799071,0.3716608594657375,0.3716608594657375,0.38443670150987225
107,0.5238095238095238,0.33405271210197574,0.18142509792753345,0.15367072537873278,0.5563298490127758,0.1202298253774643,0.05422875968118509,0.0,0.05300564567248026,0.4378738849190995,"[0.6608594655990601, 0.7409988045692444, 0.7491288781166077]",0.4605,0.3983739837398374,0.4065040650406504,0.44831591173054586,0.3821138211382114,0.37746806039488967,0.37746806039488967,0.3983739837398374
108,0.4808362369337979,0.295147658074264,0.1912354704960749,0.14778310687580232,0.5551684088269454,0.11811678856611252,0.054210469126701355,0.0,0.05299323610961437,0.4852151250233874,"[0.6608594655990601, 0.7409988045692444, 0.7491288781166077]",0.4903,0.3867595818815331,0.3914053426248548,0.41927990708478513,0.47038327526132406,0.4343786295005807,0.4343786295005807,0.3867595818815331
109,0.47735191637630664,0.3000859876293428,0.1929720553264059,0.1458963945015057,0.5296167247386759,0.1208178922533989,0.05419505884250005,0.0,0.05297947985430559,0.5619854159886017,"[0.6608594655990601, 0.7409988045692444, 0.7491288781166077]",0.4446,0.4099883855981417,0.413472706155633,0.4727061556329849,0.4355400696864111,0.4250871080139373,0.4250871080139373,0.41114982578397213
110,0.47735191637630664,0.3000859876293428,0.19360003024302022,0.14659242124153707,0.5296167247386759,0.12141479551792145,0.05418584619959196,0.0,0.05296497792005539,0.4463356389896944,"[0.6608594655990601, 0.7409988045692444, 0.7491288781166077]",0.6937,0.4076655052264808,0.41114982578397213,0.4692218350754936,0.429732868757259,0.42392566782810687,0.42392566782810687,0.4076655052264808
111,0.47851335656213706,0.3025082272451719,0.1896158699028009,0.1453475573390866,0.5296167247386759,0.12141349166631699,0.05417859802643458,0.0,0.052950878938039146,0.43822049198206514,"[0.6608594655990601, 0.7409988045692444, 0.7491288781166077]",0.4981,0.4146341463414634,0.4181184668989547,0.47038327526132406,0.42392566782810687,0.4332171893147503,0.4332171893147503,0.4146341463414634
112,0.47851335656213706,0.3020221351580695,0.18898535405296327,0.14499939566890233,0.5296167247386759,0.12136141955852509,0.05417155474424362,0.0,0.05293713075419267,0.43561088806018233,"[0.6608594655990601, 0.7409988045692444, 0.7491288781166077]",0.4563,0.39605110336817656,0.3995354239256678,0.45063879210220675,0.4367015098722416,0.3995354239256678,0.3995354239256678,0.3948896631823461
113,0.4796747967479675,0.30325461422579625,0.18739587696950238,0.14372919006267343,0.5284552845528455,0.12141907215118408,0.05416234085957209,0.0,0.052923768758773804,0.46176638500764966,"[0.6608594655990601, 0.7409988045692444, 0.7491288781166077]",0.444,0.40418118466898956,0.40418118466898956,0.4181184668989547,0.3983739837398374,0.36469221835075494,0.36469221835075494,0.40418118466898956
114,0.4831591173054588,0.3069538855586226,0.18896666661609712,0.14384341852860516,0.5284552845528455,0.12137667834758759,0.054151199758052826,0.0,0.0529109351336956,0.43700907099992037,"[0.6608594655990601, 0.7409988045692444, 0.7491288781166077]",0.4612,0.40418118466898956,0.40534262485482,0.413472706155633,0.3948896631823461,0.3600464576074332,0.3600464576074332,0.40534262485482
115,0.4564459930313589,0.29065943738337496,0.19185639897992782,0.1407898623179866,0.5319396051103368,0.12252992391586304,0.054135446747144066,0.0,0.0528990812599659,0.465607236023061,"[0.6608594655990601, 0.7409988045692444, 0.7491288781166077]",0.4706,0.40069686411149824,0.40301974448315914,0.4088269454123113,0.3821138211382114,0.3554006968641115,0.3554006968641115,0.40069686411149824
116,0.4332171893147503,0.2606555011631223,0.17809680870889288,0.11396209817918762,0.5203252032520326,0.12152662873268127,0.05411937336126963,0.0,0.052888009076317154,0.4361462900415063,"[0.6608594655990601, 0.7409988045692444, 0.7491288781166077]",0.4528,0.3867595818815331,0.3879210220673635,0.39605110336817656,0.35656213704994194,0.3437862950058072,0.3437862950058072,0.3867595818815331
117,0.454123112659698,0.2750824482425671,0.18223308837019192,0.12792812785311095,0.5365853658536586,0.11963244527578354,0.05410186325510343,0.0,0.05287712005277475,0.46616488602012396,"[0.6608594655990601, 0.7409988045692444, 0.7491288781166077]",0.4482,0.3832752613240418,0.38559814169570267,0.35423925667828104,0.38559814169570267,0.3588850174216028,0.3588850174216028,0.3821138211382114
118,0.4518002322880372,0.27188552037739444,0.1806558657760264,0.1275475638943365,0.5354239256678281,0.11910653114318848,0.054088832810521126,0.0,0.05286559648811817,0.4483825910137966,"[0.6608594655990601, 0.7409988045692444, 0.7491288781166077]",0.5049,0.38443670150987225,0.38559814169570267,0.3519163763066202,0.3914053426248548,0.35772357723577236,0.35772357723577236,0.3832752613240418
119,0.3519163763066202,0.19685521133541528,0.1963815958520747,0.1209914137423976,0.5714285714285714,0.11508223414421082,0.05407369260986646,0.0,0.05285500672956308,0.5290716270683333,"[0.6608594655990601, 0.7409988045692444, 0.7491288781166077]",0.5218,0.38559814169570267,0.38559814169570267,0.34959349593495936,0.389082462253194,0.35423925667828104,0.35423925667828104,0.38559814169570267
120,0.35423925667828104,0.20037549525953935,0.1965264219000122,0.12165851436495217,0.5725900116144018,0.1124134212732315,0.054060323163867,0.0,0.0528446181366841,0.5014888430014253,"[0.6608594655990601, 0.7409988045692444, 0.7491288781166077]",0.4598,0.3948896631823461,0.39605110336817656,0.40301974448315914,0.413472706155633,0.40534262485482,0.40534262485482,0.39372822299651566
121,0.47851335656213706,0.30347461826043864,0.19897055604231922,0.15304544438473275,0.570267131242741,0.11579939723014832,0.054047303895155586,0.0,0.05283427548905214,0.46110419800970703,"[0.6608594655990601, 0.7409988045692444, 0.7491288781166077]",0.4588,0.39605110336817656,0.3995354239256678,0.3902439024390244,0.4169570267131243,0.4065040650406504,0.4065040650406504,0.397212543554007
122,0.462253193960511,0.29121564918070086,0.19513763370575907,0.1498241890940679,0.5842044134727061,0.11590719223022461,0.05403113613526026,0.0,0.05282412221034368,0.6785036979708821,"[0.6608594655990601, 0.7409988045692444, 0.7491288781166077]",0.7306,0.39605110336817656,0.3995354239256678,0.3902439024390244,0.41927990708478513,0.40534262485482,0.40534262485482,0.397212543554007
123,0.4645760743321719,0.2944441975593931,0.2012715763925248,0.15298214770707882,0.5853658536585366,0.11473053693771362,0.05401864585777124,0.0,0.05281391181051731,0.6646625939756632,"[0.6608594655990601, 0.7409988045692444, 0.7491288781166077]",0.4865,0.3983739837398374,0.389082462253194,0.42044134727061555,0.40301974448315914,0.41231126596980255,0.41231126596980255,0.40069686411149824
124,0.4634146341463415,0.29267104336631267,0.2017663679406624,0.152543121578694,0.5853658536585366,0.11462108790874481,0.054006063689788185,0.0,0.05280401992301146,0.43120177497621626,"[0.6608594655990601, 0.7409988045692444, 0.7491288781166077]",0.5465,0.40069686411149824,0.4088269454123113,0.3914053426248548,0.43089430894308944,0.3867595818815331,0.3867595818815331,0.40069686411149824
125,0.5040650406504065,0.3292324926701198,0.20983099321897608,0.18760492055980296,0.5993031358885017,0.11326401680707932,0.053992309918006264,0.0,0.05279494201143583,0.5025935630546883,"[0.6608594655990601, 0.7409988045692444, 0.7491288781166077]",0.5318,0.3995354239256678,0.4099883855981417,0.39372822299651566,0.42857142857142855,0.3879210220673635,0.3879210220673635,0.3995354239256678
126,0.4994192799070848,0.32286865413459753,0.2049093767523341,0.18231361937554946,0.5934959349593496,0.11233718693256378,0.05397639671961466,0.0,0.052786109348138176,0.49349492508918047,"[0.6608594655990601, 0.7409988045692444, 0.7491288781166077]",0.537,0.39256678281068524,0.40069686411149824,0.38559814169570267,0.41927990708478513,0.40534262485482,0.40534262485482,0.3914053426248548
127,0.49361207897793263,0.3183739577583452,0.2109272228545947,0.16117899040100717,0.5795586527293844,0.11227989196777344,0.05395501169065634,0.0,0.052777418245871864,0.5311899080406874,"[0.6608594655990601, 0.7409988045692444, 0.7491288781166077]",0.5372,0.4274099883855981,0.4610917537746806,0.44715447154471544,0.40185830429732866,0.41114982578397213,0.41114982578397213,0.42857142857142855
128,0.4924506387921022,0.3152377468510622,0.21030675930928466,0.15705805900789468,0.5760743321718932,0.11169173568487167,0.05394132621586323,0.0,0.05276878550648689,0.589410534943454,"[0.6608594655990601, 0.7409988045692444, 0.7491288781166077]",0.4757,0.397212543554007,0.39605110336817656,0.41927990708478513,0.4262485481997677,0.41579558652729387,0.41579558652729387,0.397212543554007
129,0.47038327526132406,0.28947539868107686,0.20422587016865515,0.14948873990060357,0.562137049941928,0.11467783898115158,0.0539252000550429,0.0,0.05276058862606684,0.4345047780079767,"[0.6608594655990601, 0.7409988045692444, 0.7491288781166077]",0.4419,0.3797909407665505,0.3867595818815331,0.3704994192799071,0.4332171893147503,0.37398373983739835,0.37398373983739835,0.37398373983739835
130,0.4912891986062718,0.31339462903959947,0.2047318611355295,0.17504759368521203,0.5911730545876888,0.11376458406448364,0.05390589560071627,0.0,0.05275322310626507,0.5006172629073262,"[0.6608594655990601, 0.7409988045692444, 0.7491288781166077]",0.4952,0.4076655052264808,0.41579558652729387,0.4436701509872242,0.42160278745644597,0.4065040650406504,0.4065040650406504,0.4065040650406504
131,0.4994192799070848,0.3190041180054467,0.1981712238375781,0.16826414013562005,0.5760743321718932,0.11377681791782379,0.05388480797410011,0.0,0.05274644183615843,0.45507549308240414,"[0.6608594655990601, 0.7409988045692444, 0.7491288781166077]",0.4556,0.397212543554007,0.40301974448315914,0.4088269454123113,0.413472706155633,0.4146341463414634,0.4146341463414634,0.3983739837398374
132,0.5005807200929152,0.32071130551570015,0.20099088713053423,0.17049366112868536,0.578397212543554,0.11439874023199081,0.05385727062821388,0.0,0.05274005855123202,0.4687104490585625,"[0.6608594655990601, 0.7409988045692444, 0.7491288781166077]",0.5462,0.4076655052264808,0.41231126596980255,0.4099883855981417,0.46806039488966317,0.43902439024390244,0.43902439024390244,0.40534262485482
133,0.5017421602787456,0.3219987114324575,0.2009667576252602,0.16937310857229285,0.5772357723577236,0.1143711507320404,0.05383755328754584,0.0,0.05273434209326903,0.49166102905292064,"[0.6608594655990601, 0.7409988045692444, 0.7491288781166077]",0.5259,0.40069686411149824,0.40418118466898956,0.4355400696864111,0.4843205574912892,0.4425087108013937,0.4425087108013937,0.40301974448315914
134,0.4425087108013937,0.2797051057488693,0.19561039710552153,0.1321271859595647,0.5505226480836237,0.11636029183864594,0.05381328923006853,0.0,0.052730027586221695,0.500485687982291,"[0.6608594655990601, 0.7409988045692444, 0.7491288781166077]",0.5035,0.40534262485482,0.43089430894308944,0.45063879210220675,0.4250871080139373,0.39256678281068524,0.39256678281068524,0.4065040650406504
135,0.4634146341463415,0.27715690657130077,0.18581953097121154,0.14729738282355423,0.554006968641115,0.11603960394859314,0.05378076434135437,0.0,0.05272765892247359,0.49936082400381565,"[0.6608594655990601, 0.7409988045692444, 0.7491288781166077]",0.4973,0.41927990708478513,0.42857142857142855,0.4564459930313589,0.4413472706155633,0.413472706155633,0.413472706155633,0.4169570267131243
136,0.4425087108013937,0.276931367265958,0.19608573332529855,0.1309909203801761,0.5423925667828107,0.11722977459430695,0.05375378889342149,0.0,0.052725991855065026,0.4854635960655287,"[0.6608594655990601, 0.7409988045692444, 0.7491288781166077]",0.471,0.4181184668989547,0.4355400696864111,0.45760743321718933,0.4332171893147503,0.4099883855981417,0.4099883855981417,0.4169570267131243
137,0.462253193960511,0.2732415472852502,0.18540614502826638,0.14313843426904047,0.5493612078977933,0.11595241725444794,0.053725642462571464,0.0,0.05272362877925237,0.5090465809917077,"[0.6608594655990601, 0.7409988045692444, 0.7491288781166077]",0.5249,0.4274099883855981,0.4413472706155633,0.429732868757259,0.4819976771196283,0.45063879210220675,0.45063879210220675,0.42392566782810687
138,0.5284552845528455,0.3341574634570037,0.18519771865038562,0.1420387208828176,0.5400696864111498,0.12056706845760345,0.053696375961105026,0.0,0.05271741126974424,0.46512399904895574,"[0.6608594655990601, 0.7409988045692444, 0.7491288781166077]",0.6783,0.4181184668989547,0.4343786295005807,0.4610917537746806,0.43902439024390244,0.4146341463414634,0.4146341463414634,0.41579558652729387
139,0.46806039488966317,0.2858136375984788,0.19223736842292702,0.1432613791637012,0.5528455284552846,0.11632554233074188,0.053682355831066765,0.0,0.05271017551422119,0.4733309649163857,"[0.6608594655990601, 0.7409988045692444, 0.7491288781166077]",0.4856,0.3983739837398374,0.41579558652729387,0.40418118466898956,0.4425087108013937,0.4076655052264808,0.4076655052264808,0.3948896631823461
140,0.4715447154471545,0.30129964632926154,0.1888180904022166,0.14468083722779268,0.570267131242741,0.11783172935247421,0.053670780112346016,0.0,0.05270279571413994,0.6367883860366419,"[0.6608594655990601, 0.7409988045692444, 0.7491288781166077]",0.477,0.40069686411149824,0.42044134727061555,0.4332171893147503,0.43902439024390244,0.40534262485482,0.40534262485482,0.39605110336817656
141,0.462253193960511,0.2944633916261521,0.18703703233419208,0.13521507964044868,0.5725900116144018,0.11729313433170319,0.05365774594247341,0.0,0.052696315571665764,0.5390835229773074,"[0.6608594655990601, 0.7409988045692444, 0.7491288781166077]",0.4672,0.40069686411149824,0.42044134727061555,0.4332171893147503,0.43902439024390244,0.40185830429732866,0.40185830429732866,0.39605110336817656
142,0.5075493612078978,0.3241457959981635,0.19079248251958728,0.15265232938196704,0.554006968641115,0.11816710233688354,0.053646622225642204,0.0,0.052689465383688606,0.46090215200092643,"[0.6608594655990601, 0.7409988045692444, 0.7491288781166077]",0.4573,0.41927990708478513,0.4332171893147503,0.4436701509872242,0.4262485481997677,0.4181184668989547,0.4181184668989547,0.41927990708478513
143,0.429732868757259,0.2627961886958281,0.1856691804668407,0.11719635419607695,0.5412311265969802,0.11633916944265366,0.05363616719841957,0.0,0.052684503297011055,0.49701104511041194,"[0.6608594655990601, 0.7409988045692444, 0.7491288781166077]",0.6162,0.4169570267131243,0.43089430894308944,0.44715447154471544,0.40069686411149824,0.3879210220673635,0.3879210220673635,0.41579558652729387
144,0.43902439024390244,0.27584315446339025,0.19834399879077125,0.12460201611310276,0.5528455284552846,0.11733923852443695,0.05361936924358209,0.0,0.05267899173001448,0.4587817919673398,"[0.6608594655990601, 0.7409988045692444, 0.7491288781166077]",0.4329,0.4169570267131243,0.4343786295005807,0.4425087108013937,0.3983739837398374,0.3867595818815331,0.3867595818815331,0.41927990708478513
145,0.4564459930313589,0.28057333028623666,0.18971507248392303,0.13743027757262424,0.5481997677119629,0.11722560971975327,0.053601995731393494,0.0,0.052674563601613045,0.4577950369566679,"[0.6608594655990601, 0.7409988045692444, 0.7491288781166077]",0.4389,0.4169570267131243,0.4343786295005807,0.4448315911730546,0.40185830429732866,0.3879210220673635,0.3879210220673635,0.41579558652729387
146,0.437862950058072,0.2709568162574091,0.1993969747617593,0.12190001286032653,0.5516840882694541,0.11778169125318527,0.053585940351088844,0.0,0.05266901416083177,0.47190537001006305,"[0.6608594655990601, 0.7409988045692444, 0.7491288781166077]",0.4726,0.42392566782810687,0.43902439024390244,0.40185830429732866,0.47851335656213706,0.44947735191637633,0.44947735191637633,0.42160278745644597
147,0.4796747967479675,0.3084324950381796,0.21279812323906352,0.15456512661509847,0.570267131242741,0.1161598414182663,0.053572348629434906,0.0,0.0526645922412475,0.4644585039932281,"[0.6608594655990601, 0.7409988045692444, 0.7491288781166077]",0.4366,0.42276422764227645,0.437862950058072,0.40069686411149824,0.4796747967479675,0.44947735191637633,0.44947735191637633,0.42160278745644597
148,0.4831591173054588,0.3057256860385893,0.1818516370485485,0.14661842727146532,0.5470383275261324,0.11923649907112122,0.05355828565855821,0.0,0.052658711249629654,0.5305761729832739,"[0.6608594655990601, 0.7409988045692444, 0.7491288781166077]",0.4268,0.42044134727061555,0.4367015098722416,0.40418118466898956,0.47502903600464574,0.4518002322880372,0.4518002322880372,0.4181184668989547
149,0.454123112659698,0.28098036985970354,0.20665285935564795,0.14744474799792281,0.562137049941928,0.11977498233318329,0.05354659010966619,0.0,0.05265378641585509,0.5428713009459898,"[0.6608594655990601, 0.7409988045692444, 0.7491288781166077]",0.433,0.4518002322880372,0.4692218350754936,0.4645760743321719,0.49709639953542395,0.5005807200929152,0.5005807200929152,0.44947735191637633
150,0.47502903600464574,0.30902557073409775,0.194360943949029,0.15975041995335232,0.5609756097560976,0.11696001887321472,0.0535355806350708,0.0,0.05264812956253687,0.4739984709303826,"[0.6608594655990601, 0.7409988045692444, 0.7491288781166077]",0.4282,0.4250871080139373,0.4425087108013937,0.4076655052264808,0.47619047619047616,0.44715447154471544,0.44715447154471544,0.42276422764227645
151,0.5040650406504065,0.33017838370624897,0.19809441899437719,0.16117328429650468,0.5632984901277585,0.11965086311101913,0.053520998607079186,0.0,0.05264436515669028,0.5029315680731088,"[0.6608594655990601, 0.7409988045692444, 0.7491288781166077]",0.43,0.42276422764227645,0.44018583042973286,0.4065040650406504,0.47502903600464574,0.45063879210220675,0.45063879210220675,0.42160278745644597
152,0.44947735191637633,0.27997459443724027,0.19088658254643978,0.1432522145321595,0.5342624854819977,0.11965250968933105,0.053506920114159584,0.0,0.05264007051785787,0.5069790080888197,"[0.6608594655990601, 0.7409988045692444, 0.7491288781166077]",0.4209,0.45063879210220675,0.45993031358885017,0.4657375145180023,0.5098722415795587,0.4819976771196283,0.4819976771196283,0.45063879210220675
153,0.49477351916376305,0.3267524819750104,0.1954996809812449,0.1604315297037903,0.562137049941928,0.12182479351758957,0.053495763490597405,0.0,0.05263593172033628,0.4809539089910686,"[0.6608594655990601, 0.7409988045692444, 0.7491288781166077]",0.4088,0.4262485481997677,0.4343786295005807,0.4808362369337979,0.5412311265969802,0.5052264808362369,0.5052264808362369,0.4250871080139373
154,0.5261324041811847,0.3545395080147876,0.20907486012920656,0.16793737981515877,0.570267131242741,0.12097164243459702,0.053483001266916595,0.0,0.05263157313068708,0.4773747499566525,"[0.6608594655990601, 0.7409988045692444, 0.7491288781166077]",0.4022,0.42276422764227645,0.4332171893147503,0.4529616724738676,0.5180023228803716,0.4878048780487805,0.4878048780487805,0.42044134727061555
155,0.46689895470383275,0.29264162864665466,0.1855224560753496,0.13869229231357924,0.5586527293844367,0.12132763862609863,0.053469047571221985,0.0,0.05262802727520466,0.47441120899748057,"[0.6608594655990601, 0.7409988045692444, 0.7491288781166077]",0.4087,0.4262485481997677,0.4367015098722416,0.48548199767711964,0.5435540069686411,0.5075493612078978,0.5075493612078978,0.4250871080139373
156,0.4343786295005807,0.2799989697271493,0.19400155389818496,0.1378947081441163,0.5725900116144018,0.1204681396484375,0.053459071243802704,0.0,0.05262297453979651,0.4582579219713807,"[0.6608594655990601, 0.7409988045692444, 0.7491288781166077]",0.4021,0.429732868757259,0.44831591173054586,0.4343786295005807,0.5168408826945412,0.4831591173054588,0.4831591173054588,0.429732868757259
157,0.4610917537746806,0.29805795049030026,0.19082253954105546,0.1505043007227908,0.5749128919860628,0.11846008151769638,0.05344978595773379,0.0,0.05261821486055851,0.5126072430284694,"[0.6608594655990601, 0.7409988045692444, 0.7491288781166077]",0.4366,0.42857142857142855,0.44831591173054586,0.4146341463414634,0.5075493612078978,0.47619047619047616,0.47619047619047616,0.429732868757259
158,0.43089430894308944,0.27743466957138296,0.194879295303408,0.1383361504807499,0.5749128919860628,0.11908160150051117,0.0534400399774313,0.0,0.05261344090104103,0.6531377759529278,"[0.6608594655990601, 0.7409988045692444, 0.7491288781166077]",0.4515,0.429732868757259,0.44715447154471544,0.41579558652729387,0.5098722415795587,0.47851335656213706,0.47851335656213706,0.429732868757259
159,0.462253193960511,0.29121186852029324,0.19382598765492734,0.1560229862808478,0.5551684088269454,0.11956344544887543,0.053431314726670585,0.0,0.05260867501298586,0.5152282130438834,"[0.6608594655990601, 0.7409988045692444, 0.7491288781166077]",0.413,0.4332171893147503,0.44715447154471544,0.4994192799070848,0.5296167247386759,0.5075493612078978,0.5075493612078978,0.4332171893147503
160,0.45528455284552843,0.28409133216677207,0.1911544233359651,0.15174271373462042,0.5516840882694541,0.11948509514331818,0.053423293555776276,0.0,0.052603731552759804,0.49684607004746795,"[0.6608594655990601, 0.7409988045692444, 0.7491288781166077]",0.4194,0.4332171893147503,0.44831591173054586,0.502903600464576,0.5307781649245064,0.5063879210220673,0.5063879210220673,0.4332171893147503
161,0.45760743321718933,0.2953889505144125,0.1912177673351479,0.15211449902976498,0.5505226480836237,0.11944550275802612,0.05341649862627188,0.0,0.05259875642756621,0.594149705953896,"[0.6608594655990601, 0.7409988045692444, 0.7491288781166077]",0.4563,0.43205574912891986,0.44947735191637633,0.5063879210220673,0.5272938443670151,0.5040650406504065,0.5040650406504065,0.43089430894308944
162,0.4634146341463415,0.30214541224932334,0.19180997681517903,0.1502522331913853,0.5505226480836237,0.11941607296466827,0.053408908347288765,0.0,0.05259394024809202,0.4690753250615671,"[0.6608594655990601, 0.7409988045692444, 0.7491288781166077]",0.4078,0.4343786295005807,0.44947735191637633,0.5063879210220673,0.5284552845528455,0.5017421602787456,0.5017421602787456,0.4343786295005807
163,0.4634146341463415,0.3016467696629215,0.19154684619435003,0.1505405735369234,0.5505226480836237,0.11940471827983856,0.05340189983447393,0.0,0.05258951957027117,0.47409638902172446,"[0.6608594655990601, 0.7409988045692444, 0.7491288781166077]",0.4131,0.4355400696864111,0.44947735191637633,0.5075493612078978,0.5296167247386759,0.502903600464576,0.502903600464576,0.4355400696864111
164,0.4634146341463415,0.3020462305632662,0.1932593942913901,0.1511472548990648,0.5737514518002322,0.1187000721693039,0.053393889839450516,0.0,0.05258522120614847,0.483769424026832,"[0.6608594655990601, 0.7409988045692444, 0.7491288781166077]",0.5621,0.4343786295005807,0.44947735191637633,0.49709639953542395,0.5284552845528455,0.5017421602787456,0.5017421602787456,0.4343786295005807
165,0.4610917537746806,0.3005723169469894,0.1938268071462942,0.15014854021823865,0.5749128919860628,0.1177029013633728,0.05338559796412786,0.0,0.05258127301931381,0.598880092962645,"[0.6608594655990601, 0.7409988045692444, 0.7491288781166077]",0.431,0.437862950058072,0.4529616724738676,0.5005807200929152,0.5296167247386759,0.502903600464576,0.502903600464576,0.437862950058072
166,0.4843205574912892,0.32276185836396654,0.20781447466891315,0.17008609850813616,0.5876887340301974,0.11822813004255295,0.053376435612638794,0.0,0.05257734780510267,0.5459171120310202,"[0.6608594655990601, 0.7409988045692444, 0.7491288781166077]",0.4138,0.4181184668989547,0.43205574912891986,0.43902439024390244,0.521486643437863,0.47851335656213706,0.47851335656213706,0.4181184668989547
167,0.48664343786295006,0.3258674168011466,0.2109360873859125,0.17132065230725801,0.5900116144018583,0.11711451411247253,0.05336811083058516,0.0,0.05257329220573107,0.4664073419990018,"[0.6608594655990601, 0.7409988045692444, 0.7491288781166077]",0.4211,0.44018583042973286,0.454123112659698,0.4436701509872242,0.49477351916376305,0.47038327526132406,0.47038327526132406,0.44018583042973286
168,0.46806039488966317,0.3117590079673278,0.20980638992114262,0.15464904426819234,0.5818815331010453,0.11766213178634644,0.05335993133485317,0.0,0.052569326013326645,0.4857335750712082,"[0.6608594655990601, 0.7409988045692444, 0.7491288781166077]",0.3952,0.43902439024390244,0.4518002322880372,0.4343786295005807,0.49477351916376305,0.4634146341463415,0.4634146341463415,0.43902439024390244
169,0.4657375145180023,0.3085496407097815,0.21078952884771307,0.15258685701527974,0.5818815331010453,0.11649911850690842,0.053351751218239464,0.0,0.0525653517494599,0.4646310299867764,"[0.6608594655990601, 0.7409988045692444, 0.7491288781166077]",0.3994,0.3914053426248548,0.40418118466898956,0.3914053426248548,0.42857142857142855,0.36585365853658536,0.36585365853658536,0.3914053426248548
170,0.4715447154471545,0.31553125802613446,0.21379148334554543,0.15505609281625854,0.5842044134727061,0.11655980348587036,0.053344413017233215,0.0,0.0525611067811648,0.5566448010504246,"[0.6608594655990601, 0.7409988045692444, 0.7491288781166077]",0.6154,0.40301974448315914,0.41231126596980255,0.4169570267131243,0.40185830429732866,0.35656213704994194,0.35656213704994194,0.40069686411149824
171,0.4692218350754936,0.31347499664132694,0.21562527724446673,0.15485563238290817,0.5842044134727061,0.1166142150759697,0.0533351923028628,0.0,0.052557699382305145,0.6074913260526955,"[0.6608594655990601, 0.7409988045692444, 0.7491288781166077]",0.5328,0.39256678281068524,0.3995354239256678,0.3879210220673635,0.429732868757259,0.3716608594657375,0.3716608594657375,0.39256678281068524
172,0.46806039488966317,0.31292099788477423,0.2164855492555953,0.15499990635187566,0.5853658536585366,0.11661243438720703,0.05332359733680884,0.0,0.052555643022060394,0.5040373960509896,"[0.6608594655990601, 0.7409988045692444, 0.7491288781166077]",0.4677,0.40534262485482,0.41231126596980255,0.41927990708478513,0.40418118466898956,0.35772357723577236,0.35772357723577236,0.40301974448315914
173,0.46806039488966317,0.31333615425201244,0.2169134476242691,0.15540777048286433,0.5888501742160279,0.11662279069423676,0.053309718146920204,0.0,0.05255330974857012,0.452593382098712,"[0.6608594655990601, 0.7409988045692444, 0.7491288781166077]",0.4206,0.397212543554007,0.4076655052264808,0.3948896631823461,0.4355400696864111,0.3867595818815331,0.3867595818815331,0.397212543554007
174,0.429732868757259,0.28140112425824293,0.20979406573138534,0.1391957298249292,0.5714285714285714,0.11776035279035568,0.053297962372501693,0.0,0.0525510199368,0.4467552490532398,"[0.6608594655990601, 0.7409988045692444, 0.7491288781166077]",0.4194,0.40069686411149824,0.4076655052264808,0.39605110336817656,0.43902439024390244,0.3867595818815331,0.3867595818815331,0.3995354239256678
175,0.4413472706155633,0.29624707931517913,0.20379026066917805,0.1353904818868101,0.5632984901277585,0.11879479885101318,0.05328484935065111,0.0,0.052548433343569435,0.46593746601138264,"[0.6608594655990601, 0.7409988045692444, 0.7491288781166077]",0.4297,0.3995354239256678,0.4076655052264808,0.3983739837398374,0.437862950058072,0.38443670150987225,0.38443670150987225,0.3983739837398374
176,0.43089430894308944,0.2818037893876718,0.2112796681055379,0.14045417621664139,0.5714285714285714,0.1189117357134819,0.053275821109612785,0.0,0.052544853960474334,0.45496720308437943,"[0.6608594655990601, 0.7409988045692444, 0.7491288781166077]",0.4522,0.3983739837398374,0.4065040650406504,0.40069686411149824,0.437862950058072,0.389082462253194,0.389082462253194,0.3983739837398374
177,0.4610917537746806,0.30826010544815463,0.2132503217384536,0.1520654972851471,0.5830429732868757,0.11791755259037018,0.053268175572156906,0.0,0.05254062389334043,0.4817096629412845,"[0.6608594655990601, 0.7409988045692444, 0.7491288781166077]",0.4542,0.3983739837398374,0.40534262485482,0.3948896631823461,0.4367015098722416,0.389082462253194,0.389082462253194,0.397212543554007
178,0.4250871080139373,0.27613510717979806,0.20714329079992166,0.1365304806235342,0.5667828106852497,0.11744515597820282,0.05326184816658497,0.0,0.05253625536958376,0.4907339579658583,"[0.6608594655990601, 0.7409988045692444, 0.7491288781166077]",0.4828,0.4367015098722416,0.45528455284552843,0.45993031358885017,0.45760743321718933,0.429732868757259,0.429732868757259,0.4332171893147503
179,0.4146341463414634,0.272957568081064,0.2062503448537759,0.13518235472475496,0.5714285714285714,0.11718375980854034,0.05325485331316789,0.0,0.052532412111759186,0.47482023597694933,"[0.6608594655990601, 0.7409988045692444, 0.7491288781166077]",0.5641,0.4146341463414634,0.42392566782810687,0.39605110336817656,0.4425087108013937,0.4262485481997677,0.4262485481997677,0.4146341463414634
180,0.41927990708478513,0.27692387797229645,0.20324449292663035,0.13641248900335015,0.5725900116144018,0.11686893552541733,0.05324839738508066,0.0,0.05252846082051595,0.5871904769446701,"[0.6608594655990601, 0.7409988045692444, 0.7491288781166077]",0.6302,0.4146341463414634,0.4250871080139373,0.40069686411149824,0.44831591173054586,0.429732868757259,0.429732868757259,0.4169570267131243
181,0.4065040650406504,0.262678162942108,0.1979044919156192,0.13566597926159296,0.5830429732868757,0.11708176136016846,0.05324196753402551,0.0,0.05252490503092607,0.6125681409612298,"[0.6608594655990601, 0.7409988045692444, 0.7491288781166077]",0.6413,0.4146341463414634,0.42160278745644597,0.39372822299651566,0.44715447154471544,0.429732868757259,0.429732868757259,0.4146341463414634
182,0.47619047619047616,0.3092530431673488,0.18546940663025638,0.14270753272055464,0.570267131242741,0.11843760311603546,0.05323561032613119,0.0,0.05252124431232611,0.6184791999403387,"[0.6608594655990601, 0.7409988045692444, 0.7491288781166077]",0.636,0.40418118466898956,0.41231126596980255,0.40069686411149824,0.44947735191637633,0.40418118466898956,0.40418118466898956,0.40301974448315914
183,0.45876887340301975,0.3038053974142524,0.20474105976835533,0.15636564965436672,0.5900116144018583,0.11704885959625244,0.05322808461884657,0.0,0.05251775806148847,0.5958343950333074,"[0.6608594655990601, 0.7409988045692444, 0.7491288781166077]",0.6119,0.40301974448315914,0.41231126596980255,0.40301974448315914,0.44831591173054586,0.40534262485482,0.40534262485482,0.40301974448315914
184,0.45760743321718933,0.30270706159822414,0.20446341600121856,0.1543984651350292,0.5900116144018583,0.11575405299663544,0.053220573191841446,0.0,0.052514723812540375,0.580655005061999,"[0.6608594655990601, 0.7409988045692444, 0.7491288781166077]",0.709,0.40185830429732866,0.41114982578397213,0.40301974448315914,0.445993031358885,0.40418118466898956,0.40418118466898956,0.40185830429732866
185,0.4076655052264808,0.26464111250851985,0.1958108220366596,0.13493956419889333,0.5830429732868757,0.11582180857658386,0.05321302140752474,0.0,0.052511137599746384,0.996236661914736,"[0.6608594655990601, 0.7409988045692444, 0.7491288781166077]",0.7424,0.4076655052264808,0.42160278745644597,0.4088269454123113,0.46806039488966317,0.4367015098722416,0.4367015098722416,0.4065040650406504
186,0.4065040650406504,0.26609362593662644,0.1974069462123096,0.13465341257209754,0.5830429732868757,0.11536713689565659,0.053206692139307656,0.0,0.05250758429368337,0.5846942119533196,"[0.6608594655990601, 0.7409988045692444, 0.7491288781166077]",0.7087,0.4250871080139373,0.445993031358885,0.4367015098722416,0.4738675958188153,0.4448315911730546,0.4448315911730546,0.4250871080139373
187,0.41114982578397213,0.26401075000505825,0.20252132825957989,0.13743928971442027,0.5737514518002322,0.11473476141691208,0.05320077451566855,0.0,0.05250398007531961,0.4417029799660668,"[0.6608594655990601, 0.7409988045692444, 0.7491288781166077]",0.4341,0.37630662020905925,0.4076655052264808,0.41114982578397213,0.3623693379790941,0.34610917537746805,0.34610917537746805,0.3786295005807201
188,0.37746806039488967,0.22603496708733395,0.20492856200663306,0.1379459500973132,0.5807200929152149,0.11208605766296387,0.05319462033609549,0.0,0.052500604962309204,0.43860793695785105,"[0.6608594655990601, 0.7409988045692444, 0.7491288781166077]",0.4289,0.4065040650406504,0.41114982578397213,0.37282229965156793,0.4645760743321719,0.42044134727061555,0.42044134727061555,0.4065040650406504
189,0.37514518002322883,0.22553948474963925,0.20945411778677697,0.1396909288156538,0.5818815331010453,0.11049143970012665,0.053188350051641464,0.0,0.05249738631149133,0.5182741020107642,"[0.6608594655990601, 0.7409988045692444, 0.7491288781166077]",0.4359,0.42276422764227645,0.4367015098722416,0.41231126596980255,0.48664343786295006,0.46806039488966317,0.46806039488966317,0.42276422764227645
190,0.4146341463414634,0.2483592544285841,0.2007417996183023,0.1393477503542287,0.5667828106852497,0.11065401881933212,0.05318226292729378,0.0,0.05249417635301749,0.45869183994363993,"[0.6608594655990601, 0.7409988045692444, 0.7491288781166077]",0.4401,0.4099883855981417,0.4169570267131243,0.38443670150987225,0.46689895470383275,0.41579558652729387,0.41579558652729387,0.4099883855981417
191,0.37398373983739835,0.22669739354735496,0.20676886930165392,0.13883996364835546,0.5807200929152149,0.11157684028148651,0.05317592186232408,0.0,0.052490998059511185,0.4510326450690627,"[0.6608594655990601, 0.7409988045692444, 0.7491288781166077]",0.4355,0.42392566782810687,0.4367015098722416,0.454123112659698,0.5168408826945412,0.4518002322880372,0.4518002322880372,0.42276422764227645
192,0.37398373983739835,0.22313622096672947,0.20577510515950048,0.13668733571615455,0.5772357723577236,0.11047165095806122,0.05316921758155028,0.0,0.05248795263469219,0.46908002300187945,"[0.6608594655990601, 0.7409988045692444, 0.7491288781166077]",0.4303,0.42392566782810687,0.437862950058072,0.45528455284552843,0.5156794425087108,0.4518002322880372,0.4518002322880372,0.42276422764227645
193,0.37398373983739835,0.22285391805853716,0.2065076402488051,0.13744091919818993,0.578397212543554,0.1103089451789856,0.053163101275761925,0.0,0.0524847786873579,0.46400368597824126,"[0.6608594655990601, 0.7409988045692444, 0.7491288781166077]",0.4199,0.41579558652729387,0.4343786295005807,0.40185830429732866,0.47851335656213706,0.4332171893147503,0.4332171893147503,0.41579558652729387
194,0.37398373983739835,0.22329744484928016,0.20741724125727118,0.1380284413340944,0.578397212543554,0.11030511558055878,0.05315714764098326,0.0,0.052481589217980705,0.4581382480682805,"[0.6608594655990601, 0.7409988045692444, 0.7491288781166077]",0.4194,0.40418118466898956,0.41927990708478513,0.37746806039488967,0.44715447154471544,0.40418118466898956,0.40418118466898956,0.40418118466898956
195,0.41114982578397213,0.26520997030722926,0.19224543178057013,0.12652670080393058,0.570267131242741,0.11519515514373779,0.05315081402659416,0.0,0.05247830475370089,0.4704093949403614,"[0.6608594655990601, 0.7409988045692444, 0.7491288781166077]",0.4182,0.4065040650406504,0.42044134727061555,0.3948896631823461,0.4715447154471545,0.4274099883855981,0.4274099883855981,0.4065040650406504
196,0.4146341463414634,0.2714048254671837,0.19329977378411686,0.12624659586363693,0.5493612078977933,0.11669456958770752,0.05314472131431103,0.0,0.05247527981797854,0.46343324601184577,"[0.6608594655990601, 0.7409988045692444, 0.7491288781166077]",0.4227,0.42392566782810687,0.43205574912891986,0.42276422764227645,0.48664343786295006,0.44715447154471544,0.44715447154471544,0.4250871080139373
197,0.43089430894308944,0.28761632020370687,0.19058636892373707,0.1273568157935645,0.5389082462253194,0.11777125298976898,0.05313815797368685,0.0,0.05247232193748156,0.5320840770145878,"[0.6608594655990601, 0.7409988045692444, 0.7491288781166077]",0.4199,0.40534262485482,0.42044134727061555,0.39256678281068524,0.4715447154471545,0.4250871080139373,0.4250871080139373,0.40534262485482
198,0.4181184668989547,0.273238995247153,0.19636433711662693,0.1311705405730884,0.5737514518002322,0.11722799390554428,0.05313159463306268,0.0,0.052469586953520775,0.5068480109330267,"[0.6608594655990601, 0.7409988045692444, 0.7491288781166077]",0.4413,0.4065040650406504,0.4181184668989547,0.38443670150987225,0.4564459930313589,0.4088269454123113,0.4088269454123113,0.4065040650406504
199,0.4146341463414634,0.26916664140418944,0.19244291412114364,0.12966875582490442,0.5725900116144018,0.11618408560752869,0.05312479349474112,0.0,0.052466584369540215,0.4742569789523259,"[0.6608594655990601, 0.7409988045692444, 0.7491288781166077]",0.4409,0.42392566782810687,0.42857142857142855,0.42044134727061555,0.4808362369337979,0.4425087108013937,0.4425087108013937,0.42392566782810687
200,0.42160278745644597,0.27991898672954274,0.19858352428471904,0.13908908142672202,0.5830429732868757,0.11529013514518738,0.0531177781522274,0.0,0.05246389781435331,0.4808773180702701,"[0.6608594655990601, 0.7409988045692444, 0.7491288781166077]",0.5874,0.42392566782810687,0.43902439024390244,0.43205574912891986,0.5087108013937283,0.45063879210220675,0.45063879210220675,0.42392566782810687
201,0.42160278745644597,0.27992261457929246,0.19801581636013885,0.13846511338278938,0.5818815331010453,0.11498743295669556,0.05311017297208309,0.0,0.052461342265208565,0.4675879250280559,"[0.6608594655990601, 0.7409988045692444, 0.7491288781166077]",0.4365,0.42160278745644597,0.4250871080139373,0.42160278745644597,0.4808362369337979,0.4425087108013937,0.4425087108013937,0.42160278745644597
202,0.429732868757259,0.28526335721700546,0.18681901245781815,0.13338612938838168,0.562137049941928,0.11698278039693832,0.05310324269036452,0.0,0.05245868364969889,0.468828635988757,"[0.6608594655990601, 0.7409988045692444, 0.7491288781166077]",0.4387,0.42392566782810687,0.4274099883855981,0.42392566782810687,0.4831591173054588,0.4448315911730546,0.4448315911730546,0.42392566782810687
203,0.42857142857142855,0.28415381807612483,0.1871967157131107,0.13337787648453908,0.562137049941928,0.11777633428573608,0.053097077955802284,0.0,0.05245586236317953,0.4480622719274834,"[0.6608594655990601, 0.7409988045692444, 0.7491288781166077]",0.4318,0.40185830429732866,0.41579558652729387,0.3600464576074332,0.3670150987224158,0.37514518002322883,0.37514518002322883,0.40069686411149824
204,0.43089430894308944,0.28618561305910306,0.19007912590663312,0.13455499172846586,0.570267131242741,0.11850905418395996,0.053091179579496384,0.0,0.05245323789616426,0.44253649190068245,"[0.6608594655990601, 0.7409988045692444, 0.7491288781166077]",0.443,0.41114982578397213,0.4076655052264808,0.3914053426248548,0.4715447154471545,0.4343786295005807,0.4343786295005807,0.41114982578397213
205,0.44018583042973286,0.291973405625628,0.20151202565476103,0.1433851777970319,0.5795586527293844,0.1175236850976944,0.05308515578508377,0.0,0.05245004966855049,0.4480000950861722,"[0.6608594655990601, 0.7409988045692444, 0.7491288781166077]",0.4378,0.3983739837398374,0.4088269454123113,0.3670150987224158,0.3786295005807201,0.38559814169570267,0.38559814169570267,0.3983739837398374
206,0.4274099883855981,0.28263580931263854,0.1864758100741674,0.1325139332978871,0.562137049941928,0.11744211614131927,0.05307979881763458,0.0,0.05244687696297964,0.4420489949407056,"[0.6608594655990601, 0.7409988045692444, 0.7491288781166077]",0.5559,0.40301974448315914,0.41579558652729387,0.3600464576074332,0.3670150987224158,0.37514518002322883,0.37514518002322883,0.40069686411149824
207,0.42857142857142855,0.2767250711131902,0.19831152074490646,0.13464356874350691,0.5470383275261324,0.11719848960638046,0.05307470386226972,0.0,0.05244357573489348,0.4434608400333673,"[0.6608594655990601, 0.7409988045692444, 0.7491288781166077]",0.4427,0.40185830429732866,0.4146341463414634,0.36469221835075494,0.37746806039488967,0.38559814169570267,0.38559814169570267,0.40185830429732866
208,0.4436701509872242,0.29055713813888184,0.19777933867410882,0.1379885358739658,0.5551684088269454,0.11906715482473373,0.05307014100253582,0.0,0.05244046511749426,0.42515007802285254,"[0.6608594655990601, 0.7409988045692444, 0.7491288781166077]",0.4826,0.40185830429732866,0.413472706155633,0.36469221835075494,0.3786295005807201,0.3867595818815331,0.3867595818815331,0.40185830429732866
209,0.4413472706155633,0.2888403114299747,0.19873613343553181,0.13825260174413595,0.5563298490127758,0.11961730569601059,0.053065719082951546,0.0,0.05243733090658983,0.44761772896163166,"[0.6608594655990601, 0.7409988045692444, 0.7491288781166077]",0.431,0.41927990708478513,0.43089430894308944,0.45760743321718933,0.4901277584204414,0.43205574912891986,0.43205574912891986,0.4181184668989547
210,0.4413472706155633,0.2888403114299747,0.19873613343553181,0.13825260174413595,0.5563298490127758,0.1195622906088829,0.05306196895738443,0.0,0.05243409238755703,0.4498768539633602,"[0.6608594655990601, 0.7409988045692444, 0.7491288781166077]",0.4337,0.41927990708478513,0.43089430894308944,0.4564459930313589,0.4924506387921022,0.43205574912891986,0.43205574912891986,0.4169570267131243
211,0.4425087108013937,0.2895306859205775,0.19863720812388416,0.13852027881540654,0.5563298490127758,0.11947997659444809,0.053058249255021415,0.0,0.052430871253212295,0.643749398062937,"[0.6608594655990601, 0.7409988045692444, 0.7491288781166077]",0.431,0.4343786295005807,0.44715447154471544,0.4994192799070848,0.41579558652729387,0.41927990708478513,0.41927990708478513,0.43205574912891986
212,0.43902439024390244,0.2869681361790849,0.20091683993552803,0.13808911803564614,0.5574912891986062,0.11951500177383423,0.053053954616189,0.0,0.052427612245082855,0.455740823992528,"[0.6608594655990601, 0.7409988045692444, 0.7491288781166077]",0.426,0.42160278745644597,0.43205574912891986,0.4425087108013937,0.49709639953542395,0.4425087108013937,0.4425087108013937,0.41927990708478513
213,0.43902439024390244,0.2869681361790849,0.20091683993552803,0.13808911803564614,0.5574912891986062,0.11953094601631165,0.0530498872200648,0.0,0.05242451777060827,0.4464613840682432,"[0.6608594655990601, 0.7409988045692444, 0.7491288781166077]",0.4573,0.4343786295005807,0.44715447154471544,0.5005807200929152,0.4181184668989547,0.41927990708478513,0.41927990708478513,0.43205574912891986
214,0.43902439024390244,0.28699380886167747,0.20093199359781908,0.13790074457196022,0.5574912891986062,0.11950115859508514,0.05304630100727081,0.0,0.05242147545019785,0.4566398070892319,"[0.6608594655990601, 0.7409988045692444, 0.7491288781166077]",0.4498,0.4425087108013937,0.45876887340301975,0.44947735191637633,0.43902439024390244,0.40185830429732866,0.40185830429732866,0.4425087108013937
215,0.43902439024390244,0.28699380886167747,0.20093199359781908,0.13790074457196022,0.5574912891986062,0.11944156885147095,0.05304162763059139,0.0,0.05241805501282215,0.49335368908941746,"[0.6608594655990601, 0.7409988045692444, 0.7491288781166077]",0.4699,0.4343786295005807,0.44947735191637633,0.4262485481997677,0.44715447154471544,0.40301974448315914,0.40301974448315914,0.4332171893147503
216,0.43902439024390244,0.28725532035230783,0.2010570417977432,0.13814228696363903,0.5574912891986062,0.11940470337867737,0.05303623775641123,0.0,0.05241692749162515,0.47278136503882706,"[0.6608594655990601, 0.7409988045692444, 0.7491288781166077]",0.4303,0.3995354239256678,0.4146341463414634,0.3716608594657375,0.37398373983739835,0.3797909407665505,0.3797909407665505,0.3995354239256678
217,0.43902439024390244,0.28749100503717917,0.2013476403287422,0.13831124846571513,0.5574912891986062,0.11937262862920761,0.053029730916023254,0.0,0.052415925388534866,0.45887190802022815,"[0.6608594655990601, 0.7409988045692444, 0.7491288781166077]",0.4668,0.40301974448315914,0.41231126596980255,0.3623693379790941,0.3635307781649245,0.3693379790940767,0.3693379790940767,0.40069686411149824
218,0.44018583042973286,0.28761625531710366,0.1994326961652432,0.1375641593227689,0.5563298490127758,0.11931224912405014,0.053020660455028214,0.0,0.05241377900044123,0.4301220909692347,"[0.6608594655990601, 0.7409988045692444, 0.7491288781166077]",0.4302,0.3995354239256678,0.4146341463414634,0.37514518002322883,0.37398373983739835,0.3797909407665505,0.3797909407665505,0.3995354239256678
219,0.4413472706155633,0.2893504059962524,0.20132683145831948,0.1386439680720928,0.5586527293844367,0.11930561065673828,0.05301604357858499,0.0,0.05241075220207373,0.4487062150146812,"[0.6608594655990601, 0.7409988045692444, 0.7491288781166077]",0.4447,0.3821138211382114,0.38095238095238093,0.3612078977932636,0.4274099883855981,0.3821138211382114,0.3821138211382114,0.3821138211382114
220,0.4425087108013937,0.291054121279698,0.202923335620148,0.1398550376303021,0.5598141695702671,0.11926649510860443,0.053011406833926834,0.0,0.052409052227934204,0.43342232098802924,"[0.6608594655990601, 0.7409988045692444, 0.7491288781166077]",0.4706,0.45876887340301975,0.47851335656213706,0.4994192799070848,0.4099883855981417,0.41231126596980255,0.41231126596980255,0.45876887340301975
221,0.429732868757259,0.2778264635190053,0.19386844835209519,0.1307289958152185,0.5238095238095238,0.12077003717422485,0.05300465474526087,0.0,0.052407208209236465,0.470862086978741,"[0.6608594655990601, 0.7409988045692444, 0.7491288781166077]",0.5025,0.45760743321718933,0.4831591173054588,0.4808362369337979,0.437862950058072,0.4065040650406504,0.4065040650406504,0.45760743321718933
222,0.429732868757259,0.27788444128629364,0.19212847495472585,0.1283087792470283,0.5226480836236934,0.12042321264743805,0.05300045696397623,0.0,0.05240500842531522,0.41556867805775255,"[0.6608594655990601, 0.7409988045692444, 0.7491288781166077]",0.452,0.36585365853658536,0.37282229965156793,0.3704994192799071,0.3623693379790941,0.3554006968641115,0.3554006968641115,0.36585365853658536
223,0.429732868757259,0.2776746903961289,0.1918001756858603,0.12863804626496403,0.521486643437863,0.12043745815753937,0.052993801732858024,0.0,0.052404291927814484,0.5600446910830215,"[0.6608594655990601, 0.7409988045692444, 0.7491288781166077]",0.7489,0.36469221835075494,0.3821138211382114,0.3704994192799071,0.43089430894308944,0.40301974448315914,0.40301974448315914,0.36585365853658536
224,0.4250871080139373,0.28197538268701383,0.19530170632575944,0.13145322339709048,0.5493612078977933,0.11916026473045349,0.05298459716141224,0.0,0.05240205178658167,0.5405285250162706,"[0.6608594655990601, 0.7409988045692444, 0.7491288781166077]",0.4546,0.37746806039488967,0.3797909407665505,0.3716608594657375,0.37746806039488967,0.34727061556329847,0.34727061556329847,0.37746806039488967
225,0.44715447154471544,0.29620019267789655,0.20252151801328427,0.14734151084234298,0.5818815331010453,0.11605954170227051,0.05298244518538316,0.0,0.05239917586247126,0.4673251200001687,"[0.6608594655990601, 0.7409988045692444, 0.7491288781166077]",0.467,0.37282229965156793,0.3786295005807201,0.3670150987224158,0.3635307781649245,0.35772357723577236,0.35772357723577236,0.3716608594657375
226,0.42276422764227645,0.2795937332700331,0.19472723961694965,0.13055884572466625,0.5493612078977933,0.11770091950893402,0.052975198874870934,0.0,0.05239995817343394,0.4877432610373944,"[0.6608594655990601, 0.7409988045692444, 0.7491288781166077]",0.5392,0.4529616724738676,0.47851335656213706,0.4796747967479675,0.4367015098722416,0.41579558652729387,0.41579558652729387,0.4529616724738676
227,0.45760743321718933,0.2988538217276898,0.20184050028148284,0.14429832518070493,0.5586527293844367,0.1191302239894867,0.052963138868411384,0.0,0.05239928141236305,0.6425410319352522,"[0.6608594655990601, 0.7409988045692444, 0.7491288781166077]",0.6168,0.4250871080139373,0.4355400696864111,0.41231126596980255,0.46806039488966317,0.437862950058072,0.437862950058072,0.42392566782810687
228,0.45760743321718933,0.29157027705589567,0.19254371232853118,0.13723707341398278,0.5481997677119629,0.11940713226795197,0.05295282664398352,0.0,0.052400354916850723,0.4559564549708739,"[0.6608594655990601, 0.7409988045692444, 0.7491288781166077]",0.4792,0.39256678281068524,0.3995354239256678,0.39256678281068524,0.37398373983739835,0.3333333333333333,0.3333333333333333,0.39256678281068524
229,0.43205574912891986,0.2799956905323391,0.19050633455489513,0.12716636464555606,0.5226480836236934,0.12113325297832489,0.05294287453095118,0.0,0.05239962972700596,0.44974592595826834,"[0.6608594655990601, 0.7409988045692444, 0.7491288781166077]",0.4534,0.39256678281068524,0.3995354239256678,0.39256678281068524,0.37746806039488967,0.3356562137049942,0.3356562137049942,0.39256678281068524
230,0.4564459930313589,0.2904545902770931,0.19558136583256125,0.13858761547675674,0.5470383275261324,0.11973701417446136,0.05293814341227213,0.0,0.05239906720817089,0.4073024280369282,"[0.6608594655990601, 0.7409988045692444, 0.7491288781166077]",0.4276,0.3600464576074332,0.3635307781649245,0.3600464576074332,0.3716608594657375,0.3588850174216028,0.3588850174216028,0.3588850174216028
231,0.45876887340301975,0.29239782583391827,0.19505343533756894,0.1403922104631609,0.5470383275261324,0.1194085106253624,0.0529349185526371,0.0,0.0524003766477108,0.405033239047043,"[0.6608594655990601, 0.7409988045692444, 0.7491288781166077]",0.4133,0.4343786295005807,0.4529616724738676,0.4518002322880372,0.4634146341463415,0.45876887340301975,0.45876887340301975,0.43205574912891986
232,0.4436701509872242,0.2935817216696328,0.204098793714186,0.1423366645890972,0.5458768873403019,0.11816701292991638,0.05292409906784693,0.0,0.052401416624585785,0.3984339509624988,"[0.6608594655990601, 0.7409988045692444, 0.7491288781166077]",0.4068,0.42160278745644597,0.44018583042973286,0.43902439024390244,0.43089430894308944,0.42276422764227645,0.42276422764227645,0.42160278745644597
233,0.41927990708478513,0.27352807168531357,0.20134514480541787,0.1337036450232369,0.5574912891986062,0.11602908372879028,0.05291943314174811,0.0,0.05240056042869886,0.3990034820744768,"[0.6608594655990601, 0.7409988045692444, 0.7491288781166077]",0.4122,0.4250871080139373,0.4436701509872242,0.4413472706155633,0.4343786295005807,0.42392566782810687,0.42392566782810687,0.4250871080139373
234,0.42044134727061555,0.2743993987654426,0.20084795644399606,0.13388388940216428,0.5551684088269454,0.11528436839580536,0.0529079952587684,0.0,0.05240363006790479,0.41738516406621784,"[0.6608594655990601, 0.7409988045692444, 0.7491288781166077]",0.4069,0.43089430894308944,0.45528455284552843,0.4610917537746806,0.4529616724738676,0.45063879210220675,0.45063879210220675,0.43089430894308944
235,0.4831591173054588,0.32007176473093546,0.20171525048517064,0.162064761968113,0.5749128919860628,0.11554592847824097,0.052897833908597626,0.0,0.052408065646886826,0.4241222060518339,"[0.6608594655990601, 0.7409988045692444, 0.7491288781166077]",0.4073,0.42160278745644597,0.4425087108013937,0.43902439024390244,0.42857142857142855,0.4250871080139373,0.4250871080139373,0.42044134727061555
236,0.4819976771196283,0.3188363636363637,0.2008721459771702,0.16302925822280956,0.5749128919860628,0.11405809223651886,0.052881705264250435,0.0,0.052412139251828194,0.441380801028572,"[0.6608594655990601, 0.7409988045692444, 0.7491288781166077]",0.4264,0.45876887340301975,0.4843205574912892,0.4808362369337979,0.4959349593495935,0.4901277584204414,0.4901277584204414,0.45993031358885017
237,0.4808362369337979,0.31749190017396667,0.19999830039458202,0.16153120639169016,0.5737514518002322,0.11394272744655609,0.052871753151218094,0.0,0.052416637539863586,0.4232766869245097,"[0.6608594655990601, 0.7409988045692444, 0.7491288781166077]",0.5056,0.454123112659698,0.47851335656213706,0.4727061556329849,0.46806039488966317,0.4645760743321719,0.4645760743321719,0.4518002322880372
238,0.4831591173054588,0.3206769383521568,0.20081380649884079,0.1629872969656684,0.5725900116144018,0.11390211433172226,0.05285985954105854,0.0,0.052419388045867286,0.4317052769474685,"[0.6608594655990601, 0.7409988045692444, 0.7491288781166077]",0.4475,0.45063879210220675,0.46689895470383275,0.48664343786295006,0.4959349593495935,0.4831591173054588,0.4831591173054588,0.4518002322880372
239,0.4819976771196283,0.31915036967429655,0.19987924262625587,0.1626764129930395,0.5737514518002322,0.11389434337615967,0.05285097472369671,0.0,0.05241834744811058,0.4387473569950089,"[0.6608594655990601, 0.7409988045692444, 0.7491288781166077]",0.4598,0.4727061556329849,0.49825783972125437,0.4924506387921022,0.5005807200929152,0.5017421602787456,0.5017421602787456,0.4715447154471545
240,0.4645760743321719,0.3068589220820723,0.1991049963476834,0.1492636217698093,0.5691056910569106,0.11540710926055908,0.05284658819437027,0.0,0.05241534858942032,0.43464586802292615,"[0.6608594655990601, 0.7409988045692444, 0.7491288781166077]",0.3957,0.462253193960511,0.4912891986062718,0.48664343786295006,0.48664343786295006,0.4831591173054588,0.4831591173054588,0.4634146341463415
241,0.4181184668989547,0.2774837276768516,0.20061475849576518,0.13973089196774097,0.5749128919860628,0.11505936086177826,0.05284165715177854,0.0,0.05241246956090132,0.41433480905834585,"[0.6608594655990601, 0.7409988045692444, 0.7491288781166077]",0.4072,0.4657375145180023,0.4912891986062718,0.4831591173054588,0.4901277584204414,0.47735191637630664,0.47735191637630664,0.4634146341463415
242,0.4169570267131243,0.2764378851365944,0.1985828486853642,0.1384961435950131,0.5737514518002322,0.11458557844161987,0.05283605928222338,0.0,0.05241136811673641,0.42047618399374187,"[0.6608594655990601, 0.7409988045692444, 0.7491288781166077]",0.4078,0.47619047619047616,0.5040650406504065,0.49477351916376305,0.49709639953542395,0.49709639953542395,0.49709639953542395,0.4727061556329849
243,0.4634146341463415,0.3063389676224556,0.19884019756642143,0.145234049418978,0.5667828106852497,0.11591491103172302,0.05282686650753021,0.0,0.05240933410823345,0.4201173040783033,"[0.6608594655990601, 0.7409988045692444, 0.7491288781166077]",0.4755,0.47502903600464574,0.5017421602787456,0.47735191637630664,0.5156794425087108,0.5052264808362369,0.5052264808362369,0.4738675958188153
244,0.45993031358885017,0.3031992286486035,0.19943728618479145,0.14476499673104806,0.5667828106852497,0.11591044068336487,0.052823115761081375,0.0,0.05240630482633909,0.439987146994099,"[0.6608594655990601, 0.7409988045692444, 0.7491288781166077]",0.4127,0.4692218350754936,0.5005807200929152,0.4959349593495935,0.4959349593495935,0.4994192799070848,0.4994192799070848,0.47038327526132406
245,0.4076655052264808,0.2670823833383963,0.18425466419613085,0.1269194817999439,0.5493612078977933,0.11728110164403915,0.05281841941177845,0.0,0.052402845894296966,0.43485686206258833,"[0.6608594655990601, 0.7409988045692444, 0.7491288781166077]",0.4815,0.45876887340301975,0.4889663182346109,0.47502903600464574,0.48548199767711964,0.4727061556329849,0.4727061556329849,0.4564459930313589
246,0.4634146341463415,0.31010692265667683,0.21343007409719508,0.1642878370117552,0.5807200929152149,0.11635850369930267,0.05281722856064638,0.0,0.05239818928142389,0.45032547099981457,"[0.6608594655990601, 0.7409988045692444, 0.7491288781166077]",0.4203,0.40185830429732866,0.4425087108013937,0.4088269454123113,0.4076655052264808,0.40534262485482,0.40534262485482,0.40418118466898956
247,0.4413472706155633,0.29513673776440397,0.21392065425334203,0.15122605650300128,0.570267131242741,0.1131618544459343,0.05281601163248221,0.0,0.052393406008680664,0.6884763169800863,"[0.6608594655990601, 0.7409988045692444, 0.7491288781166077]",0.5528,0.3983739837398374,0.4169570267131243,0.40301974448315914,0.3948896631823461,0.3786295005807201,0.3786295005807201,0.3983739837398374
248,0.4634146341463415,0.30906078039019513,0.21106873967891673,0.16252956472493277,0.5772357723577236,0.11393792927265167,0.052816146363814674,0.0,0.05238879844546318,0.44452820101287216,"[0.6608594655990601, 0.7409988045692444, 0.7491288781166077]",0.4095,0.39605110336817656,0.41579558652729387,0.40185830429732866,0.3914053426248548,0.37630662020905925,0.37630662020905925,0.397212543554007
249,0.44018583042973286,0.293086590513438,0.21550939131828178,0.1520685916963686,0.5714285714285714,0.11290259659290314,0.05281646363437176,0.0,0.05238415176669756,0.4246505660703406,"[0.6608594655990601, 0.7409988045692444, 0.7491288781166077]",0.4749,0.39605110336817656,0.41579558652729387,0.40185830429732866,0.3914053426248548,0.37630662020905925,0.37630662020905925,0.397212543554007
250,0.462253193960511,0.3081468805753599,0.2121934204021538,0.16247400192806752,0.578397212543554,0.11382366716861725,0.05281570988396803,0.0,0.052379295229911804,0.4615405339282006,"[0.6608594655990601, 0.7409988045692444, 0.7491288781166077]",0.4286,0.39605110336817656,0.41579558652729387,0.40185830429732866,0.3914053426248548,0.37514518002322883,0.37514518002322883,0.397212543554007
251,0.42160278745644597,0.27775026529890345,0.20793983537808067,0.14129348510533957,0.570267131242741,0.11234462261199951,0.05281540254751841,0.0,0.05237461564441522,0.44200794596690685,"[0.6608594655990601, 0.7409988045692444, 0.7491288781166077]",0.5632,0.39605110336817656,0.41579558652729387,0.40185830429732866,0.39256678281068524,0.37630662020905925,0.37630662020905925,0.397212543554007
252,0.45528455284552843,0.3062749962205028,0.2138762415891385,0.16127161687601657,0.5888501742160279,0.11303543299436569,0.052814859276016556,0.0,0.052370025465885796,0.4152216970687732,"[0.6608594655990601, 0.7409988045692444, 0.7491288781166077]",0.4172,0.39605110336817656,0.4146341463414634,0.40185830429732866,0.39256678281068524,0.37514518002322883,0.37514518002322883,0.397212543554007
253,0.42160278745644597,0.27826694383894834,0.20621106704595163,0.14153378431158778,0.570267131242741,0.11205374449491501,0.05281452275812626,0.0,0.052365574364860855,0.46457296004518867,"[0.6608594655990601, 0.7409988045692444, 0.7491288781166077]",0.4021,0.397212543554007,0.41579558652729387,0.40185830429732866,0.39372822299651566,0.37746806039488967,0.37746806039488967,0.397212543554007
254,0.3670150987224158,0.21463694668344802,0.21023226912512064,0.12361712252015095,0.5609756097560976,0.11164052784442902,0.05281431786715984,0.0,0.05236126109957695,0.43306571792345494,"[0.6608594655990601, 0.7409988045692444, 0.7491288781166077]",0.4813,0.3983739837398374,0.41579558652729387,0.40534262485482,0.3948896631823461,0.37746806039488967,0.37746806039488967,0.3983739837398374
255,0.36585365853658536,0.22029237418854064,0.21258766744293425,0.12511381932663027,0.562137049941928,0.1105404645204544,0.05281368705133597,0.0,0.052357181906700134,0.45215725293383,"[0.6608594655990601, 0.7409988045692444, 0.7491288781166077]",0.421,0.3983739837398374,0.41579558652729387,0.40534262485482,0.3983739837398374,0.3821138211382114,0.3821138211382114,0.397212543554007
256,0.40185830429732866,0.250109080577569,0.20583319200835867,0.13282658348678242,0.5714285714285714,0.10953371226787567,0.05281306616961956,0.0,0.052353065460920334,0.45526808593422174,"[0.6608594655990601, 0.7409988045692444, 0.7491288781166077]",0.4568,0.3995354239256678,0.41579558652729387,0.40534262485482,0.3983739837398374,0.38095238095238093,0.38095238095238093,0.3995354239256678
257,0.397212543554007,0.24533887714225877,0.20661899894145794,0.1318254481680122,0.5714285714285714,0.10916894674301147,0.0528122466057539,0.0,0.05234899061421553,0.42493903904687613,"[0.6608594655990601, 0.7409988045692444, 0.7491288781166077]",0.4031,0.4274099883855981,0.437862950058072,0.41231126596980255,0.44947735191637633,0.4448315911730546,0.4448315911730546,0.4274099883855981
258,0.3670150987224158,0.2165356565643074,0.21088445413741067,0.12509347818986383,0.5632984901277585,0.11080525815486908,0.05281128299733003,0.0,0.05234503000974655,0.4894123940030113,"[0.6608594655990601, 0.7409988045692444, 0.7491288781166077]",0.4002,0.4274099883855981,0.437862950058072,0.413472706155633,0.45063879210220675,0.4425087108013937,0.4425087108013937,0.4274099883855981
259,0.3995354239256678,0.24748831430092888,0.20585418046683923,0.1314595663261222,0.570267131242741,0.10970477759838104,0.052810111393531166,0.0,0.052341025322675705,0.44508727407082915,"[0.6608594655990601, 0.7409988045692444, 0.7491288781166077]",0.4005,0.42857142857142855,0.44018583042973286,0.42857142857142855,0.4808362369337979,0.45876887340301975,0.45876887340301975,0.429732868757259
260,0.3693379790940767,0.22430888077011135,0.21210714106195563,0.12696636509882434,0.5656213704994193,0.11081087589263916,0.052809035405516624,0.0,0.05233706533908844,0.40954567305743694,"[0.6608594655990601, 0.7409988045692444, 0.7491288781166077]",0.3935,0.41231126596980255,0.4274099883855981,0.397212543554007,0.44831591173054586,0.4343786295005807,0.4343786295005807,0.4099883855981417
261,0.3681765389082462,0.22253206915783597,0.21131095784480108,0.12588036540222522,0.5632984901277585,0.11072838306427002,0.05280762041608492,0.0,0.05233318358659744,0.4242600470315665,"[0.6608594655990601, 0.7409988045692444, 0.7491288781166077]",0.503,0.41231126596980255,0.4274099883855981,0.397212543554007,0.44831591173054586,0.4343786295005807,0.4343786295005807,0.4099883855981417
262,0.3704994192799071,0.2427096552238951,0.21581275765490565,0.13030711666035294,0.5725900116144018,0.11076432466506958,0.05280631470183531,0.0,0.0523293303946654,0.4554523288970813,"[0.6608594655990601, 0.7409988045692444, 0.7491288781166077]",0.4129,0.41231126596980255,0.4262485481997677,0.3983739837398374,0.44715447154471544,0.4332171893147503,0.4332171893147503,0.4099883855981417
263,0.45993031358885017,0.2871755154363851,0.20806046834871245,0.15878044591289417,0.5679442508710801,0.11454813182353973,0.05280456071098646,0.0,0.05232562373081843,0.45023887406568974,"[0.6608594655990601, 0.7409988045692444, 0.7491288781166077]",0.4143,0.41231126596980255,0.429732868757259,0.39605110336817656,0.44947735191637633,0.4355400696864111,0.4355400696864111,0.4099883855981417
264,0.3948896631823461,0.2625213106830433,0.20714761799272044,0.13297952601384094,0.5598141695702671,0.11762110888957977,0.05280252421895663,0.0,0.05232190527021885,0.46452370402403176,"[0.6608594655990601, 0.7409988045692444, 0.7491288781166077]",0.4532,0.413472706155633,0.429732868757259,0.397212543554007,0.4448315911730546,0.4343786295005807,0.4343786295005807,0.41114982578397213
265,0.39372822299651566,0.26174179146400944,0.20587306729263435,0.13261681848952367,0.5586527293844367,0.11784154176712036,0.05280052808423837,0.0,0.05231825759013494,0.4629731740569696,"[0.6608594655990601, 0.7409988045692444, 0.7491288781166077]",0.4121,0.4518002322880372,0.4715447154471545,0.4657375145180023,0.5156794425087108,0.49361207897793263,0.49361207897793263,0.44947735191637633
266,0.3914053426248548,0.25949463698062425,0.20453321347863287,0.13103896458679212,0.5563298490127758,0.11787042021751404,0.05279826745390892,0.0,0.052314726014932,0.505857391981408,"[0.6608594655990601, 0.7409988045692444, 0.7491288781166077]",0.3951,0.45528455284552843,0.47038327526132406,0.4738675958188153,0.5145180023228804,0.49825783972125437,0.49825783972125437,0.45528455284552843
267,0.389082462253194,0.25750307402246075,0.20410757344551453,0.13035738616786857,0.5551684088269454,0.11806248873472214,0.05279683694243431,0.0,0.05231131799519062,0.44773612497374415,"[0.6608594655990601, 0.7409988045692444, 0.7491288781166077]",0.4116,0.45528455284552843,0.4715447154471545,0.4727061556329849,0.5145180023228804,0.49825783972125437,0.49825783972125437,0.45528455284552843
268,0.3902439024390244,0.2585001205690861,0.20413613783139142,0.13055026650368962,0.5551684088269454,0.11805643141269684,0.05279462722440561,0.0,0.05230770570536455,0.4276195700513199,"[0.6608594655990601, 0.7409988045692444, 0.7491288781166077]",0.4439,0.45528455284552843,0.4715447154471545,0.4715447154471545,0.5145180023228804,0.49825783972125437,0.49825783972125437,0.45528455284552843
269,0.3914053426248548,0.25985179449405227,0.2059921905928297,0.1315031867500368,0.5563298490127758,0.11789217591285706,0.05279281114538511,0.0,0.052304040640592575,0.393415738013573,"[0.6608594655990601, 0.7409988045692444, 0.7491288781166077]",0.407,0.437862950058072,0.45063879210220675,0.43902439024390244,0.5052264808362369,0.4727061556329849,0.4727061556329849,0.4367015098722416
270,0.4564459930313589,0.3014489437169099,0.19852425154996342,0.1469463310981568,0.562137049941928,0.11704696714878082,0.05279101555546125,0.0,0.05230021166304747,0.42517771502025425,"[0.6608594655990601, 0.7409988045692444, 0.7491288781166077]",0.4764,0.4355400696864111,0.45063879210220675,0.43902439024390244,0.4878048780487805,0.4692218350754936,0.4692218350754936,0.4355400696864111
271,0.4146341463414634,0.2773369260207267,0.20140105565085575,0.1399283529240452,0.5725900116144018,0.11535843461751938,0.05278894118964672,0.0,0.05229657640059789,0.5197600229876116,"[0.6608594655990601, 0.7409988045692444, 0.7491288781166077]",0.5809,0.4343786295005807,0.4518002322880372,0.44018583042973286,0.4878048780487805,0.4715447154471545,0.4715447154471545,0.4343786295005807
272,0.4634146341463415,0.3112011927252074,0.2056942971290168,0.15369751786095803,0.5714285714285714,0.11574089527130127,0.05278691897789637,0.0,0.05229286042352518,0.41778385208453983,"[0.6608594655990601, 0.7409988045692444, 0.7491288781166077]",0.668,0.4564459930313589,0.47502903600464574,0.4692218350754936,0.5098722415795587,0.4959349593495935,0.4959349593495935,0.45528455284552843
273,0.462253193960511,0.31042314624855993,0.20602731392652007,0.1539427933212816,0.5714285714285714,0.11553633213043213,0.05278425104916096,0.0,0.05228926489750544,0.4988176020560786,"[0.6608594655990601, 0.7409988045692444, 0.7491288781166077]",0.4152,0.454123112659698,0.4738675958188153,0.46689895470383275,0.5075493612078978,0.49477351916376305,0.49477351916376305,0.4564459930313589
274,0.45993031358885017,0.30864988447710784,0.20714550539108353,0.15366017660631842,0.570267131242741,0.11541122198104858,0.05278164272507032,0.0,0.05228571159144243,0.42351514496840537,"[0.6608594655990601, 0.7409988045692444, 0.7491288781166077]",0.4332,0.45528455284552843,0.4727061556329849,0.4657375145180023,0.5075493612078978,0.49477351916376305,0.49477351916376305,0.4564459930313589
275,0.413472706155633,0.27704563139727456,0.19863848718365013,0.13882698452432798,0.5714285714285714,0.11460059881210327,0.0527785470088323,0.0,0.052282399808367096,0.41594277299009264,"[0.6608594655990601, 0.7409988045692444, 0.7491288781166077]",0.4251,0.4099883855981417,0.41927990708478513,0.40301974448315914,0.41231126596980255,0.413472706155633,0.413472706155633,0.4088269454123113
276,0.413472706155633,0.27709250881594494,0.20100343802451415,0.13933529464281377,0.5725900116144018,0.11415325105190277,0.05277572013437748,0.0,0.052278819804390274,0.425416060956195,"[0.6608594655990601, 0.7409988045692444, 0.7491288781166077]",0.4237,0.45993031358885017,0.4796747967479675,0.4889663182346109,0.5226480836236934,0.502903600464576,0.502903600464576,0.45993031358885017
277,0.4610917537746806,0.3112902447265531,0.20664118059680728,0.15548437587891978,0.5714285714285714,0.11554497480392456,0.05277261883020401,0.0,0.05227488403518995,0.4161199589725584,"[0.6608594655990601, 0.7409988045692444, 0.7491288781166077]",0.4461,0.45993031358885017,0.4796747967479675,0.4878048780487805,0.5238095238095238,0.5017421602787456,0.5017421602787456,0.45993031358885017
278,0.45876887340301975,0.3085398072240155,0.20558245493569144,0.15387086582503862,0.5714285714285714,0.11544652283191681,0.05276908725500107,0.0,0.05227144000430902,0.43716788897290826,"[0.6608594655990601, 0.7409988045692444, 0.7491288781166077]",0.4174,0.43089430894308944,0.45063879210220675,0.43205574912891986,0.4878048780487805,0.4657375145180023,0.4657375145180023,0.429732868757259
279,0.4564459930313589,0.30574804533378375,0.20420679334397246,0.15241300950902817,0.570267131242741,0.11535128206014633,0.052767047037680946,0.0,0.052267673735817276,0.4615579230012372,"[0.6608594655990601, 0.7409988045692444, 0.7491288781166077]",0.4369,0.41231126596980255,0.4262485481997677,0.42392566782810687,0.43902439024390244,0.44018583042973286,0.44018583042973286,0.41231126596980255
280,0.44831591173054586,0.29637741250632266,0.2097913876453759,0.15335044297761619,0.5853658536585366,0.11631761491298676,0.05276445237298807,0.0,0.0522642886886994,0.44992271705996245,"[0.6608594655990601, 0.7409988045692444, 0.7491288781166077]",0.4215,0.3867595818815331,0.3914053426248548,0.3530778164924506,0.40534262485482,0.3681765389082462,0.3681765389082462,0.3867595818815331
281,0.40301974448315914,0.23482810371179796,0.18680442972004108,0.11927728883699408,0.5272938443670151,0.11502747237682343,0.05275982369979223,0.0,0.052261002361774445,0.4282718450995162,"[0.6608594655990601, 0.7409988045692444, 0.7491288781166077]",0.5001,0.3902439024390244,0.40185830429732866,0.3797909407665505,0.445993031358885,0.4099883855981417,0.4099883855981417,0.3914053426248548
282,0.3867595818815331,0.23876630737827753,0.20421707765979077,0.1307652087925047,0.5563298490127758,0.113836869597435,0.05275591276586056,0.0,0.052257432912786804,0.513297502999194,"[0.6608594655990601, 0.7409988045692444, 0.7491288781166077]",0.4324,0.41927990708478513,0.4448315911730546,0.4413472706155633,0.462253193960511,0.4169570267131243,0.4169570267131243,0.42044134727061555
283,0.38559814169570267,0.23840601156765262,0.20704754511412984,0.13347185592482871,0.5574912891986062,0.11330525577068329,0.05275226943194866,0.0,0.05225424220164617,0.39988131599966437,"[0.6608594655990601, 0.7409988045692444, 0.7491288781166077]",0.425,0.42044134727061555,0.4448315911730546,0.4436701509872242,0.45760743321718933,0.41579558652729387,0.41579558652729387,0.42160278745644597
284,0.3902439024390244,0.2375107113699083,0.20923771821271395,0.13637837231835012,0.5307781649245064,0.11569761484861374,0.052748863895734154,0.0,0.0522515798608462,0.39888881996739656,"[0.6608594655990601, 0.7409988045692444, 0.7491288781166077]",0.4145,0.3948896631823461,0.4181184668989547,0.4088269454123113,0.4332171893147503,0.3821138211382114,0.3821138211382114,0.39605110336817656
285,0.4610917537746806,0.3090234237849224,0.20614466366384726,0.15376550604448405,0.5667828106852497,0.1165560707449913,0.05274216954906782,0.0,0.05224907025694847,0.4229768979130313,"[0.6608594655990601, 0.7409988045692444, 0.7491288781166077]",0.4261,0.42857142857142855,0.4367015098722416,0.462253193960511,0.48664343786295006,0.4250871080139373,0.4250871080139373,0.42857142857142855
286,0.3867595818815331,0.2497524523718363,0.20942435675370516,0.13658818725276056,0.5772357723577236,0.11463558673858643,0.052736338848869004,0.0,0.05224740877747536,0.4341538429725915,"[0.6608594655990601, 0.7409988045692444, 0.7491288781166077]",0.4295,0.4274099883855981,0.4332171893147503,0.462253193960511,0.4843205574912892,0.4262485481997677,0.4262485481997677,0.42857142857142855
287,0.413472706155633,0.2775549470633977,0.2001632122537373,0.1381084519249766,0.5714285714285714,0.11427893489599228,0.05272853933274746,0.0,0.05224622103075186,0.42929934000130743,"[0.6608594655990601, 0.7409988045692444, 0.7491288781166077]",0.6125,0.3797909407665505,0.413472706155633,0.397212543554007,0.4065040650406504,0.3507549361207898,0.3507549361207898,0.3797909407665505
288,0.413472706155633,0.27730638499447335,0.2014734466578876,0.1384718678270581,0.5714285714285714,0.11454778909683228,0.05271663392583529,0.0,0.05224503204226494,0.557256135973148,"[0.6608594655990601, 0.7409988045692444, 0.7491288781166077]",0.6927,0.3797909407665505,0.413472706155633,0.397212543554007,0.40534262485482,0.34959349593495936,0.34959349593495936,0.3797909407665505
289,0.3914053426248548,0.26346704192793746,0.20938094468874466,0.13386113472097888,0.5656213704994193,0.11611852049827576,0.05270672713716825,0.0,0.05224287509918213,0.5366730119567364,"[0.6608594655990601, 0.7409988045692444, 0.7491288781166077]",0.4729,0.40069686411149824,0.4355400696864111,0.429732868757259,0.4436701509872242,0.39256678281068524,0.39256678281068524,0.40301974448315914
290,0.4367015098722416,0.2922084195646315,0.2103204033838017,0.14339445377405005,0.5679442508710801,0.1175592690706253,0.05270065429310004,0.0,0.05224026429156462,0.45463045698124915,"[0.6608594655990601, 0.7409988045692444, 0.7491288781166077]",0.4995,0.437862950058072,0.44947735191637633,0.4645760743321719,0.4831591173054588,0.4343786295005807,0.4343786295005807,0.437862950058072
291,0.437862950058072,0.29285394295643674,0.2093097576113465,0.1431602134002237,0.5667828106852497,0.11780796945095062,0.05269452432791392,0.0,0.05223964403072993,0.43191888893488795,"[0.6608594655990601, 0.7409988045692444, 0.7491288781166077]",0.444,0.4088269454123113,0.42160278745644597,0.42160278745644597,0.437862950058072,0.40301974448315914,0.40301974448315914,0.4088269454123113
292,0.4181184668989547,0.2739350421135551,0.20467835512230037,0.13826346076380072,0.5644599303135889,0.11797356605529785,0.05268746614456177,0.0,0.052239442244172096,0.42596126499120146,"[0.6608594655990601, 0.7409988045692444, 0.7491288781166077]",0.4157,0.4088269454123113,0.42276422764227645,0.42160278745644597,0.43902439024390244,0.40418118466898956,0.40418118466898956,0.4099883855981417
293,0.44715447154471544,0.3000011955981492,0.20553991455810464,0.14947580770197588,0.5574912891986062,0.11964403092861176,0.05267979701360067,0.0,0.05223838364084562,0.4382344069890678,"[0.6608594655990601, 0.7409988045692444, 0.7491288781166077]",0.4228,0.437862950058072,0.44947735191637633,0.44018583042973286,0.4901277584204414,0.46806039488966317,0.46806039488966317,0.4367015098722416
294,0.445993031358885,0.29810622309344814,0.20430115531074686,0.14858860734344267,0.5586527293844367,0.11971567571163177,0.0526737334827582,0.0,0.052238029117385544,0.4261145640630275,"[0.6608594655990601, 0.7409988045692444, 0.7491288781166077]",0.432,0.437862950058072,0.4518002322880372,0.4645760743321719,0.4843205574912892,0.4332171893147503,0.4332171893147503,0.437862950058072
295,0.42392566782810687,0.2852116801515756,0.2061511475445267,0.1373893796990867,0.5516840882694541,0.12136813998222351,0.05266647910078367,0.0,0.05223833893736204,0.54775722802151,"[0.6608594655990601, 0.7409988045692444, 0.7491288781166077]",0.521,0.40301974448315914,0.4146341463414634,0.4099883855981417,0.4355400696864111,0.40069686411149824,0.40069686411149824,0.40301974448315914
296,0.42044134727061555,0.2836902608391201,0.20285534363747898,0.13736625368016575,0.554006968641115,0.12199144065380096,0.052657476315895714,0.0,0.0522380725791057,0.4224345580441877,"[0.6608594655990601, 0.7409988045692444, 0.7491288781166077]",0.4283,0.45760743321718933,0.4657375145180023,0.4819976771196283,0.5017421602787456,0.4901277584204414,0.4901277584204414,0.45760743321718933
297,0.445993031358885,0.29827052407118837,0.2058103305889542,0.14942247032602365,0.5586527293844367,0.12037007510662079,0.05264644759396712,0.0,0.05223604912559191,0.48095011396799237,"[0.6608594655990601, 0.7409988045692444, 0.7491288781166077]",0.4569,0.454123112659698,0.462253193960511,0.4808362369337979,0.5156794425087108,0.5017421602787456,0.5017421602787456,0.4518002322880372
298,0.42276422764227645,0.28571213957354746,0.20207319378570293,0.138027922763229,0.554006968641115,0.12171755731105804,0.05263953159252802,0.0,0.0522349098076423,0.4876893369946629,"[0.6608594655990601, 0.7409988045692444, 0.7491288781166077]",0.4356,0.3879210220673635,0.40069686411149824,0.37514518002322883,0.4343786295005807,0.3983739837398374,0.3983739837398374,0.3902439024390244
299,0.42392566782810687,0.2869815223870129,0.202290999935192,0.1382828136300033,0.5528455284552846,0.12178095430135727,0.0526305108020703,0.0,0.05223527985314528,0.43094833299983293,"[0.6608594655990601, 0.7409988045692444, 0.7491288781166077]",0.4961,0.3867595818815331,0.3995354239256678,0.37398373983739835,0.4343786295005807,0.397212543554007,0.397212543554007,0.3867595818815331
300,0.42044134727061555,0.2809521498348986,0.20390972412002928,0.13586707766422773,0.5505226480836237,0.12185066938400269,0.052619971334934235,0.0,0.052236066510279976,0.43877671600785106,"[0.6608594655990601, 0.7409988045692444, 0.7491288781166077]",,,,,,,,
