round,ACC,Kappa,NMI,ARI,PURITY,alignment_loss,mean_reconstruction_loss,mean_consensus_loss,mean_local_total_loss,round_seconds,observed_rates,completion_eval_seconds,C025_ACC,C050_ACC,C075_ACC,C100_ACC,D0_ACC,E0_ACC,G0_ACC
1,0.4789915966386555,0.35072820873850497,0.34412209522302784,0.2508997314143127,0.5714285714285714,0.20671480894088745,0.26604370027780533,0.0,0.2488652989268303,1.340928108082153,"[0.6882352828979492, 0.7739495635032654]",0.3764,0.43025210084033616,0.4226890756302521,0.47394957983193275,0.5310924369747899,0.5134453781512605,0.5134453781512605,0.43109243697478994
2,0.5168067226890757,0.40107731682637926,0.33973684997553655,0.2755516629154475,0.6084033613445378,0.15903858840465546,0.24475762993097305,0.0,0.23060857504606247,0.32095775904599577,"[0.6882352828979492, 0.7739495635032654]",0.3578,0.4394957983193277,0.4579831932773109,0.46302521008403363,0.47983193277310926,0.4899159663865546,0.4899159663865546,0.41596638655462187
3,0.5663865546218487,0.4610213944767947,0.3511209714367929,0.31543072990994275,0.6210084033613446,0.12706947326660156,0.22721774876117706,0.0,0.2155621200799942,0.3935755940619856,"[0.6882352828979492, 0.7739495635032654]",0.5613,0.4260504201680672,0.4361344537815126,0.48403361344537815,0.4966386554621849,0.5084033613445378,0.5084033613445378,0.41092436974789914
4,0.6050420168067226,0.48727492074900214,0.39330401497278894,0.4063850720971857,0.6226890756302521,0.11672575771808624,0.21267370134592056,0.0,0.20306048542261124,0.4446416749851778,"[0.6882352828979492, 0.7739495635032654]",0.5533,0.49327731092436977,0.5210084033613446,0.5361344537815126,0.5436974789915966,0.5915966386554622,0.5915966386554622,0.4857142857142857
5,0.6042016806722689,0.4940581234231348,0.3522881113548468,0.3316727267484277,0.6042016806722689,0.13033238053321838,0.20049788802862167,0.0,0.1925252005457878,0.4548161079874262,"[0.6882352828979492, 0.7739495635032654]",0.5175,0.4588235294117647,0.5100840336134453,0.5554621848739496,0.561344537815126,0.5974789915966386,0.5974789915966386,0.4579831932773109
6,0.6478991596638656,0.5521815667043883,0.42100497117034336,0.39766916085895315,0.6478991596638656,0.12094835937023163,0.19010134041309357,0.0,0.18323030322790146,0.48606545897200704,"[0.6882352828979492, 0.7739495635032654]",0.4756,0.46554621848739497,0.5100840336134453,0.5857142857142857,0.5857142857142857,0.6109243697478992,0.6109243697478992,0.4613445378151261
7,0.6058823529411764,0.49641378327142005,0.36292699280770646,0.36785533842444934,0.6058823529411764,0.13393288850784302,0.18089412152767181,0.0,0.17485621199011803,0.3400962050072849,"[0.6882352828979492, 0.7739495635032654]",0.3709,0.49411764705882355,0.5176470588235295,0.592436974789916,0.5840336134453782,0.6201680672268908,0.6201680672268908,0.473109243697479
8,0.5126050420168067,0.3821076199863387,0.27501295498767214,0.22550252649963515,0.5529411764705883,0.14897635579109192,0.17255623638629913,0.0,0.16712724417448044,0.38937617593910545,"[0.6882352828979492, 0.7739495635032654]",0.3522,0.453781512605042,0.4789915966386555,0.542016806722689,0.5319327731092437,0.5378151260504201,0.5378151260504201,0.4336134453781513
9,0.5647058823529412,0.4407067698234618,0.3161972427726627,0.30376513844688924,0.5672268907563025,0.13661767542362213,0.16486849635839462,0.0,0.15994058176875114,0.3797705339966342,"[0.6882352828979492, 0.7739495635032654]",0.3573,0.380672268907563,0.4411764705882353,0.5235294117647059,0.519327731092437,0.526890756302521,0.526890756302521,0.35714285714285715
10,0.5050420168067227,0.37807287863232997,0.275409317246014,0.2381648600870176,0.5226890756302521,0.11915836483240128,0.15771189332008362,0.0,0.1532306708395481,0.3799836830003187,"[0.6882352828979492, 0.7739495635032654]",0.3317,0.4327731092436975,0.44789915966386556,0.5428571428571428,0.5327731092436975,0.542016806722689,0.542016806722689,0.4184873949579832
11,0.5554621848739496,0.42467839164750476,0.2812515961780192,0.2757203281988151,0.5638655462184874,0.12087017297744751,0.15102118626236916,0.0,0.14688751474022865,0.3281148849055171,"[0.6882352828979492, 0.7739495635032654]",0.3266,0.37815126050420167,0.4050420168067227,0.46302521008403363,0.49747899159663866,0.5050420168067227,0.5050420168067227,0.37142857142857144
12,0.5117647058823529,0.3807407035869014,0.2501873550622706,0.24781837541816376,0.5436974789915966,0.1169445663690567,0.1447359248995781,0.0,0.1408844217658043,0.3250237489119172,"[0.6882352828979492, 0.7739495635032654]",0.3607,0.35126050420168065,0.3840336134453782,0.43109243697478994,0.48739495798319327,0.4957983193277311,0.4957983193277311,0.35042016806722687
13,0.5386554621848739,0.4032336149805893,0.23504336638060008,0.25555620343113356,0.5487394957983194,0.12115105241537094,0.1388012394309044,0.0,0.13519059866666794,0.31943463801871985,"[0.6882352828979492, 0.7739495635032654]",0.3509,0.3411764705882353,0.36050420168067226,0.4235294117647059,0.4815126050420168,0.4957983193277311,0.4957983193277311,0.3302521008403361
14,0.5117647058823529,0.38510097865876436,0.246145828878984,0.23549167071031432,0.5495798319327732,0.1185234859585762,0.13318805396556854,0.0,0.12985574454069138,0.3400279340567067,"[0.6882352828979492, 0.7739495635032654]",0.3805,0.3588235294117647,0.38823529411764707,0.44201680672268906,0.5,0.5109243697478991,0.5109243697478991,0.3453781512605042
15,0.5159663865546219,0.3827978677424002,0.2159500012957593,0.23305069036640824,0.5218487394957984,0.11967939883470535,0.12793280184268951,0.0,0.12485622614622116,0.3356306910282001,"[0.6882352828979492, 0.7739495635032654]",0.3561,0.35378151260504204,0.40588235294117647,0.43865546218487395,0.5252100840336135,0.5277310924369748,0.5277310924369748,0.34369747899159664
16,0.5126050420168067,0.37877353226021304,0.21383435460725297,0.22886548096296228,0.519327731092437,0.12049603462219238,0.12299825623631477,0.0,0.12011978775262833,0.34357781591825187,"[0.6882352828979492, 0.7739495635032654]",0.3338,0.3521008403361345,0.3899159663865546,0.4403361344537815,0.5025210084033613,0.5058823529411764,0.5058823529411764,0.3420168067226891
17,0.49831932773109244,0.3673639854385876,0.21654946987653703,0.20297841978083062,0.5100840336134453,0.11757440865039825,0.11831072717905045,0.0,0.11562566831707954,0.3512832639971748,"[0.6882352828979492, 0.7739495635032654]",0.3416,0.3554621848739496,0.39663865546218485,0.446218487394958,0.5100840336134453,0.5126050420168067,0.5126050420168067,0.3495798319327731
18,0.49831932773109244,0.36598808957538886,0.21875289540248238,0.20830244034908188,0.5109243697478991,0.11532610654830933,0.11387433484196663,0.0,0.11137712001800537,0.3215462230145931,"[0.6882352828979492, 0.7739495635032654]",0.3181,0.3831932773109244,0.41092436974789914,0.46218487394957986,0.5285714285714286,0.5302521008403361,0.5302521008403361,0.380672268907563
19,0.5058823529411764,0.3679338341300554,0.21247398829566788,0.21657467395931415,0.5142857142857142,0.1190313994884491,0.1096721775829792,0.0,0.10731412470340729,0.37042360100895166,"[0.6882352828979492, 0.7739495635032654]",0.3837,0.37815126050420167,0.40756302521008403,0.4579831932773109,0.5243697478991597,0.5252100840336135,0.5252100840336135,0.3764705882352941
20,0.5184873949579832,0.3861760660247594,0.21161502428170303,0.2271372064392753,0.526890756302521,0.12381905317306519,0.10569195449352264,0.0,0.10348350182175636,0.3238265400286764,"[0.6882352828979492, 0.7739495635032654]",0.3809,0.4016806722689076,0.4226890756302521,0.48403361344537815,0.5210084033613446,0.5285714285714286,0.5285714285714286,0.3915966386554622
21,0.5100840336134453,0.37687605422795933,0.21195772337189095,0.22800492039834125,0.5210084033613446,0.13017800450325012,0.1019376777112484,0.0,0.09986960887908936,0.38415535900276154,"[0.6882352828979492, 0.7739495635032654]",0.4178,0.40336134453781514,0.4218487394957983,0.49159663865546216,0.5109243697478991,0.5226890756302521,0.5226890756302521,0.3915966386554622
22,0.5100840336134453,0.3740498237465343,0.20974678298399618,0.21721503936951223,0.5142857142857142,0.12817664444446564,0.09840928763151169,0.0,0.09647566452622414,0.35132841498125345,"[0.6882352828979492, 0.7739495635032654]",0.3966,0.34369747899159664,0.37478991596638656,0.42436974789915966,0.4890756302521008,0.48487394957983193,0.48487394957983193,0.33613445378151263
23,0.4857142857142857,0.34674912881047315,0.23959736663007808,0.207801147410324,0.542016806722689,0.12710553407669067,0.09509989991784096,0.0,0.09329910948872566,0.36114850908052176,"[0.6882352828979492, 0.7739495635032654]",0.3979,0.31932773109243695,0.32184873949579834,0.3630252100840336,0.40588235294117647,0.44537815126050423,0.44537815126050423,0.32100840336134456
24,0.5100840336134453,0.3723940971012907,0.23577969115038755,0.22042098575172378,0.5386554621848739,0.12551650404930115,0.092018723487854,0.0,0.09034056961536407,0.39272735198028386,"[0.6882352828979492, 0.7739495635032654]",0.4117,0.4134453781512605,0.4294117647058823,0.5285714285714286,0.526890756302521,0.5386554621848739,0.5386554621848739,0.39747899159663863
25,0.5176470588235295,0.3809307156464855,0.23409319272082865,0.22786042308454926,0.5378151260504201,0.12615814805030823,0.08914266899228096,0.0,0.08759493380784988,0.36062771501019597,"[0.6882352828979492, 0.7739495635032654]",0.3373,0.39663865546218485,0.4260504201680672,0.5050420168067227,0.5277310924369748,0.534453781512605,0.534453781512605,0.373109243697479
26,0.49495798319327733,0.35843532099763276,0.22256875534838308,0.2193753889221862,0.5285714285714286,0.12364190071821213,0.086470827460289,0.0,0.08504080772399902,0.32016309804748744,"[0.6882352828979492, 0.7739495635032654]",0.3232,0.3621848739495798,0.41008403361344536,0.46218487394957986,0.5243697478991597,0.5277310924369748,0.5277310924369748,0.35042016806722687
27,0.5,0.37248190695308303,0.2293652807040053,0.22164651563078194,0.542016806722689,0.1172492504119873,0.08399613946676254,0.0,0.0826881006360054,0.3199885339708999,"[0.6882352828979492, 0.7739495635032654]",0.3326,0.39747899159663863,0.4226890756302521,0.5134453781512605,0.5302521008403361,0.5411764705882353,0.5411764705882353,0.38907563025210085
28,0.4764705882352941,0.34864813099959413,0.22098919340621706,0.1992424341627641,0.5336134453781513,0.11699648201465607,0.08170351013541222,0.0,0.08051151037216187,0.31171127897687256,"[0.6882352828979492, 0.7739495635032654]",0.3215,0.3378151260504202,0.3596638655462185,0.4394957983193277,0.5058823529411764,0.5025210084033613,0.5025210084033613,0.3352941176470588
29,0.5058823529411764,0.37417268297569384,0.21475493113075564,0.20842439015177566,0.5235294117647059,0.11774340271949768,0.0795898474752903,0.0,0.07850819453597069,0.3077692579245195,"[0.6882352828979492, 0.7739495635032654]",0.3234,0.32941176470588235,0.36554621848739494,0.4218487394957983,0.49411764705882355,0.49327731092436977,0.49327731092436977,0.326890756302521
30,0.5025210084033613,0.3639914125118042,0.20142001472459972,0.21042409250309513,0.507563025210084,0.13027283549308777,0.0776461586356163,0.0,0.0766591802239418,0.315470029017888,"[0.6882352828979492, 0.7739495635032654]",0.3164,0.3243697478991597,0.37815126050420167,0.46302521008403363,0.48067226890756304,0.4672268907563025,0.4672268907563025,0.3142857142857143
31,0.5033613445378151,0.36551312250832024,0.2028086869648778,0.20977649667075796,0.5092436974789916,0.1319269835948944,0.07586108520627022,0.0,0.07496263459324837,0.34036015695892274,"[0.6882352828979492, 0.7739495635032654]",0.3189,0.34789915966386553,0.39243697478991596,0.426890756302521,0.5134453781512605,0.5210084033613446,0.5210084033613446,0.3445378151260504
32,0.5109243697478991,0.3801634031676481,0.21992153317535293,0.21850770952955215,0.5327731092436975,0.12359613925218582,0.07422430068254471,0.0,0.07342330366373062,0.32704002503305674,"[0.6882352828979492, 0.7739495635032654]",0.3226,0.3487394957983193,0.39327731092436974,0.4235294117647059,0.5126050420168067,0.519327731092437,0.519327731092437,0.34369747899159664
33,0.4899159663865546,0.367038471211217,0.21754049520182242,0.19197730319001802,0.5327731092436975,0.12043365836143494,0.07273813337087631,0.0,0.07201679423451424,0.3263575159944594,"[0.6882352828979492, 0.7739495635032654]",0.3187,0.34789915966386553,0.38907563025210085,0.4226890756302521,0.5058823529411764,0.5168067226890757,0.5168067226890757,0.34285714285714286
34,0.48067226890756304,0.35339222456392094,0.23835254622311752,0.19076726138123282,0.5378151260504201,0.12097547948360443,0.07138665020465851,0.0,0.07073938846588135,0.3181986049748957,"[0.6882352828979492, 0.7739495635032654]",0.3791,0.34789915966386553,0.3663865546218487,0.4394957983193277,0.4957983193277311,0.5042016806722689,0.5042016806722689,0.334453781512605
35,0.44285714285714284,0.3168789271214574,0.20958754053166345,0.15849951319644182,0.5201680672268908,0.12259683012962341,0.07016778737306595,0.0,0.06958206743001938,0.33847277611494064,"[0.6882352828979492, 0.7739495635032654]",0.3719,0.35294117647058826,0.37058823529411766,0.4403361344537815,0.5033613445378151,0.5092436974789916,0.5092436974789916,0.3411764705882353
36,0.5436974789915966,0.40788316191509477,0.2312465251039123,0.26423724408101934,0.5512605042016807,0.12597137689590454,0.06907085329294205,0.0,0.06853699311614037,0.34887577302288264,"[0.6882352828979492, 0.7739495635032654]",0.3708,0.3621848739495798,0.3798319327731092,0.4403361344537815,0.5084033613445378,0.5168067226890757,0.5168067226890757,0.34705882352941175
37,0.5411764705882353,0.4051568817015292,0.23318117956158887,0.26614654565120116,0.553781512605042,0.1217040866613388,0.0680762268602848,0.0,0.06759300827980042,0.3360980909783393,"[0.6882352828979492, 0.7739495635032654]",0.3608,0.36134453781512604,0.3941176470588235,0.43025210084033616,0.49327731092436977,0.5025210084033613,0.5025210084033613,0.35042016806722687
38,0.49159663865546216,0.3545405399105439,0.2230156626478465,0.2210512071356041,0.5092436974789916,0.1167062297463417,0.06717574596405029,0.0,0.06674554944038391,0.35825319308787584,"[0.6882352828979492, 0.7739495635032654]",0.3535,0.31848739495798317,0.3722689075630252,0.43781512605042017,0.48823529411764705,0.492436974789916,0.492436974789916,0.3168067226890756
39,0.4907563025210084,0.360951527702823,0.22369845040986744,0.1966514233986281,0.515126050420168,0.12672913074493408,0.06637373752892017,0.0,0.06598171591758728,0.3448914900654927,"[0.6882352828979492, 0.7739495635032654]",0.3598,0.3058823529411765,0.3378151260504202,0.39663865546218485,0.4470588235294118,0.46554621848739497,0.46554621848739497,0.3042016806722689
40,0.49831932773109244,0.37505662870307743,0.2492514942914801,0.2086865979474595,0.5462184873949579,0.11951123178005219,0.06565097160637379,0.0,0.06529567949473858,0.3449124899925664,"[0.6882352828979492, 0.7739495635032654]",0.3451,0.31848739495798317,0.3638655462184874,0.4084033613445378,0.4890756302521008,0.4899159663865546,0.4899159663865546,0.31512605042016806
41,0.5336134453781513,0.3938111741770628,0.2300291833471518,0.2519256261651561,0.5428571428571428,0.12444277852773666,0.0650035236030817,0.0,0.06468247808516026,0.3420046509709209,"[0.6882352828979492, 0.7739495635032654]",0.3683,0.35714285714285715,0.39663865546218485,0.4403361344537815,0.5109243697478991,0.5100840336134453,0.5100840336134453,0.346218487394958
42,0.5067226890756302,0.37296514159068817,0.2537710253139341,0.238302218315609,0.5243697478991597,0.11547229439020157,0.06442512944340706,0.0,0.06413573399186134,0.32916044094599783,"[0.6882352828979492, 0.7739495635032654]",0.3456,0.3798319327731092,0.42016806722689076,0.4815126050420168,0.5176470588235295,0.5201680672268908,0.5201680672268908,0.36554621848739494
43,0.5319327731092437,0.4025614424405539,0.25182936671757955,0.2636025727900848,0.5495798319327732,0.10785414278507233,0.06390907615423203,0.0,0.06364472024142742,0.3226649999851361,"[0.6882352828979492, 0.7739495635032654]",0.3525,0.3722689075630252,0.40672268907563025,0.45546218487394957,0.5058823529411764,0.5100840336134453,0.5100840336134453,0.36134453781512604
44,0.5184873949579832,0.3931748523585259,0.2666361681174197,0.2611484594885131,0.5571428571428572,0.11892272531986237,0.0634481180459261,0.0,0.06320537626743317,0.33708398905582726,"[0.6882352828979492, 0.7739495635032654]",0.3497,0.3764705882352941,0.40588235294117647,0.45294117647058824,0.5109243697478991,0.5184873949579832,0.5184873949579832,0.36470588235294116
45,0.5008403361344538,0.36948524820620054,0.25765883876975226,0.24092350591919073,0.542016806722689,0.11144991964101791,0.06303793750703335,0.0,0.06281151063740253,0.3398212809115648,"[0.6882352828979492, 0.7739495635032654]",0.3374,0.3369747899159664,0.37815126050420167,0.44537815126050423,0.49831932773109244,0.49327731092436977,0.49327731092436977,0.334453781512605
46,0.5352941176470588,0.4062979850561792,0.266138757183196,0.26298952228759,0.5487394957983194,0.10408607870340347,0.06266972981393337,0.0,0.06245783716440201,0.35939934698399156,"[0.6882352828979492, 0.7739495635032654]",0.352,0.40756302521008403,0.44873949579831934,0.5134453781512605,0.5378151260504201,0.5403361344537815,0.5403361344537815,0.3873949579831933
47,0.5176470588235295,0.38610508454468817,0.24611625933032594,0.24253877410008995,0.5336134453781513,0.1076848953962326,0.06234077922999859,0.0,0.06214263290166855,0.33595334994606674,"[0.6882352828979492, 0.7739495635032654]",0.3436,0.32184873949579834,0.36722689075630255,0.4142857142857143,0.46974789915966386,0.48067226890756304,0.48067226890756304,0.3092436974789916
48,0.5201680672268908,0.39726472132729673,0.25990870069626587,0.242275777841333,0.5546218487394958,0.11998486518859863,0.062043990939855576,0.0,0.061864856630563736,0.338026191922836,"[0.6882352828979492, 0.7739495635032654]",0.3345,0.38571428571428573,0.4218487394957983,0.5067226890756302,0.5008403361344538,0.5025210084033613,0.5025210084033613,0.3588235294117647
49,0.507563025210084,0.3788380582164509,0.26526665735947075,0.24407831552208045,0.5588235294117647,0.11755284667015076,0.06177896820008755,0.0,0.06161089614033699,0.32425652898382396,"[0.6882352828979492, 0.7739495635032654]",0.3429,0.4016806722689076,0.4613445378151261,0.4647058823529412,0.5352941176470588,0.5478991596638656,0.5478991596638656,0.3697478991596639
50,0.5336134453781513,0.40499356749802706,0.27328346355689476,0.2581349064933112,0.5495798319327732,0.11725597083568573,0.0615380946546793,0.0,0.06138051301240921,0.33469038596376777,"[0.6882352828979492, 0.7739495635032654]",0.3366,0.35714285714285715,0.39243697478991596,0.4319327731092437,0.46974789915966386,0.5008403361344538,0.5008403361344538,0.3596638655462185
51,0.5310924369747899,0.39913184405769253,0.2740632144365837,0.2684730288353398,0.5428571428571428,0.10815490782260895,0.06132207438349724,0.0,0.061171313747763634,0.3333043010206893,"[0.6882352828979492, 0.7739495635032654]",0.3555,0.38235294117647056,0.41680672268907565,0.5050420168067227,0.5025210084033613,0.4991596638655462,0.4991596638655462,0.35798319327731093
52,0.5378151260504201,0.40758454705335545,0.27230758823704476,0.27585324983537585,0.5478991596638656,0.10402120649814606,0.061124544590711594,0.0,0.060985518619418144,0.34619666601065546,"[0.6882352828979492, 0.7739495635032654]",0.3278,0.4008403361344538,0.4588235294117647,0.5445378151260504,0.5512605042016807,0.5487394957983194,0.5487394957983194,0.3831932773109244
53,0.5126050420168067,0.3872454365232615,0.26505942441543157,0.2494766217009186,0.5605042016806723,0.11155638098716736,0.06094580516219139,0.0,0.06082162261009216,0.3404231349704787,"[0.6882352828979492, 0.7739495635032654]",0.3372,0.3983193277310924,0.4470588235294118,0.5117647058823529,0.5378151260504201,0.542016806722689,0.542016806722689,0.3873949579831933
54,0.5100840336134453,0.3811283255309432,0.26476020695136565,0.24745615855096384,0.5588235294117647,0.10564132034778595,0.060783758759498596,0.0,0.060672009363770485,0.3532042970182374,"[0.6882352828979492, 0.7739495635032654]",0.3246,0.4403361344537815,0.4899159663865546,0.5084033613445378,0.5428571428571428,0.5495798319327732,0.5495798319327732,0.4294117647058823
55,0.5310924369747899,0.4045283181301318,0.28317844894508015,0.2707505052862919,0.5722689075630252,0.10830748081207275,0.060640331357717514,0.0,0.060541290789842606,0.3330614869482815,"[0.6882352828979492, 0.7739495635032654]",0.3283,0.3949579831932773,0.4579831932773109,0.49747899159663866,0.5403361344537815,0.5445378151260504,0.5445378151260504,0.3873949579831933
56,0.5621848739495798,0.4332038213649039,0.2787906868244245,0.2997970185646358,0.5663865546218487,0.1117628663778305,0.0605030432343483,0.0,0.06041486747562885,0.3444742229767144,"[0.6882352828979492, 0.7739495635032654]",0.3399,0.3899159663865546,0.44873949579831934,0.5521008403361345,0.5521008403361345,0.5512605042016807,0.5512605042016807,0.37563025210084033
57,0.5478991596638656,0.4337478231105396,0.280940287948089,0.2623650091036366,0.5689075630252101,0.11535586416721344,0.06037714146077633,0.0,0.06030016578733921,0.38079038297291845,"[0.6882352828979492, 0.7739495635032654]",0.3384,0.3957983193277311,0.45630252100840335,0.519327731092437,0.5218487394957984,0.5260504201680672,0.5260504201680672,0.3865546218487395
58,0.5336134453781513,0.40432812505636984,0.29369417846387497,0.28955303350214207,0.5697478991596638,0.12228238582611084,0.06025675684213638,0.0,0.06019505858421326,0.37971324601676315,"[0.6882352828979492, 0.7739495635032654]",0.335,0.37563025210084033,0.4235294117647059,0.5201680672268908,0.5361344537815126,0.5361344537815126,0.5361344537815126,0.3663865546218487
59,0.5033613445378151,0.3904956528973751,0.29349406382439014,0.2406320690782578,0.5773109243697478,0.10593569278717041,0.06014815717935562,0.0,0.06009403057396412,0.3492128769867122,"[0.6882352828979492, 0.7739495635032654]",0.3366,0.39915966386554624,0.4722689075630252,0.5,0.5369747899159664,0.542016806722689,0.542016806722689,0.3899159663865546
60,0.48487394957983193,0.36894329339504306,0.31281315988853364,0.2394707946119498,0.5789915966386555,0.11691427230834961,0.06005273386836052,0.0,0.059997737407684326,0.3368350570090115,"[0.6882352828979492, 0.7739495635032654]",0.321,0.4184873949579832,0.4714285714285714,0.4831932773109244,0.5285714285714286,0.5386554621848739,0.5386554621848739,0.37815126050420167
61,0.5647058823529412,0.4333213517108746,0.2807976272202383,0.32179773231608416,0.5714285714285714,0.11296559870243073,0.05996358394622803,0.0,0.059909652918577194,0.321288806037046,"[0.6882352828979492, 0.7739495635032654]",0.3495,0.3798319327731092,0.41680672268907565,0.515126050420168,0.5235294117647059,0.5302521008403361,0.5302521008403361,0.36050420168067226
62,0.5487394957983194,0.4175720914378003,0.28963191526768406,0.3046638803783598,0.5680672268907563,0.10628165304660797,0.05987933464348316,0.0,0.05982494726777077,0.3257910480024293,"[0.6882352828979492, 0.7739495635032654]",0.3564,0.44285714285714284,0.46638655462184875,0.5050420168067227,0.5327731092436975,0.5436974789915966,0.5436974789915966,0.39663865546218485
63,0.542016806722689,0.41014580144409907,0.2800276315700929,0.3023027855210614,0.5529411764705883,0.1032920777797699,0.05979805067181587,0.0,0.05974373035132885,0.3053386330138892,"[0.6882352828979492, 0.7739495635032654]",0.3459,0.4134453781512605,0.453781512605042,0.5336134453781513,0.5478991596638656,0.5529411764705883,0.5529411764705883,0.3983193277310924
64,0.5361344537815126,0.40714159359126634,0.30162017877137953,0.30178960692073364,0.5571428571428572,0.10134008526802063,0.05971739813685417,0.0,0.05966928042471409,0.36740478803403676,"[0.6882352828979492, 0.7739495635032654]",0.4995,0.4117647058823529,0.4470588235294118,0.5436974789915966,0.5336134453781513,0.5369747899159664,0.5369747899159664,0.3815126050420168
65,0.5487394957983194,0.4307670654970177,0.29249512333455313,0.282848521415187,0.565546218487395,0.0952596589922905,0.05964124761521816,0.0,0.05959867313504219,0.4332138680620119,"[0.6882352828979492, 0.7739495635032654]",0.5112,0.40756302521008403,0.46218487394957986,0.4907563025210084,0.5394957983193277,0.5478991596638656,0.5478991596638656,0.38823529411764707
66,0.5571428571428572,0.4410934829145522,0.29367307624222455,0.28686837213431593,0.5689075630252101,0.09542051702737808,0.059568336233496666,0.0,0.059533294290304184,0.4215601700125262,"[0.6882352828979492, 0.7739495635032654]",0.5684,0.4579831932773109,0.5319327731092437,0.5411764705882353,0.542016806722689,0.553781512605042,0.553781512605042,0.4084033613445378
67,0.5529411764705883,0.44129433889997427,0.28470113700316,0.2577011222549569,0.565546218487395,0.1091545969247818,0.05949807167053223,0.0,0.059471119195222855,0.445007840055041,"[0.6882352828979492, 0.7739495635032654]",0.5843,0.42857142857142855,0.44789915966386556,0.5478991596638656,0.5168067226890757,0.5226890756302521,0.5226890756302521,0.3941176470588235
68,0.5546218487394958,0.44354009784589044,0.2877827086235528,0.2582949960229514,0.5663865546218487,0.10697322338819504,0.05943155474960804,0.0,0.05941273272037506,0.47389684396330267,"[0.6882352828979492, 0.7739495635032654]",0.5607,0.44285714285714284,0.47983193277310926,0.5100840336134453,0.5352941176470588,0.5386554621848739,0.5386554621848739,0.39747899159663863
69,0.5504201680672269,0.42379192249768305,0.3174498051350338,0.29525135353220155,0.5579831932773109,0.10378644615411758,0.05936879478394985,0.0,0.05935647711157799,0.49502669589128345,"[0.6882352828979492, 0.7739495635032654]",0.5424,0.4369747899159664,0.4546218487394958,0.5789915966386555,0.565546218487395,0.5714285714285714,0.5714285714285714,0.42100840336134454
70,0.5168067226890757,0.40321795692528817,0.28656561094678784,0.24348599370227747,0.5621848739495798,0.1012481302022934,0.05930885672569275,0.0,0.05930516496300697,0.3365350270178169,"[0.6882352828979492, 0.7739495635032654]",0.3603,0.41680672268907565,0.43025210084033616,0.561344537815126,0.5487394957983194,0.5521008403361345,0.5521008403361345,0.3941176470588235
71,0.519327731092437,0.40752939374210106,0.300235963537148,0.249013637398704,0.5672268907563025,0.09669078141450882,0.05925204046070576,0.0,0.05925571359694004,0.32606566103640944,"[0.6882352828979492, 0.7739495635032654]",0.522,0.3907563025210084,0.4361344537815126,0.5142857142857142,0.5436974789915966,0.5504201680672269,0.5504201680672269,0.3630252100840336
72,0.5815126050420169,0.4554716544245341,0.29217104339877886,0.33821143081671456,0.5815126050420169,0.10737185180187225,0.059198640286922455,0.0,0.05920965224504471,0.4875442339107394,"[0.6882352828979492, 0.7739495635032654]",0.3859,0.3840336134453782,0.43865546218487395,0.515126050420168,0.5462184873949579,0.5478991596638656,0.5478991596638656,0.36554621848739494
73,0.5689075630252101,0.4414479697625968,0.2835346605444122,0.3298023524346317,0.5697478991596638,0.10476183891296387,0.05914695002138615,0.0,0.05916750058531761,0.33911214501131326,"[0.6882352828979492, 0.7739495635032654]",0.4059,0.44537815126050423,0.4890756302521008,0.5722689075630252,0.5294117647058824,0.5470588235294118,0.5470588235294118,0.4184873949579832
74,0.5756302521008403,0.47162727720334807,0.34487484363134296,0.3117307517268223,0.5907563025210084,0.10070644319057465,0.05909840762615204,0.0,0.05912657082080841,0.3167317119659856,"[0.6882352828979492, 0.7739495635032654]",0.3654,0.42521008403361343,0.48487394957983193,0.5630252100840336,0.5302521008403361,0.5571428571428572,0.5571428571428572,0.42016806722689076
75,0.5571428571428572,0.4524259400255657,0.354229912355158,0.29042506315964445,0.5932773109243697,0.08919942378997803,0.059051139280200005,0.0,0.05908776447176933,0.3561824570642784,"[0.6882352828979492, 0.7739495635032654]",0.4862,0.4226890756302521,0.4789915966386555,0.5605042016806723,0.5319327731092437,0.5495798319327732,0.5495798319327732,0.4184873949579832
76,0.5218487394957984,0.3845763719354247,0.3026506917407397,0.28057625083059745,0.5705882352941176,0.107968769967556,0.05900556407868862,0.0,0.059050898998975754,0.3463291119551286,"[0.6882352828979492, 0.7739495635032654]",0.5884,0.426890756302521,0.4815126050420168,0.5630252100840336,0.526890756302521,0.5470588235294118,0.5470588235294118,0.4218487394957983
77,0.5579831932773109,0.4337639311043566,0.289755543135029,0.3053576150865692,0.5579831932773109,0.1057954952120781,0.058961428701877594,0.0,0.05901549197733402,0.4553793759550899,"[0.6882352828979492, 0.7739495635032654]",0.4613,0.4588235294117647,0.4957983193277311,0.6,0.5915966386554622,0.6033613445378151,0.6033613445378151,0.4226890756302521
78,0.5747899159663865,0.45969663905359426,0.32372424616881235,0.3308490659292507,0.5781512605042017,0.10386397689580917,0.058917731046676636,0.0,0.058981068432331085,0.3215408161049709,"[0.6882352828979492, 0.7739495635032654]",0.3622,0.4966386554621849,0.5831932773109244,0.5915966386554622,0.5873949579831933,0.6016806722689075,0.6016806722689075,0.45546218487394957
79,0.5571428571428572,0.4493662439284798,0.3466002427387489,0.29022471557550056,0.5865546218487395,0.09510158747434616,0.05887412466108799,0.0,0.05894775502383709,0.33639081194996834,"[0.6882352828979492, 0.7739495635032654]",0.4136,0.4176470588235294,0.46302521008403363,0.5554621848739496,0.5218487394957984,0.5168067226890757,0.5168067226890757,0.4142857142857143
80,0.6134453781512605,0.506624160995188,0.3591174122740993,0.39950808354879425,0.6134453781512605,0.1114095002412796,0.058831771835684776,0.0,0.0589158833026886,0.38323764002416283,"[0.6882352828979492, 0.7739495635032654]",0.348,0.42773109243697477,0.48403361344537815,0.5672268907563025,0.5327731092436975,0.5521008403361345,0.5521008403361345,0.4218487394957983
81,0.6008403361344538,0.48172157376928926,0.36391810384987,0.403012166908227,0.6033613445378151,0.1049673780798912,0.05879007279872894,0.0,0.05888541229069233,0.3235098219010979,"[0.6882352828979492, 0.7739495635032654]",0.3754,0.44285714285714284,0.4890756302521008,0.573109243697479,0.5302521008403361,0.5453781512605042,0.5453781512605042,0.4226890756302521
82,0.5907563025210084,0.47572065454177004,0.3657309843563589,0.40527107996887635,0.5991596638655462,0.09684406220912933,0.058749258518218994,0.0,0.05885586328804493,0.33178690099157393,"[0.6882352828979492, 0.7739495635032654]",0.3786,0.4504201680672269,0.49495798319327733,0.5663865546218487,0.5260504201680672,0.5394957983193277,0.5394957983193277,0.419327731092437
83,0.5092436974789916,0.39638190465933143,0.3244926507765414,0.25983947627652193,0.5815126050420169,0.11169043183326721,0.058709001168608665,0.0,0.05882715620100498,0.3381499939132482,"[0.6882352828979492, 0.7739495635032654]",0.3802,0.43781512605042017,0.4865546218487395,0.5722689075630252,0.526890756302521,0.5470588235294118,0.5470588235294118,0.42521008403361343
84,0.5168067226890757,0.40623863783290326,0.33442611584596255,0.2660638400220303,0.5907563025210084,0.09750723093748093,0.05866936035454273,0.0,0.058799199759960175,0.34596398298162967,"[0.6882352828979492, 0.7739495635032654]",0.378,0.4336134453781513,0.4890756302521008,0.5714285714285714,0.5319327731092437,0.5521008403361345,0.5521008403361345,0.42773109243697477
85,0.5991596638655462,0.4772742341864473,0.3645684474240668,0.4082480362255507,0.6067226890756302,0.10076873749494553,0.058630190789699554,0.0,0.05877232737839222,0.36083143402356654,"[0.6882352828979492, 0.7739495635032654]",0.3879,0.4134453781512605,0.47058823529411764,0.5319327731092437,0.5252100840336135,0.5470588235294118,0.5470588235294118,0.40756302521008403
86,0.5495798319327732,0.4400442458453677,0.36242079984865155,0.31525690558233604,0.6033613445378151,0.10909172892570496,0.05859181098639965,0.0,0.05874532274901867,0.32542680704500526,"[0.6882352828979492, 0.7739495635032654]",0.4657,0.40672268907563025,0.45714285714285713,0.5327731092436975,0.5184873949579832,0.553781512605042,0.553781512605042,0.40336134453781514
87,0.5235294117647059,0.41021187548130666,0.35055536708878016,0.280665894139209,0.5957983193277311,0.09961919486522675,0.05855348892509937,0.0,0.05871896259486675,0.32468134199734777,"[0.6882352828979492, 0.7739495635032654]",0.3997,0.43865546218487395,0.46638655462184875,0.5957983193277311,0.6092436974789915,0.5806722689075631,0.5806722689075631,0.4327731092436975
88,0.5630252100840336,0.44176311919818845,0.3696859297566748,0.3386349789928034,0.6,0.10934879630804062,0.058515237644314766,0.0,0.05869283713400364,0.3180189148988575,"[0.6882352828979492, 0.7739495635032654]",0.4011,0.45210084033613446,0.492436974789916,0.5630252100840336,0.5218487394957984,0.542016806722689,0.542016806722689,0.42436974789915966
89,0.5605042016806723,0.43974189436501177,0.36922758221352614,0.3364653771536248,0.5983193277310924,0.10424076020717621,0.05847703665494919,0.0,0.05866759829223156,0.36004598706495017,"[0.6882352828979492, 0.7739495635032654]",0.4175,0.45210084033613446,0.49495798319327733,0.5672268907563025,0.5210084033613446,0.5428571428571428,0.5428571428571428,0.4184873949579832
90,0.561344537815126,0.4406933033202026,0.3690344031333935,0.33769121720272544,0.6,0.10122799128293991,0.0584389753639698,0.0,0.05864313244819641,0.4918243479914963,"[0.6882352828979492, 0.7739495635032654]",0.4158,0.4151260504201681,0.4722689075630252,0.5840336134453782,0.5882352941176471,0.5991596638655462,0.5991596638655462,0.38571428571428573
91,0.6042016806722689,0.4871919208184582,0.3752964979286705,0.4226925875507425,0.6042016806722689,0.09448432922363281,0.05840151384472847,0.0,0.058618975803256035,0.305703354999423,"[0.6882352828979492, 0.7739495635032654]",0.3739,0.4126050420168067,0.4613445378151261,0.5773109243697478,0.5781512605042017,0.5899159663865546,0.5899159663865546,0.38235294117647056
92,0.5983193277310924,0.4783741030284968,0.3669677090790052,0.4184018569655314,0.6016806722689075,0.09098580479621887,0.05836464650928974,0.0,0.05859497748315334,0.3177275829948485,"[0.6882352828979492, 0.7739495635032654]",0.3891,0.4134453781512605,0.4588235294117647,0.5789915966386555,0.5781512605042017,0.5907563025210084,0.5907563025210084,0.3831932773109244
93,0.5890756302521009,0.4841543521235384,0.34954205051583576,0.34823540482116855,0.5932773109243697,0.1166377067565918,0.05832785926759243,0.0,0.05857149697840214,0.31990470096934587,"[0.6882352828979492, 0.7739495635032654]",0.392,0.39747899159663863,0.4647058823529412,0.5798319327731093,0.5781512605042017,0.5932773109243697,0.5932773109243697,0.3815126050420168
94,0.5890756302521009,0.4709216479248193,0.3678461232929007,0.3921795468131603,0.5991596638655462,0.11498437821865082,0.05829092487692833,0.0,0.058548346161842346,0.40222878905478865,"[0.6882352828979492, 0.7739495635032654]",0.4789,0.4117647058823529,0.46554621848739497,0.5285714285714286,0.5235294117647059,0.5302521008403361,0.5302521008403361,0.3983193277310924
95,0.565546218487395,0.4484314862845262,0.3521970883522109,0.34077678475355394,0.6100840336134454,0.10436593741178513,0.05825401097536087,0.0,0.05852534621953964,0.3727877800120041,"[0.6882352828979492, 0.7739495635032654]",0.462,0.4117647058823529,0.47394957983193275,0.5327731092436975,0.5243697478991597,0.5428571428571428,0.5428571428571428,0.4050420168067227
96,0.5647058823529412,0.44720107542985355,0.34800677686796516,0.3390922320167857,0.6100840336134454,0.09786459803581238,0.05821755714714527,0.0,0.0585029311478138,0.4075860920129344,"[0.6882352828979492, 0.7739495635032654]",0.3898,0.4117647058823529,0.4773109243697479,0.5352941176470588,0.5277310924369748,0.5487394957983194,0.5487394957983194,0.40588235294117647
97,0.5966386554621849,0.49097351315608895,0.35434292448447724,0.36835535487267423,0.6033613445378151,0.09712474048137665,0.058181336149573326,0.0,0.058480262756347656,0.39045159704983234,"[0.6882352828979492, 0.7739495635032654]",0.3735,0.43781512605042017,0.48067226890756304,0.5495798319327732,0.5336134453781513,0.5554621848739496,0.5554621848739496,0.41092436974789914
98,0.5873949579831933,0.47024028636346327,0.34911220013350386,0.3761212934855616,0.5932773109243697,0.10127794742584229,0.05814525671303272,0.0,0.058457545936107635,0.37042636203113943,"[0.6882352828979492, 0.7739495635032654]",0.402,0.4394957983193277,0.4773109243697479,0.5487394957983194,0.5092436974789916,0.5336134453781513,0.5336134453781513,0.41008403361344536
99,0.5823529411764706,0.46174232289089967,0.3462336553780205,0.36643670533734546,0.5873949579831933,0.09933267533779144,0.05810937471687794,0.0,0.05843462608754635,0.3339689209824428,"[0.6882352828979492, 0.7739495635032654]",0.3837,0.4966386554621849,0.5487394957983194,0.5941176470588235,0.6176470588235294,0.6226890756302521,0.6226890756302521,0.4369747899159664
100,0.5831932773109244,0.46172898951983865,0.3466726870506209,0.36944283726072447,0.584873949579832,0.09977967292070389,0.05807350017130375,0.0,0.058411408215761185,0.37920352607034147,"[0.6882352828979492, 0.7739495635032654]",0.3766,0.49327731092436977,0.5478991596638656,0.5865546218487395,0.6176470588235294,0.6277310924369748,0.6277310924369748,0.4361344537815126
101,0.5394957983193277,0.40863613239397534,0.34853406214791927,0.3219890497705132,0.5983193277310924,0.11396726965904236,0.05803772248327732,0.0,0.05838661640882492,0.4213723110733554,"[0.6882352828979492, 0.7739495635032654]",0.3941,0.4327731092436975,0.4638655462184874,0.5638655462184874,0.5529411764705883,0.5436974789915966,0.5436974789915966,0.42773109243697477
102,0.6134453781512605,0.5004991358653301,0.38878454514028965,0.4214731554581819,0.6260504201680672,0.10403098911046982,0.0580021608620882,0.0,0.05836229771375656,0.3816530209733173,"[0.6882352828979492, 0.7739495635032654]",0.3546,0.4857142857142857,0.5092436974789916,0.5184873949579832,0.5352941176470588,0.5798319327731093,0.5798319327731093,0.4134453781512605
103,0.611764705882353,0.4998357895158201,0.3944525037331458,0.4291981943858784,0.6218487394957983,0.10058103501796722,0.05796707421541214,0.0,0.05833842791616917,0.33930023096036166,"[0.6882352828979492, 0.7739495635032654]",0.4077,0.4781512605042017,0.5260504201680672,0.5991596638655462,0.6184873949579832,0.6243697478991597,0.6243697478991597,0.4504201680672269
104,0.6067226890756302,0.4947893231925917,0.3940757630157492,0.42462469836531247,0.6168067226890757,0.09630923718214035,0.057932060211896896,0.0,0.05831471271812916,0.3540328609524295,"[0.6882352828979492, 0.7739495635032654]",0.3846,0.446218487394958,0.4756302521008403,0.5865546218487395,0.5865546218487395,0.5957983193277311,0.5957983193277311,0.41092436974789914
105,0.5436974789915966,0.4159949965926941,0.34824365538965124,0.339608782948457,0.6042016806722689,0.1044813022017479,0.057896750047802925,0.0,0.05829326622188091,0.3279307560296729,"[0.6882352828979492, 0.7739495635032654]",0.3759,0.5260504201680672,0.5403361344537815,0.5638655462184874,0.6025210084033613,0.6159663865546219,0.6159663865546219,0.46638655462184875
106,0.5453781512605042,0.4207614972261262,0.3408894132789304,0.3255088254221674,0.5957983193277311,0.0991295650601387,0.05786173231899738,0.0,0.058272141963243484,0.3154559199465439,"[0.6882352828979492, 0.7739495635032654]",0.3962,0.5252100840336135,0.5453781512605042,0.5705882352941176,0.6067226890756302,0.619327731092437,0.619327731092437,0.4689075630252101
107,0.5478991596638656,0.4243117719259596,0.3425431772330225,0.3278126118805593,0.5983193277310924,0.09820989519357681,0.05782683566212654,0.0,0.05825117230415344,0.3606105409562588,"[0.6882352828979492, 0.7739495635032654]",0.5937,0.4126050420168067,0.45966386554621846,0.5521008403361345,0.5579831932773109,0.6,0.6,0.40672268907563025
108,0.5478991596638656,0.4243692265641438,0.3432820173667965,0.3287094946623685,0.5983193277310924,0.09842854738235474,0.057791851460933685,0.0,0.058230411261320114,0.5056456960737705,"[0.6882352828979492, 0.7739495635032654]",0.4859,0.4117647058823529,0.4613445378151261,0.5529411764705883,0.5596638655462185,0.6025210084033613,0.6025210084033613,0.40672268907563025
109,0.5596638655462185,0.4553528380068619,0.3835381027358474,0.33391208231865444,0.6184873949579832,0.09463340789079666,0.05775688774883747,0.0,0.058209940791130066,0.3301020700018853,"[0.6882352828979492, 0.7739495635032654]",0.3542,0.40672268907563025,0.45546218487394957,0.5512605042016807,0.565546218487395,0.5932773109243697,0.5932773109243697,0.40252100840336136
110,0.5941176470588235,0.47534456271411085,0.39192980094730706,0.4196321413763287,0.6050420168067226,0.11206944286823273,0.05772261694073677,0.0,0.0581897608935833,0.34740702097769827,"[0.6882352828979492, 0.7739495635032654]",0.3468,0.4142857142857143,0.4680672268907563,0.553781512605042,0.5630252100840336,0.5991596638655462,0.5991596638655462,0.40672268907563025
111,0.592436974789916,0.4743835401860035,0.39530341116143336,0.41580563665534664,0.6084033613445378,0.10049115121364594,0.05768883600831032,0.0,0.058169739320874214,0.34890707198064774,"[0.6882352828979492, 0.7739495635032654]",0.372,0.426890756302521,0.473109243697479,0.5529411764705883,0.5563025210084034,0.5983193277310924,0.5983193277310924,0.4092436974789916
112,0.5949579831932773,0.4778473378480115,0.39735325314483905,0.41694449584915105,0.611764705882353,0.09519354999065399,0.05765360966324806,0.0,0.05814901366829872,0.36081716092303395,"[0.6882352828979492, 0.7739495635032654]",0.3985,0.4319327731092437,0.4773109243697479,0.5546218487394958,0.5563025210084034,0.5983193277310924,0.5983193277310924,0.4117647058823529
113,0.5546218487394958,0.4334901033676215,0.3574564439170157,0.3512028037522907,0.6084033613445378,0.10658073425292969,0.05762055888772011,0.0,0.05812813341617584,0.38033091404940933,"[0.6882352828979492, 0.7739495635032654]",0.3974,0.4756302521008403,0.5084033613445378,0.584873949579832,0.6016806722689075,0.5915966386554622,0.5915966386554622,0.42016806722689076
114,0.5563025210084034,0.43542401604448167,0.35763788600549606,0.348324397677533,0.6092436974789915,0.09889034926891327,0.05758783221244812,0.0,0.05810709483921528,0.39475627697538584,"[0.6882352828979492, 0.7739495635032654]",0.371,0.4756302521008403,0.5084033613445378,0.5857142857142857,0.6016806722689075,0.6,0.6,0.4184873949579832
115,0.5554621848739496,0.43424646331018524,0.35347582170537245,0.3436535764766217,0.6067226890756302,0.09921026229858398,0.057556191459298134,0.0,0.05808603949844837,0.3449084139429033,"[0.6882352828979492, 0.7739495635032654]",0.4399,0.419327731092437,0.4504201680672269,0.561344537815126,0.565546218487395,0.5857142857142857,0.5857142857142857,0.3831932773109244
116,0.6033613445378151,0.4966691339748335,0.3948539975371127,0.4084314189725652,0.607563025210084,0.09768519550561905,0.05752430111169815,0.0,0.0580643005669117,0.41595118993427604,"[0.6882352828979492, 0.7739495635032654]",0.4486,0.41680672268907565,0.44873949579831934,0.5571428571428572,0.565546218487395,0.5890756302521009,0.5890756302521009,0.38235294117647056
117,0.6042016806722689,0.4974563034718723,0.3982249765175594,0.41255261982131386,0.6084033613445378,0.09791295230388641,0.057492708787322044,0.0,0.058042192831635475,0.34885200404096395,"[0.6882352828979492, 0.7739495635032654]",0.4183,0.4142857142857143,0.44789915966386556,0.5571428571428572,0.5663865546218487,0.5890756302521009,0.5890756302521009,0.380672268907563
118,0.592436974789916,0.48362893932561757,0.3864205486953604,0.39425041437349234,0.5983193277310924,0.09829844534397125,0.057461898773908615,0.0,0.05801931582391262,0.3556149610085413,"[0.6882352828979492, 0.7739495635032654]",0.3948,0.5579831932773109,0.5546218487394958,0.6,0.6285714285714286,0.6336134453781512,0.6336134453781512,0.515126050420168
119,0.634453781512605,0.5385347754808769,0.3913431789548225,0.40594628307442515,0.634453781512605,0.11693568527698517,0.05743170902132988,0.0,0.05799616314470768,0.342658428940922,"[0.6882352828979492, 0.7739495635032654]",0.3932,0.5605042016806723,0.5512605042016807,0.5890756302521009,0.6302521008403361,0.634453781512605,0.634453781512605,0.5243697478991597
120,0.5302521008403361,0.4111721587403593,0.35924588535097113,0.333809131667016,0.5991596638655462,0.11974909901618958,0.05740215815603733,0.0,0.0579721424728632,0.3362747950013727,"[0.6882352828979492, 0.7739495635032654]",0.3915,0.5361344537815126,0.5680672268907563,0.5974789915966386,0.6369747899159663,0.6470588235294118,0.6470588235294118,0.5016806722689076
121,0.5294117647058824,0.40332237693300177,0.36867075305217034,0.3401975193906625,0.6008403361344538,0.10686269402503967,0.05737321078777313,0.0,0.05794759467244148,0.35116262501105666,"[0.6882352828979492, 0.7739495635032654]",0.3905,0.542016806722689,0.5714285714285714,0.5915966386554622,0.6378151260504201,0.6478991596638656,0.6478991596638656,0.5050420168067227
122,0.5915966386554622,0.48527396163006375,0.38122478222039835,0.37731701184032196,0.5949579831932773,0.104815773665905,0.05734463036060333,0.0,0.05792178399860859,0.35182924300897866,"[0.6882352828979492, 0.7739495635032654]",0.3963,0.5403361344537815,0.5697478991596638,0.5857142857142857,0.6386554621848739,0.6470588235294118,0.6470588235294118,0.5025210084033613
123,0.6252100840336134,0.5292917736478246,0.3901026496552662,0.3754349550469865,0.6277310924369748,0.11354994773864746,0.05731634236872196,0.0,0.05789635516703129,0.3347639760468155,"[0.6882352828979492, 0.7739495635032654]",0.4025,0.5092436974789916,0.5285714285714286,0.5361344537815126,0.5890756302521009,0.607563025210084,0.607563025210084,0.44285714285714284
124,0.534453781512605,0.4158841656285496,0.3618201321980025,0.3392516726257931,0.6008403361344538,0.11760321259498596,0.05728834494948387,0.0,0.05787159316241741,0.3611707939999178,"[0.6882352828979492, 0.7739495635032654]",0.4032,0.43529411764705883,0.5016806722689076,0.5470588235294118,0.5747899159663865,0.6058823529411764,0.6058823529411764,0.3899159663865546
125,0.5882352941176471,0.48191822642065996,0.3814599106174224,0.3705106915714185,0.5949579831932773,0.10272384434938431,0.05726072937250137,0.0,0.057847851887345314,0.34426450403407216,"[0.6882352828979492, 0.7739495635032654]",0.5043,0.4294117647058823,0.5025210084033613,0.5487394957983194,0.5756302521008403,0.6050420168067226,0.6050420168067226,0.3899159663865546
126,0.6252100840336134,0.5293076368447985,0.3888028518054301,0.3750712710453951,0.6285714285714286,0.11397214233875275,0.057233892381191254,0.0,0.057823313400149345,0.35507126396987587,"[0.6882352828979492, 0.7739495635032654]",0.3964,0.43445378151260505,0.5042016806722689,0.5462184873949579,0.5764705882352941,0.6067226890756302,0.6067226890756302,0.3907563025210084
127,0.6252100840336134,0.5294407620587787,0.3920887401357858,0.3730991926871012,0.626890756302521,0.11019566655158997,0.057207170873880386,0.0,0.057800132781267166,0.3206364359939471,"[0.6882352828979492, 0.7739495635032654]",0.3903,0.4336134453781513,0.5033613445378151,0.5436974789915966,0.5764705882352941,0.6067226890756302,0.6067226890756302,0.3915966386554622
128,0.626890756302521,0.5315446631148609,0.39434348207189185,0.3745936061983408,0.6294117647058823,0.1094696968793869,0.05718079209327698,0.0,0.05777587741613388,0.3285812910180539,"[0.6882352828979492, 0.7739495635032654]",0.3966,0.4319327731092437,0.5008403361344538,0.5260504201680672,0.5739495798319327,0.6042016806722689,0.6042016806722689,0.38823529411764707
129,0.553781512605042,0.44697762670092733,0.3763814864233769,0.3313244242621713,0.6016806722689075,0.1031293272972107,0.057154422625899315,0.0,0.05775306932628155,0.33249186899047345,"[0.6882352828979492, 0.7739495635032654]",0.4049,0.40756302521008403,0.4764705882352941,0.561344537815126,0.565546218487395,0.6142857142857143,0.6142857142857143,0.38235294117647056
130,0.5495798319327732,0.4424884886074799,0.37602507022852905,0.331828657953557,0.6042016806722689,0.09959830343723297,0.05712834559381008,0.0,0.05773005820810795,0.3283793959999457,"[0.6882352828979492, 0.7739495635032654]",0.3968,0.4,0.47478991596638653,0.5596638655462185,0.565546218487395,0.611764705882353,0.611764705882353,0.3815126050420168
131,0.5453781512605042,0.4381996978902055,0.3759289747405149,0.33081816165866634,0.6050420168067226,0.10012306272983551,0.05710269883275032,0.0,0.05770719423890114,0.32260310102719814,"[0.6882352828979492, 0.7739495635032654]",0.3756,0.4714285714285714,0.5235294117647059,0.5361344537815126,0.5605042016806723,0.6008403361344538,0.6008403361344538,0.426890756302521
132,0.5252100840336135,0.38876828195114155,0.37715332709684574,0.3355093102690223,0.6050420168067226,0.10228358954191208,0.05707739107310772,0.0,0.05768495798110962,0.36316311196424067,"[0.6882352828979492, 0.7739495635032654]",0.3612,0.47983193277310926,0.5428571428571428,0.5310924369747899,0.5184873949579832,0.5714285714285714,0.5714285714285714,0.4142857142857143
133,0.5705882352941176,0.44116514526177264,0.3779475601406357,0.37126323660840554,0.6042016806722689,0.10292233526706696,0.057052286341786385,0.0,0.057662608101964,0.3517518430016935,"[0.6882352828979492, 0.7739495635032654]",0.3757,0.507563025210084,0.5899159663865546,0.5764705882352941,0.5621848739495798,0.5336134453781513,0.5336134453781513,0.4142857142857143
134,0.5865546218487395,0.4606247201693632,0.3842507015117076,0.3960351738773659,0.6050420168067226,0.1034441739320755,0.05702733248472214,0.0,0.05764118209481239,0.36205722705926746,"[0.6882352828979492, 0.7739495635032654]",0.3772,0.5260504201680672,0.6084033613445378,0.6100840336134454,0.6025210084033613,0.5823529411764706,0.5823529411764706,0.4361344537815126
135,0.5815126050420169,0.45218522281147244,0.38574583419095737,0.3800005543634808,0.6042016806722689,0.10503244400024414,0.05700299330055714,0.0,0.057619377970695496,0.3633233850123361,"[0.6882352828979492, 0.7739495635032654]",0.4765,0.3865546218487395,0.4638655462184874,0.5571428571428572,0.5672268907563025,0.6067226890756302,0.6067226890756302,0.37563025210084033
136,0.5806722689075631,0.4522022703056747,0.3827371221356611,0.3787233546754078,0.6067226890756302,0.1040370911359787,0.05697878077626228,0.0,0.05759779177606106,0.42631572496611625,"[0.6882352828979492, 0.7739495635032654]",0.3728,0.38571428571428573,0.4638655462184874,0.5546218487394958,0.5672268907563025,0.6100840336134454,0.6100840336134454,0.37563025210084033
137,0.5621848739495798,0.430091297169898,0.3784251147702373,0.3572643458138528,0.6067226890756302,0.10361400991678238,0.05695504508912563,0.0,0.0575762540102005,0.3628150320146233,"[0.6882352828979492, 0.7739495635032654]",0.4702,0.38907563025210085,0.46974789915966386,0.5588235294117647,0.5672268907563025,0.6159663865546219,0.6159663865546219,0.37815126050420167
138,0.5470588235294118,0.4130614216979043,0.3737630743746335,0.3427734301631729,0.6067226890756302,0.10337068885564804,0.056931888684630394,0.0,0.0575547032058239,0.3639558639843017,"[0.6882352828979492, 0.7739495635032654]",0.3891,0.3907563025210084,0.47058823529411764,0.5571428571428572,0.565546218487395,0.6142857142857143,0.6142857142857143,0.3773109243697479
139,0.5302521008403361,0.3928859570025153,0.37726735076906764,0.3318004507641091,0.6067226890756302,0.10316938161849976,0.05690925382077694,0.0,0.057533685117959976,0.34795787394978106,"[0.6882352828979492, 0.7739495635032654]",0.4014,0.39243697478991596,0.46974789915966386,0.5563025210084034,0.565546218487395,0.6134453781512605,0.6134453781512605,0.37815126050420167
140,0.5218487394957984,0.3831922132696889,0.3781380157173254,0.3286208705462426,0.6067226890756302,0.10301220417022705,0.056886861100792885,0.0,0.05751262791454792,0.33526172605343163,"[0.6882352828979492, 0.7739495635032654]",0.4146,0.39327731092436974,0.47058823529411764,0.5554621848739496,0.5638655462184874,0.6092436974789915,0.6092436974789915,0.37815126050420167
141,0.5126050420168067,0.3726743414534831,0.3766607005324894,0.3263145801317606,0.6058823529411764,0.10291591286659241,0.056864919140934944,0.0,0.057489823549985886,0.38494211703073233,"[0.6882352828979492, 0.7739495635032654]",0.3797,0.519327731092437,0.561344537815126,0.5899159663865546,0.6134453781512605,0.6327731092436975,0.6327731092436975,0.4504201680672269
142,0.5092436974789916,0.36872951091434114,0.3756509240944809,0.32402875430410144,0.6050420168067226,0.10331274569034576,0.0568428710103035,0.0,0.05746917240321636,0.34807701501995325,"[0.6882352828979492, 0.7739495635032654]",0.4342,0.4394957983193277,0.49159663865546216,0.5588235294117647,0.5857142857142857,0.5462184873949579,0.5462184873949579,0.38487394957983195
143,0.5067226890756302,0.36623967178340766,0.3749993798238302,0.32470238387868466,0.6058823529411764,0.10301674902439117,0.05682152137160301,0.0,0.05744807422161102,0.49580864794552326,"[0.6882352828979492, 0.7739495635032654]",0.4167,0.4411764705882353,0.4907563025210084,0.5554621848739496,0.5815126050420169,0.542016806722689,0.542016806722689,0.3831932773109244
144,0.561344537815126,0.44254041756969587,0.3548555007124686,0.33711220606964293,0.6,0.12667597830295563,0.05680019035935402,0.0,0.057428257539868355,0.37150996504351497,"[0.6882352828979492, 0.7739495635032654]",0.4018,0.3915966386554622,0.44537815126050423,0.4865546218487395,0.5058823529411764,0.5310924369747899,0.5310924369747899,0.3630252100840336
145,0.6008403361344538,0.4853765923508889,0.39270077500619693,0.43008419226939065,0.6067226890756302,0.10339009761810303,0.056779179722070694,0.0,0.05740730091929436,0.3429916340392083,"[0.6882352828979492, 0.7739495635032654]",0.3733,0.5184873949579832,0.5445378151260504,0.5546218487394958,0.6033613445378151,0.6243697478991597,0.6243697478991597,0.4495798319327731
146,0.6008403361344538,0.4859690699336693,0.39483595052126025,0.43101406012640076,0.6067226890756302,0.09703414142131805,0.056758202612400055,0.0,0.05738800950348377,0.33284740801900625,"[0.6882352828979492, 0.7739495635032654]",0.4023,0.4319327731092437,0.5025210084033613,0.5403361344537815,0.592436974789916,0.5907563025210084,0.5907563025210084,0.39663865546218485
147,0.6008403361344538,0.4858058770500676,0.3938243707064301,0.42971407072841716,0.6067226890756302,0.09580732882022858,0.05673804320394993,0.0,0.05736711993813515,0.32317608094308525,"[0.6882352828979492, 0.7739495635032654]",0.3868,0.4336134453781513,0.5042016806722689,0.542016806722689,0.5932773109243697,0.5907563025210084,0.5907563025210084,0.39915966386554624
148,0.6008403361344538,0.4858058770500676,0.3938243707064301,0.42971407072841716,0.6067226890756302,0.09592291712760925,0.05671759136021137,0.0,0.05734797939658165,0.3193679510150105,"[0.6882352828979492, 0.7739495635032654]",0.3788,0.42773109243697477,0.49327731092436977,0.5235294117647059,0.5764705882352941,0.5823529411764706,0.5823529411764706,0.3865546218487395
149,0.5789915966386555,0.46911236449315497,0.3750711538126609,0.3755103736122702,0.6126050420168068,0.11635082215070724,0.05669731833040714,0.0,0.057326819747686386,0.3388642229838297,"[0.6882352828979492, 0.7739495635032654]",0.3825,0.3873949579831933,0.4495798319327731,0.48403361344537815,0.5092436974789916,0.5445378151260504,0.5445378151260504,0.36050420168067226
150,0.611764705882353,0.5015535087902214,0.39717692591159254,0.4325537235766953,0.619327731092437,0.1029684990644455,0.05667730048298836,0.0,0.057307248935103416,0.3447845309274271,"[0.6882352828979492, 0.7739495635032654]",0.3776,0.4126050420168067,0.42016806722689076,0.4789915966386555,0.4865546218487395,0.561344537815126,0.561344537815126,0.3798319327731092
151,0.6226890756302521,0.5145249102301307,0.3999743661847353,0.4471675022034103,0.6260504201680672,0.09980911016464233,0.05665704421699047,0.0,0.05728706903755665,0.33669836400076747,"[0.6882352828979492, 0.7739495635032654]",0.3705,0.515126050420168,0.5285714285714286,0.5386554621848739,0.5621848739495798,0.607563025210084,0.607563025210084,0.4512605042016807
152,0.6201680672268908,0.5114685190197399,0.39785300778582594,0.4436223961622379,0.6235294117647059,0.10016131401062012,0.05663800612092018,0.0,0.057267049327492714,0.32224644301459193,"[0.6882352828979492, 0.7739495635032654]",0.4054,0.515126050420168,0.5285714285714286,0.5386554621848739,0.5621848739495798,0.607563025210084,0.607563025210084,0.45210084033613446
153,0.6142857142857143,0.5021887073092708,0.3999474795094895,0.43750097151677425,0.619327731092437,0.09941725432872772,0.056618062779307365,0.0,0.05724584124982357,0.37260175100527704,"[0.6882352828979492, 0.7739495635032654]",0.3588,0.5159663865546219,0.5285714285714286,0.5394957983193277,0.5638655462184874,0.6084033613445378,0.6084033613445378,0.453781512605042
154,0.6210084033613446,0.5122042109185765,0.3987835064157271,0.44726424963132655,0.6252100840336134,0.09964530169963837,0.05659897066652775,0.0,0.0572270005941391,0.3290842620190233,"[0.6882352828979492, 0.7739495635032654]",0.3684,0.5159663865546219,0.5294117647058824,0.5403361344537815,0.5630252100840336,0.6084033613445378,0.6084033613445378,0.453781512605042
155,0.6210084033613446,0.5119566927379585,0.39759678052097874,0.44626626302030153,0.6252100840336134,0.10025671124458313,0.05658015422523022,0.0,0.057207588106393814,0.34063445299398154,"[0.6882352828979492, 0.7739495635032654]",0.3668,0.519327731092437,0.5327731092436975,0.5361344537815126,0.5764705882352941,0.6084033613445378,0.6084033613445378,0.4680672268907563
156,0.619327731092437,0.5098708645609913,0.39505662035971006,0.44413505110370344,0.6235294117647059,0.10036809742450714,0.05656173266470432,0.0,0.05719052813947201,0.3508651109877974,"[0.6882352828979492, 0.7739495635032654]",0.3608,0.519327731092437,0.5319327731092437,0.5361344537815126,0.5764705882352941,0.6084033613445378,0.6084033613445378,0.4680672268907563
157,0.6201680672268908,0.5109492701244267,0.39562906187167785,0.44455937839946824,0.6243697478991597,0.10044175386428833,0.05654405243694782,0.0,0.0571735966950655,0.41558737691957504,"[0.6882352828979492, 0.7739495635032654]",0.373,0.5218487394957984,0.5411764705882353,0.5647058823529412,0.5949579831932773,0.6176470588235294,0.6176470588235294,0.45630252100840335
158,0.6218487394957983,0.5136133757684092,0.39795428264403926,0.4456673929257035,0.6260504201680672,0.10040858387947083,0.056526534259319305,0.0,0.057156000286340714,0.3342632580315694,"[0.6882352828979492, 0.7739495635032654]",0.3563,0.5226890756302521,0.542016806722689,0.565546218487395,0.5957983193277311,0.6184873949579832,0.6184873949579832,0.45714285714285713
159,0.6210084033613446,0.5124337612525245,0.39762680282309826,0.44505784913898294,0.6252100840336134,0.10070096701383591,0.05650899559259415,0.0,0.057139163836836815,0.4432859889930114,"[0.6882352828979492, 0.7739495635032654]",0.4452,0.5235294117647059,0.542016806722689,0.565546218487395,0.5957983193277311,0.6184873949579832,0.6184873949579832,0.45714285714285713
160,0.6201680672268908,0.5113562344596148,0.39706052739109204,0.44462653350154435,0.6243697478991597,0.1007814109325409,0.05649193935096264,0.0,0.05712027661502361,0.36263631703332067,"[0.6882352828979492, 0.7739495635032654]",0.3499,0.42857142857142855,0.47983193277310926,0.5705882352941176,0.5722689075630252,0.607563025210084,0.607563025210084,0.38235294117647056
161,0.6201680672268908,0.5113171668606389,0.3978196397697436,0.44464522513204946,0.6243697478991597,0.10083990544080734,0.05647510290145874,0.0,0.05710437148809433,0.34690411505289376,"[0.6882352828979492, 0.7739495635032654]",0.3545,0.42857142857142855,0.4815126050420168,0.5714285714285714,0.5714285714285714,0.6058823529411764,0.6058823529411764,0.3831932773109244
162,0.6201680672268908,0.5113171668606389,0.3978196397697436,0.44464522513204946,0.6243697478991597,0.10091143846511841,0.056458136066794395,0.0,0.057086141780018806,0.3437962119933218,"[0.6882352828979492, 0.7739495635032654]",0.3606,0.42857142857142855,0.4789915966386555,0.5714285714285714,0.5714285714285714,0.6058823529411764,0.6058823529411764,0.38235294117647056
163,0.6176470588235294,0.5080634170717303,0.3965320799160591,0.4420421985927825,0.6218487394957983,0.10114926844835281,0.05644173361361027,0.0,0.05706986039876938,0.38905409909784794,"[0.6882352828979492, 0.7739495635032654]",0.3571,0.4294117647058823,0.4789915966386555,0.5705882352941176,0.5714285714285714,0.6058823529411764,0.6058823529411764,0.3831932773109244
164,0.5840336134453782,0.4727075467137877,0.38328584304692304,0.38292026991888634,0.6050420168067226,0.12116999179124832,0.056425418704748154,0.0,0.05705032870173454,0.4819952220423147,"[0.6882352828979492, 0.7739495635032654]",0.3901,0.4294117647058823,0.4781512605042017,0.5756302521008403,0.5739495798319327,0.6134453781512605,0.6134453781512605,0.3907563025210084
165,0.5949579831932773,0.48660480528163885,0.3946469194773531,0.3962203875313663,0.6092436974789915,0.11368273943662643,0.056409526616334915,0.0,0.05703405663371086,0.3831395689630881,"[0.6882352828979492, 0.7739495635032654]",0.3883,0.42857142857142855,0.4773109243697479,0.573109243697479,0.573109243697479,0.6067226890756302,0.6067226890756302,0.38487394957983195
166,0.5983193277310924,0.490157097439492,0.3975640715291718,0.406096077494571,0.6134453781512605,0.10330497473478317,0.056393468752503395,0.0,0.05701496638357639,0.40829679497983307,"[0.6882352828979492, 0.7739495635032654]",0.411,0.42773109243697477,0.4781512605042017,0.5714285714285714,0.5697478991596638,0.607563025210084,0.607563025210084,0.38571428571428573
167,0.5941176470588235,0.48403782124765593,0.38891357036885377,0.39574951898664074,0.6050420168067226,0.11772234737873077,0.056377360597252846,0.0,0.05699739791452885,0.3858182890107855,"[0.6882352828979492, 0.7739495635032654]",0.4191,0.4319327731092437,0.4672268907563025,0.5781512605042017,0.5773109243697478,0.6142857142857143,0.6142857142857143,0.3915966386554622
168,0.5991596638655462,0.49286827869328453,0.3951882360900752,0.39318628800427874,0.6126050420168068,0.11797314137220383,0.0563605111092329,0.0,0.05697735399007797,0.40088217495940626,"[0.6882352828979492, 0.7739495635032654]",0.3781,0.4294117647058823,0.47058823529411764,0.5714285714285714,0.5756302521008403,0.6084033613445378,0.6084033613445378,0.38571428571428573
169,0.5974789915966386,0.489192579980285,0.3969022041345734,0.40452055379080204,0.6126050420168068,0.10706490278244019,0.05634401738643646,0.0,0.05695917084813118,0.397774848039262,"[0.6882352828979492, 0.7739495635032654]",0.4965,0.4294117647058823,0.4781512605042017,0.573109243697479,0.5747899159663865,0.6084033613445378,0.6084033613445378,0.3840336134453782
170,0.5890756302521009,0.4716580608667782,0.38967352558503804,0.4077555284111988,0.6168067226890757,0.10502710193395615,0.056327538564801216,0.0,0.05695069208741188,0.5653461830224842,"[0.6882352828979492, 0.7739495635032654]",0.3746,0.4327731092436975,0.4789915966386555,0.5714285714285714,0.5722689075630252,0.6067226890756302,0.6067226890756302,0.38487394957983195
171,0.5823529411764706,0.47182667791902766,0.3825895701609999,0.3841439260543382,0.6084033613445378,0.10690601170063019,0.05631447955965996,0.0,0.05695190653204918,0.32064207701478153,"[0.6882352828979492, 0.7739495635032654]",0.3495,0.44873949579831934,0.49327731092436977,0.5302521008403361,0.5327731092436975,0.5647058823529412,0.5647058823529412,0.4142857142857143
172,0.5815126050420169,0.4707672633357505,0.3818158700792567,0.383750791648455,0.607563025210084,0.10552158951759338,0.056299880146980286,0.0,0.05694928020238876,0.33560893102549016,"[0.6882352828979492, 0.7739495635032654]",0.3588,0.4470588235294118,0.492436974789916,0.5302521008403361,0.5336134453781513,0.5663865546218487,0.5663865546218487,0.41008403361344536
173,0.5823529411764706,0.47173185275696616,0.38194181389170995,0.38518183385550653,0.6084033613445378,0.10603329539299011,0.056286150589585304,0.0,0.05693804658949375,0.3150629219599068,"[0.6882352828979492, 0.7739495635032654]",0.3788,0.4546218487394958,0.4714285714285714,0.5319327731092437,0.5563025210084034,0.5991596638655462,0.5991596638655462,0.4369747899159664
174,0.6042016806722689,0.49950217213682013,0.397962211065792,0.40417792966320976,0.6134453781512605,0.10350628197193146,0.05627373978495598,0.0,0.05692150071263313,0.30715716909617186,"[0.6882352828979492, 0.7739495635032654]",0.3426,0.453781512605042,0.46974789915966386,0.5310924369747899,0.5529411764705883,0.5966386554621849,0.5966386554621849,0.43445378151260505
175,0.6025210084033613,0.4975770120975337,0.3968625615798963,0.4013525274538532,0.611764705882353,0.10314624011516571,0.056261688470840454,0.0,0.056907255202531815,0.31128340295981616,"[0.6882352828979492, 0.7739495635032654]",0.3544,0.45210084033613446,0.46974789915966386,0.5319327731092437,0.5546218487394958,0.5966386554621849,0.5966386554621849,0.4327731092436975
176,0.6,0.49486383064864936,0.39469643113062924,0.39748773432949197,0.6109243697478992,0.10354902595281601,0.05625099875032902,0.0,0.056898027658462524,0.30566906195599586,"[0.6882352828979492, 0.7739495635032654]",0.3464,0.4394957983193277,0.446218487394958,0.5260504201680672,0.542016806722689,0.5907563025210084,0.5907563025210084,0.40336134453781514
177,0.5983193277310924,0.4927414097690218,0.3935995377394407,0.3954327525649927,0.6092436974789915,0.1037922352552414,0.05624222010374069,0.0,0.05688967742025852,0.31508624099660665,"[0.6882352828979492, 0.7739495635032654]",0.3573,0.45294117647058824,0.4680672268907563,0.5428571428571428,0.5310924369747899,0.5478991596638656,0.5478991596638656,0.4226890756302521
178,0.6218487394957983,0.5142284350989232,0.40073848165161535,0.4399289520629691,0.6285714285714286,0.10254475474357605,0.056236354634165764,0.0,0.056873051449656487,0.31917713209986687,"[0.6882352828979492, 0.7739495635032654]",0.3494,0.4369747899159664,0.4504201680672269,0.526890756302521,0.5428571428571428,0.5907563025210084,0.5907563025210084,0.4042016806722689
179,0.6201680672268908,0.5120871545069439,0.39980988363193354,0.43961037057421676,0.626890756302521,0.10218436270952225,0.05622969940304756,0.0,0.05685190670192242,0.3339494989486411,"[0.6882352828979492, 0.7739495635032654]",0.3679,0.4369747899159664,0.4512605042016807,0.5260504201680672,0.5453781512605042,0.5907563025210084,0.5907563025210084,0.40672268907563025
180,0.6025210084033613,0.4975702849961082,0.39610553503021245,0.40080711839349786,0.6109243697478992,0.1042591854929924,0.05622353404760361,0.0,0.05682877451181412,0.354144461103715,"[0.6882352828979492, 0.7739495635032654]",0.3814,0.43529411764705883,0.44285714285714284,0.5243697478991597,0.542016806722689,0.592436974789916,0.592436974789916,0.40252100840336136
181,0.6210084033613446,0.5131630748129992,0.4005839315315792,0.4400473622367731,0.6277310924369748,0.10225796699523926,0.056218698620796204,0.0,0.05680868402123451,0.3424235930433497,"[0.6882352828979492, 0.7739495635032654]",0.3743,0.4336134453781513,0.446218487394958,0.5243697478991597,0.5453781512605042,0.592436974789916,0.592436974789916,0.40252100840336136
182,0.6067226890756302,0.5007601726882862,0.40012496795619684,0.4139561498769461,0.6134453781512605,0.10452797263860703,0.056213151663541794,0.0,0.05678699538111687,0.34502248698845506,"[0.6882352828979492, 0.7739495635032654]",0.3732,0.43529411764705883,0.44537815126050423,0.5243697478991597,0.5445378151260504,0.5932773109243697,0.5932773109243697,0.4016806722689076
183,0.6226890756302521,0.5149286251211975,0.4083837861670661,0.45135581866838104,0.6243697478991597,0.10201411694288254,0.05620770528912544,0.0,0.056766584515571594,0.3492561529856175,"[0.6882352828979492, 0.7739495635032654]",0.3788,0.43529411764705883,0.45630252100840335,0.5277310924369748,0.5462184873949579,0.5932773109243697,0.5932773109243697,0.40336134453781514
184,0.6033613445378151,0.49655454291225376,0.4007005099993803,0.41016078392974775,0.6100840336134454,0.10569166392087936,0.05620270222425461,0.0,0.05674632638692856,0.35818109195679426,"[0.6882352828979492, 0.7739495635032654]",0.4696,0.43445378151260505,0.446218487394958,0.5252100840336135,0.5453781512605042,0.5941176470588235,0.5941176470588235,0.40252100840336136
185,0.5873949579831933,0.4678452052424019,0.3866143782215512,0.40651333567853903,0.6033613445378151,0.11535899341106415,0.056197840720415115,0.0,0.05672707036137581,0.3971063270000741,"[0.6882352828979492, 0.7739495635032654]",0.3613,0.42521008403361343,0.4336134453781513,0.5126050420168067,0.5403361344537815,0.5957983193277311,0.5957983193277311,0.3865546218487395
186,0.6159663865546219,0.5129672699461498,0.4079557355109498,0.4190969887467949,0.6210084033613446,0.11447733640670776,0.056193238124251366,0.0,0.05670836754143238,0.327708788914606,"[0.6882352828979492, 0.7739495635032654]",0.4862,0.5361344537815126,0.5571428571428572,0.584873949579832,0.6142857142857143,0.634453781512605,0.634453781512605,0.4773109243697479
187,0.6109243697478992,0.5057155314251061,0.40431689285762273,0.42104790557798955,0.6168067226890757,0.10830506682395935,0.05618870630860329,0.0,0.056690316647291183,0.35325256595388055,"[0.6882352828979492, 0.7739495635032654]",0.3961,0.43865546218487395,0.4470588235294118,0.5243697478991597,0.5470588235294118,0.5915966386554622,0.5915966386554622,0.40588235294117647
188,0.6100840336134454,0.5045955189652636,0.4039224013895765,0.42023437547404213,0.6168067226890757,0.10556849837303162,0.056184401735663414,0.0,0.05667299032211304,0.3454662599833682,"[0.6882352828979492, 0.7739495635032654]",0.4126,0.4394957983193277,0.4512605042016807,0.5252100840336135,0.5478991596638656,0.5907563025210084,0.5907563025210084,0.4084033613445378
189,0.6092436974789915,0.5038220986796387,0.4025815776682413,0.41751716599313576,0.6159663865546219,0.10501857846975327,0.05618005059659481,0.0,0.056656159460544586,0.40729824802838266,"[0.6882352828979492, 0.7739495635032654]",0.4173,0.5184873949579832,0.5588235294117647,0.6025210084033613,0.626890756302521,0.6369747899159663,0.6369747899159663,0.44537815126050423
190,0.6067226890756302,0.5007207866256427,0.40087617252096025,0.4139444109258137,0.6134453781512605,0.10502305626869202,0.05617561750113964,0.0,0.056639838963747025,0.4731860269093886,"[0.6882352828979492, 0.7739495635032654]",0.5776,0.5184873949579832,0.5579831932773109,0.6016806722689075,0.626890756302521,0.6369747899159663,0.6369747899159663,0.44537815126050423
191,0.5621848739495798,0.43570172532429474,0.37068518879643747,0.359908215231505,0.6,0.10979102551937103,0.05617121048271656,0.0,0.056624067947268486,0.5184824260650203,"[0.6882352828979492, 0.7739495635032654]",0.5888,0.43445378151260505,0.47478991596638653,0.5680672268907563,0.5739495798319327,0.6092436974789915,0.6092436974789915,0.38823529411764707
192,0.6201680672268908,0.5149676678175981,0.3993474880650852,0.4349025383689314,0.6226890756302521,0.10595647245645523,0.05616691894829273,0.0,0.05660874582827091,0.48858902999199927,"[0.6882352828979492, 0.7739495635032654]",0.5504,0.43109243697478994,0.4789915966386555,0.5697478991596638,0.5747899159663865,0.611764705882353,0.611764705882353,0.38571428571428573
193,0.5983193277310924,0.48879026938223813,0.39744935533033493,0.3997517098495907,0.6285714285714286,0.10784334689378738,0.056162597611546516,0.0,0.056593993678689,0.45477421197574586,"[0.6882352828979492, 0.7739495635032654]",0.6032,0.5294117647058824,0.5705882352941176,0.6176470588235294,0.634453781512605,0.6453781512605042,0.6453781512605042,0.4546218487394958
194,0.6,0.490532250071279,0.4008270530538472,0.40196251734261934,0.6302521008403361,0.10594998300075531,0.056158244609832764,0.0,0.056580206379294395,0.49019050505012274,"[0.6882352828979492, 0.7739495635032654]",0.4694,0.5352941176470588,0.5747899159663865,0.6226890756302521,0.6378151260504201,0.6487394957983194,0.6487394957983194,0.46050420168067224
195,0.6016806722689075,0.49267241456846667,0.4013577251236112,0.40139238667431276,0.6310924369747899,0.10641971975564957,0.05615401081740856,0.0,0.05656706728041172,0.37866571999620646,"[0.6882352828979492, 0.7739495635032654]",0.4014,0.5352941176470588,0.5789915966386555,0.6243697478991597,0.6411764705882353,0.6495798319327731,0.6495798319327731,0.46050420168067224
196,0.6016806722689075,0.4926792589947664,0.40139119780105825,0.40104189699652276,0.6310924369747899,0.10668502748012543,0.05614936910569668,0.0,0.056554172188043594,0.4111248159315437,"[0.6882352828979492, 0.7739495635032654]",0.4332,0.5352941176470588,0.5798319327731093,0.6243697478991597,0.6411764705882353,0.6504201680672269,0.6504201680672269,0.4613445378151261
197,0.5411764705882353,0.41459485466232027,0.39623303700673035,0.34568336379180337,0.6126050420168068,0.10994487255811691,0.0561444703489542,0.0,0.056541044265031815,0.32484405394643545,"[0.6882352828979492, 0.7739495635032654]",0.4086,0.5352941176470588,0.6,0.6310924369747899,0.6394957983193277,0.6487394957983194,0.6487394957983194,0.46218487394957986
198,0.5705882352941176,0.4476353115902205,0.40053240931688294,0.37781558369049334,0.6126050420168068,0.10883130878210068,0.05613977648317814,0.0,0.05652829445898533,0.547966405050829,"[0.6882352828979492, 0.7739495635032654]",0.4363,0.5134453781512605,0.5932773109243697,0.626890756302521,0.6336134453781512,0.6428571428571429,0.6428571428571429,0.4579831932773109
199,0.5957983193277311,0.4861258744272232,0.39861551550426216,0.3915984779977166,0.6277310924369748,0.10897814482450485,0.056135451421141624,0.0,0.05651618167757988,0.37095603405032307,"[0.6882352828979492, 0.7739495635032654]",0.3776,0.5100840336134453,0.5890756302521009,0.626890756302521,0.6361344537815126,0.6420168067226891,0.6420168067226891,0.45714285714285713
200,0.5932773109243697,0.4824752698548763,0.3988940482574439,0.3880398630986217,0.6260504201680672,0.10874535143375397,0.056131115183234215,0.0,0.0565046239644289,0.3539906480582431,"[0.6882352828979492, 0.7739495635032654]",0.38,0.507563025210084,0.584873949579832,0.6252100840336134,0.6302521008403361,0.6403361344537815,0.6403361344537815,0.4546218487394958
201,0.5932773109243697,0.4817935865703239,0.3995977689518376,0.38960471695506305,0.6243697478991597,0.10955926030874252,0.056126877665519714,0.0,0.05649354308843613,0.4599512559361756,"[0.6882352828979492, 0.7739495635032654]",0.4361,0.5210084033613446,0.5815126050420169,0.626890756302521,0.634453781512605,0.6445378151260505,0.6445378151260505,0.4579831932773109
202,0.5865546218487395,0.4667205884763992,0.4105681466201405,0.40657666277429744,0.6126050420168068,0.11085174977779388,0.05612301826477051,0.0,0.05648217909038067,0.35180791292805225,"[0.6882352828979492, 0.7739495635032654]",0.3874,0.507563025210084,0.5840336134453782,0.6260504201680672,0.6327731092436975,0.6369747899159663,0.6369747899159663,0.45546218487394957
203,0.592436974789916,0.48041390436338893,0.3996582321753598,0.3901092163122824,0.6235294117647059,0.11066090315580368,0.05611899122595787,0.0,0.056471530348062515,0.3499670079909265,"[0.6882352828979492, 0.7739495635032654]",0.4013,0.5176470588235295,0.5806722689075631,0.6260504201680672,0.6319327731092437,0.6420168067226891,0.6420168067226891,0.45714285714285713
204,0.5386554621848739,0.40474465822770966,0.3675170430964394,0.35514277328362215,0.6,0.12349197268486023,0.05611521005630493,0.0,0.05646071583032608,0.3696937089553103,"[0.6882352828979492, 0.7739495635032654]",0.3996,0.5294117647058824,0.5789915966386555,0.626890756302521,0.6403361344537815,0.6478991596638656,0.6478991596638656,0.4579831932773109
205,0.5294117647058824,0.3985923233883871,0.36241893383651913,0.3473121442603119,0.5974789915966386,0.12096906453371048,0.05611139535903931,0.0,0.05645027197897434,0.3815780730219558,"[0.6882352828979492, 0.7739495635032654]",0.4333,0.5285714285714286,0.5747899159663865,0.6218487394957983,0.6361344537815126,0.6478991596638656,0.6478991596638656,0.4588235294117647
206,0.5336134453781513,0.40483807306131947,0.3649661168246416,0.35585980353013785,0.6050420168067226,0.11721070110797882,0.05610768869519234,0.0,0.05643981695175171,0.40335365606006235,"[0.6882352828979492, 0.7739495635032654]",0.3775,0.526890756302521,0.5689075630252101,0.6142857142857143,0.6319327731092437,0.6428571428571429,0.6428571428571429,0.45546218487394957
207,0.5672268907563025,0.4498297915125574,0.3880728874890977,0.3825709456644338,0.6243697478991597,0.11188916116952896,0.056104088202118874,0.0,0.05642956122756004,0.4244096240727231,"[0.6882352828979492, 0.7739495635032654]",0.3752,0.5252100840336135,0.5638655462184874,0.6100840336134454,0.6302521008403361,0.6394957983193277,0.6394957983193277,0.45210084033613446
208,0.5663865546218487,0.44865112395113604,0.3876769146977605,0.3819217838756478,0.6235294117647059,0.11023017764091492,0.05610043928027153,0.0,0.05641947500407696,0.359857328934595,"[0.6882352828979492, 0.7739495635032654]",0.3888,0.5252100840336135,0.5630252100840336,0.6092436974789915,0.6302521008403361,0.6394957983193277,0.6394957983193277,0.45210084033613446
209,0.5663865546218487,0.4486436979769953,0.38751272362347094,0.3821441556320645,0.6235294117647059,0.10995829850435257,0.05609712935984135,0.0,0.056408971548080444,0.4088498769560829,"[0.6882352828979492, 0.7739495635032654]",0.384,0.5252100840336135,0.5638655462184874,0.6084033613445378,0.6294117647058823,0.6386554621848739,0.6386554621848739,0.4512605042016807
210,0.5663865546218487,0.4487189385927268,0.3871209982830038,0.38097604792122486,0.6243697478991597,0.10992210358381271,0.05609392374753952,0.0,0.05639851465821266,0.41100015898700804,"[0.6882352828979492, 0.7739495635032654]",0.382,0.5252100840336135,0.5647058823529412,0.6100840336134454,0.6302521008403361,0.6394957983193277,0.6394957983193277,0.45210084033613446
211,0.5647058823529412,0.4466641592018722,0.38593525732517064,0.37975022582118245,0.6235294117647059,0.11020806431770325,0.05609065666794777,0.0,0.05638827756047249,0.4369200349319726,"[0.6882352828979492, 0.7739495635032654]",0.3792,0.5252100840336135,0.565546218487395,0.6092436974789915,0.6277310924369748,0.6394957983193277,0.6394957983193277,0.4512605042016807
212,0.5663865546218487,0.4487115144452415,0.3868860221890356,0.3812020696252279,0.6243697478991597,0.11051064729690552,0.05608741752803326,0.0,0.056378064677119255,0.38461676507722586,"[0.6882352828979492, 0.7739495635032654]",0.3509,0.5327731092436975,0.5722689075630252,0.6016806722689075,0.6277310924369748,0.6436974789915967,0.6436974789915967,0.45210084033613446
213,0.5647058823529412,0.4466641592018722,0.38593525732517064,0.37975022582118245,0.6235294117647059,0.1105140820145607,0.05608430504798889,0.0,0.05636800639331341,0.38280155207030475,"[0.6882352828979492, 0.7739495635032654]",0.3551,0.5327731092436975,0.573109243697479,0.6025210084033613,0.6277310924369748,0.6428571428571429,0.6428571428571429,0.45210084033613446
214,0.5647058823529412,0.4466641592018722,0.38593525732517064,0.37975022582118245,0.6235294117647059,0.11051621288061142,0.056081101298332214,0.0,0.05635799467563629,0.3998902840539813,"[0.6882352828979492, 0.7739495635032654]",0.3749,0.5327731092436975,0.573109243697479,0.6025210084033613,0.6277310924369748,0.6428571428571429,0.6428571428571429,0.45210084033613446
215,0.5647058823529412,0.4466641592018722,0.38593525732517064,0.37975022582118245,0.6235294117647059,0.11058854311704636,0.05607777461409569,0.0,0.05634801834821701,0.3600045529892668,"[0.6882352828979492, 0.7739495635032654]",0.3691,0.5277310924369748,0.5663865546218487,0.5983193277310924,0.6285714285714286,0.6411764705882353,0.6411764705882353,0.45210084033613446
216,0.5647058823529412,0.4466641592018722,0.38593525732517064,0.37975022582118245,0.6235294117647059,0.11064981669187546,0.05607496574521065,0.0,0.056337928399443626,0.3862371699651703,"[0.6882352828979492, 0.7739495635032654]",0.3507,0.5285714285714286,0.5663865546218487,0.5983193277310924,0.6285714285714286,0.6411764705882353,0.6411764705882353,0.45210084033613446
217,0.49495798319327733,0.36488582970496797,0.38946135176453883,0.3118278416983735,0.6126050420168068,0.11458129435777664,0.05607190541923046,0.0,0.05632859095931053,0.3567860540933907,"[0.6882352828979492, 0.7739495635032654]",0.3591,0.5436974789915966,0.5983193277310924,0.6201680672268908,0.6394957983193277,0.6487394957983194,0.6487394957983194,0.45714285714285713
218,0.5470588235294118,0.4210170948040388,0.39310453600110845,0.35027637055960376,0.611764705882353,0.11048799753189087,0.056068604812026024,0.0,0.056319765746593475,0.34791462298016995,"[0.6882352828979492, 0.7739495635032654]",0.3408,0.5470588235294118,0.6084033613445378,0.6252100840336134,0.6411764705882353,0.6495798319327731,0.6495798319327731,0.4579831932773109
219,0.584873949579832,0.4633165260275873,0.4053750936687099,0.4023525300539399,0.6109243697478992,0.11114664375782013,0.05606553331017494,0.0,0.056311216205358505,0.33095134899485856,"[0.6882352828979492, 0.7739495635032654]",0.3503,0.5495798319327732,0.6159663865546219,0.6285714285714286,0.6428571428571429,0.6504201680672269,0.6504201680672269,0.46050420168067224
220,0.5840336134453782,0.4623243688780694,0.4030409741799107,0.3997420972332372,0.6100840336134454,0.11145683377981186,0.05606234073638916,0.0,0.05630277842283249,0.3821659900713712,"[0.6882352828979492, 0.7739495635032654]",0.4981,0.5495798319327732,0.6176470588235294,0.6310924369747899,0.6453781512605042,0.6504201680672269,0.6504201680672269,0.4613445378151261
221,0.5840336134453782,0.4624298662850759,0.40263928332302895,0.39967738900874966,0.6100840336134454,0.11165528744459152,0.056059110909700394,0.0,0.056293996050953865,0.46169046498835087,"[0.6882352828979492, 0.7739495635032654]",0.4684,0.4756302521008403,0.5277310924369748,0.565546218487395,0.6025210084033613,0.5899159663865546,0.5899159663865546,0.43445378151260505
222,0.5504201680672269,0.42182542061031414,0.38753524194844746,0.3741860640701513,0.6084033613445378,0.11978378146886826,0.056055860593914986,0.0,0.056285370141267776,0.3901897909818217,"[0.6882352828979492, 0.7739495635032654]",0.3903,0.492436974789916,0.5596638655462185,0.5907563025210084,0.6243697478991597,0.6252100840336134,0.6252100840336134,0.44873949579831934
223,0.5436974789915966,0.41468253069617245,0.38583122059727204,0.3642606191048395,0.6092436974789915,0.1182236447930336,0.05605289153754711,0.0,0.05627692863345146,0.3811410830821842,"[0.6882352828979492, 0.7739495635032654]",0.4156,0.5201680672268908,0.5789915966386555,0.611764705882353,0.6386554621848739,0.6428571428571429,0.6428571428571429,0.45714285714285713
224,0.584873949579832,0.4633787440072151,0.40688375211475447,0.40271999655170815,0.611764705882353,0.11435285210609436,0.05604999698698521,0.0,0.05626869760453701,0.3667412420036271,"[0.6882352828979492, 0.7739495635032654]",0.3418,0.49831932773109244,0.5588235294117647,0.6092436974789915,0.6277310924369748,0.6260504201680672,0.6260504201680672,0.45294117647058824
225,0.5840336134453782,0.46237540535187693,0.403623201294418,0.4004850034746319,0.6109243697478992,0.11151087284088135,0.05604667216539383,0.0,0.0562608428299427,0.33372865803539753,"[0.6882352828979492, 0.7739495635032654]",0.3506,0.48487394957983193,0.5403361344537815,0.5806722689075631,0.6100840336134454,0.6058823529411764,0.6058823529411764,0.4411764705882353
226,0.584873949579832,0.4632489027308694,0.4031800622333437,0.3993979344682419,0.6109243697478992,0.11148785054683685,0.05604321323335171,0.0,0.056253232061862946,0.32654793409164995,"[0.6882352828979492, 0.7739495635032654]",0.3587,0.5176470588235295,0.5739495798319327,0.6092436974789915,0.6369747899159663,0.6478991596638656,0.6478991596638656,0.46218487394957986
227,0.5823529411764706,0.4604129811811011,0.39961765084839823,0.394036047657959,0.6084033613445378,0.11129707098007202,0.05603952519595623,0.0,0.05624553933739662,0.35687347303610295,"[0.6882352828979492, 0.7739495635032654]",0.3621,0.5058823529411764,0.5672268907563025,0.5957983193277311,0.6336134453781512,0.6420168067226891,0.6420168067226891,0.45630252100840335
228,0.5798319327731093,0.45604824075030603,0.39549445508013137,0.3913715670830728,0.6067226890756302,0.11105233430862427,0.05603594332933426,0.0,0.05623837374150753,0.35601720807608217,"[0.6882352828979492, 0.7739495635032654]",0.3636,0.5084033613445378,0.5630252100840336,0.5865546218487395,0.6285714285714286,0.6428571428571429,0.6428571428571429,0.45546218487394957
229,0.5806722689075631,0.4571703860259838,0.39577133033472667,0.39132819434854627,0.6067226890756302,0.11008612811565399,0.056032221764326096,0.0,0.0562315359711647,0.3453520900802687,"[0.6882352828979492, 0.7739495635032654]",0.3667,0.5159663865546219,0.565546218487395,0.5899159663865546,0.6319327731092437,0.646218487394958,0.646218487394958,0.45714285714285713
230,0.5806722689075631,0.4570522585258183,0.3970315837234965,0.39315411032736547,0.607563025210084,0.1100202351808548,0.056028882041573524,0.0,0.05622471868991852,0.3723395640263334,"[0.6882352828979492, 0.7739495635032654]",0.3624,0.5218487394957984,0.5689075630252101,0.5957983193277311,0.6336134453781512,0.6478991596638656,0.6478991596638656,0.4588235294117647
231,0.5815126050420169,0.45815172519728875,0.39692864487241525,0.39305276832267955,0.607563025210084,0.11007820814847946,0.05602532625198364,0.0,0.05621829070150852,0.3653474079910666,"[0.6882352828979492, 0.7739495635032654]",0.3553,0.5243697478991597,0.5689075630252101,0.5983193277310924,0.634453781512605,0.6487394957983194,0.6487394957983194,0.45966386554621846
232,0.5470588235294118,0.41573678505388,0.37293115354694956,0.3603536980274853,0.6050420168067226,0.12589441239833832,0.05602197162806988,0.0,0.05621197074651718,0.3345174759160727,"[0.6882352828979492, 0.7739495635032654]",0.3571,0.5369747899159664,0.5588235294117647,0.5890756302521009,0.6302521008403361,0.6445378151260505,0.6445378151260505,0.48067226890756304
233,0.5336134453781513,0.4038915605233515,0.3626857912042317,0.34446419736048306,0.5974789915966386,0.12413492798805237,0.056018535047769547,0.0,0.05620606616139412,0.36020948202349246,"[0.6882352828979492, 0.7739495635032654]",0.3775,0.5386554621848739,0.5621848739495798,0.5907563025210084,0.6226890756302521,0.6445378151260505,0.6445378151260505,0.48403361344537815
234,0.5436974789915966,0.41697246506138674,0.3612016601301632,0.35191927069074475,0.6033613445378151,0.1225540041923523,0.05601508170366287,0.0,0.056200599297881126,0.4260645209578797,"[0.6882352828979492, 0.7739495635032654]",0.4188,0.5394957983193277,0.5588235294117647,0.5899159663865546,0.6176470588235294,0.6369747899159663,0.6369747899159663,0.4865546218487395
235,0.5470588235294118,0.4224684541592608,0.363285796917785,0.3587138226238516,0.607563025210084,0.11916054040193558,0.0560116246342659,0.0,0.056195275858044624,0.40628085599746555,"[0.6882352828979492, 0.7739495635032654]",0.386,0.5369747899159664,0.5546218487394958,0.5756302521008403,0.6109243697478992,0.634453781512605,0.634453781512605,0.4823529411764706
236,0.5504201680672269,0.427523988421894,0.36123009774569126,0.3625103875105479,0.6100840336134454,0.11407135426998138,0.056008247658610344,0.0,0.05618998222053051,0.37756283895578235,"[0.6882352828979492, 0.7739495635032654]",0.4297,0.5369747899159664,0.5529411764705883,0.5714285714285714,0.6092436974789915,0.6310924369747899,0.6310924369747899,0.47983193277310926
237,0.5521008403361345,0.4299332029508621,0.3650654121342866,0.36853197802837145,0.6109243697478992,0.11066800355911255,0.05600499361753464,0.0,0.056184686720371246,0.3634497890016064,"[0.6882352828979492, 0.7739495635032654]",0.3891,0.5369747899159664,0.5512605042016807,0.5705882352941176,0.6084033613445378,0.626890756302521,0.626890756302521,0.4781512605042017
238,0.5521008403361345,0.43028446703972845,0.36683824354947975,0.3703241796486085,0.611764705882353,0.1093466728925705,0.056001825258135796,0.0,0.05617949552834034,0.39474570204038173,"[0.6882352828979492, 0.7739495635032654]",0.3896,0.5361344537815126,0.5487394957983194,0.5697478991596638,0.6084033613445378,0.6260504201680672,0.6260504201680672,0.4773109243697479
239,0.5512605042016807,0.42890215592896186,0.3683340190011372,0.3715428929628389,0.6109243697478992,0.10881282389163971,0.05599864013493061,0.0,0.05617437697947025,0.36450808693189174,"[0.6882352828979492, 0.7739495635032654]",0.3867,0.5394957983193277,0.553781512605042,0.5806722689075631,0.6100840336134454,0.6319327731092437,0.6319327731092437,0.4831932773109244
240,0.5512605042016807,0.4286156161853578,0.3690464994227302,0.37052122754504857,0.6092436974789915,0.10851234942674637,0.05599535442888737,0.0,0.056169530376791954,0.35770637390669435,"[0.6882352828979492, 0.7739495635032654]",0.3879,0.5394957983193277,0.5512605042016807,0.5798319327731093,0.6100840336134454,0.6310924369747899,0.6310924369747899,0.4831932773109244
241,0.5512605042016807,0.428316959948181,0.370609707428881,0.37119437284234874,0.6067226890756302,0.10832461714744568,0.05599217303097248,0.0,0.056164730340242386,0.36507592909038067,"[0.6882352828979492, 0.7739495635032654]",0.3915,0.5394957983193277,0.5512605042016807,0.5781512605042017,0.611764705882353,0.6310924369747899,0.6310924369747899,0.4831932773109244
242,0.553781512605042,0.4316590439956287,0.3791358953823781,0.37754072495757746,0.6092436974789915,0.10814741998910904,0.05598876252770424,0.0,0.05616055987775326,0.37579664995428175,"[0.6882352828979492, 0.7739495635032654]",0.3885,0.5394957983193277,0.5512605042016807,0.5781512605042017,0.611764705882353,0.6310924369747899,0.6310924369747899,0.4831932773109244
243,0.553781512605042,0.43184198861148404,0.3796216092005077,0.37794694525748107,0.6100840336134454,0.1079828292131424,0.05598558112978935,0.0,0.056156376376748085,0.36359836091287434,"[0.6882352828979492, 0.7739495635032654]",0.4034,0.5411764705882353,0.5512605042016807,0.5781512605042017,0.6109243697478992,0.6310924369747899,0.6310924369747899,0.4831932773109244
244,0.5739495798319327,0.45761946971072676,0.39240202378143174,0.3959666675614302,0.6285714285714286,0.109958216547966,0.055982230231165886,0.0,0.056152451783418655,0.38703451200854033,"[0.6882352828979492, 0.7739495635032654]",0.3969,0.5394957983193277,0.5504201680672269,0.5789915966386555,0.6100840336134454,0.6336134453781512,0.6336134453781512,0.48487394957983193
245,0.5739495798319327,0.45709382820254174,0.3936283910370757,0.39516991985743655,0.6294117647058823,0.1101607158780098,0.055978937074542046,0.0,0.05614842288196087,0.4151983429910615,"[0.6882352828979492, 0.7739495635032654]",0.4135,0.5394957983193277,0.5495798319327732,0.5781512605042017,0.6109243697478992,0.6336134453781512,0.6336134453781512,0.48739495798319327
246,0.5722689075630252,0.45529186413546874,0.39161075081800556,0.3938659006833341,0.6294117647058823,0.11043485999107361,0.05597570165991783,0.0,0.05614430643618107,0.35135425499174744,"[0.6882352828979492, 0.7739495635032654]",0.3933,0.5394957983193277,0.5504201680672269,0.5798319327731093,0.6109243697478992,0.6336134453781512,0.6336134453781512,0.48823529411764705
247,0.5714285714285714,0.4543944218594641,0.3925599520150102,0.3932992717612301,0.6294117647058823,0.11066273599863052,0.05597260408103466,0.0,0.056140027940273285,0.3371218719985336,"[0.6882352828979492, 0.7739495635032654]",0.3788,0.5403361344537815,0.5504201680672269,0.5806722689075631,0.6109243697478992,0.634453781512605,0.634453781512605,0.48823529411764705
248,0.5714285714285714,0.4546802345171508,0.3922024906908871,0.39217474475437286,0.6302521008403361,0.11081041395664215,0.055969396606087685,0.0,0.05613590031862259,0.4847077620215714,"[0.6882352828979492, 0.7739495635032654]",0.3697,0.5403361344537815,0.5504201680672269,0.5823529411764706,0.6109243697478992,0.634453781512605,0.634453781512605,0.48823529411764705
249,0.5722689075630252,0.45575682426725617,0.3929794780627549,0.3918426016004933,0.6310924369747899,0.11095915734767914,0.055965911597013474,0.0,0.05613195337355137,0.3992276599165052,"[0.6882352828979492, 0.7739495635032654]",0.4584,0.47058823529411764,0.5142857142857142,0.5571428571428572,0.5789915966386555,0.5974789915966386,0.5974789915966386,0.4495798319327731
250,0.5722689075630252,0.45588051667590435,0.3940357061515452,0.3921418043651691,0.6310924369747899,0.11108414083719254,0.055962253361940384,0.0,0.05612881854176521,0.3607618239475414,"[0.6882352828979492, 0.7739495635032654]",0.3882,0.4714285714285714,0.5117647058823529,0.5579831932773109,0.5781512605042017,0.5974789915966386,0.5974789915966386,0.44789915966386556
251,0.5722689075630252,0.4559650644981076,0.39443984788439884,0.3935038403090214,0.6319327731092437,0.11118709295988083,0.05595835857093334,0.0,0.0561254508793354,0.3604424580698833,"[0.6882352828979492, 0.7739495635032654]",0.3884,0.4714285714285714,0.5109243697478991,0.5571428571428572,0.5781512605042017,0.5974789915966386,0.5974789915966386,0.44789915966386556
252,0.5714285714285714,0.45490749414625076,0.3937815616070531,0.392872038354172,0.6310924369747899,0.11125054955482483,0.055954460054636,0.0,0.0561227984726429,0.4715617849724367,"[0.6882352828979492, 0.7739495635032654]",0.4234,0.47058823529411764,0.5100840336134453,0.5571428571428572,0.5781512605042017,0.5974789915966386,0.5974789915966386,0.44789915966386556
253,0.5705882352941176,0.45391225632869614,0.3934408277002526,0.3923238314789274,0.6310924369747899,0.11131150275468826,0.05595080181956291,0.0,0.0561194010078907,0.35656245704740286,"[0.6882352828979492, 0.7739495635032654]",0.4185,0.47058823529411764,0.5100840336134453,0.5571428571428572,0.5781512605042017,0.5974789915966386,0.5974789915966386,0.4470588235294118
254,0.5705882352941176,0.45391225632869614,0.3934408277002526,0.3923238314789274,0.6310924369747899,0.11135073006153107,0.05594736151397228,0.0,0.05611620098352432,0.40832544094882905,"[0.6882352828979492, 0.7739495635032654]",0.6098,0.47058823529411764,0.5100840336134453,0.5571428571428572,0.5781512605042017,0.5974789915966386,0.5974789915966386,0.4470588235294118
255,0.5705882352941176,0.45391225632869614,0.3934408277002526,0.3923238314789274,0.6310924369747899,0.1113801822066307,0.05594379082322121,0.0,0.056112805381417274,0.4013005259912461,"[0.6882352828979492, 0.7739495635032654]",0.4121,0.4689075630252101,0.5117647058823529,0.5605042016806723,0.5773109243697478,0.5983193277310924,0.5983193277310924,0.4436974789915966
256,0.5705882352941176,0.45391225632869614,0.3934408277002526,0.3923238314789274,0.6310924369747899,0.11139993369579315,0.05594043992459774,0.0,0.05610931105911732,0.5326449850108474,"[0.6882352828979492, 0.7739495635032654]",0.6708,0.4672268907563025,0.5109243697478991,0.5563025210084034,0.5764705882352941,0.5966386554621849,0.5966386554621849,0.44537815126050423
257,0.5705882352941176,0.45391225632869614,0.3934408277002526,0.3923238314789274,0.6310924369747899,0.11141806095838547,0.055936986580491066,0.0,0.05610590614378452,0.4995289830258116,"[0.6882352828979492, 0.7739495635032654]",0.5924,0.4672268907563025,0.5109243697478991,0.5571428571428572,0.5764705882352941,0.5966386554621849,0.5966386554621849,0.44537815126050423
258,0.5714285714285714,0.4549696636599744,0.3941008612217145,0.3929580998313858,0.6319327731092437,0.11142274737358093,0.05593358539044857,0.0,0.056102486327290535,0.38516358798369765,"[0.6882352828979492, 0.7739495635032654]",0.3987,0.4689075630252101,0.5084033613445378,0.5605042016806723,0.5756302521008403,0.5974789915966386,0.5974789915966386,0.44285714285714284
259,0.5714285714285714,0.4550787931463297,0.3937107412310608,0.39369952469133346,0.6319327731092437,0.11143355071544647,0.05593007989227772,0.0,0.05609920807182789,0.3842735419748351,"[0.6882352828979492, 0.7739495635032654]",0.3889,0.5025210084033613,0.542016806722689,0.5747899159663865,0.607563025210084,0.6294117647058823,0.6294117647058823,0.4504201680672269
260,0.5714285714285714,0.4550787931463297,0.3937107412310608,0.39369952469133346,0.6319327731092437,0.11143292486667633,0.055926645174622536,0.0,0.05609606206417084,0.360156015958637,"[0.6882352828979492, 0.7739495635032654]",0.4165,0.5025210084033613,0.542016806722689,0.5747899159663865,0.607563025210084,0.6294117647058823,0.6294117647058823,0.4504201680672269
261,0.5016806722689076,0.37187571208841275,0.39619444525183206,0.31969459192854577,0.6168067226890757,0.11748465150594711,0.05592319928109646,0.0,0.056093085557222366,0.37825507507659495,"[0.6882352828979492, 0.7739495635032654]",0.3883,0.5100840336134453,0.5521008403361345,0.5983193277310924,0.6100840336134454,0.6310924369747899,0.6310924369747899,0.45210084033613446
262,0.5529411764705883,0.42819311082348754,0.39618064838132594,0.35473076302612405,0.6151260504201681,0.11225581169128418,0.05591959320008755,0.0,0.05609038099646568,0.38875981501769274,"[0.6882352828979492, 0.7739495635032654]",0.4559,0.5117647058823529,0.5462184873949579,0.5974789915966386,0.611764705882353,0.626890756302521,0.626890756302521,0.44285714285714284
263,0.5966386554621849,0.48960717981160495,0.4012261967787479,0.38907923101413855,0.6226890756302521,0.11192530393600464,0.05591614358127117,0.0,0.05608762241899967,0.41611021291464567,"[0.6882352828979492, 0.7739495635032654]",0.3948,0.43529411764705883,0.4966386554621849,0.5672268907563025,0.5806722689075631,0.6126050420168068,0.6126050420168068,0.4042016806722689
264,0.6008403361344538,0.49443362702841454,0.4028557282434998,0.39510405450136016,0.626890756302521,0.1123603880405426,0.05591274984180927,0.0,0.05608513951301575,0.33584184700157493,"[0.6882352828979492, 0.7739495635032654]",0.3802,0.4336134453781513,0.49327731092436977,0.5672268907563025,0.5815126050420169,0.6126050420168068,0.6126050420168068,0.4042016806722689
265,0.584873949579832,0.46334494232779355,0.4057904525526176,0.40187355839154004,0.611764705882353,0.11376441270112991,0.055909404531121254,0.0,0.05608253553509712,0.3549365069484338,"[0.6882352828979492, 0.7739495635032654]",0.3797,0.507563025210084,0.5369747899159664,0.5932773109243697,0.6134453781512605,0.6243697478991597,0.6243697478991597,0.4361344537815126
266,0.5949579831932773,0.4880043703242841,0.4002997742314494,0.38579471419338746,0.6210084033613446,0.1125614121556282,0.05590611323714256,0.0,0.05608010292053223,0.36216889799106866,"[0.6882352828979492, 0.7739495635032654]",0.3796,0.507563025210084,0.5327731092436975,0.592436974789916,0.6151260504201681,0.6235294117647059,0.6235294117647059,0.44537815126050423
267,0.5957983193277311,0.48917512478570235,0.40036763902810385,0.38609786658011697,0.6218487394957983,0.11280011385679245,0.05590280890464783,0.0,0.05607801862061024,0.3545057469746098,"[0.6882352828979492, 0.7739495635032654]",0.3793,0.5058823529411764,0.5310924369747899,0.592436974789916,0.6142857142857143,0.6226890756302521,0.6226890756302521,0.4470588235294118
268,0.5941176470588235,0.48827320585792156,0.40007220246810865,0.38064137742634574,0.6201680672268908,0.11277133226394653,0.05589964799582958,0.0,0.05607529729604721,0.3616468160180375,"[0.6882352828979492, 0.7739495635032654]",0.5792,0.5058823529411764,0.5327731092436975,0.5932773109243697,0.6151260504201681,0.6235294117647059,0.6235294117647059,0.44873949579831934
269,0.5890756302521009,0.48273793068505155,0.3975148996580669,0.3723865394191441,0.6151260504201681,0.11275932192802429,0.05589636228978634,0.0,0.056072529405355453,0.7161206479649991,"[0.6882352828979492, 0.7739495635032654]",0.7465,0.5050420168067227,0.5327731092436975,0.5932773109243697,0.6159663865546219,0.6235294117647059,0.6235294117647059,0.4495798319327731
270,0.5815126050420169,0.45992153360339383,0.40021404303447256,0.3953398971230591,0.6092436974789915,0.1141337975859642,0.055893125012516975,0.0,0.05606976896524429,0.4350141619797796,"[0.6882352828979492, 0.7739495635032654]",0.5423,0.507563025210084,0.5336134453781513,0.5941176470588235,0.6126050420168068,0.6226890756302521,0.6226890756302521,0.44873949579831934
271,0.5798319327731093,0.458014328461535,0.3953204780539015,0.38748742954568893,0.607563025210084,0.11361955106258392,0.05589000694453716,0.0,0.05606704577803612,0.4575220299884677,"[0.6882352828979492, 0.7739495635032654]",0.4413,0.5067226890756302,0.5302521008403361,0.5932773109243697,0.611764705882353,0.6218487394957983,0.6218487394957983,0.45630252100840335
272,0.5789915966386555,0.4569738856711385,0.3933757511446246,0.38671217805518265,0.6058823529411764,0.11356544494628906,0.055887164548039436,0.0,0.05606412887573242,0.3526454420061782,"[0.6882352828979492, 0.7739495635032654]",0.4085,0.5042016806722689,0.5285714285714286,0.592436974789916,0.6100840336134454,0.6184873949579832,0.6184873949579832,0.46554621848739497
273,0.5764705882352941,0.4693732382777457,0.39175254685326116,0.35327407131056315,0.6058823529411764,0.11289025098085403,0.055884286761283875,0.0,0.056061262264847755,0.35146007302682847,"[0.6882352828979492, 0.7739495635032654]",0.3767,0.3680672268907563,0.4042016806722689,0.46554621848739497,0.492436974789916,0.5084033613445378,0.5084033613445378,0.36554621848739494
274,0.5781512605042017,0.4558805848340991,0.3941330025683156,0.3867442326214297,0.6058823529411764,0.11422678828239441,0.055881671607494354,0.0,0.05605824664235115,0.36444237898103893,"[0.6882352828979492, 0.7739495635032654]",0.376,0.4294117647058823,0.47394957983193275,0.5571428571428572,0.565546218487395,0.5294117647058824,0.5294117647058824,0.43109243697478994
275,0.5773109243697478,0.4549873072874745,0.3918504674426293,0.3840636587867199,0.6050420168067226,0.1136908084154129,0.05587896890938282,0.0,0.05605524219572544,0.36357433698140085,"[0.6882352828979492, 0.7739495635032654]",0.4355,0.43025210084033616,0.4722689075630252,0.5579831932773109,0.565546218487395,0.5588235294117647,0.5588235294117647,0.4319327731092437
276,0.5899159663865546,0.48223827274858977,0.3954977977313825,0.3759737933537096,0.6151260504201681,0.11325809359550476,0.05587645806372166,0.0,0.05605201795697212,0.3505890170345083,"[0.6882352828979492, 0.7739495635032654]",0.3809,0.43109243697478994,0.4588235294117647,0.5478991596638656,0.5630252100840336,0.5789915966386555,0.5789915966386555,0.4319327731092437
277,0.5789915966386555,0.45697586407591895,0.39403876219532197,0.38673047727392573,0.6058823529411764,0.11460091173648834,0.0558736864477396,0.0,0.05604911409318447,0.39716599497478455,"[0.6882352828979492, 0.7739495635032654]",0.373,0.43109243697478994,0.4638655462184874,0.5521008403361345,0.565546218487395,0.5798319327731093,0.5798319327731093,0.4319327731092437
278,0.5781512605042017,0.45608222228899264,0.3917664684276781,0.38406424264379646,0.6050420168067226,0.11394885182380676,0.05587070249021053,0.0,0.056046079844236374,0.36926338996272534,"[0.6882352828979492, 0.7739495635032654]",0.3624,0.43109243697478994,0.46302521008403363,0.5529411764705883,0.565546218487395,0.5798319327731093,0.5798319327731093,0.4327731092436975
279,0.5747899159663865,0.44886278867337703,0.4069694445326012,0.3971406297950633,0.6184873949579832,0.12565907835960388,0.05586768873035908,0.0,0.056043535470962524,0.36653165705502033,"[0.6882352828979492, 0.7739495635032654]",0.3761,0.4336134453781513,0.4613445378151261,0.5176470588235295,0.526890756302521,0.5512605042016807,0.5512605042016807,0.40588235294117647
280,0.5739495798319327,0.44715573800535136,0.40625565913710115,0.39710988501016475,0.6176470588235294,0.12359602004289627,0.055864594876766205,0.0,0.05604119226336479,0.4072018599836156,"[0.6882352828979492, 0.7739495635032654]",0.3748,0.44873949579831934,0.4966386554621849,0.5512605042016807,0.5831932773109244,0.5915966386554622,0.5915966386554622,0.3941176470588235
281,0.573109243697479,0.44577279361610045,0.4053827941785928,0.396413354384341,0.6168067226890757,0.12294115871191025,0.05586140975356102,0.0,0.056038873270154,0.3514447920024395,"[0.6882352828979492, 0.7739495635032654]",0.3811,0.44873949579831934,0.4966386554621849,0.5512605042016807,0.5831932773109244,0.5915966386554622,0.5915966386554622,0.3957983193277311
282,0.5126050420168067,0.36536309561574587,0.34442880213542726,0.3231841210939715,0.5865546218487395,0.12632274627685547,0.05585829168558121,0.0,0.056036436930298805,0.3663136260583997,"[0.6882352828979492, 0.7739495635032654]",0.3751,0.4470588235294118,0.49747899159663866,0.5521008403361345,0.5840336134453782,0.565546218487395,0.565546218487395,0.3983193277310924
283,0.5100840336134453,0.36143579151606187,0.3416559965107023,0.3190966638411292,0.5840336134453782,0.12552472949028015,0.05585528165102005,0.0,0.05603400617837906,0.3662914140149951,"[0.6882352828979492, 0.7739495635032654]",0.3836,0.38571428571428573,0.43529411764705883,0.46218487394957986,0.48823529411764705,0.49495798319327733,0.49495798319327733,0.3487394957983193
284,0.5100840336134453,0.36143579151606187,0.3416559965107023,0.3190966638411292,0.5840336134453782,0.12544628977775574,0.05585241690278053,0.0,0.05603131838142872,0.3456846650224179,"[0.6882352828979492, 0.7739495635032654]",0.3928,0.41092436974789914,0.48403361344537815,0.5327731092436975,0.5714285714285714,0.5747899159663865,0.5747899159663865,0.39243697478991596
285,0.4613445378151261,0.3077175799202795,0.33039627858103654,0.2609109838345963,0.5823529411764706,0.1253460943698883,0.055849650874733925,0.0,0.056028813123703,0.3434732570312917,"[0.6882352828979492, 0.7739495635032654]",0.3732,0.4394957983193277,0.5042016806722689,0.5554621848739496,0.5899159663865546,0.5941176470588235,0.5941176470588235,0.40252100840336136
286,0.46050420168067224,0.34100058397157607,0.33296952070788366,0.2477430686857874,0.5806722689075631,0.12517976760864258,0.055846892297267914,0.0,0.05602661147713661,0.3113489269744605,"[0.6882352828979492, 0.7739495635032654]",0.4366,0.5,0.5495798319327732,0.5932773109243697,0.6134453781512605,0.6302521008403361,0.6302521008403361,0.453781512605042
287,0.5100840336134453,0.39188697619421187,0.3503480917873441,0.3084464040461529,0.5831932773109244,0.12462857365608215,0.05584412254393101,0.0,0.056024542078375816,0.3261760310269892,"[0.6882352828979492, 0.7739495635032654]",0.3471,0.4991596638655462,0.5529411764705883,0.5949579831932773,0.6092436974789915,0.6294117647058823,0.6294117647058823,0.4512605042016807
288,0.534453781512605,0.41724418357966186,0.3662188852601028,0.3598428046744773,0.6084033613445378,0.12335699796676636,0.05584130622446537,0.0,0.056022610515356064,0.34284905588719994,"[0.6882352828979492, 0.7739495635032654]",0.4888,0.5016806722689076,0.553781512605042,0.5915966386554622,0.6067226890756302,0.6302521008403361,0.6302521008403361,0.45210084033613446
289,0.5336134453781513,0.4140198707108419,0.35908023060681327,0.36061276190438557,0.6067226890756302,0.12105940282344818,0.055838458240032196,0.0,0.056020740419626236,0.4453336310107261,"[0.6882352828979492, 0.7739495635032654]",0.3864,0.45966386554621846,0.4991596638655462,0.5352941176470588,0.5529411764705883,0.5974789915966386,0.5974789915966386,0.45210084033613446
290,0.5226890756302521,0.39978510473923967,0.34788651105967744,0.3522576442583713,0.5957983193277311,0.11845514178276062,0.05583563633263111,0.0,0.05601887404918671,0.34933456301223487,"[0.6882352828979492, 0.7739495635032654]",0.3878,0.46050420168067224,0.4991596638655462,0.5352941176470588,0.5529411764705883,0.5983193277310924,0.5983193277310924,0.453781512605042
291,0.5218487394957984,0.3986344024711489,0.34948130247395237,0.3531325504370235,0.5949579831932773,0.11672468483448029,0.05583282746374607,0.0,0.056017015129327774,0.35458557691890746,"[0.6882352828979492, 0.7739495635032654]",0.416,0.46050420168067224,0.5008403361344538,0.534453781512605,0.5529411764705883,0.5974789915966386,0.5974789915966386,0.4546218487394958
292,0.5201680672268908,0.396122686213798,0.34768731273210357,0.3526410506077673,0.5941176470588235,0.11592483520507812,0.05583016946911812,0.0,0.05601518973708153,0.36396977596450597,"[0.6882352828979492, 0.7739495635032654]",0.4035,0.46302521008403363,0.5008403361344538,0.534453781512605,0.5529411764705883,0.5966386554621849,0.5966386554621849,0.453781512605042
293,0.5184873949579832,0.3937715487733535,0.3454965938382911,0.35093929513374295,0.592436974789916,0.11558322608470917,0.05582753196358681,0.0,0.05601312033832073,0.3452279360499233,"[0.6882352828979492, 0.7739495635032654]",0.4073,0.4638655462184874,0.5008403361344538,0.5352941176470588,0.5529411764705883,0.5966386554621849,0.5966386554621849,0.453781512605042
294,0.5184873949579832,0.3937715487733535,0.3454965938382911,0.35093929513374295,0.592436974789916,0.11543762683868408,0.055824846029281616,0.0,0.056011250242590904,0.3522543179569766,"[0.6882352828979492, 0.7739495635032654]",0.4063,0.4638655462184874,0.5008403361344538,0.5352941176470588,0.553781512605042,0.5966386554621849,0.5966386554621849,0.453781512605042
295,0.5176470588235295,0.3834035481422037,0.33866375179434266,0.3147192868541696,0.584873949579832,0.11929940432310104,0.05582231283187866,0.0,0.05600950866937637,0.33532347599975765,"[0.6882352828979492, 0.7739495635032654]",0.4081,0.4638655462184874,0.5050420168067227,0.5336134453781513,0.5260504201680672,0.5680672268907563,0.5680672268907563,0.4336134453781513
296,0.515126050420168,0.3809464992007472,0.3434339889768763,0.3139152130878258,0.5890756302521009,0.11849726736545563,0.05581968277692795,0.0,0.05600758641958237,0.35034342599101365,"[0.6882352828979492, 0.7739495635032654]",0.4196,0.46218487394957986,0.5008403361344538,0.5336134453781513,0.5252100840336135,0.573109243697479,0.573109243697479,0.43109243697478994
297,0.5126050420168067,0.37836900671437124,0.34448614129717364,0.3101278569809463,0.5890756302521009,0.11863994598388672,0.05581722967326641,0.0,0.05600537732243538,0.3525609059724957,"[0.6882352828979492, 0.7739495635032654]",0.3962,0.4613445378151261,0.5025210084033613,0.5336134453781513,0.5260504201680672,0.5756302521008403,0.5756302521008403,0.43109243697478994
298,0.5109243697478991,0.37649275599780696,0.34507568854285103,0.3088865729090312,0.5890756302521009,0.11870400607585907,0.05581478774547577,0.0,0.05600300617516041,0.3298910279991105,"[0.6882352828979492, 0.7739495635032654]",0.3967,0.4613445378151261,0.5033613445378151,0.5336134453781513,0.5260504201680672,0.5747899159663865,0.5747899159663865,0.43025210084033616
299,0.5596638655462185,0.45049028117914236,0.3937413037822846,0.35616444400128944,0.6235294117647059,0.11844705790281296,0.055812589824199677,0.0,0.056000616401433945,0.3283634149702266,"[0.6882352828979492, 0.7739495635032654]",0.3839,0.41680672268907565,0.5025210084033613,0.5142857142857142,0.5478991596638656,0.5705882352941176,0.5705882352941176,0.3831932773109244
300,0.5596638655462185,0.4512736530218405,0.3968867744612271,0.35360562967207565,0.6235294117647059,0.11810623109340668,0.05581040307879448,0.0,0.05599833279848099,0.32747750391718,"[0.6882352828979492, 0.7739495635032654]",,,,,,,,
