dataset,seed,arm,rounds,ACC_best,ACC_best_round,ACC_final,ACC_tail30,ACC_median,ACC_std,NMI_best,NMI_best_round,NMI_final,NMI_tail30,NMI_median,NMI_std,ARI_best,ARI_best_round,ARI_final,ARI_tail30,ARI_median,ARI_std,Kappa_best,Kappa_best_round,Kappa_final,Kappa_tail30,Kappa_median,Kappa_std,PURITY_best,PURITY_best_round,PURITY_final,PURITY_tail30,PURITY_median,PURITY_std
Augsburg,0,B0,300,0.5567502986857825,101,0.37992831541218636,0.44189565909996026,0.470131421744325,0.04324637429939556,0.1934576662169611,101,0.1817580200316852,0.1939872807346149,0.18047824431298143,0.012652686847601466,0.17173298001826254,101,0.10781758237930879,0.1392017286677181,0.14322811991083745,0.01733995708606004,0.3547544539889538,101,0.24057012789941468,0.2737224657550741,0.2863611727364428,0.03371880086710065,0.5579450418160096,101,0.5316606929510155,0.5571883711668658,0.553763440860215,0.015693459148036045
Augsburg,1,B0,300,0.5295508274231678,67,0.3912529550827423,0.39495665878644604,0.4160756501182033,0.033166755417761415,0.17018296625170787,67,0.19037239758986294,0.1893578881811617,0.1842826671481032,0.019503999621679907,0.13368878425273678,67,0.1215977732084752,0.12142205439405138,0.12410256115890253,0.015966288575415096,0.3207327922726365,67,0.2459788654637588,0.23607617421685884,0.2558670856594564,0.02989264942061031,0.5390070921985816,67,0.5650118203309693,0.5622537431048068,0.5638297872340425,0.022800748355418718
Augsburg,2,B0,300,0.5435582822085889,54,0.3901840490797546,0.3932515337423313,0.40245398773006136,0.03518013588192808,0.1666090579377728,54,0.1726664977397747,0.17774750435434006,0.1722523466256638,0.012405883757956582,0.16501816042236686,54,0.11601537932539153,0.12405074764069303,0.12004717528176406,0.01612743169728879,0.3191877319955718,54,0.2368899480967228,0.228949409927774,0.23664860296147483,0.02952875505658314,0.5595092024539877,54,0.5030674846625767,0.5580368098159508,0.5472392638036809,0.02477588734605892
Augsburg,3,B0,300,0.566747572815534,272,0.5485436893203883,0.5243932038834951,0.5060679611650486,0.03418039985780012,0.20173253176480313,272,0.19366629138184863,0.19080231699540065,0.17585156847726396,0.016027471886151893,0.1758354412444445,272,0.1648736952399811,0.1545523906242461,0.14875327227601098,0.020690200035675076,0.3635262146677515,272,0.351805369056556,0.32682824460770293,0.3121053470695517,0.032884644406159264,0.566747572815534,272,0.5497572815533981,0.5741504854368933,0.5449029126213593,0.019744377202036312
Augsburg,4,B0,300,0.5430303030303031,43,0.45454545454545453,0.43846464646464656,0.4351515151515152,0.04243703851768229,0.18655179868840507,43,0.19801025191539157,0.19381232499153625,0.18347114799648573,0.013933702111250685,0.17397958448834225,43,0.12486993800487473,0.12790751151057758,0.11903747738311532,0.0193665170750683,0.34638153539658423,43,0.26197097980434525,0.25997277470908886,0.25446578678075343,0.03946110918327761,0.5721212121212121,43,0.5587878787878788,0.5597171717171716,0.5490909090909091,0.019262016686207944
Augsburg,5,B0,300,0.5649651972157773,90,0.43387470997679817,0.4497293116782677,0.45243619489559167,0.03661567239690748,0.2204281718867534,90,0.2090948348362569,0.21261488424510228,0.21188666328184402,0.013705015648170471,0.19810339357382956,90,0.14199889791832568,0.15269158519711862,0.1527308100747225,0.01800857142404896,0.3768001943342316,90,0.26525921229365446,0.2827337954925866,0.28478836982280026,0.03109376770733533,0.5974477958236659,90,0.5464037122969838,0.5566125290023202,0.5638051044083526,0.02224713570983263
Augsburg,6,B0,300,0.5529685681024447,24,0.46449359720605354,0.48932867675591774,0.4610011641443539,0.037361688227255455,0.19676169503228563,24,0.20869280848815416,0.21497154986051087,0.21059907872754008,0.015916831291809833,0.17534183049554072,24,0.13325169637452386,0.15576922688503855,0.15441933367517885,0.020037323230134123,0.36272394093542737,24,0.28121208372822337,0.3048605580939706,0.2750070259830972,0.0327688712485141,0.570430733410943,24,0.5424912689173458,0.5602638727202173,0.5564610011641443,0.014730878900465809
Augsburg,7,B0,300,0.5166666666666667,42,0.430952380952381,0.4150793650793651,0.42023809523809524,0.034079823316452665,0.182481905940498,42,0.21125698313209232,0.2083718404697986,0.20045273551571746,0.01762702776876089,0.15114043935227073,42,0.1357621058625855,0.12480831441140809,0.12248079215279713,0.014072686434315328,0.32924766542628103,42,0.22070360263491928,0.21078211930839139,0.23674386541376308,0.03271604355198001,0.55,42,0.5321428571428571,0.5348015873015872,0.5321428571428571,0.014567357716800088
Augsburg,8,B0,300,0.5665083135391924,33,0.504750593824228,0.526326207442597,0.4833729216152019,0.03782207035423189,0.17883774341369482,33,0.16889161917793338,0.1751359206481691,0.16261252867408932,0.013082059210301835,0.17498431804414066,33,0.1385607760212034,0.16162167132730768,0.13398668458179622,0.023092249490433647,0.37453954893093944,33,0.31475778404899346,0.3386998041156852,0.2954715120371018,0.03801402804716704,0.5724465558194775,33,0.5475059382422803,0.5674980205859065,0.5445368171021379,0.024821922100153444
Augsburg,9,B0,300,0.5284552845528455,138,0.42044134727061555,0.4275648470770422,0.43147502903600465,0.044952494435830555,0.18519771865038562,138,0.20390972412002928,0.20457552113834232,0.19388042762624552,0.0284179261521443,0.1420387208828176,138,0.13586707766422773,0.14248120494865046,0.1361227249912889,0.02799716367213567,0.3341574634570037,138,0.2809521498348986,0.28294144279430883,0.2773216555076,0.04724687586719305,0.5400696864111498,138,0.5505226480836237,0.5629887727448702,0.5563298490127758,0.0328057285790508
Augsburg,0,C025,300,0.4826762246117085,167,0.4145758661887694,0.40836320191158904,0.40979689366786143,0.03099431083687732,0.13764891435201373,167,0.1426885789996197,0.16004301029232712,0.13877739242428297,0.021578629301417573,0.07298866294373023,167,0.05561441695708312,0.06797960080759638,0.05949942207685094,0.017851095871950114,0.2756476621803662,167,0.21053087482026012,0.24044666078986912,0.23212678482112653,0.04012727365494662,0.5065710872162486,167,0.4982078853046595,0.5152927120669055,0.4994026284348865,0.019010414329530705
Augsburg,1,C025,300,0.48226950354609927,290,0.43380614657210403,0.4224980299448386,0.3959810874704492,0.03158536204947363,0.1531124820281678,290,0.15555776840431026,0.14828174437645092,0.13717231144640774,0.020227514235821267,0.0964810810767481,290,0.08384657319952656,0.07341504763353786,0.04825166520929056,0.015779388493122895,0.2945436545710697,290,0.2605515836955452,0.24821599277421313,0.21045964761917363,0.04728575582817851,0.5236406619385343,290,0.5224586288416075,0.5171788810086683,0.4858156028368794,0.019873807312424347
Augsburg,2,C025,300,0.4196319018404908,71,0.3950920245398773,0.3721063394683027,0.37055214723926383,0.01969887344642994,0.10576189802589944,71,0.11670202699509832,0.11422227299430947,0.11116248454186366,0.01239843757674418,0.05573283653239997,71,0.0461568360512407,0.037463886292597205,0.03700676080337259,0.010732375217360193,0.17825228728075793,71,0.18124001499788078,0.1663106055215934,0.16524496729738802,0.031998539564260485,0.49938650306748467,71,0.47484662576687114,0.46498977505112477,0.4625766871165644,0.011500929690346225
Augsburg,3,C025,300,0.48058252427184467,103,0.4077669902912621,0.44186893203883504,0.4223300970873786,0.03403455384301113,0.11733928126723692,103,0.11590328773141431,0.11632357862142188,0.10730721762890919,0.013230341145388697,0.07677734174691658,103,0.028345910729553298,0.03100309954080273,0.031426035764073434,0.019518335325019003,0.2749804185999659,103,0.21972422411350823,0.23797380545855615,0.21989485978217277,0.040880524827487066,0.48058252427184467,103,0.4817961165048544,0.4680016181229773,0.46480582524271846,0.01309722366238187
Augsburg,4,C025,300,0.4690909090909091,114,0.4351515151515152,0.41781818181818176,0.40484848484848485,0.023369973999740994,0.1328461738453322,114,0.16145627893917724,0.15288508766669745,0.14282073930942474,0.01665438192573326,0.07938805910816976,114,0.07765697522160254,0.0733560681432988,0.06270807106306686,0.014437160447002337,0.26964736509142806,114,0.25561699853621134,0.2329715503561945,0.22331704142771214,0.03800900849998877,0.48848484848484847,114,0.5139393939393939,0.5026262626262626,0.49454545454545457,0.01621100271549136
Augsburg,5,C025,300,0.4791183294663573,205,0.41415313225058004,0.4192962103634958,0.4176334106728538,0.02765230362811242,0.17658237982125974,205,0.17180970865609912,0.17726807405902842,0.16354967365676343,0.023826632883302112,0.0929825333810734,205,0.08898313051224753,0.09160095185979732,0.0765546409870332,0.018400242469450996,0.28405183177794824,205,0.21687256346460726,0.2434153099563454,0.23386072798704566,0.0317751998881183,0.531322505800464,205,0.5290023201856149,0.5307811291569993,0.5174013921113689,0.020885479682108698
Augsburg,6,C025,300,0.4540162980209546,291,0.4318975552968568,0.4355064027939464,0.4179278230500582,0.017020849591145963,0.16643588504970433,291,0.15161859558178603,0.15260245245351142,0.13887869042645853,0.018700725994864914,0.08096139746679659,291,0.05367516874361532,0.06207009066294657,0.05038656947916413,0.01610811636346868,0.2567860740205067,291,0.22862815744971365,0.2349204977212934,0.21884617789241545,0.02622181675421935,0.4959254947613504,291,0.47264260768335276,0.4809856422196353,0.46565774155995343,0.014135827778483323
Augsburg,7,C025,300,0.5083333333333333,247,0.47023809523809523,0.4477380952380952,0.4255952380952381,0.04194638945816047,0.18423486110430048,247,0.17965306912142373,0.1764114013965051,0.1638549697769863,0.025831848469746583,0.10920490582588781,247,0.10451955376789314,0.08925187042862369,0.06823926773325373,0.022408973726516724,0.32440643110861844,247,0.2911809100493783,0.2723974224642307,0.24062540084122852,0.048870853562916865,0.525,247,0.5261904761904762,0.5242460317460318,0.5071428571428571,0.022621577492684
Augsburg,8,C025,300,0.5071258907363421,298,0.4679334916864608,0.46920031670625495,0.4334916864608076,0.03497919993790565,0.14284215101720804,298,0.13348540869781017,0.13758348998008382,0.13122468287353994,0.021443443361326777,0.0861613803786653,298,0.06560040815714521,0.0689828876896791,0.05725382111781702,0.015896875310191648,0.29781444923156064,298,0.2660410509254846,0.2607307768935358,0.22783436141397995,0.03875603120291174,0.5166270783847982,298,0.48812351543942994,0.49845605700712603,0.48634204275534443,0.025256197038700846
Augsburg,9,C025,300,0.47619047619047616,242,0.3879210220673635,0.4203252032520325,0.40534262485482,0.02436580762909406,0.15933386178474943,242,0.16113888919697272,0.1703193168091131,0.1407073328161364,0.030155102302642504,0.09892113413709186,242,0.07804075886893014,0.08984959005144182,0.07029715802716222,0.017754182807475486,0.2960381285260548,242,0.21331010090502456,0.25157125118733037,0.2082702618586162,0.06716872540335304,0.5180023228803716,242,0.5261324041811847,0.5267131242741,0.5017421602787456,0.025604345751029534
Augsburg,0,C050,300,0.5065710872162486,166,0.42771804062126645,0.42074870569494227,0.4241338112305854,0.03745829863230838,0.15755804149620267,166,0.15436241937523307,0.17856935734046486,0.1554854097700047,0.026900292148756805,0.0996727219033364,166,0.0728455287195783,0.09212677442526043,0.07937645563373155,0.025753134340560754,0.30676487870225344,166,0.22756373823060783,0.25992233822478306,0.24869691027073498,0.04652200159114058,0.5328554360812425,166,0.5113500597371565,0.537873357228196,0.5161290322580645,0.02591650432341643
Augsburg,1,C050,300,0.49645390070921985,111,0.3806146572104019,0.4135145784081954,0.40543735224586286,0.03395571993848104,0.16661256178525613,111,0.16695971598522413,0.16329930232261156,0.15094763058228722,0.024805574117465735,0.12437451257600453,111,0.10514793237966462,0.10467273201399079,0.06479173984481094,0.025112484458675418,0.31906580232661397,111,0.22704835568357562,0.24737005123844982,0.22213194668145492,0.04988657122892887,0.5531914893617021,111,0.5567375886524822,0.5561465721040189,0.5094562647754137,0.03425576297470557
Augsburg,2,C050,300,0.44539877300613495,299,0.44539877300613495,0.4024130879345603,0.38773006134969323,0.028145593482897687,0.15065699599072485,299,0.1474344254961366,0.13732431850772897,0.12638798693142406,0.016083171624492763,0.09139707142931111,299,0.09078160868325384,0.06938707429064868,0.05677586264596771,0.018584524438493667,0.22174499990493113,299,0.2220457674795786,0.19393228741565896,0.18366960672649946,0.03614135059992683,0.5263803680981595,299,0.5251533742331288,0.5021676891615542,0.49079754601226994,0.020869121768610666
Augsburg,3,C050,300,0.5024271844660194,101,0.433252427184466,0.4523058252427185,0.4320388349514563,0.03615898974538659,0.12123502311623763,101,0.13229859284797793,0.12437174471244726,0.11240694454496492,0.014537138546974523,0.09817677768186447,101,0.04936301302667807,0.042200354522381835,0.041826954916348705,0.02564111385411027,0.29779490473132086,101,0.2531886319352259,0.25146942326176974,0.22662618167979787,0.04493008038892845,0.5024271844660194,101,0.4987864077669903,0.4781957928802588,0.4720873786407767,0.020865378753184345
Augsburg,4,C050,300,0.4678787878787879,3,0.4484848484848485,0.4332525252525253,0.41818181818181815,0.02469405963792354,0.17531474178166134,3,0.16424167618009972,0.15910832596475583,0.14928612198126653,0.0189903253351556,0.09782778854748374,3,0.08882276944804565,0.08590761835664665,0.07621446404054204,0.018782218859900675,0.2902147924587465,3,0.2737746307205664,0.24806022007144896,0.22440031213003198,0.040376184207830415,0.5212121212121212,3,0.5163636363636364,0.5251717171717172,0.5236363636363637,0.027059301765709132
Augsburg,5,C050,300,0.4872389791183295,180,0.43039443155452434,0.4303170920340295,0.4280742459396752,0.029518972207424485,0.18681943845363855,180,0.1885709050646029,0.19037756959309,0.17642201280674344,0.02675885972355744,0.10854937218912243,180,0.11123273846140097,0.10908862605124134,0.08830974244423723,0.02247794247648908,0.298810382650432,180,0.2399967677928515,0.2600907510543599,0.2412776024386608,0.03329942062082787,0.5348027842227379,180,0.5510440835266821,0.5445088940448568,0.525522041763341,0.02337003912914703
Augsburg,6,C050,300,0.4935972060535506,293,0.4610011641443539,0.4643383779588669,0.42956926658905703,0.023945298666874826,0.19201996149271341,293,0.17585839748459292,0.1792607681131536,0.1585163836735946,0.026015803520676773,0.1224850356681567,293,0.09444360900944593,0.10276680346514501,0.07869055253529175,0.02700547164515202,0.30582957142060974,293,0.26394502679814036,0.273438685198594,0.23984541167075274,0.03420737565364109,0.5355064027939465,293,0.5005820721769499,0.5148234381063251,0.4860302677532014,0.02507459913482292
Augsburg,7,C050,300,0.513095238095238,264,0.44166666666666665,0.4488888888888889,0.4291666666666667,0.045437495367339285,0.18542656848418093,264,0.18865816167376176,0.1840956824910644,0.1759647993136676,0.027472769204207367,0.11107632348348503,264,0.12547635164554363,0.11012924931755776,0.08846114701430108,0.027889401014632886,0.32303715059251004,264,0.2741035005030199,0.27637578876506547,0.24851870718763897,0.05188383086857817,0.5345238095238095,264,0.5416666666666666,0.5369047619047619,0.5178571428571429,0.0250875385799614
Augsburg,8,C050,300,0.5225653206650831,298,0.47980997624703087,0.4802850356294536,0.44002375296912116,0.02757550087714807,0.16177938212515597,298,0.14617880308999284,0.1503131787709323,0.1417639957306408,0.017234672233773427,0.10716154170881899,298,0.08174483015092288,0.08493381944791371,0.06865329047579521,0.014663798018488687,0.3200674942750392,298,0.28098448484943006,0.2766207630223115,0.2377087493630206,0.031922103413720315,0.5308788598574822,298,0.497624703087886,0.508867775138559,0.49643705463182897,0.020946687538462717
Augsburg,9,C050,300,0.5040650406504065,242,0.3983739837398374,0.4366240805265195,0.41579558652729387,0.029745729055578016,0.1815937467462632,242,0.17586145132290415,0.18540780030373882,0.15353879001589865,0.035122120204673674,0.13096700239339668,242,0.10295601375900733,0.11579364978954074,0.08672685280191701,0.026951269672685095,0.33201728247914175,242,0.256692299231023,0.27456789319534164,0.22842461981425027,0.07178373062874213,0.5481997677119629,242,0.5632984901277585,0.5585365853658537,0.5098722415795587,0.03811424014772115
Augsburg,0,C075,300,0.5603345280764636,103,0.4862604540023895,0.40529669454400635,0.4348864994026284,0.04387084559720416,0.20375688034696368,103,0.20033851645070683,0.20425680933645315,0.18345455548315215,0.02732374542550957,0.19349130510650417,103,0.13561397874280892,0.12364071177906912,0.11667918867096685,0.033359824938739284,0.3626842015965174,103,0.28400484611206933,0.2351494063899574,0.25371947895425434,0.04668942964877896,0.5866188769414575,103,0.5830346475507766,0.5709677419354838,0.5603345280764636,0.03287089520780739
Augsburg,1,C075,300,0.5342789598108747,169,0.40189125295508277,0.40437352245862895,0.4101654846335697,0.04192969176849415,0.1771909356760009,169,0.1731092060997899,0.17647745710979532,0.16376552980371373,0.02360759885228637,0.14047651809071793,169,0.11593754465008055,0.12198855414826563,0.09455582607875185,0.026302688975135356,0.3391227798860351,169,0.22021826369066377,0.2377076559191205,0.22164458763232592,0.04997838566569639,0.5555555555555556,169,0.5614657210401891,0.5655634357762017,0.5472813238770685,0.029324904706542834
Augsburg,2,C075,300,0.5030674846625767,4,0.45153374233128835,0.4228629856850716,0.39754601226993863,0.032424006249998846,0.20101619735446596,4,0.17091436004558364,0.17059064739084326,0.154513235758356,0.02092215842963506,0.17426123726201997,4,0.09945391337164464,0.10330789866434165,0.08884474332265543,0.021506739245045033,0.3029922290734015,4,0.21541791398358912,0.1995275284881804,0.1847163526077662,0.029870171221120168,0.5742331288343558,4,0.5398773006134969,0.5326789366053171,0.5276073619631901,0.025975159234467308
Augsburg,3,C075,300,0.5400485436893204,176,0.5060679611650486,0.5190129449838189,0.44660194174757284,0.04575306650961342,0.16603627981388816,176,0.18573424678927158,0.17276917991172844,0.1429741364602001,0.02321935529592511,0.12310799445960097,176,0.13793831454384825,0.12357552384428591,0.08818107627639721,0.03195023597273951,0.3398371027715359,176,0.3289324926513697,0.32765580390447585,0.23985563323789005,0.05315660739473984,0.5400485436893204,176,0.5643203883495146,0.5449029126213591,0.5157766990291263,0.026974899635425438
Augsburg,4,C075,300,0.5066666666666667,6,0.44242424242424244,0.44359595959595965,0.42303030303030303,0.025326435886108747,0.18113606726914888,6,0.16961470882620522,0.16823825128776151,0.16081705625006504,0.01975653907555487,0.12894266752860015,6,0.11388473785450406,0.10289792322911674,0.09156973388412709,0.01924461199189775,0.2841320467502121,6,0.2760010073029463,0.2619470204876084,0.22665194381603448,0.0357737125478434,0.5612121212121212,6,0.5648484848484848,0.5494949494949495,0.5454545454545454,0.025212878386709273
Augsburg,5,C075,300,0.531322505800464,205,0.4037122969837587,0.402629543696829,0.4332946635730859,0.037548421977491836,0.22621141675425754,205,0.21799803543506774,0.22769899459014117,0.20943825127068783,0.020412407779453537,0.16102345202468485,205,0.13585515622183836,0.14676931767451679,0.13716576935843663,0.019846410512233726,0.3477805683378187,205,0.2024236838410277,0.23760401304184617,0.2568189056647021,0.037035141010076544,0.5823665893271461,205,0.548723897911833,0.5749806651198762,0.5638051044083526,0.021144248621648
Augsburg,6,C075,300,0.5273573923166472,101,0.4935972060535506,0.4917733798991076,0.4481955762514552,0.0335207078849542,0.22398458347035985,101,0.22357695564799107,0.22907385127249272,0.20996254586449495,0.035151779743072625,0.17473602411626413,101,0.17324002178972872,0.1805745187285492,0.14272499904927305,0.03748628950727959,0.3296994974005132,101,0.31178745740860125,0.31112961359890584,0.2640365586189061,0.03750596767653498,0.5669383003492433,101,0.5681024447031432,0.576290259992239,0.5471478463329453,0.03758689876461551
Augsburg,7,C075,300,0.5285714285714286,111,0.475,0.441031746031746,0.4261904761904762,0.042218455570793734,0.19512289326320406,111,0.21440074092674474,0.22024742600188182,0.1995018123600677,0.029913900858114746,0.12803531074168764,111,0.1386331304446091,0.13811219673944655,0.11510975441541084,0.030153360983762614,0.330121957113628,111,0.28863318636412527,0.2611889110992141,0.25061251558136294,0.04260032689216952,0.5345238095238095,111,0.5452380952380952,0.5423015873015873,0.5321428571428571,0.024850140932589627
Augsburg,8,C075,300,0.5653206650831354,285,0.5154394299287411,0.5066112430720506,0.46021377672209024,0.03236402163764559,0.17728861950840272,285,0.17885133741722783,0.17515448169888923,0.16449192193859047,0.016174703691327116,0.16512026689727663,285,0.12235847667247976,0.1352079544922165,0.10743137487675833,0.021909883930443068,0.3770779430789133,285,0.33185000777967943,0.31261815788683833,0.2638908578641074,0.04042654673318236,0.5748218527315915,285,0.5415676959619953,0.5511084718923199,0.5320665083135392,0.026171687691297383
Augsburg,9,C075,300,0.5284552845528455,7,0.37514518002322883,0.4320944638017808,0.41114982578397213,0.04030142797715073,0.1745454742682496,7,0.19302373756564428,0.2137139084543742,0.1714632146986908,0.04132149373738352,0.12890877113925814,7,0.10833991123530784,0.13864091480548285,0.09580466071837208,0.034616858438273584,0.3026865933645053,7,0.218107732195425,0.25500640731372237,0.21397523175860372,0.05592411104747129,0.5830429732868757,7,0.554006968641115,0.5712349980642665,0.5389082462253194,0.04255530232058385
Augsburg,0,C100,300,0.5591397849462365,56,0.42891278375149344,0.4317801672640382,0.4647550776583035,0.04983275707437307,0.17942521007319018,56,0.20534552534269943,0.2071288675515697,0.1842325232309219,0.01805322235880583,0.16716093216105748,56,0.1359658562992585,0.14840345994098983,0.14559819531016852,0.019742580603501366,0.33490175979602566,56,0.2475555513762071,0.2622343583651977,0.2783106119057811,0.0376659395463195,0.5770609318996416,56,0.5436081242532855,0.5780167264038231,0.5722819593787336,0.015315801058196413
Augsburg,1,C100,300,0.5591016548463357,9,0.4905437352245863,0.4716312056737589,0.44680851063829785,0.055377174817926256,0.20312643090794275,9,0.19827186126764104,0.19142771136167455,0.18940615305846825,0.01979426853330071,0.18893101253952488,9,0.16842723968481152,0.15223706740297344,0.13375977222330715,0.024844070905644066,0.3587900733344307,9,0.30783949703299585,0.29237407641037066,0.27191789386934273,0.046595818548864576,0.5874704491725768,9,0.5910165484633569,0.5833333333333335,0.5756501182033097,0.02531091401662637
Augsburg,2,C100,300,0.5361963190184049,4,0.43190184049079755,0.38687116564417173,0.403680981595092,0.040055732325323314,0.1918366430397135,4,0.18728950833436978,0.17846852676777847,0.16943466475089908,0.01284263780624475,0.16670469687274098,4,0.12161915402390022,0.11431432113748762,0.11132268170045145,0.015758275482928866,0.32152437332346684,4,0.22190329491771466,0.1862409659254295,0.2139210716500975,0.0351335462607487,0.5754601226993865,4,0.5349693251533743,0.5396728016359919,0.5312883435582823,0.014567804272838629
Augsburg,3,C100,300,0.5740291262135923,176,0.5182038834951457,0.5519822006472492,0.5200242718446602,0.037603651325814474,0.19816602216356627,176,0.18274663643194053,0.19169860000023498,0.18091297998201275,0.017295127922832578,0.18636672897607176,176,0.1758724191946061,0.17673249074275074,0.16268490412419698,0.024176216029178448,0.35681118682061586,176,0.31396694908145273,0.3427596213351681,0.30347085717684796,0.0366912397889529,0.5740291262135923,176,0.5643203883495146,0.5694983818770226,0.5558252427184466,0.018715698270063266
Augsburg,4,C100,300,0.5733333333333334,46,0.5127272727272727,0.5081212121212121,0.48,0.04165074414988325,0.19830138435705097,46,0.2089424737165234,0.20922761327308845,0.19616618435863487,0.018798408082635852,0.18691818971318497,46,0.18846980239115518,0.17761855731637846,0.15955205902582448,0.02569031476616421,0.36763437769473983,46,0.3324732204317741,0.32355989207936703,0.2946788186045828,0.03638717536050447,0.5757575757575758,46,0.6036363636363636,0.5911111111111111,0.5781818181818181,0.02146713371663274
Augsburg,5,C100,300,0.5359628770301624,240,0.40835266821345706,0.4249033255993813,0.44547563805104406,0.043148021562001766,0.2446224367945641,240,0.22123312970091957,0.23172207125472408,0.22355881350723936,0.017763263808335268,0.21960870244534667,240,0.14539793904582257,0.1677813942271408,0.164051403127161,0.02388469017528286,0.36303143831491524,240,0.24837405880059915,0.27227183310634345,0.27962187012185336,0.03826267966053369,0.6078886310904872,240,0.5835266821345708,0.6093194122196444,0.5939675174013921,0.025506852396290327
Augsburg,6,C100,300,0.5529685681024447,189,0.5157159487776485,0.5117190531625921,0.5017462165308498,0.027606393196545818,0.22437048514686553,189,0.22648278234683325,0.22592908843659107,0.215612712813452,0.01926208154196572,0.19107213134466028,189,0.19140549322397862,0.19121956108197155,0.17514678711870982,0.01940435845741568,0.3605843321295441,189,0.31917747408410824,0.31559177426367196,0.3053600352991714,0.025012139081990112,0.5890570430733411,189,0.5983701979045402,0.5959642995731472,0.5797438882421421,0.019601103221799858
Augsburg,7,C100,300,0.544047619047619,34,0.49166666666666664,0.4595634920634921,0.4607142857142857,0.04634620925653927,0.19053284807468648,34,0.2147034711860689,0.22203525223540346,0.21551353583132554,0.022104224569468665,0.17537228163712731,34,0.15822980568555736,0.15670025789156672,0.1414121410786249,0.022662010417504014,0.32145764699430945,34,0.29094165510206493,0.2759921548981168,0.26540581977222466,0.036893299916441025,0.555952380952381,34,0.5619047619047619,0.5625396825396827,0.5607142857142857,0.01981102594904584
Augsburg,8,C100,300,0.5748218527315915,39,0.5118764845605701,0.5239904988123515,0.5,0.038130394581515355,0.19693232542171016,39,0.18262418873314099,0.18482348998448192,0.17034335846802712,0.016946939430472843,0.18766857124805156,39,0.17350224661687938,0.17102150182808523,0.14575631557040342,0.025963353375702596,0.3708864141051543,39,0.3211488967703462,0.32835061505022745,0.3120549634369815,0.03615463927208051,0.5855106888361045,39,0.5760095011876485,0.5694774346793349,0.5564133016627077,0.027269693180462202
Augsburg,9,C100,300,0.5435540069686411,155,0.4332171893147503,0.4639566395663956,0.4337979094076655,0.047924035906078875,0.21535744913411964,155,0.20993740965228783,0.20913751010849452,0.18831784987426664,0.03203446704123009,0.17679724782898687,155,0.1296111309394646,0.1473802836547732,0.11661158015096021,0.03245786415074912,0.34063229522699723,155,0.2582630877459331,0.28487131991574055,0.24257555650822754,0.04849503591920022,0.5900116144018583,155,0.5632984901277585,0.5723190089043749,0.5505226480836237,0.036973385514656384
Augsburg,0,D0,300,0.5448028673835126,41,0.43847072879330945,0.435483870967742,0.45878136200716846,0.043101075876568376,0.19757392353317568,41,0.2083663421507533,0.2085712133866762,0.19121748475668376,0.01643354662359365,0.1923912860938827,41,0.14206341284806476,0.1525778232525985,0.14878066078551028,0.019710209174133332,0.36784858354329253,41,0.2903273524965454,0.28422644790464674,0.2903721048627272,0.03282833104696985,0.5830346475507766,41,0.5603345280764636,0.5809239346873756,0.5710872162485066,0.015097043986873587
Augsburg,1,D0,300,0.5283687943262412,9,0.4858156028368794,0.4671000788022065,0.4343971631205674,0.04658053944436506,0.19499701126059918,9,0.1990351400627453,0.19310494026820713,0.1866430535949805,0.01941221333247476,0.16043884275307466,9,0.1604452491920641,0.148394226599157,0.12602880875562342,0.02170751177895186,0.34522029085026273,9,0.3169580961466719,0.30362157001779455,0.2784197029070967,0.044344624369122954,0.5803782505910166,9,0.5803782505910166,0.5747438928289993,0.5650118203309693,0.02184307603339664
Augsburg,2,D0,300,0.5239263803680981,4,0.4269938650306748,0.39276073619631896,0.39570552147239263,0.033161114927137005,0.19824016902459976,4,0.19291814757115242,0.18244063721206466,0.16830500724277603,0.012086611131433481,0.17489711394711868,4,0.1244883412301353,0.11258419473032101,0.1049765153569463,0.015163775624685374,0.3296688620990086,4,0.23478640245765858,0.2062483031204889,0.22040634277947185,0.03146105013475847,0.5705521472392638,4,0.5386503067484663,0.5429447852760736,0.5312883435582823,0.013372110854524359
Augsburg,3,D0,300,0.5594660194174758,150,0.5133495145631068,0.5262135922330097,0.5036407766990292,0.03549893608444525,0.1880880304385827,150,0.1874492932166829,0.17959913869303698,0.16765654636344476,0.014730192142062967,0.16508482553734655,150,0.16974784680999216,0.15548941714074102,0.142448366513508,0.018685891625353095,0.3492316629281442,150,0.32899022801302946,0.3314364247015557,0.29914093731394065,0.03252158872344803,0.5631067961165048,150,0.5606796116504854,0.5571197411003237,0.5412621359223301,0.016741648218670985
Augsburg,4,D0,300,0.56,46,0.49333333333333335,0.48145454545454547,0.45636363636363636,0.0341346219152768,0.18947305645011583,46,0.19755831168812119,0.19368537270628078,0.18497652388716257,0.015923636810740296,0.17081864748971995,46,0.16130159155624463,0.15265592575128387,0.1323488284137731,0.02340584501434402,0.3672109740482016,46,0.3240832934793688,0.31062747148329145,0.28287319708996406,0.03146857745998625,0.566060606060606,46,0.5866666666666667,0.5749898989898988,0.566060606060606,0.022578966721375784
Augsburg,5,D0,300,0.5301624129930395,21,0.4222737819025522,0.41453982985305493,0.4408352668213457,0.03791488754357229,0.2015929706590677,21,0.2197578358335308,0.22387885293274715,0.22101896856695413,0.016794738628902055,0.1688220067188823,21,0.14786162134704908,0.1572930936933807,0.15511949619379903,0.02060583031494099,0.3411837970957057,21,0.26488674718601823,0.2660327135038621,0.2791996363523864,0.03349744813416011,0.5939675174013921,21,0.5823665893271461,0.596403712296984,0.5846867749419954,0.02473389042173819
Augsburg,6,D0,300,0.5471478463329453,100,0.5238649592549476,0.5177726038028715,0.5017462165308498,0.026823014576491326,0.21585348315187827,100,0.23148255544093077,0.2287323722622519,0.22400458862162975,0.021466157102456945,0.19237131880076988,100,0.19907498943577895,0.19733616253625677,0.18430140165926892,0.022224153993810773,0.353941784364336,100,0.3417710846985116,0.3371967443420875,0.32257728992166773,0.02520008366461742,0.5937136204889406,100,0.59953434225844,0.5976717112922002,0.5844004656577415,0.019833966739102003
Augsburg,7,D0,300,0.5357142857142857,109,0.4726190476190476,0.4491269841269842,0.44226190476190474,0.04063188778374827,0.20904217826209737,109,0.21449987694073336,0.2189663522327476,0.2109263729627559,0.02172989359654223,0.17443202614771494,109,0.1543309829014143,0.15065551057112372,0.13646373104165543,0.02071940726922715,0.3430209005988216,109,0.2923995512369507,0.2785277969021528,0.27211259586128367,0.03451491197710202,0.5607142857142857,109,0.5607142857142857,0.5566666666666668,0.555952380952381,0.017699357318450678
Augsburg,8,D0,300,0.5748218527315915,287,0.517814726840855,0.5055819477434679,0.47624703087885983,0.04442169263904263,0.18548616732470757,287,0.1639070081186095,0.17610678112692507,0.16645932400306876,0.014701851056097935,0.17553111262614862,287,0.1431892292408525,0.15669316531273955,0.13196784035039605,0.02410703048883777,0.3804471593174634,287,0.33037683589480404,0.3193409224253878,0.2931319174400761,0.04246318075327159,0.5795724465558195,287,0.5498812351543944,0.5604513064133018,0.5439429928741093,0.025323297379381576
Augsburg,9,D0,300,0.5075493612078978,155,0.39605110336817656,0.4315137437088657,0.4065040650406504,0.04455987558330281,0.21045005160603422,155,0.20484766245518496,0.20956591480588546,0.18656841344832514,0.030941317318987988,0.16061471434276473,155,0.13307139240030963,0.14670619453514222,0.11382844512177195,0.03080326415055654,0.3234193027065897,155,0.2652848227457789,0.2852507029171789,0.236979554539474,0.05253975763916073,0.5818815331010453,155,0.5632984901277585,0.5658923732094462,0.5423925667828107,0.03573774109134672
Augsburg,0,E0,300,0.5448028673835126,41,0.43847072879330945,0.435483870967742,0.45878136200716846,0.043101075876568376,0.19757392353317568,41,0.2083663421507533,0.2085712133866762,0.19121748475668376,0.01643354662359365,0.1923912860938827,41,0.14206341284806476,0.1525778232525985,0.14878066078551028,0.019710209174133332,0.36784858354329253,41,0.2903273524965454,0.28422644790464674,0.2903721048627272,0.03282833104696985,0.5830346475507766,41,0.5603345280764636,0.5809239346873756,0.5710872162485066,0.015097043986873587
Augsburg,1,E0,300,0.5283687943262412,9,0.4858156028368794,0.4671000788022065,0.4343971631205674,0.04658053944436506,0.19499701126059918,9,0.1990351400627453,0.19310494026820713,0.1866430535949805,0.01941221333247476,0.16043884275307466,9,0.1604452491920641,0.148394226599157,0.12602880875562342,0.02170751177895186,0.34522029085026273,9,0.3169580961466719,0.30362157001779455,0.2784197029070967,0.044344624369122954,0.5803782505910166,9,0.5803782505910166,0.5747438928289993,0.5650118203309693,0.02184307603339664
Augsburg,2,E0,300,0.5239263803680981,4,0.4269938650306748,0.39276073619631896,0.39570552147239263,0.033161114927137005,0.19824016902459976,4,0.19291814757115242,0.18244063721206466,0.16830500724277603,0.012086611131433481,0.17489711394711868,4,0.1244883412301353,0.11258419473032101,0.1049765153569463,0.015163775624685374,0.3296688620990086,4,0.23478640245765858,0.2062483031204889,0.22040634277947185,0.03146105013475847,0.5705521472392638,4,0.5386503067484663,0.5429447852760736,0.5312883435582823,0.013372110854524359
Augsburg,3,E0,300,0.5594660194174758,150,0.5133495145631068,0.5262135922330097,0.5036407766990292,0.03549893608444525,0.1880880304385827,150,0.1874492932166829,0.17959913869303698,0.16765654636344476,0.014730192142062967,0.16508482553734655,150,0.16974784680999216,0.15548941714074102,0.142448366513508,0.018685891625353095,0.3492316629281442,150,0.32899022801302946,0.3314364247015557,0.29914093731394065,0.03252158872344803,0.5631067961165048,150,0.5606796116504854,0.5571197411003237,0.5412621359223301,0.016741648218670985
Augsburg,4,E0,300,0.56,46,0.49333333333333335,0.48145454545454547,0.45636363636363636,0.0341346219152768,0.18947305645011583,46,0.19755831168812119,0.19368537270628078,0.18497652388716257,0.015923636810740296,0.17081864748971995,46,0.16130159155624463,0.15265592575128387,0.1323488284137731,0.02340584501434402,0.3672109740482016,46,0.3240832934793688,0.31062747148329145,0.28287319708996406,0.03146857745998625,0.566060606060606,46,0.5866666666666667,0.5749898989898988,0.566060606060606,0.022578966721375784
Augsburg,5,E0,300,0.5301624129930395,21,0.4222737819025522,0.41453982985305493,0.4408352668213457,0.03791488754357229,0.2015929706590677,21,0.2197578358335308,0.22387885293274715,0.22101896856695413,0.016794738628902055,0.1688220067188823,21,0.14786162134704908,0.1572930936933807,0.15511949619379903,0.02060583031494099,0.3411837970957057,21,0.26488674718601823,0.2660327135038621,0.2791996363523864,0.03349744813416011,0.5939675174013921,21,0.5823665893271461,0.596403712296984,0.5846867749419954,0.02473389042173819
Augsburg,6,E0,300,0.5471478463329453,100,0.5238649592549476,0.5177726038028715,0.5017462165308498,0.026823014576491326,0.21585348315187827,100,0.23148255544093077,0.2287323722622519,0.22400458862162975,0.021466157102456945,0.19237131880076988,100,0.19907498943577895,0.19733616253625677,0.18430140165926892,0.022224153993810773,0.353941784364336,100,0.3417710846985116,0.3371967443420875,0.32257728992166773,0.02520008366461742,0.5937136204889406,100,0.59953434225844,0.5976717112922002,0.5844004656577415,0.019833966739102003
Augsburg,7,E0,300,0.5357142857142857,109,0.4726190476190476,0.4491269841269842,0.44226190476190474,0.04063188778374827,0.20904217826209737,109,0.21449987694073336,0.2189663522327476,0.2109263729627559,0.02172989359654223,0.17443202614771494,109,0.1543309829014143,0.15065551057112372,0.13646373104165543,0.02071940726922715,0.3430209005988216,109,0.2923995512369507,0.2785277969021528,0.27211259586128367,0.03451491197710202,0.5607142857142857,109,0.5607142857142857,0.5566666666666668,0.555952380952381,0.017699357318450678
Augsburg,8,E0,300,0.5748218527315915,287,0.517814726840855,0.5055819477434679,0.47624703087885983,0.04442169263904263,0.18548616732470757,287,0.1639070081186095,0.17610678112692507,0.16645932400306876,0.014701851056097935,0.17553111262614862,287,0.1431892292408525,0.15669316531273955,0.13196784035039605,0.02410703048883777,0.3804471593174634,287,0.33037683589480404,0.3193409224253878,0.2931319174400761,0.04246318075327159,0.5795724465558195,287,0.5498812351543944,0.5604513064133018,0.5439429928741093,0.025323297379381576
Augsburg,9,E0,300,0.5075493612078978,155,0.39605110336817656,0.4315137437088657,0.4065040650406504,0.04455987558330281,0.21045005160603422,155,0.20484766245518496,0.20956591480588546,0.18656841344832514,0.030941317318987988,0.16061471434276473,155,0.13307139240030963,0.14670619453514222,0.11382844512177195,0.03080326415055654,0.3234193027065897,155,0.2652848227457789,0.2852507029171789,0.236979554539474,0.05253975763916073,0.5818815331010453,155,0.5632984901277585,0.5658923732094462,0.5423925667828107,0.03573774109134672
Augsburg,0,G0,300,0.48028673835125446,167,0.4109916367980884,0.4054958183990441,0.40561529271206687,0.029682086026675134,0.13562200927062135,167,0.1399664871051295,0.15630777177723562,0.1352962906134376,0.020091606592468423,0.07066327780926202,167,0.050654796465733315,0.06420057761133398,0.054815128083993955,0.016085622406559266,0.27519051145457585,167,0.20593889454430703,0.2365618542935254,0.23002130620296013,0.03910684326201508,0.5053763440860215,167,0.4946236559139785,0.5113102349661489,0.4958183990442055,0.017903443046287826
Augsburg,1,G0,300,0.47635933806146574,290,0.42907801418439717,0.4166666666666666,0.3912529550827423,0.030064381690946957,0.14274039596435148,290,0.15048288862681197,0.1383298785840957,0.13079241386476886,0.017095725638701827,0.08136324498540846,290,0.06808901653594646,0.05823013370619193,0.03986438076019616,0.012326409224900477,0.28406844157307876,290,0.25,0.2368457754398922,0.20295591986492062,0.045741136969846434,0.5141843971631206,290,0.5106382978723404,0.5046099290780142,0.4787234042553192,0.01635898132856295
Augsburg,2,G0,300,0.41840490797546015,4,0.3852760736196319,0.3687116564417179,0.3674846625766871,0.01833802219719978,0.17307873739128257,4,0.11074264574899764,0.11053769952946998,0.1062404974839721,0.01054113216939593,0.11775325537875032,4,0.039596399264273364,0.03390191358584018,0.030699342104870256,0.009766878559846103,0.2200673514875472,4,0.16957666846317332,0.16276826365644573,0.16120155121659657,0.03014410919753756,0.5558282208588957,4,0.46503067484662575,0.461881390593047,0.45766871165644174,0.011492182669990397
Augsburg,3,G0,300,0.47451456310679613,103,0.40898058252427183,0.44093851132686085,0.4186893203883495,0.03287189487741548,0.11535858169506773,103,0.11883557842364015,0.11572311743603707,0.10664294911032213,0.012735145457050756,0.07069210773916113,103,0.026579444210896787,0.02943837054234906,0.02988946171953799,0.01762107451040948,0.26808144007384993,103,0.22128688470509705,0.23651868402072648,0.21823444619207544,0.03926926768246891,0.47572815533980584,103,0.4817961165048544,0.4665048543689322,0.46237864077669905,0.011663828973141216
Augsburg,4,G0,300,0.46060606060606063,114,0.4206060606060606,0.4058181818181818,0.3939393939393939,0.023250294287718434,0.1254112244833277,114,0.14344900913296513,0.1428047964035016,0.1343800703448001,0.013498366982600624,0.07008967225074433,114,0.05756756455792629,0.058930641192964074,0.05173530433605994,0.011647830211419423,0.2585205756122192,114,0.23671879082785097,0.21568132996622688,0.2140033800968486,0.038234552778806774,0.4824242424242424,114,0.4993939393939394,0.4905050505050505,0.48545454545454547,0.013584627447885132
Augsburg,5,G0,300,0.4709976798143852,205,0.41183294663573083,0.4151972157772621,0.41415313225058004,0.027340687278180207,0.17180936996538912,205,0.1647890759674115,0.16848347754480666,0.16059155360495148,0.02241629409633351,0.0864923742997776,205,0.08173161585268081,0.08390003466584603,0.07248179567447233,0.01674331604988322,0.2736049023611833,205,0.21235692414163498,0.23744746825558175,0.2324805172795536,0.031687067356304555,0.5232018561484919,205,0.5243619489559165,0.5267208043310133,0.5150812064965197,0.02047218312004809
Augsburg,6,G0,300,0.4481955762514552,290,0.42724097788125726,0.4296080714008538,0.41559953434225844,0.01605342087189262,0.15980606490604715,290,0.14465948808716605,0.14488974752269349,0.13379091285580363,0.01675536789021744,0.06699615055987675,290,0.04509999812756192,0.053816119305941434,0.04415936190741229,0.014134450902197592,0.24856325551351854,290,0.22293031106469496,0.22761192439427844,0.21448031122703526,0.02333288492926169,0.48777648428405124,290,0.470314318975553,0.4744276290259993,0.46332945285215366,0.012317248270188612
Augsburg,7,G0,300,0.4976190476190476,247,0.4642857142857143,0.4391269841269841,0.42023809523809524,0.03958467101356382,0.17845430038854113,247,0.1741471514593234,0.16798936117203642,0.15870104429547333,0.024650653841938788,0.09268730931627787,247,0.09720568862317047,0.07632306988360013,0.06403785985304028,0.020094525263212575,0.31137108022736726,247,0.2837273464561557,0.25986026843229926,0.2370262932059709,0.04730261101518119,0.513095238095238,247,0.5226190476190476,0.5164285714285713,0.5047619047619047,0.021365436121792765
Augsburg,8,G0,300,0.505938242280285,298,0.46199524940617576,0.46674584323040375,0.4311163895486936,0.03474064894470613,0.14125689039988337,298,0.12982711284221907,0.13471041850617171,0.1300588255277676,0.02095977086840506,0.08446713677017086,298,0.05752698086355223,0.06549887162464206,0.05513621840772689,0.015410523799955904,0.29601633581680076,298,0.2575519571145771,0.25717942499424157,0.22604154851091213,0.03792157246228263,0.5154394299287411,298,0.4845605700712589,0.49627870150435477,0.4857482185273159,0.0249614121437838
Augsburg,9,G0,300,0.4738675958188153,243,0.3879210220673635,0.4205962059620596,0.4065040650406504,0.024313478032194694,0.1662892008288449,243,0.16099949484126247,0.17021907102700998,0.14026727849212645,0.030410546117271585,0.100612875116489,243,0.078044470272476,0.08968121766397852,0.06934022152756356,0.017765496420204707,0.2963909714755778,243,0.21304677351379764,0.2503906510861829,0.20848026066702474,0.06704758009690033,0.521486643437863,243,0.5249709639953543,0.5260549748354627,0.5005807200929152,0.02536899641354285
MDAS,0,B0,300,0.38564476885644766,103,0.3333333333333333,0.32356042173560423,0.33454987834549876,0.019612709696343374,0.16710950769783844,103,0.1662551419171931,0.1646768321084008,0.15987895961187265,0.01457695585652672,0.10366551698279115,103,0.0849640433080342,0.08151899781547159,0.08038431858337416,0.012158055498808207,0.22295766896660163,103,0.16090887753847527,0.16651277587941712,0.1739574719408291,0.019111415188201353,0.4318734793187348,103,0.4306569343065693,0.41881589618815884,0.41362530413625304,0.016824875704951885
MDAS,1,B0,300,0.41309823677581864,41,0.33753148614609574,0.34181360201511346,0.3350125944584383,0.02326815193350846,0.14295060294846734,41,0.15978080063051533,0.16992822678013297,0.15894482459153036,0.015963888699098157,0.13571027688867765,41,0.06450843688088319,0.08169897245319599,0.07812558547796697,0.018763010072592016,0.2153817444631997,41,0.19832926077851387,0.19532765921985867,0.18609722992785221,0.018552413791884794,0.4345088161209068,41,0.4181360201511335,0.4403022670025189,0.4332493702770781,0.02230669815837041
MDAS,2,B0,300,0.35544430538172717,9,0.2765957446808511,0.28861076345431785,0.28660826032540676,0.023140478227726143,0.18882335828442928,9,0.15742784245011968,0.15795658119139286,0.155659957307483,0.01157180481090244,0.09187533860004395,9,0.06804471882052193,0.061658861517986226,0.06005466152793821,0.013654199466700894,0.23201324382182065,9,0.13957808171196806,0.1630511160063202,0.15752513623400144,0.021187600965238317,0.40550688360450565,9,0.38423028785982477,0.3949103045473509,0.39424280350438046,0.01277314452570299
MDAS,3,B0,300,0.37641154328732745,299,0.3713927227101631,0.33877038895859474,0.30614805520702637,0.022841697913090306,0.16575089910784666,299,0.1654622514943425,0.17530090784211622,0.16005412150399487,0.013196837909366882,0.12974580369455788,299,0.12260601652991855,0.11349970911300632,0.08414709380572644,0.017868670313298616,0.24911947467992102,299,0.24339887560610973,0.21691474893805948,0.17191722350372068,0.027636851858263648,0.424090338770389,299,0.4190715181932246,0.4305729820158929,0.4027603513174404,0.017503365253743162
MDAS,4,B0,300,0.3765586034912718,5,0.300498753117207,0.30095594347464677,0.30673316708229426,0.020196758268586565,0.18462766559393085,5,0.17634283241445423,0.17342407162429627,0.16122070363597574,0.015060857123201972,0.1163299681228796,5,0.09260405091548585,0.08228639361971153,0.07800220617268702,0.014999524581968574,0.2552628402158067,5,0.1927275467581494,0.1702996683254473,0.1757711628048209,0.021059308974071277,0.4389027431421446,5,0.4551122194513716,0.4580631753948464,0.4476309226932668,0.022739616913849587
MDAS,5,B0,300,0.3492462311557789,80,0.2751256281407035,0.2909547738693467,0.28391959798994976,0.020610939820343312,0.14887275572738018,80,0.12918668260941119,0.14141616433030293,0.1327286786883637,0.013940177523623523,0.08005253445544741,80,0.022438694091854897,0.046922294753255225,0.047524004799147535,0.015975251241443153,0.17647881219679284,80,0.12306179533933503,0.15208997314241737,0.14882948415803232,0.01835954427108823,0.39824120603015073,80,0.35678391959798994,0.3724874371859297,0.3743718592964824,0.013830213176304243
MDAS,6,B0,300,0.3793969849246231,279,0.33040201005025127,0.33789782244556116,0.33291457286432163,0.021396045243206773,0.21135476302428918,279,0.176613800457564,0.18571295295241858,0.17791838156357181,0.024570019153935724,0.12868256410841533,279,0.08786300366271041,0.09049948281642253,0.08631175036026593,0.020071808402637063,0.2558959831810965,279,0.20547427006923358,0.2093281353104053,0.19154724560277336,0.028161654534279927,0.4648241206030151,279,0.43090452261306533,0.43073701842546064,0.4271356783919598,0.024708264964247793
MDAS,7,B0,300,0.3927710843373494,57,0.27349397590361446,0.3090763052208834,0.30843373493975906,0.029116301163132175,0.17624280720031657,57,0.18673516181849123,0.18139383018313174,0.17116195402730788,0.017402578848772988,0.13548869956165416,57,0.07136247723309196,0.0786341866425613,0.07745816357653923,0.024009345814943035,0.24687819561867186,57,0.1692077852014774,0.18475745470988106,0.18106463234748127,0.023269727582888595,0.44096385542168676,57,0.40963855421686746,0.40389558232931727,0.4108433734939759,0.019582160423696034
MDAS,8,B0,300,0.392811296534018,12,0.355584082156611,0.30834403080872913,0.29653401797175866,0.024454450071063626,0.17089240484489793,12,0.1837759340191746,0.176900068987075,0.157314231116863,0.017845180510137,0.1157939420232925,12,0.10432404096220999,0.07734478996543764,0.0622508799260973,0.018140892196247045,0.25063859038291014,12,0.22270787492819566,0.1905277847909036,0.16406301240443694,0.028186912951548484,0.4197689345314506,12,0.42362002567394097,0.41655969191270864,0.3902439024390244,0.02021131703273409
MDAS,9,B0,300,0.35495716034271724,297,0.3292533659730722,0.3020807833537331,0.28886168910648713,0.02000233756512393,0.15418368725919268,297,0.16514649229917017,0.1538417669166127,0.14921146482283765,0.015565716756904244,0.0975551719169857,297,0.07978655819260433,0.07418010425089308,0.06613213055375376,0.01397121007413137,0.21322011102948968,297,0.21833196571049462,0.17916270247717223,0.15985698599713627,0.025755013218454158,0.412484700122399,297,0.43329253365973075,0.4111791105671154,0.39412484700122397,0.018647815636077848
MDAS,0,C025,300,0.3333333333333333,146,0.305352798053528,0.29095701540957014,0.29683698296836986,0.01212637859877482,0.1194019074070234,146,0.10734304826568733,0.10674188692598009,0.10490154199690536,0.01182327204784922,0.06184632538715459,146,0.04700813479774212,0.04535382398362432,0.04352106836264186,0.007629796928498166,0.11828470539415836,146,0.11114267371901576,0.10896740508468761,0.10645555901475529,0.014982408242465444,0.3905109489051095,146,0.3905109489051095,0.3858880778588808,0.38686131386861317,0.008195571779986102
MDAS,1,C025,300,0.4017632241813602,6,0.36272040302267,0.3701931150293871,0.36272040302267,0.02505252853315177,0.1351648707016806,6,0.137080521666118,0.1397272708276611,0.11462990310864962,0.018302577033378134,0.09358259321199237,6,0.0787065370753222,0.08600214444946883,0.07504773543135256,0.01867501559502261,0.16940485209394118,6,0.1419937512413162,0.16391828004516712,0.13974616884490243,0.026668184150483845,0.43702770780856426,6,0.4445843828715365,0.44416456759026024,0.4193954659949622,0.016689597973446924
MDAS,2,C025,300,0.3617021276595745,185,0.35168961201501875,0.333500208594076,0.2878598247809762,0.03166164278469541,0.1374167710978576,185,0.13261846157963425,0.13300918190093397,0.1023194547399931,0.027790085836137218,0.03324667113887589,185,0.027982241263959692,0.023537964291646958,0.0157456060815242,0.011714308413006299,0.12970956146964152,185,0.1092128060263653,0.10950914264935581,0.08582484385117128,0.027317970826374553,0.39173967459324155,185,0.38923654568210264,0.3859824780976221,0.3742177722152691,0.016437869906888378
MDAS,3,C025,300,0.33500627352572143,6,0.30489335006273527,0.30117105813467165,0.2986198243412798,0.016671165188832444,0.10296898666840579,6,0.0891372491661813,0.09959439116135323,0.09708672115943309,0.011222884031079971,0.014579623331648939,6,0.00310729491702253,0.006190780971671476,0.012703480692528645,0.009040181010342726,0.07920522294520926,6,0.050047332185886306,0.06143454314617945,0.06634878551391354,0.014255361937667497,0.3739021329987453,6,0.35006273525721454,0.35964031785863654,0.3601003764115433,0.008462400595929854
MDAS,4,C025,300,0.3778054862842893,271,0.3428927680798005,0.33462177888611794,0.3092269326683292,0.023751880259543542,0.13083961443672376,271,0.11379795762259498,0.11772057578719629,0.101970936299518,0.012855290860470651,0.06932012160235773,271,0.04635937235734033,0.04682656482380657,0.03786775956773889,0.008247118419205942,0.16891709480871708,271,0.15221307101966164,0.14524877773224343,0.11010950293462896,0.02125690384984851,0.43516209476309226,271,0.4027431421446384,0.4056940980881131,0.39526184538653364,0.012193372705432906
MDAS,5,C025,300,0.35050251256281406,4,0.32537688442211055,0.31578726968174203,0.3128140703517588,0.01182524383841685,0.14246776651512771,4,0.10570004033280793,0.09933991208507285,0.09378060776839388,0.015181976144053802,0.05707676441069976,4,0.040432646559953864,0.02695177045461106,0.026106320293329738,0.00725085390280948,0.13393409572072557,4,0.09997410161012188,0.07746974790983772,0.07791905272774724,0.015250795627216047,0.4020100502512563,4,0.3731155778894472,0.36876046901172527,0.3655778894472362,0.00833024102207236
MDAS,6,C025,300,0.41708542713567837,232,0.34296482412060303,0.3140284757118928,0.30778894472361806,0.025655221288412033,0.15882492797467487,232,0.12839897115844678,0.11107075609640345,0.1068619026613234,0.017396979867884896,0.11203950142243535,232,0.0771419095114707,0.04921129194737222,0.042826662426838,0.019626435107379464,0.21623950123714575,232,0.16086222118303461,0.12946488565580233,0.10159910646660775,0.03811544281917595,0.44095477386934673,232,0.38944723618090454,0.3885678391959798,0.3869346733668342,0.012931487790671237
MDAS,7,C025,300,0.3457831325301205,147,0.2819277108433735,0.30481927710843376,0.30120481927710846,0.020193236009724357,0.12754027495141945,147,0.11824368106884446,0.12105025402841825,0.1117195826876238,0.021079978005241834,0.02808467669117446,147,0.0374011459062297,0.02635951953024584,0.0313277730316668,0.013433653389379265,0.10265982546575314,147,0.08519479462745183,0.07699305693276218,0.08510081879378761,0.0221998742334883,0.3963855421686747,147,0.3795180722891566,0.3780722891566265,0.3686746987951807,0.012602444617303823
MDAS,8,C025,300,0.34017971758664955,13,0.28498074454428757,0.2979032948224218,0.31322207958921694,0.013726944361482559,0.11640354623768233,13,0.11038851732494932,0.11759730090984626,0.11684026685565557,0.014759023133518389,0.03305948069561891,13,0.04478152892658048,0.04655498229276903,0.033591496270559365,0.012784557832048519,0.10729072144721952,13,0.09596008000666723,0.10450353333570069,0.08850412898552029,0.01788059488542459,0.3607188703465982,13,0.37869062901155326,0.3787762088147197,0.36649550706033374,0.010744225465453863
MDAS,9,C025,300,0.33414932680538556,278,0.2594859241126071,0.29269685842513266,0.29253365973072215,0.01898080540037706,0.09894707105883783,278,0.09780813094858826,0.11239023090870305,0.09580547410503883,0.01874261735754046,0.04186737402706068,278,0.027392555657971874,0.036235577348355454,0.029974346780581723,0.017092183060737134,0.13156943470181692,278,0.08034695954557391,0.12173369538437066,0.10059617093420042,0.039891298914478304,0.3769889840881273,278,0.379436964504284,0.370828233374133,0.35128518971848227,0.0129193970907192
MDAS,0,C050,300,0.3381995133819951,118,0.3102189781021898,0.29671532846715337,0.3004866180048662,0.010460810120842445,0.11835671735562063,118,0.11809235822737416,0.11592568389792655,0.11350937429965256,0.0125797041672269,0.06662405159166418,118,0.053347627771098444,0.05677222951431156,0.05339153669217883,0.008795133122622737,0.14612568814171656,118,0.12501971209083318,0.11861852937024715,0.11769477580360915,0.01330582881688603,0.3978102189781022,118,0.39172749391727496,0.38957826439578264,0.38929440389294406,0.009390007901435758
MDAS,1,C050,300,0.42317380352644834,239,0.3929471032745592,0.3995801847187238,0.37405541561712846,0.024529501642624147,0.1442463035054332,239,0.15157254156609454,0.14926884940567237,0.1330234306980365,0.0198434898700636,0.10684242657585787,239,0.10916762933407917,0.112313211814384,0.090828600755666,0.022424382742821204,0.20706474929952134,239,0.1740911307830757,0.19577486469937275,0.16763413233481872,0.033970499408920926,0.44962216624685136,239,0.4521410579345088,0.45054575986565903,0.4301007556675063,0.018037018851392243
MDAS,2,C050,300,0.3566958698372966,229,0.34918648310387984,0.3122236128493951,0.2878598247809762,0.025167115089286103,0.14022211099549634,229,0.14243705104215998,0.13602397793278034,0.10970378295960459,0.02835846591419475,0.04009458664705012,229,0.03424634820097763,0.03451497964473267,0.023222829881739137,0.013251533495737612,0.13754767064832096,229,0.12497183137153323,0.116151779783805,0.0980242091545957,0.02500565628337696,0.3954943679599499,229,0.40175219023779724,0.39194826866916976,0.37797246558197745,0.018971787809461193
MDAS,3,C050,300,0.3324968632371393,270,0.3099121706398996,0.2962358845671267,0.28983688833124216,0.01825995134209823,0.11583106207133397,270,0.10593003595898921,0.11450668026740853,0.11370060828246448,0.01407808595646262,0.030710633260690005,270,0.01694264551519011,0.01602159238591767,0.02651373254977096,0.011761971687357965,0.10485925944691787,270,0.06825630975509167,0.07466411652335993,0.08424758825114531,0.025641789328304753,0.3751568381430364,270,0.3613550815558344,0.3643245503973232,0.370138017565872,0.011763091943695509
MDAS,4,C050,300,0.3640897755610973,1,0.3229426433915212,0.3198669991687448,0.29301745635910226,0.02441358026938598,0.13732213214939584,1,0.12240200042538116,0.12866917781748896,0.10527177028010105,0.015047161169369527,0.04911939266206777,1,0.051642376557249396,0.05725931940574423,0.04493480217782931,0.010008257839326632,0.14087492044554706,1,0.14773020830887018,0.1465348871110295,0.1097261269863315,0.023478032228594268,0.4251870324189526,1,0.40399002493765584,0.4084372402327514,0.39775561097256856,0.013024493347626743
MDAS,5,C050,300,0.3417085427135678,6,0.29020100502512564,0.3126465661641541,0.30778894472361806,0.016307926191724335,0.13548955697247086,6,0.12057381226491043,0.11907917830329154,0.10828954770063243,0.017553362653395736,0.06693124276729528,6,0.04867527604506457,0.04593714761199033,0.039563803130765365,0.008624681691981072,0.13408388365155255,6,0.09608902841730171,0.1005205668441386,0.09185623705956258,0.01580506587441463,0.38567839195979897,6,0.3731155778894472,0.37617252931323286,0.3706030150753769,0.008692347968652446
MDAS,6,C050,300,0.4221105527638191,233,0.30778894472361806,0.30402010050251255,0.3128140703517588,0.025607345281330438,0.1782656965221708,233,0.13284254420932226,0.12147678481933934,0.12200480478839361,0.02034505091070671,0.1318406351581723,233,0.061578908591026174,0.05674680660816564,0.0581181610042248,0.019967674589487495,0.2355725168528534,233,0.13165126353218815,0.11026961051659367,0.11028135432122443,0.03155277842421904,0.44472361809045224,233,0.3957286432160804,0.3941792294807369,0.39195979899497485,0.01444618513122887
MDAS,7,C050,300,0.3409638554216867,151,0.2674698795180723,0.29791164658634545,0.2963855421686747,0.021511268479833003,0.12847179861481656,151,0.12216897743475846,0.1259692760615995,0.11635831546716122,0.021095012663867634,0.025034000538552245,151,0.03434452542453458,0.025806605464298957,0.03234331224754013,0.012595604677054367,0.110434917207611,151,0.08356245482644276,0.08032725080365018,0.09035315546838163,0.021357315108328494,0.39518072289156625,151,0.3819277108433735,0.3834136546184739,0.372289156626506,0.013924423464998819
MDAS,8,C050,300,0.33889602053915274,209,0.31835686777920413,0.3097133076593924,0.31322207958921694,0.0146645219338577,0.12801242276927538,209,0.11667231120336376,0.12068799671657929,0.12043972044046683,0.014690746382616386,0.04412576348874563,209,0.06564527623705159,0.05823913516242437,0.03871407224686492,0.014970883541902291,0.10677867231890004,209,0.13910828343624926,0.12832609999969855,0.10481199193868407,0.02487037171435923,0.37098844672657255,209,0.38767650834403083,0.38472400513478816,0.3748395378690629,0.012517708197415562
MDAS,9,C050,300,0.33659730722154224,289,0.28518971848225216,0.3015503875968992,0.29253365973072215,0.023204521156494854,0.1248373400042353,289,0.10954733934079305,0.12823391343550647,0.1160474432732182,0.019629286652954343,0.07546505598190771,289,0.038595386197422324,0.050323171705412825,0.0504212138101611,0.017411443968834445,0.1650658611730189,289,0.11431711192622407,0.1434991126135588,0.13439341854091752,0.03142260964335656,0.4039167686658507,289,0.38310893512851896,0.3799673602611178,0.3623011015911873,0.0141659258756427
MDAS,0,C075,300,0.38321167883211676,139,0.3418491484184915,0.33625304136253037,0.3309002433090024,0.021382934159803142,0.16813434423389875,139,0.17920475466952449,0.1728238329969299,0.16365822393266183,0.020796469808020152,0.10882758861424927,139,0.10394142032602437,0.09647698455255836,0.08253367031486819,0.01871045156466509,0.20830159288000683,139,0.190778519606291,0.18398151639891908,0.17407679034407014,0.02628380767542657,0.40875912408759124,139,0.44282238442822386,0.417477696674777,0.40875912408759124,0.01604914236686918
MDAS,1,C075,300,0.45717884130982367,239,0.38161209068010077,0.3920235096557515,0.380352644836272,0.03251545495218486,0.18815463487766484,239,0.17046624261809806,0.1838070887730307,0.17335978819654652,0.0219533835861295,0.15639572592454293,239,0.11396896462912787,0.13115702049843495,0.1194042820027002,0.025156628859369968,0.27487201654461635,239,0.20258785556935055,0.2381252519523115,0.2230359629127064,0.03455735197565394,0.48614609571788414,239,0.4622166246851385,0.4724181360201512,0.45843828715365237,0.019865763441322563
MDAS,2,C075,300,0.3541927409261577,139,0.2928660826032541,0.2967042136003337,0.28911138923654567,0.02263812306201791,0.1638757464507206,139,0.15878461919657502,0.15118284955257796,0.14246414432829502,0.018586687686474597,0.07170068875947676,139,0.05077223484235078,0.07232012448830237,0.059732102714010894,0.016146088501466226,0.1809263460705588,139,0.13204772021572153,0.1577990737016812,0.13952536503731988,0.020057264235148028,0.3992490613266583,139,0.4130162703379224,0.40158531497705463,0.39424280350438046,0.01786251338314839
MDAS,3,C075,300,0.3575909661229611,298,0.28732747804265996,0.2971141781681304,0.2998745294855709,0.021779520937639445,0.17368977703340283,298,0.15046410128687027,0.15390276925998908,0.15236958998507638,0.012882429012345195,0.10347696207303395,298,0.039932477436067336,0.06311374531763124,0.07126543984392031,0.01773314944708696,0.22494966761633428,298,0.09903354721607482,0.1420728712615815,0.15345115942226417,0.025233417219159428,0.4203262233375157,298,0.3877038895859473,0.4004182350480971,0.39209535759096614,0.01305665946976783
MDAS,4,C075,300,0.385286783042394,98,0.33790523690773067,0.3333333333333332,0.3192019950124688,0.023813671669584868,0.15888552547949134,98,0.17200632120178885,0.18380896531179028,0.1588991292726707,0.019368537627687765,0.09170426653278187,98,0.11132991798041621,0.10802038660050337,0.08608565067327442,0.020610950540657567,0.206413943844874,98,0.20965278409291255,0.21132017469275255,0.17806976812735853,0.02837749947803936,0.44389027431421446,98,0.47381546134663344,0.4751039068994182,0.4488778054862843,0.02376007186459492
MDAS,5,C075,300,0.3630653266331658,65,0.29020100502512564,0.29221105527638186,0.29396984924623115,0.017119329224998064,0.14353560481341923,65,0.12855729111297376,0.1421965363633238,0.13260021337359268,0.017363603218615412,0.10015902160072976,65,0.06115431204334551,0.0639356192910068,0.06186454395500473,0.010488869119552213,0.19565191394711967,65,0.15769877627158013,0.143322074828354,0.1372351681984325,0.019925754708349192,0.4020100502512563,65,0.3793969849246231,0.38454773869346737,0.3806532663316583,0.010079493935447843
MDAS,6,C075,300,0.40326633165829145,171,0.3341708542713568,0.3283082077051926,0.332286432160804,0.02441505825017056,0.1889890691363626,171,0.17983424994617653,0.17070851102286816,0.16960487568163385,0.025822667698169904,0.13372206445066978,171,0.09801860471138106,0.0823241955888703,0.09007691744660631,0.020782999204408004,0.24570835785462775,171,0.20049272753115077,0.19018738993631612,0.1879040850408374,0.028109484268261493,0.4510050251256281,171,0.44095477386934673,0.4196817420435511,0.4296482412060301,0.02232460210422649
MDAS,7,C075,300,0.3963855421686747,101,0.3108433734939759,0.3048995983935743,0.3108433734939759,0.025388933791485078,0.16618220589338534,101,0.18119655501964135,0.17423520427706934,0.1673550680846425,0.027329766700108435,0.11685813282364155,101,0.08681844877712037,0.07715589254216541,0.08435625750473345,0.023704747608264937,0.21334455784565032,101,0.16983599906974622,0.1577325876563456,0.16223200465246757,0.025532227533348745,0.43253012048192774,101,0.4397590361445783,0.4272690763052209,0.42168674698795183,0.02373208212214323
MDAS,8,C075,300,0.37997432605905007,295,0.355584082156611,0.3531878476679503,0.3247753530166881,0.024292231636277153,0.17841520636446448,295,0.1474436076222609,0.15552968475049528,0.14458672824402713,0.022683064362489413,0.12128726685385183,295,0.11280740398776631,0.10730200088936231,0.0808082100715643,0.02479891473495316,0.22158663036552162,295,0.19153282075984646,0.1904544138473748,0.1610154426731889,0.03389411215347336,0.4184852374839538,295,0.41335044929396664,0.41052631578947363,0.386392811296534,0.016299239670802247
MDAS,9,C075,300,0.3659730722154223,289,0.2717258261933905,0.3109751121991024,0.31334149326805383,0.024347773989791332,0.15065018225230678,289,0.15941269893507212,0.1550032586265228,0.15019462577493375,0.01863818902412574,0.11111973240753559,289,0.06208811210834162,0.08271700516029219,0.07393649627973407,0.014590996781714795,0.2306464514252473,289,0.1403817146211942,0.17850974691190713,0.17435272555847264,0.022864540359227404,0.4149326805385557,289,0.41370869033047736,0.4028559771521828,0.38310893512851896,0.016693413065342794
MDAS,0,C100,300,0.40389294403892945,41,0.33454987834549876,0.34067315490673156,0.3515815085158151,0.02098201560521405,0.1403427433090743,41,0.1708772855533248,0.16135160709825946,0.1563703597006703,0.012698912417011536,0.07058236427594862,41,0.09391507436588865,0.08738925078838856,0.07903558971048666,0.013781641002610862,0.18474003695974717,41,0.16258357700258874,0.16386294596267462,0.16256977958946423,0.02417965845309661,0.4124087591240876,41,0.4416058394160584,0.41922141119221407,0.41119221411192214,0.01530237720466426
MDAS,1,C100,300,0.4609571788413098,110,0.380352644836272,0.4038623005877414,0.38161209068010077,0.03309383823551982,0.20640557308788154,110,0.18422030163591557,0.19052641896608852,0.17653239008492427,0.01830710457139676,0.15938845036905183,110,0.12783169990493806,0.1344415296467484,0.11529125325239148,0.02144416466029933,0.2660231835352408,110,0.22003150637614766,0.2314647717308793,0.20836469243015587,0.02720921650086854,0.491183879093199,110,0.46977329974811083,0.47716204869857265,0.464735516372796,0.02079332162818742
MDAS,2,C100,300,0.3642052565707134,4,0.2816020025031289,0.2877346683354193,0.295369211514393,0.024826057310718498,0.20057161046823338,4,0.16664743481831326,0.16488952306754248,0.1574607351517163,0.014026305005813172,0.10436110258910686,4,0.05782216612492673,0.06323815585327038,0.05910538634021513,0.014948014631459127,0.2088723431211078,4,0.12906766528925617,0.156122600448735,0.14753337134365851,0.023717875100832314,0.4117647058823529,4,0.39424280350438046,0.39874843554443057,0.39173967459324155,0.011114659364843212
MDAS,3,C100,300,0.37766624843161856,148,0.2973651191969887,0.3153910497699707,0.3212045169385194,0.02536292778621321,0.17770180428555754,148,0.16346212758821882,0.1646046346704644,0.15777968742850282,0.008569774135338826,0.11525092470322869,148,0.07106753393677126,0.08178833497974854,0.08427163293561157,0.015099786957136945,0.21085328265487013,148,0.14003025077312903,0.16162235560656085,0.16557619334010198,0.021979696452427068,0.4190715181932246,148,0.4077791718946048,0.41263069845253036,0.3989962358845671,0.013139958335712678
MDAS,4,C100,300,0.4251870324189526,132,0.3117206982543641,0.35885286783042386,0.35099750623441395,0.029107363953101706,0.1766898712566421,132,0.1862036984079196,0.1891351621389446,0.17473119200635517,0.01811983805955039,0.13123525976578812,132,0.09564061379618564,0.09947720132767347,0.09537657451522132,0.017163335084459223,0.2481871754098427,132,0.1911053453804621,0.21103268522799815,0.19090163886312395,0.02605849613113027,0.4763092269326683,132,0.48877805486284287,0.48349958437240237,0.46384039900249374,0.019841845426563816
MDAS,5,C100,300,0.37185929648241206,42,0.32663316582914576,0.3160804020100503,0.31532663316582915,0.023804021449890155,0.13331357008118705,42,0.12926825228506442,0.14384331652002233,0.13872501628833625,0.011204928905666446,0.08998030465927108,42,0.07212544317940299,0.06659171512734292,0.06681918486403571,0.010426121832206904,0.1663542240496333,42,0.15692795308186758,0.1472770135288656,0.1472132049183168,0.017042143270102846,0.3844221105527638,42,0.39195979899497485,0.39204355108877725,0.38944723618090454,0.012342860718903123
MDAS,6,C100,300,0.4020100502512563,22,0.37814070351758794,0.36046901172529316,0.3479899497487437,0.024539534248588832,0.13246164396652194,22,0.19407008432489264,0.18312133104795872,0.17278224181554908,0.019793690290720294,0.08778948478389731,22,0.11668827264467645,0.09918673323275633,0.09184034821303898,0.016361139787460215,0.2052038823546687,22,0.2130318506194563,0.18934767644923942,0.17667949273368633,0.02322624679218165,0.42085427135678394,22,0.4547738693467337,0.4398659966499163,0.43027638190954776,0.021948189467122767
MDAS,7,C100,300,0.41807228915662653,88,0.3024096385542169,0.3112048192771084,0.3506024096385542,0.03408289592782765,0.17747464988929157,88,0.2034827648005629,0.1863401953448407,0.17971270596409805,0.018743094385674,0.14434648931929497,88,0.1110495761385179,0.09426063599487843,0.10847476036171255,0.021245011243294008,0.22881002168003972,88,0.18014971816953496,0.1630772413758494,0.19008384678667073,0.027873585006011437,0.44819277108433736,88,0.46265060240963857,0.43626506024096384,0.43253012048192774,0.017682729259609592
MDAS,8,C100,300,0.37997432605905007,55,0.31450577663671375,0.325502781343603,0.31129653401797175,0.027019064101519618,0.1015659389002503,55,0.15217211122470894,0.15624197879441828,0.15036688204179688,0.015068084504623026,0.09770893448730662,55,0.06460271798219262,0.07105795167566155,0.06908987519492518,0.01696064084172315,0.16520159035845194,55,0.15006722050368393,0.15680161009132654,0.15334601745552995,0.022963863945927202,0.3902439024390244,55,0.3851091142490372,0.38583654257595207,0.37997432605905007,0.015017889732437175
MDAS,9,C100,300,0.34394124847001223,18,0.29498164014687883,0.2911056711546307,0.2876376988984088,0.01760648692497633,0.1378549578123751,18,0.15279018617571524,0.14917859805604086,0.14416195675569754,0.01276599762294273,0.08155468231918572,18,0.05049048724550573,0.055942972579236215,0.05593495160894237,0.011620725028018041,0.17565316260779384,18,0.13467553458506565,0.14142670326147735,0.14015865331724253,0.024868842644432343,0.39412484700122397,18,0.412484700122399,0.4023255813953488,0.38555691554467564,0.011401715264798969
MDAS,0,D0,300,0.3844282238442822,112,0.32968369829683697,0.3186536901865369,0.33454987834549876,0.020035195765352145,0.1766572483986631,112,0.1827945024271956,0.17159039958679995,0.1637566399795603,0.011253882072671858,0.09857487238203705,112,0.09335048011959467,0.08717356413890044,0.08571258857696619,0.012462053572659655,0.20879747991234487,112,0.19744911429548517,0.1740623798847197,0.17683704960151064,0.022768747638975288,0.43552311435523117,112,0.4367396593673966,0.4209245742092458,0.4148418491484185,0.01671520620791923
MDAS,1,D0,300,0.4093198992443325,110,0.29093198992443325,0.33560033585222493,0.3337531486146096,0.026313361369705208,0.1859029802853972,110,0.1574566766046693,0.17033735539471284,0.1657445212300072,0.017283519843882798,0.1250528210146926,110,0.06452360620510131,0.08985102399798883,0.08881319642337437,0.022074446573031037,0.23265580310411038,110,0.16415426671702693,0.19569572975746383,0.19136369123766855,0.024010474546038413,0.47103274559193953,110,0.43198992443324935,0.44382871536523927,0.44710327455919396,0.023498178232770665
MDAS,2,D0,300,0.3642052565707134,4,0.27409261576971217,0.289904046725073,0.28911138923654567,0.02110446244327743,0.20279417258149215,4,0.1589902719368894,0.16179149043353666,0.15605006399850574,0.013211239753186903,0.10269174574275411,4,0.06031443775401455,0.07525945380842548,0.0649732200797501,0.014695987371471996,0.24467784195795883,4,0.14879313480044154,0.1733089162360723,0.16004642562403149,0.02146485387280488,0.4355444305381727,4,0.3979974968710889,0.39524405506883603,0.3879849812265332,0.015044598209477938
MDAS,3,D0,300,0.3739021329987453,148,0.27603513174404015,0.3191969887076537,0.30301129234629864,0.023914152045489936,0.17368091670227495,148,0.16326769148297496,0.17850008538131962,0.1596587464850413,0.012090566449437649,0.12057916273757704,148,0.062138525584729404,0.09345702836488032,0.08573261659719944,0.015563640675623837,0.22812536997106236,148,0.1664116851618891,0.19160606080174508,0.1720152526664558,0.022064786074566967,0.41530740276035133,148,0.397741530740276,0.42367210372229186,0.4002509410288582,0.016507565306838168
MDAS,4,D0,300,0.38154613466334164,129,0.30174563591022446,0.32394014962593515,0.3229426433915212,0.025390695950078583,0.17085532288825533,129,0.1873349406437432,0.19037939225081313,0.17305916392101095,0.018586659762260954,0.11606149829833827,129,0.10208887438679123,0.09306659238924307,0.08688181177990943,0.018331269441700236,0.23288664505541334,129,0.20620584705605793,0.20332113502682445,0.19675359959933308,0.02555911070125651,0.4551122194513716,129,0.4850374064837905,0.4724854530340815,0.4519950124688279,0.02275151954729052
MDAS,5,D0,300,0.33291457286432163,73,0.30025125628140703,0.2950167504187605,0.2914572864321608,0.017859033119674166,0.11616323123431145,73,0.13122598089250118,0.14536179503395835,0.137648567726083,0.012809083153403254,0.06964950441372529,73,0.05594776827774313,0.06266259688662953,0.06013454238662087,0.011686264934847233,0.14991130579589462,73,0.1497389990296364,0.1597948283579237,0.14990936833068363,0.017644154770901168,0.3869346733668342,73,0.38190954773869346,0.39434673366834166,0.38819095477386933,0.013909073503220442
MDAS,6,D0,300,0.36809045226130654,52,0.3417085427135678,0.33404522613065324,0.32537688442211055,0.02086465973911209,0.1253855345456744,52,0.21269369945224784,0.1891007242057795,0.17983575176992034,0.022230243055536916,0.07875512094238998,52,0.11143257670088362,0.09476113009261673,0.08984971603033903,0.016396882105245616,0.2130630728017091,52,0.22132550745903645,0.18924289356465535,0.1822985170653138,0.023601608357711308,0.38819095477386933,52,0.44597989949748745,0.42906197654941364,0.4265075376884422,0.022861431086982627
MDAS,7,D0,300,0.3963855421686747,96,0.3060240963855422,0.29779116465863453,0.3192771084337349,0.03015044620420806,0.1970936945617108,96,0.2113713626629864,0.19403066142981226,0.18203183455818106,0.02021558592388517,0.16797914163018465,96,0.11082877813763777,0.10011268312530265,0.10008797793255766,0.022568851154151037,0.241847439642064,96,0.190508522789806,0.1741272807783765,0.18614539351943377,0.023449339063992332,0.4433734939759036,96,0.4710843373493976,0.4457831325301206,0.42891566265060244,0.021094140560860657
MDAS,8,D0,300,0.3632862644415918,122,0.32220795892169446,0.3257595207531023,0.3080872913992298,0.022374855741400856,0.156629410635286,122,0.175240101077957,0.1788536578577428,0.1626589126249452,0.017282867763780203,0.09856433873757352,122,0.09664244906343895,0.09431221471594116,0.07345398953332216,0.01649185042135865,0.19311530116380815,122,0.18936528739936342,0.19344676804006256,0.17137601038233924,0.024041677394064893,0.37997432605905007,122,0.4120667522464698,0.4050492083868208,0.3889602053915276,0.016934979964864618
MDAS,9,D0,300,0.34149326805385555,289,0.29865361077111385,0.297266421868625,0.28886168910648713,0.019580474337323583,0.16712993478045995,289,0.16315567099671924,0.16272515417305328,0.15094096170410293,0.015700718146487557,0.09787846142382645,289,0.08109231221900397,0.07760599582392616,0.06494802533533947,0.01394706745035408,0.22483854697568773,289,0.1675140172955556,0.18028946122098138,0.16445844357132933,0.023918330041396308,0.4149326805385557,289,0.4259485924112607,0.4076295389636884,0.38555691554467564,0.013971916611809172
MDAS,0,E0,300,0.3844282238442822,112,0.32968369829683697,0.3186536901865369,0.33454987834549876,0.020035195765352145,0.1766572483986631,112,0.1827945024271956,0.17159039958679995,0.1637566399795603,0.011253882072671858,0.09857487238203705,112,0.09335048011959467,0.08717356413890044,0.08571258857696619,0.012462053572659655,0.20879747991234487,112,0.19744911429548517,0.1740623798847197,0.17683704960151064,0.022768747638975288,0.43552311435523117,112,0.4367396593673966,0.4209245742092458,0.4148418491484185,0.01671520620791923
MDAS,1,E0,300,0.4093198992443325,110,0.29093198992443325,0.33560033585222493,0.3337531486146096,0.026313361369705208,0.1859029802853972,110,0.1574566766046693,0.17033735539471284,0.1657445212300072,0.017283519843882798,0.1250528210146926,110,0.06452360620510131,0.08985102399798883,0.08881319642337437,0.022074446573031037,0.23265580310411038,110,0.16415426671702693,0.19569572975746383,0.19136369123766855,0.024010474546038413,0.47103274559193953,110,0.43198992443324935,0.44382871536523927,0.44710327455919396,0.023498178232770665
MDAS,2,E0,300,0.3642052565707134,4,0.27409261576971217,0.289904046725073,0.28911138923654567,0.02110446244327743,0.20279417258149215,4,0.1589902719368894,0.16179149043353666,0.15605006399850574,0.013211239753186903,0.10269174574275411,4,0.06031443775401455,0.07525945380842548,0.0649732200797501,0.014695987371471996,0.24467784195795883,4,0.14879313480044154,0.1733089162360723,0.16004642562403149,0.02146485387280488,0.4355444305381727,4,0.3979974968710889,0.39524405506883603,0.3879849812265332,0.015044598209477938
MDAS,3,E0,300,0.3739021329987453,148,0.27603513174404015,0.3191969887076537,0.30301129234629864,0.023914152045489936,0.17368091670227495,148,0.16326769148297496,0.17850008538131962,0.1596587464850413,0.012090566449437649,0.12057916273757704,148,0.062138525584729404,0.09345702836488032,0.08573261659719944,0.015563640675623837,0.22812536997106236,148,0.1664116851618891,0.19160606080174508,0.1720152526664558,0.022064786074566967,0.41530740276035133,148,0.397741530740276,0.42367210372229186,0.4002509410288582,0.016507565306838168
MDAS,4,E0,300,0.38154613466334164,129,0.30174563591022446,0.32394014962593515,0.3229426433915212,0.025390695950078583,0.17085532288825533,129,0.1873349406437432,0.19037939225081313,0.17305916392101095,0.018586659762260954,0.11606149829833827,129,0.10208887438679123,0.09306659238924307,0.08688181177990943,0.018331269441700236,0.23288664505541334,129,0.20620584705605793,0.20332113502682445,0.19675359959933308,0.02555911070125651,0.4551122194513716,129,0.4850374064837905,0.4724854530340815,0.4519950124688279,0.02275151954729052
MDAS,5,E0,300,0.33291457286432163,73,0.30025125628140703,0.2950167504187605,0.2914572864321608,0.017859033119674166,0.11616323123431145,73,0.13122598089250118,0.14536179503395835,0.137648567726083,0.012809083153403254,0.06964950441372529,73,0.05594776827774313,0.06266259688662953,0.06013454238662087,0.011686264934847233,0.14991130579589462,73,0.1497389990296364,0.1597948283579237,0.14990936833068363,0.017644154770901168,0.3869346733668342,73,0.38190954773869346,0.39434673366834166,0.38819095477386933,0.013909073503220442
MDAS,6,E0,300,0.36809045226130654,52,0.3417085427135678,0.33404522613065324,0.32537688442211055,0.02086465973911209,0.1253855345456744,52,0.21269369945224784,0.1891007242057795,0.17983575176992034,0.022230243055536916,0.07875512094238998,52,0.11143257670088362,0.09476113009261673,0.08984971603033903,0.016396882105245616,0.2130630728017091,52,0.22132550745903645,0.18924289356465535,0.1822985170653138,0.023601608357711308,0.38819095477386933,52,0.44597989949748745,0.42906197654941364,0.4265075376884422,0.022861431086982627
MDAS,7,E0,300,0.3963855421686747,96,0.3060240963855422,0.29779116465863453,0.3192771084337349,0.03015044620420806,0.1970936945617108,96,0.2113713626629864,0.19403066142981226,0.18203183455818106,0.02021558592388517,0.16797914163018465,96,0.11082877813763777,0.10011268312530265,0.10008797793255766,0.022568851154151037,0.241847439642064,96,0.190508522789806,0.1741272807783765,0.18614539351943377,0.023449339063992332,0.4433734939759036,96,0.4710843373493976,0.4457831325301206,0.42891566265060244,0.021094140560860657
MDAS,8,E0,300,0.3632862644415918,122,0.32220795892169446,0.3257595207531023,0.3080872913992298,0.022374855741400856,0.156629410635286,122,0.175240101077957,0.1788536578577428,0.1626589126249452,0.017282867763780203,0.09856433873757352,122,0.09664244906343895,0.09431221471594116,0.07345398953332216,0.01649185042135865,0.19311530116380815,122,0.18936528739936342,0.19344676804006256,0.17137601038233924,0.024041677394064893,0.37997432605905007,122,0.4120667522464698,0.4050492083868208,0.3889602053915276,0.016934979964864618
MDAS,9,E0,300,0.34149326805385555,289,0.29865361077111385,0.297266421868625,0.28886168910648713,0.019580474337323583,0.16712993478045995,289,0.16315567099671924,0.16272515417305328,0.15094096170410293,0.015700718146487557,0.09787846142382645,289,0.08109231221900397,0.07760599582392616,0.06494802533533947,0.01394706745035408,0.22483854697568773,289,0.1675140172955556,0.18028946122098138,0.16445844357132933,0.023918330041396308,0.4149326805385557,289,0.4259485924112607,0.4076295389636884,0.38555691554467564,0.013971916611809172
MDAS,0,G0,300,0.3418491484184915,1,0.3248175182481752,0.29781021897810217,0.29683698296836986,0.011686593996998675,0.1660081077691723,1,0.10643532189336177,0.10917195445928507,0.10516773558448067,0.012238942939816637,0.06545255793321621,1,0.05037615736297028,0.04408608441803738,0.04177313535180972,0.006567850792633259,0.14859260904360205,1,0.1275487372491424,0.11217895273238776,0.105504561062711,0.015964663586039842,0.4197080291970803,1,0.3844282238442822,0.38515815085158145,0.38564476885644766,0.007960756509832016
MDAS,1,G0,300,0.4017632241813602,3,0.2972292191435768,0.3188497061293031,0.36397984886649876,0.025346483456468522,0.14100022636622792,3,0.135156834141585,0.13736314537978078,0.1054374679659747,0.01762639463789517,0.09902298758539418,3,0.06281336363766003,0.07637451428045856,0.06692642289961992,0.017692369853267633,0.18247596091318186,3,0.07619553998686401,0.1372197462523617,0.1309296284592552,0.027684899160823687,0.43828715365239296,3,0.43702770780856426,0.4421074727120067,0.4168765743073048,0.01622335004880247
MDAS,2,G0,300,0.3642052565707134,185,0.35294117647058826,0.34668335419274093,0.29411764705882354,0.03312838435268091,0.13336524186819712,185,0.13331335440799333,0.13357604040194113,0.10267410866409044,0.027257948532481365,0.03324599231562353,185,0.02713585261944815,0.024922386394945963,0.01637888296015709,0.011729714295302065,0.1264019491155156,185,0.10805675333115972,0.11337970054819488,0.08686457236263301,0.027601548451647626,0.3879849812265332,185,0.38923654568210264,0.3869002920317063,0.37296620775969963,0.016458002428790884
MDAS,3,G0,300,0.33626097867001253,6,0.3074027603513174,0.3014638226683396,0.2998745294855709,0.015387266518895687,0.10025391868888288,6,0.08794415722283455,0.09627318173710907,0.09431688061435915,0.01100213851430775,0.013036038605712974,6,0.002611039688790196,0.0011012959165894777,0.007033253559876065,0.007930668780312955,0.07851001237066535,6,0.04797517495682879,0.054285504457200935,0.06058465314164002,0.013036841992768533,0.3739021329987453,6,0.35131744040150564,0.35796737766624837,0.3588456712672522,0.008129125108408616
MDAS,4,G0,300,0.4027431421446384,299,0.37032418952618457,0.35918536990856204,0.3192019950124688,0.024778527149304827,0.1485220525829615,299,0.1272822245112936,0.12538848988793477,0.10365909692691297,0.014943838121882914,0.07976799758856559,299,0.055390375656444384,0.05351230689329446,0.036545914399760876,0.011961019608702689,0.20240757235070495,299,0.17100937862034804,0.15980087882131305,0.11282962834529553,0.026654185798865724,0.45261845386533667,299,0.428927680798005,0.4195344970906068,0.39650872817955113,0.015517959071691926
MDAS,5,G0,300,0.3479899497487437,4,0.3228643216080402,0.32081239530988276,0.31909547738693467,0.011639392678989195,0.1293038334169613,4,0.09277065247159144,0.09237904169572149,0.08827123793931457,0.013888907257602532,0.0451697158481977,4,0.02695674847126489,0.02351792159528159,0.022254404649707616,0.006322483108534188,0.12216142706883548,4,0.08254142039671208,0.07369594608697007,0.07365398178951271,0.015217431304879573,0.3969849246231156,4,0.36432160804020103,0.3668760469011726,0.3630653266331658,0.007921384766559389
MDAS,6,G0,300,0.41457286432160806,233,0.38819095477386933,0.3502931323283082,0.31595477386934673,0.030943453507667033,0.1553103312446148,233,0.14304233833809116,0.1179100204538642,0.1051042516917953,0.018969245560956003,0.10779797697795925,233,0.12187775617771655,0.0714529971252513,0.04137728089110537,0.02565941789259844,0.20902591047016705,233,0.19819473229170537,0.16706281479205415,0.1091267188744447,0.04711867985953688,0.44221105527638194,233,0.4321608040201005,0.4013400335008374,0.3869346733668342,0.016130314952457994
MDAS,7,G0,300,0.35180722891566263,148,0.2819277108433735,0.3055020080321285,0.3036144578313253,0.020164174625091118,0.1311028484429087,148,0.11449538139037792,0.1196576440630665,0.11056432175957748,0.020818309102871888,0.028401957097234105,148,0.033092707954056735,0.02503215095683253,0.030126875248615854,0.013255083490869915,0.10714678471668182,148,0.07940478051467581,0.07297796893289046,0.0830989103267537,0.0225687010665575,0.40120481927710844,148,0.37710843373493974,0.3773895582329318,0.3674698795180723,0.012859104900098887
MDAS,8,G0,300,0.34017971758664955,13,0.30937098844672656,0.3047496790757382,0.3157894736842105,0.011965700691750032,0.11304660210564972,13,0.12024193531919684,0.12317218542351062,0.11786614727926514,0.015830186276135912,0.02958153511097642,13,0.035346157717406096,0.04497961656815022,0.03339881385461095,0.013531550675804102,0.10334248489544384,13,0.10802982158553298,0.10210727160972573,0.08741151466970942,0.017671287875329508,0.3607188703465982,13,0.38125802310654683,0.3787762088147197,0.36713735558408217,0.010265461141828733
MDAS,9,G0,300,0.3353733170134639,192,0.2729498164014688,0.2933496532027744,0.29253365973072215,0.019996756947748266,0.11688529659731943,192,0.1014522617476516,0.10953154498781416,0.09191801423021001,0.017812380584021424,0.03274193731825963,192,0.03462380360339864,0.035388690546483616,0.027979962218602866,0.01680074709372221,0.11422079439019095,192,0.09277205733898652,0.11661798643152296,0.09345445655336104,0.03825642677852441,0.386780905752754,192,0.37821297429620565,0.3692370461036312,0.35006119951040393,0.012444775735315718
MUUFL,0,B0,300,0.3870967741935484,204,0.38326954620010933,0.33282303626754145,0.31656642974302895,0.03112831079441933,0.18089475888945977,204,0.1906940385336319,0.16386029986204187,0.12925367914237623,0.036087516581675715,0.13339328610437126,204,0.14476496501398303,0.10682203249406887,0.07450601064601675,0.037741044108995064,0.21311776777116764,204,0.21010883290056948,0.1554722166767822,0.14609606467622438,0.043671689570823194,0.44395844723892836,204,0.44450519409513395,0.4235830143976672,0.3983050847457627,0.02512505910011232
MUUFL,1,B0,300,0.43993325917686316,5,0.39599555061179087,0.40074156470152017,0.40545050055617354,0.023467310069673522,0.20301489847624232,5,0.17733329044221335,0.1727904190423813,0.15703639751790538,0.018003178171228984,0.19904927793779661,5,0.15286242934021327,0.14901817396018774,0.1445015161560444,0.02162427809879586,0.288937324991851,5,0.22301120819905196,0.23395157927767002,0.23730907328746026,0.02071726168921772,0.44382647385984425,5,0.4271412680756396,0.4187801260659993,0.4162958843159066,0.012369932106087098
MUUFL,2,B0,300,0.4191810344827586,287,0.33512931034482757,0.39533045977011483,0.359375,0.043216621795176706,0.17754112615133874,287,0.1380436559422986,0.1673066870736967,0.1372975553066596,0.03598568877386393,0.1833823895137944,287,0.07306567241187631,0.16783556352227508,0.10373711909761449,0.05293174885484479,0.23315162170252413,287,0.16622744698875136,0.2192256477626686,0.1912000515658306,0.042334717057052,0.42510775862068967,287,0.38146551724137934,0.4155172413793103,0.40167025862068967,0.024570726537466777
MUUFL,3,B0,300,0.41281912004345467,251,0.38077131993481805,0.3846279196089082,0.35551330798479086,0.03916104233157808,0.17046909357835702,251,0.1724684437749889,0.14473250706687107,0.11974838722905148,0.03026162966962791,0.15115100091533654,251,0.13039157517787328,0.13303401934415737,0.09733093319245915,0.03940798136239884,0.25104301912923055,251,0.23670080056328935,0.21138080666237363,0.18063708844037912,0.042196639768108085,0.41281912004345467,251,0.40141227593699075,0.4002353793228318,0.3900054318305269,0.018155179078975837
MUUFL,4,B0,300,0.41446303291958986,7,0.3432271991365353,0.3517179348803741,0.3650836481381543,0.019517935444267564,0.1871693212310449,7,0.15323338242118983,0.16710533497865676,0.1692623113715035,0.011027739732540431,0.14976945577778902,7,0.05421867957774471,0.07887957256206037,0.09577319858257305,0.019322185921755608,0.25236857821346836,7,0.18946422570343613,0.19568764730690777,0.2052143862685868,0.016883751995149417,0.441446303291959,7,0.38316243928764165,0.3782694729267854,0.3917970858067998,0.015038080276582589
MUUFL,5,B0,300,0.3754116355653128,227,0.3205268935236004,0.30867178924259053,0.2991218441273326,0.026665704153721378,0.12839160190259263,227,0.10171072296105707,0.10430370943979227,0.08054838468807131,0.021550569729452705,0.10620900834571675,227,0.05281864843452094,0.046848183826649195,0.04893657587574824,0.020581449754148586,0.20085378506754892,227,0.14430142142482394,0.14049190404118062,0.13079313559530875,0.031030973075126856,0.4099890230515917,227,0.3743139407244786,0.371953896816685,0.371569703622393,0.013628762837351116
MUUFL,6,B0,300,0.3848666303756124,5,0.35710397387044096,0.3354563600072582,0.29314099074578115,0.03788255936819414,0.12636334381332573,5,0.10676168746618003,0.10544833949578197,0.07203430428063864,0.02293881214054097,0.13073520177429185,5,0.10551060727417448,0.0825556198598102,0.038472891958935655,0.03361317816822876,0.218075853584486,5,0.18813602959612186,0.16915357422778915,0.1316889433538504,0.03975202345063918,0.4251497005988024,5,0.38160043549265105,0.3839956450734893,0.3671747414262384,0.01909001671029805
MUUFL,7,B0,300,0.42424242424242425,93,0.3814935064935065,0.3387085137085137,0.36553030303030304,0.03269900443772127,0.19403009096937987,93,0.1756476750060278,0.1741252431038135,0.17192561833574488,0.027133204904672043,0.17187312548732492,93,0.14559555993039872,0.10111044261113038,0.11172003833604968,0.0298100494166806,0.26437909988319985,93,0.2316131306432726,0.2113479146174977,0.22611459496095304,0.0275575530354859,0.4366883116883117,93,0.39015151515151514,0.39022366522366525,0.39962121212121215,0.01919325958756828
MUUFL,8,B0,300,0.3923705722070845,3,0.33841961852861036,0.32334241598546776,0.30272479564032695,0.036443249223343736,0.14290517716842938,3,0.09643928355002901,0.10324814673793879,0.07917720457146847,0.01882331922660603,0.15016235564406993,3,0.08619793050048602,0.07090972674849942,0.06189941364231359,0.03266606700126389,0.201461783231917,3,0.16420608413578952,0.15211163687366244,0.12322896833313801,0.03387971169792611,0.42779291553133514,3,0.38365122615803815,0.3855040871934606,0.3803814713896458,0.018122230986977735
MUUFL,9,B0,300,0.41921154913936703,3,0.339811215991116,0.32933555432167316,0.31565796779566907,0.021388776649613174,0.1740750530197441,3,0.13138936574288554,0.11979325055905633,0.08605922378271506,0.029632136695074324,0.10554966577630083,3,0.052727406159380215,0.07614284917311347,0.04193359349136604,0.023361727165265196,0.25058339134758834,3,0.09242719121429066,0.12370307301282948,0.09504033448923466,0.04465289391214869,0.4652970571904497,3,0.4058856191004997,0.39909309642791047,0.38006662965019433,0.020910022916293597
MUUFL,0,C025,300,0.330781848004374,275,0.3285948605795517,0.3118826316748678,0.30016402405686166,0.015424829774401705,0.10945874367105927,275,0.11234174304387544,0.09482561529109321,0.08574221255222936,0.022164890669369292,0.05527363914986689,275,0.05201496012143008,0.0498373682972287,0.03759563637109797,0.011911527824940333,0.10352471948807074,275,0.1054638897695247,0.09143398580150033,0.07415867019232297,0.024718423736518117,0.3985784581738655,275,0.3969382176052488,0.38516493530162205,0.37643521049753964,0.016083037793082754
MUUFL,1,C025,300,0.41045606229143494,149,0.328698553948832,0.3172228401928068,0.32953281423804226,0.019793557631000845,0.12649190388044798,149,0.11458331268475494,0.12119921198356257,0.11105724692904574,0.014396891954271563,0.1266390523772857,149,0.05234911771412996,0.057037288972704034,0.05268574121062049,0.01823718573134225,0.2124680845612953,149,0.13763206112512294,0.14605704565749347,0.15014919900560347,0.01626891736415284,0.41045606229143494,149,0.3720800889877642,0.3695958472376714,0.36874304783092327,0.009747953296932454
MUUFL,2,C025,300,0.3168103448275862,299,0.31627155172413796,0.27927442528735635,0.2745150862068966,0.015604582302094945,0.12949865090684287,299,0.1277362768606389,0.12155671654789749,0.09013892922475181,0.025885443567905224,0.06404782896688153,299,0.06288059947045671,0.03397788192130096,0.021905245479497078,0.01403245171049514,0.12619324675247523,299,0.12522609720749978,0.08924726351163666,0.09264001943646011,0.0399078127744247,0.3949353448275862,299,0.3917025862068966,0.38956537356321835,0.3739224137931034,0.015633921932011297
MUUFL,3,C025,300,0.3416621401412276,208,0.2971211298207496,0.31089987325728774,0.2971211298207496,0.01629753207315124,0.1364688096228711,208,0.09205306900523126,0.11393992655314737,0.08702321712675953,0.021801884191611533,0.06491298919772977,208,0.05294510028258797,0.0596309812502978,0.048905835505106215,0.01127186680214361,0.1762285731162987,208,0.12561726967683584,0.1372613680511112,0.12252506955655756,0.025798939740872204,0.38783269961977185,208,0.38077131993481805,0.3735831975375702,0.3726235741444867,0.011569340013663354
MUUFL,4,C025,300,0.34268753372908795,6,0.2800863464651916,0.27458175930922835,0.2900701565029682,0.012445715467746124,0.14537849748776924,6,0.10536958997416528,0.10577111951027593,0.11431826093796332,0.010183734945344122,0.09146148456050764,6,0.03788895958667298,0.037573963665197406,0.04410671175106286,0.010392299763308696,0.17651025150699517,6,0.15266660085175465,0.14546843184336872,0.15552079191626916,0.036050730200932295,0.4198596869940637,6,0.36103615758229896,0.3533009534088865,0.3729087965461414,0.011238377827551794
MUUFL,5,C025,300,0.3402854006586169,159,0.3216245883644347,0.31791072081961214,0.3070801317233809,0.015822257646774213,0.05856916853595192,159,0.09546839470362167,0.0944040614752916,0.06175456324176987,0.019818639107848562,0.048213271600358126,159,0.035319930695001146,0.04010508860570409,0.03640032713619065,0.00798881541099074,0.11206849017375553,159,0.10768589480958213,0.10257171695663958,0.08545312160532947,0.016176876509787257,0.36223929747530187,159,0.39626783754116357,0.38551042810098796,0.3704720087815587,0.01474760408788982
MUUFL,6,C025,300,0.3304300489929232,232,0.3081110506260207,0.30348394120849215,0.29178007621121393,0.016504249801920837,0.12279820441189199,232,0.08636224268562546,0.08983171481683518,0.07070635722377099,0.01953552819812413,0.056683797652244634,232,0.037136694645170526,0.0422897790563779,0.03742285571171704,0.009228705150344305,0.16531000127447137,232,0.07649629562535332,0.11340325188423626,0.08782212062786576,0.03730764414583362,0.3973870440936309,232,0.3772455089820359,0.37849755035383764,0.36690255851932496,0.014179402856326639
MUUFL,7,C025,300,0.3658008658008658,262,0.262987012987013,0.32433261183261186,0.33116883116883117,0.024085421735115183,0.13164992093117842,262,0.13077343196767383,0.11975070062719913,0.10741629952046997,0.017218690735927765,0.0776781532829211,262,0.03698085087109647,0.06283048331610262,0.06292992993854535,0.01478617842112081,0.18318501335238102,262,0.08952443928531517,0.14772889271813222,0.14906553320954963,0.0205536714411987,0.40476190476190477,262,0.36688311688311687,0.3920815295815296,0.39042207792207795,0.01417872684562154
MUUFL,8,C025,300,0.3215258855585831,279,0.291008174386921,0.3057584014532243,0.28256130790190737,0.014606361170646615,0.06272905317372633,279,0.08166612761789507,0.07149857046273293,0.0629539623136838,0.013500157601992404,0.07246673678883522,279,0.02608067317567573,0.05401143732930348,0.036234140114733235,0.011514620052366512,0.12423797404885473,279,0.06696398212511645,0.09597965789722407,0.059569343911897,0.02336488953642186,0.37329700272479566,279,0.37329700272479566,0.37567665758401453,0.3667574931880109,0.009682669214585618
MUUFL,9,C025,300,0.3747917823431427,163,0.3559133814547474,0.34630760688506385,0.3362021099389228,0.019262510423291093,0.09823952035246734,163,0.11801699792796137,0.10120645213515374,0.06863939654956493,0.021978661556024827,0.06646257902015418,163,0.06710542917508804,0.061682846303985156,0.049968495621559875,0.010221445215750649,0.15373816838554233,163,0.13352986749704288,0.1206702767027156,0.10414579920615524,0.02060787629652921,0.3931149361465852,163,0.4042198778456413,0.3923560984638163,0.3734036646307607,0.015198625443350185
MUUFL,0,C050,300,0.3444505194095134,300,0.3444505194095134,0.3237105886641152,0.30973209404045926,0.018550978595570675,0.13074133275443614,300,0.13074133275443614,0.11310139313979478,0.09668991966179155,0.025977684918293973,0.07390362889749309,300,0.07390362889749309,0.07123775922170106,0.05401961447798512,0.016083824964593423,0.13900451429868188,300,0.13900451429868188,0.12054211663312556,0.09955860764741942,0.024643755836830396,0.4127938764352105,300,0.4127938764352105,0.39989065062875884,0.3895571350464735,0.019998952537066857
MUUFL,1,C050,300,0.42324805339265853,144,0.3481646273637375,0.32931034482758614,0.33620689655172414,0.02098697162745798,0.14557478582121308,144,0.12878407297539127,0.12570294455674733,0.10690613268613507,0.017397413002949266,0.13297741817867115,144,0.0963396040609229,0.08061016294224951,0.07547690729894031,0.019633001544619128,0.22183863048847563,144,0.15500810403966925,0.158230182010003,0.15007338527045383,0.02240796787410015,0.42602892102335926,144,0.3832035595105673,0.3801260659992585,0.3731924360400445,0.012416725395017019
MUUFL,2,C050,300,0.34913793103448276,299,0.3464439655172414,0.2863864942528736,0.28313577586206895,0.02406971160692869,0.12036253717916649,299,0.11878814336108637,0.11701516608178454,0.0796486586034158,0.02453538151747818,0.11357825535846286,299,0.11234080586211374,0.06611012250869722,0.0459477123689612,0.02729152928477901,0.17050463464138232,299,0.1648128410886346,0.12624714238685694,0.11057724777043865,0.04198694095239561,0.4073275862068966,299,0.4046336206896552,0.39962284482758614,0.37877155172413796,0.018047441871948785
MUUFL,3,C050,300,0.3872895165670831,200,0.3242802824551874,0.33469129096505523,0.3145029875067898,0.024458476195608796,0.14682793647607884,200,0.08532101963599363,0.11068728748391815,0.08448198449193248,0.023701488607525235,0.13011112485527762,200,0.0796259851124417,0.090182763801953,0.06847620789045925,0.02067881714911304,0.20060667185058023,200,0.14154478188183617,0.15042651460487286,0.13210565816012526,0.029312801868263877,0.420966865833786,200,0.38185768604019554,0.37885207314865105,0.3761542639869636,0.013142175823593276
MUUFL,4,C050,300,0.36265515380464114,147,0.31624392876416624,0.3052707321460694,0.3089584457636265,0.018918003437520387,0.13979403119369066,147,0.1345766296723194,0.1321614751756409,0.134065085071442,0.012141785129768263,0.10236568590736209,147,0.057924338817626195,0.05628207609157735,0.061215039041419686,0.013434659879615996,0.19216876653993964,147,0.18304257746085817,0.1708154106044888,0.174524950859056,0.02371065918191818,0.3944954128440367,147,0.37128980032379927,0.36148587875517174,0.3796546141392336,0.010951254502469454
MUUFL,5,C050,300,0.3430296377607025,159,0.32821075740944017,0.3215331137943652,0.30954994511525796,0.018196714180298442,0.061105967338619234,159,0.10354300583062764,0.0989621917527232,0.06242253231247169,0.020620041552470995,0.05190813349738636,159,0.04465413324141052,0.048649503461366844,0.04210992899782344,0.009827493358913463,0.11769731854396648,159,0.1227570125257601,0.11667268981738835,0.09478410234476031,0.01865306015179373,0.36498353457738747,159,0.4039517014270033,0.39143798024149296,0.3734906695938529,0.01596809892112979
MUUFL,6,C050,300,0.3483941208492107,254,0.31464344039194336,0.3122482308111051,0.2928688078388677,0.019292882083192627,0.08582727855406838,254,0.09562199999790255,0.08999855105815406,0.07032388310782346,0.021586890481921587,0.0785120150844832,254,0.044849468467714634,0.0561152341185064,0.04416660957959753,0.012168646845235062,0.13521050762441467,254,0.08944009682053655,0.12137402477216684,0.09500648188826899,0.03523671393371434,0.38922155688622756,254,0.3854109961894393,0.3869533659952821,0.37016875340228633,0.01608185415285948
MUUFL,7,C050,300,0.4053030303030303,67,0.26352813852813856,0.3448953823953824,0.3555194805194805,0.032474509442257576,0.14589881486557787,67,0.15297179131803923,0.14297171252408356,0.12653728776572887,0.02423636809430098,0.132199419109,67,0.053870544655051374,0.09200510506825936,0.08317474533002167,0.024022286130359026,0.21515258899495027,67,0.14697847340997583,0.17863203304654668,0.17938604751504228,0.030725131313329736,0.4318181818181818,67,0.36742424242424243,0.40284992784992785,0.398538961038961,0.017338538633768392
MUUFL,8,C050,300,0.3574931880108992,279,0.29373297002724796,0.32906448683015443,0.288283378746594,0.02379803788813006,0.06775198552695176,279,0.08566470008605626,0.07109982307465645,0.06492967543492645,0.013296811216850767,0.0872099373331973,279,0.03282428852829212,0.06561783141872889,0.044046627075874936,0.015628432140471934,0.1363027009590847,279,0.07511195720444375,0.11216620378443663,0.06993878987425556,0.026238623138184657,0.3754768392370572,279,0.3754768392370572,0.37743869209809255,0.3700272479564033,0.00975560787494382
MUUFL,9,C050,300,0.3886729594669628,163,0.36979455857856747,0.360003701647233,0.3467518045530261,0.022603608740658317,0.11510218261463537,163,0.13288832098816264,0.11139907678777625,0.07875723765991871,0.024128336479032148,0.08247380939134288,163,0.08180658824018197,0.07496002356592942,0.05971793125154616,0.013470409857720429,0.18143561812126996,163,0.16282200453209394,0.14924891512099006,0.12727020491494695,0.026168773031578663,0.40033314825097166,163,0.413659078289839,0.39975939292985374,0.38089950027762354,0.01688728573511241
MUUFL,0,C075,300,0.3816293056314926,181,0.3373428102788409,0.3384180790960452,0.31246582832148717,0.030494968405461575,0.13475290309344015,181,0.14662513726020282,0.12278475690118199,0.10098142559248058,0.026128668669329905,0.11893143178591183,181,0.09592911584062418,0.09279785262212144,0.06709800074381392,0.024639629369473587,0.17328129870752695,181,0.16855404225440862,0.15010576610800566,0.12391454877088837,0.028811881556985715,0.4264625478403499,181,0.4297430289775834,0.4098414434117004,0.3972115910333516,0.0215428477662843
MUUFL,1,C075,300,0.43270300333704115,149,0.41824249165739713,0.3887838338895068,0.39766407119021135,0.030296152950256842,0.1601815140940738,149,0.17788695435493274,0.16552294421981698,0.14278812787365353,0.020162479337650092,0.1525708183591454,149,0.15251404396539225,0.129526133362396,0.1306177116025241,0.02586472998643212,0.23524201740383588,149,0.22957040959954378,0.2243956372834876,0.21914042243435972,0.02742107536608374,0.43270300333704115,149,0.41824249165739713,0.4108639228772711,0.40934371523915464,0.016243329807748716
MUUFL,2,C075,300,0.4170258620689655,300,0.4170258620689655,0.3453125000000001,0.34375,0.034077663962423996,0.1415842154266627,300,0.1415842154266627,0.14749472567890135,0.10698234829572312,0.03260722145239669,0.16097573303832755,300,0.16097573303832755,0.11512600548111336,0.08776611980773913,0.036022550111990646,0.2177851179150201,300,0.2177851179150201,0.17724250650447126,0.16461588396036536,0.033300510592654445,0.41810344827586204,300,0.41810344827586204,0.41885775862068964,0.3895474137931034,0.02306287757015335
MUUFL,3,C075,300,0.40467137425312333,188,0.3775122216186855,0.37468766974470397,0.3628462791960891,0.02985120962398087,0.14534331933105124,188,0.10459482466228807,0.13710211532908054,0.09869027774705459,0.02703750881165232,0.1300449472187593,188,0.11042119550771758,0.13549462898643821,0.10768000763805238,0.025726413936016584,0.21751081589630383,188,0.17841912585052944,0.19133246000889717,0.1678624959443153,0.02820945973877596,0.4220532319391635,188,0.39435089625203695,0.3954553684591708,0.3883758826724606,0.014529067118061572
MUUFL,4,C075,300,0.4063680518078791,112,0.3696708041014571,0.3610001798884691,0.3637344846195359,0.025856133940849232,0.18276569077492916,112,0.1733165680267594,0.1688061551435931,0.16746048347991427,0.012153572889589419,0.1366383196015516,112,0.07669753090780797,0.07744159250247692,0.09243966595830258,0.019247861634346126,0.24049963148414633,112,0.22399261390629333,0.2127344748003253,0.21450232988016926,0.02141767687680604,0.41446303291958986,112,0.3858607663248786,0.37880913833423274,0.39611440906637885,0.01316470510183026
MUUFL,5,C075,300,0.3792535675082327,254,0.3391877058177827,0.32574094401756315,0.3062568605927552,0.027988207158883206,0.11639446160228376,254,0.10898065193166986,0.11285011392814841,0.06882250467953051,0.022737458108071703,0.10366637488133142,254,0.0685010775654578,0.06830596253951714,0.05615294038683419,0.01861040554163816,0.19464089745153024,254,0.1697852715460766,0.15122647797325656,0.13042490775321564,0.027281927867095594,0.40559824368825464,254,0.4110867178924259,0.39890230515916575,0.3789791437980241,0.018730316903897426
MUUFL,6,C075,300,0.3979314099074578,234,0.29123571039738705,0.35454545454545455,0.32389765922700053,0.0387975427899432,0.13528050512548226,234,0.10681313429586453,0.09538341685049671,0.07096114158798661,0.023400281488871386,0.12037531049439627,234,0.042672524787747745,0.08198800631357664,0.07138122974997994,0.02331681843463849,0.2195419328890924,234,0.11478857288361932,0.17049382628747897,0.13606212026735914,0.03778735632859677,0.4202504082743604,234,0.3990201415351116,0.3968789693340591,0.38023952095808383,0.018804780251628687
MUUFL,7,C075,300,0.4296536796536797,287,0.2813852813852814,0.37922077922077924,0.3882575757575758,0.031122499505000314,0.1945557681332562,287,0.15453041875225643,0.18210971777404522,0.16139646373470679,0.026206980411699003,0.16859811840267833,287,0.07381693960556726,0.126221464190297,0.13191383730876083,0.0261977237074216,0.26151074336046987,287,0.09906012594796876,0.21694445097945447,0.22708516475329765,0.03009100464542329,0.44155844155844154,287,0.3722943722943723,0.414556277056277,0.41179653679653677,0.018660860295717757
MUUFL,8,C075,300,0.379291553133515,279,0.27629427792915534,0.34733878292461395,0.29891008174386924,0.03839713547221575,0.08650135875726261,279,0.09333825581992215,0.09037512700924752,0.07457820886775562,0.01589443107653133,0.11420558785873346,279,0.05051131308042054,0.09514608151305794,0.06770161178944935,0.023093477576723132,0.1774820478249799,279,0.12864475596739666,0.15454670743205975,0.11515814047582168,0.03221703247547289,0.39400544959128064,279,0.3989100817438692,0.39614895549500456,0.38501362397820166,0.013240349761130166
MUUFL,9,C075,300,0.3775680177679067,229,0.35313714602998336,0.33736812881732375,0.32676290949472514,0.021046659082553813,0.10867388579328646,229,0.15622738294779046,0.1330535997535241,0.09286345059733352,0.02609201274108683,0.039444840136522295,229,0.0760169116740956,0.07059209035424169,0.04583340399529656,0.019815830664872643,0.18382091060690287,229,0.12150277366407103,0.1217357262518326,0.12284719940155586,0.04070510720988878,0.3781232648528595,229,0.42143253747917825,0.4039237460669999,0.38367573570238755,0.018343037820886744
MUUFL,0,C100,300,0.3991252050300711,130,0.3477310005467469,0.3501184618188445,0.3154729360306178,0.03353837556537076,0.19144021360669716,130,0.15636262974623205,0.14526531572428888,0.12162598508046583,0.03478312538041917,0.14874933250637837,130,0.09724042006638967,0.10933047065849007,0.0673836324065577,0.039420435079348365,0.19624391256242402,130,0.17786912577828418,0.1652740110331251,0.1377595143209303,0.04170570398134149,0.4499726626571897,130,0.42099507927829416,0.4101694915254237,0.3969382176052488,0.02677921053219696
MUUFL,1,C100,300,0.43882091212458285,144,0.41657397107897665,0.39506859473489064,0.4032258064516129,0.02322742369509719,0.1831552630076982,144,0.180728481980105,0.17769082593218016,0.16338884603259607,0.01567017137443166,0.16843945939115745,144,0.14548759706503994,0.13893757092533704,0.14149686434205228,0.019735578692253307,0.25526007042710286,144,0.22864650322981694,0.2305761585251663,0.23288170460239271,0.01832015948254759,0.4410456062291435,144,0.41657397107897665,0.4160734149054505,0.41434927697441604,0.010322006373019275
MUUFL,2,C100,300,0.41648706896551724,290,0.41163793103448276,0.3452227011494252,0.33270474137931033,0.03379025049931578,0.16851235640670942,290,0.1647052679388872,0.15687324806830674,0.12107205879339314,0.03436691990582822,0.17751565470810152,290,0.15832857940911935,0.10695204944475388,0.07282196883794911,0.04461970645597295,0.24872173616634485,290,0.22661207388342042,0.18975078098124432,0.1629728154068668,0.03947710163117461,0.4175646551724138,290,0.41217672413793105,0.4141163793103448,0.38981681034482757,0.026089264963001606
MUUFL,3,C100,300,0.4144486692015209,198,0.3775122216186855,0.37910555857323924,0.3533405757740359,0.03415142804631887,0.17926295493022495,198,0.1289164915434829,0.1583663318916269,0.11899778453452992,0.02930908595557691,0.16300897673078196,198,0.09386830845162857,0.14002104949665775,0.08692006930711071,0.03906772873977124,0.23307644240783165,198,0.19305528782162484,0.21185609849435377,0.17571319540239055,0.034787443094474006,0.43183052688756113,198,0.3932645301466594,0.3990946949121854,0.3875611080934275,0.01943614614652767
MUUFL,4,C100,300,0.4042093901780896,6,0.35887749595250945,0.35328296456197156,0.3704803022126282,0.020242867239358565,0.18541054089922257,6,0.15498393104231406,0.15874889082912338,0.16623313237010973,0.01066106698677775,0.10652714039156161,6,0.060804782058402375,0.06623149063467298,0.08123873945385117,0.019616654431041415,0.25899760063982935,6,0.1974690733995692,0.1886435622528264,0.20792352410238207,0.017921404968803404,0.42741500269832705,6,0.3820831084727469,0.3732146069436949,0.39287641662169454,0.015258533763563745
MUUFL,5,C100,300,0.36827661909989023,226,0.3084522502744237,0.31341017197219184,0.2881448957189901,0.029644106418494947,0.14386917269533955,226,0.11581289768277389,0.12020648134613358,0.07539883974791531,0.024625051145769558,0.11431125084650177,226,0.03897029522705612,0.05893418004990392,0.04012601091472508,0.024533073594096556,0.19818479904934772,226,0.15334759836343081,0.1387242170432448,0.11680191816746494,0.03654689555882029,0.407244785949506,226,0.3792535675082327,0.3873948042444201,0.3641602634467618,0.01788802891021101
MUUFL,6,C100,300,0.37778987479586285,202,0.2945019052803484,0.3401379060061695,0.3149156232988568,0.03318225979930334,0.13237468335968883,202,0.11708986752037269,0.10845051094369587,0.0802580630245314,0.025076444396241956,0.11501366181352396,202,0.04639683559628569,0.057269354702881206,0.04507252853158344,0.025522487004345784,0.1875150670418062,202,0.08054791303958264,0.16717837988472076,0.1450993631104422,0.0388287876288651,0.41589548176374525,202,0.40119760479041916,0.3882054073670839,0.37316276537833426,0.018178028186877217
MUUFL,7,C100,300,0.41883116883116883,179,0.2792207792207792,0.3547258297258298,0.3647186147186147,0.02632321704346997,0.2065049231313592,179,0.1476464438450398,0.17172194827416712,0.16759938530199234,0.02216256595405701,0.1445597230287746,179,0.06993437104641415,0.09068259278462378,0.09594843992012292,0.025716220012661474,0.259877120521231,179,0.12478906711665683,0.2006726879284776,0.21498082287560877,0.023930659080986655,0.43614718614718617,179,0.37445887445887444,0.3939393939393939,0.39664502164502163,0.01651489021705841
MUUFL,8,C100,300,0.3798365122615804,218,0.27029972752043596,0.33091734786557675,0.29863760217983654,0.03620441237073727,0.11282832057683813,218,0.10848659737757597,0.1010892496471452,0.08315996588611382,0.01800216900164257,0.13987754053069468,218,0.031989352935144676,0.05897780831386645,0.05104091631044246,0.030651949438357404,0.19903695569374835,218,0.13495658174303227,0.1521299141799126,0.12594249587637468,0.032639058986226877,0.41852861035422345,218,0.3874659400544959,0.3813987284287012,0.37138964577656675,0.016863371647884234
MUUFL,9,C100,300,0.3786785119378123,293,0.3747917823431427,0.35049046825837504,0.32481954469739033,0.02186776276861959,0.16893242690276014,293,0.164147948927931,0.1385941265575913,0.09728589740084262,0.028213240091026017,0.10143186353531038,293,0.0967888762859595,0.08399190443693079,0.04687983092671081,0.025648010561186922,0.16139106321694396,293,0.15592063366534448,0.12782836252045723,0.10566197712480563,0.03799746566497344,0.43864519711271516,293,0.4308717379233759,0.4084582639274477,0.3878400888395336,0.020252511877558367
MUUFL,0,D0,300,0.391470749043193,181,0.33624931656642976,0.33564789502460357,0.31055221432476765,0.03397023857896177,0.1641800156755307,181,0.15953100083498456,0.1415026037534447,0.12465371192360296,0.034565111510498445,0.149713673006293,181,0.10301284835901565,0.10154419802467562,0.07350802223192492,0.03729953635684673,0.2076161108330148,181,0.17691193048179288,0.16000474425424419,0.14171571978733666,0.040547614490626216,0.43739748496446146,181,0.4270092946965555,0.4120831055221432,0.3991252050300711,0.02700057876341292
MUUFL,1,D0,300,0.4410456062291435,149,0.41768631813125695,0.3916203188728216,0.40266963292547275,0.022775319276583942,0.18723943841681856,149,0.18269906870073221,0.1768830428143313,0.16724922410081858,0.01905720421586565,0.16640856846305607,149,0.14754282950467884,0.1367477788943998,0.14713260004710793,0.02141308450798772,0.26536103212670825,149,0.23384922689223375,0.23714796461340445,0.23704071166733753,0.020559239272351048,0.4421579532814238,149,0.41768631813125695,0.41299592139414165,0.4151835372636262,0.012931104186772522
MUUFL,2,D0,300,0.41864224137931033,106,0.41810344827586204,0.3417923850574713,0.33997844827586204,0.03536290776291154,0.14624348111281246,106,0.17214020710764005,0.16093893274170248,0.12743403990201266,0.03352187588772566,0.1576845645550381,106,0.178608342476078,0.11536584594026353,0.0881237250728597,0.0434589037260191,0.2356049759511979,106,0.24190633809688422,0.1908597171264294,0.1791336131217517,0.03791919455552072,0.4245689655172414,106,0.4234913793103448,0.4215517241379311,0.39709051724137934,0.02604984839616447
MUUFL,3,D0,300,0.40141227593699075,198,0.3650190114068441,0.37121129820749593,0.36067354698533405,0.030282886282637065,0.16640209259982053,198,0.12774482955193767,0.15830905340470725,0.11788327871143528,0.029980338290730525,0.15472765463556792,198,0.11190938795708291,0.14389542190530158,0.10671456489937284,0.03373604184861549,0.22253518320097,198,0.1800601202404809,0.2046470355043977,0.17954990089349865,0.031033917374800782,0.4204236827810972,198,0.3856599674090168,0.3953648379503893,0.38946224877783814,0.015893004159601154
MUUFL,4,D0,300,0.416082029141932,6,0.36481381543443064,0.36067638064400076,0.3691311386940097,0.022156045781402785,0.2033498914156238,6,0.17150908297633619,0.17250954707973182,0.17286684388248663,0.012135233402501562,0.16745055949400303,6,0.08122023329711239,0.08255375056099677,0.09310747833604768,0.02016059589537773,0.28370687567031483,6,0.21617623645592143,0.2093473143321195,0.2094977440451662,0.018450335608514775,0.4441446303291959,6,0.39017808958445765,0.3846914912754093,0.39233675121424716,0.01407147974813802
MUUFL,5,D0,300,0.3765093304061471,254,0.3216245883644347,0.31520307354555427,0.2884193194291987,0.03192285679375253,0.14212875924999865,254,0.12526219456697477,0.1270188121685481,0.078700842862666,0.02709118332128699,0.11130573756513916,254,0.053733632396052534,0.06650324467732202,0.04563279934728737,0.027061376732866262,0.21242679494365257,254,0.1700323106242505,0.15295568251674055,0.12109074358677202,0.035221714137499,0.3995609220636663,254,0.3935236004390779,0.3893706549579216,0.36937431394072445,0.01761136634932303
MUUFL,6,D0,300,0.3946652150244965,234,0.28905824714207945,0.34694247867900574,0.31927054980947195,0.03675796083967715,0.14668240867804877,234,0.11646533440644395,0.11348235230387407,0.07753232670570934,0.027207515052865085,0.12355706914712285,234,0.04242860496239175,0.07591263193844408,0.05399619730924139,0.030009634283056537,0.23550886947045147,234,0.11139515718320281,0.1803475267974374,0.1520292239999333,0.04086949052833237,0.4109961894393032,234,0.40391943385955364,0.39178007621121386,0.3745236799129015,0.01982715094012543
MUUFL,7,D0,300,0.4253246753246753,144,0.2792207792207792,0.3621933621933621,0.37148268398268397,0.03020331576615503,0.19650985727830703,144,0.15969860717227563,0.17659178100757567,0.17469389829532342,0.02613573609996571,0.16496274149300377,144,0.08183674659424972,0.1127796423926819,0.11423909099600374,0.031714672603737185,0.27509362472763954,144,0.1295863129051661,0.21653574018075003,0.2270462123113327,0.027489873763049722,0.4453463203463203,144,0.3722943722943723,0.3999278499278499,0.4004329004329004,0.020401160801621934
MUUFL,8,D0,300,0.3700272479564033,218,0.2735694822888283,0.3410354223433243,0.30299727520435965,0.03844232807730454,0.10655952921114663,218,0.11473000906154153,0.10935945260755396,0.08629117341856406,0.01981708118035349,0.1260389020361448,218,0.04226883027932707,0.08459056747372283,0.06428815516828765,0.030764960489529064,0.1911543493289235,218,0.13880066429859772,0.16906776359556044,0.13088632799727618,0.03617626422213519,0.4152588555858311,218,0.39346049046321524,0.3942597638510445,0.3795640326975477,0.016274474672159457
MUUFL,9,D0,300,0.36979455857856747,299,0.36646307606885065,0.33860818064038495,0.31565796779566907,0.020248170292351035,0.1718352124088596,299,0.16619088000908971,0.13831503325184552,0.0991819376323681,0.029110251603446234,0.10616101691302555,299,0.10407202590530987,0.08522350439861298,0.04902880738418457,0.02436230058138417,0.16359445684694296,299,0.16014476168678837,0.12523203921710932,0.10851336897991337,0.03973859073952831,0.43753470294280955,299,0.43586896168795114,0.4094021839718675,0.3889505830094392,0.02032553649485911
MUUFL,0,E0,300,0.391470749043193,181,0.33624931656642976,0.33564789502460357,0.31055221432476765,0.03397023857896177,0.1641800156755307,181,0.15953100083498456,0.1415026037534447,0.12465371192360296,0.034565111510498445,0.149713673006293,181,0.10301284835901565,0.10154419802467562,0.07350802223192492,0.03729953635684673,0.2076161108330148,181,0.17691193048179288,0.16000474425424419,0.14171571978733666,0.040547614490626216,0.43739748496446146,181,0.4270092946965555,0.4120831055221432,0.3991252050300711,0.02700057876341292
MUUFL,1,E0,300,0.4410456062291435,149,0.41768631813125695,0.3916203188728216,0.40266963292547275,0.022775319276583942,0.18723943841681856,149,0.18269906870073221,0.1768830428143313,0.16724922410081858,0.01905720421586565,0.16640856846305607,149,0.14754282950467884,0.1367477788943998,0.14713260004710793,0.02141308450798772,0.26536103212670825,149,0.23384922689223375,0.23714796461340445,0.23704071166733753,0.020559239272351048,0.4421579532814238,149,0.41768631813125695,0.41299592139414165,0.4151835372636262,0.012931104186772522
MUUFL,2,E0,300,0.41864224137931033,106,0.41810344827586204,0.3417923850574713,0.33997844827586204,0.03536290776291154,0.14624348111281246,106,0.17214020710764005,0.16093893274170248,0.12743403990201266,0.03352187588772566,0.1576845645550381,106,0.178608342476078,0.11536584594026353,0.0881237250728597,0.0434589037260191,0.2356049759511979,106,0.24190633809688422,0.1908597171264294,0.1791336131217517,0.03791919455552072,0.4245689655172414,106,0.4234913793103448,0.4215517241379311,0.39709051724137934,0.02604984839616447
MUUFL,3,E0,300,0.40141227593699075,198,0.3650190114068441,0.37121129820749593,0.36067354698533405,0.030282886282637065,0.16640209259982053,198,0.12774482955193767,0.15830905340470725,0.11788327871143528,0.029980338290730525,0.15472765463556792,198,0.11190938795708291,0.14389542190530158,0.10671456489937284,0.03373604184861549,0.22253518320097,198,0.1800601202404809,0.2046470355043977,0.17954990089349865,0.031033917374800782,0.4204236827810972,198,0.3856599674090168,0.3953648379503893,0.38946224877783814,0.015893004159601154
MUUFL,4,E0,300,0.416082029141932,6,0.36481381543443064,0.36067638064400076,0.3691311386940097,0.022156045781402785,0.2033498914156238,6,0.17150908297633619,0.17250954707973182,0.17286684388248663,0.012135233402501562,0.16745055949400303,6,0.08122023329711239,0.08255375056099677,0.09310747833604768,0.02016059589537773,0.28370687567031483,6,0.21617623645592143,0.2093473143321195,0.2094977440451662,0.018450335608514775,0.4441446303291959,6,0.39017808958445765,0.3846914912754093,0.39233675121424716,0.01407147974813802
MUUFL,5,E0,300,0.3765093304061471,254,0.3216245883644347,0.31520307354555427,0.2884193194291987,0.03192285679375253,0.14212875924999865,254,0.12526219456697477,0.1270188121685481,0.078700842862666,0.02709118332128699,0.11130573756513916,254,0.053733632396052534,0.06650324467732202,0.04563279934728737,0.027061376732866262,0.21242679494365257,254,0.1700323106242505,0.15295568251674055,0.12109074358677202,0.035221714137499,0.3995609220636663,254,0.3935236004390779,0.3893706549579216,0.36937431394072445,0.01761136634932303
MUUFL,6,E0,300,0.3946652150244965,234,0.28905824714207945,0.34694247867900574,0.31927054980947195,0.03675796083967715,0.14668240867804877,234,0.11646533440644395,0.11348235230387407,0.07753232670570934,0.027207515052865085,0.12355706914712285,234,0.04242860496239175,0.07591263193844408,0.05399619730924139,0.030009634283056537,0.23550886947045147,234,0.11139515718320281,0.1803475267974374,0.1520292239999333,0.04086949052833237,0.4109961894393032,234,0.40391943385955364,0.39178007621121386,0.3745236799129015,0.01982715094012543
MUUFL,7,E0,300,0.4253246753246753,144,0.2792207792207792,0.3621933621933621,0.37148268398268397,0.03020331576615503,0.19650985727830703,144,0.15969860717227563,0.17659178100757567,0.17469389829532342,0.02613573609996571,0.16496274149300377,144,0.08183674659424972,0.1127796423926819,0.11423909099600374,0.031714672603737185,0.27509362472763954,144,0.1295863129051661,0.21653574018075003,0.2270462123113327,0.027489873763049722,0.4453463203463203,144,0.3722943722943723,0.3999278499278499,0.4004329004329004,0.020401160801621934
MUUFL,8,E0,300,0.3700272479564033,218,0.2735694822888283,0.3410354223433243,0.30299727520435965,0.03844232807730454,0.10655952921114663,218,0.11473000906154153,0.10935945260755396,0.08629117341856406,0.01981708118035349,0.1260389020361448,218,0.04226883027932707,0.08459056747372283,0.06428815516828765,0.030764960489529064,0.1911543493289235,218,0.13880066429859772,0.16906776359556044,0.13088632799727618,0.03617626422213519,0.4152588555858311,218,0.39346049046321524,0.3942597638510445,0.3795640326975477,0.016274474672159457
MUUFL,9,E0,300,0.36979455857856747,299,0.36646307606885065,0.33860818064038495,0.31565796779566907,0.020248170292351035,0.1718352124088596,299,0.16619088000908971,0.13831503325184552,0.0991819376323681,0.029110251603446234,0.10616101691302555,299,0.10407202590530987,0.08522350439861298,0.04902880738418457,0.02436230058138417,0.16359445684694296,299,0.16014476168678837,0.12523203921710932,0.10851336897991337,0.03973859073952831,0.43753470294280955,299,0.43586896168795114,0.4094021839718675,0.3889505830094392,0.02032553649485911
MUUFL,0,G0,300,0.330781848004374,275,0.3280481137233461,0.31119008565700745,0.29989065062875886,0.015112045382643841,0.10945874367105927,275,0.11180120744927476,0.09398779977671116,0.08552462071195494,0.021760120919675177,0.05527363914986689,275,0.051558141359469616,0.048788937349988994,0.03554423091395027,0.011343506162533133,0.10352471948807074,275,0.10457067739558246,0.08991162352040362,0.07272200218134867,0.024405254408127002,0.3985784581738655,275,0.3963914707490432,0.3845270639693822,0.37616183706943684,0.015492377245514059
MUUFL,1,G0,300,0.36763070077864296,1,0.3309232480533927,0.3149981460882463,0.3292547274749722,0.018954460533918343,0.15492758205434337,1,0.11655732237721672,0.11832821960547532,0.11119336342379502,0.012514090012853524,0.05845778951632724,1,0.04661006681650985,0.05076982685981191,0.04786516343437014,0.014528518232026031,0.20892227430308996,1,0.14446278402787083,0.14408541570526343,0.1493679949308374,0.012834831540690804,0.39766407119021135,1,0.36985539488320357,0.36915090841675924,0.36874304783092327,0.008513519276676464
MUUFL,2,G0,300,0.3168103448275862,299,0.3168103448275862,0.2792744252873563,0.2745150862068966,0.015598940122700203,0.12921289004909042,299,0.12802943842546413,0.1215180734756701,0.09029395824989948,0.02595999905679447,0.06361911805842911,299,0.06285135762194693,0.033289445523518424,0.021905245479497078,0.013426963524347758,0.12610109625034993,299,0.12606410079305297,0.09228904603313456,0.09277220253549223,0.04013785997238126,0.39385775862068967,299,0.3917025862068966,0.3892959770114942,0.3739224137931034,0.0155682848532699
MUUFL,3,G0,300,0.3416621401412276,199,0.29875067897881585,0.30686221256563456,0.2971211298207496,0.016417748632428217,0.14796165833577724,199,0.09722583336619346,0.1174447026509046,0.08964002572072585,0.0226844799601305,0.07211957595949738,199,0.050849047282585574,0.054457685468674466,0.047714829050210454,0.009818405290098727,0.17581718611830766,199,0.1286991402582891,0.13833534417429974,0.12397747487849364,0.02666877705892713,0.40793047256925585,199,0.38077131993481805,0.37358319753757024,0.3726235741444867,0.011366348673186292
MUUFL,4,G0,300,0.34052887209929844,6,0.27522935779816515,0.26941896024464834,0.28710199676200754,0.01227142573729159,0.14700717581017933,6,0.10203889251908035,0.10204684958728477,0.11208847488828036,0.010745226715388547,0.09022030634245735,6,0.03517519024389509,0.03476163928633315,0.04203194682310622,0.010691372750529749,0.17588154411341883,6,0.14730450901752112,0.1378371778613764,0.15015976105127743,0.03719833584084366,0.4187803561791689,6,0.3577981651376147,0.35076452599388386,0.37075013491635184,0.011491964490832136
MUUFL,5,G0,300,0.3402854006586169,159,0.3216245883644347,0.31787413099158435,0.3070801317233809,0.015734160539812688,0.05856916853595192,159,0.09546839470362167,0.09460402747342563,0.061982628726981355,0.020057489111769296,0.048213271600358126,159,0.035319930695001146,0.039870631295824153,0.03610442381795778,0.00814088717961214,0.11206849017375553,159,0.10768589480958213,0.10237987213994673,0.08476575483802429,0.016480448679394348,0.36223929747530187,159,0.39626783754116357,0.3854372484449323,0.3704720087815587,0.014789917280164596
MUUFL,6,G0,300,0.33097441480675016,232,0.3081110506260207,0.30382870622391583,0.29178007621121393,0.016517381467435012,0.12317976110387116,232,0.08636224268562546,0.09016741978933293,0.07088263069076473,0.019585271785815955,0.056896561542091495,232,0.037136694645170526,0.042283484284838045,0.03742285571171704,0.009189293385032831,0.16605268961105035,232,0.07649629562535332,0.11390720055974626,0.08782212062786576,0.03739941895862946,0.3973870440936309,232,0.3772455089820359,0.3784794048267101,0.36690255851932496,0.014196503444064588
MUUFL,7,G0,300,0.3647186147186147,262,0.26515151515151514,0.32361111111111107,0.3306277056277056,0.023888623340312436,0.1293861720475308,262,0.12786762267680593,0.1181802334961737,0.10633092793643709,0.016569959586234136,0.076337393513684,262,0.03502821951499608,0.0618351456503943,0.062329521908093696,0.014526511326082198,0.18092621263997433,262,0.09410783708564807,0.14649797824915062,0.14736691005416258,0.01995714311350179,0.4036796536796537,262,0.36688311688311687,0.39152236652236644,0.3898809523809524,0.01370740211449338
MUUFL,8,G0,300,0.3138964577656676,9,0.291008174386921,0.2878110808356039,0.28147138964577656,0.011624671544457324,0.04707695176876203,9,0.08166612761789507,0.07345557798422751,0.06468360750403088,0.013432772975665487,0.031824491250392224,9,0.02608067317567573,0.04344326277970865,0.03436636397829425,0.009204983020125932,0.07648135785640331,9,0.06696398212511645,0.08703849403580172,0.0590766612690552,0.021486649734651423,0.35095367847411446,9,0.37329700272479566,0.37574931880108997,0.3662125340599455,0.00967067448811563
MUUFL,9,G0,300,0.3736812881732371,163,0.3548028872848418,0.34519711271515824,0.3350916157690172,0.01878413611247063,0.0965811338654549,163,0.11658342139259321,0.09998085428628616,0.0687601802555653,0.021642708719992257,0.06540262965937212,163,0.06606635981586306,0.06076980654260692,0.049393225294138206,0.01006192864219131,0.15192855842783115,163,0.13172409501089088,0.11885979886387162,0.10335428599427532,0.02033901113674302,0.3920044419766796,163,0.4031093836757357,0.39139367018323146,0.3736812881732371,0.014982987125002359
Salinas,0,B0,300,0.44764795144157815,4,0.32473444613050073,0.3689428426909459,0.33687405159332323,0.041721771004979334,0.4562991261163313,4,0.3662739420956614,0.39548138769388724,0.34253377023454423,0.0626526722926455,0.2771280771288889,4,0.15970422817471355,0.19429938520725604,0.13440582639351442,0.04637658710957942,0.3933916315579181,4,0.2631265516166966,0.30594709992609626,0.2623381158755984,0.04821876471260051,0.4628224582701062,4,0.37025796661608495,0.4023773394031361,0.37481031866464337,0.043695286852364075
Salinas,1,B0,300,0.5075987841945289,279,0.4452887537993921,0.46018237082066865,0.3799392097264438,0.06691699290235843,0.5570311346467514,279,0.49609422053078883,0.5165713667489221,0.4085211997020838,0.09411976500456139,0.42521775954328583,279,0.30606028120736073,0.3526718927233591,0.17888315654165826,0.09174022112753422,0.45482581644943276,279,0.39293522906793044,0.40494398893127287,0.3143619170595307,0.07346005522886723,0.513677811550152,279,0.46656534954407297,0.47046605876393116,0.3951367781155015,0.061479293787280585
Salinas,2,B0,300,0.484984984984985,265,0.4519519519519519,0.4557557557557557,0.3866366366366366,0.06746880584090062,0.47114813835338937,265,0.450300140543639,0.457071889527296,0.3833820041738058,0.08764068251252811,0.30028357872787714,265,0.28328889274568597,0.2747632148014532,0.1886733469403703,0.0737184368559403,0.42960231117458914,265,0.3872072035735533,0.39496741588498024,0.32238991240391607,0.07572112358039211,0.484984984984985,265,0.45795795795795796,0.4664664664664665,0.4144144144144144,0.06708088374739252
Salinas,3,B0,300,0.4780701754385965,208,0.3991228070175439,0.4273879142300195,0.36476608187134507,0.06388383163370694,0.5008208125935072,208,0.44445717173884525,0.46025651611750756,0.39324272349358547,0.09723634338745929,0.3225186377540913,208,0.21188567687275286,0.24548679771452553,0.1764382282609257,0.07020218525273478,0.42973776456493773,208,0.346600100407207,0.37368274363214127,0.3022863413813273,0.07893857337790984,0.49707602339181284,208,0.42543859649122806,0.44483430799220264,0.391812865497076,0.06526794907456147
Salinas,4,B0,300,0.44756277695716395,257,0.38404726735598227,0.3770064007877892,0.3604135893648449,0.06003495423526641,0.4510702636270368,257,0.39778302070812493,0.38444532286812316,0.3722294375473426,0.08474792216205215,0.2540143392555219,257,0.18029536612236186,0.17512059270689115,0.15947780536576917,0.06042625272531572,0.3982136405985588,257,0.3294275256118214,0.3201116085130475,0.29611122477248036,0.07038101417801443,0.45790251107828656,257,0.3929098966026588,0.38995568685376664,0.38404726735598227,0.0578052285421442
Salinas,5,B0,300,0.4711111111111111,184,0.35259259259259257,0.38360493827160497,0.37777777777777777,0.060663541208202075,0.4800849220973023,184,0.41524648285412225,0.4209397100508894,0.39214284626725304,0.08446045958352878,0.3446131942821223,184,0.23207001741103023,0.21334154981949383,0.19665944730999937,0.08926129866079492,0.41039091956750995,184,0.27517802644964395,0.3142433017801186,0.3100484135986621,0.07034413347264382,0.4785185185185185,184,0.40444444444444444,0.42602469135802473,0.4066666666666666,0.05801678262669228
Salinas,6,B0,300,0.48516320474777447,293,0.41839762611275966,0.4370425321463898,0.3664688427299703,0.07075856171371811,0.48281885312174433,293,0.49633394154557037,0.47091271408046875,0.3726828045250812,0.09758074926564927,0.33485395083422337,293,0.32005572016451855,0.2977081029995875,0.14304778691529219,0.09358442059351477,0.4302023593156913,293,0.3610787334168436,0.3781871497873478,0.289894085716881,0.0855308115584355,0.486646884272997,293,0.43768545994065283,0.4537091988130564,0.38130563798219586,0.06646468736257967
Salinas,7,B0,300,0.5037481259370314,200,0.4032983508245877,0.4106946526736631,0.39055472263868063,0.06648830018859356,0.49296378065240287,200,0.41331926660940665,0.4358683917349431,0.42702608100269723,0.10382823132579717,0.372041268029582,200,0.27543258500374784,0.28750344872379746,0.2534793707457341,0.09246076272669655,0.44148235097687527,200,0.3349983466768204,0.34316227528981413,0.3230666181428551,0.07524689852049535,0.5112443778110944,200,0.41379310344827586,0.4299850074962518,0.424287856071964,0.07020051301224421
Salinas,8,B0,300,0.43923865300146414,277,0.3923865300146413,0.40458760370912633,0.3323572474377745,0.0559879293327713,0.451711661765003,277,0.3992452986317655,0.42135976266824887,0.32917880199198946,0.07504938442203096,0.3172871562502552,277,0.21635428353683805,0.26343598810091184,0.1579349578081911,0.06909120617768823,0.37644156277561913,277,0.3255516796664938,0.3421329881658775,0.2525266986183584,0.06872130353412584,0.4465592972181552,277,0.404099560761347,0.41874084919472915,0.34992679355783307,0.05269345873694148
Salinas,9,B0,300,0.42792792792792794,239,0.37237237237237236,0.37312312312312307,0.3506006006006006,0.05616606964525492,0.4606131371940008,239,0.43619084814250686,0.4230932259657288,0.3984105212876229,0.09333253156396386,0.2856917698965856,239,0.228708590958125,0.23105894451603684,0.19495678652440962,0.06891752651634658,0.3721163291919164,239,0.3112515277317328,0.31529249854637287,0.2852656958842582,0.06919498420633294,0.44894894894894893,239,0.4024024024024024,0.4032532532532533,0.3783783783783784,0.057847697128706355
Salinas,0,C025,300,0.4385432473444613,261,0.417298937784522,0.39939301972685887,0.3482549317147193,0.07142023795505004,0.4657239609159162,261,0.4511618578533208,0.4322788860844299,0.38606002093362146,0.10453281259304434,0.25660553361755944,261,0.22743831412086393,0.20195309608781223,0.12271106959036912,0.07330833979039894,0.38438737922171706,261,0.364085037945419,0.3467762425553651,0.2883441596225484,0.10128879755653823,0.4613050075872534,261,0.44764795144157815,0.42817400101163383,0.3922610015174507,0.0702774463628755
Salinas,1,C025,300,0.5258358662613982,300,0.5258358662613982,0.4940729483282675,0.39361702127659576,0.10440461985546871,0.5873497244419482,300,0.5873497244419482,0.5552091388365906,0.44325094864582326,0.14889483449770977,0.4125626018138425,300,0.4125626018138425,0.37254458034165167,0.19456923865582057,0.1316155517931084,0.47899044501123,300,0.47899044501123,0.4445695294700649,0.33219471636313896,0.12666180337661972,0.5258358662613982,300,0.5258358662613982,0.5012158054711247,0.4209726443768997,0.09767124331064979
Salinas,2,C025,300,0.4894894894894895,249,0.4624624624624625,0.445995995995996,0.37462462462462465,0.08229518431245335,0.5531471418147661,249,0.5134948978865082,0.4924125147240144,0.3893431256269106,0.13219310131056966,0.33400859505285,249,0.2769543891054663,0.2577733315399141,0.16110347759520988,0.10010762824184641,0.4400911916483484,249,0.41431996384145264,0.39650679718504417,0.3169703973218292,0.11265468182062952,0.5105105105105106,249,0.4864864864864865,0.4756256256256256,0.41216216216216217,0.08617924995103868
Salinas,3,C025,300,0.47514619883040937,247,0.4415204678362573,0.4408382066276804,0.3757309941520468,0.08551080629376527,0.5090536855312097,247,0.472825048259605,0.48465658106805676,0.4085058778413807,0.13692979292738555,0.2613368527540761,247,0.26623029473551235,0.23425560544024318,0.15261522181765758,0.09434875980106033,0.4299920611707684,247,0.38365296157384476,0.39113820137048977,0.32226793765269646,0.11641011143819519,0.47953216374269003,247,0.4780701754385965,0.463401559454191,0.41228070175438597,0.08925787545491849
Salinas,4,C025,300,0.4844903988183161,281,0.44756277695716395,0.43047759724273754,0.34859675036927623,0.08975222907932903,0.5131838340268353,281,0.48832380128059755,0.4770120970196278,0.3455003633982676,0.13721270386880655,0.315287481342907,281,0.25578740808809913,0.2510250025854081,0.13631986673156887,0.08762054483132285,0.43683782746629096,281,0.3975779205329527,0.3783212238981735,0.2785694951327129,0.1135451611254926,0.4874446085672083,281,0.4638109305760709,0.4476612506154603,0.3744460856720827,0.08475790234495523
Salinas,5,C025,300,0.47555555555555556,175,0.41185185185185186,0.3963950617283951,0.3725925925925926,0.07811496559131059,0.5118586135731169,175,0.44268386421197425,0.44729577490095906,0.3919851559958758,0.12314268517740198,0.33413448879516267,175,0.21818996346334346,0.2257129501560962,0.17454585246348692,0.09852784459594238,0.4238559097265757,175,0.35476997088970585,0.3405082110979504,0.3109563172413691,0.10272965398658611,0.4874074074074074,175,0.42518518518518517,0.42286419753086424,0.4074074074074074,0.07770769872320767
Salinas,6,C025,300,0.4792284866468843,236,0.42136498516320475,0.40766567754698324,0.37388724035608306,0.09105627648513394,0.5330610223027613,236,0.4760641279907188,0.4610727500957376,0.41534333921033195,0.1339721746744979,0.299318091976451,236,0.2368463659383725,0.2335343368954695,0.18038802122256936,0.10623441842151611,0.4316349378717844,236,0.37281830914335745,0.3555625560312713,0.3172378020760821,0.11805793272857125,0.4910979228486647,236,0.4495548961424332,0.4438180019782394,0.4124629080118694,0.09058844182023448
Salinas,7,C025,300,0.46776611694152925,237,0.40929535232383807,0.4139930034982509,0.37181409295352325,0.0759241958479857,0.5179196597427973,237,0.48251599984981863,0.4752396607103802,0.4082054071604313,0.1406784441782276,0.308351402340192,237,0.28907979632471037,0.22856313483519106,0.15184543323546756,0.0901428307095178,0.4174443178770799,237,0.35412852153781493,0.35761678760662213,0.29657615878637583,0.109385691844495,0.49025487256371814,237,0.4527736131934033,0.4518740629685158,0.41454272863568215,0.08551049329553442
Salinas,8,C025,300,0.445095168374817,268,0.37042459736456806,0.3968277208394338,0.31332357247437775,0.07266544133611054,0.5064633047002328,268,0.40942963643579905,0.41770815149705304,0.30873628464157243,0.11183528975007018,0.32705459008328336,268,0.1689437943232919,0.17716947277283893,0.10092713311652185,0.06837071326255405,0.39034373932806554,268,0.3122626089481497,0.3393516619117042,0.23456443462146276,0.10363827391901166,0.46412884333821375,268,0.404099560761347,0.4290873596876525,0.349194729136164,0.07878046099593791
Salinas,9,C025,300,0.43543543543543545,267,0.3738738738738739,0.37132132132132123,0.32732732732732733,0.06871672303715388,0.49294416358792353,267,0.452819809810928,0.44103133178469617,0.3924089012800578,0.127494435354691,0.27910960616716846,267,0.18585529457154099,0.20272741148253431,0.14835067429232224,0.08170331751425844,0.38121219309690435,267,0.3178575990096578,0.31616200787415066,0.27050616645043324,0.10280753952265237,0.4444444444444444,267,0.41291291291291293,0.406906906906907,0.36786786786786785,0.07382043267843351
Salinas,0,C050,300,0.45220030349013657,272,0.4324734446130501,0.412089023773394,0.36874051593323215,0.07407490367683141,0.478245199275259,272,0.468329308366675,0.45169300354506337,0.4099768932831188,0.10724529261214315,0.2918956529519948,272,0.2621504059751733,0.23368124858047182,0.1546199146549017,0.08400598341415774,0.4020083955458361,272,0.38068423102534144,0.360019439347116,0.3119560001355005,0.1012823573593202,0.47040971168437024,272,0.45068285280728376,0.43409205867475975,0.40364188163884673,0.06982952327473797
Salinas,1,C050,300,0.5273556231003039,300,0.5273556231003039,0.49331306990881457,0.4331306990881459,0.09895135680394317,0.6034330907267952,300,0.6034330907267952,0.5618808972170475,0.4887831159510407,0.14564070670707274,0.4065167851300479,300,0.4065167851300479,0.3717774336419577,0.25248869667769835,0.12467969387693595,0.4772187890384503,300,0.4772187890384503,0.44453288824322973,0.37050096860980575,0.11823432487128484,0.5273556231003039,300,0.5273556231003039,0.5033941236068895,0.45288753799392095,0.09389315610266198
Salinas,2,C050,300,0.4924924924924925,182,0.4624624624624625,0.4534534534534535,0.39564564564564564,0.07843384357457983,0.5322039769724141,182,0.5167265949980434,0.4986607982181789,0.42086525663027374,0.12421407548179013,0.3165534576119748,182,0.2865599263164312,0.26996343844550025,0.19229441230664004,0.09658639294519004,0.4420645110120802,182,0.4158681937894285,0.4035784469126363,0.341325276689577,0.10621827380306666,0.5105105105105106,182,0.4894894894894895,0.4765265265265265,0.4286786786786787,0.07988687037046659
Salinas,3,C050,300,0.4780701754385965,229,0.4444444444444444,0.44083820662768036,0.39692982456140347,0.08349217079061969,0.5040863170073759,229,0.4837725389347561,0.4841778220088832,0.43304729121478003,0.13078341912865682,0.28694872813534217,229,0.2704322173239194,0.23173948153966092,0.18458461712641216,0.09057138199323087,0.4308529234900079,229,0.3894865410814111,0.39102468119389727,0.34513311417082404,0.11113264959386325,0.49415204678362573,229,0.48099415204678364,0.4618421052631579,0.4283625730994152,0.08522792655915226
Salinas,4,C050,300,0.4756277695716396,281,0.4401772525849335,0.42939438700147714,0.35672082717872966,0.08578794798711135,0.5177633965605893,281,0.4965028251673188,0.4842205400674412,0.3704538288515323,0.13338767814989833,0.3018632225211952,281,0.2425924088370358,0.24480300013339545,0.15702489178463658,0.08417350922263982,0.4279195538279533,281,0.39157539297680677,0.37882754998693735,0.2906037629384318,0.10748252161723024,0.4771048744460857,281,0.4549483013293944,0.44564254062038416,0.38552437223042835,0.08063486889288467
Salinas,5,C050,300,0.4785185185185185,175,0.4222222222222222,0.3965432098765433,0.3762962962962963,0.07474742535378585,0.5236592382445312,175,0.45731246700876366,0.45198985403890873,0.40732276534652917,0.11900508519597269,0.33542159175347075,175,0.2439755829356673,0.22708352148459984,0.19313404270875012,0.09743207478133332,0.428348707288554,175,0.3653108951949273,0.34101536233406865,0.3154535000292678,0.09770792439813344,0.4962962962962963,175,0.43555555555555553,0.4214814814814815,0.4125925925925926,0.07413349761479011
Salinas,6,C050,300,0.47774480712166173,236,0.41839762611275966,0.4149357072205736,0.3887240356083086,0.09008904236237197,0.5352331797226527,236,0.4767872443949047,0.46954754648297015,0.4333939344833113,0.13187913919160948,0.2979150502072471,236,0.23414848580301653,0.24654182606416533,0.21084757052225173,0.10746405252503123,0.43019089066297767,236,0.3701264953678759,0.3622948927769932,0.33205665496552506,0.11293707309442201,0.48813056379821956,236,0.44510385756676557,0.4470820969337291,0.4228486646884273,0.08930250544232869
Salinas,7,C050,300,0.4662668665667166,237,0.40929535232383807,0.4146926536731633,0.3793103448275862,0.07456299175583858,0.5174231078437231,237,0.48921981900090794,0.47953447233556157,0.42603332077712147,0.13788204532525153,0.3033967643049538,237,0.2875434311546378,0.23329489315958554,0.16608312449949283,0.09060358854624166,0.4166658477865671,237,0.35327499310942234,0.35859458768961117,0.31336717278253917,0.10543564595547537,0.48875562218890556,237,0.45577211394302847,0.45127436281859074,0.4197901049475262,0.0826338792210317
Salinas,8,C050,300,0.44363103953147875,269,0.37774524158125916,0.40341630063445577,0.33162518301610544,0.07315660891542196,0.45977020622454334,269,0.42762900403434645,0.4290455196813808,0.3424676223372974,0.11185432619394935,0.24873904174208666,269,0.18940952168715938,0.1954053249747699,0.12480505994089272,0.07464313678432145,0.3916237509112517,269,0.3189949442222195,0.34621479288697127,0.26470321043875195,0.10217298708767251,0.45241581259150804,269,0.39970717423133234,0.42791605661298193,0.36603221083455345,0.07455845427483897
Salinas,9,C050,300,0.44144144144144143,2,0.38738738738738737,0.37292292292292284,0.33183183183183185,0.06696491244909168,0.4362304260169156,2,0.46416773637616826,0.4448880151706687,0.39838963371101543,0.12530167031978473,0.25382323978399735,2,0.20421675236102954,0.20942948052064278,0.16269315692666836,0.08236613022210015,0.3877541942514846,2,0.3362450534955299,0.3174249693903452,0.27594612764048726,0.09844031376999542,0.466966966966967,2,0.4219219219219219,0.4051051051051051,0.3708708708708709,0.07149600400237338
Salinas,0,C075,300,0.48558421851289835,215,0.44916540212443096,0.43161355589276684,0.40819423368740515,0.06299965902301105,0.488767594941528,215,0.490904241243277,0.48147623233333464,0.45150488569446634,0.08985387688444846,0.30161861264117396,215,0.30176775966677344,0.2739748567830946,0.23217671170185933,0.07198942732289278,0.4398267833814351,215,0.3973578336654515,0.38149643032288844,0.3547343569708215,0.06977990613141488,0.5022761760242792,215,0.4613050075872534,0.4542741527567021,0.4362670713201821,0.057995299609108805
Salinas,1,C075,300,0.513677811550152,297,0.5015197568389058,0.48865248226950353,0.4513677811550152,0.07928858959373636,0.5814032900097243,297,0.5871457511512516,0.560748055707499,0.5241575890830911,0.12380975206209453,0.39895011576782174,297,0.37408562013624497,0.36640218684864484,0.3027094083001801,0.10106693373000054,0.46702980998255994,297,0.44897594452586054,0.4396061175342741,0.39421602537148703,0.08797598711630582,0.5151975683890577,297,0.5121580547112462,0.5002532928064843,0.4756838905775076,0.074110751388675
Salinas,2,C075,300,0.5105105105105106,182,0.47897897897897895,0.46091091091091096,0.43993993993993996,0.06761943436682365,0.5407072558507662,182,0.5360238681400894,0.5130812452036235,0.46839241699149314,0.09793365880859213,0.312926112631414,182,0.31461156063076234,0.2835084915520432,0.24703847964406628,0.06858730234470291,0.46122922994461313,182,0.4308337191776098,0.41013703964136633,0.38608018581949,0.08024819778275923,0.5225225225225225,182,0.503003003003003,0.4811811811811812,0.45795795795795796,0.06179591082969813
Salinas,3,C075,300,0.49707602339181284,247,0.4473684210526316,0.4520955165692008,0.4298245614035088,0.07569443971264359,0.52658972470356,247,0.48141087935746874,0.4984184298917241,0.4720686059000888,0.11525006765229966,0.32299313446703004,247,0.2882720767452354,0.26531611111798,0.24327141424503435,0.0800556321150287,0.45147205210754393,247,0.3962676529926026,0.4040917681554914,0.37868934248499136,0.08842565181730164,0.49707602339181284,247,0.4824561403508772,0.4712962962962963,0.4517543859649123,0.07461394316888402
Salinas,4,C075,300,0.4667651403249631,171,0.413589364844904,0.42023633677991146,0.38183161004431315,0.06947861709342625,0.468051565691915,171,0.47113100470529556,0.47238056488730074,0.4233179591844879,0.10718806406829745,0.27999213277977275,171,0.21897708353979684,0.2331420134304388,0.19150144708764916,0.06277331164172892,0.4131786705596481,171,0.36486454552329095,0.36898124508635755,0.324778444692097,0.08034982168547064,0.4741506646971935,171,0.4431314623338257,0.4400295420974889,0.4098966026587888,0.06730613476028595
Salinas,5,C075,300,0.45925925925925926,175,0.4192592592592593,0.3932839506172839,0.38888888888888884,0.05691698144751933,0.5123893512208691,175,0.48014819337446135,0.456050557328707,0.43757946691454663,0.09438272386641626,0.3024886179348337,175,0.2634760544723698,0.2261241093353827,0.22310318477828997,0.07057852380051395,0.4100512186887154,175,0.363774074875568,0.3390038431028748,0.33136916701327174,0.06643509844671935,0.48592592592592593,175,0.4311111111111111,0.42054320987654314,0.42148148148148146,0.05489447789669539
Salinas,6,C075,300,0.4658753709198813,236,0.41097922848664686,0.42457962413452033,0.4050445103857567,0.07157642819506829,0.523866947795282,236,0.47441215730989494,0.4821333120556236,0.46111514565260137,0.1036151733615052,0.2845991834825082,236,0.2272634141261373,0.2685711187350771,0.2456174812214566,0.08090952178793595,0.41765747776375095,236,0.3607940565203889,0.3722582185957968,0.35005467290725145,0.08168128147436217,0.4821958456973294,236,0.4406528189910979,0.4571216617210683,0.4362017804154303,0.06821184776295504
Salinas,7,C075,300,0.46026986506746626,237,0.41829085457271364,0.4211894052973513,0.3980509745127436,0.07524989150803309,0.5079327836351746,237,0.4815845491707567,0.4799330585570066,0.4544345070678245,0.12090364058836968,0.28756791065488035,237,0.2902933031390547,0.25026943723375716,0.22234347489074557,0.08177128075358091,0.40793269586401104,237,0.36191762988678056,0.36571218899183844,0.33941891665783946,0.0881115436465054,0.4767616191904048,237,0.4512743628185907,0.453423288355822,0.4332833583208396,0.07177081162956232
Salinas,8,C075,300,0.4612005856515373,242,0.3850658857979502,0.4140556368960468,0.3762811127379209,0.06269546248178863,0.4825792291191646,242,0.44918051986389507,0.45454923832683247,0.3957467851643593,0.08831096035538626,0.2780693830832472,242,0.2511426111162055,0.2506890812742125,0.1986074407218254,0.06794705210073532,0.41291912408759124,242,0.32374484015379923,0.35884036116119516,0.309899276225952,0.07555921510970738,0.4743777452415813,242,0.39970717423133234,0.43982430453879945,0.39824304538799415,0.06128805317495497
Salinas,9,C075,300,0.47147147147147145,2,0.4009009009009009,0.3878878878878879,0.3663663663663664,0.06605337733487177,0.4881031060543767,2,0.475376594251126,0.46301090902796105,0.4359505150973988,0.1144248873648221,0.30866989208429974,2,0.23379804805938037,0.24097860429734844,0.21294297255942807,0.07615300188888152,0.4204357510686111,2,0.3475253578084371,0.3311416474699543,0.3080238001240363,0.08274702540561574,0.4954954954954955,2,0.42042042042042044,0.4124124124124124,0.3888888888888889,0.06466117059719341
Salinas,0,C100,300,0.47040971168437024,215,0.4370257966616085,0.4223571067273647,0.40515933232169954,0.0539568842465964,0.4715413676339307,215,0.4890788347650185,0.4654106872436995,0.4426843358355267,0.08007238291865794,0.31371239855819355,215,0.28219782475843447,0.2599683639279624,0.21999782524899159,0.060299005529895845,0.421037792607622,215,0.3845679447420355,0.37136605931101635,0.3500102020892275,0.06260981418558316,0.48558421851289835,215,0.4537177541729894,0.44451188669701575,0.4339908952959029,0.050220248987823256
Salinas,1,C100,300,0.5106382978723404,282,0.5030395136778115,0.48860182370820665,0.4506079027355623,0.06447050143147406,0.5724358907357896,282,0.5741481044035827,0.5574530206657555,0.5175953988655946,0.109018913888398,0.41204178721059664,282,0.36809917286680927,0.37149007671198464,0.30480629339294085,0.08431342392263037,0.46073947381146907,282,0.45044543429844097,0.4386299090083586,0.3951800535604276,0.07364439105605577,0.5121580547112462,282,0.5091185410334347,0.4952380952380952,0.4726443768996961,0.05874993078066882
Salinas,2,C100,300,0.493993993993994,288,0.47147147147147145,0.4676176176176176,0.44594594594594594,0.05878071437899052,0.538296392010474,288,0.5259854765443331,0.5084060738657606,0.4672183746825599,0.08784074068973387,0.3090098765323932,288,0.29810912381269733,0.284652738349405,0.24812286796630667,0.06228065305508567,0.443683494322618,288,0.4205045174208061,0.41584443139467375,0.3934620301912714,0.0731089772988049,0.509009009009009,288,0.481981981981982,0.4802802802802803,0.46096096096096095,0.054512478303387416
Salinas,3,C100,300,0.5043859649122807,1,0.4517543859649123,0.45672514619883037,0.4305555555555556,0.07201985400143082,0.5088763771473129,1,0.49109100455857313,0.500709182415421,0.469691823050327,0.11131121240695287,0.35750017712609566,1,0.2910810892559867,0.27548811689754754,0.2484824316280388,0.07743228222659,0.4549262699134703,1,0.40055807692487466,0.4079743768641835,0.37738083692746344,0.08580418977376261,0.5292397660818714,1,0.48391812865497075,0.47446393762183237,0.4546783625730994,0.07026188005049092
Salinas,4,C100,300,0.4549483013293944,3,0.40472673559822747,0.4099950763170852,0.38330871491875923,0.05619824433265646,0.47553183705143326,3,0.46102551688905,0.4570747566766154,0.41569313357023085,0.0944309421651392,0.2663616123962916,3,0.21141292390061386,0.22289884980009733,0.18323654358640654,0.04663548243288184,0.40263134611383844,3,0.3569280303208866,0.35891558713562016,0.32189894032349775,0.06710062913887767,0.465288035450517,3,0.43722304283604135,0.43446578040374206,0.4091580502215657,0.05526008313806713
Salinas,5,C100,300,0.4474074074074074,206,0.39111111111111113,0.3855308641975309,0.38074074074074077,0.04215557002479228,0.4953846520479616,206,0.45607758450672,0.4450414350776602,0.42389066602878656,0.08024339606613998,0.28553220178739247,206,0.21939095118000598,0.2094926612833317,0.20335998653963064,0.05077848012204887,0.39512641623663036,206,0.3364673298206422,0.3315337733232145,0.3235870001668961,0.053307728055722946,0.47703703703703704,206,0.41333333333333333,0.4165925925925926,0.41333333333333333,0.043165932790531845
Salinas,6,C100,300,0.46735905044510384,264,0.4065281899109792,0.42581602373887245,0.4065281899109792,0.059348058473973966,0.5030768987530356,264,0.47180638628380034,0.47769115083019037,0.45608204415759135,0.0932603973658076,0.30504905500556406,264,0.23160393938095852,0.2717907154081418,0.2516310581550307,0.07162934052334155,0.4182684563435679,264,0.35562205416981374,0.372509014385953,0.3508873711172557,0.07008073564360173,0.4792284866468843,264,0.443620178041543,0.45548961424332346,0.43471810089020774,0.05850705684742451
Salinas,7,C100,300,0.46926536731634183,237,0.424287856071964,0.4245377311344327,0.4062968515742129,0.060994816230425596,0.5099703097352598,237,0.47805910180116834,0.47399939085301646,0.45113881803771133,0.10928309977104023,0.29856530062791536,237,0.2994852609438916,0.25645815549734424,0.24018323742829817,0.07046763513379975,0.4170818294483314,237,0.36688954530286355,0.3681937299416502,0.3455166726025191,0.07467782133225562,0.48425787106446777,237,0.4527736131934033,0.4535232383808097,0.43478260869565216,0.061784375879267966
Salinas,8,C100,300,0.46412884333821375,278,0.39824304538799415,0.426207906295754,0.3938506588579795,0.05680984649289201,0.48817711673273173,278,0.470685703355412,0.4651056667227519,0.40685149287719913,0.08327124387773549,0.27355858775686076,278,0.28625559030432185,0.2736228924957826,0.22771930448018454,0.06711754114498068,0.41311038956465385,278,0.33912406800091344,0.3713428612518666,0.3303043512214641,0.07048384847963557,0.47144948755490484,278,0.42020497803806733,0.44533918984870663,0.4062957540263543,0.05712671136595455
Salinas,9,C100,300,0.4624624624624625,2,0.4189189189189189,0.39434434434434434,0.37237237237237236,0.05833136677354117,0.47736816204268195,2,0.4828145812435928,0.4563929807932285,0.42943978202585764,0.1027621823759598,0.27549381906697556,2,0.2530978620271633,0.24989264091322683,0.22742148257460465,0.06723593754918673,0.40894949640180767,2,0.36618533783185636,0.33772345970225304,0.3104979711908026,0.0741111284442421,0.47897897897897895,2,0.4294294294294294,0.4155655655655656,0.39039039039039036,0.060200867705480963
Salinas,0,D0,300,0.4779969650986343,215,0.456752655538695,0.4406676783004552,0.417298937784522,0.055079841165075506,0.4645055173126678,215,0.49091080168982354,0.47920413782197013,0.44726807439029603,0.08004693418495751,0.3244877067995616,215,0.31257889209467443,0.3068984505789222,0.27224812264540776,0.06724050598745643,0.4268681470095237,215,0.4050816770139347,0.3881528213504693,0.36215755365526525,0.06152007712323226,0.4992412746585736,215,0.46889226100151743,0.4683864441072332,0.4537177541729894,0.05297820162394726
Salinas,1,D0,300,0.5319148936170213,300,0.5319148936170213,0.5170212765957446,0.4787234042553192,0.07061140340548201,0.5742279051772359,300,0.5742279051772359,0.5598727419206302,0.5211781443002172,0.10393768181270122,0.43228703304786315,300,0.43228703304786315,0.4306715142279925,0.3613579106033024,0.10027819352954363,0.48279417319137197,300,0.48279417319137197,0.46626567342646663,0.42301721585789387,0.07726151684946224,0.5319148936170213,300,0.5319148936170213,0.5218844984802431,0.49240121580547114,0.06299896489159158
Salinas,2,D0,300,0.515015015015015,182,0.4894894894894895,0.4896896896896897,0.46621621621621623,0.06708778949069448,0.5220814416959717,182,0.5384895059282132,0.5224764658509197,0.4771998140875614,0.09249952763917188,0.3479337683651435,182,0.3402878309674262,0.3299402066274592,0.2972931559564562,0.07084302515453929,0.4626389190728487,182,0.43756566577332234,0.437597742309648,0.41342614518164345,0.07775087689039407,0.521021021021021,182,0.4984984984984985,0.5021021021021022,0.47897897897897895,0.05853456172250319
Salinas,3,D0,300,0.5073099415204678,229,0.4619883040935672,0.47724171539961013,0.4473684210526316,0.07521393751950844,0.5025093389180392,229,0.4887652752704356,0.5019623025279908,0.4751897689216083,0.1074173870356757,0.3484281297030835,229,0.3133563210381655,0.3229479435467744,0.28915250708235873,0.08395889652425653,0.45806178586542534,229,0.40846301718830036,0.427013387884794,0.3971949627220106,0.08664048560417861,0.5102339181286549,229,0.489766081871345,0.4914230019493177,0.4780701754385965,0.07274512561285132
Salinas,4,D0,300,0.49039881831610044,226,0.4505169867060561,0.458985721319547,0.413589364844904,0.07235951695941067,0.47914292847366646,226,0.48375303017659194,0.47171925705342466,0.4224388847110878,0.09535539850535509,0.32213222869298974,226,0.29126505524568724,0.2952697295680026,0.2388533736972414,0.06743930476993966,0.44020084845289165,226,0.39936464931695026,0.40647726539011175,0.3546800850335914,0.08157020267051579,0.49039881831610044,226,0.48005908419497784,0.4679960610536681,0.4298375184638109,0.06547645197135098
Salinas,5,D0,300,0.48,185,0.45481481481481484,0.4283950617283951,0.4177777777777778,0.05171715583463528,0.49995748259903317,185,0.49187631697420514,0.47864629690734417,0.4579296480976488,0.08710945776376572,0.33092316961993784,185,0.3119610655422588,0.2896445206202382,0.2756797813806287,0.06557484542719318,0.4266274294371184,185,0.39923961729338586,0.3731666675436818,0.3578193424445554,0.05980269013586878,0.5022222222222222,185,0.46814814814814815,0.4548148148148148,0.4488888888888889,0.050631127506444835
Salinas,6,D0,300,0.4970326409495549,260,0.4540059347181009,0.4574678536102868,0.4332344213649852,0.0640260663029119,0.5112571314954996,260,0.5149527323210906,0.5004299246476883,0.4769769553320147,0.09597527707774293,0.35636778093379323,260,0.30636494260702424,0.30941760683240793,0.2889462547651757,0.07488105752487616,0.44642601884447375,260,0.40378786239853093,0.4048628093080545,0.3778929988519328,0.07117723762662566,0.49851632047477745,260,0.4821958456973294,0.479673590504451,0.45548961424332346,0.06134627228702747
Salinas,7,D0,300,0.49775112443778113,237,0.44227886056971516,0.45492253873063465,0.4287856071964018,0.06958219214930371,0.530005205812268,237,0.4816590868473715,0.4873009415561988,0.45956856239546084,0.10880157075386081,0.36665463643214813,237,0.3199126192168397,0.32233719743089545,0.2959246614662746,0.0838125623415505,0.44405741426797796,237,0.3844069815042239,0.398177899553742,0.3683919003553122,0.07952595524902063,0.5262368815592204,237,0.48425787106446777,0.4892553723138431,0.46476761619190404,0.07317048768463812
Salinas,8,D0,300,0.4890190336749634,281,0.4333821376281113,0.4642752562225476,0.4128843338213763,0.06424605089111578,0.4963118950542291,281,0.4603497108957884,0.4660272361003384,0.406237977490235,0.08026586181806267,0.3323602910699683,281,0.3200901487377926,0.31804629754888547,0.251982374833186,0.07068739139550534,0.43683744226430254,281,0.37276254434570055,0.40865392881764107,0.3479125694087833,0.07405625150231937,0.4978038067349927,281,0.43923865300146414,0.46954612005856505,0.41800878477306,0.06018596346724745
Salinas,9,D0,300,0.487987987987988,2,0.4369369369369369,0.43258258258258253,0.4069069069069069,0.07047458927406003,0.4995920647528858,2,0.4819099010602014,0.47528789588112075,0.4431305069066014,0.10730968877531982,0.33179036550724456,2,0.3143125150088314,0.31127095451838993,0.2814912143816789,0.08255425982236592,0.4362307148087926,2,0.37946764659843923,0.3756790362627909,0.34656086229218547,0.08217262630618419,0.515015015015015,2,0.46546546546546547,0.45555555555555555,0.4264264264264264,0.07147089808304818
Salinas,0,E0,300,0.4779969650986343,215,0.456752655538695,0.4406676783004552,0.417298937784522,0.055079841165075506,0.4645055173126678,215,0.49091080168982354,0.47920413782197013,0.44726807439029603,0.08004693418495751,0.3244877067995616,215,0.31257889209467443,0.3068984505789222,0.27224812264540776,0.06724050598745643,0.4268681470095237,215,0.4050816770139347,0.3881528213504693,0.36215755365526525,0.06152007712323226,0.4992412746585736,215,0.46889226100151743,0.4683864441072332,0.4537177541729894,0.05297820162394726
Salinas,1,E0,300,0.5319148936170213,300,0.5319148936170213,0.5170212765957446,0.4787234042553192,0.07061140340548201,0.5742279051772359,300,0.5742279051772359,0.5598727419206302,0.5211781443002172,0.10393768181270122,0.43228703304786315,300,0.43228703304786315,0.4306715142279925,0.3613579106033024,0.10027819352954363,0.48279417319137197,300,0.48279417319137197,0.46626567342646663,0.42301721585789387,0.07726151684946224,0.5319148936170213,300,0.5319148936170213,0.5218844984802431,0.49240121580547114,0.06299896489159158
Salinas,2,E0,300,0.515015015015015,182,0.4894894894894895,0.4896896896896897,0.46621621621621623,0.06708778949069448,0.5220814416959717,182,0.5384895059282132,0.5224764658509197,0.4771998140875614,0.09249952763917188,0.3479337683651435,182,0.3402878309674262,0.3299402066274592,0.2972931559564562,0.07084302515453929,0.4626389190728487,182,0.43756566577332234,0.437597742309648,0.41342614518164345,0.07775087689039407,0.521021021021021,182,0.4984984984984985,0.5021021021021022,0.47897897897897895,0.05853456172250319
Salinas,3,E0,300,0.5073099415204678,229,0.4619883040935672,0.47724171539961013,0.4473684210526316,0.07521393751950844,0.5025093389180392,229,0.4887652752704356,0.5019623025279908,0.4751897689216083,0.1074173870356757,0.3484281297030835,229,0.3133563210381655,0.3229479435467744,0.28915250708235873,0.08395889652425653,0.45806178586542534,229,0.40846301718830036,0.427013387884794,0.3971949627220106,0.08664048560417861,0.5102339181286549,229,0.489766081871345,0.4914230019493177,0.4780701754385965,0.07274512561285132
Salinas,4,E0,300,0.49039881831610044,226,0.4505169867060561,0.458985721319547,0.413589364844904,0.07235951695941067,0.47914292847366646,226,0.48375303017659194,0.47171925705342466,0.4224388847110878,0.09535539850535509,0.32213222869298974,226,0.29126505524568724,0.2952697295680026,0.2388533736972414,0.06743930476993966,0.44020084845289165,226,0.39936464931695026,0.40647726539011175,0.3546800850335914,0.08157020267051579,0.49039881831610044,226,0.48005908419497784,0.4679960610536681,0.4298375184638109,0.06547645197135098
Salinas,5,E0,300,0.48,185,0.45481481481481484,0.4283950617283951,0.4177777777777778,0.05171715583463528,0.49995748259903317,185,0.49187631697420514,0.47864629690734417,0.4579296480976488,0.08710945776376572,0.33092316961993784,185,0.3119610655422588,0.2896445206202382,0.2756797813806287,0.06557484542719318,0.4266274294371184,185,0.39923961729338586,0.3731666675436818,0.3578193424445554,0.05980269013586878,0.5022222222222222,185,0.46814814814814815,0.4548148148148148,0.4488888888888889,0.050631127506444835
Salinas,6,E0,300,0.4970326409495549,260,0.4540059347181009,0.4574678536102868,0.4332344213649852,0.0640260663029119,0.5112571314954996,260,0.5149527323210906,0.5004299246476883,0.4769769553320147,0.09597527707774293,0.35636778093379323,260,0.30636494260702424,0.30941760683240793,0.2889462547651757,0.07488105752487616,0.44642601884447375,260,0.40378786239853093,0.4048628093080545,0.3778929988519328,0.07117723762662566,0.49851632047477745,260,0.4821958456973294,0.479673590504451,0.45548961424332346,0.06134627228702747
Salinas,7,E0,300,0.49775112443778113,237,0.44227886056971516,0.45492253873063465,0.4287856071964018,0.06958219214930371,0.530005205812268,237,0.4816590868473715,0.4873009415561988,0.45956856239546084,0.10880157075386081,0.36665463643214813,237,0.3199126192168397,0.32233719743089545,0.2959246614662746,0.0838125623415505,0.44405741426797796,237,0.3844069815042239,0.398177899553742,0.3683919003553122,0.07952595524902063,0.5262368815592204,237,0.48425787106446777,0.4892553723138431,0.46476761619190404,0.07317048768463812
Salinas,8,E0,300,0.4890190336749634,281,0.4333821376281113,0.4642752562225476,0.4128843338213763,0.06424605089111578,0.4963118950542291,281,0.4603497108957884,0.4660272361003384,0.406237977490235,0.08026586181806267,0.3323602910699683,281,0.3200901487377926,0.31804629754888547,0.251982374833186,0.07068739139550534,0.43683744226430254,281,0.37276254434570055,0.40865392881764107,0.3479125694087833,0.07405625150231937,0.4978038067349927,281,0.43923865300146414,0.46954612005856505,0.41800878477306,0.06018596346724745
Salinas,9,E0,300,0.487987987987988,2,0.4369369369369369,0.43258258258258253,0.4069069069069069,0.07047458927406003,0.4995920647528858,2,0.4819099010602014,0.47528789588112075,0.4431305069066014,0.10730968877531982,0.33179036550724456,2,0.3143125150088314,0.31127095451838993,0.2814912143816789,0.08255425982236592,0.4362307148087926,2,0.37946764659843923,0.3756790362627909,0.34656086229218547,0.08217262630618419,0.515015015015015,2,0.46546546546546547,0.45555555555555555,0.4264264264264264,0.07147089808304818
Salinas,0,G0,300,0.4385432473444613,272,0.41274658573596357,0.39777440566514927,0.34597875569044007,0.0711665963365114,0.4600559915929194,272,0.45033345924792995,0.4278315123261613,0.38014504049961295,0.10324903920044619,0.2532111896164012,272,0.21710195050481307,0.19705093550452943,0.11921634532683537,0.07190526325942384,0.38777406168710515,272,0.3595852658381693,0.3448075276094631,0.2835157245131765,0.10119658545876524,0.4658573596358118,272,0.44916540212443096,0.428679817905918,0.3899848254931715,0.07072668763021434
Salinas,1,G0,300,0.5197568389057751,272,0.5167173252279635,0.4946808510638297,0.38829787234042556,0.10648378953967831,0.585488822777445,272,0.5710429306269554,0.5491626733404763,0.4310386703540747,0.14896990413985436,0.4448305802663069,272,0.3924905708637735,0.3731081156504511,0.18390606592828895,0.13389884095298252,0.47130452470854467,272,0.4696104027781298,0.4450294988090698,0.3266693118618956,0.12756928950669616,0.5303951367781155,272,0.5167173252279635,0.5015197568389058,0.41793313069908816,0.09977570246738147
Salinas,2,G0,300,0.4894894894894895,201,0.46546546546546547,0.44539539539539535,0.37012012012012013,0.08345100020773552,0.5547760399247458,201,0.5152188424395832,0.4917686964755053,0.3837936890537304,0.13339248621040634,0.3069498226140242,201,0.28135008190585675,0.25928434991892146,0.15836103263741896,0.10172651122317426,0.4398543482778069,201,0.4177492473097155,0.39545453306926226,0.3120479420157854,0.11377814301238537,0.4984984984984985,201,0.49099099099099097,0.47602602602602595,0.4061561561561562,0.08721370389282526
Salinas,3,G0,300,0.47368421052631576,251,0.4371345029239766,0.4437621832358675,0.3713450292397661,0.0866044630840702,0.5069638253401039,251,0.46141729562876055,0.48959936944302834,0.4094544448272074,0.13873424080960317,0.280139525885855,251,0.2530025679196175,0.24929583372919345,0.1545621664760796,0.10114449369301345,0.42748597428987944,251,0.37518832849709705,0.3937472915524916,0.31732834713800456,0.11723935179512074,0.47953216374269003,251,0.47368421052631576,0.4690058479532163,0.4137426900584795,0.09155641763958464
Salinas,4,G0,300,0.48892171344165436,281,0.44165435745937964,0.42826193993106837,0.345642540620384,0.09008699130989158,0.5167153714741888,281,0.4814044744890914,0.46975254991783005,0.33883665962562154,0.13557925434990772,0.32397428819725044,281,0.2569073994942099,0.2515950177828923,0.13162337345392022,0.08855664573027125,0.44085646766762954,281,0.3889877107990727,0.37400484618788493,0.27511723412645006,0.11412264438912648,0.4918759231905465,281,0.4608567208271787,0.44657804037419996,0.3722304283604136,0.0851605909481291
Salinas,5,G0,300,0.4785185185185185,175,0.41333333333333333,0.39837037037037043,0.3711111111111111,0.07901352000655049,0.5044365739748685,175,0.442527696404905,0.4459417472543145,0.38812134331686554,0.12409523596585112,0.33334301771823727,175,0.21841759578503164,0.22641801003350193,0.17206978097233716,0.0997494850591596,0.426606334841629,175,0.35646806174824974,0.34270039687290793,0.30983699844776563,0.10390714139699163,0.48592592592592593,175,0.4266666666666667,0.42429629629629617,0.4074074074074074,0.0787748832679246
Salinas,6,G0,300,0.4732937685459941,236,0.4198813056379822,0.4078140454995055,0.37611275964391694,0.09168873636976867,0.5293074018222246,236,0.47839037251430866,0.46038795199467464,0.41358084604214196,0.1342248741387147,0.3005145703624532,236,0.24049134781081496,0.23352527973216153,0.17980443080807562,0.10613963535863528,0.4247612087058751,236,0.3710315660844785,0.35566600353624866,0.3189776540147255,0.11678402490500099,0.4910979228486647,236,0.45252225519287836,0.4459446092977251,0.4124629080118694,0.09136557835632246
Salinas,7,G0,300,0.46476761619190404,237,0.41529235382308843,0.41534232883558225,0.37106446776611696,0.07672466571395985,0.5056183780580498,237,0.489289495523629,0.4735663144109904,0.4087652271279575,0.14081885921138348,0.2997571612513638,237,0.2945500402748063,0.23111612024360736,0.1521472658316192,0.0918309224250072,0.41331648077107874,237,0.35989271257551325,0.35940904857632405,0.3001326284491551,0.11057045105926086,0.48425787106446777,237,0.4587706146926537,0.4523238380809595,0.40929535232383807,0.0859295102287402
Salinas,8,G0,300,0.45534407027818447,268,0.36749633967789164,0.39341142020497805,0.3089311859443631,0.07166265790901614,0.5078064027256516,268,0.40233672537329884,0.4110299011000229,0.2993060380452414,0.10860297150288915,0.31716814960835943,268,0.16359154929479647,0.17367248837837232,0.09673432154556603,0.06649150835478172,0.40122735242548213,268,0.3091414843848779,0.33467317430484556,0.22749656538135227,0.10253786242962444,0.47291361639824303,268,0.4055636896046852,0.42845290385553925,0.3440702781844802,0.078883970747197
Salinas,9,G0,300,0.43993993993993996,267,0.3783783783783784,0.38188188188188193,0.3333333333333333,0.0719361238084397,0.5001127331760502,267,0.45663557062823934,0.4499371013094563,0.39489282262387215,0.13026510411106668,0.28942580028551673,267,0.19266053785327258,0.21635001093559666,0.15322486322890233,0.08606452340087593,0.38607044355914943,267,0.3286421099791572,0.32809668472538767,0.27558143210924885,0.10651282195495393,0.45045045045045046,267,0.4174174174174174,0.4139639639639639,0.36936936936936937,0.07600508840949229
Trento,0,B0,300,0.5085910652920962,7,0.44673539518900346,0.44275486827033217,0.43556701030927836,0.03315394489702794,0.2645896492091581,7,0.32081005987140065,0.32467439547790755,0.3086513652784266,0.02599983427280661,0.25197866014745524,7,0.21728551692677495,0.2372362874067328,0.21714121330990171,0.03687105526247672,0.36699435264589,7,0.3100177830468287,0.307498134750745,0.29615401895748633,0.03383711056585829,0.5661512027491409,7,0.5335051546391752,0.5551546391752579,0.5472508591065293,0.02382137043975329
Trento,1,B0,300,0.6212914485165794,223,0.5898778359511344,0.5841768470040721,0.5401396160558464,0.0455198421535266,0.3631745155219826,223,0.38312974889715146,0.3780714177259278,0.3478185527289853,0.05278564370727986,0.37473257465812915,223,0.3710675818685512,0.3820462050486624,0.32991796205290735,0.06643699430944067,0.5154116863023255,223,0.4868017866943106,0.47368631119017907,0.41293205379027886,0.057146040946759034,0.6212914485165794,223,0.6047120418848168,0.6161140197789412,0.6016579406631763,0.03067521150819972
Trento,2,B0,300,0.625,222,0.592687074829932,0.564625850340136,0.560374149659864,0.027760672457896048,0.3520231570071422,222,0.3342037960155685,0.32040438697077633,0.31218089547273176,0.03849268356492001,0.354359269025121,222,0.3309206076836855,0.2862747309722031,0.25896550284151654,0.03832564382520987,0.5215719557195572,222,0.47481106198733136,0.4472036552642986,0.4493413302921404,0.03468515828368674,0.625,222,0.5994897959183674,0.5712868480725624,0.5705782312925171,0.02512923627915382
Trento,3,B0,300,0.6626297577854672,227,0.6288927335640139,0.595645905420992,0.5384948096885813,0.07233626817969831,0.41491065530097887,227,0.3855963967357722,0.38898283567586633,0.3326642730647835,0.05713808468797798,0.4496031201105874,227,0.400643630058504,0.37857826535144135,0.311380387107842,0.08514296866011911,0.5657266593973114,227,0.5316129434420958,0.49233805487728655,0.40450802027508687,0.08804130303505682,0.6626297577854672,227,0.6756055363321799,0.659284890426759,0.6124567474048442,0.04212764529299918
Trento,4,B0,300,0.5986394557823129,255,0.40476190476190477,0.4816893424036281,0.4872448979591837,0.048633260605093105,0.38681470202795265,255,0.29082502982058633,0.32145623167381854,0.33494565722835146,0.0530380298303427,0.3523876575343798,255,0.18569322175895317,0.2504038826782085,0.27174088649184314,0.06409164387642595,0.49217502044759653,255,0.28892820092442795,0.36677722043529165,0.35871206251636023,0.05994842851250858,0.6658163265306123,255,0.5348639455782312,0.5717687074829932,0.5871598639455782,0.04505899936866567
Trento,5,B0,300,0.6157059314954052,176,0.5480367585630743,0.5387078808131439,0.5451127819548872,0.04424293097559857,0.35924469101828393,176,0.35210267842871484,0.35551995679058884,0.3086061945812343,0.05198338448029223,0.37674197334354653,176,0.29829578860072054,0.3221535025110016,0.2899492719471929,0.06539691723632794,0.4916709441319945,176,0.4430915878559383,0.4300578724839779,0.4182155867744214,0.04859093852102056,0.6157059314954052,176,0.5889724310776943,0.6091617933723196,0.5735171261487051,0.03978861418300799
Trento,6,B0,300,0.6782006920415224,146,0.5640138408304498,0.5726931949250288,0.6141868512110726,0.0633169819506189,0.4074079209294593,146,0.4084577785319851,0.40567653259837555,0.3849923008132947,0.05408606050817667,0.4522115243383241,146,0.36628379817391415,0.37515891701963155,0.3769740844718733,0.08435199432230887,0.5889754206475737,146,0.46003536594859706,0.4696885340291969,0.5072012734430977,0.07158290267325823,0.6782006920415224,146,0.6262975778546713,0.6290945790080739,0.629325259515571,0.04220725065520042
Trento,7,B0,300,0.6478991596638656,6,0.5596638655462185,0.5389915966386555,0.5659663865546218,0.03889164651524943,0.42100497117034336,6,0.3968867744612271,0.3677144312387498,0.3772103389329567,0.057637729246489716,0.39766916085895315,6,0.35360562967207565,0.3483992087926067,0.36988350845466644,0.06679991958182946,0.5521815667043883,6,0.4512736530218405,0.4131827310730589,0.4485375921307608,0.04731989844584701,0.6478991596638656,6,0.6235294117647059,0.5998039215686275,0.6067226890756302,0.03111073458225352
Trento,8,B0,300,0.6302665520206363,197,0.6044711951848667,0.5787331613642877,0.5563198624247635,0.05274563150520371,0.4430768917258661,197,0.4125807494943231,0.3987962198250188,0.407694668207188,0.06606214650966372,0.46583870644086295,197,0.40757894684023693,0.37382235563729005,0.3740103297258206,0.08522961324205029,0.5255857724113265,197,0.5011497296783181,0.4581431089860402,0.42640203818959993,0.06264048861216777,0.649183147033534,197,0.6775580395528805,0.6487245629120092,0.6156491831470335,0.045380996402185805
Trento,9,B0,300,0.6620450606585788,279,0.6247833622183708,0.6346042749855576,0.6256499133448874,0.08090996363136534,0.4297530748254705,279,0.4096389865504322,0.43032592854831897,0.4165855579188493,0.07152717654225675,0.4873057543828937,279,0.4317574821344126,0.4718698223462117,0.43363929754121777,0.10437398592553025,0.5606907753457391,279,0.5186534526804946,0.5258357512166529,0.5160431634095264,0.0943104440757182,0.6620450606585788,279,0.6421143847487002,0.6509820912767188,0.6434142114384749,0.041160837948395125
Trento,0,C025,300,0.5103092783505154,172,0.46735395189003437,0.47740549828178686,0.4428694158075601,0.04114193277291309,0.38081086977891804,172,0.37138076631521966,0.35995996930473684,0.3298256417704375,0.059503501300194515,0.30750066346980237,172,0.2576016454214388,0.2555720106200933,0.20730232275367433,0.058759177130216486,0.38055914741456165,172,0.33915295319915795,0.3384400072255012,0.30171146541167015,0.052188511104478384,0.5927835051546392,172,0.5627147766323024,0.5708190148911799,0.5455326460481099,0.03478217646884826
Trento,1,C025,300,0.5506108202443281,214,0.5322862129144852,0.5052356020942409,0.46465968586387435,0.046299182284194544,0.3953586562955352,214,0.36826678963598536,0.33399584974004776,0.3132436435527699,0.05952796489578182,0.30127346781006115,214,0.32253607040087234,0.25363377722979236,0.19631732563462695,0.06155847764730231,0.4448426494491602,214,0.4107143885016319,0.3945036662343372,0.33117825886165814,0.06788339594365547,0.6047120418848168,214,0.5759162303664922,0.5504653868528213,0.5331588132635253,0.040137400128640026
Trento,2,C025,300,0.5773809523809523,229,0.5459183673469388,0.503061224489796,0.4608843537414966,0.05074718372225941,0.35260878555778663,229,0.3292260567694993,0.3118453921008561,0.2647661498228838,0.05542939362148144,0.32565915311435184,229,0.26720932200000763,0.22366422025033192,0.14796018972328284,0.05565475318537405,0.4655933523760062,229,0.43272262139412865,0.3821131367524832,0.3356855899036603,0.057033349115646205,0.5773809523809523,229,0.5467687074829932,0.5445861678004534,0.4965986394557823,0.042658303501566165
Trento,3,C025,300,0.615916955017301,161,0.43166089965397925,0.4542675893886966,0.4731833910034602,0.06734525916826661,0.4069350672649188,161,0.35573102702581916,0.3472780452349182,0.3276113187847097,0.06847081659735856,0.40556258031410575,161,0.19473665095570555,0.2003506533163199,0.19904859838335887,0.08552278605559023,0.508610216224755,161,0.3150769430556457,0.3155646717556469,0.3206662329414316,0.08441894787398442,0.6349480968858131,161,0.5493079584775087,0.5587946943483275,0.5544982698961938,0.04585242324646483
Trento,4,C025,300,0.5467687074829932,272,0.48894557823129253,0.5132369614512472,0.4570578231292517,0.042012715872310875,0.3996604260784563,272,0.34644166607687793,0.37996660371334356,0.3006463554470524,0.06924345509218617,0.2697178204522431,272,0.2604210233020401,0.26109134462427674,0.19818398784364671,0.06294703659027295,0.4377722863306319,272,0.3571186878517866,0.40209920102312574,0.3264790082971231,0.06329356855957233,0.5858843537414966,272,0.5705782312925171,0.5829081632653061,0.5531462585034014,0.04461081738591802
Trento,5,C025,300,0.5104427736006684,254,0.4243943191311612,0.4282372598162072,0.40016708437761067,0.041128777551356334,0.34143942649893094,254,0.24277017690945737,0.29750994658503765,0.22328332045739385,0.05834287675674785,0.2632025023148459,254,0.14784685776564904,0.16840464177973855,0.1273647297272284,0.05410510892759309,0.3928328442701706,254,0.2861061579211607,0.3038476783609766,0.25097481410948663,0.04904553566893153,0.5405179615705932,254,0.4853801169590643,0.5187412976886661,0.46616541353383456,0.0373622193256085
Trento,6,C025,300,0.5129757785467128,147,0.43771626297577854,0.49126297577854666,0.4801038062283737,0.04634098225130134,0.3368067416995474,147,0.3196892085928745,0.3490673988437066,0.3208791048990969,0.056689381945941024,0.23822004607584243,147,0.15505405121673305,0.2561224466078942,0.2051577242772915,0.06626741653396105,0.39957857912527495,147,0.327992330133382,0.38089111192787367,0.368069695375479,0.055748172205863526,0.5588235294117647,147,0.5069204152249135,0.5617935409457903,0.5445501730103806,0.03607344441502048
Trento,7,C025,300,0.5605042016806723,119,0.4084033613445378,0.4497478991596639,0.4399159663865546,0.059447046534721534,0.3936853481567407,119,0.3050362484126857,0.3200327978209708,0.2999293566255327,0.07899304837467083,0.28088653146777603,119,0.16217724501375524,0.19684009879773648,0.16738240937682256,0.07927999990585598,0.45745516423146093,119,0.2934570390742478,0.3184178127978244,0.3119881456397384,0.0717546913493253,0.592436974789916,119,0.5142857142857142,0.5184313725490196,0.5016806722689076,0.04844281921045864
Trento,8,C025,300,0.6061908856405847,226,0.45399828030954426,0.49174548581255373,0.47807394668959585,0.07016253529727844,0.4268096679308944,226,0.34381314710396677,0.37227813122470993,0.36845931578974866,0.07734180270394049,0.4137939279618682,226,0.14705861880547105,0.2187059328541427,0.21759228398228492,0.10615364514941443,0.48808766402887793,226,0.33559717578981085,0.3706103200513129,0.35531887195738676,0.08315970770928083,0.6173688736027515,226,0.5202063628546861,0.5513900831183721,0.5391229578675838,0.04983376181397164
Trento,9,C025,300,0.608318890814558,196,0.47920277296360486,0.5212016175621028,0.5181975736568457,0.06563432208306905,0.4409891034086107,196,0.3581127634199535,0.3922693736809602,0.37380633764212023,0.07526198258084132,0.40428760372193484,196,0.21554870015088828,0.2679073556013709,0.27686808479529856,0.08323820276416126,0.5008569320588283,196,0.35212991142572636,0.3990032814559258,0.39524516876200866,0.08160098008377657,0.6161178509532063,196,0.5424610051993067,0.5664067013287116,0.5762564991334489,0.040352165867085864
Trento,0,C050,300,0.5309278350515464,145,0.4879725085910653,0.4737686139747995,0.46219931271477666,0.036057533867953795,0.4124033917487573,145,0.4011965270157041,0.3640678491443218,0.34914243217234764,0.05936800077924475,0.33795595649778204,145,0.3112438952407458,0.23355162393863266,0.2212810617321419,0.05790242743261966,0.3844997651479569,145,0.3659597647153443,0.31991052616202875,0.31073347985530747,0.044159528136078055,0.6005154639175257,145,0.6099656357388317,0.5714776632302405,0.5627147766323024,0.0352688059552508
Trento,1,C050,300,0.5567190226876091,211,0.5349040139616056,0.5354857475276322,0.47469458987783597,0.048869447619387815,0.3965520040142435,211,0.37927781179636805,0.3740780663597614,0.3254912312524071,0.06215423193088208,0.3179034364149783,211,0.34385686722141867,0.3016989196912254,0.21409901060720904,0.06845514129409624,0.4506149072543203,211,0.4109986114325388,0.4278373663342619,0.3427587615952089,0.06886402234074686,0.6082024432809773,211,0.581151832460733,0.5760325770796976,0.550174520069808,0.039501671193485105
Trento,2,C050,300,0.5858843537414966,1,0.5722789115646258,0.5284580498866213,0.48554421768707484,0.05157828957714243,0.35455351398195323,1,0.34010534086367283,0.32813351896575416,0.29156649472954066,0.05120884403678883,0.3170158269287128,1,0.2960646219751527,0.2491328412675138,0.17205446035526234,0.05720714231955981,0.45951139041485656,1,0.4553083968776791,0.4054008542841096,0.36408871203140913,0.058478206052761265,0.5986394557823129,1,0.576530612244898,0.5605725623582767,0.5204081632653061,0.03942026684259591
Trento,3,C050,300,0.6427335640138409,161,0.44896193771626297,0.4829584775086504,0.5008650519031141,0.06624711644648547,0.41336828777281154,161,0.35602919232047664,0.35854371954735276,0.33951479200156887,0.0671712081991486,0.41996202597389914,161,0.21240670743918255,0.2367866738642839,0.2442738588917096,0.08423379803257876,0.5340574830429903,161,0.335075470539581,0.3520168172303297,0.3593933286994179,0.08057656777964127,0.6652249134948097,161,0.5648788927335641,0.5872549019607842,0.583044982698962,0.05019602526616435
Trento,4,C050,300,0.5663265306122449,272,0.5263605442176871,0.5245181405895691,0.4804421768707483,0.04162336238651355,0.42486851133784187,272,0.36220896353255766,0.3938897988268914,0.329598647770838,0.06757399081396326,0.3071728703440181,272,0.30692061015882266,0.286435982664342,0.23209162123012966,0.0624999649426929,0.46080167721820553,272,0.4008561393238693,0.4125628402479458,0.3472790420177647,0.06116770961017463,0.6054421768707483,272,0.5816326530612245,0.5940476190476189,0.5663265306122449,0.04279054727153027
Trento,5,C050,300,0.5939849624060151,247,0.4653299916457811,0.4675577833472569,0.4202172096908939,0.05914614875446367,0.3664557513770609,247,0.2881206277213931,0.34248354402684267,0.2554773060603709,0.07020449308658652,0.3236718154928037,247,0.19030314411372554,0.21929883715729528,0.15037388516179234,0.07283918023811656,0.45823939117097345,247,0.32951799478549004,0.34367897817302356,0.27209655968556495,0.06670676715324142,0.5998329156223893,247,0.5196324143692564,0.5643831801726538,0.48705096073517123,0.05006791936777392
Trento,6,C050,300,0.5873702422145328,149,0.4524221453287197,0.5177912341407152,0.5198961937716263,0.056955271189340594,0.3734217595003955,149,0.35706518352694444,0.3739978121721608,0.3528807039773101,0.059446248092800955,0.3508417423029611,149,0.20128882783292532,0.2987074835589835,0.2647587350842366,0.07731146737967393,0.4751985807637912,149,0.34102640764528525,0.4128901676792782,0.41034093445983477,0.06708913797394703,0.606401384083045,149,0.5363321799307958,0.5937139561707034,0.5726643598615917,0.04291662720531575
Trento,7,C050,300,0.6176470588235294,220,0.4815126050420168,0.49414565826330537,0.4920168067226891,0.059315857115249386,0.44004618462607265,220,0.3761450604997435,0.3587942502632963,0.33754797690254246,0.0863593784582202,0.41449424657726713,220,0.25751707081407776,0.26835001803280356,0.2418579745985981,0.09213128068580154,0.5159133051646045,220,0.3758315034943337,0.3644486548886682,0.3598074542367928,0.07203829576826959,0.6361344537815126,220,0.5815126050420169,0.559187675070028,0.5508403361344538,0.057458177062724526
Trento,8,C050,300,0.6225279449699054,215,0.4453998280309544,0.48968185726569213,0.48409286328460877,0.06996662201968774,0.4557811855889631,215,0.32131860582663957,0.3652722605818074,0.37282793115459745,0.07378640980128626,0.4802490863212884,215,0.15198622141024085,0.22926131040783035,0.228302376141363,0.10299218959421835,0.5066114416644037,215,0.3173242835925214,0.3646082082314353,0.3637388471917394,0.0785922550462615,0.6380051590713671,215,0.5064488392089423,0.5468902264259101,0.5399828030954428,0.05162865752337497
Trento,9,C050,300,0.6559792027729636,196,0.4731369150779896,0.522472559214327,0.5563258232235702,0.07028419938212142,0.44742468185167833,196,0.36737695803314996,0.40298602501259767,0.40054550257771404,0.07645150728585447,0.47884842422079027,196,0.21716144636798665,0.28023646515167805,0.3305535509748314,0.09941964888151385,0.5488294271564235,196,0.3458098683474434,0.4004224241693699,0.437229124777041,0.08500850566073555,0.6620450606585788,196,0.5519930675909879,0.5793760831889081,0.5961871750433275,0.049464442316318656
Trento,0,C075,300,0.5498281786941581,145,0.5103092783505154,0.4869988545246277,0.4729381443298969,0.03340170162638032,0.42022182453690626,145,0.3935141505640439,0.3685688019629427,0.3465900131328581,0.049015343640298595,0.36052922129771814,145,0.3150936394397444,0.2565544125550819,0.24166309392643817,0.04981944779770359,0.40461636676356494,145,0.3926867578838684,0.3407942880060407,0.32653872602608575,0.03877388653222829,0.6073883161512027,145,0.6030927835051546,0.5808991981672395,0.5713058419243986,0.02932637565173239
Trento,1,C075,300,0.587260034904014,300,0.587260034904014,0.5555846422338568,0.5008726003490401,0.039944002779652106,0.3935965497171381,300,0.3935965497171381,0.3875578602108617,0.3402184966014636,0.04829960862552576,0.4003046409112464,300,0.4003046409112464,0.3257941704688164,0.24375903623723738,0.054144343703409224,0.4661157675980736,300,0.4661157675980736,0.4486474868137918,0.37034508208772327,0.05353295367988541,0.6160558464223386,300,0.6160558464223386,0.5970622454915646,0.5698080279232112,0.02786203096148337
Trento,2,C075,300,0.6037414965986394,259,0.5578231292517006,0.5539115646258504,0.5357142857142857,0.04620861227859451,0.3577752386389277,259,0.3251627134321151,0.33178834138038443,0.30666454589306663,0.04073602399882259,0.33474557930292864,259,0.2775241764116907,0.277875591989901,0.22977685680292204,0.05177424140145516,0.48303840025809586,259,0.4339957942125996,0.4311676497489918,0.41423079992724315,0.052228451884216126,0.6037414965986394,259,0.5654761904761905,0.5636904761904761,0.5391156462585034,0.034086557278263194
Trento,3,C075,300,0.6557093425605537,161,0.47145328719723184,0.5278835063437141,0.5596885813148789,0.06395127357462001,0.4227048277644763,161,0.3844611217345853,0.39712150042327554,0.3538503334074359,0.06412483148304553,0.45019670680929147,161,0.26723391106353284,0.3248998169456265,0.3187540983740496,0.08399559524584918,0.5497151514380424,161,0.36168670670155034,0.4083891320548972,0.4321351059869754,0.07695384246716609,0.6782006920415224,161,0.596885813148789,0.6410034602076125,0.6115916955017301,0.046786924599965064
Trento,4,C075,300,0.5892857142857143,211,0.5170068027210885,0.5370181405895693,0.4931972789115646,0.04455653211783978,0.37004269882512514,211,0.3757527494484863,0.39818777086649404,0.3479092293530788,0.054927824486313434,0.33962454322567015,211,0.30220450222621553,0.30559521172687626,0.24801889912365746,0.055458596464148795,0.4743907923447207,211,0.38345095708133115,0.4263417980046809,0.36236602969338066,0.05812449935846445,0.6462585034013606,211,0.5909863945578231,0.5992063492063493,0.5773809523809523,0.037804335449422334
Trento,5,C075,300,0.5914786967418546,257,0.5405179615705932,0.5033416875522139,0.4816207184628237,0.04670169621782285,0.34333815691073616,257,0.32180884122947434,0.3591951305293283,0.28316029377317303,0.05555561468995508,0.32040580814572955,257,0.26872418777545426,0.26705075745960455,0.2251262451407175,0.06470731841061142,0.45366698245728665,257,0.41171161671852397,0.3904215281065133,0.34168470749005464,0.05235464899139767,0.5998329156223893,257,0.5680868838763575,0.5874965190754664,0.5288220551378446,0.0416426270876087
Trento,6,C075,300,0.6349480968858131,134,0.47145328719723184,0.5296136101499423,0.5445501730103806,0.052786238938865034,0.35856216223987647,134,0.3584496793285369,0.37854411559880924,0.3634030501532528,0.04712024134240144,0.3711104721593407,134,0.22984978983659057,0.31047464139038455,0.31510516973626435,0.06332880818275739,0.5261411497754223,134,0.367465935906219,0.4283600540354252,0.4379355339230039,0.05455393893387488,0.6349480968858131,134,0.5346020761245674,0.6049019607843138,0.6029411764705882,0.03359816881650348
Trento,7,C075,300,0.6310924369747899,197,0.5126050420168067,0.5431092436974789,0.5571428571428572,0.05170174427747671,0.44123847885498146,197,0.414726484124791,0.39530235032243266,0.38227013842316815,0.0685091287477022,0.4446865455893931,197,0.30769620961427124,0.343264849855177,0.3352171160593247,0.0804444639229389,0.5306736285672704,197,0.40853147500355635,0.41771619327647486,0.43132856550069615,0.060931997703597314,0.6386554621848739,197,0.6243697478991597,0.5995798319327731,0.6016806722689075,0.03973893419483151
Trento,8,C075,300,0.6380051590713671,215,0.4901117798796217,0.511779879621668,0.5189165950128977,0.0592779402504019,0.4506437377841412,215,0.36109429055424236,0.37993443134478394,0.3796216432387798,0.06158292811389465,0.4781748908865163,215,0.25172293178570204,0.2825278555197613,0.28005531392754407,0.08880498514466531,0.5213116773541979,215,0.36679676704686826,0.38387888237471657,0.3933799594330978,0.06206466531231933,0.6509028374892519,215,0.5477214101461737,0.5670965892805963,0.560189165950129,0.0437897926887301
Trento,9,C075,300,0.6568457538994801,196,0.5017331022530329,0.5512420566146736,0.584055459272097,0.06720240183840044,0.4436737461517233,196,0.4267445759176099,0.44772504915526823,0.42664981850893974,0.07052581499103117,0.48041222977724246,196,0.3014359985195823,0.35614887372255255,0.38571678523634023,0.08732033348533495,0.5488453689873148,196,0.3825362587215415,0.43319565934499654,0.46331944391503516,0.0784723239506646,0.6646447140381283,196,0.6135181975736569,0.6240612362796073,0.6256499133448874,0.04059932476982006
Trento,0,C100,300,0.5661512027491409,145,0.5085910652920962,0.48777205040091637,0.4793814432989691,0.03844736224676213,0.41038437526894167,145,0.3704985851932753,0.36405631962913976,0.34049208229060873,0.04369419273096837,0.37578847150352057,145,0.32802458926098255,0.29469967652549833,0.2657937086376472,0.05239111242816898,0.42167380285237543,145,0.37651363122600967,0.3513388625358438,0.34186877659320064,0.04037728849495523,0.6142611683848798,145,0.6005154639175257,0.5904639175257731,0.5773195876288659,0.030555501204911996
Trento,1,C100,300,0.6099476439790575,300,0.6099476439790575,0.5719022687609076,0.5139616055846422,0.04380689300698029,0.38989120348970235,300,0.38989120348970235,0.37445062282286223,0.3279008805743011,0.04606202776536509,0.42487431157218775,300,0.42487431157218775,0.339800625920769,0.25559786833637776,0.059949550463051116,0.48897672042967844,300,0.48897672042967844,0.46578033270297514,0.381018367353081,0.058933358102697335,0.6230366492146597,300,0.6230366492146597,0.5964514252472367,0.5741710296684118,0.02578818641599585
Trento,2,C100,300,0.5935374149659864,2,0.548469387755102,0.5677721088435373,0.5586734693877551,0.029097949863889274,0.34407908687367816,2,0.31773193135435684,0.3209663632590622,0.3018037893010583,0.0373899945943725,0.32396531149382657,2,0.2720037522208182,0.31181259095326325,0.25982998517335854,0.042500846040965976,0.47985017173990285,2,0.4197961478067771,0.4417228908968766,0.4344309271958618,0.03436227123730702,0.5977891156462585,2,0.5671768707482994,0.5841269841269842,0.5663265306122449,0.023952787278762707
Trento,3,C100,300,0.6721453287197232,205,0.4818339100346021,0.5170126874279123,0.5358996539792388,0.07010355486705624,0.40990522951490127,205,0.38020018364723757,0.3859776909987952,0.3721582036133132,0.06394206944704758,0.4454646808819889,205,0.3207590710795694,0.339997162065097,0.3406466023365466,0.09232180753574053,0.5777728521177661,205,0.3596201616199729,0.40301697685661453,0.4134892516117564,0.08518783406997049,0.6721453287197232,205,0.6349480968858131,0.6536332179930795,0.6336505190311419,0.047011790235215664
Trento,4,C100,300,0.5994897959183674,211,0.5170068027210885,0.5427154195011338,0.4923469387755102,0.04589609586012662,0.3805976079294635,211,0.3632951803072074,0.3770271253490257,0.35106608031949876,0.047577060206914525,0.36930225008282597,211,0.3083634001626389,0.3207064984067867,0.27911827099686504,0.061679796445561735,0.4774043442080056,211,0.3785696742358273,0.42689088709690437,0.3640156875783292,0.05652208072371045,0.6547619047619048,211,0.5952380952380952,0.6008503401360544,0.5854591836734694,0.038262208833545204
Trento,5,C100,300,0.6023391812865497,291,0.5614035087719298,0.5383458646616541,0.5309106098579783,0.03156766849169093,0.37213320809768463,291,0.32450092962461746,0.34793504358291033,0.3041319548146296,0.04447209793963739,0.38526012455441294,291,0.2925733821317595,0.29888858668811696,0.2769177191271301,0.04240612117181157,0.4953697143181046,291,0.4291254357014964,0.42540888092919826,0.3944736439369127,0.03588447520588326,0.6248955722639933,291,0.5856307435254804,0.5895572263993317,0.5622389306599833,0.026750703194122157
Trento,6,C100,300,0.6418685121107266,134,0.47231833910034604,0.5253748558246828,0.5808823529411764,0.055126534268108776,0.366037614661146,134,0.3533188237085069,0.37756476736239347,0.36914931805800266,0.04285537796700294,0.3813152931608578,134,0.2453549748759094,0.322739918009991,0.3373591869186757,0.060620475990623035,0.5351824999004484,134,0.3744827347619095,0.4270231757674741,0.474712984354971,0.0541571351600576,0.6418685121107266,134,0.5493079584775087,0.6056516724336796,0.6150519031141869,0.027475244221926102
Trento,7,C100,300,0.6453781512605042,220,0.5411764705882353,0.5602240896358543,0.565546218487395,0.04535058231380974,0.42683236024134164,220,0.408229549581197,0.391175473278585,0.37410407458366857,0.06499684056840943,0.45281279843094396,220,0.3241267222141778,0.36320644470577973,0.35457065728186,0.07897859742483412,0.5405935014536558,220,0.43685092766099076,0.43749507289778483,0.44796032610584885,0.05630310401078931,0.6504201680672269,220,0.6243697478991597,0.6142577030812326,0.6100840336134454,0.036284763310952796
Trento,8,C100,300,0.6319862424763543,77,0.5090283748925194,0.5293207222699914,0.5249355116079106,0.057502031891403634,0.4279324968193584,77,0.3602277034278514,0.3843588615120403,0.38401851815637655,0.061703231568118265,0.40900522859448835,77,0.29290828159849486,0.3190345014856834,0.31686635756146064,0.08035878243343363,0.504250725053383,77,0.38536515385006964,0.3999678445352568,0.3914262713001475,0.06178322051725708,0.6440240756663801,77,0.5700773860705073,0.586987675551734,0.5838349097162511,0.04028033909954522
Trento,9,C100,300,0.6655112651646448,196,0.5476603119584056,0.5881282495667244,0.5805892547660312,0.07083361713782103,0.4437372204029081,196,0.40285301472932256,0.4148437742486909,0.41433162572762405,0.06797696381953788,0.5049237371744063,196,0.39951206099169967,0.42493428890873625,0.4246663084418664,0.09702345167918207,0.5602398993015277,196,0.42363433347781043,0.4700669685818344,0.4616095538245867,0.08262397208250007,0.6689774696707106,196,0.6334488734835355,0.6411034084344308,0.6429809358752167,0.04050702285138424
Trento,0,D0,300,0.5438144329896907,145,0.5051546391752577,0.4835624284077892,0.4690721649484536,0.035461236094627,0.37389494743475093,145,0.36088244807710906,0.3465487049827019,0.3316111977746164,0.037697250554107546,0.3444867268750483,145,0.31566567303125165,0.29411630788900955,0.27124299085093423,0.04943122581333244,0.3975137661091991,145,0.3679751211092561,0.3434813465303964,0.3304865106559681,0.03567070224241066,0.602233676975945,145,0.5927835051546392,0.5907216494845361,0.5837628865979382,0.02816155256990558
Trento,1,D0,300,0.5968586387434555,235,0.5933682373472949,0.5761489237929028,0.5301047120418849,0.04478975194557942,0.3629862759995069,235,0.3657870525529784,0.37935261957479444,0.3433783709177098,0.05087780132612043,0.34358151896424055,235,0.4021072999066788,0.3640914542166873,0.3066406936302416,0.06563973148137714,0.49710106382978725,235,0.4720387224593823,0.4696738825318067,0.4065424602130686,0.05777387985355861,0.618673647469459,235,0.612565445026178,0.6083769633507853,0.5942408376963351,0.029811422654648437
Trento,2,D0,300,0.625,255,0.5773809523809523,0.5946995464852608,0.5714285714285714,0.03635579127885044,0.3588462359023931,255,0.345613392315575,0.351863866842684,0.29962600318650034,0.044572448499681394,0.3971925730149395,255,0.3368993025356611,0.3661411400593398,0.279085172398576,0.06023638629380329,0.5159545276362211,255,0.4648157898351334,0.48295714562390424,0.4568226088131295,0.043354723650865915,0.625,255,0.5935374149659864,0.6083049886621316,0.5739795918367347,0.032349750761578734
Trento,3,D0,300,0.6807958477508651,205,0.4757785467128028,0.5304209919261823,0.5467128027681661,0.06884609672452977,0.4100092183511571,205,0.3737341359221273,0.4158706955262364,0.3577654485555251,0.06985100835542592,0.4620823440167035,205,0.31458020046676466,0.35803569536390356,0.3639136327352672,0.0974944948013715,0.5906527365533045,205,0.3552740565673076,0.42264335999719516,0.44118311383465847,0.08436218587212356,0.6807958477508651,205,0.6323529411764706,0.6752883506343713,0.6228373702422145,0.052494670897920113
Trento,4,D0,300,0.5875850340136054,185,0.5408163265306123,0.5400226757369615,0.5017006802721088,0.0401831563668239,0.36079687671433297,185,0.3719236097461816,0.3851905799200566,0.35517262086862816,0.05537424918576888,0.3637211389679233,185,0.3327611246181607,0.3275329033688051,0.30085649295807204,0.062362372113919574,0.4755720242555753,185,0.40518384749687153,0.4266156252754728,0.37786580895121513,0.05044121531233914,0.6496598639455783,185,0.6037414965986394,0.6096655328798186,0.5969387755102041,0.03847070045771099
Trento,5,D0,300,0.6441102756892231,253,0.6006683375104428,0.5663046505151769,0.5321637426900585,0.045074440220927485,0.3818850762198137,253,0.368247230691925,0.36803540705146587,0.29247534778342765,0.05355246058586353,0.4733504252498481,253,0.38345579518288103,0.36783903459526646,0.27521670874682486,0.07321883534082706,0.5373522703147029,253,0.4881471561494427,0.45968738884972654,0.40154718362836944,0.05311639135003354,0.6541353383458647,253,0.6274018379281537,0.6253968253968254,0.5664160401002506,0.04215192423082207
Trento,6,D0,300,0.6461937716262975,165,0.4818339100346021,0.5500865051903114,0.5977508650519031,0.05913093707113949,0.3782630410725138,165,0.3542908537754016,0.38644307919933574,0.3794936287031663,0.05087556615561801,0.4050399070575861,165,0.2535193789967387,0.346947367031402,0.36936729245340716,0.07317859099901335,0.5463804768721241,165,0.3757902413475728,0.4480332928420815,0.4961651388818893,0.06167030730496589,0.6461937716262975,165,0.5570934256055363,0.6202998846597461,0.6254325259515571,0.03257149435421303
Trento,7,D0,300,0.6504201680672269,196,0.565546218487395,0.5813445378151261,0.5966386554621849,0.04668428788210231,0.4243769160580507,196,0.4086573186167723,0.40948979084808135,0.4067952376563968,0.06699239341688808,0.4770109042398798,196,0.34915311777850033,0.4036773687060689,0.41454368066715724,0.08261213564924905,0.5514385878434276,196,0.4632976101682348,0.4675621465654005,0.486989942173896,0.05643537723310504,0.6554621848739496,196,0.6294117647058823,0.6322128851540616,0.6319327731092437,0.04014629699271155
Trento,8,D0,300,0.647463456577816,215,0.530524505588994,0.542390369733448,0.5361134995700774,0.057305656941182656,0.46729005744986857,215,0.3918496604171566,0.406724228427457,0.390253976985795,0.06708353192803244,0.5081602331659268,215,0.33052324043441217,0.3448654851330399,0.33128633406414154,0.08410251803476898,0.5382726402113278,215,0.4104580430487679,0.4169113719768252,0.4059220690657316,0.06191818445730126,0.6543422184006878,215,0.5975924333619949,0.6058756090570365,0.5984522785898538,0.04114398056268579
Trento,9,D0,300,0.6785095320623917,234,0.5736568457538995,0.6046504910456384,0.6026863084922011,0.0743778848637301,0.43374449405660204,234,0.399150609246233,0.41493083874698605,0.4138333933624482,0.0686195355144673,0.47376229989802665,234,0.40934797924289634,0.4361274053275307,0.4356437113149851,0.0986328999545702,0.5828881798475289,234,0.4534512102146272,0.4904778146559575,0.4886988163760222,0.08494992656547848,0.6785095320623917,234,0.6317157712305026,0.6411322934719815,0.6412478336221837,0.04089521613116205
Trento,0,E0,300,0.5438144329896907,145,0.5051546391752577,0.4835624284077892,0.4690721649484536,0.035461236094627,0.37389494743475093,145,0.36088244807710906,0.3465487049827019,0.3316111977746164,0.037697250554107546,0.3444867268750483,145,0.31566567303125165,0.29411630788900955,0.27124299085093423,0.04943122581333244,0.3975137661091991,145,0.3679751211092561,0.3434813465303964,0.3304865106559681,0.03567070224241066,0.602233676975945,145,0.5927835051546392,0.5907216494845361,0.5837628865979382,0.02816155256990558
Trento,1,E0,300,0.5968586387434555,235,0.5933682373472949,0.5761489237929028,0.5301047120418849,0.04478975194557942,0.3629862759995069,235,0.3657870525529784,0.37935261957479444,0.3433783709177098,0.05087780132612043,0.34358151896424055,235,0.4021072999066788,0.3640914542166873,0.3066406936302416,0.06563973148137714,0.49710106382978725,235,0.4720387224593823,0.4696738825318067,0.4065424602130686,0.05777387985355861,0.618673647469459,235,0.612565445026178,0.6083769633507853,0.5942408376963351,0.029811422654648437
Trento,2,E0,300,0.625,255,0.5773809523809523,0.5946995464852608,0.5714285714285714,0.03635579127885044,0.3588462359023931,255,0.345613392315575,0.351863866842684,0.29962600318650034,0.044572448499681394,0.3971925730149395,255,0.3368993025356611,0.3661411400593398,0.279085172398576,0.06023638629380329,0.5159545276362211,255,0.4648157898351334,0.48295714562390424,0.4568226088131295,0.043354723650865915,0.625,255,0.5935374149659864,0.6083049886621316,0.5739795918367347,0.032349750761578734
Trento,3,E0,300,0.6807958477508651,205,0.4757785467128028,0.5304209919261823,0.5467128027681661,0.06884609672452977,0.4100092183511571,205,0.3737341359221273,0.4158706955262364,0.3577654485555251,0.06985100835542592,0.4620823440167035,205,0.31458020046676466,0.35803569536390356,0.3639136327352672,0.0974944948013715,0.5906527365533045,205,0.3552740565673076,0.42264335999719516,0.44118311383465847,0.08436218587212356,0.6807958477508651,205,0.6323529411764706,0.6752883506343713,0.6228373702422145,0.052494670897920113
Trento,4,E0,300,0.5875850340136054,185,0.5408163265306123,0.5400226757369615,0.5017006802721088,0.0401831563668239,0.36079687671433297,185,0.3719236097461816,0.3851905799200566,0.35517262086862816,0.05537424918576888,0.3637211389679233,185,0.3327611246181607,0.3275329033688051,0.30085649295807204,0.062362372113919574,0.4755720242555753,185,0.40518384749687153,0.4266156252754728,0.37786580895121513,0.05044121531233914,0.6496598639455783,185,0.6037414965986394,0.6096655328798186,0.5969387755102041,0.03847070045771099
Trento,5,E0,300,0.6441102756892231,253,0.6006683375104428,0.5663046505151769,0.5321637426900585,0.045074440220927485,0.3818850762198137,253,0.368247230691925,0.36803540705146587,0.29247534778342765,0.05355246058586353,0.4733504252498481,253,0.38345579518288103,0.36783903459526646,0.27521670874682486,0.07321883534082706,0.5373522703147029,253,0.4881471561494427,0.45968738884972654,0.40154718362836944,0.05311639135003354,0.6541353383458647,253,0.6274018379281537,0.6253968253968254,0.5664160401002506,0.04215192423082207
Trento,6,E0,300,0.6461937716262975,165,0.4818339100346021,0.5500865051903114,0.5977508650519031,0.05913093707113949,0.3782630410725138,165,0.3542908537754016,0.38644307919933574,0.3794936287031663,0.05087556615561801,0.4050399070575861,165,0.2535193789967387,0.346947367031402,0.36936729245340716,0.07317859099901335,0.5463804768721241,165,0.3757902413475728,0.4480332928420815,0.4961651388818893,0.06167030730496589,0.6461937716262975,165,0.5570934256055363,0.6202998846597461,0.6254325259515571,0.03257149435421303
Trento,7,E0,300,0.6504201680672269,196,0.565546218487395,0.5813445378151261,0.5966386554621849,0.04668428788210231,0.4243769160580507,196,0.4086573186167723,0.40948979084808135,0.4067952376563968,0.06699239341688808,0.4770109042398798,196,0.34915311777850033,0.4036773687060689,0.41454368066715724,0.08261213564924905,0.5514385878434276,196,0.4632976101682348,0.4675621465654005,0.486989942173896,0.05643537723310504,0.6554621848739496,196,0.6294117647058823,0.6322128851540616,0.6319327731092437,0.04014629699271155
Trento,8,E0,300,0.647463456577816,215,0.530524505588994,0.542390369733448,0.5361134995700774,0.057305656941182656,0.46729005744986857,215,0.3918496604171566,0.406724228427457,0.390253976985795,0.06708353192803244,0.5081602331659268,215,0.33052324043441217,0.3448654851330399,0.33128633406414154,0.08410251803476898,0.5382726402113278,215,0.4104580430487679,0.4169113719768252,0.4059220690657316,0.06191818445730126,0.6543422184006878,215,0.5975924333619949,0.6058756090570365,0.5984522785898538,0.04114398056268579
Trento,9,E0,300,0.6785095320623917,234,0.5736568457538995,0.6046504910456384,0.6026863084922011,0.0743778848637301,0.43374449405660204,234,0.399150609246233,0.41493083874698605,0.4138333933624482,0.0686195355144673,0.47376229989802665,234,0.40934797924289634,0.4361274053275307,0.4356437113149851,0.0986328999545702,0.5828881798475289,234,0.4534512102146272,0.4904778146559575,0.4886988163760222,0.08494992656547848,0.6785095320623917,234,0.6317157712305026,0.6411322934719815,0.6412478336221837,0.04089521613116205
Trento,0,G0,300,0.4957044673539519,22,0.45962199312714774,0.4409221076746849,0.4231099656357388,0.03686377764831791,0.26563315031124635,22,0.3651595577650191,0.3443360651907493,0.3068348158051868,0.05779989078098613,0.21440833388674366,22,0.22673118780838514,0.22164797072207676,0.1752342425377892,0.04911596033997174,0.3469755226208602,22,0.32974475307455275,0.31021048222252773,0.2665025376568086,0.05072708626999054,0.5721649484536082,22,0.5489690721649485,0.5476804123711341,0.5266323024054983,0.03076689799323482
Trento,1,G0,300,0.5200698080279232,214,0.4956369982547993,0.4639325189063409,0.4454624781849913,0.036172295646906896,0.36921398575086556,214,0.3373500828365129,0.2902611189039897,0.2891813796953071,0.05258261675757807,0.25085457223816726,214,0.27064033332692683,0.18609567683076428,0.16501279712898026,0.04514507020437877,0.4100137597933222,214,0.36962856517477327,0.3480917487001149,0.31463814291844056,0.057587775007267236,0.5794066317626527,214,0.5567190226876091,0.5217277486910995,0.5165794066317626,0.03356424751957519
Trento,2,G0,300,0.4914965986394558,228,0.467687074829932,0.4502834467120182,0.42431972789115646,0.03850233345454434,0.2950784667060705,228,0.2772171286607244,0.2605234525995044,0.22281474357793926,0.04274839204144565,0.22823727160129154,228,0.1851291114497627,0.16302031612920326,0.10966777241150312,0.039300227476634496,0.37307117991325944,228,0.349477629943031,0.32603926237403436,0.3018811868713961,0.043488484549633416,0.5374149659863946,228,0.5110544217687075,0.5025793650793651,0.467687074829932,0.033084823499267904
Trento,3,G0,300,0.5692041522491349,205,0.4013840830449827,0.43843713956170693,0.4671280276816609,0.054175235941931014,0.37983618768858257,205,0.3277763324003541,0.32606600605041886,0.30733988258348044,0.06361409666406126,0.2723432111831757,205,0.16383870127531008,0.18395977200491148,0.1919429032960303,0.06552344445307981,0.4651941626263537,205,0.28257806691616505,0.2979950795707817,0.3133910176434749,0.06771572005976544,0.5977508650519031,205,0.5242214532871973,0.5451845444059978,0.5415224913494809,0.045570965259835894
Trento,4,G0,300,0.5076530612244898,272,0.44727891156462585,0.47171201814058955,0.4264455782312925,0.032794961599536265,0.36159358611402137,272,0.29347593938312017,0.34423660311212423,0.26899764469828746,0.05839621929588943,0.2102441091339242,272,0.1897571030395033,0.1951237048335108,0.13610279217582663,0.04354006217376586,0.3918088956693546,272,0.3037522144851237,0.3555582517152891,0.27643908128978173,0.051630100977149616,0.5459183673469388,272,0.532312925170068,0.5460884353741497,0.516156462585034,0.03564815644372526
Trento,5,G0,300,0.47201336675020883,254,0.3993316624895572,0.3971038707880813,0.39097744360902253,0.03082923847359244,0.3289296563676171,254,0.21127242709565297,0.2556672366754683,0.2033039490702292,0.04608459211743981,0.23256281037801108,254,0.12302895737683583,0.12843431596106425,0.11409973113087718,0.04195686425811934,0.3494755416135674,254,0.2625065982052882,0.2684994385187717,0.24325533755215112,0.035233834325472335,0.5430242272347535,254,0.467000835421888,0.48632692843219166,0.4569757727652464,0.030215332339660755
Trento,6,G0,300,0.4870242214532872,170,0.4282006920415225,0.46389850057670134,0.4455017301038062,0.035484754928032464,0.26914298766056094,170,0.31310057181182815,0.32767915584641316,0.30258435568047415,0.04969175563989603,0.16930938436431595,170,0.1471875040878074,0.20828003529786654,0.1595222490584879,0.04763358726202763,0.36746374839099594,170,0.31892720579715306,0.34885184159450733,0.3264914248201537,0.04328120281454125,0.5285467128027682,170,0.5051903114186851,0.5350346020761246,0.5242214532871973,0.026827848862636745
Trento,7,G0,300,0.5243697478991597,119,0.37899159663865545,0.4250700280112045,0.4184873949579832,0.043072352437383256,0.3439628798814385,119,0.2544617587504654,0.28846474486501783,0.27674702034307475,0.06435047723925941,0.21838301247321293,119,0.10841182666837645,0.15981495464275602,0.13698567294349873,0.05338065937170377,0.4183110171482265,119,0.2602776829139042,0.2918532498178386,0.27974541067524145,0.05287173317225653,0.5310924369747899,119,0.473109243697479,0.4920168067226891,0.47983193277310926,0.03760496693952315
Trento,8,G0,300,0.586414445399828,77,0.4342218400687876,0.4803668672972198,0.4767841788478074,0.06221491771945933,0.3930611622865867,77,0.33378815783460564,0.36362668245615976,0.3637821617187532,0.07447321219881892,0.3367268739656509,77,0.13836154129790212,0.204634300364461,0.204331339663188,0.0924042738855172,0.4692002083714857,77,0.3147122298937036,0.35784444029109364,0.3494393219259022,0.07446749544808176,0.6079105760963026,77,0.5202063628546861,0.5453711665233593,0.5412725709372312,0.044436254726478615
Trento,9,G0,300,0.5727902946273831,196,0.47746967071057195,0.515049104563836,0.48223570190641246,0.06145992830446267,0.4000944773298718,196,0.32822268830063456,0.36613179681010294,0.3282080635547392,0.0664573910791384,0.33555911657181814,196,0.21125062518882048,0.2553248424739871,0.21820493144620184,0.07042595378402032,0.4621241916575275,196,0.3539923484899826,0.3941498201200574,0.35741641972255594,0.0774339140487983,0.5866551126516465,196,0.5346620450606586,0.5580011554015021,0.5415944540727903,0.033288063269192834
XuZhou,0,B0,300,0.555185801442041,286,0.4620077648363838,0.49182843409132926,0.3987798114254021,0.07395655411011307,0.3820166832707323,286,0.3888095282321776,0.375932029004638,0.29394142056471895,0.08064329736584727,0.36741150401387,286,0.24917127664760114,0.27901672517209164,0.20009540691323208,0.08431332479497555,0.46307265978070733,286,0.3534691179667202,0.3909168272319199,0.2805150842972284,0.08709256334205491,0.5768164170826401,286,0.5540765391014975,0.5471991125901275,0.4545202440377149,0.064780129865948
XuZhou,1,B0,300,0.4553812871822607,276,0.3807463493780422,0.4054263565891473,0.3420767982693348,0.052147133211541435,0.29156205044527345,276,0.3026266918894724,0.2953250916963203,0.2471458630251779,0.0653532214737925,0.2526702369814181,276,0.20359285157184073,0.2159085759780641,0.1487651123748886,0.0689992045055783,0.33265246508593893,276,0.2581286425934284,0.2850472669027107,0.2126177327874903,0.06348106869044708,0.45592212006489996,276,0.43482963764196864,0.4522264287001983,0.41076257436452135,0.05032434129279967
XuZhou,2,B0,300,0.5523545706371191,193,0.5119113573407202,0.47831948291782095,0.42354570637119116,0.07908381562128218,0.39497489195765567,193,0.36454283827575296,0.34668021215193967,0.297031743882911,0.08467619605415,0.39628570442544125,193,0.3392972669367459,0.2914149176973781,0.21606080182100182,0.1015679853495616,0.45013144981625675,193,0.41020816596902177,0.37290604849477077,0.31336791797170993,0.09332141861349622,0.5628808864265928,193,0.535180055401662,0.5186703601108034,0.4858725761772853,0.06910466651261511
XuZhou,3,B0,300,0.5632060247444863,254,0.4427111350188273,0.472512103281334,0.4252286175363098,0.07660390033382551,0.3945298642333903,254,0.32333820200117763,0.33020431560841784,0.28348129780835873,0.0820954006994132,0.36080183151468753,254,0.26768189211776505,0.2579915963061571,0.1926804968566035,0.08556575916250275,0.46468689934961316,254,0.3380337313651377,0.36572375696691645,0.30665446193972684,0.09604018129855868,0.5664335664335665,254,0.4959655728886498,0.5197955890263583,0.4623453469607316,0.06835375539374393
XuZhou,4,B0,300,0.5384190160309563,271,0.4720840243228303,0.4597567716970702,0.3714759535655058,0.07902074141960988,0.3693132274281953,271,0.34375551923188546,0.31763681440172753,0.22530306113689158,0.08278281795670853,0.33871063647957916,271,0.2461843441869867,0.2481516333239371,0.13524559147590076,0.09025403681046404,0.4325331648293521,271,0.3633354449902322,0.34829126940070676,0.2410100184606626,0.09991329960033653,0.5406301824212272,271,0.4842454394693201,0.47728026533996676,0.39718076285240467,0.06815555283705396
XuZhou,5,B0,300,0.5417136414881624,223,0.4131905298759865,0.37534761367906805,0.3692220969560316,0.06105497853922767,0.35584404863304786,223,0.27904492505814016,0.26175557827739876,0.23084770221944825,0.06465103332084668,0.3127296858338747,223,0.2032021135662624,0.17071931703511115,0.14927282767060812,0.0653916281480317,0.43018844219616525,223,0.29624770161482405,0.25729295395779705,0.23932642674608023,0.07586364155302294,0.5529875986471251,223,0.48759864712514095,0.4653513716647877,0.4120631341600902,0.0553678461950401
XuZhou,6,B0,300,0.4336134453781513,3,0.33725490196078434,0.3403921568627452,0.3215686274509804,0.03484286306893193,0.34310958836571614,3,0.2701536310859595,0.27621782543221324,0.2490928332227727,0.05108337994809883,0.2402852809403875,3,0.12223510787230903,0.12198418800403509,0.11657679213261915,0.03749867371266809,0.32410370383687115,3,0.2092320021270342,0.22751593916911658,0.2073066279048234,0.04467525916781352,0.5490196078431373,3,0.4403361344537815,0.4336881419234361,0.4218487394957983,0.03516280998941407
XuZhou,7,B0,300,0.5424581005586592,274,0.47094972067039104,0.49415270018621976,0.3594972067039106,0.08632219922816772,0.3650490602111398,274,0.3357684203469085,0.3528527417529098,0.25463307834750143,0.09059633882766159,0.37040097652763515,274,0.24631032338852793,0.2908350788492699,0.15867860884522728,0.09977072279227285,0.44469928171243567,274,0.36800195065499064,0.39282141652880587,0.25019823763693905,0.10990107162283301,0.5636871508379888,274,0.5150837988826815,0.5333519553072626,0.4511173184357542,0.08114988759105042
XuZhou,8,B0,300,0.5509761388286334,259,0.47668112798264645,0.4837129428778019,0.3359544468546638,0.07978057275340052,0.38600760345247404,259,0.3758903961687412,0.3554100142079418,0.19530013406427627,0.08448688908832938,0.3862115412596991,259,0.3262388065818948,0.3302555787374334,0.11695438526544713,0.11121044392379796,0.44606865005826535,259,0.375159988271916,0.38067504330839314,0.2103211731636771,0.10048598185666481,0.5547722342733189,259,0.5504338394793926,0.5426789587852494,0.4029284164859002,0.06961571503643926
XuZhou,9,B0,300,0.5770491803278689,231,0.48743169398907105,0.45726775956284155,0.43196721311475406,0.07893575583584361,0.4245261201120916,231,0.3615562518951371,0.3376816094849923,0.3040028711839622,0.08334654255058649,0.3782899210453718,231,0.2724101428969506,0.25974769087113597,0.2131106524607969,0.09626659110673716,0.4761089991544776,231,0.3797004707878795,0.3478317592704749,0.31335810328401115,0.09812568407345248,0.5770491803278689,231,0.5475409836065573,0.5224590163934425,0.46912568306010927,0.07291720465929442
XuZhou,0,C025,300,0.49195784803105935,231,0.43926788685524126,0.43636531706415227,0.37603993344425957,0.06665881757945673,0.38329778849113044,231,0.3595301571063665,0.3579917007626411,0.32246680512305664,0.09976595949741446,0.2752217058052969,231,0.24997608690151224,0.23295423295957843,0.17899333525898653,0.08543724627447971,0.3927875627094528,231,0.3375599403276889,0.3317708533187104,0.267709872201805,0.08656757346289856,0.5374376039933444,231,0.5379922351636162,0.5339619153263081,0.47420965058236275,0.07121026642162509
XuZhou,1,C025,300,0.4856679286100595,258,0.38994050838290967,0.3939787272399496,0.340454299621417,0.061236004770000886,0.36525405710108577,258,0.28641162067819087,0.2948351431684435,0.21630852514456222,0.09072038338713959,0.291008941461693,258,0.13250427664924128,0.1769424382280717,0.1253527606408018,0.07852432822464209,0.3849454971296974,258,0.25773046182404946,0.2808077127504901,0.2287432968813422,0.08734558379072864,0.5462412114656571,258,0.4597079502433748,0.4483324319451956,0.40751757706868574,0.06366956090208249
XuZhou,2,C025,300,0.5213296398891967,283,0.4664819944598338,0.4576731301939059,0.36204986149584484,0.07638087142349971,0.37612297703645614,283,0.34265725254587165,0.35336354267642084,0.27107008109051267,0.10745276848761783,0.318928533292567,283,0.284993795803008,0.273032747907536,0.1543096442552344,0.09658964170575865,0.41312785482636416,283,0.3617528695537229,0.35045856566188327,0.2486429665246177,0.10505614926761385,0.5379501385041551,283,0.5174515235457063,0.5240073868882733,0.4667590027700831,0.07904887775127968
XuZhou,3,C025,300,0.49058633674018287,270,0.4072081764389457,0.4117984579523041,0.35852608929532004,0.06440986407900738,0.3673278153067368,270,0.3233309827344012,0.3130844328163188,0.25398918012851135,0.0940274196666633,0.3002481887872745,270,0.22087416873250323,0.20446241332746357,0.14137060836741455,0.08030690953654115,0.3895851681310376,270,0.3113486301383678,0.30406810390453837,0.23367595278823672,0.09487187206040276,0.5158687466379774,270,0.4878967186659494,0.4724583109198494,0.42845615922539,0.06806367582995217
XuZhou,4,C025,300,0.4787175234936429,258,0.4665561083471531,0.4235673484429702,0.3446655610834715,0.07033658196183612,0.3161943562489663,258,0.2971261888565185,0.2853737695704764,0.19892310503077548,0.08816557478919275,0.28219005096912475,258,0.26459633049125364,0.19415128084979133,0.10590730356223015,0.0771001254647251,0.3678268516470017,258,0.35810327577160084,0.3112244383587663,0.23216905132905374,0.09576316403363405,0.5063571033720288,258,0.47318960751796574,0.44230698360051596,0.3819789939192924,0.0625749109867542
XuZhou,5,C025,300,0.5011273957158963,262,0.4346110484780158,0.4293310785419016,0.34498308906426156,0.07807514110391801,0.3191066411075032,262,0.34123208894344725,0.328966635701388,0.21743222542488339,0.09773270646813154,0.28857529994321285,262,0.2418435095698754,0.22335375866322896,0.11252047837646384,0.08905828397770946,0.38911655574716575,262,0.3214102654068056,0.32052895716931956,0.23370232274105796,0.11575969769067763,0.5050732807215332,262,0.5090191657271702,0.49678692220969556,0.4123449830890643,0.07578324492926715
XuZhou,6,C025,300,0.4801120448179272,1,0.39551820728291315,0.3855835667600374,0.37058823529411766,0.04604906706387342,0.345883816364872,1,0.32513405666721346,0.32548827940630914,0.2775191860180301,0.08850090208586932,0.27119195173435395,1,0.20686279286540196,0.19843210887095625,0.16552015437814782,0.06917242470177923,0.37295873174498617,1,0.28406012807269065,0.2691712484234606,0.2462101680503268,0.07005751581671849,0.5288515406162465,1,0.5042016806722689,0.5048926237161531,0.4773109243697479,0.06535379466670818
XuZhou,7,C025,300,0.49050279329608937,284,0.43072625698324024,0.4453631284916201,0.3684357541899441,0.06711440528560145,0.3623760489515448,284,0.3554266159661643,0.38254654928987336,0.2988989238367816,0.12282433740343797,0.30184265870239835,284,0.2563935185786145,0.257758244363239,0.16542937093686605,0.08899638295094642,0.388554956941756,284,0.33376141849598207,0.343099571984341,0.25113644237190663,0.09742153617362576,0.5407821229050279,284,0.5519553072625698,0.5544320297951584,0.4745810055865922,0.09815252436472449
XuZhou,8,C025,300,0.4831887201735358,224,0.37689804772234275,0.3894432393347795,0.351409978308026,0.05864880146014895,0.34216788941335297,224,0.3508869160590716,0.321012104728096,0.23910980864931,0.08143926494494245,0.27251389257564984,224,0.22551509090486851,0.1959858722067763,0.12363408209777706,0.08046396337383133,0.38550742881520117,224,0.2760374631399469,0.28264521525120423,0.23228609036387265,0.08414185916825273,0.5498915401301518,224,0.5249457700650759,0.49833694866232825,0.4135032537960954,0.06243287602782448
XuZhou,9,C025,300,0.5508196721311476,281,0.44153005464480877,0.4397449908925318,0.3904371584699453,0.06846938881203829,0.4284714341021446,281,0.3417292427213178,0.366491621917081,0.30220806883109,0.10184333513376247,0.34140673408488964,281,0.24367748601557868,0.24068379960768796,0.18000366798591796,0.07762158891627044,0.4450709680989403,281,0.3324124046945943,0.33544410422247656,0.27526238242502776,0.08493680238714366,0.5612021857923497,281,0.533879781420765,0.5192714025500911,0.46557377049180326,0.07487474393817525
XuZhou,0,C050,300,0.49195784803105935,231,0.4492512479201331,0.4434276206322796,0.3840820854132002,0.06660004630147612,0.38219643208395765,231,0.36708945505215806,0.36534162557333827,0.330716899365204,0.0980910922251626,0.2711333283658797,231,0.2580094262697049,0.24233418374698673,0.191262575060739,0.08379871657982361,0.3914708916728077,231,0.3473090216702217,0.3392439903657068,0.27301041489346967,0.08674974674295378,0.5391014975041597,231,0.5457570715474209,0.5414679238306525,0.4805879090404881,0.070100350723635
XuZhou,1,C050,300,0.4943212547322877,258,0.40508382909680907,0.4078781323237786,0.3628988642509465,0.06538472806250722,0.3750034487643969,258,0.3073613887138071,0.31274830079994537,0.25551679562818863,0.09647742774909436,0.298353160827399,258,0.15837758881266054,0.2017953513277178,0.15743625263025135,0.08299861489364259,0.3926871568569936,258,0.3100870303213681,0.2959455584044188,0.24449232032565155,0.09072706016538949,0.5494862087614927,258,0.4748512709572742,0.4615648098071029,0.43131422390481344,0.06795359568864992
XuZhou,2,C050,300,0.5196675900277008,283,0.4808864265927978,0.46703601108033244,0.37257617728531855,0.07793458458975756,0.380375278409669,283,0.35837311431408125,0.3646120758509184,0.29457883803301377,0.10909247626360838,0.31895393521202464,283,0.302562982249232,0.28301021466724224,0.17270596659986645,0.09748411650726792,0.40960753681429096,283,0.3755814863603606,0.3604903755923662,0.2630519341795718,0.1054021913264901,0.5368421052631579,283,0.5285318559556786,0.529972299168975,0.4828254847645429,0.07938074695457585
XuZhou,3,C050,300,0.5045723507261969,270,0.42173211403980637,0.4237045006275776,0.36417428725121037,0.06690699136630095,0.3780042190049417,270,0.3351094206342285,0.3212586007834763,0.2671174822937551,0.092708702516968,0.3104473300087787,270,0.2321786323342078,0.21450551721575079,0.15123128181107454,0.08112580132231426,0.4036553101019277,270,0.3253475932218268,0.3161187240668385,0.2461142037242779,0.09717132671462748,0.5228617536309844,270,0.49973103819257664,0.47584722969338356,0.43329747175901023,0.06689259122009482
XuZhou,4,C050,300,0.4847982310668878,204,0.47374239911553345,0.43359130274553154,0.3623548922056385,0.07131074379213097,0.3391003160045581,204,0.3132383173186953,0.30038335998881294,0.23519294952244793,0.09126134061823458,0.2655583903936657,204,0.2797608981167208,0.213245990390459,0.14159157819279106,0.08124444655754054,0.36842460149781087,204,0.36401096364728136,0.32049165876315655,0.242446820587164,0.09691527545471264,0.4886677722498618,204,0.4886677722498618,0.45424728210797866,0.40105030403537867,0.06353846171453538
XuZhou,5,C050,300,0.5112739571589628,262,0.4374295377677565,0.4351559564073657,0.363021420518602,0.0821167883737773,0.32843839979333617,262,0.3466390187733502,0.3321826793145448,0.24266166912011725,0.09986888021552986,0.2910878966217663,262,0.24705183650344828,0.22704395353849058,0.14285243910836737,0.09192612246464185,0.3987996772872112,262,0.3230581700166094,0.3243148549828198,0.25065893869684,0.11749928497231954,0.5157835400225479,262,0.5146561443066516,0.49815858699736937,0.42841037204058624,0.07763546193544404
XuZhou,6,C050,300,0.4857142857142857,1,0.43753501400560224,0.39755368814192343,0.3792717086834734,0.04979974703983281,0.3385102389720843,1,0.3362491536643086,0.3439390059785807,0.2915653515742519,0.09194193828356292,0.26721717889899227,1,0.24561383378458265,0.22899156885974617,0.182857602137396,0.07683451893104223,0.3768245024499104,1,0.327378293881197,0.2896691392957901,0.2617443816290269,0.07489292335120987,0.5316526610644258,1,0.5148459383753501,0.5185807656395892,0.48823529411764705,0.06764316625251134
XuZhou,7,C050,300,0.49553072625698324,284,0.4435754189944134,0.4488826815642458,0.37178770949720674,0.06481473502911526,0.3753225251428545,284,0.3622671021010261,0.3835911960666437,0.30682531679656,0.1193854550319586,0.3030040752894166,284,0.26229727022127686,0.25574713435226154,0.17074038485227144,0.08569369178457462,0.3930875124424251,284,0.3446337486196741,0.34606617307146664,0.25899146564698716,0.09476376460912773,0.5469273743016759,284,0.5581005586592179,0.5540968342644319,0.4782122905027933,0.09489084553928942
XuZhou,8,C050,300,0.48752711496746204,224,0.38503253796095444,0.3976500361532899,0.37039045553145333,0.0627684662597936,0.3570951704297427,224,0.35876668487057584,0.3344153288686927,0.2657378754871441,0.08558709097036901,0.28411478319907457,224,0.23364374913320496,0.2125311552264737,0.15268052447902963,0.08394886122322122,0.38789123546154747,224,0.2803706798412552,0.28976437618922574,0.25049039807575957,0.08409501587201315,0.556941431670282,224,0.5276572668112798,0.5097433116413594,0.4341106290672451,0.06532838458590558
XuZhou,9,C050,300,0.5519125683060109,281,0.4453551912568306,0.4438979963570127,0.39672131147540984,0.06470354045883783,0.42933515667976,281,0.35472544948594453,0.37090125106962174,0.31572119430359596,0.09676229990090987,0.33938604126125593,281,0.24300397191097303,0.2440180501345399,0.1880167118662973,0.0719566265596818,0.4453430401381504,281,0.3354694288031581,0.3378727818297197,0.27933295568802363,0.08198161140991148,0.5606557377049181,281,0.5426229508196722,0.5228415300546448,0.4710382513661202,0.07093929365997925
XuZhou,0,C075,300,0.5030504714364947,231,0.45757071547420963,0.4510260676650028,0.3987798114254021,0.06569982860170695,0.3870173893397822,231,0.3688399518292323,0.37002408178176627,0.3359103702339743,0.08840700989304333,0.275435537596498,231,0.25953592571806544,0.2504382193840031,0.20256424840304849,0.07431435337169652,0.4022582263643266,231,0.35452326497383446,0.34652295439883096,0.2861078177594854,0.08058436675916397,0.5463117027176927,231,0.5496394897393233,0.5495470512109447,0.4839156960621187,0.06359301165794755
XuZhou,1,C075,300,0.502974580854516,272,0.42076798269334775,0.4189291508923742,0.3839913466738778,0.06788912485710631,0.35428807251020406,272,0.3161632717266824,0.3271962801428355,0.2943589250089078,0.0903197147847135,0.31205122106329036,272,0.18721808947426818,0.22166545743139138,0.18729650327201525,0.07438185839184722,0.3989763117795947,272,0.3254233904757752,0.31003371872519014,0.2673059757716456,0.08262983730346736,0.5175770686857761,272,0.4856679286100595,0.47371552190373173,0.4505137912385073,0.0658977835243216
XuZhou,2,C075,300,0.5274238227146815,254,0.4969529085872576,0.4778024007386888,0.4002770083102493,0.0745628457056528,0.3943992197866876,254,0.3735342315447237,0.3710335927416611,0.3199481466149108,0.10222041729765939,0.35245476651367075,254,0.31674940480440245,0.2913594702565409,0.20572993481029808,0.09071008643782343,0.42247864581536,254,0.3928410411508807,0.371020524629911,0.2930543718025154,0.08983611931908114,0.5407202216066482,254,0.539612188365651,0.534921514312096,0.49889196675900277,0.07365649819161776
XuZhou,3,C075,300,0.506186121570737,266,0.4319526627218935,0.43422987269141117,0.3816568047337278,0.06668733844410693,0.3494277477263246,266,0.33741856820960753,0.3284662425381305,0.28334327797986536,0.08381081864783403,0.31219931012986474,266,0.2374064823627306,0.22475044878535913,0.1717152047837559,0.07392328610681924,0.4003082510932161,266,0.3348440574870296,0.3252715018138819,0.25864899492260496,0.090024979115048,0.5196342119419043,266,0.5040344271113502,0.4798099336560874,0.4384077461000538,0.0611478822433472
XuZhou,4,C075,300,0.49143173023770037,296,0.4671088999447208,0.4404274921687857,0.3805970149253731,0.06837318315609314,0.3236208418844925,296,0.3205115488588439,0.31272866549577844,0.2736070781998088,0.08404892245045151,0.2837205522064869,296,0.278835363646106,0.22797988653663895,0.18155146813493428,0.07385110285913757,0.37907692032181095,296,0.35549280033528585,0.32556959243658457,0.2540928425100922,0.08793520224658113,0.49143173023770037,296,0.4925373134328358,0.4666113875069099,0.4168048645660586,0.060253629163767725
XuZhou,5,C075,300,0.507891770011274,262,0.4250281848928974,0.43735437805336336,0.3838782412626832,0.0792849617022741,0.322378541282706,262,0.3304616392644714,0.3241842433583288,0.2566328869194291,0.09050440550811373,0.275954831689058,262,0.23471688315321265,0.2200122951541678,0.17671193763507903,0.08145557664067447,0.3906953193327597,262,0.30781668931891404,0.3228188983081777,0.2671430725972159,0.1023695533440547,0.5129650507328072,262,0.5073280721533259,0.49712514092446447,0.44813979706877116,0.07401288411885158
XuZhou,6,C075,300,0.48627450980392156,1,0.45546218487394957,0.42072829131652667,0.40560224089635855,0.05767344188257645,0.3322398983825106,1,0.3449411740956967,0.34771444389482126,0.3128870859649684,0.08236704406670646,0.23275777775716275,1,0.26156332374352814,0.2531881118926385,0.22347245420427603,0.07672451780014465,0.3659782793104971,1,0.3414249198901047,0.3133543183500063,0.2951375476745139,0.0735622573784275,0.527170868347339,1,0.5154061624649859,0.5229505135387488,0.5081232492997199,0.06088123713861647
XuZhou,7,C075,300,0.5044692737430168,284,0.4564245810055866,0.45625698324022346,0.388268156424581,0.0680833639596646,0.3837934632113341,284,0.3676041966317514,0.3862467753820351,0.3192994512412213,0.11101095310312498,0.3054615517849433,284,0.26442657414385373,0.25918849035473557,0.19449847906043566,0.08338641692810893,0.40150501098621083,284,0.35540019393472844,0.35274929407765715,0.28542640393276114,0.09160264647713087,0.5525139664804469,284,0.5581005586592179,0.5556797020484171,0.4972067039106145,0.08606674221606694
XuZhou,8,C075,300,0.5103036876355749,224,0.3947939262472885,0.41245480838756327,0.40428416485900215,0.0634353481492542,0.35209325267300934,224,0.349772989779174,0.33934777128534405,0.2979254574164721,0.07849703918544862,0.2891715126982881,224,0.22812019029854297,0.23535230023450332,0.19522141784654562,0.07355946618790725,0.407179712841392,224,0.2897102586776398,0.3081556522820429,0.2877873229506564,0.07738549067398696,0.5493492407809111,224,0.5211496746203904,0.5176970354302242,0.46502169197396964,0.06121337265869549
XuZhou,9,C075,300,0.5530054644808743,281,0.4278688524590164,0.44628415300546453,0.3989071038251366,0.06081826190729317,0.4249982496338973,281,0.3527216316479366,0.37094054948334093,0.3221977319297251,0.08576581555566513,0.33826169273564716,281,0.2235682372983862,0.24320091345903402,0.19663364031671454,0.06322778772912133,0.44532036533991515,281,0.31549851882655044,0.3389931000712688,0.28415074509919624,0.07354521113857754,0.5584699453551912,281,0.5371584699453552,0.5258287795992714,0.47896174863387975,0.06256512191404234
XuZhou,0,C100,300,0.5058236272878536,231,0.46589018302828616,0.45531521538177105,0.4173599556295064,0.05907659245849564,0.386368042122873,231,0.37605332928820107,0.3720843464112019,0.3403722036522984,0.07948225475100608,0.2774760824628543,231,0.26774443954998095,0.25879552910399933,0.2192157033356278,0.06610539335787827,0.40436759942575107,231,0.3625880930275588,0.35101784168557165,0.30315892453581705,0.07269337881756875,0.5496394897393233,231,0.5579589572933998,0.5553521907931226,0.49556295063782585,0.05884422437260114
XuZhou,1,C100,300,0.505137912385073,272,0.439697133585722,0.4358572201189832,0.38939967550027044,0.062384624683939946,0.3557234024487286,272,0.32670652186255017,0.3292371534108062,0.29792150088979663,0.0847798019789619,0.3193279099813879,272,0.22564915159296303,0.23675677366293096,0.1994179528154472,0.06613273951176217,0.40022355550387556,272,0.3431893358496234,0.3260522444215918,0.274493324345959,0.07566394344028961,0.5202812330989725,272,0.49378042184964843,0.48069226608977833,0.45078420767982696,0.0670833270055466
XuZhou,2,C100,300,0.5301939058171745,291,0.5047091412742383,0.4820498614958449,0.42548476454293627,0.06639546118817478,0.39825865186588855,291,0.36473475504323694,0.36769966397058934,0.32448609419119023,0.0951593235785178,0.3405013046780155,291,0.32706179375614375,0.29532619536921395,0.2366392395991534,0.07970028576770594,0.4189216430276784,291,0.39363524999812116,0.3761611693908462,0.31392085355709093,0.08310605338286543,0.5578947368421052,291,0.5385041551246538,0.5367867036011079,0.5083102493074791,0.06856039071692316
XuZhou,3,C100,300,0.506186121570737,270,0.4319526627218935,0.4484489869105254,0.39671866594943517,0.05963076896632609,0.37123217981858025,270,0.32445117200659285,0.3312731507872849,0.2846066291947472,0.07395156056141014,0.30234669752492405,270,0.23112586140863803,0.23589645517418117,0.18090505984706332,0.06204635684778818,0.4054959234491897,270,0.33267567580429913,0.34001715752518785,0.27253865718095194,0.07923326702823395,0.5244755244755245,270,0.49488972565895645,0.4894029047875201,0.4518558364712211,0.05827905289794722
XuZhou,4,C100,300,0.5030403537866225,204,0.49087893864013266,0.4548737792518887,0.3988391376451078,0.06592245382300883,0.34343719023817015,204,0.32652499151617836,0.3186292405143333,0.27746040216422707,0.07829688470253383,0.27452426947413877,204,0.2862345716460072,0.2351692223084519,0.194965847931171,0.06388776933787081,0.38447356927066734,204,0.37871168243048736,0.3384415087387961,0.27082966526370766,0.0856396319320167,0.5058043117744611,204,0.4986180210060807,0.47359498802284866,0.4262023217247098,0.05552370101953937
XuZhou,5,C100,300,0.5174746335963923,262,0.41995490417136416,0.4469936114242766,0.4007891770011274,0.07064901199527755,0.322401266619242,262,0.32850879824272783,0.32098353075840586,0.2592491760129953,0.07966055727994568,0.2749365329283419,262,0.24738396863640386,0.2272716913081359,0.18356128889847823,0.06342302132075077,0.4002150236944736,262,0.30346932522477177,0.3320712877900908,0.2797543903887067,0.0889129528425264,0.5225479143179256,262,0.5118376550169109,0.5037767756482527,0.4630777903043969,0.06763634940931675
XuZhou,6,C100,300,0.4946778711484594,1,0.46330532212885156,0.43253034547152197,0.4305322128851541,0.055884381332156015,0.32289476616427737,1,0.34123717119731867,0.3447861582630614,0.3174741972447038,0.07473110275740487,0.26124399987059854,1,0.26979576297351593,0.26290649328335114,0.2505677069479598,0.07135879205125531,0.37476797522169536,1,0.34932346047304486,0.3235542082221408,0.3212442614143664,0.06990619144407097,0.5288515406162465,1,0.5148459383753501,0.5213258636788048,0.5170868347338936,0.06080621446740518
XuZhou,7,C100,300,0.5217877094972067,284,0.45977653631284915,0.4653817504655494,0.4122905027932961,0.0673683481693714,0.3871296829118917,284,0.36218522813539833,0.3850108296799111,0.3196280675815424,0.10344011526856932,0.32143382296502354,284,0.2699623841438961,0.2700622797347358,0.21770486716264875,0.07706565397936983,0.41789391904598183,284,0.3594907986447743,0.3630731128588287,0.3051842758858241,0.08769663904197322,0.5575418994413408,284,0.5592178770949721,0.5610055865921788,0.503072625698324,0.08107037434483068
XuZhou,8,C100,300,0.5119305856832972,257,0.4002169197396963,0.41328633405639914,0.41594360086767895,0.05825091795453128,0.3561553136196735,257,0.34845963067726426,0.33294584278894457,0.2984793538730672,0.07003442686634222,0.31723879952733236,257,0.23041920298641022,0.24164513651037386,0.20420849830263615,0.06172886172746242,0.40525742971297474,257,0.29709479099962155,0.3092601372506579,0.2974400097971899,0.07352521313661069,0.5406724511930586,257,0.5206073752711496,0.5204627621113521,0.4747830802603037,0.058555744883755506
XuZhou,9,C100,300,0.5502732240437158,281,0.39726775956284155,0.45406193078324225,0.4144808743169399,0.0573319627415715,0.4132356786768361,281,0.34582209915505474,0.37200258443018114,0.32465115493002317,0.08252168362079226,0.34096511277154795,281,0.20453821430798347,0.2493750632363056,0.21104507385518664,0.06055298565878981,0.4405769216483051,281,0.28469089173281426,0.3477836632719665,0.299384929953368,0.07011852722910254,0.5562841530054645,281,0.5245901639344263,0.5364480874316939,0.4852459016393443,0.06270606194891093
XuZhou,0,D0,300,0.5069328896283971,293,0.45757071547420963,0.45551858014420415,0.4151414309484193,0.06411946705004139,0.358183231539131,293,0.3593422404845753,0.3550702940811458,0.3277938696623184,0.07605889273568466,0.302736911204931,293,0.281167749099851,0.27261204817479706,0.23343105967326588,0.0718512819447247,0.4037773818336018,293,0.3584281228135474,0.3531917846031992,0.30635041251817174,0.074741774641582,0.5712701053799224,293,0.5629506378258459,0.5621741541874652,0.5019412090959512,0.06092274710730591
XuZhou,1,D0,300,0.5024337479718767,206,0.43645213628988644,0.4409049936902831,0.39778258518117904,0.06551345830596984,0.3259747837386624,206,0.30949405407792424,0.3136353902110845,0.2855964423805918,0.07728071590719365,0.2818659310129515,206,0.23960786587848704,0.2524430340696613,0.20792975539557496,0.07132245662231182,0.38752459597787126,206,0.34073786136681394,0.33264426888871024,0.2809164422745614,0.07449176906520003,0.5083829096809086,206,0.4775554353704705,0.484081485487651,0.46187128177393183,0.06596230828450851
XuZhou,2,D0,300,0.5213296398891967,283,0.45706371191135736,0.4640073868882733,0.4157894736842105,0.06666476747863988,0.35153180482531576,283,0.3139460145498133,0.32966107299554553,0.3072849167604904,0.08478810855335482,0.34574825484199706,283,0.28003845816221656,0.2865925830429162,0.23484477639638926,0.08347504684292514,0.4143395772934161,283,0.34581834467521877,0.35948396203836913,0.30967876559895974,0.07941264724450643,0.5385041551246538,283,0.5196675900277008,0.5273868882733148,0.509972299168975,0.06782415811964064
XuZhou,3,D0,300,0.49865519096288324,278,0.4228079612694997,0.45318271472117627,0.3975255513717052,0.06124374618706332,0.33924755606467627,278,0.31844246379067687,0.32349236194597153,0.2703511760659927,0.06957471726228825,0.3102470939759638,278,0.23729052791839933,0.2561942464740439,0.18351216320976038,0.06684676513817214,0.4011464913114485,278,0.3263999178728806,0.3504823291951326,0.28250936958141326,0.07674394535245829,0.5228617536309844,278,0.4771382463690156,0.4999103460641922,0.4631522323830016,0.05811514841882802
XuZhou,4,D0,300,0.5190713101160862,204,0.5035931453841902,0.46863829003132484,0.415975677169707,0.07213994900178772,0.3369589271449601,204,0.3225906388948994,0.31281895120260733,0.26483279770868656,0.07500875282057717,0.30708914571985274,204,0.313013449431997,0.2561711030049714,0.19871204519219615,0.06995141707455409,0.4081614848252608,204,0.3952528779320509,0.35856496709728053,0.29536200646248967,0.08908139479367465,0.5229408512990602,204,0.5113322277501382,0.4853878754376267,0.4408512990602543,0.0600735152336387
XuZhou,5,D0,300,0.5095828635851184,228,0.42897406989853437,0.4489665539270951,0.39825253664036075,0.07355820985315331,0.3193190400626578,228,0.31377407636701554,0.3164493108304436,0.2505923976296316,0.0770900429823213,0.29892645565677434,228,0.2640021943160771,0.2571070247787216,0.18406744170431616,0.07266984422963665,0.39389036397288535,228,0.31596651130215003,0.34078368381559687,0.27772311198719096,0.08767694537807895,0.5259301014656145,228,0.5169109357384442,0.5159526493799323,0.46110484780157834,0.06844110346805227
XuZhou,6,D0,300,0.49747899159663866,1,0.4515406162464986,0.43060690943043883,0.43025210084033616,0.057271159023746354,0.3285240446915382,1,0.3282066574389971,0.3374006152298106,0.308573469988211,0.07247354381180074,0.3135142595674683,1,0.2684699247555348,0.26404712283455334,0.25325576510013903,0.07332442560515587,0.39064123398247064,1,0.3411307343756008,0.3257785097516601,0.3249082860695901,0.06985597682360835,0.5288515406162465,1,0.5148459383753501,0.5247805788982259,0.5184873949579832,0.058391236560119165
XuZhou,7,D0,300,0.5011173184357542,238,0.45027932960893857,0.46089385474860334,0.40027932960893853,0.06903257183813238,0.3797764804098207,238,0.33127711732337695,0.36133789110407843,0.30413627876327237,0.09453277664795186,0.32282158467385097,238,0.2661523321212327,0.2806946871311472,0.22237284796546353,0.08352459949571844,0.40773804671787717,238,0.3497200417334596,0.360744020138931,0.29945735095874404,0.08624098445184633,0.5715083798882682,238,0.5497206703910614,0.5591992551210427,0.5039106145251396,0.08030893479322487
XuZhou,8,D0,300,0.5,224,0.3774403470715835,0.40685104844540854,0.41052060737527113,0.06050621849531054,0.3273486234142118,224,0.3415364503989007,0.3227566550281028,0.2875429281368801,0.06644015950422008,0.28967486921641833,224,0.24606959011819468,0.2473929514325519,0.20991134478157109,0.06676468658927781,0.39973407316447995,224,0.27681580754370205,0.3079024647262503,0.29953044778842103,0.07229951749530467,0.544468546637744,224,0.5368763557483731,0.5230115690527837,0.47396963123644253,0.05793945112288389
XuZhou,9,D0,300,0.5513661202185792,249,0.3737704918032787,0.4579781420765027,0.4240437158469945,0.06328916368426217,0.3846224350712512,249,0.31857916826732624,0.36275922258347637,0.30852504773666767,0.07735649527314123,0.3416518540068172,249,0.2034471465309278,0.273735295267415,0.21756729789106366,0.06565433990153155,0.45661467284690027,249,0.26803627883015924,0.3577552166204085,0.3133515441385268,0.07300346890500246,0.5868852459016394,249,0.5076502732240438,0.5478142076502732,0.4846994535519126,0.06318024552364968
XuZhou,0,E0,300,0.5069328896283971,293,0.45757071547420963,0.45551858014420415,0.4151414309484193,0.06411946705004139,0.358183231539131,293,0.3593422404845753,0.3550702940811458,0.3277938696623184,0.07605889273568466,0.302736911204931,293,0.281167749099851,0.27261204817479706,0.23343105967326588,0.0718512819447247,0.4037773818336018,293,0.3584281228135474,0.3531917846031992,0.30635041251817174,0.074741774641582,0.5712701053799224,293,0.5629506378258459,0.5621741541874652,0.5019412090959512,0.06092274710730591
XuZhou,1,E0,300,0.5024337479718767,206,0.43645213628988644,0.4409049936902831,0.39778258518117904,0.06551345830596984,0.3259747837386624,206,0.30949405407792424,0.3136353902110845,0.2855964423805918,0.07728071590719365,0.2818659310129515,206,0.23960786587848704,0.2524430340696613,0.20792975539557496,0.07132245662231182,0.38752459597787126,206,0.34073786136681394,0.33264426888871024,0.2809164422745614,0.07449176906520003,0.5083829096809086,206,0.4775554353704705,0.484081485487651,0.46187128177393183,0.06596230828450851
XuZhou,2,E0,300,0.5213296398891967,283,0.45706371191135736,0.4640073868882733,0.4157894736842105,0.06666476747863988,0.35153180482531576,283,0.3139460145498133,0.32966107299554553,0.3072849167604904,0.08478810855335482,0.34574825484199706,283,0.28003845816221656,0.2865925830429162,0.23484477639638926,0.08347504684292514,0.4143395772934161,283,0.34581834467521877,0.35948396203836913,0.30967876559895974,0.07941264724450643,0.5385041551246538,283,0.5196675900277008,0.5273868882733148,0.509972299168975,0.06782415811964064
XuZhou,3,E0,300,0.49865519096288324,278,0.4228079612694997,0.45318271472117627,0.3975255513717052,0.06124374618706332,0.33924755606467627,278,0.31844246379067687,0.32349236194597153,0.2703511760659927,0.06957471726228825,0.3102470939759638,278,0.23729052791839933,0.2561942464740439,0.18351216320976038,0.06684676513817214,0.4011464913114485,278,0.3263999178728806,0.3504823291951326,0.28250936958141326,0.07674394535245829,0.5228617536309844,278,0.4771382463690156,0.4999103460641922,0.4631522323830016,0.05811514841882802
XuZhou,4,E0,300,0.5190713101160862,204,0.5035931453841902,0.46863829003132484,0.415975677169707,0.07213994900178772,0.3369589271449601,204,0.3225906388948994,0.31281895120260733,0.26483279770868656,0.07500875282057717,0.30708914571985274,204,0.313013449431997,0.2561711030049714,0.19871204519219615,0.06995141707455409,0.4081614848252608,204,0.3952528779320509,0.35856496709728053,0.29536200646248967,0.08908139479367465,0.5229408512990602,204,0.5113322277501382,0.4853878754376267,0.4408512990602543,0.0600735152336387
XuZhou,5,E0,300,0.5095828635851184,228,0.42897406989853437,0.4489665539270951,0.39825253664036075,0.07355820985315331,0.3193190400626578,228,0.31377407636701554,0.3164493108304436,0.2505923976296316,0.0770900429823213,0.29892645565677434,228,0.2640021943160771,0.2571070247787216,0.18406744170431616,0.07266984422963665,0.39389036397288535,228,0.31596651130215003,0.34078368381559687,0.27772311198719096,0.08767694537807895,0.5259301014656145,228,0.5169109357384442,0.5159526493799323,0.46110484780157834,0.06844110346805227
XuZhou,6,E0,300,0.49747899159663866,1,0.4515406162464986,0.43060690943043883,0.43025210084033616,0.057271159023746354,0.3285240446915382,1,0.3282066574389971,0.3374006152298106,0.308573469988211,0.07247354381180074,0.3135142595674683,1,0.2684699247555348,0.26404712283455334,0.25325576510013903,0.07332442560515587,0.39064123398247064,1,0.3411307343756008,0.3257785097516601,0.3249082860695901,0.06985597682360835,0.5288515406162465,1,0.5148459383753501,0.5247805788982259,0.5184873949579832,0.058391236560119165
XuZhou,7,E0,300,0.5011173184357542,238,0.45027932960893857,0.46089385474860334,0.40027932960893853,0.06903257183813238,0.3797764804098207,238,0.33127711732337695,0.36133789110407843,0.30413627876327237,0.09453277664795186,0.32282158467385097,238,0.2661523321212327,0.2806946871311472,0.22237284796546353,0.08352459949571844,0.40773804671787717,238,0.3497200417334596,0.360744020138931,0.29945735095874404,0.08624098445184633,0.5715083798882682,238,0.5497206703910614,0.5591992551210427,0.5039106145251396,0.08030893479322487
XuZhou,8,E0,300,0.5,224,0.3774403470715835,0.40685104844540854,0.41052060737527113,0.06050621849531054,0.3273486234142118,224,0.3415364503989007,0.3227566550281028,0.2875429281368801,0.06644015950422008,0.28967486921641833,224,0.24606959011819468,0.2473929514325519,0.20991134478157109,0.06676468658927781,0.39973407316447995,224,0.27681580754370205,0.3079024647262503,0.29953044778842103,0.07229951749530467,0.544468546637744,224,0.5368763557483731,0.5230115690527837,0.47396963123644253,0.05793945112288389
XuZhou,9,E0,300,0.5513661202185792,249,0.3737704918032787,0.4579781420765027,0.4240437158469945,0.06328916368426217,0.3846224350712512,249,0.31857916826732624,0.36275922258347637,0.30852504773666767,0.07735649527314123,0.3416518540068172,249,0.2034471465309278,0.273735295267415,0.21756729789106366,0.06565433990153155,0.45661467284690027,249,0.26803627883015924,0.3577552166204085,0.3133515441385268,0.07300346890500246,0.5868852459016394,249,0.5076502732240438,0.5478142076502732,0.4846994535519126,0.06318024552364968
XuZhou,0,G0,300,0.49029395452024405,231,0.4370493621741542,0.43446108337955264,0.3718801996672213,0.06666864378861731,0.38174494357415906,231,0.35786272588613854,0.35416842322052833,0.3149843636302838,0.09940872618856067,0.27732189511247973,231,0.2479548276016427,0.2294254261686096,0.1720225564697302,0.08559413006372683,0.39192364094893195,231,0.3360980722285769,0.33005358702539955,0.2644855081888408,0.08631019299534223,0.5374376039933444,231,0.5374376039933444,0.5309484193011647,0.46810870770937324,0.07115041186496818
XuZhou,1,G0,300,0.48134126554894535,206,0.39372633856138456,0.3833603749774654,0.32963764196863166,0.05653597832433627,0.32327316552601393,206,0.2821609314694344,0.2818437850991954,0.2013055609318689,0.08394192106080227,0.2512703080907139,206,0.12560966799418735,0.15907196247023345,0.1088201250557965,0.07232316775084924,0.36494365153523467,206,0.2590298993535951,0.26757724461049753,0.2209526805313497,0.0849919696979426,0.48945375878853437,206,0.44835045970795023,0.43906616188930947,0.3980530016224987,0.059099382936734425
XuZhou,2,G0,300,0.5135734072022161,283,0.45761772853185595,0.4500461680517082,0.35512465373961216,0.07462742814398626,0.3605221842633108,283,0.3291046100561828,0.34203044820235623,0.2546024970156853,0.10381341798857388,0.30817093403885315,283,0.2729974822068551,0.2643761845489294,0.13891198125515591,0.0946388901793402,0.4059032179945583,283,0.3541930789446467,0.3441667071601426,0.24204540876596614,0.1039399252755121,0.5313019390581717,283,0.5119113573407202,0.5177469990766389,0.4515235457063712,0.07771892399056979
XuZhou,3,G0,300,0.4846691769768693,270,0.4007530930607854,0.40342478034785734,0.34938138784292627,0.062224264415521216,0.3624087192572954,270,0.320185308713289,0.3071872159403925,0.2428560355711269,0.09264632401394365,0.2940779298770941,270,0.21449915923063018,0.19776914807356552,0.13462621240033934,0.07891477662705186,0.3841569600573198,270,0.3054215279394197,0.29476494282063204,0.22992465216841912,0.09209002610434408,0.5110274341043571,270,0.4825174825174825,0.470611439842209,0.4220010758472297,0.06847389197669522
XuZhou,4,G0,300,0.47761194029850745,258,0.45550027639579876,0.4150359314538419,0.3341625207296849,0.06811305286527362,0.30944373534464115,258,0.2788961321374699,0.2722188377647422,0.1856591573518061,0.08275829581972442,0.2879265480831092,258,0.2442713694278793,0.17805779422278512,0.08811177365077869,0.07166479409308014,0.36875612271537095,258,0.34873807528383394,0.30444305778369524,0.22055317956122533,0.09345091899900121,0.5107794361525705,258,0.4621337755666114,0.43438363736871194,0.3714759535655058,0.059982155905007946
XuZhou,5,G0,300,0.5033821871476888,262,0.42615558060879366,0.4189402480270576,0.3339909808342728,0.07332812372525906,0.316898220920399,262,0.3237967121433221,0.3199388745564457,0.2007474076320186,0.09412034733517503,0.2994975250281404,262,0.22980626577515192,0.21531501759127683,0.09678598548170851,0.08512133738448582,0.39261638811141797,262,0.3147234144603357,0.3115958404156018,0.22103310466078102,0.1122936995744425,0.5073280721533259,262,0.5062006764374295,0.49718151071025934,0.4089627959413754,0.0753065298672265
XuZhou,6,G0,300,0.47955182072829133,1,0.40336134453781514,0.38436974789915973,0.3680672268907563,0.044943890357394316,0.3486761647315365,1,0.30774576031811357,0.31305415747171644,0.266638403266934,0.08517190825312512,0.2722408737780025,1,0.18735284718284284,0.18411882006725436,0.1559607242447079,0.06507488233861246,0.3744407458432232,1,0.2832414554720082,0.26311931666892885,0.24432140617996495,0.06790155428777757,0.527170868347339,1,0.4907563025210084,0.4957236227824463,0.47086834733893557,0.063373991220536
XuZhou,7,G0,300,0.4921787709497207,285,0.4195530726256983,0.4435940409683426,0.367877094972067,0.06778989380035079,0.4162068052907559,285,0.3473507263228944,0.3830530585269143,0.29670244018028297,0.12380901950473075,0.2914836362366167,285,0.2526954107768811,0.26087178427371077,0.1643866326201031,0.09074811609246901,0.3953282510150886,285,0.3230166547636468,0.3407227477828207,0.24978589006465807,0.09987113357475558,0.5782122905027933,285,0.5458100558659218,0.5556797020484171,0.4731843575418994,0.09909677290961323
XuZhou,8,G0,300,0.4772234273318872,224,0.3617136659436009,0.38190527838033256,0.3438177874186551,0.05583608297299452,0.33025615113076606,224,0.33159550852882047,0.3112709919153313,0.2266006937913226,0.07740738242969593,0.25669526502417733,224,0.19747882506794076,0.1830688239389377,0.10894036282680494,0.07633528418931623,0.38043098277274856,224,0.26222448840845736,0.27584861215010087,0.2240509026632923,0.08304269645432663,0.5341648590021691,224,0.5037960954446855,0.48924439624005783,0.40428416485900215,0.05944657632263819
XuZhou,9,G0,300,0.5508196721311476,281,0.4284153005464481,0.43225865209471764,0.38060109289617483,0.06834502802167751,0.42531464131756913,281,0.3169357777643488,0.3518964663256912,0.2811031225154583,0.09864811149955578,0.3482835433786526,281,0.22515119987874677,0.2298736546871047,0.16720177121717894,0.07788513777242709,0.4461589440547855,281,0.32019353839728504,0.32884048270096294,0.2681841491422775,0.08449844113858758,0.5650273224043716,281,0.5185792349726775,0.5126958105646631,0.4543715846994536,0.07508877443911627
