round,ACC,Kappa,NMI,ARI,PURITY,alignment_loss,mean_reconstruction_loss,mean_consensus_loss,mean_local_total_loss,round_seconds,observed_rates,completion_eval_seconds,C025_ACC,C050_ACC,C075_ACC,C100_ACC,D0_ACC,E0_ACC,G0_ACC
1,0.28266331658291455,0.1559998960124488,0.19157866362213102,0.0891534105103722,0.43467336683417085,0.09800846874713898,0.2335180714726448,0.0,0.21551000513136387,1.805074827047065,"[0.6180904507637024, 0.7148241400718689, 0.7424622774124146, 0.733668327331543]",0.8573,0.3165829145728643,0.3103015075376884,0.29773869346733667,0.32663316582914576,0.31155778894472363,0.31155778894472363,0.314070351758794
2,0.27386934673366836,0.15260037462634057,0.17040459803767044,0.05800712755448548,0.3957286432160804,0.08883162587881088,0.21887285634875298,0.0,0.2028543706983328,0.8596401249524206,"[0.6180904507637024, 0.7148241400718689, 0.7424622774124146, 0.733668327331543]",0.7672,0.3316582914572864,0.33040201005025127,0.31909547738693467,0.3316582914572864,0.30527638190954776,0.30527638190954776,0.33040201005025127
3,0.3015075376884422,0.16428868159673693,0.1964946896848172,0.09130611586384293,0.4158291457286432,0.08500085771083832,0.20596182346343994,0.0,0.19171358086168766,0.8706081999698654,"[0.6180904507637024, 0.7148241400718689, 0.7424622774124146, 0.733668327331543]",0.7627,0.34045226130653267,0.3316582914572864,0.30402010050251255,0.2889447236180904,0.27386934673366836,0.27386934673366836,0.3391959798994975
4,0.3015075376884422,0.16151950150711125,0.1634223760591923,0.05701813008878151,0.3969849246231156,0.08524975180625916,0.19455466605722904,0.0,0.18186866212636232,0.7552844859892502,"[0.6180904507637024, 0.7148241400718689, 0.7424622774124146, 0.733668327331543]",0.709,0.35050251256281406,0.3178391959798995,0.3165829145728643,0.34045226130653267,0.3065326633165829,0.3065326633165829,0.3479899497487437
5,0.2876884422110553,0.13879607915721348,0.17596094449196728,0.06454839245379156,0.4120603015075377,0.08683858811855316,0.18442858383059502,0.0,0.17304501589387655,0.7434007519623265,"[0.6180904507637024, 0.7148241400718689, 0.7424622774124146, 0.733668327331543]",0.9262,0.33668341708542715,0.3379396984924623,0.31155778894472363,0.34045226130653267,0.32160804020100503,0.32160804020100503,0.34045226130653267
6,0.2864321608040201,0.1760765375854214,0.17491212400735062,0.0689105584974538,0.4258793969849246,0.08619427680969238,0.17526956088840961,0.0,0.16495135333389044,0.7492267830530182,"[0.6180904507637024, 0.7148241400718689, 0.7424622774124146, 0.733668327331543]",0.7194,0.34045226130653267,0.3417085427135678,0.3103015075376884,0.3015075376884422,0.2638190954773869,0.2638190954773869,0.3379396984924623
7,0.3241206030150754,0.18141120970115876,0.16390159259966483,0.07626160602108636,0.3630653266331658,0.08701612800359726,0.16684437822550535,0.0,0.15743939485400915,0.8666430379962549,"[0.6180904507637024, 0.7148241400718689, 0.7424622774124146, 0.733668327331543]",0.7036,0.3379396984924623,0.33291457286432163,0.30025125628140703,0.30778894472361806,0.27638190954773867,0.27638190954773867,0.33668341708542715
8,0.30025125628140703,0.15882736848495893,0.15507950410229546,0.07330374845635745,0.38190954773869346,0.0882306843996048,0.15903751738369465,0.0,0.15044656861573458,0.7355188230285421,"[0.6180904507637024, 0.7148241400718689, 0.7424622774124146, 0.733668327331543]",0.707,0.3278894472361809,0.31532663316582915,0.2952261306532663,0.2550251256281407,0.26256281407035176,0.26256281407035176,0.3278894472361809
9,0.28266331658291455,0.15056916403623366,0.15268581249376248,0.06825464881407936,0.3743718592964824,0.08843636512756348,0.1517614321783185,0.0,0.14387903548777103,0.7450510200578719,"[0.6180904507637024, 0.7148241400718689, 0.7424622774124146, 0.733668327331543]",0.6781,0.32537688442211055,0.3241206030150754,0.30527638190954776,0.3417085427135678,0.29020100502512564,0.29020100502512564,0.3228643216080402
10,0.29396984924623115,0.14698457009053534,0.14257144424755722,0.07360403159193218,0.38944723618090454,0.08917656540870667,0.1449133576825261,0.0,0.13769601192325354,0.7971721010981128,"[0.6180904507637024, 0.7148241400718689, 0.7424622774124146, 0.733668327331543]",0.8767,0.3178391959798995,0.30904522613065327,0.292713567839196,0.30402010050251255,0.2562814070351759,0.2562814070351759,0.314070351758794
11,0.25879396984924624,0.13067944128328635,0.12859483411063877,0.03814538980324869,0.3693467336683417,0.09014556556940079,0.13847776409238577,0.0,0.1318879248574376,0.8428280219668522,"[0.6180904507637024, 0.7148241400718689, 0.7424622774124146, 0.733668327331543]",0.7418,0.30904522613065327,0.3027638190954774,0.2701005025125628,0.2751256281407035,0.26884422110552764,0.26884422110552764,0.31909547738693467
12,0.29396984924623115,0.14990555604118305,0.12352635540112927,0.05202725660982456,0.38190954773869346,0.08827357739210129,0.13242355547845364,0.0,0.12642308603972197,0.767504949006252,"[0.6180904507637024, 0.7148241400718689, 0.7424622774124146, 0.733668327331543]",0.7678,0.30778894472361806,0.30527638190954776,0.30527638190954776,0.2889447236180904,0.2851758793969849,0.2851758793969849,0.3128140703517588
13,0.2562814070351759,0.1220969875365614,0.12631494379650182,0.04503217797000574,0.36055276381909546,0.08980041742324829,0.12673418689519167,0.0,0.12128475774079561,0.836200476041995,"[0.6180904507637024, 0.7148241400718689, 0.7424622774124146, 0.733668327331543]",0.6974,0.3203517587939699,0.3065326633165829,0.26884422110552764,0.2663316582914573,0.25,0.25,0.32160804020100503
14,0.29773869346733667,0.1412647010008451,0.11707707889396521,0.040236986847558914,0.3655778894472362,0.08924806118011475,0.12139855325222015,0.0,0.11643867660313845,0.8140796219231561,"[0.6180904507637024, 0.7148241400718689, 0.7424622774124146, 0.733668327331543]",0.7486,0.30904522613065327,0.2952261306532663,0.2650753768844221,0.3128140703517588,0.27638190954773867,0.27638190954773867,0.3103015075376884
15,0.2701005025125628,0.1102432192205135,0.12219364973611005,0.07675358106049124,0.35804020100502515,0.08921633660793304,0.11639496125280857,0.0,0.11190461367368698,0.7762456639902666,"[0.6180904507637024, 0.7148241400718689, 0.7424622774124146, 0.733668327331543]",0.7551,0.30904522613065327,0.2914572864321608,0.2600502512562814,0.3027638190954774,0.25125628140703515,0.25125628140703515,0.30778894472361806
16,0.2600502512562814,0.10385889395830494,0.11956259857782983,0.03236002791970518,0.36432160804020103,0.08794384449720383,0.11171496845781803,0.0,0.10763876792043447,0.7544978180667385,"[0.6180904507637024, 0.7148241400718689, 0.7424622774124146, 0.733668327331543]",0.7554,0.30527638190954776,0.2964824120603015,0.28266331658291455,0.3241206030150754,0.27638190954773867,0.27638190954773867,0.3027638190954774
17,0.28391959798994976,0.13307653505755024,0.1141714068774259,0.04321983671440172,0.35678391959798994,0.0894348993897438,0.10731963347643614,0.0,0.10363805573433638,0.7149466739501804,"[0.6180904507637024, 0.7148241400718689, 0.7424622774124146, 0.733668327331543]",0.975,0.29773869346733667,0.29773869346733667,0.2889447236180904,0.25251256281407036,0.2613065326633166,0.2613065326633166,0.3103015075376884
18,0.2650753768844221,0.13055492799435386,0.11024613945302546,0.024900897878785546,0.36055276381909546,0.08872823417186737,0.1032200176268816,0.0,0.09988666139543056,0.7939480539644137,"[0.6180904507637024, 0.7148241400718689, 0.7424622774124146, 0.733668327331543]",1.038,0.2964824120603015,0.28391959798994976,0.23115577889447236,0.2663316582914573,0.27386934673366836,0.27386934673366836,0.30904522613065327
19,0.23743718592964824,0.09486824998969678,0.10563255317622162,0.029669719449102922,0.35175879396984927,0.0879494920372963,0.09938824642449617,0.0,0.09639759734272957,0.7529336489969864,"[0.6180904507637024, 0.7148241400718689, 0.7424622774124146, 0.733668327331543]",0.8795,0.30025125628140703,0.2876884422110553,0.3316582914572864,0.2814070351758794,0.2701005025125628,0.2701005025125628,0.31532663316582915
20,0.228643216080402,0.097770566007085,0.10306838956853757,0.022699911544745523,0.3530150753768844,0.08807669579982758,0.09585891384631395,0.0,0.0932197654619813,1.0113544811028987,"[0.6180904507637024, 0.7148241400718689, 0.7424622774124146, 0.733668327331543]",0.7793,0.30527638190954776,0.2914572864321608,0.2776381909547739,0.31532663316582915,0.26256281407035176,0.26256281407035176,0.30527638190954776
21,0.2814070351758794,0.11646860664581271,0.12524159975187932,0.06630827085974689,0.3743718592964824,0.08813291788101196,0.09262309782207012,0.0,0.09028273541480303,1.0611988269956782,"[0.6180904507637024, 0.7148241400718689, 0.7424622774124146, 0.733668327331543]",0.7704,0.30904522613065327,0.292713567839196,0.27261306532663315,0.3165829145728643,0.28015075376884424,0.28015075376884424,0.3065326633165829
22,0.24120603015075376,0.10749410607213794,0.1180314727691545,0.04165681351861781,0.3693467336683417,0.0871277004480362,0.08961589261889458,0.0,0.08748728968203068,0.8799411481013522,"[0.6180904507637024, 0.7148241400718689, 0.7424622774124146, 0.733668327331543]",0.7095,0.30904522613065327,0.2952261306532663,0.2650753768844221,0.2675879396984925,0.2776381909547739,0.2776381909547739,0.31909547738693467
23,0.25251256281407036,0.1284666187000053,0.10652382201013576,0.0213774378326538,0.35678391959798994,0.08554300665855408,0.08680017665028572,0.0,0.0848647179082036,0.7842087919125333,"[0.6180904507637024, 0.7148241400718689, 0.7424622774124146, 0.733668327331543]",0.7795,0.29773869346733667,0.28391959798994976,0.24748743718592964,0.314070351758794,0.27889447236180903,0.27889447236180903,0.30527638190954776
24,0.2650753768844221,0.11064510029736829,0.09021014486599287,0.03977910340497289,0.3442211055276382,0.08719384670257568,0.08415481075644493,0.0,0.08239231165498495,0.8064238569932058,"[0.6180904507637024, 0.7148241400718689, 0.7424622774124146, 0.733668327331543]",0.6977,0.314070351758794,0.2989949748743719,0.28015075376884424,0.28266331658291455,0.2663316582914573,0.2663316582914573,0.314070351758794
25,0.24120603015075376,0.08492686594151178,0.08295718366456016,0.0175878648873496,0.3442211055276382,0.08651949465274811,0.08167198579758406,0.0,0.08005001582205296,0.8875235570594668,"[0.6180904507637024, 0.7148241400718689, 0.7424622774124146, 0.733668327331543]",0.8771,0.28391959798994976,0.271356783919598,0.28266331658291455,0.25879396984924624,0.25125628140703515,0.25125628140703515,0.2989949748743719
26,0.2751256281407035,0.1297546483052372,0.12221140485568308,0.04685465504528365,0.3693467336683417,0.08629977703094482,0.0793352173641324,0.0,0.07785930577665567,0.7400877199834213,"[0.6180904507637024, 0.7148241400718689, 0.7424622774124146, 0.733668327331543]",1.0519,0.3228643216080402,0.3203517587939699,0.30904522613065327,0.25125628140703515,0.2675879396984925,0.2675879396984925,0.3203517587939699
27,0.23743718592964824,0.12968953765679836,0.11552333577909617,0.0190632712022444,0.3542713567839196,0.08619304746389389,0.07714599557220936,0.0,0.07580060325562954,0.9556764150038362,"[0.6180904507637024, 0.7148241400718689, 0.7424622774124146, 0.733668327331543]",0.7852,0.2989949748743719,0.2989949748743719,0.2964824120603015,0.3178391959798995,0.27889447236180903,0.27889447236180903,0.30025125628140703
28,0.24874371859296482,0.10851577863095785,0.10381656633744032,0.019583244478363397,0.3555276381909548,0.08236061036586761,0.07509741839021444,0.0,0.07388317305594683,0.8063015850493684,"[0.6180904507637024, 0.7148241400718689, 0.7424622774124146, 0.733668327331543]",0.8444,0.3128140703517588,0.30904522613065327,0.30527638190954776,0.35175879396984927,0.30025125628140703,0.30025125628140703,0.30904522613065327
29,0.25879396984924624,0.11400882519954803,0.11856544933119371,0.04063987242048998,0.3844221105527638,0.08306287974119186,0.0731851439923048,0.0,0.07209203578531742,0.9026138180634007,"[0.6180904507637024, 0.7148241400718689, 0.7424622774124146, 0.733668327331543]",0.7448,0.29396984924623115,0.2952261306532663,0.29020100502512564,0.3479899497487437,0.3027638190954774,0.3027638190954774,0.292713567839196
30,0.30025125628140703,0.13868210428160688,0.10081459930683019,0.03917027961668282,0.3479899497487437,0.08311101794242859,0.07140520680695772,0.0,0.07043458987027407,0.8401727289892733,"[0.6180904507637024, 0.7148241400718689, 0.7424622774124146, 0.733668327331543]",0.7638,0.3027638190954774,0.29773869346733667,0.2989949748743719,0.34045226130653267,0.3027638190954774,0.3027638190954774,0.30025125628140703
31,0.2864321608040201,0.1465885475160864,0.134970279206502,0.06024456149765921,0.3957286432160804,0.08299291133880615,0.06975138746201992,0.0,0.06890457775443792,0.753651833976619,"[0.6180904507637024, 0.7148241400718689, 0.7424622774124146, 0.733668327331543]",0.7926,0.2989949748743719,0.30025125628140703,0.2952261306532663,0.34673366834170855,0.30904522613065327,0.30904522613065327,0.3015075376884422
32,0.2675879396984925,0.12306639908993677,0.11630957345121985,0.03647154247153515,0.35804020100502515,0.08003753423690796,0.06822692044079304,0.0,0.06748233083635569,0.7246682259719819,"[0.6180904507637024, 0.7148241400718689, 0.7424622774124146, 0.733668327331543]",0.7579,0.3027638190954774,0.3065326633165829,0.30527638190954776,0.2776381909547739,0.271356783919598,0.271356783919598,0.3027638190954774
33,0.2864321608040201,0.16650443913517998,0.1292061017569427,0.0529990758511641,0.38190954773869346,0.07940931618213654,0.06682481523603201,0.0,0.0661676311865449,0.807066036039032,"[0.6180904507637024, 0.7148241400718689, 0.7424622774124146, 0.733668327331543]",0.7543,0.2989949748743719,0.3015075376884422,0.30025125628140703,0.2776381909547739,0.26884422110552764,0.26884422110552764,0.2989949748743719
34,0.2663316582914573,0.13267434614365625,0.10592598452216562,0.03335094929052661,0.35050251256281406,0.07848966121673584,0.06553807202726603,0.0,0.06496977619826794,0.7605411359108984,"[0.6180904507637024, 0.7148241400718689, 0.7424622774124146, 0.733668327331543]",0.8129,0.2964824120603015,0.30025125628140703,0.2851758793969849,0.30402010050251255,0.28391959798994976,0.28391959798994976,0.29020100502512564
35,0.2650753768844221,0.10832904086873085,0.11662181603437706,0.0330901835314946,0.36055276381909546,0.07937965542078018,0.06435895152390003,0.0,0.06387415435165167,0.7820652379887179,"[0.6180904507637024, 0.7148241400718689, 0.7424622774124146, 0.733668327331543]",0.9154,0.3027638190954774,0.3103015075376884,0.3103015075376884,0.31532663316582915,0.27386934673366836,0.27386934673366836,0.30025125628140703
36,0.24623115577889448,0.11104493169042917,0.11252426532412527,0.03511996483660561,0.36683417085427134,0.07948410511016846,0.06328484043478966,0.0,0.06287552509456873,0.7671574190026149,"[0.6180904507637024, 0.7148241400718689, 0.7424622774124146, 0.733668327331543]",0.7914,0.2952261306532663,0.3015075376884422,0.29020100502512564,0.30778894472361806,0.28015075376884424,0.28015075376884424,0.29396984924623115
37,0.23366834170854273,0.11565220558773182,0.10896910786833794,0.028967401501418737,0.35175879396984927,0.07949986308813095,0.06230506207793951,0.0,0.06196681596338749,0.861503646010533,"[0.6180904507637024, 0.7148241400718689, 0.7424622774124146, 0.733668327331543]",0.8134,0.29396984924623115,0.29020100502512564,0.26884422110552764,0.2751256281407035,0.27261306532663315,0.27261306532663315,0.2914572864321608
38,0.26256281407035176,0.10735907414093826,0.11185440354091024,0.044341843800135235,0.3693467336683417,0.07941551506519318,0.06141715310513973,0.0,0.06113913841545582,0.782065461971797,"[0.6180904507637024, 0.7148241400718689, 0.7424622774124146, 0.733668327331543]",0.8309,0.3065326633165829,0.30527638190954776,0.2989949748743719,0.33040201005025127,0.3015075376884422,0.3015075376884422,0.29773869346733667
39,0.2449748743718593,0.11661222386976566,0.1287291659897298,0.03561050905999482,0.36683417085427134,0.07970916479825974,0.0606142096221447,0.0,0.060396173037588596,0.7682658910052851,"[0.6180904507637024, 0.7148241400718689, 0.7424622774124146, 0.733668327331543]",0.7513,0.2814070351758794,0.25753768844221103,0.30778894472361806,0.29773869346733667,0.28015075376884424,0.28015075376884424,0.27889447236180903
40,0.25251256281407036,0.11339492133022577,0.10661200410154463,0.0363999611031369,0.37185929648241206,0.08062966167926788,0.05989203602075577,0.0,0.05972294136881828,0.7614982179366052,"[0.6180904507637024, 0.7148241400718689, 0.7424622774124146, 0.733668327331543]",0.7474,0.28266331658291455,0.25879396984924624,0.30527638190954776,0.30402010050251255,0.27889447236180903,0.27889447236180903,0.27889447236180903
41,0.2952261306532663,0.15123108328486545,0.11407681538979844,0.06454871059421473,0.3706030150753769,0.08105669170618057,0.059241415932774544,0.0,0.059121022932231426,0.7603396140038967,"[0.6180904507637024, 0.7148241400718689, 0.7424622774124146, 0.733668327331543]",0.7363,0.27889447236180903,0.2562814070351759,0.2751256281407035,0.3128140703517588,0.2776381909547739,0.2776381909547739,0.2751256281407035
42,0.25,0.1121980017486569,0.10840063058631809,0.034359555241267624,0.3555276381909548,0.08130324631929398,0.05865330249071121,0.0,0.058581757359206676,0.7476126039400697,"[0.6180904507637024, 0.7148241400718689, 0.7424622774124146, 0.733668327331543]",0.8214,0.3015075376884422,0.30527638190954776,0.3015075376884422,0.37185929648241206,0.3316582914572864,0.3316582914572864,0.2964824120603015
43,0.3178391959798995,0.14711593104754694,0.10426427305791931,0.06024342340972391,0.35678391959798994,0.08211494982242584,0.058128392323851585,0.0,0.05810149759054184,0.8531898600049317,"[0.6180904507637024, 0.7148241400718689, 0.7424622774124146, 0.733668327331543]",0.7822,0.2876884422110553,0.2701005025125628,0.2613065326633166,0.23618090452261306,0.23492462311557788,0.23492462311557788,0.292713567839196
44,0.2198492462311558,0.09477207966773382,0.1148763352803209,0.013287867536864967,0.3756281407035176,0.08184202015399933,0.05766107141971588,0.0,0.057670132257044315,0.8164189329836518,"[0.6180904507637024, 0.7148241400718689, 0.7424622774124146, 0.733668327331543]",0.7744,0.30025125628140703,0.2952261306532663,0.2889447236180904,0.30904522613065327,0.2952261306532663,0.2952261306532663,0.29396984924623115
45,0.2914572864321608,0.13428708615592877,0.10495158322590996,0.06099420813162047,0.36683417085427134,0.07976309955120087,0.057243864983320236,0.0,0.05727994907647371,0.8246082450496033,"[0.6180904507637024, 0.7148241400718689, 0.7424622774124146, 0.733668327331543]",0.7379,0.2876884422110553,0.27889447236180903,0.27261306532663315,0.32537688442211055,0.3178391959798995,0.3178391959798995,0.28391959798994976
46,0.2613065326633166,0.12529107252985472,0.11765098552498539,0.05583835060657032,0.38944723618090454,0.08021882176399231,0.05687038693577051,0.0,0.056934159249067307,0.7882656219881028,"[0.6180904507637024, 0.7148241400718689, 0.7424622774124146, 0.733668327331543]",0.7455,0.27889447236180903,0.25879396984924624,0.2814070351758794,0.32663316582914576,0.30025125628140703,0.30025125628140703,0.27638190954773867
47,0.2675879396984925,0.1139310113071802,0.12224007302113223,0.051610670838078784,0.3806532663316583,0.08049079775810242,0.0565408356487751,0.0,0.05662486795336008,0.7737840909976512,"[0.6180904507637024, 0.7148241400718689, 0.7424622774124146, 0.733668327331543]",0.7321,0.29773869346733667,0.30402010050251255,0.3015075376884422,0.29020100502512564,0.2675879396984925,0.2675879396984925,0.292713567839196
48,0.2914572864321608,0.1584204073828296,0.13268011204906968,0.0672839600832186,0.39824120603015073,0.08087216317653656,0.05624845065176487,0.0,0.05635191313922405,0.7938864019233733,"[0.6180904507637024, 0.7148241400718689, 0.7424622774124146, 0.733668327331543]",0.7551,0.3015075376884422,0.3065326633165829,0.29396984924623115,0.2876884422110553,0.2889447236180904,0.2889447236180904,0.30025125628140703
49,0.2638190954773869,0.1430655244694864,0.13620009330955737,0.04981196823242919,0.38944723618090454,0.08071269094944,0.05598861910402775,0.0,0.056107977870851755,0.8537902070675045,"[0.6180904507637024, 0.7148241400718689, 0.7424622774124146, 0.733668327331543]",0.7458,0.29773869346733667,0.3015075376884422,0.2851758793969849,0.30778894472361806,0.2851758793969849,0.2851758793969849,0.29773869346733667
50,0.2613065326633166,0.12297841961178901,0.1208454033024656,0.05232901644218668,0.3768844221105528,0.08219029754400253,0.055756805930286646,0.0,0.055892324075102806,0.7697373989503831,"[0.6180904507637024, 0.7148241400718689, 0.7424622774124146, 0.733668327331543]",0.7903,0.314070351758794,0.31155778894472363,0.3228643216080402,0.35678391959798994,0.30778894472361806,0.30778894472361806,0.30778894472361806
51,0.27386934673366836,0.13874906637664286,0.1266590495614934,0.054654112528921765,0.3793969849246231,0.08235389739274979,0.055552028585225344,0.0,0.05570194171741605,0.9291158450068906,"[0.6180904507637024, 0.7148241400718689, 0.7424622774124146, 0.733668327331543]",0.9189,0.3015075376884422,0.2989949748743719,0.2914572864321608,0.3128140703517588,0.27386934673366836,0.27386934673366836,0.3027638190954774
52,0.3103015075376884,0.15551192514464396,0.12276046265107346,0.06838406325595414,0.3806532663316583,0.08248991519212723,0.055370121262967587,0.0,0.05553382309153676,0.9481940290424973,"[0.6180904507637024, 0.7148241400718689, 0.7424622774124146, 0.733668327331543]",0.8258,0.2952261306532663,0.2701005025125628,0.30025125628140703,0.3555276381909548,0.31155778894472363,0.31155778894472363,0.2914572864321608
53,0.3027638190954774,0.1540638559430758,0.1286297387344092,0.06637992522350189,0.37814070351758794,0.08263625204563141,0.05521089676767588,0.0,0.05538275605067611,0.7908412070246413,"[0.6180904507637024, 0.7148241400718689, 0.7424622774124146, 0.733668327331543]",0.8004,0.2964824120603015,0.30025125628140703,0.2776381909547739,0.26884422110552764,0.24748743718592964,0.24748743718592964,0.292713567839196
54,0.29020100502512564,0.12520666783373213,0.1260196720519818,0.05375165002036653,0.3756281407035176,0.08321797847747803,0.05507059209048748,0.0,0.055250778794288635,0.9464730579638854,"[0.6180904507637024, 0.7148241400718689, 0.7424622774124146, 0.733668327331543]",1.049,0.292713567839196,0.2889447236180904,0.28266331658291455,0.3228643216080402,0.28391959798994976,0.28391959798994976,0.29396984924623115
55,0.3417085427135678,0.1652911747048229,0.1276886116559827,0.08920136703970713,0.39321608040201006,0.08421050012111664,0.05494894692674279,0.0,0.055136281065642834,1.064773604972288,"[0.6180904507637024, 0.7148241400718689, 0.7424622774124146, 0.733668327331543]",1.173,0.30402010050251255,0.30402010050251255,0.3065326633165829,0.29020100502512564,0.2864321608040201,0.2864321608040201,0.2989949748743719
56,0.34045226130653267,0.1661545337728365,0.13455070419204382,0.08979181834645285,0.3944723618090452,0.08349397033452988,0.0548434155061841,0.0,0.05503598414361477,1.0427889860002324,"[0.6180904507637024, 0.7148241400718689, 0.7424622774124146, 0.733668327331543]",1.1109,0.3065326633165829,0.3015075376884422,0.3165829145728643,0.30025125628140703,0.28266331658291455,0.28266331658291455,0.3015075376884422
57,0.3228643216080402,0.1564182320811328,0.1501788683601122,0.07730816661641202,0.4057788944723618,0.08306412398815155,0.05474918056279421,0.0,0.05494487239047885,0.9764654809841886,"[0.6180904507637024, 0.7148241400718689, 0.7424622774124146, 0.733668327331543]",0.9645,0.30527638190954776,0.2914572864321608,0.2989949748743719,0.3128140703517588,0.27889447236180903,0.27889447236180903,0.29773869346733667
58,0.2989949748743719,0.14568454985564838,0.1333072966281107,0.07660498526803672,0.40954773869346733,0.08254033327102661,0.05466679437085986,0.0,0.054866960272192955,1.0034273191122338,"[0.6180904507637024, 0.7148241400718689, 0.7424622774124146, 0.733668327331543]",0.7416,0.30402010050251255,0.30527638190954776,0.3103015075376884,0.29773869346733667,0.2650753768844221,0.2650753768844221,0.3015075376884422
59,0.2776381909547739,0.1407228291377003,0.13016291400467525,0.05842204828424952,0.38567839195979897,0.0833471342921257,0.05459507694467902,0.0,0.054796234238892794,0.7924254479585215,"[0.6180904507637024, 0.7148241400718689, 0.7424622774124146, 0.733668327331543]",0.708,0.3128140703517588,0.3128140703517588,0.33668341708542715,0.35175879396984927,0.3128140703517588,0.3128140703517588,0.30904522613065327
60,0.3015075376884422,0.16047134521560324,0.13081247269190088,0.07147596304875993,0.38944723618090454,0.08424995094537735,0.05453259823843837,0.0,0.054733619559556246,0.7773492940468714,"[0.6180904507637024, 0.7148241400718689, 0.7424622774124146, 0.733668327331543]",0.8567,0.30778894472361806,0.30778894472361806,0.3241206030150754,0.3103015075376884,0.28391959798994976,0.28391959798994976,0.30402010050251255
61,0.25753768844221103,0.12063599471375197,0.1268569675700283,0.042251397099334745,0.3793969849246231,0.08385244011878967,0.05447696056216955,0.0,0.054677304811775684,0.7581326519139111,"[0.6180904507637024, 0.7148241400718689, 0.7424622774124146, 0.733668327331543]",0.7152,0.3128140703517588,0.30778894472361806,0.32914572864321606,0.3391959798994975,0.31155778894472363,0.31155778894472363,0.30778894472361806
62,0.30778894472361806,0.15091607427712994,0.12268179026642768,0.07226099062244952,0.38190954773869346,0.08414284884929657,0.05442766472697258,0.0,0.05462666880339384,0.8672086850274354,"[0.6180904507637024, 0.7148241400718689, 0.7424622774124146, 0.733668327331543]",0.7267,0.2914572864321608,0.27889447236180903,0.27261306532663315,0.3379396984924623,0.30778894472361806,0.30778894472361806,0.29396984924623115
63,0.2952261306532663,0.15680991233055708,0.12840373660256074,0.05915450113794417,0.3869346733668342,0.08696609735488892,0.054384829942137,0.0,0.05458165751770139,0.7896033249562606,"[0.6180904507637024, 0.7148241400718689, 0.7424622774124146, 0.733668327331543]",0.753,0.30025125628140703,0.29396984924623115,0.2964824120603015,0.27889447236180903,0.27386934673366836,0.27386934673366836,0.29773869346733667
64,0.25753768844221103,0.13545361321125737,0.13007624173610438,0.041451599162022346,0.39195979899497485,0.08606080710887909,0.054346136283129454,0.0,0.05454275570809841,0.7857777930330485,"[0.6180904507637024, 0.7148241400718689, 0.7424622774124146, 0.733668327331543]",0.7267,0.31155778894472363,0.3065326633165829,0.30904522613065327,0.31155778894472363,0.29773869346733667,0.29773869346733667,0.30527638190954776
65,0.2663316582914573,0.13780753572654014,0.1263841116863073,0.03815795049545262,0.36683417085427134,0.08453412353992462,0.054310043808072805,0.0,0.05450714426115155,0.8124109839554876,"[0.6180904507637024, 0.7148241400718689, 0.7424622774124146, 0.733668327331543]",0.873,0.3103015075376884,0.2964824120603015,0.3630653266331658,0.3442211055276382,0.31532663316582915,0.31532663316582915,0.30904522613065327
66,0.2663316582914573,0.11458017869761383,0.13549460648322445,0.05877841557010171,0.4082914572864322,0.08731450140476227,0.0542788440361619,0.0,0.0544742182828486,0.782903551007621,"[0.6180904507637024, 0.7148241400718689, 0.7424622774124146, 0.733668327331543]",0.6852,0.2952261306532663,0.27638190954773867,0.2851758793969849,0.33040201005025127,0.29773869346733667,0.29773869346733667,0.2952261306532663
67,0.292713567839196,0.15096470088967706,0.12743856382900193,0.05703057210836755,0.3844221105527638,0.08748218417167664,0.05424970854073763,0.0,0.05444384319707751,0.8106018760008737,"[0.6180904507637024, 0.7148241400718689, 0.7424622774124146, 0.733668327331543]",1.0508,0.3165829145728643,0.3128140703517588,0.32537688442211055,0.3555276381909548,0.31909547738693467,0.31909547738693467,0.314070351758794
68,0.2851758793969849,0.15447828343358083,0.13689524743947376,0.05142982419966343,0.38190954773869346,0.08835378289222717,0.05422333860769868,0.0,0.054414656944572926,0.8316196940140799,"[0.6180904507637024, 0.7148241400718689, 0.7424622774124146, 0.733668327331543]",0.7407,0.3027638190954774,0.29020100502512564,0.2889447236180904,0.32537688442211055,0.30025125628140703,0.30025125628140703,0.3065326633165829
69,0.2650753768844221,0.1362382606792344,0.12294791501497762,0.0389556026004375,0.3693467336683417,0.08829186111688614,0.05419929511845112,0.0,0.054387624841183424,0.7618994009681046,"[0.6180904507637024, 0.7148241400718689, 0.7424622774124146, 0.733668327331543]",0.733,0.33040201005025127,0.32914572864321606,0.33668341708542715,0.3316582914572864,0.292713567839196,0.292713567839196,0.32663316582914576
70,0.3065326633165829,0.17473136960649716,0.14431621493254282,0.06524469147164617,0.39949748743718594,0.08842943608760834,0.05417661927640438,0.0,0.05436384119093418,0.7815029930789024,"[0.6180904507637024, 0.7148241400718689, 0.7424622774124146, 0.733668327331543]",0.8268,0.3103015075376884,0.30527638190954776,0.3165829145728643,0.36055276381909546,0.3316582914572864,0.3316582914572864,0.30402010050251255
71,0.30402010050251255,0.1809300217683637,0.14567254137190702,0.07017835924710454,0.3969849246231156,0.08923988044261932,0.05415542097762227,0.0,0.054340421222150326,0.8069546109763905,"[0.6180904507637024, 0.7148241400718689, 0.7424622774124146, 0.733668327331543]",0.7494,0.30904522613065327,0.30527638190954776,0.314070351758794,0.30904522613065327,0.2876884422110553,0.2876884422110553,0.3065326633165829
72,0.2989949748743719,0.15885716017142215,0.13999712722253196,0.058638186026748376,0.38819095477386933,0.0870981365442276,0.05413532070815563,0.0,0.054319112095981836,0.8302292689913884,"[0.6180904507637024, 0.7148241400718689, 0.7424622774124146, 0.733668327331543]",0.8029,0.30527638190954776,0.2864321608040201,0.3203517587939699,0.27261306532663315,0.27889447236180903,0.27889447236180903,0.30527638190954776
73,0.27386934673366836,0.14292686652521458,0.13368719067973758,0.0461066890951236,0.3756281407035176,0.08931013941764832,0.05411584721878171,0.0,0.054297823924571276,0.8327496910933405,"[0.6180904507637024, 0.7148241400718689, 0.7424622774124146, 0.733668327331543]",0.7584,0.3128140703517588,0.3065326633165829,0.30778894472361806,0.36809045226130654,0.33291457286432163,0.33291457286432163,0.30527638190954776
74,0.2889447236180904,0.16553345100748462,0.13274229486611594,0.041918006654146814,0.3806532663316583,0.08865159749984741,0.05409547546878457,0.0,0.054277257062494755,0.8032550789648667,"[0.6180904507637024, 0.7148241400718689, 0.7424622774124146, 0.733668327331543]",0.7519,0.32160804020100503,0.3203517587939699,0.3203517587939699,0.2989949748743719,0.2889447236180904,0.2889447236180904,0.3128140703517588
75,0.27261306532663315,0.13815762408230892,0.136208930589574,0.05154479109771032,0.39824120603015073,0.08913321048021317,0.05407597403973341,0.0,0.05425702780485153,0.8403764829272404,"[0.6180904507637024, 0.7148241400718689, 0.7424622774124146, 0.733668327331543]",0.7191,0.31909547738693467,0.3241206030150754,0.32537688442211055,0.2914572864321608,0.2851758793969849,0.2851758793969849,0.3165829145728643
76,0.2952261306532663,0.16209425773487984,0.12951093881977738,0.0563077006281299,0.36809045226130654,0.08880709111690521,0.05405744258314371,0.0,0.05423674825578928,0.971416849992238,"[0.6180904507637024, 0.7148241400718689, 0.7424622774124146, 0.733668327331543]",0.7189,0.30904522613065327,0.2989949748743719,0.3203517587939699,0.32160804020100503,0.2964824120603015,0.2964824120603015,0.30778894472361806
77,0.2650753768844221,0.14655670103092777,0.13429466316024513,0.050327839905075604,0.3907035175879397,0.08847220242023468,0.05403759749606252,0.0,0.054217159282416105,0.8237312929704785,"[0.6180904507637024, 0.7148241400718689, 0.7424622774124146, 0.733668327331543]",0.7182,0.3241206030150754,0.32537688442211055,0.3241206030150754,0.28266331658291455,0.2675879396984925,0.2675879396984925,0.3203517587939699
78,0.2613065326633166,0.1449507026944078,0.14076471856098033,0.05360577977200716,0.40326633165829145,0.08920653164386749,0.054018640890717506,0.0,0.054199050180613995,0.8004673169925809,"[0.6180904507637024, 0.7148241400718689, 0.7424622774124146, 0.733668327331543]",0.8153,0.3178391959798995,0.3027638190954774,0.29020100502512564,0.30025125628140703,0.25879396984924624,0.25879396984924624,0.3128140703517588
79,0.26884422110552764,0.1434514355867239,0.13698965352341666,0.041825439501403015,0.37185929648241206,0.08913122862577438,0.05399970198050141,0.0,0.0541793005540967,0.7764234560308978,"[0.6180904507637024, 0.7148241400718689, 0.7424622774124146, 0.733668327331543]",0.7269,0.29396984924623115,0.2914572864321608,0.28015075376884424,0.2814070351758794,0.25879396984924624,0.25879396984924624,0.2989949748743719
80,0.3492462311557789,0.17647881219679284,0.14887275572738018,0.08005253445544741,0.39824120603015073,0.08989483118057251,0.053980616852641106,0.0,0.05416109226644039,0.821013463078998,"[0.6180904507637024, 0.7148241400718689, 0.7424622774124146, 0.733668327331543]",0.8224,0.3015075376884422,0.2876884422110553,0.271356783919598,0.27889447236180903,0.2776381909547739,0.2776381909547739,0.3027638190954774
81,0.26884422110552764,0.14583456251106264,0.12700495120807007,0.031085727929885607,0.36180904522613067,0.08919283002614975,0.053961328230798244,0.0,0.05414595501497388,0.8229917599819601,"[0.6180904507637024, 0.7148241400718689, 0.7424622774124146, 0.733668327331543]",0.8747,0.30904522613065327,0.2914572864321608,0.30025125628140703,0.32914572864321606,0.3027638190954774,0.3027638190954774,0.30778894472361806
82,0.30778894472361806,0.15814567705974036,0.13367496147671695,0.06094848638511668,0.37185929648241206,0.08895246684551239,0.053940664511173964,0.0,0.05413125129416585,0.8112937920959666,"[0.6180904507637024, 0.7148241400718689, 0.7424622774124146, 0.733668327331543]",0.7511,0.30527638190954776,0.2989949748743719,0.2889447236180904,0.31532663316582915,0.2952261306532663,0.2952261306532663,0.3065326633165829
83,0.2776381909547739,0.13385588361082001,0.13902306943547055,0.050518862380442876,0.3743718592964824,0.08863551914691925,0.053920016158372164,0.0,0.05411645397543907,0.7986062710406259,"[0.6180904507637024, 0.7148241400718689, 0.7424622774124146, 0.733668327331543]",0.8048,0.3278894472361809,0.3128140703517588,0.29773869346733667,0.30025125628140703,0.26256281407035176,0.26256281407035176,0.31909547738693467
84,0.27638190954773867,0.133841131664853,0.13773423062001247,0.053638101000380474,0.38190954773869346,0.0885055661201477,0.05390196526423097,0.0,0.05410446831956506,1.0033392899204046,"[0.6180904507637024, 0.7148241400718689, 0.7424622774124146, 0.733668327331543]",0.8957,0.3341708542713568,0.3278894472361809,0.33040201005025127,0.31532663316582915,0.2751256281407035,0.2751256281407035,0.32914572864321606
85,0.2638190954773869,0.1521833565073567,0.1375656258249526,0.03664440161234457,0.3844221105527638,0.08924901485443115,0.05388179048895836,0.0,0.05408807937055826,0.7411498689325526,"[0.6180904507637024, 0.7148241400718689, 0.7424622774124146, 0.733668327331543]",0.9274,0.32160804020100503,0.31155778894472363,0.27889447236180903,0.32537688442211055,0.3027638190954774,0.3027638190954774,0.31909547738693467
86,0.2449748743718593,0.11928747109677618,0.12818548301480176,0.04526735320814045,0.3969849246231156,0.0899122953414917,0.053864197339862585,0.0,0.054072166327387094,0.8408423630753532,"[0.6180904507637024, 0.7148241400718689, 0.7424622774124146, 0.733668327331543]",0.7876,0.3341708542713568,0.3228643216080402,0.31155778894472363,0.2876884422110553,0.27638190954773867,0.27638190954773867,0.3316582914572864
87,0.2814070351758794,0.12906952722709775,0.11467156071951992,0.04137449846581529,0.36180904522613067,0.09030788391828537,0.053846731316298246,0.0,0.05405536061152816,0.7952147999312729,"[0.6180904507637024, 0.7148241400718689, 0.7424622774124146, 0.733668327331543]",0.7161,0.3391959798994975,0.3278894472361809,0.31532663316582915,0.3241206030150754,0.29773869346733667,0.29773869346733667,0.33542713567839194
88,0.2675879396984925,0.13605188886489372,0.11788499094881078,0.03520185052534602,0.3706030150753769,0.08940663933753967,0.053828573785722256,0.0,0.05403932323679328,0.8081157619599253,"[0.6180904507637024, 0.7148241400718689, 0.7424622774124146, 0.733668327331543]",0.7755,0.31155778894472363,0.3128140703517588,0.2914572864321608,0.34673366834170855,0.292713567839196,0.292713567839196,0.3203517587939699
89,0.2638190954773869,0.13285408080368677,0.12670007021932114,0.04967434122124926,0.3731155778894472,0.08852813392877579,0.053809856064617634,0.0,0.05402288679033518,0.8077749629737809,"[0.6180904507637024, 0.7148241400718689, 0.7424622774124146, 0.733668327331543]",0.7324,0.30527638190954776,0.2964824120603015,0.2751256281407035,0.32537688442211055,0.2914572864321608,0.2914572864321608,0.30904522613065327
90,0.28391959798994976,0.14516323516112495,0.11399273919926368,0.040880437820272356,0.3731155778894472,0.08892299979925156,0.053790935315191746,0.0,0.054006315767765045,0.7817174390656874,"[0.6180904507637024, 0.7148241400718689, 0.7424622774124146, 0.733668327331543]",0.9696,0.32537688442211055,0.3241206030150754,0.29773869346733667,0.3203517587939699,0.2851758793969849,0.2851758793969849,0.3228643216080402
91,0.2864321608040201,0.1319786819026556,0.11869648616225406,0.0419723960570992,0.3592964824120603,0.0882704108953476,0.053772853687405586,0.0,0.053988718427717686,1.1315817610593513,"[0.6180904507637024, 0.7148241400718689, 0.7424622774124146, 0.733668327331543]",0.7307,0.32537688442211055,0.3241206030150754,0.29396984924623115,0.31909547738693467,0.29020100502512564,0.29020100502512564,0.3241206030150754
92,0.2663316582914573,0.13185475135769087,0.12264705669305546,0.04314763786406305,0.36180904522613067,0.08933257311582565,0.053754429798573256,0.0,0.05397102516144514,0.8172996880020946,"[0.6180904507637024, 0.7148241400718689, 0.7424622774124146, 0.733668327331543]",0.7658,0.32537688442211055,0.31532663316582915,0.2989949748743719,0.31532663316582915,0.2814070351758794,0.2814070351758794,0.3241206030150754
93,0.27889447236180903,0.13588222834145325,0.12013761903721706,0.05974910907733611,0.36432160804020103,0.09042676538228989,0.053735656663775444,0.0,0.05395483458414674,0.876528316992335,"[0.6180904507637024, 0.7148241400718689, 0.7424622774124146, 0.733668327331543]",0.7718,0.3241206030150754,0.3165829145728643,0.30904522613065327,0.3454773869346734,0.30778894472361806,0.30778894472361806,0.3203517587939699
94,0.28391959798994976,0.14899203985325116,0.12214292060190926,0.05364257093408917,0.3793969849246231,0.08961762487888336,0.053716135676950216,0.0,0.05393883492797613,1.2447196620050818,"[0.6180904507637024, 0.7148241400718689, 0.7424622774124146, 0.733668327331543]",0.7417,0.31909547738693467,0.31909547738693467,0.30025125628140703,0.3316582914572864,0.28015075376884424,0.28015075376884424,0.314070351758794
95,0.2989949748743719,0.15213432442647556,0.12332993405986671,0.059630501803380795,0.3907035175879397,0.08988247811794281,0.05369579792022705,0.0,0.053922703955322504,0.8106072600930929,"[0.6180904507637024, 0.7148241400718689, 0.7424622774124146, 0.733668327331543]",0.7771,0.31532663316582915,0.31532663316582915,0.2964824120603015,0.2663316582914573,0.2650753768844221,0.2650753768844221,0.32160804020100503
96,0.2964824120603015,0.154806733332575,0.12871413945439805,0.023396468507640794,0.35678391959798994,0.08964373171329498,0.05367639102041721,0.0,0.0539051778614521,0.7833425439894199,"[0.6180904507637024, 0.7148241400718689, 0.7424622774124146, 0.733668327331543]",0.7274,0.314070351758794,0.3128140703517588,0.2776381909547739,0.3278894472361809,0.30402010050251255,0.30402010050251255,0.32663316582914576
97,0.2613065326633166,0.12555091181861155,0.1301949704496378,0.03277049995993296,0.3693467336683417,0.08814695477485657,0.05365561321377754,0.0,0.053888318594545126,0.7459613370010629,"[0.6180904507637024, 0.7148241400718689, 0.7424622774124146, 0.733668327331543]",0.7001,0.32537688442211055,0.3165829145728643,0.2864321608040201,0.2964824120603015,0.28015075376884424,0.28015075376884424,0.32160804020100503
98,0.25125628140703515,0.12310658220875803,0.11834875621052378,0.014383864244837502,0.3542713567839196,0.0883549302816391,0.053636069409549236,0.0,0.0538710574619472,0.81446986598894,"[0.6180904507637024, 0.7148241400718689, 0.7424622774124146, 0.733668327331543]",0.7586,0.31155778894472363,0.3027638190954774,0.271356783919598,0.32914572864321606,0.30778894472361806,0.30778894472361806,0.30402010050251255
99,0.27638190954773867,0.15189922588163485,0.11794536056585853,0.03875622521052971,0.36432160804020103,0.08904886245727539,0.053616397082805634,0.0,0.053852823562920094,0.8324008609633893,"[0.6180904507637024, 0.7148241400718689, 0.7424622774124146, 0.733668327331543]",0.7189,0.3103015075376884,0.3065326633165829,0.3103015075376884,0.2864321608040201,0.25125628140703515,0.25125628140703515,0.31909547738693467
100,0.2864321608040201,0.14047374624538989,0.11494103318499069,0.03573338897315085,0.35175879396984927,0.08898433297872543,0.05359681509435177,0.0,0.0538343470543623,0.7777299279114231,"[0.6180904507637024, 0.7148241400718689, 0.7424622774124146, 0.733668327331543]",0.7257,0.3128140703517588,0.30778894472361806,0.28015075376884424,0.2851758793969849,0.2600502512562814,0.2600502512562814,0.31532663316582915
101,0.2701005025125628,0.14757881388421956,0.12089228854703603,0.03951926359710208,0.35804020100502515,0.08910384029150009,0.05357693135738373,0.0,0.053816855419427156,0.8248360279249027,"[0.6180904507637024, 0.7148241400718689, 0.7424622774124146, 0.733668327331543]",0.717,0.3103015075376884,0.3065326633165829,0.30778894472361806,0.3530150753768844,0.3241206030150754,0.3241206030150754,0.314070351758794
102,0.28391959798994976,0.14999644052110783,0.1248890533181809,0.03450114538017855,0.3693467336683417,0.08879613876342773,0.05355670768767595,0.0,0.05379879008978605,0.7799054519273341,"[0.6180904507637024, 0.7148241400718689, 0.7424622774124146, 0.733668327331543]",0.7637,0.3178391959798995,0.31155778894472363,0.28391959798994976,0.3241206030150754,0.30778894472361806,0.30778894472361806,0.31909547738693467
103,0.2876884422110553,0.14681557740403062,0.12138169620636789,0.04481370851640939,0.3756281407035176,0.08898395299911499,0.05353669682517648,0.0,0.05378013662993908,0.7710946250008419,"[0.6180904507637024, 0.7148241400718689, 0.7424622774124146, 0.733668327331543]",0.9244,0.30527638190954776,0.30527638190954776,0.2889447236180904,0.3065326633165829,0.2613065326633166,0.2613065326633166,0.3178391959798995
104,0.27261306532663315,0.13686154284098329,0.11706707582564993,0.029232881070387427,0.3630653266331658,0.08851386606693268,0.053516426123678684,0.0,0.0537605588324368,0.7754163190256804,"[0.6180904507637024, 0.7148241400718689, 0.7424622774124146, 0.733668327331543]",0.6907,0.3128140703517588,0.31155778894472363,0.292713567839196,0.35050251256281406,0.3103015075376884,0.3103015075376884,0.32537688442211055
105,0.3165829145728643,0.159162004772899,0.12934223529209207,0.06374021629598253,0.37814070351758794,0.08866070210933685,0.0534960413351655,0.0,0.05374139454215765,0.7572320109466091,"[0.6180904507637024, 0.7148241400718689, 0.7424622774124146, 0.733668327331543]",0.7232,0.32160804020100503,0.3178391959798995,0.31532663316582915,0.3015075376884422,0.27889447236180903,0.27889447236180903,0.3278894472361809
106,0.29020100502512564,0.15560019901805255,0.11647435497704353,0.04373525986874134,0.3555276381909548,0.08803418278694153,0.053475644905120134,0.0,0.053720396012067795,0.8586873549502343,"[0.6180904507637024, 0.7148241400718689, 0.7424622774124146, 0.733668327331543]",0.8509,0.31155778894472363,0.30527638190954776,0.2751256281407035,0.33542713567839194,0.30527638190954776,0.30527638190954776,0.3278894472361809
107,0.2600502512562814,0.1285848639285091,0.12835123774987786,0.05286012266801205,0.38190954773869346,0.08795652538537979,0.05345562053844333,0.0,0.053701638244092464,0.8168580740457401,"[0.6180904507637024, 0.7148241400718689, 0.7424622774124146, 0.733668327331543]",0.8061,0.3128140703517588,0.31532663316582915,0.26256281407035176,0.3178391959798995,0.29020100502512564,0.29020100502512564,0.32914572864321606
108,0.29020100502512564,0.14885322099270815,0.13597873933142549,0.0700823174932684,0.39195979899497485,0.08788689225912094,0.05343604274094105,0.0,0.05367969488725066,0.8584581720642745,"[0.6180904507637024, 0.7148241400718689, 0.7424622774124146, 0.733668327331543]",0.7943,0.3203517587939699,0.3128140703517588,0.2889447236180904,0.2663316582914573,0.2600502512562814,0.2600502512562814,0.3203517587939699
109,0.2675879396984925,0.14069597130641365,0.13344618901620314,0.05623679316982232,0.38819095477386933,0.08814016729593277,0.05341613758355379,0.0,0.05365831544622779,0.8099123819265515,"[0.6180904507637024, 0.7148241400718689, 0.7424622774124146, 0.733668327331543]",0.7957,0.3178391959798995,0.31532663316582915,0.28391959798994976,0.2776381909547739,0.25125628140703515,0.25125628140703515,0.3241206030150754
110,0.2675879396984925,0.1419654247943053,0.12756981429485414,0.02818361738178196,0.36809045226130654,0.0891202762722969,0.05339607736095786,0.0,0.0536381583660841,0.7419889069860801,"[0.6180904507637024, 0.7148241400718689, 0.7424622774124146, 0.733668327331543]",0.7607,0.31532663316582915,0.3128140703517588,0.29396984924623115,0.32914572864321606,0.30778894472361806,0.30778894472361806,0.32160804020100503
111,0.2776381909547739,0.14024344428582158,0.14262124898344178,0.0585683739973126,0.3706030150753769,0.08757078647613525,0.05337649490684271,0.0,0.05361740989610553,1.0115438919747248,"[0.6180904507637024, 0.7148241400718689, 0.7424622774124146, 0.733668327331543]",0.7887,0.31532663316582915,0.314070351758794,0.2449748743718593,0.29773869346733667,0.28015075376884424,0.28015075376884424,0.3278894472361809
112,0.271356783919598,0.1437796616141852,0.12071032099977125,0.04133354003692015,0.3768844221105528,0.08697421103715897,0.05335658090189099,0.0,0.053595989011228085,0.7738858860684559,"[0.6180904507637024, 0.7148241400718689, 0.7424622774124146, 0.733668327331543]",0.7713,0.3203517587939699,0.3178391959798995,0.2964824120603015,0.2964824120603015,0.2751256281407035,0.2751256281407035,0.3228643216080402
113,0.3065326633165829,0.14377078985367464,0.1282367087557092,0.06217795169334457,0.37185929648241206,0.08826492726802826,0.053337105084210634,0.0,0.05357676884159446,0.7638369910418987,"[0.6180904507637024, 0.7148241400718689, 0.7424622774124146, 0.733668327331543]",0.7964,0.3178391959798995,0.3178391959798995,0.2814070351758794,0.27889447236180903,0.25251256281407036,0.25251256281407036,0.32537688442211055
114,0.3165829145728643,0.16482990861855484,0.14106009624630816,0.07634182101640127,0.3907035175879397,0.08763974905014038,0.053315151017159224,0.0,0.053557053208351135,0.802460904000327,"[0.6180904507637024, 0.7148241400718689, 0.7424622774124146, 0.733668327331543]",0.8176,0.30778894472361806,0.3027638190954774,0.2650753768844221,0.2663316582914573,0.26884422110552764,0.26884422110552764,0.3178391959798995
115,0.25879396984924624,0.14538344376042933,0.13042625587907383,0.0467861180472945,0.3693467336683417,0.08737040311098099,0.05329278064891696,0.0,0.05354220699518919,0.822508368990384,"[0.6180904507637024, 0.7148241400718689, 0.7424622774124146, 0.733668327331543]",0.8023,0.31909547738693467,0.3178391959798995,0.27261306532663315,0.2914572864321608,0.25879396984924624,0.25879396984924624,0.3278894472361809
116,0.28266331658291455,0.14755979999774949,0.1420359444969312,0.059488410540238325,0.3944723618090452,0.08807159960269928,0.053267830051481724,0.0,0.0535354376770556,0.8335698229493573,"[0.6180904507637024, 0.7148241400718689, 0.7424622774124146, 0.733668327331543]",0.8217,0.32160804020100503,0.31909547738693467,0.27889447236180903,0.2914572864321608,0.26256281407035176,0.26256281407035176,0.32914572864321606
117,0.25125628140703515,0.1231049613876064,0.12864011943547463,0.04864994001768082,0.3756281407035176,0.08769385516643524,0.05324805108830333,0.0,0.053532499354332685,0.823836112045683,"[0.6180904507637024, 0.7148241400718689, 0.7424622774124146, 0.733668327331543]",0.7413,0.3178391959798995,0.31532663316582915,0.27386934673366836,0.3379396984924623,0.2864321608040201,0.2864321608040201,0.3178391959798995
118,0.2638190954773869,0.13190839978784186,0.1223405508734526,0.012133917648386273,0.35804020100502515,0.08767180144786835,0.053229561541229486,0.0,0.05352494493126869,0.7711343730334193,"[0.6180904507637024, 0.7148241400718689, 0.7424622774124146, 0.733668327331543]",0.7388,0.29396984924623115,0.2650753768844221,0.29020100502512564,0.30402010050251255,0.27386934673366836,0.27386934673366836,0.33291457286432163
119,0.2751256281407035,0.1409032924196909,0.12800377905361193,0.02146957502224693,0.36809045226130654,0.08727329224348068,0.05321114230901003,0.0,0.053516211453825235,0.7576575530692935,"[0.6180904507637024, 0.7148241400718689, 0.7424622774124146, 0.733668327331543]",0.8536,0.31155778894472363,0.3165829145728643,0.2851758793969849,0.3391959798994975,0.3065326633165829,0.3065326633165829,0.3228643216080402
120,0.25125628140703515,0.130097714016433,0.12046384878609168,0.025196678455618966,0.35175879396984927,0.08829240500926971,0.0531943840906024,0.0,0.05350339226424694,0.8041258960729465,"[0.6180904507637024, 0.7148241400718689, 0.7424622774124146, 0.733668327331543]",0.7825,0.30025125628140703,0.29020100502512564,0.2701005025125628,0.3027638190954774,0.2675879396984925,0.2675879396984925,0.3128140703517588
121,0.24748743718592964,0.12668461637086292,0.11990949638450835,0.023635102622900136,0.35175879396984927,0.08775044977664948,0.05317930597811937,0.0,0.053490300197154284,0.7995092290220782,"[0.6180904507637024, 0.7148241400718689, 0.7424622774124146, 0.733668327331543]",0.7162,0.30402010050251255,0.29396984924623115,0.2814070351758794,0.271356783919598,0.26256281407035176,0.26256281407035176,0.3178391959798995
122,0.2889447236180904,0.15492915477159586,0.14322824891275104,0.038221090533840534,0.3706030150753769,0.08808720111846924,0.05316504370421171,0.0,0.05347694642841816,0.8100247699767351,"[0.6180904507637024, 0.7148241400718689, 0.7424622774124146, 0.733668327331543]",0.7166,0.31532663316582915,0.3015075376884422,0.30527638190954776,0.3103015075376884,0.29396984924623115,0.29396984924623115,0.33040201005025127
123,0.30527638190954776,0.16044645173103045,0.12060049144544753,0.049723053969225606,0.37814070351758794,0.08897706121206284,0.05315159261226654,0.0,0.053467308171093464,0.8112561709713191,"[0.6180904507637024, 0.7148241400718689, 0.7424622774124146, 0.733668327331543]",0.8162,0.3178391959798995,0.29020100502512564,0.29396984924623115,0.314070351758794,0.292713567839196,0.292713567839196,0.33668341708542715
124,0.3165829145728643,0.1786857044229021,0.1289723131855689,0.05493484536670147,0.3768844221105528,0.08794967085123062,0.05313688097521663,0.0,0.05345798842608929,1.013318229932338,"[0.6180904507637024, 0.7148241400718689, 0.7424622774124146, 0.733668327331543]",0.7909,0.3178391959798995,0.30904522613065327,0.3128140703517588,0.33040201005025127,0.31532663316582915,0.31532663316582915,0.3316582914572864
125,0.3203517587939699,0.16941480077072468,0.12936429818512946,0.04621957872537066,0.3655778894472362,0.08844542503356934,0.053123580757528543,0.0,0.05344629008322954,0.7777630030177534,"[0.6180904507637024, 0.7148241400718689, 0.7424622774124146, 0.733668327331543]",0.7973,0.32160804020100503,0.3103015075376884,0.3278894472361809,0.3454773869346734,0.3065326633165829,0.3065326633165829,0.33291457286432163
126,0.29773869346733667,0.15173213155506748,0.12456262107922228,0.04157541437551154,0.3731155778894472,0.08820003271102905,0.053111087530851364,0.0,0.053436273243278265,0.7769280890934169,"[0.6180904507637024, 0.7148241400718689, 0.7424622774124146, 0.733668327331543]",0.7413,0.3128140703517588,0.3178391959798995,0.3027638190954774,0.3128140703517588,0.2864321608040201,0.2864321608040201,0.3241206030150754
127,0.2650753768844221,0.12425808489991208,0.13644376064933667,0.043076280422362584,0.37185929648241206,0.08660169690847397,0.05309850489720702,0.0,0.05342654278501868,0.7641016349662095,"[0.6180904507637024, 0.7148241400718689, 0.7424622774124146, 0.733668327331543]",0.7592,0.31909547738693467,0.3178391959798995,0.2952261306532663,0.30025125628140703,0.26884422110552764,0.26884422110552764,0.32537688442211055
128,0.28391959798994976,0.16894401746660892,0.12707230272150355,0.03952560574099895,0.3756281407035176,0.08683489263057709,0.05308539792895317,0.0,0.05341488029807806,0.7459331599529833,"[0.6180904507637024, 0.7148241400718689, 0.7424622774124146, 0.733668327331543]",0.7662,0.31532663316582915,0.31155778894472363,0.29396984924623115,0.3015075376884422,0.27638190954773867,0.27638190954773867,0.3228643216080402
129,0.3128140703517588,0.16079554543895114,0.12761096733935184,0.04032896239662931,0.3655778894472362,0.08711658418178558,0.05307326419278979,0.0,0.05340295424684882,0.7606508249882609,"[0.6180904507637024, 0.7148241400718689, 0.7424622774124146, 0.733668327331543]",0.7477,0.31532663316582915,0.30904522613065327,0.27889447236180903,0.29773869346733667,0.271356783919598,0.271356783919598,0.3165829145728643
130,0.3103015075376884,0.15132165391718755,0.12706380001812473,0.04640099206609361,0.36809045226130654,0.08662989735603333,0.053062019404023886,0.0,0.05338982027024031,0.8221508350688964,"[0.6180904507637024, 0.7148241400718689, 0.7424622774124146, 0.733668327331543]",0.7183,0.314070351758794,0.3065326633165829,0.2814070351758794,0.33668341708542715,0.31155778894472363,0.31155778894472363,0.3178391959798995
131,0.31909547738693467,0.17902696983709254,0.13156872126934066,0.05494630638579547,0.38944723618090454,0.08647599071264267,0.053050894755870104,0.0,0.05337563902139664,0.7760731030721217,"[0.6180904507637024, 0.7148241400718689, 0.7424622774124146, 0.733668327331543]",0.7201,0.314070351758794,0.31155778894472363,0.2889447236180904,0.3479899497487437,0.314070351758794,0.314070351758794,0.3228643216080402
132,0.3065326633165829,0.17239508777216905,0.12998314005266098,0.03872331414353084,0.38567839195979897,0.08682501316070557,0.053040406201034784,0.0,0.05336069269105792,0.7700549609726295,"[0.6180904507637024, 0.7148241400718689, 0.7424622774124146, 0.733668327331543]",0.6866,0.31909547738693467,0.28266331658291455,0.27889447236180903,0.33668341708542715,0.30402010050251255,0.30402010050251255,0.3228643216080402
133,0.26256281407035176,0.1433940333914484,0.12388940105261506,0.029128113068697725,0.3756281407035176,0.08684934675693512,0.053030607756227255,0.0,0.05334642995148897,0.7904126379871741,"[0.6180904507637024, 0.7148241400718689, 0.7424622774124146, 0.733668327331543]",0.8025,0.32537688442211055,0.2914572864321608,0.29020100502512564,0.34296482412060303,0.30402010050251255,0.30402010050251255,0.33291457286432163
134,0.2638190954773869,0.14294743650047026,0.12244926103185994,0.025766457928478564,0.36809045226130654,0.08689741790294647,0.053020711056888103,0.0,0.05333313066512346,0.7700190070318058,"[0.6180904507637024, 0.7148241400718689, 0.7424622774124146, 0.733668327331543]",0.7449,0.3178391959798995,0.3103015075376884,0.292713567839196,0.30778894472361806,0.2989949748743719,0.2989949748743719,0.32160804020100503
135,0.2650753768844221,0.15005849895870038,0.1225550219242978,0.02282716655575049,0.36809045226130654,0.08737350255250931,0.05301060527563095,0.0,0.053319471422582865,0.8087083949940279,"[0.6180904507637024, 0.7148241400718689, 0.7424622774124146, 0.733668327331543]",0.7068,0.3165829145728643,0.30904522613065327,0.2952261306532663,0.3065326633165829,0.2964824120603015,0.2964824120603015,0.32160804020100503
136,0.2650753768844221,0.1502477212383324,0.12179825056594797,0.022634919057499397,0.3693467336683417,0.08749532699584961,0.05300116026774049,0.0,0.05330597795546055,0.8974132750881836,"[0.6180904507637024, 0.7148241400718689, 0.7424622774124146, 0.733668327331543]",0.7971,0.3165829145728643,0.30904522613065327,0.2964824120603015,0.30778894472361806,0.2964824120603015,0.2964824120603015,0.32160804020100503
137,0.271356783919598,0.15724296804978266,0.12334483441239305,0.024818134358517957,0.3756281407035176,0.08756452053785324,0.05299184424802661,0.0,0.05329224979504943,0.8290150569519028,"[0.6180904507637024, 0.7148241400718689, 0.7424622774124146, 0.733668327331543]",0.768,0.31155778894472363,0.31155778894472363,0.26884422110552764,0.2964824120603015,0.2952261306532663,0.2952261306532663,0.32537688442211055
138,0.2751256281407035,0.16175048091137723,0.12599990219198992,0.026110882544548897,0.3806532663316583,0.08750398457050323,0.05298290215432644,0.0,0.0532783274538815,0.8234710429096594,"[0.6180904507637024, 0.7148241400718689, 0.7424622774124146, 0.733668327331543]",0.7305,0.31909547738693467,0.3178391959798995,0.3015075376884422,0.36432160804020103,0.3228643216080402,0.3228643216080402,0.32537688442211055
139,0.30025125628140703,0.15892311077723908,0.14539393841931567,0.06047983480730822,0.38819095477386933,0.0870150476694107,0.05297408998012543,0.0,0.05326430266723037,0.8189402959542349,"[0.6180904507637024, 0.7148241400718689, 0.7424622774124146, 0.733668327331543]",0.697,0.32160804020100503,0.32537688442211055,0.30025125628140703,0.35050251256281406,0.30778894472361806,0.30778894472361806,0.3241206030150754
140,0.3203517587939699,0.1829391619470453,0.1364751494762553,0.0587183124519032,0.38567839195979897,0.08652111887931824,0.052965149749070406,0.0,0.05325054982677102,0.7805567570030689,"[0.6180904507637024, 0.7148241400718689, 0.7424622774124146, 0.733668327331543]",0.6828,0.3228643216080402,0.3241206030150754,0.30402010050251255,0.3454773869346734,0.30778894472361806,0.30778894472361806,0.32537688442211055
141,0.292713567839196,0.15615090872116233,0.13154768109397424,0.03602367617734307,0.36432160804020103,0.08702953159809113,0.052956252824515104,0.0,0.05323813762515783,0.8151747790398076,"[0.6180904507637024, 0.7148241400718689, 0.7424622774124146, 0.733668327331543]",0.6569,0.3278894472361809,0.3241206030150754,0.3103015075376884,0.33542713567839194,0.3165829145728643,0.3165829145728643,0.32663316582914576
142,0.314070351758794,0.1794449657422389,0.13167315554018763,0.04627005581687996,0.3793969849246231,0.08709415793418884,0.052947231102734804,0.0,0.05322520900517702,0.7348834569565952,"[0.6180904507637024, 0.7148241400718689, 0.7424622774124146, 0.733668327331543]",0.6932,0.3178391959798995,0.3165829145728643,0.29773869346733667,0.33291457286432163,0.3027638190954774,0.3027638190954774,0.32160804020100503
143,0.292713567839196,0.16338165946690664,0.14053496249143904,0.04355365378644762,0.3869346733668342,0.08610424399375916,0.052938264794647694,0.0,0.05321386456489563,0.8247086490737274,"[0.6180904507637024, 0.7148241400718689, 0.7424622774124146, 0.733668327331543]",0.8098,0.30778894472361806,0.30778894472361806,0.27638190954773867,0.33668341708542715,0.3015075376884422,0.3015075376884422,0.3165829145728643
144,0.292713567839196,0.16340664797398463,0.14235241417359704,0.04231961948583021,0.38944723618090454,0.08609557151794434,0.052929023280739784,0.0,0.053201083559542894,0.787943936069496,"[0.6180904507637024, 0.7148241400718689, 0.7424622774124146, 0.733668327331543]",0.7904,0.31532663316582915,0.314070351758794,0.2864321608040201,0.33040201005025127,0.3015075376884422,0.3015075376884422,0.3128140703517588
145,0.27638190954773867,0.16042365556743776,0.1217271842947439,0.022129139563376594,0.37185929648241206,0.08712694048881531,0.05291969049721956,0.0,0.053188329096883535,0.820712796994485,"[0.6180904507637024, 0.7148241400718689, 0.7424622774124146, 0.733668327331543]",0.7949,0.3165829145728643,0.3103015075376884,0.27889447236180903,0.2952261306532663,0.292713567839196,0.292713567839196,0.3178391959798995
146,0.32537688442211055,0.17483335553329127,0.14222568224676782,0.07653095225424145,0.3869346733668342,0.08619451522827148,0.05291095748543739,0.0,0.05317554669454694,0.7941782290581614,"[0.6180904507637024, 0.7148241400718689, 0.7424622774124146, 0.733668327331543]",0.7034,0.3165829145728643,0.30527638190954776,0.2864321608040201,0.3165829145728643,0.29020100502512564,0.29020100502512564,0.32160804020100503
147,0.2675879396984925,0.1302747479290829,0.1210230245822238,0.039831817902759706,0.36055276381909546,0.08587365597486496,0.052902547642588615,0.0,0.05316320573911071,0.8018186460249126,"[0.6180904507637024, 0.7148241400718689, 0.7424622774124146, 0.733668327331543]",0.8966,0.3165829145728643,0.30527638190954776,0.2876884422110553,0.31532663316582915,0.29396984924623115,0.29396984924623115,0.32160804020100503
148,0.26884422110552764,0.13114126887673605,0.1225077442901206,0.039472417555671685,0.36180904522613067,0.08602151274681091,0.05289410287514329,0.0,0.053150786086916924,0.9660765499575064,"[0.6180904507637024, 0.7148241400718689, 0.7424622774124146, 0.733668327331543]",0.7887,0.3165829145728643,0.31155778894472363,0.2914572864321608,0.3278894472361809,0.31155778894472363,0.31155778894472363,0.31532663316582915
149,0.28391959798994976,0.16269748266692252,0.1334017289382003,0.04502284565099227,0.3693467336683417,0.08602547645568848,0.05288595287129283,0.0,0.053139396011829376,0.827432309044525,"[0.6180904507637024, 0.7148241400718689, 0.7424622774124146, 0.733668327331543]",0.7521,0.31909547738693467,0.31909547738693467,0.29773869346733667,0.33040201005025127,0.29773869346733667,0.29773869346733667,0.31532663316582915
150,0.3015075376884422,0.15692743772811435,0.12342811409367624,0.0318334724792059,0.3743718592964824,0.08714891970157623,0.052878095768392086,0.0,0.053128018975257874,0.8406591579550877,"[0.6180904507637024, 0.7148241400718689, 0.7424622774124146, 0.733668327331543]",0.7768,0.32537688442211055,0.3278894472361809,0.2914572864321608,0.3316582914572864,0.2989949748743719,0.2989949748743719,0.33668341708542715
151,0.30025125628140703,0.16809204477651152,0.13384521526230253,0.03515109639309877,0.3706030150753769,0.08775694668292999,0.05287070386111736,0.0,0.05311745963990688,0.9164891799446195,"[0.6180904507637024, 0.7148241400718689, 0.7424622774124146, 0.733668327331543]",0.8542,0.3228643216080402,0.31909547738693467,0.2876884422110553,0.3203517587939699,0.31155778894472363,0.31155778894472363,0.33542713567839194
152,0.3128140703517588,0.1552254674846436,0.12783256735668547,0.059232756646645054,0.3743718592964824,0.08770021796226501,0.052862795535475016,0.0,0.053106102626770735,0.8277081039268523,"[0.6180904507637024, 0.7148241400718689, 0.7424622774124146, 0.733668327331543]",0.7436,0.3103015075376884,0.3103015075376884,0.29773869346733667,0.32663316582914576,0.29773869346733667,0.29773869346733667,0.3228643216080402
153,0.3128140703517588,0.15589529047529505,0.12846872110082402,0.04374883554454581,0.3731155778894472,0.08722706139087677,0.05285511165857315,0.0,0.053096058778464794,0.8353435449535027,"[0.6180904507637024, 0.7148241400718689, 0.7424622774124146, 0.733668327331543]",0.7468,0.31909547738693467,0.31909547738693467,0.2952261306532663,0.3479899497487437,0.314070351758794,0.314070351758794,0.32914572864321606
154,0.30402010050251255,0.15537296137750078,0.12259581868179448,0.04316694888312398,0.3756281407035176,0.08777403831481934,0.05284762568771839,0.0,0.05308555858209729,0.9643100209068507,"[0.6180904507637024, 0.7148241400718689, 0.7424622774124146, 0.733668327331543]",0.9147,0.3128140703517588,0.29773869346733667,0.28391959798994976,0.3241206030150754,0.30527638190954776,0.30527638190954776,0.314070351758794
155,0.2889447236180904,0.16870982264766454,0.13710397599825186,0.037749320763056475,0.3693467336683417,0.08757586777210236,0.0528404675424099,0.0,0.053075418807566166,0.847449152963236,"[0.6180904507637024, 0.7148241400718689, 0.7424622774124146, 0.733668327331543]",0.7754,0.31532663316582915,0.2952261306532663,0.27386934673366836,0.3178391959798995,0.2851758793969849,0.2851758793969849,0.3128140703517588
156,0.2876884422110553,0.15344879975691272,0.1287692276414343,0.04164293064043318,0.36683417085427134,0.0868740975856781,0.05283367680385709,0.0,0.0530650969594717,0.8726197839714587,"[0.6180904507637024, 0.7148241400718689, 0.7424622774124146, 0.733668327331543]",0.7488,0.30025125628140703,0.271356783919598,0.2600502512562814,0.2675879396984925,0.2600502512562814,0.2600502512562814,0.31532663316582915
157,0.2814070351758794,0.15550658995389066,0.14298015238068806,0.06135981148142537,0.3869346733668342,0.08625541627407074,0.05282682180404663,0.0,0.0530550847761333,0.9021045929985121,"[0.6180904507637024, 0.7148241400718689, 0.7424622774124146, 0.733668327331543]",0.7564,0.3065326633165829,0.27386934673366836,0.2638190954773869,0.27386934673366836,0.2613065326633166,0.2613065326633166,0.31532663316582915
158,0.22989949748743718,0.11189011017012385,0.13199481564603435,0.035396518573250234,0.3806532663316583,0.08608178794384003,0.05282003013417125,0.0,0.05304509261623025,0.8428252110024914,"[0.6180904507637024, 0.7148241400718689, 0.7424622774124146, 0.733668327331543]",0.8561,0.314070351758794,0.29020100502512564,0.29020100502512564,0.3203517587939699,0.2864321608040201,0.2864321608040201,0.32160804020100503
159,0.25,0.14942652175780746,0.12288758623419575,0.010183700895780445,0.3530150753768844,0.08644402027130127,0.05281331576406956,0.0,0.053035085555166006,0.8113522960338742,"[0.6180904507637024, 0.7148241400718689, 0.7424622774124146, 0.733668327331543]",0.7249,0.314070351758794,0.29396984924623115,0.2864321608040201,0.3027638190954774,0.27889447236180903,0.27889447236180903,0.3241206030150754
160,0.2952261306532663,0.17221359216102072,0.13105997414207723,0.03718988796549549,0.36809045226130654,0.0860355868935585,0.05280670803040266,0.0,0.05302523309364915,0.8886108180740848,"[0.6180904507637024, 0.7148241400718689, 0.7424622774124146, 0.733668327331543]",0.8032,0.3128140703517588,0.2851758793969849,0.2864321608040201,0.29020100502512564,0.2562814070351759,0.2562814070351759,0.31532663316582915
161,0.2989949748743719,0.1704771687365766,0.13471613953096076,0.04557660630985215,0.3743718592964824,0.08546106517314911,0.052800285164266825,0.0,0.053015310782939196,0.8907621349208057,"[0.6180904507637024, 0.7148241400718689, 0.7424622774124146, 0.733668327331543]",0.7695,0.3128140703517588,0.31155778894472363,0.2864321608040201,0.314070351758794,0.2876884422110553,0.2876884422110553,0.3178391959798995
162,0.2613065326633166,0.13762022331134605,0.12976612159829612,0.029842811886986533,0.3630653266331658,0.0851895809173584,0.05279405927285552,0.0,0.053005486726760864,0.8523828079923987,"[0.6180904507637024, 0.7148241400718689, 0.7424622774124146, 0.733668327331543]",0.7821,0.3165829145728643,0.314070351758794,0.2876884422110553,0.2701005025125628,0.2600502512562814,0.2600502512562814,0.3203517587939699
163,0.2814070351758794,0.15327495243922162,0.1301968025606811,0.033196665275791105,0.36683417085427134,0.08569645136594772,0.05278754327446222,0.0,0.05299565568566322,0.8301635250682011,"[0.6180904507637024, 0.7148241400718689, 0.7424622774124146, 0.733668327331543]",0.7768,0.3103015075376884,0.3165829145728643,0.3027638190954774,0.30527638190954776,0.2851758793969849,0.2851758793969849,0.3203517587939699
164,0.2851758793969849,0.15872178551792793,0.13656272193138852,0.028900718216870843,0.3731155778894472,0.08593979477882385,0.0527810980565846,0.0,0.052985889837145805,0.8171293790219352,"[0.6180904507637024, 0.7148241400718689, 0.7424622774124146, 0.733668327331543]",0.772,0.3103015075376884,0.3165829145728643,0.3015075376884422,0.30527638190954776,0.2864321608040201,0.2864321608040201,0.3203517587939699
165,0.2876884422110553,0.17059867760940595,0.13605001028943153,0.03335695611246471,0.3706030150753769,0.086435966193676,0.05277514411136508,0.0,0.052976444363594055,1.0287834049668163,"[0.6180904507637024, 0.7148241400718689, 0.7424622774124146, 0.733668327331543]",0.9954,0.3015075376884422,0.3027638190954774,0.27386934673366836,0.3128140703517588,0.2989949748743719,0.2989949748743719,0.3065326633165829
166,0.2814070351758794,0.16273082680220508,0.12484546862482454,0.021060267392367885,0.3655778894472362,0.0868179202079773,0.05276905419304967,0.0,0.052967808209359646,0.8839620229555294,"[0.6180904507637024, 0.7148241400718689, 0.7424622774124146, 0.733668327331543]",0.8044,0.30402010050251255,0.30527638190954776,0.2776381909547739,0.31155778894472363,0.29773869346733667,0.29773869346733667,0.30904522613065327
167,0.2864321608040201,0.16363817983717766,0.1237360520991775,0.022428591962135282,0.3655778894472362,0.08695213496685028,0.05276304995641112,0.0,0.05295892944559455,0.8116207050625235,"[0.6180904507637024, 0.7148241400718689, 0.7424622774124146, 0.733668327331543]",0.7598,0.3027638190954774,0.30402010050251255,0.27638190954773867,0.3128140703517588,0.30025125628140703,0.30025125628140703,0.30904522613065327
168,0.2864321608040201,0.16436006624083255,0.12471584992545601,0.024580956007967395,0.3655778894472362,0.08679898083209991,0.05275728739798069,0.0,0.052949735429137945,0.7798589740414172,"[0.6180904507637024, 0.7148241400718689, 0.7424622774124146, 0.733668327331543]",0.7843,0.31155778894472363,0.3103015075376884,0.29020100502512564,0.31532663316582915,0.30025125628140703,0.30025125628140703,0.31532663316582915
169,0.30025125628140703,0.1699018947053097,0.12549403615669413,0.028301062399811904,0.36809045226130654,0.08620727062225342,0.05275151040405035,0.0,0.052940705325454473,0.956755877006799,"[0.6180904507637024, 0.7148241400718689, 0.7424622774124146, 0.733668327331543]",0.941,0.314070351758794,0.3128140703517588,0.2876884422110553,0.31532663316582915,0.29396984924623115,0.29396984924623115,0.3178391959798995
170,0.2989949748743719,0.16920953252043924,0.12464589059346319,0.027840879518090885,0.3630653266331658,0.08555109798908234,0.052745682187378407,0.0,0.052932086400687695,0.8690349280368537,"[0.6180904507637024, 0.7148241400718689, 0.7424622774124146, 0.733668327331543]",0.7557,0.3027638190954774,0.3027638190954774,0.2814070351758794,0.314070351758794,0.2989949748743719,0.2989949748743719,0.3103015075376884
171,0.2701005025125628,0.1413989703679086,0.1268836008869432,0.02592203241796395,0.3693467336683417,0.08601446449756622,0.05273996200412512,0.0,0.05292393546551466,0.7988782150205225,"[0.6180904507637024, 0.7148241400718689, 0.7424622774124146, 0.733668327331543]",0.7505,0.314070351758794,0.314070351758794,0.2864321608040201,0.2876884422110553,0.27889447236180903,0.27889447236180903,0.3128140703517588
172,0.30025125628140703,0.16012600799768129,0.12079213515082252,0.0289747554690286,0.37814070351758794,0.08629363775253296,0.05273419478908181,0.0,0.052915763575583696,0.8631966379471123,"[0.6180904507637024, 0.7148241400718689, 0.7424622774124146, 0.733668327331543]",0.7614,0.30778894472361806,0.314070351758794,0.29020100502512564,0.31532663316582915,0.27638190954773867,0.27638190954773867,0.3178391959798995
173,0.27638190954773867,0.12877849308717237,0.11059827611455483,0.01915260563411209,0.3655778894472362,0.08558671921491623,0.05272841267287731,0.0,0.05290771322324872,0.8567197299562395,"[0.6180904507637024, 0.7148241400718689, 0.7424622774124146, 0.733668327331543]",1.0613,0.30904522613065327,0.314070351758794,0.29773869346733667,0.3203517587939699,0.27638190954773867,0.27638190954773867,0.3165829145728643
174,0.27638190954773867,0.10447551300230862,0.11061248914478422,0.021194492595173794,0.3492462311557789,0.08880224078893661,0.05272255279123783,0.0,0.05289990454912186,0.7572504159761593,"[0.6180904507637024, 0.7148241400718689, 0.7424622774124146, 0.733668327331543]",0.7456,0.31532663316582915,0.3203517587939699,0.29396984924623115,0.28391959798994976,0.2889447236180904,0.2889447236180904,0.3203517587939699
175,0.2864321608040201,0.12530010930653224,0.11893321455207277,0.03149241797017174,0.3442211055276382,0.0880834311246872,0.052716624923050404,0.0,0.052892175037413836,0.8867469329852611,"[0.6180904507637024, 0.7148241400718689, 0.7424622774124146, 0.733668327331543]",0.8377,0.30904522613065327,0.30904522613065327,0.29773869346733667,0.30778894472361806,0.27889447236180903,0.27889447236180903,0.3165829145728643
176,0.28266331658291455,0.15188631011692177,0.1352274542739356,0.03320913436563528,0.3592964824120603,0.08629945665597916,0.05271060112863779,0.0,0.05288382014259696,0.786443855962716,"[0.6180904507637024, 0.7148241400718689, 0.7424622774124146, 0.733668327331543]",0.7604,0.30904522613065327,0.3103015075376884,0.3103015075376884,0.31155778894472363,0.27638190954773867,0.27638190954773867,0.31909547738693467
177,0.30527638190954776,0.17045831448816529,0.13539541581485492,0.039515780555946546,0.3756281407035176,0.08551885932683945,0.052704738918691874,0.0,0.052875734865665436,1.1118598660686985,"[0.6180904507637024, 0.7148241400718689, 0.7424622774124146, 0.733668327331543]",0.765,0.31155778894472363,0.314070351758794,0.3103015075376884,0.314070351758794,0.27889447236180903,0.27889447236180903,0.3203517587939699
178,0.2851758793969849,0.15883584146316543,0.1324898629841623,0.03197812674440557,0.36432160804020103,0.08574153482913971,0.05269881198182702,0.0,0.05286827962845564,0.9505259779980406,"[0.6180904507637024, 0.7148241400718689, 0.7424622774124146, 0.733668327331543]",0.9711,0.32914572864321606,0.3278894472361809,0.3165829145728643,0.31532663316582915,0.3065326633165829,0.3065326633165829,0.32914572864321606
179,0.2851758793969849,0.15903731678605504,0.13213047518116666,0.032088183675066155,0.36432160804020103,0.08515725284814835,0.05269273277372122,0.0,0.05286149401217699,0.8329940399853513,"[0.6180904507637024, 0.7148241400718689, 0.7424622774124146, 0.733668327331543]",0.7574,0.3065326633165829,0.3065326633165829,0.32914572864321606,0.32160804020100503,0.31532663316582915,0.31532663316582915,0.3128140703517588
180,0.31155778894472363,0.17285842144384944,0.1350194416006915,0.052590320118614094,0.3731155778894472,0.0849938914179802,0.05268667871132493,0.0,0.05285507254302502,0.8378430020529777,"[0.6180904507637024, 0.7148241400718689, 0.7424622774124146, 0.733668327331543]",0.7617,0.3065326633165829,0.30778894472361806,0.3316582914572864,0.3241206030150754,0.3178391959798995,0.3178391959798995,0.3128140703517588
181,0.30904522613065327,0.17055528084225213,0.1360319785039384,0.051825637109504545,0.37814070351758794,0.08511172235012054,0.052680728025734425,0.0,0.05284881452098489,0.9476158960023895,"[0.6180904507637024, 0.7148241400718689, 0.7424622774124146, 0.733668327331543]",0.926,0.30527638190954776,0.30778894472361806,0.33291457286432163,0.33542713567839194,0.32663316582914576,0.32663316582914576,0.3128140703517588
182,0.30527638190954776,0.15611526376430396,0.13102640630884316,0.047031060174338495,0.3706030150753769,0.08523562550544739,0.05267492774873972,0.0,0.05284265801310539,0.9772062880219892,"[0.6180904507637024, 0.7148241400718689, 0.7424622774124146, 0.733668327331543]",0.7689,0.3128140703517588,0.3203517587939699,0.2876884422110553,0.30025125628140703,0.2964824120603015,0.2964824120603015,0.3178391959798995
183,0.2814070351758794,0.16234419699938396,0.15087147634843912,0.06008340443728522,0.39824120603015073,0.08640700578689575,0.05266948090866208,0.0,0.05283605493605137,0.8344884980469942,"[0.6180904507637024, 0.7148241400718689, 0.7424622774124146, 0.733668327331543]",0.8053,0.3128140703517588,0.31909547738693467,0.29020100502512564,0.29020100502512564,0.292713567839196,0.292713567839196,0.3165829145728643
184,0.27638190954773867,0.16013606463986296,0.14840384949446295,0.0584957367492666,0.3957286432160804,0.08709913492202759,0.052664313931018114,0.0,0.05282900435850024,0.9192574470071122,"[0.6180904507637024, 0.7148241400718689, 0.7424622774124146, 0.733668327331543]",0.7632,0.31155778894472363,0.31155778894472363,0.30778894472361806,0.2989949748743719,0.2989949748743719,0.2989949748743719,0.3165829145728643
185,0.26884422110552764,0.15239358539240533,0.1376730176104105,0.05760921559650291,0.38819095477386933,0.08658021688461304,0.05265903193503618,0.0,0.05282205296680331,0.8269792300416157,"[0.6180904507637024, 0.7148241400718689, 0.7424622774124146, 0.733668327331543]",0.7462,0.3278894472361809,0.33040201005025127,0.3165829145728643,0.32663316582914576,0.2914572864321608,0.2914572864321608,0.3316582914572864
186,0.26884422110552764,0.15207400262464776,0.13727617222207167,0.058365331859622886,0.38567839195979897,0.08627653121948242,0.052653857972472906,0.0,0.052814898546785116,0.8697794310282916,"[0.6180904507637024, 0.7148241400718689, 0.7424622774124146, 0.733668327331543]",1.1155,0.3278894472361809,0.32914572864321606,0.3178391959798995,0.32663316582914576,0.2889447236180904,0.2889447236180904,0.3316582914572864
187,0.2638190954773869,0.14820604219014788,0.1295179133258115,0.0219776638273772,0.36683417085427134,0.08679793775081635,0.05264879344031215,0.0,0.05280870059505105,0.8333764100680128,"[0.6180904507637024, 0.7148241400718689, 0.7424622774124146, 0.733668327331543]",0.7741,0.31909547738693467,0.3203517587939699,0.314070351758794,0.3479899497487437,0.3128140703517588,0.3128140703517588,0.32914572864321606
188,0.2952261306532663,0.15429965286129044,0.12939345119538495,0.03845541942690391,0.37185929648241206,0.08697789907455444,0.052643842063844204,0.0,0.052802497521042824,0.824817945016548,"[0.6180904507637024, 0.7148241400718689, 0.7424622774124146, 0.733668327331543]",0.7244,0.32160804020100503,0.3241206030150754,0.30904522613065327,0.35050251256281406,0.314070351758794,0.314070351758794,0.3316582914572864
189,0.292713567839196,0.14504451740538027,0.12492400914890638,0.034105716834353275,0.3530150753768844,0.08631766587495804,0.05263887159526348,0.0,0.052796386647969484,0.8694929169723764,"[0.6180904507637024, 0.7148241400718689, 0.7424622774124146, 0.733668327331543]",0.7443,0.3228643216080402,0.3278894472361809,0.3165829145728643,0.3178391959798995,0.2876884422110553,0.2876884422110553,0.32663316582914576
190,0.2864321608040201,0.1488057473233565,0.1308861243778502,0.029409887933167598,0.36432160804020103,0.08694364130496979,0.052633823826909065,0.0,0.05279014492407441,0.8100050709908828,"[0.6180904507637024, 0.7148241400718689, 0.7424622774124146, 0.733668327331543]",0.7795,0.3165829145728643,0.3203517587939699,0.29020100502512564,0.31532663316582915,0.28266331658291455,0.28266331658291455,0.3203517587939699
191,0.28266331658291455,0.13761607146245303,0.12704425512182754,0.027949922528277178,0.35678391959798994,0.08717167377471924,0.0526286824606359,0.0,0.052784266881644726,0.8015106890816242,"[0.6180904507637024, 0.7148241400718689, 0.7424622774124146, 0.733668327331543]",0.7521,0.3165829145728643,0.31909547738693467,0.29020100502512564,0.31532663316582915,0.2814070351758794,0.2814070351758794,0.3203517587939699
192,0.28391959798994976,0.13337790086906687,0.14210610770309381,0.044150247436935346,0.35804020100502515,0.08644609153270721,0.052623693365603685,0.0,0.052778671495616436,0.8344490620074794,"[0.6180904507637024, 0.7148241400718689, 0.7424622774124146, 0.733668327331543]",0.7559,0.3241206030150754,0.33040201005025127,0.31532663316582915,0.32663316582914576,0.2889447236180904,0.2889447236180904,0.3278894472361809
193,0.26256281407035176,0.13128387234715033,0.12790310260548346,0.019713079991510483,0.36180904522613067,0.08642686903476715,0.05261873500421643,0.0,0.052773457020521164,0.9331389549188316,"[0.6180904507637024, 0.7148241400718689, 0.7424622774124146, 0.733668327331543]",1.0455,0.3241206030150754,0.3278894472361809,0.31155778894472363,0.32537688442211055,0.2876884422110553,0.2876884422110553,0.32914572864321606
194,0.292713567839196,0.16477249430630048,0.15232194894479578,0.05469900827566834,0.3756281407035176,0.08716030418872833,0.052614042069762945,0.0,0.05276833800598979,0.9590375240659341,"[0.6180904507637024, 0.7148241400718689, 0.7424622774124146, 0.733668327331543]",0.8117,0.32663316582914576,0.33040201005025127,0.31155778894472363,0.3241206030150754,0.2864321608040201,0.2864321608040201,0.33040201005025127
195,0.2864321608040201,0.15901156031732733,0.1449153303626742,0.05902630464097053,0.36432160804020103,0.0863691195845604,0.05260912701487541,0.0,0.052762354258447886,0.7986756189493462,"[0.6180904507637024, 0.7148241400718689, 0.7424622774124146, 0.733668327331543]",0.7813,0.32537688442211055,0.33040201005025127,0.3128140703517588,0.3228643216080402,0.2864321608040201,0.2864321608040201,0.33040201005025127
196,0.2851758793969849,0.13893266768440482,0.13655717595762476,0.06163077690933787,0.3693467336683417,0.08632859587669373,0.05260427575558424,0.0,0.0527566191740334,0.8182722650235519,"[0.6180904507637024, 0.7148241400718689, 0.7424622774124146, 0.733668327331543]",0.8094,0.32537688442211055,0.32663316582914576,0.3027638190954774,0.3417085427135678,0.31155778894472363,0.31155778894472363,0.3241206030150754
197,0.2864321608040201,0.15730301477097985,0.14418403408871858,0.053981765694056535,0.36055276381909546,0.0864718034863472,0.05259923776611686,0.0,0.05275090038776398,0.8207740130601451,"[0.6180904507637024, 0.7148241400718689, 0.7424622774124146, 0.733668327331543]",0.8579,0.3278894472361809,0.32914572864321606,0.31532663316582915,0.32663316582914576,0.3165829145728643,0.3165829145728643,0.32663316582914576
198,0.2851758793969849,0.15570923935838055,0.1470756840081562,0.05539679932492494,0.36055276381909546,0.08635193854570389,0.05259460071101785,0.0,0.052745315711945295,0.845453079091385,"[0.6180904507637024, 0.7148241400718689, 0.7424622774124146, 0.733668327331543]",1.0185,0.3203517587939699,0.314070351758794,0.2952261306532663,0.31909547738693467,0.2864321608040201,0.2864321608040201,0.32663316582914576
199,0.2701005025125628,0.1243721185614346,0.13329581540329746,0.037252343589358396,0.35804020100502515,0.08668190240859985,0.05258971266448498,0.0,0.05273984465748072,1.0489403830142692,"[0.6180904507637024, 0.7148241400718689, 0.7424622774124146, 0.733668327331543]",1.0991,0.3128140703517588,0.30904522613065327,0.3103015075376884,0.34045226130653267,0.29773869346733667,0.29773869346733667,0.32160804020100503
200,0.2864321608040201,0.1343021808643039,0.1381553459907424,0.052405155234482075,0.36055276381909546,0.086823008954525,0.05258468771353364,0.0,0.05273446207866073,1.0517542739398777,"[0.6180904507637024, 0.7148241400718689, 0.7424622774124146, 0.733668327331543]",1.0967,0.32537688442211055,0.3165829145728643,0.292713567839196,0.31155778894472363,0.2876884422110553,0.2876884422110553,0.3228643216080402
201,0.27261306532663315,0.14870870382752666,0.14167413094658318,0.04722404552121294,0.37814070351758794,0.08618028461933136,0.05257931491360068,0.0,0.05272997496649623,0.7643086289754137,"[0.6180904507637024, 0.7148241400718689, 0.7424622774124146, 0.733668327331543]",0.7769,0.33040201005025127,0.2989949748743719,0.30402010050251255,0.34045226130653267,0.2952261306532663,0.2952261306532663,0.3228643216080402
202,0.2675879396984925,0.14331179619715717,0.14157428878707226,0.04634573586478423,0.3806532663316583,0.08611191809177399,0.05257389647886157,0.0,0.052725537680089474,0.787726326030679,"[0.6180904507637024, 0.7148241400718689, 0.7424622774124146, 0.733668327331543]",0.7625,0.33040201005025127,0.2964824120603015,0.29020100502512564,0.2989949748743719,0.27386934673366836,0.27386934673366836,0.3278894472361809
203,0.29773869346733667,0.15386297556272654,0.14694667815568488,0.053450553295976616,0.3743718592964824,0.0861055850982666,0.052568779326975346,0.0,0.0527209909632802,0.787109556957148,"[0.6180904507637024, 0.7148241400718689, 0.7424622774124146, 0.733668327331543]",0.7463,0.33668341708542715,0.30025125628140703,0.3027638190954774,0.2889447236180904,0.2814070351758794,0.2814070351758794,0.33291457286432163
204,0.30402010050251255,0.16108511204961373,0.15008788549096644,0.05905814552275026,0.3793969849246231,0.08573060482740402,0.052563727367669344,0.0,0.052716614212840796,0.7772260869387537,"[0.6180904507637024, 0.7148241400718689, 0.7424622774124146, 0.733668327331543]",0.7544,0.3278894472361809,0.31532663316582915,0.3015075376884422,0.36055276381909546,0.3178391959798995,0.3178391959798995,0.32537688442211055
205,0.2776381909547739,0.15204309999851784,0.14345351639801862,0.05128451398110803,0.37814070351758794,0.08520076423883438,0.05255886493250728,0.0,0.052712207194417715,0.8397618680028245,"[0.6180904507637024, 0.7148241400718689, 0.7424622774124146, 0.733668327331543]",0.7467,0.32914572864321606,0.30527638190954776,0.2989949748743719,0.3417085427135678,0.3128140703517588,0.3128140703517588,0.32914572864321606
206,0.26884422110552764,0.13551560569814192,0.12945749580254684,0.02464339961909256,0.3731155778894472,0.08778822422027588,0.052553819958120584,0.0,0.052707931492477655,0.7472871879581362,"[0.6180904507637024, 0.7148241400718689, 0.7424622774124146, 0.733668327331543]",0.7752,0.30904522613065327,0.28015075376884424,0.27261306532663315,0.33542713567839194,0.3103015075376884,0.3103015075376884,0.3228643216080402
207,0.30527638190954776,0.16213237603427688,0.14892523996010262,0.05930724904360802,0.38190954773869346,0.08543451130390167,0.05254873773083091,0.0,0.052704074420034885,0.8474134739954025,"[0.6180904507637024, 0.7148241400718689, 0.7424622774124146, 0.733668327331543]",0.756,0.3128140703517588,0.28391959798994976,0.2889447236180904,0.32914572864321606,0.2952261306532663,0.2952261306532663,0.31155778894472363
208,0.28266331658291455,0.16748449963824852,0.13239687738649114,0.0267499890187312,0.3630653266331658,0.08862178027629852,0.05254369927570224,0.0,0.052700134459882975,0.8026666500372812,"[0.6180904507637024, 0.7148241400718689, 0.7424622774124146, 0.733668327331543]",0.7868,0.31532663316582915,0.2814070351758794,0.2851758793969849,0.32914572864321606,0.2989949748743719,0.2989949748743719,0.31155778894472363
209,0.28391959798994976,0.1694536428387068,0.13432106929761203,0.02765666063995048,0.36432160804020103,0.088671013712883,0.05253862077370286,0.0,0.052696111146360636,0.7849299990339205,"[0.6180904507637024, 0.7148241400718689, 0.7424622774124146, 0.733668327331543]",0.745,0.31532663316582915,0.28015075376884424,0.2851758793969849,0.33291457286432163,0.30025125628140703,0.30025125628140703,0.3128140703517588
210,0.2814070351758794,0.16777340929736928,0.13333072662763937,0.026263523728077342,0.36432160804020103,0.08866402506828308,0.05253350641578436,0.0,0.05269235838204622,0.7790238379966468,"[0.6180904507637024, 0.7148241400718689, 0.7424622774124146, 0.733668327331543]",0.7434,0.32160804020100503,0.30402010050251255,0.29396984924623115,0.33542713567839194,0.2914572864321608,0.2914572864321608,0.314070351758794
211,0.30527638190954776,0.1620510321406543,0.15054278821881412,0.05622150927147913,0.3793969849246231,0.08593510091304779,0.052528416737914085,0.0,0.052688558120280504,0.8238988290540874,"[0.6180904507637024, 0.7148241400718689, 0.7424622774124146, 0.733668327331543]",0.7326,0.3178391959798995,0.30527638190954776,0.2952261306532663,0.33668341708542715,0.2964824120603015,0.2964824120603015,0.31532663316582915
212,0.28266331658291455,0.16840755194754098,0.13231254091983785,0.02758978180342792,0.36432160804020103,0.08862797915935516,0.052523598074913025,0.0,0.05268493201583624,0.7838867990067229,"[0.6180904507637024, 0.7148241400718689, 0.7424622774124146, 0.733668327331543]",0.7396,0.32537688442211055,0.29773869346733667,0.3015075376884422,0.35678391959798994,0.3128140703517588,0.3128140703517588,0.32160804020100503
213,0.2776381909547739,0.1455512473234305,0.14376479193207264,0.05894419073252286,0.3793969849246231,0.08523808419704437,0.052518729120492935,0.0,0.052681026980280876,0.8248180360533297,"[0.6180904507637024, 0.7148241400718689, 0.7424622774124146, 0.733668327331543]",0.727,0.32914572864321606,0.2989949748743719,0.2989949748743719,0.3555276381909548,0.31532663316582915,0.31532663316582915,0.32537688442211055
214,0.271356783919598,0.12426924433889608,0.14042533499649798,0.053444302904868825,0.3806532663316583,0.08406993746757507,0.05251348624005914,0.0,0.052677836269140244,0.870925655006431,"[0.6180904507637024, 0.7148241400718689, 0.7424622774124146, 0.733668327331543]",0.7396,0.3203517587939699,0.3065326633165829,0.2964824120603015,0.3341708542713568,0.2989949748743719,0.2989949748743719,0.3178391959798995
215,0.2650753768844221,0.14288238607289716,0.13238770433242392,0.04842146721942742,0.3655778894472362,0.08445066213607788,0.05250844359397888,0.0,0.05267401225864887,0.9745526880724356,"[0.6180904507637024, 0.7148241400718689, 0.7424622774124146, 0.733668327331543]",0.7458,0.25753768844221103,0.25879396984924624,0.29020100502512564,0.3228643216080402,0.3165829145728643,0.3165829145728643,0.2814070351758794
216,0.3492462311557789,0.1878094997971138,0.15729903807604154,0.08319270285355604,0.38567839195979897,0.0857672393321991,0.05250343028455973,0.0,0.05267062410712242,0.9419498420320451,"[0.6180904507637024, 0.7148241400718689, 0.7424622774124146, 0.733668327331543]",0.7489,0.27261306532663315,0.26256281407035176,0.28015075376884424,0.3178391959798995,0.31155778894472363,0.31155778894472363,0.27889447236180903
217,0.33291457286432163,0.17660305611183402,0.15606296232180297,0.08059801236150137,0.39321608040201006,0.08484102785587311,0.05249840021133423,0.0,0.052667252253741026,0.8090069280005991,"[0.6180904507637024, 0.7148241400718689, 0.7424622774124146, 0.733668327331543]",0.761,0.2952261306532663,0.2663316582914573,0.2914572864321608,0.2989949748743719,0.27889447236180903,0.27889447236180903,0.32160804020100503
218,0.3027638190954774,0.14962175896517882,0.13490141289396443,0.047376265699480676,0.36809045226130654,0.08463044464588165,0.05249344604089856,0.0,0.05266394419595599,0.8171278049703687,"[0.6180904507637024, 0.7148241400718689, 0.7424622774124146, 0.733668327331543]",0.7469,0.2964824120603015,0.2650753768844221,0.30527638190954776,0.3015075376884422,0.27386934673366836,0.27386934673366836,0.3228643216080402
219,0.314070351758794,0.16495956562588243,0.14525715168060627,0.05946474606323879,0.3756281407035176,0.08434025943279266,0.052488870453089476,0.0,0.052661191672086716,0.8666101520648226,"[0.6180904507637024, 0.7148241400718689, 0.7424622774124146, 0.733668327331543]",0.7811,0.27889447236180903,0.2663316582914573,0.3027638190954774,0.2952261306532663,0.271356783919598,0.271356783919598,0.31532663316582915
220,0.25753768844221103,0.1433020048185576,0.12881361496151153,0.021559343971423145,0.3630653266331658,0.0856526643037796,0.05248435027897358,0.0,0.052659273613244295,0.8283921990077943,"[0.6180904507637024, 0.7148241400718689, 0.7424622774124146, 0.733668327331543]",0.7788,0.30778894472361806,0.2952261306532663,0.2701005025125628,0.30904522613065327,0.2989949748743719,0.2989949748743719,0.31532663316582915
221,0.25753768844221103,0.15001056985045003,0.126203910938638,0.013957961142772517,0.3630653266331658,0.08670908957719803,0.05247989483177662,0.0,0.052657675463706255,0.9477003420470282,"[0.6180904507637024, 0.7148241400718689, 0.7424622774124146, 0.733668327331543]",0.828,0.3128140703517588,0.2964824120603015,0.2650753768844221,0.2989949748743719,0.2851758793969849,0.2851758793969849,0.3203517587939699
222,0.3027638190954774,0.1511935320247776,0.14047334337737083,0.04658470885081601,0.37185929648241206,0.085467129945755,0.05247473018243909,0.0,0.05265595158562064,0.7919957289705053,"[0.6180904507637024, 0.7148241400718689, 0.7424622774124146, 0.733668327331543]",0.7557,0.2864321608040201,0.27638190954773867,0.2663316582914573,0.3027638190954774,0.2889447236180904,0.2889447236180904,0.31532663316582915
223,0.2952261306532663,0.13244950770498054,0.13925754806119559,0.05599781868002288,0.3806532663316583,0.0853453129529953,0.052469472866505384,0.0,0.05265302211046219,0.8805289189331234,"[0.6180904507637024, 0.7148241400718689, 0.7424622774124146, 0.733668327331543]",0.6957,0.2814070351758794,0.28266331658291455,0.2776381909547739,0.3228643216080402,0.29773869346733667,0.29773869346733667,0.3015075376884422
224,0.29396984924623115,0.1463611504943202,0.13790309565943318,0.053406262416477016,0.3844221105527638,0.08483101427555084,0.05246435897424817,0.0,0.05265023931860924,0.7634021129924804,"[0.6180904507637024, 0.7148241400718689, 0.7424622774124146, 0.733668327331543]",0.7329,0.28266331658291455,0.28266331658291455,0.27386934673366836,0.3228643216080402,0.30025125628140703,0.30025125628140703,0.30025125628140703
225,0.29396984924623115,0.1469146231929107,0.14046287222870263,0.05404200714153787,0.38944723618090454,0.08475401997566223,0.05245966836810112,0.0,0.05264675198122859,1.0531380999600515,"[0.6180904507637024, 0.7148241400718689, 0.7424622774124146, 0.733668327331543]",0.7174,0.3241206030150754,0.3128140703517588,0.292713567839196,0.3442211055276382,0.31532663316582915,0.31532663316582915,0.3278894472361809
226,0.2751256281407035,0.14193530307417823,0.12083999913132294,0.02581431806864682,0.36809045226130654,0.08548900485038757,0.05245566973462701,0.0,0.05264382530003786,0.7494829429779202,"[0.6180904507637024, 0.7148241400718689, 0.7424622774124146, 0.733668327331543]",0.6602,0.3103015075376884,0.3065326633165829,0.27638190954773867,0.314070351758794,0.2964824120603015,0.2964824120603015,0.3203517587939699
227,0.28015075376884424,0.1510226265905249,0.15088158015103822,0.056262937409750864,0.4045226130653266,0.08520098030567169,0.05245134001597762,0.0,0.0526406979188323,0.8872521040029824,"[0.6180904507637024, 0.7148241400718689, 0.7424622774124146, 0.733668327331543]",0.7674,0.3027638190954774,0.28391959798994976,0.29396984924623115,0.31155778894472363,0.2952261306532663,0.2952261306532663,0.32914572864321606
228,0.2989949748743719,0.16257129120749625,0.14199386171551306,0.05851183370051439,0.3844221105527638,0.08562854677438736,0.052446973510086536,0.0,0.05263656750321388,0.9454947990598157,"[0.6180904507637024, 0.7148241400718689, 0.7424622774124146, 0.733668327331543]",0.7175,0.30904522613065327,0.2989949748743719,0.2876884422110553,0.2989949748743719,0.28015075376884424,0.28015075376884424,0.31532663316582915
229,0.2914572864321608,0.1530588952171098,0.1413378348043142,0.05789622046297181,0.37814070351758794,0.08558452129364014,0.05244306568056345,0.0,0.05263223499059677,0.8041394610190764,"[0.6180904507637024, 0.7148241400718689, 0.7424622774124146, 0.733668327331543]",0.7314,0.30527638190954776,0.30025125628140703,0.2864321608040201,0.29773869346733667,0.28266331658291455,0.28266331658291455,0.314070351758794
230,0.2613065326633166,0.12191388134295877,0.13546275890644513,0.046458107163928834,0.3706030150753769,0.0857280045747757,0.05243889940902591,0.0,0.052628934383392334,0.8316737880231813,"[0.6180904507637024, 0.7148241400718689, 0.7424622774124146, 0.733668327331543]",0.8273,0.30527638190954776,0.3027638190954774,0.2876884422110553,0.2989949748743719,0.28391959798994976,0.28391959798994976,0.31532663316582915
231,0.2613065326633166,0.1301548834564249,0.1378143660246878,0.047903162119692796,0.3655778894472362,0.0859399363398552,0.05243525002151728,0.0,0.05262522725388408,0.8353862679796293,"[0.6180904507637024, 0.7148241400718689, 0.7424622774124146, 0.733668327331543]",0.742,0.3165829145728643,0.30778894472361806,0.2889447236180904,0.3165829145728643,0.2989949748743719,0.2989949748743719,0.32160804020100503
232,0.2814070351758794,0.13394822086496394,0.13554908240698077,0.05372601822385428,0.3768844221105528,0.08621371537446976,0.05243187956511974,0.0,0.05262171756476164,0.7773807049961761,"[0.6180904507637024, 0.7148241400718689, 0.7424622774124146, 0.733668327331543]",0.7294,0.3128140703517588,0.30527638190954776,0.2889447236180904,0.3203517587939699,0.2989949748743719,0.2989949748743719,0.31909547738693467
233,0.2600502512562814,0.12170741439417931,0.13636794602357685,0.046889390123035446,0.3706030150753769,0.0860372930765152,0.052428442519158125,0.0,0.052617973648011684,0.8121810150332749,"[0.6180904507637024, 0.7148241400718689, 0.7424622774124146, 0.733668327331543]",0.7465,0.3103015075376884,0.3128140703517588,0.2814070351758794,0.35678391959798994,0.3228643216080402,0.3228643216080402,0.3178391959798995
234,0.27386934673366836,0.1343170126854747,0.13507965698129165,0.0497766235583345,0.3731155778894472,0.08597064018249512,0.05242516053840518,0.0,0.052615039981901646,0.8021372630028054,"[0.6180904507637024, 0.7148241400718689, 0.7424622774124146, 0.733668327331543]",0.9499,0.3128140703517588,0.3203517587939699,0.2952261306532663,0.3241206030150754,0.28266331658291455,0.28266331658291455,0.31909547738693467
235,0.2751256281407035,0.13510032295423102,0.13599575715600132,0.0488666548809138,0.3756281407035176,0.08597563952207565,0.052421491127461195,0.0,0.05261124996468425,0.945253036916256,"[0.6180904507637024, 0.7148241400718689, 0.7424622774124146, 0.733668327331543]",0.8263,0.314070351758794,0.3203517587939699,0.30025125628140703,0.3203517587939699,0.2851758793969849,0.2851758793969849,0.31909547738693467
236,0.2776381909547739,0.1387761476555781,0.13437248208998215,0.047864572007580604,0.3743718592964824,0.08587342500686646,0.052418538834899664,0.0,0.05260616447776556,0.8970000500557944,"[0.6180904507637024, 0.7148241400718689, 0.7424622774124146, 0.733668327331543]",0.7437,0.32160804020100503,0.29020100502512564,0.29020100502512564,0.34045226130653267,0.30402010050251255,0.30402010050251255,0.32160804020100503
237,0.29020100502512564,0.15131866970607333,0.14704745495606772,0.05953974039569098,0.38944723618090454,0.08570359647274017,0.052415534388273954,0.0,0.05260129040107131,0.8559064660221338,"[0.6180904507637024, 0.7148241400718689, 0.7424622774124146, 0.733668327331543]",0.7599,0.3165829145728643,0.2864321608040201,0.28391959798994976,0.3178391959798995,0.2851758793969849,0.2851758793969849,0.3241206030150754
238,0.2751256281407035,0.1358261160794083,0.1358286670216603,0.04847296282122651,0.3731155778894472,0.08576089143753052,0.052412794437259436,0.0,0.05259596602991223,0.820462899049744,"[0.6180904507637024, 0.7148241400718689, 0.7424622774124146, 0.733668327331543]",0.767,0.3178391959798995,0.2876884422110553,0.2851758793969849,0.3178391959798995,0.2864321608040201,0.2864321608040201,0.3241206030150754
239,0.29020100502512564,0.15168525549978595,0.1476219979721132,0.06012791322278261,0.38944723618090454,0.08568759262561798,0.05240995157510042,0.0,0.05259091034531593,0.7930937359342352,"[0.6180904507637024, 0.7148241400718689, 0.7424622774124146, 0.733668327331543]",0.7438,0.3178391959798995,0.31155778894472363,0.2851758793969849,0.3241206030150754,0.2876884422110553,0.2876884422110553,0.31909547738693467
240,0.30025125628140703,0.15084308182605155,0.15113237451694783,0.07203531732218749,0.39195979899497485,0.08543072640895844,0.05240675061941147,0.0,0.052585966885089874,0.8440056199906394,"[0.6180904507637024, 0.7148241400718689, 0.7424622774124146, 0.733668327331543]",0.7557,0.3178391959798995,0.27889447236180903,0.29020100502512564,0.34296482412060303,0.3015075376884422,0.3015075376884422,0.3228643216080402
241,0.30025125628140703,0.14037543575286848,0.15023749881293263,0.07183711734200039,0.38944723618090454,0.08535496145486832,0.05240349192172289,0.0,0.05258166231215,0.8128718410152942,"[0.6180904507637024, 0.7148241400718689, 0.7424622774124146, 0.733668327331543]",0.7527,0.31909547738693467,0.28391959798994976,0.26884422110552764,0.3015075376884422,0.29020100502512564,0.29020100502512564,0.32537688442211055
242,0.29773869346733667,0.13726874023289815,0.14952503201988937,0.0711790783930949,0.3869346733668342,0.08535030484199524,0.05240005534142256,0.0,0.052576079964637756,0.7888689619721845,"[0.6180904507637024, 0.7148241400718689, 0.7424622774124146, 0.733668327331543]",0.7486,0.31909547738693467,0.2851758793969849,0.26884422110552764,0.3015075376884422,0.29020100502512564,0.29020100502512564,0.32537688442211055
243,0.2964824120603015,0.1462171997701589,0.14990807243354015,0.0709820611735214,0.3869346733668342,0.08535037189722061,0.05239633657038212,0.0,0.052572417072951794,0.7918486529961228,"[0.6180904507637024, 0.7148241400718689, 0.7424622774124146, 0.733668327331543]",0.7334,0.3128140703517588,0.27638190954773867,0.2776381909547739,0.3128140703517588,0.30402010050251255,0.30402010050251255,0.31909547738693467
244,0.27638190954773867,0.13634231658180695,0.13760877596057353,0.05009687540390563,0.3731155778894472,0.08572808653116226,0.05239330558106303,0.0,0.05256710387766361,0.7793370439903811,"[0.6180904507637024, 0.7148241400718689, 0.7424622774124146, 0.733668327331543]",0.7486,0.314070351758794,0.2776381909547739,0.2814070351758794,0.3165829145728643,0.3027638190954774,0.3027638190954774,0.3203517587939699
245,0.29773869346733667,0.14792786099185395,0.15226098405704888,0.07233409608893741,0.38944723618090454,0.08547818660736084,0.052390603348612785,0.0,0.05256214318796992,0.8154363329522312,"[0.6180904507637024, 0.7148241400718689, 0.7424622774124146, 0.733668327331543]",0.7683,0.3165829145728643,0.31155778894472363,0.2751256281407035,0.2876884422110553,0.27261306532663315,0.27261306532663315,0.32160804020100503
246,0.2751256281407035,0.1354161764512103,0.13706437211279365,0.04909805200492637,0.3731155778894472,0.0857144445180893,0.05238796258345246,0.0,0.05255753826349974,0.8328811700921506,"[0.6180904507637024, 0.7148241400718689, 0.7424622774124146, 0.733668327331543]",0.8254,0.3103015075376884,0.2751256281407035,0.292713567839196,0.34045226130653267,0.3165829145728643,0.3165829145728643,0.3203517587939699
247,0.27638190954773867,0.13661066356333385,0.13771590711368323,0.04960010604301948,0.3743718592964824,0.08578012138605118,0.05238538980484009,0.0,0.05255283508449793,0.7995643700705841,"[0.6180904507637024, 0.7148241400718689, 0.7424622774124146, 0.733668327331543]",0.7664,0.3128140703517588,0.27638190954773867,0.29396984924623115,0.3417085427135678,0.3178391959798995,0.3178391959798995,0.32160804020100503
248,0.27386934673366836,0.1339927532821985,0.1370249060275655,0.0486388226617139,0.3743718592964824,0.0857430100440979,0.052382264751940966,0.0,0.05254858499392867,0.7905984399840236,"[0.6180904507637024, 0.7148241400718689, 0.7424622774124146, 0.733668327331543]",0.7424,0.30904522613065327,0.27386934673366836,0.29020100502512564,0.32914572864321606,0.3103015075376884,0.3103015075376884,0.31909547738693467
249,0.27261306532663315,0.1320876943878454,0.1355168777339948,0.04759119200796653,0.3743718592964824,0.08572085946798325,0.05237943306565285,0.0,0.05254430137574673,0.7990535849239677,"[0.6180904507637024, 0.7148241400718689, 0.7424622774124146, 0.733668327331543]",1.0744,0.31155778894472363,0.31532663316582915,0.27638190954773867,0.31155778894472363,0.28266331658291455,0.28266331658291455,0.31909547738693467
250,0.27386934673366836,0.13280771427332827,0.14358251238883774,0.055507762914020216,0.39321608040201006,0.08551652729511261,0.05237702652812004,0.0,0.05253942962735891,0.9709686799906194,"[0.6180904507637024, 0.7148241400718689, 0.7424622774124146, 0.733668327331543]",0.8399,0.3165829145728643,0.3128140703517588,0.271356783919598,0.2989949748743719,0.292713567839196,0.292713567839196,0.32160804020100503
251,0.27261306532663315,0.13065030897032526,0.14326296763877508,0.055941046897047896,0.3969849246231156,0.08537392318248749,0.0523743717931211,0.0,0.052534941118210554,0.769125823979266,"[0.6180904507637024, 0.7148241400718689, 0.7424622774124146, 0.733668327331543]",0.8078,0.30527638190954776,0.26884422110552764,0.29773869346733667,0.33291457286432163,0.32537688442211055,0.32537688442211055,0.314070351758794
252,0.31532663316582915,0.15772919659845452,0.1512941156810257,0.06985978141180971,0.3957286432160804,0.08546441793441772,0.052371650002896786,0.0,0.052530862390995026,0.7880658430512995,"[0.6180904507637024, 0.7148241400718689, 0.7424622774124146, 0.733668327331543]",0.7998,0.31532663316582915,0.27889447236180903,0.30778894472361806,0.3555276381909548,0.3228643216080402,0.3228643216080402,0.31909547738693467
253,0.2650753768844221,0.13346396690616147,0.1327150625106114,0.03752841726160341,0.37185929648241206,0.0861339420080185,0.05236901110038161,0.0,0.05252672219648957,0.7899635030189529,"[0.6180904507637024, 0.7148241400718689, 0.7424622774124146, 0.733668327331543]",0.8606,0.3203517587939699,0.2851758793969849,0.2851758793969849,0.32914572864321606,0.2964824120603015,0.2964824120603015,0.31909547738693467
254,0.27386934673366836,0.1516628836838817,0.1399944298109652,0.057416165627894464,0.3944723618090452,0.08632489293813705,0.05236616590991616,0.0,0.05252285301685333,0.8033698280341923,"[0.6180904507637024, 0.7148241400718689, 0.7424622774124146, 0.733668327331543]",0.8008,0.3241206030150754,0.32914572864321606,0.30025125628140703,0.35050251256281406,0.31155778894472363,0.31155778894472363,0.3278894472361809
255,0.27386934673366836,0.15300129971023446,0.1389384849728052,0.05633496642495804,0.3944723618090452,0.0863104909658432,0.0523635046556592,0.0,0.052518820855766535,0.8134393150685355,"[0.6180904507637024, 0.7148241400718689, 0.7424622774124146, 0.733668327331543]",0.8703,0.3165829145728643,0.31909547738693467,0.3015075376884422,0.3228643216080402,0.2889447236180904,0.2889447236180904,0.31909547738693467
256,0.27261306532663315,0.13331502995610955,0.1422095415793853,0.050039750205508306,0.37814070351758794,0.08615896850824356,0.052360931877046824,0.0,0.052514716517180204,0.734921628027223,"[0.6180904507637024, 0.7148241400718689, 0.7424622774124146, 0.733668327331543]",0.7642,0.3165829145728643,0.31909547738693467,0.30025125628140703,0.3228643216080402,0.29020100502512564,0.29020100502512564,0.31909547738693467
257,0.3165829145728643,0.16486373375865704,0.1433949851355912,0.06995690920454908,0.3768844221105528,0.08620111644268036,0.05235851462930441,0.0,0.052510478999465704,0.7622341400710866,"[0.6180904507637024, 0.7148241400718689, 0.7424622774124146, 0.733668327331543]",0.7513,0.2989949748743719,0.30527638190954776,0.30025125628140703,0.3015075376884422,0.28391959798994976,0.28391959798994976,0.3128140703517588
258,0.3178391959798995,0.167426567041705,0.14419647592587956,0.07087647370461399,0.3756281407035176,0.08543668687343597,0.05235630040988326,0.0,0.052506075240671635,0.818940473953262,"[0.6180904507637024, 0.7148241400718689, 0.7424622774124146, 0.733668327331543]",1.0137,0.3027638190954774,0.30527638190954776,0.29396984924623115,0.30402010050251255,0.2914572864321608,0.2914572864321608,0.3128140703517588
259,0.27261306532663315,0.1360088183024768,0.12608231227504987,0.02056828764860494,0.3630653266331658,0.08653676509857178,0.05235407128930092,0.0,0.052501685451716185,0.9319429260212928,"[0.6180904507637024, 0.7148241400718689, 0.7424622774124146, 0.733668327331543]",0.8643,0.3203517587939699,0.31532663316582915,0.2613065326633166,0.2914572864321608,0.2864321608040201,0.2864321608040201,0.3241206030150754
260,0.2851758793969849,0.13554718738488736,0.14323242006319098,0.06071573732657695,0.38944723618090454,0.0862511396408081,0.052351877093315125,0.0,0.05249749030917883,0.809131889953278,"[0.6180904507637024, 0.7148241400718689, 0.7424622774124146, 0.733668327331543]",0.7624,0.3027638190954774,0.30527638190954776,0.2952261306532663,0.3103015075376884,0.2964824120603015,0.2964824120603015,0.3128140703517588
261,0.2864321608040201,0.13687699015707444,0.14619935929572275,0.06258116752237003,0.39195979899497485,0.08586965501308441,0.052349844947457314,0.0,0.05249290959909558,0.7881736719282344,"[0.6180904507637024, 0.7148241400718689, 0.7424622774124146, 0.733668327331543]",0.8128,0.3027638190954774,0.30402010050251255,0.30402010050251255,0.3103015075376884,0.2952261306532663,0.2952261306532663,0.3103015075376884
262,0.2851758793969849,0.1386706678609395,0.14562639202032784,0.06365248615338599,0.38819095477386933,0.08565735816955566,0.052347836550325155,0.0,0.05248850677162409,0.7700913280714303,"[0.6180904507637024, 0.7148241400718689, 0.7424622774124146, 0.733668327331543]",0.7434,0.3015075376884422,0.3065326633165829,0.3128140703517588,0.31155778894472363,0.292713567839196,0.292713567839196,0.30904522613065327
263,0.2964824120603015,0.15504064054349143,0.15303100804479228,0.05889971439166339,0.38819095477386933,0.08601175993680954,0.052345956675708294,0.0,0.05248391581699252,0.8557525979122147,"[0.6180904507637024, 0.7148241400718689, 0.7424622774124146, 0.733668327331543]",0.7485,0.3015075376884422,0.30527638190954776,0.3128140703517588,0.3103015075376884,0.2952261306532663,0.2952261306532663,0.3065326633165829
264,0.2952261306532663,0.1527753798751995,0.15526328203058615,0.06057976483803633,0.38944723618090454,0.08616560697555542,0.05234396131709218,0.0,0.0524795800447464,0.7883710290770978,"[0.6180904507637024, 0.7148241400718689, 0.7424622774124146, 0.733668327331543]",0.9272,0.30402010050251255,0.31155778894472363,0.3128140703517588,0.3178391959798995,0.30778894472361806,0.30778894472361806,0.3128140703517588
265,0.2989949748743719,0.15586942970519824,0.1568092613164459,0.06232770496885422,0.38819095477386933,0.08619267493486404,0.05234191520139575,0.0,0.05247579049319029,0.8332036680076271,"[0.6180904507637024, 0.7148241400718689, 0.7424622774124146, 0.733668327331543]",0.8222,0.3178391959798995,0.28391959798994976,0.28015075376884424,0.30402010050251255,0.2876884422110553,0.2876884422110553,0.31909547738693467
266,0.2964824120603015,0.1597915311902136,0.14829869891169803,0.06541769584303642,0.3806532663316583,0.08593817055225372,0.05234005954116583,0.0,0.052471923641860485,0.8418498790124431,"[0.6180904507637024, 0.7148241400718689, 0.7424622774124146, 0.733668327331543]",1.0138,0.31155778894472363,0.30402010050251255,0.2989949748743719,0.28015075376884424,0.27386934673366836,0.27386934673366836,0.31909547738693467
267,0.2638190954773869,0.11608014204690809,0.1310278898598209,0.041099189259277275,0.36432160804020103,0.08602656424045563,0.05233829701319337,0.0,0.05246768658980727,0.9004254969768226,"[0.6180904507637024, 0.7148241400718689, 0.7424622774124146, 0.733668327331543]",0.7707,0.3128140703517588,0.3178391959798995,0.3241206030150754,0.3178391959798995,0.2864321608040201,0.2864321608040201,0.32537688442211055
268,0.292713567839196,0.15646857753785215,0.14776764435064077,0.06333191421588183,0.3743718592964824,0.0858972817659378,0.052336692810058594,0.0,0.05246336106210947,0.786757659050636,"[0.6180904507637024, 0.7148241400718689, 0.7424622774124146, 0.733668327331543]",0.7323,0.3128140703517588,0.31532663316582915,0.31532663316582915,0.31532663316582915,0.29396984924623115,0.29396984924623115,0.32663316582914576
269,0.2701005025125628,0.14959923358825244,0.12395417463250406,0.03229863054276194,0.36180904522613067,0.0865253135561943,0.05233497731387615,0.0,0.05245958128944039,0.8119277550140396,"[0.6180904507637024, 0.7148241400718689, 0.7424622774124146, 0.733668327331543]",0.7306,0.314070351758794,0.31532663316582915,0.31532663316582915,0.31532663316582915,0.2964824120603015,0.2964824120603015,0.3278894472361809
270,0.27638190954773867,0.15613249479595148,0.12805690245116205,0.03273610433409759,0.3655778894472362,0.08719444274902344,0.05233314912766218,0.0,0.05245592352002859,0.8009161610389128,"[0.6180904507637024, 0.7148241400718689, 0.7424622774124146, 0.733668327331543]",0.7306,0.3165829145728643,0.31532663316582915,0.3128140703517588,0.31532663316582915,0.2989949748743719,0.2989949748743719,0.33040201005025127
271,0.2776381909547739,0.17231027966400514,0.14162913033670582,0.04294169240306164,0.38190954773869346,0.08873002231121063,0.05233131302520633,0.0,0.05245248042047024,0.8114104869309813,"[0.6180904507637024, 0.7148241400718689, 0.7424622774124146, 0.733668327331543]",0.7375,0.3128140703517588,0.31155778894472363,0.3178391959798995,0.31155778894472363,0.2964824120603015,0.2964824120603015,0.32663316582914576
272,0.2989949748743719,0.15443278950674877,0.12777433723770198,0.036344066755368866,0.35050251256281406,0.08675722777843475,0.05232963105663657,0.0,0.052448737900704145,0.8052470020484179,"[0.6180904507637024, 0.7148241400718689, 0.7424622774124146, 0.733668327331543]",0.741,0.3128140703517588,0.314070351758794,0.3128140703517588,0.3165829145728643,0.29773869346733667,0.29773869346733667,0.32663316582914576
273,0.2550251256281407,0.12335941431996589,0.13518941909028015,0.032140093383388676,0.37185929648241206,0.08815091848373413,0.05232802638784051,0.0,0.052445187233388424,0.7862271779449657,"[0.6180904507637024, 0.7148241400718689, 0.7424622774124146, 0.733668327331543]",0.7856,0.3165829145728643,0.3178391959798995,0.2864321608040201,0.29396984924623115,0.27638190954773867,0.27638190954773867,0.3278894472361809
274,0.3027638190954774,0.16177935470405758,0.14105108993959525,0.04344666880009065,0.3655778894472362,0.08752325922250748,0.05232648737728596,0.0,0.05244132690131664,0.9024638979462907,"[0.6180904507637024, 0.7148241400718689, 0.7424622774124146, 0.733668327331543]",0.8444,0.3128140703517588,0.31155778894472363,0.25879396984924624,0.2851758793969849,0.2814070351758794,0.2814070351758794,0.32160804020100503
275,0.29773869346733667,0.15713584849190876,0.136129808912862,0.04371872112305462,0.3592964824120603,0.08721944689750671,0.05232504988089204,0.0,0.052437467966228724,0.9238794919801876,"[0.6180904507637024, 0.7148241400718689, 0.7424622774124146, 0.733668327331543]",1.0086,0.3065326633165829,0.30527638190954776,0.2952261306532663,0.33668341708542715,0.3241206030150754,0.3241206030150754,0.3165829145728643
276,0.2952261306532663,0.15270786412390736,0.14975735686445354,0.06053311769994292,0.3806532663316583,0.08479155600070953,0.052323675248771906,0.0,0.052433513570576906,1.2880940820323303,"[0.6180904507637024, 0.7148241400718689, 0.7424622774124146, 0.733668327331543]",1.2121,0.30778894472361806,0.3128140703517588,0.2914572864321608,0.3391959798994975,0.33291457286432163,0.33291457286432163,0.3203517587939699
277,0.2952261306532663,0.152616218390761,0.14777533676812635,0.06143351839789594,0.3806532663316583,0.08328475058078766,0.05232221866026521,0.0,0.05242983112111688,1.232136909966357,"[0.6180904507637024, 0.7148241400718689, 0.7424622774124146, 0.733668327331543]",0.7582,0.30778894472361806,0.30904522613065327,0.2776381909547739,0.28015075376884424,0.2751256281407035,0.2751256281407035,0.3165829145728643
278,0.3015075376884422,0.17741389885322378,0.13570080934766846,0.03751618804940747,0.3768844221105528,0.0842776894569397,0.05232077045366168,0.0,0.05242559080943465,0.9649305549683049,"[0.6180904507637024, 0.7148241400718689, 0.7424622774124146, 0.733668327331543]",0.8112,0.3203517587939699,0.3203517587939699,0.292713567839196,0.30904522613065327,0.2876884422110553,0.2876884422110553,0.32160804020100503
279,0.3015075376884422,0.17693967120434428,0.135120416353408,0.03734615162836671,0.3793969849246231,0.08384722471237183,0.05231888312846422,0.0,0.05242206668481231,0.8295739269815385,"[0.6180904507637024, 0.7148241400718689, 0.7424622774124146, 0.733668327331543]",0.8363,0.314070351758794,0.3165829145728643,0.2952261306532663,0.33040201005025127,0.2964824120603015,0.2964824120603015,0.31532663316582915
280,0.33040201005025127,0.20111321586068986,0.13986699409369782,0.05705292265577233,0.38190954773869346,0.08466413617134094,0.05231718206778169,0.0,0.05241883127018809,0.910069630946964,"[0.6180904507637024, 0.7148241400718689, 0.7424622774124146, 0.733668327331543]",0.7543,0.32160804020100503,0.3241206030150754,0.2952261306532663,0.314070351758794,0.29396984924623115,0.29396984924623115,0.3228643216080402
281,0.29396984924623115,0.15471954802686916,0.14145195019636944,0.05145761553484809,0.37185929648241206,0.0853666216135025,0.05231515830382705,0.0,0.05241506826132536,0.8059311450924724,"[0.6180904507637024, 0.7148241400718689, 0.7424622774124146, 0.733668327331543]",0.7611,0.3228643216080402,0.32914572864321606,0.2952261306532663,0.33291457286432163,0.30778894472361806,0.30778894472361806,0.3203517587939699
282,0.2964824120603015,0.15577036711564973,0.14589663070884143,0.05501424560037392,0.3768844221105528,0.08609495311975479,0.05231353035196662,0.0,0.0524113136343658,0.7805539700202644,"[0.6180904507637024, 0.7148241400718689, 0.7424622774124146, 0.733668327331543]",0.7878,0.3165829145728643,0.32160804020100503,0.2964824120603015,0.30527638190954776,0.2814070351758794,0.2814070351758794,0.3165829145728643
283,0.2989949748743719,0.15653787212709425,0.1458423186246995,0.05805243585717904,0.3793969849246231,0.08608976006507874,0.0523121845908463,0.0,0.05240776436403394,0.8113476579310372,"[0.6180904507637024, 0.7148241400718689, 0.7424622774124146, 0.733668327331543]",0.8033,0.32160804020100503,0.3241206030150754,0.2989949748743719,0.3065326633165829,0.28391959798994976,0.28391959798994976,0.3203517587939699
284,0.2989949748743719,0.15650743853758753,0.1458862785641485,0.058168596104599235,0.3793969849246231,0.086066834628582,0.0523107061162591,0.0,0.05240411637350917,0.7850914710434154,"[0.6180904507637024, 0.7148241400718689, 0.7424622774124146, 0.733668327331543]",0.7898,0.3178391959798995,0.314070351758794,0.2751256281407035,0.27638190954773867,0.27889447236180903,0.27889447236180903,0.3203517587939699
285,0.3027638190954774,0.16040297920297386,0.14811415611231796,0.05883972890962774,0.3768844221105528,0.08605238795280457,0.05230939295142889,0.0,0.0524005820043385,0.8951071089832112,"[0.6180904507637024, 0.7148241400718689, 0.7424622774124146, 0.733668327331543]",0.8361,0.3165829145728643,0.3128140703517588,0.271356783919598,0.2751256281407035,0.27638190954773867,0.27638190954773867,0.31909547738693467
286,0.30527638190954776,0.16290515201996003,0.14774038314795607,0.0587818998751511,0.3756281407035176,0.08604861795902252,0.05230798153206706,0.0,0.05239664064720273,0.8139863930409774,"[0.6180904507637024, 0.7148241400718689, 0.7424622774124146, 0.733668327331543]",0.8268,0.3165829145728643,0.3128140703517588,0.2701005025125628,0.27261306532663315,0.27638190954773867,0.27638190954773867,0.31909547738693467
287,0.30402010050251255,0.15935475753844053,0.14835360185667865,0.05805838209828427,0.3731155778894472,0.08604687452316284,0.05230682995170355,0.0,0.052392599638551474,0.78346672502812,"[0.6180904507637024, 0.7148241400718689, 0.7424622774124146, 0.733668327331543]",0.9146,0.31909547738693467,0.32537688442211055,0.30025125628140703,0.2964824120603015,0.28015075376884424,0.28015075376884424,0.31909547738693467
288,0.3015075376884422,0.15907717680857614,0.14027847432801094,0.06035503076307574,0.3693467336683417,0.08679858595132828,0.05230527464300394,0.0,0.0523890471085906,0.7833013440249488,"[0.6180904507637024, 0.7148241400718689, 0.7424622774124146, 0.733668327331543]",0.8356,0.3178391959798995,0.3241206030150754,0.3027638190954774,0.292713567839196,0.27889447236180903,0.27889447236180903,0.3178391959798995
289,0.28391959798994976,0.13595740345411378,0.14668519992097112,0.05041039009031884,0.3806532663316583,0.08706934750080109,0.05230379104614258,0.0,0.05238517001271248,0.7824414479546249,"[0.6180904507637024, 0.7148241400718689, 0.7424622774124146, 0.733668327331543]",0.8173,0.32160804020100503,0.29020100502512564,0.2914572864321608,0.32663316582914576,0.30025125628140703,0.30025125628140703,0.32663316582914576
290,0.27889447236180903,0.1318810978216467,0.14975441702658046,0.05319621526757774,0.3806532663316583,0.08708718419075012,0.052302122581750154,0.0,0.052381792571395636,0.8434883420122787,"[0.6180904507637024, 0.7148241400718689, 0.7424622774124146, 0.733668327331543]",0.8572,0.3241206030150754,0.3203517587939699,0.3065326633165829,0.3479899497487437,0.31909547738693467,0.31909547738693467,0.32537688442211055
291,0.2914572864321608,0.14718821947160865,0.14169926794360949,0.040239790424855086,0.3756281407035176,0.08657103776931763,0.05230070976540446,0.0,0.052378162275999784,0.8605735140154138,"[0.6180904507637024, 0.7148241400718689, 0.7424622774124146, 0.733668327331543]",0.9988,0.3065326633165829,0.3065326633165829,0.29396984924623115,0.33542713567839194,0.29396984924623115,0.29396984924623115,0.31532663316582915
292,0.28391959798994976,0.14786364916893602,0.13446257646855872,0.03411292843015701,0.3655778894472362,0.08552877604961395,0.05229920754209161,0.0,0.05237473268061876,0.7747283419594169,"[0.6180904507637024, 0.7148241400718689, 0.7424622774124146, 0.733668327331543]",0.8223,0.32160804020100503,0.31909547738693467,0.3103015075376884,0.35050251256281406,0.32160804020100503,0.32160804020100503,0.3241206030150754
293,0.27386934673366836,0.16065310590166926,0.1513259532183242,0.04745681759032855,0.38567839195979897,0.08579432219266891,0.05229792324826121,0.0,0.052371054887771606,0.7801365039777011,"[0.6180904507637024, 0.7148241400718689, 0.7424622774124146, 0.733668327331543]",0.9741,0.30778894472361806,0.30778894472361806,0.2914572864321608,0.33668341708542715,0.2952261306532663,0.2952261306532663,0.3178391959798995
294,0.28266331658291455,0.17028539717195024,0.15172660607345137,0.0483222883542338,0.38944723618090454,0.08607932925224304,0.052296475507318974,0.0,0.052367767319083214,0.8499184399843216,"[0.6180904507637024, 0.7148241400718689, 0.7424622774124146, 0.733668327331543]",0.7919,0.3103015075376884,0.3103015075376884,0.29396984924623115,0.3391959798994975,0.29773869346733667,0.29773869346733667,0.31909547738693467
295,0.2876884422110553,0.1427203829278021,0.14691895505411479,0.0502029727918486,0.35804020100502515,0.0856148898601532,0.0522949262522161,0.0,0.05236463947221637,0.8192920029396191,"[0.6180904507637024, 0.7148241400718689, 0.7424622774124146, 0.733668327331543]",0.8013,0.30904522613065327,0.3103015075376884,0.28391959798994976,0.3341708542713568,0.29773869346733667,0.29773869346733667,0.3178391959798995
296,0.2776381909547739,0.13022161580765668,0.14092099890596702,0.05134850341553161,0.3693467336683417,0.08516262471675873,0.0522931064479053,0.0,0.05236163455992937,0.8008181949844584,"[0.6180904507637024, 0.7148241400718689, 0.7424622774124146, 0.733668327331543]",0.8066,0.3103015075376884,0.3103015075376884,0.2889447236180904,0.33040201005025127,0.2952261306532663,0.2952261306532663,0.31909547738693467
297,0.2864321608040201,0.14092286645322494,0.14359569287782523,0.05283287749975832,0.3706030150753769,0.08488744497299194,0.05229132203385234,0.0,0.05235868273302913,0.88929833995644,"[0.6180904507637024, 0.7148241400718689, 0.7424622774124146, 0.733668327331543]",0.7722,0.314070351758794,0.3103015075376884,0.2964824120603015,0.3178391959798995,0.292713567839196,0.292713567839196,0.31909547738693467
298,0.27638190954773867,0.11796481832032879,0.12396116594872049,0.02453006831279666,0.3555276381909548,0.0860334187746048,0.052289387211203575,0.0,0.052355766762048006,0.7724036070285365,"[0.6180904507637024, 0.7148241400718689, 0.7424622774124146, 0.733668327331543]",0.8556,0.31909547738693467,0.28391959798994976,0.29396984924623115,0.3391959798994975,0.314070351758794,0.314070351758794,0.3278894472361809
299,0.27261306532663315,0.11889499593748498,0.12868892137803134,0.021376220688906676,0.3555276381909548,0.08655659854412079,0.05228739185258746,0.0,0.05235303519293666,0.7800204310333356,"[0.6180904507637024, 0.7148241400718689, 0.7424622774124146, 0.733668327331543]",0.7732,0.32160804020100503,0.3128140703517588,0.2914572864321608,0.3228643216080402,0.2964824120603015,0.2964824120603015,0.3203517587939699
300,0.2751256281407035,0.12306179533933503,0.12918668260941119,0.022438694091854897,0.35678391959798994,0.0866316556930542,0.05228531081229448,0.0,0.05235032318159938,0.8371611130423844,"[0.6180904507637024, 0.7148241400718689, 0.7424622774124146, 0.733668327331543]",,,,,,,,
