round,ACC,Kappa,NMI,ARI,PURITY,alignment_loss,mean_reconstruction_loss,mean_consensus_loss,mean_local_total_loss,round_seconds,observed_rates,completion_eval_seconds,C025_ACC,C050_ACC,C075_ACC,C100_ACC,D0_ACC,E0_ACC,G0_ACC
1,0.36822125813449025,0.2436306124935128,0.25501936413288684,0.15355258393054844,0.41594360086767895,0.16364064812660217,0.3025427833199501,0.0,0.29703445360064507,2.143281245022081,"[0.6220173835754395, 0.7283080220222473, 0.7077006697654724, 0.7114967703819275]",0.9263,0.46963123644251625,0.4631236442516269,0.46529284164859,0.47993492407809113,0.49891540130151846,0.49891540130151846,0.47071583514099785
2,0.46637744034707157,0.3138967874644564,0.27117051301720385,0.21867503123569412,0.4940347071583514,0.0940975695848465,0.2940483018755913,0.0,0.2884775996208191,0.9687926219776273,"[0.6220173835754395, 0.7283080220222473, 0.7077006697654724, 0.7114967703819275]",0.9025,0.3882863340563991,0.39045553145336226,0.3779826464208243,0.4029284164859002,0.4300433839479393,0.4300433839479393,0.38449023861171366
3,0.4907809110629067,0.39371479052628156,0.33079311259366445,0.3138548413646313,0.5260303687635575,0.08447808027267456,0.28584758192300797,0.0,0.2800193428993225,1.1020294700283557,"[0.6220173835754395, 0.7283080220222473, 0.7077006697654724, 0.7114967703819275]",0.9351,0.3264642082429501,0.3411062906724512,0.4002169197396963,0.3942516268980477,0.4029284164859002,0.4029284164859002,0.32049891540130154
4,0.3611713665943601,0.17117049743155155,0.20920727431740116,0.04670414638410992,0.41865509761388287,0.08366367220878601,0.2771737538278103,0.0,0.27100544422864914,1.0693422040203586,"[0.6220173835754395, 0.7283080220222473, 0.7077006697654724, 0.7114967703819275]",1.0666,0.36388286334056397,0.3796095444685466,0.40238611713665945,0.3806941431670282,0.36984815618221256,0.36984815618221256,0.35954446854663774
5,0.4229934924078091,0.3210810571394561,0.276691694296813,0.23207383316928645,0.4772234273318872,0.08212243020534515,0.26786012202501297,0.0,0.2614065371453762,1.111178493942134,"[0.6220173835754395, 0.7283080220222473, 0.7077006697654724, 0.7114967703819275]",1.0922,0.3481561822125813,0.35086767895878523,0.3633405639913232,0.3676789587852495,0.3882863340563991,0.3882863340563991,0.34490238611713664
6,0.42462039045553146,0.31595797608612874,0.2893166480132871,0.18188629682322988,0.48752711496746204,0.08097875863313675,0.2582946941256523,0.0,0.25155774503946304,1.1268700279761106,"[0.6220173835754395, 0.7283080220222473, 0.7077006697654724, 0.7114967703819275]",1.1065,0.2619305856832972,0.28362255965292843,0.3324295010845987,0.3264642082429501,0.3150759219088937,0.3150759219088937,0.25976138828633405
7,0.3720173535791757,0.2759447109613734,0.2501317888543265,0.1841201103309626,0.4408893709327549,0.08020639419555664,0.24864595010876656,0.0,0.24173668771982193,1.1381147570209578,"[0.6220173835754395, 0.7283080220222473, 0.7077006697654724, 0.7114967703819275]",1.053,0.2928416485900217,0.30531453362255967,0.3324295010845987,0.31127982646420826,0.31127982646420826,0.31127982646420826,0.28796095444685466
8,0.3969631236442516,0.2788725737233264,0.250586614201283,0.1573764432734011,0.4598698481561822,0.08739818632602692,0.23883211240172386,0.0,0.2318398840725422,1.1744236819213256,"[0.6220173835754395, 0.7283080220222473, 0.7077006697654724, 0.7114967703819275]",1.1166,0.24945770065075923,0.2613882863340564,0.29229934924078094,0.3286334056399132,0.31073752711496744,0.31073752711496744,0.24566160520607375
9,0.29121475054229934,0.13999350563618007,0.16286157705631035,0.02849914109348434,0.3584598698481562,0.08408510684967041,0.22905776649713516,0.0,0.22196471318602562,1.1515828260453418,"[0.6220173835754395, 0.7283080220222473, 0.7077006697654724, 0.7114967703819275]",1.0776,0.2592190889370933,0.267353579175705,0.2787418655097614,0.3530368763557484,0.34273318872017355,0.34273318872017355,0.25704989154013014
10,0.29392624728850325,0.17152508263568766,0.158502242087805,0.010555497182766006,0.39370932754880694,0.08314603567123413,0.21927808225154877,0.0,0.21212340891361237,1.2629100480116904,"[0.6220173835754395, 0.7283080220222473, 0.7077006697654724, 0.7114967703819275]",0.9572,0.24511930585683298,0.23915401301518438,0.24511930585683298,0.2950108459869848,0.3004338394793926,0.3004338394793926,0.24566160520607375
11,0.3237527114967462,0.1693027537120888,0.19401970653807551,0.10181459678064642,0.4154013015184382,0.08464503288269043,0.20954768359661102,0.0,0.2025096882134676,1.2118887449614704,"[0.6220173835754395, 0.7283080220222473, 0.7077006697654724, 0.7114967703819275]",1.1017,0.31724511930585686,0.3183297180043384,0.34002169197396964,0.3297180043383948,0.3552060737527115,0.3552060737527115,0.31616052060737526
12,0.3297180043383948,0.19508657506438953,0.15568987769702036,0.03555132696865851,0.39370932754880694,0.08355327695608139,0.19999338313937187,0.0,0.19310400262475014,1.0433025910751894,"[0.6220173835754395, 0.7283080220222473, 0.7077006697654724, 0.7114967703819275]",1.0567,0.2781995661605206,0.279826464208243,0.2809110629067245,0.272234273318872,0.2988069414316703,0.2988069414316703,0.2754880694143167
13,0.3383947939262473,0.18868878507436637,0.13620709563147007,0.1235148606905533,0.3725596529284165,0.08688577264547348,0.1907229758799076,0.0,0.1840057075023651,1.2538610870251432,"[0.6220173835754395, 0.7283080220222473, 0.7077006697654724, 0.7114967703819275]",1.1644,0.2646420824295011,0.2651843817787419,0.2668112798264642,0.2781995661605206,0.2890455531453362,0.2890455531453362,0.26572668112798264
14,0.3275488069414317,0.17722470945441693,0.12989272859678622,0.09641765986177857,0.3774403470715835,0.08779993653297424,0.18168250285089016,0.0,0.17523113824427128,1.2331332189496607,"[0.6220173835754395, 0.7283080220222473, 0.7077006697654724, 0.7114967703819275]",1.0674,0.2619305856832972,0.26572668112798264,0.2559652928416486,0.28308026030368766,0.2814533622559653,0.2814533622559653,0.26247288503253796
15,0.294468546637744,0.15442330012769767,0.16277690838445533,0.1003492831164299,0.4202819956616052,0.08681380748748779,0.1729682870209217,0.0,0.1668254006654024,1.1688200361095369,"[0.6220173835754395, 0.7283080220222473, 0.7077006697654724, 0.7114967703819275]",1.1975,0.2359002169197397,0.23752711496746204,0.25976138828633405,0.29718004338394793,0.27711496746203906,0.27711496746203906,0.23698481561822127
16,0.31616052060737526,0.16650691840221143,0.12234254928374803,0.09606331868791733,0.3920824295010846,0.08615822345018387,0.16470458544790745,0.0,0.15879151411354542,1.1120250440435484,"[0.6220173835754395, 0.7283080220222473, 0.7077006697654724, 0.7114967703819275]",1.1875,0.2445770065075922,0.24891540130151843,0.2885032537960954,0.3573752711496746,0.3432754880694143,0.3432754880694143,0.24511930585683298
17,0.3378524945770065,0.215862703776879,0.1934307846813233,0.1403721122807081,0.4419739696312364,0.08982780575752258,0.1568603180348873,0.0,0.15133901685476303,1.2645045060198754,"[0.6220173835754395, 0.7283080220222473, 0.7077006697654724, 0.7114967703819275]",1.2569,0.23210412147505424,0.23373101952277658,0.25379609544468545,0.2993492407809111,0.2651843817787419,0.2651843817787419,0.23156182212581344
18,0.2668112798264642,0.11092440271242299,0.09436534077982257,0.02607262661682018,0.3524945770065076,0.08834601193666458,0.14946378208696842,0.0,0.14427046664059162,1.2785811590729281,"[0.6220173835754395, 0.7283080220222473, 0.7077006697654724, 0.7114967703819275]",1.1105,0.24620390455531455,0.24674620390455532,0.27603036876355747,0.31778741865509763,0.2890455531453362,0.2890455531453362,0.2445770065075922
19,0.26301518438177873,0.13617382995489202,0.1224785517945286,0.07768520594369473,0.40997830802603036,0.08966340869665146,0.1425319630652666,0.0,0.13769545778632164,1.2882759110070765,"[0.6220173835754395, 0.7283080220222473, 0.7077006697654724, 0.7114967703819275]",1.0791,0.23698481561822127,0.23915401301518438,0.232646420824295,0.30422993492407807,0.26572668112798264,0.26572668112798264,0.23752711496746204
20,0.2651843817787419,0.13154671452980993,0.13808728037921872,0.04126516214997567,0.38015184381778744,0.09126882255077362,0.1360846757888794,0.0,0.13162248954176903,1.2026364470366389,"[0.6220173835754395, 0.7283080220222473, 0.7077006697654724, 0.7114967703819275]",1.0273,0.24674620390455532,0.2440347071583514,0.24295010845986983,0.2781995661605206,0.2781995661605206,0.2781995661605206,0.24295010845986983
21,0.26409978308026033,0.10566346992028797,0.07618368996231234,0.02939610972919397,0.3492407809110629,0.09216978400945663,0.1301325112581253,0.0,0.1260544117540121,1.2857202220475301,"[0.6220173835754395, 0.7283080220222473, 0.7077006697654724, 0.7114967703819275]",1.1251,0.232646420824295,0.23535791757049893,0.23481561822125813,0.29229934924078094,0.27928416485900215,0.27928416485900215,0.23210412147505424
22,0.2543383947939262,0.10678554116360606,0.10491799317758005,0.03418582623119982,0.3693058568329718,0.09073376655578613,0.12466702051460743,0.0,0.12095621787011623,1.1835426959441975,"[0.6220173835754395, 0.7283080220222473, 0.7077006697654724, 0.7114967703819275]",1.0175,0.2359002169197397,0.23481561822125813,0.24674620390455532,0.2857917570498915,0.2917570498915401,0.2917570498915401,0.2359002169197397
23,0.28796095444685466,0.11149749192936653,0.07638030975524153,0.06329876249790818,0.3584598698481562,0.09376881271600723,0.11966194584965706,0.0,0.11632310599088669,1.1803350360132754,"[0.6220173835754395, 0.7283080220222473, 0.7077006697654724, 0.7114967703819275]",1.0442,0.232646420824295,0.22830802603036876,0.25162689804772237,0.24674620390455532,0.2386117136659436,0.2386117136659436,0.23535791757049893
24,0.27440347071583515,0.12335803199052897,0.08138684552726491,0.0414113908325952,0.33676789587852496,0.09537235647439957,0.11514356732368469,0.0,0.11214840784668922,1.213430893025361,"[0.6220173835754395, 0.7283080220222473, 0.7077006697654724, 0.7114967703819275]",1.0804,0.23915401301518438,0.23210412147505424,0.2928416485900217,0.3421908893709328,0.3329718004338395,0.3329718004338395,0.24023861171366595
25,0.27331887201735355,0.08761510691618146,0.06642823679918704,0.01939359001430543,0.34164859002169196,0.09470711648464203,0.11106329131871462,0.0,0.10838561598211527,1.204989108024165,"[0.6220173835754395, 0.7283080220222473, 0.7077006697654724, 0.7114967703819275]",1.2208,0.24349240780911063,0.23427331887201736,0.22071583514099782,0.2440347071583514,0.2472885032537961,0.2472885032537961,0.24240780911062906
26,0.2386117136659436,0.06799656282297784,0.0663308149079464,-0.006907742424536135,0.3378524945770065,0.09458819776773453,0.10739185754209757,0.0,0.10501219891011715,1.2719168270705268,"[0.6220173835754395, 0.7283080220222473, 0.7077006697654724, 0.7114967703819275]",1.022,0.232646420824295,0.2299349240780911,0.23969631236442515,0.25704989154013014,0.2575921908893709,0.2575921908893709,0.23481561822125813
27,0.22234273318872017,0.06151865768182019,0.04955198890140305,-0.006575558372218815,0.31019522776572667,0.09469336271286011,0.10409095045179129,0.0,0.10197803750634193,1.1814239720115438,"[0.6220173835754395, 0.7283080220222473, 0.7077006697654724, 0.7114967703819275]",0.9486,0.2359002169197397,0.23535791757049893,0.22668112798264642,0.2543383947939262,0.24566160520607375,0.24566160520607375,0.23644251626898047
28,0.27440347071583515,0.11078915159824065,0.06669153748258216,0.03737043312624972,0.3302603036876356,0.09778909385204315,0.10112285800278187,0.0,0.09924672916531563,1.1387654879363254,"[0.6220173835754395, 0.7283080220222473, 0.7077006697654724, 0.7114967703819275]",1.1391,0.24078091106290672,0.23752711496746204,0.22125813449023862,0.26843817787418656,0.2592190889370933,0.2592190889370933,0.2418655097613883
29,0.25650759219088937,0.045659264974732716,0.05105763523431871,0.028515193002952605,0.30260303687635576,0.09668990969657898,0.0984773626551032,0.0,0.0967859672382474,1.207305526942946,"[0.6220173835754395, 0.7283080220222473, 0.7077006697654724, 0.7114967703819275]",1.0498,0.23156182212581344,0.23101952277657267,0.24349240780911063,0.27765726681127983,0.28524945770065074,0.28524945770065074,0.23318872017353579
30,0.28470715835141,0.0798431042597012,0.06730161289945279,0.07077850288318255,0.30856832971800435,0.09737297892570496,0.09607859142124653,0.0,0.09455911535769701,1.1456708350451663,"[0.6220173835754395, 0.7283080220222473, 0.7077006697654724, 0.7114967703819275]",1.0116,0.23752711496746204,0.23427331887201736,0.2299349240780911,0.28036876355748375,0.28199566160520606,0.28199566160520606,0.23644251626898047
31,0.24078091106290672,0.10613596663590852,0.06707990292022455,0.032070447824015504,0.3318872017353579,0.10022526979446411,0.09390648268163204,0.0,0.09254231303930283,1.1277911639772356,"[0.6220173835754395, 0.7283080220222473, 0.7077006697654724, 0.7114967703819275]",1.0911,0.24023861171366595,0.2380694143167028,0.23969631236442515,0.26409978308026033,0.2668112798264642,0.2668112798264642,0.23915401301518438
32,0.20878524945770066,0.07251838659879462,0.06856640314584907,0.002470295963563971,0.3091106290672451,0.09438681602478027,0.09194732178002596,0.0,0.09071648959070444,1.1446304239798337,"[0.6220173835754395, 0.7283080220222473, 0.7077006697654724, 0.7114967703819275]",1.0019,0.23481561822125813,0.23915401301518438,0.24891540130151843,0.2635574837310195,0.2575921908893709,0.2575921908893709,0.23318872017353579
33,0.2440347071583514,0.09986350192841176,0.07711994112710502,0.04396134618165312,0.31724511930585686,0.09663766622543335,0.09016658645123243,0.0,0.08904140163213015,1.202270825044252,"[0.6220173835754395, 0.7283080220222473, 0.7077006697654724, 0.7114967703819275]",1.058,0.2304772234273319,0.22939262472885033,0.22939262472885033,0.2635574837310195,0.22885032537960953,0.22885032537960953,0.23101952277657267
34,0.22234273318872017,0.08196184041186272,0.07021191979512434,-0.007047766009040035,0.31616052060737526,0.09338700771331787,0.0887254299595952,0.0,0.08753021527081728,1.2174638819415122,"[0.6220173835754395, 0.7283080220222473, 0.7077006697654724, 0.7114967703819275]",1.0311,0.2304772234273319,0.23318872017353579,0.25704989154013014,0.26572668112798264,0.2635574837310195,0.2635574837310195,0.2299349240780911
35,0.28036876355748375,0.09336194672854703,0.07325491279218689,0.01213874300351322,0.32266811279826463,0.09234602749347687,0.08871081937104464,0.0,0.08623553533107042,1.255236088996753,"[0.6220173835754395, 0.7283080220222473, 0.7077006697654724, 0.7114967703819275]",1.0899,0.23752711496746204,0.2386117136659436,0.26843817787418656,0.2928416485900217,0.29121475054229934,0.29121475054229934,0.23752711496746204
36,0.2754880694143167,0.12176295930302405,0.09845546667826877,0.06068932660094612,0.3335140997830803,0.08919993042945862,0.08708289451897144,0.0,0.0850528609007597,1.414618820999749,"[0.6220173835754395, 0.7283080220222473, 0.7077006697654724, 0.7114967703819275]",1.0919,0.24078091106290672,0.2418655097613883,0.267353579175705,0.2901301518438178,0.2678958785249458,0.2678958785249458,0.24023861171366595
37,0.23535791757049893,0.05451474988845273,0.06684354968115086,-0.002918409217452243,0.29663774403470716,0.0860392302274704,0.0857072239741683,0.0,0.08399523328989744,1.3019023099914193,"[0.6220173835754395, 0.7283080220222473, 0.7077006697654724, 0.7114967703819275]",1.0153,0.25216919739696314,0.25108459869848154,0.27006507592190887,0.28362255965292843,0.2662689804772234,0.2662689804772234,0.25216919739696314
38,0.2527114967462039,0.11003954512771175,0.10568786719703221,0.03964347199421531,0.31778741865509763,0.08492216467857361,0.08439496252685785,0.0,0.08305635210126638,1.155039947014302,"[0.6220173835754395, 0.7283080220222473, 0.7077006697654724, 0.7114967703819275]",0.9833,0.25650759219088937,0.2575921908893709,0.2841648590021692,0.2988069414316703,0.28253796095444683,0.28253796095444683,0.2554229934924078
39,0.26898047722342733,0.14394954296211238,0.13330772368263666,0.08757702757857558,0.3524945770065076,0.08276833593845367,0.08311849646270275,0.0,0.082128562964499,1.1832688139984384,"[0.6220173835754395, 0.7283080220222473, 0.7077006697654724, 0.7114967703819275]",1.042,0.2603036876355748,0.2608459869848156,0.289587852494577,0.29718004338394793,0.2933839479392625,0.2933839479392625,0.2603036876355748
40,0.28036876355748375,0.08815331322068665,0.10653279731537757,0.0380166404404205,0.3215835140997831,0.08313549309968948,0.09072984103113413,0.0,0.08141340501606464,1.1678280209889635,"[0.6220173835754395, 0.7283080220222473, 0.7077006697654724, 0.7114967703819275]",1.0495,0.2695227765726681,0.272234273318872,0.28470715835141,0.289587852494577,0.28633405639913234,0.28633405639913234,0.2678958785249458
41,0.26898047722342733,0.12242712671029143,0.13572512849213036,0.08066858822499731,0.3286334056399132,0.08146701008081436,0.08943879697471857,0.0,0.08076010271906853,1.2215443239547312,"[0.6220173835754395, 0.7283080220222473, 0.7077006697654724, 0.7114967703819275]",0.9927,0.25704989154013014,0.2603036876355748,0.2885032537960954,0.31941431670281994,0.31073752711496744,0.31073752711496744,0.25704989154013014
42,0.26572668112798264,0.07236430485356393,0.08942801878068923,-0.019073890697028133,0.3335140997830803,0.08076935261487961,0.08807382546365261,0.0,0.0801954586058855,1.1519356720382348,"[0.6220173835754395, 0.7283080220222473, 0.7077006697654724, 0.7114967703819275]",1.1023,0.2738611713665944,0.27440347071583515,0.2885032537960954,0.25813449023861174,0.2781995661605206,0.2781995661605206,0.2738611713665944
43,0.30748373101952275,0.16287896024116943,0.1328525365991914,0.08488551888608517,0.35900216919739697,0.07968313992023468,0.08663683477789164,0.0,0.07971200346946716,1.2231302889995277,"[0.6220173835754395, 0.7283080220222473, 0.7077006697654724, 0.7114967703819275]",1.0471,0.2754880694143167,0.2754880694143167,0.30748373101952275,0.31073752711496744,0.30585683297180044,0.30585683297180044,0.2749457700650759
44,0.31344902386117135,0.16457025273987924,0.1416555555003753,0.05818349929271589,0.3600867678958785,0.0816933736205101,0.08490994572639465,0.0,0.07928920537233353,1.1700759070226923,"[0.6220173835754395, 0.7283080220222473, 0.7077006697654724, 0.7114967703819275]",1.0068,0.3080260303687636,0.31182212581344904,0.32212581344902386,0.306941431670282,0.3009761388286334,0.3009761388286334,0.3080260303687636
45,0.3362255965292842,0.17327408306026792,0.17598103556338873,0.1220324556820059,0.3600867678958785,0.08405585587024689,0.08337846212089062,0.0,0.07893119566142559,1.2569170059869066,"[0.6220173835754395, 0.7283080220222473, 0.7077006697654724, 0.7114967703819275]",0.9712,0.279826464208243,0.28796095444685466,0.3210412147505423,0.31616052060737526,0.2933839479392625,0.2933839479392625,0.2787418655097614
46,0.29229934924078094,0.12792006096970976,0.11722699764837878,0.033449594201365916,0.3557483731019523,0.08643210679292679,0.0826276047155261,0.0,0.07859546598047018,1.2577549429843202,"[0.6220173835754395, 0.7283080220222473, 0.7077006697654724, 0.7114967703819275]",1.0011,0.2890455531453362,0.2890455531453362,0.31941431670281994,0.3275488069414317,0.31941431670281994,0.31941431670281994,0.2890455531453362
47,0.3188720173535792,0.1770308405921518,0.16048247852010378,0.12973591370379087,0.3633405639913232,0.08770407736301422,0.08176081720739603,0.0,0.07829330302774906,1.2043414119398221,"[0.6220173835754395, 0.7283080220222473, 0.7077006697654724, 0.7114967703819275]",1.0751,0.26247288503253796,0.2651843817787419,0.29718004338394793,0.3606290672451193,0.3324295010845987,0.3324295010845987,0.2635574837310195
48,0.2960954446854664,0.16046403464896797,0.15130519795789046,0.02811453551633389,0.36822125813449025,0.0894910916686058,0.0810495400801301,0.0,0.07803036272525787,1.3132533399621025,"[0.6220173835754395, 0.7283080220222473, 0.7077006697654724, 0.7114967703819275]",1.1411,0.28362255965292843,0.29121475054229934,0.3123644251626898,0.3215835140997831,0.3215835140997831,0.3215835140997831,0.2809110629067245
49,0.3096529284164859,0.1367050723190607,0.1952122663144977,0.12426454554158319,0.33405639913232105,0.09461899101734161,0.08068178594112396,0.0,0.07778275944292545,1.1997271329164505,"[0.6220173835754395, 0.7283080220222473, 0.7077006697654724, 0.7114967703819275]",1.1389,0.2901301518438178,0.2933839479392625,0.30856832971800435,0.33731019522776573,0.34598698481561824,0.34598698481561824,0.289587852494577
50,0.30422993492407807,0.15060719587699178,0.16587411162941126,0.08897864810567344,0.3383947939262473,0.09430054575204849,0.08017866779118776,0.0,0.07754579558968544,1.2689874999923632,"[0.6220173835754395, 0.7283080220222473, 0.7077006697654724, 0.7114967703819275]",1.1698,0.30856832971800435,0.3063991323210412,0.3150759219088937,0.33080260303687636,0.33080260303687636,0.33080260303687636,0.30748373101952275
51,0.30748373101952275,0.14554540519671277,0.17361021991664807,0.10514512886488495,0.32809110629067245,0.09079420566558838,0.08018606901168823,0.0,0.07734693121165037,1.4179271770408377,"[0.6220173835754395, 0.7283080220222473, 0.7077006697654724, 0.7114967703819275]",1.4882,0.3047722342733189,0.3096529284164859,0.34002169197396964,0.3199566160520607,0.324295010845987,0.324295010845987,0.3036876355748373
52,0.27169197396963124,0.12524120849562537,0.1517389725313872,0.06650117255268814,0.33080260303687636,0.09643607586622238,0.0799223780632019,0.0,0.07716813310980797,1.6735189529135823,"[0.6220173835754395, 0.7283080220222473, 0.7077006697654724, 0.7114967703819275]",1.4563,0.32212581344902386,0.3199566160520607,0.3345986984815618,0.32212581344902386,0.31182212581344904,0.31182212581344904,0.3215835140997831
53,0.2868763557483731,0.14817095597598717,0.15060526534335647,0.09322091572483843,0.34761388286334055,0.09712950885295868,0.07959230616688728,0.0,0.07700587995350361,1.7293676799163222,"[0.6220173835754395, 0.7283080220222473, 0.7077006697654724, 0.7114967703819275]",1.6214,0.3123644251626898,0.3156182212581345,0.3552060737527115,0.3438177874186551,0.35032537960954446,0.35032537960954446,0.3091106290672451
54,0.28796095444685466,0.15220379838940667,0.13652603127176258,0.07613204075558433,0.33893709327548804,0.09981271624565125,0.07928581163287163,0.0,0.07685392629355192,1.6438009430421516,"[0.6220173835754395, 0.7283080220222473, 0.7077006697654724, 0.7114967703819275]",1.5627,0.3232104121475054,0.3188720173535792,0.3297180043383948,0.3275488069414317,0.31453362255965295,0.31453362255965295,0.3215835140997831
55,0.2608459869848156,0.08300846914997284,0.1283236877616784,0.040792397831656474,0.3351409978308026,0.1014639288187027,0.07907946594059467,0.0,0.0767054632306099,1.6709164920030162,"[0.6220173835754395, 0.7283080220222473, 0.7077006697654724, 0.7114967703819275]",1.4454,0.28524945770065074,0.28362255965292843,0.3232104121475054,0.368763557483731,0.3329718004338395,0.3329718004338395,0.28524945770065074
56,0.27765726681127983,0.08344428589340191,0.13569253379460292,0.010527323347513773,0.3378524945770065,0.10234645009040833,0.07880995701998472,0.0,0.07656512688845396,1.5528376280562952,"[0.6220173835754395, 0.7283080220222473, 0.7077006697654724, 0.7114967703819275]",1.5094,0.27765726681127983,0.2738611713665944,0.2781995661605206,0.3237527114967462,0.306941431670282,0.306941431670282,0.279826464208243
57,0.28633405639913234,0.14651067747955349,0.15888732456801036,0.08217997517368482,0.35195227765726683,0.10151291638612747,0.07853075955063105,0.0,0.07643487490713596,1.6117493850179017,"[0.6220173835754395, 0.7283080220222473, 0.7077006697654724, 0.7114967703819275]",1.4886,0.2809110629067245,0.2738611713665944,0.32266811279826463,0.3421908893709328,0.34002169197396964,0.34002169197396964,0.28362255965292843
58,0.29392624728850325,0.1496706192358367,0.15043442557559558,0.06354541383427019,0.34544468546637747,0.10126993060112,0.07834435161203146,0.0,0.07630698941648006,1.5729399248957634,"[0.6220173835754395, 0.7283080220222473, 0.7077006697654724, 0.7114967703819275]",1.4139,0.26898047722342733,0.27765726681127983,0.368763557483731,0.39642082429501085,0.37906724511930584,0.37906724511930584,0.2727765726681128
59,0.3156182212581345,0.1630201119484448,0.14561046329782382,0.06779121740654849,0.34544468546637747,0.10196690261363983,0.078230912797153,0.0,0.07618684973567724,1.6612321870634332,"[0.6220173835754395, 0.7283080220222473, 0.7077006697654724, 0.7114967703819275]",1.432,0.3009761388286334,0.3036876355748373,0.3139913232104121,0.3552060737527115,0.35683297180043383,0.35683297180043383,0.3036876355748373
60,0.2901301518438178,0.10295084989025649,0.13405040425345743,0.015116991507351477,0.3584598698481562,0.10239051282405853,0.07813827320933342,0.0,0.07608101237565279,1.7142790730576962,"[0.6220173835754395, 0.7283080220222473, 0.7077006697654724, 0.7114967703819275]",1.4972,0.28362255965292843,0.31073752711496744,0.3644251626898048,0.33731019522776573,0.3183297180043384,0.3183297180043384,0.26898047722342733
61,0.25976138828633405,0.09732809028655653,0.13306985618219505,0.011562838603599402,0.3606290672451193,0.10053282976150513,0.07802786026149988,0.0,0.0759902261197567,1.6378550858935341,"[0.6220173835754395, 0.7283080220222473, 0.7077006697654724, 0.7114967703819275]",1.5474,0.28633405639913234,0.2885032537960954,0.3036876355748373,0.3318872017353579,0.31670281995661603,0.31670281995661603,0.27928416485900215
62,0.26898047722342733,0.08401337067965164,0.12941321983925225,0.008704823630591808,0.34273318872017355,0.09929145872592926,0.07797634229063988,0.0,0.07591089885681868,1.6002442030003294,"[0.6220173835754395, 0.7283080220222473, 0.7077006697654724, 0.7114967703819275]",1.3803,0.3215835140997831,0.3530368763557484,0.3834056399132321,0.39099783080260303,0.38286334056399135,0.38286334056399135,0.31073752711496744
63,0.26247288503253796,0.08168204983987004,0.14755254711710517,-0.0014409997185709864,0.3606290672451193,0.0988435447216034,0.07780971378087997,0.0,0.07584605552256107,1.670949787949212,"[0.6220173835754395, 0.7283080220222473, 0.7077006697654724, 0.7114967703819275]",1.492,0.27765726681127983,0.27440347071583515,0.3492407809110629,0.3975054229934924,0.3834056399132321,0.3834056399132321,0.27440347071583515
64,0.2678958785249458,0.07321504359545217,0.13312623769075937,-0.02459106572731601,0.35900216919739697,0.09881846606731415,0.07767738308757544,0.0,0.07578677125275135,1.782746946089901,"[0.6220173835754395, 0.7283080220222473, 0.7077006697654724, 0.7114967703819275]",1.3963,0.2592190889370933,0.27440347071583515,0.3351409978308026,0.3752711496746204,0.35900216919739697,0.35900216919739697,0.2613882863340564
65,0.26843817787418656,0.10118788670633505,0.14484675198674438,0.024630094509190414,0.3481561822125813,0.09761050343513489,0.07755552139133215,0.0,0.07573479879647493,1.74636238894891,"[0.6220173835754395, 0.7283080220222473, 0.7077006697654724, 0.7114967703819275]",1.4647,0.27603036876355747,0.30748373101952275,0.33405639913232105,0.3725596529284165,0.35900216919739697,0.35900216919739697,0.2575921908893709
66,0.28633405639913234,0.10897693154734911,0.14687276762654175,0.010623876073305491,0.36984815618221256,0.09730823338031769,0.07743960432708263,0.0,0.07570824585855007,1.774212085059844,"[0.6220173835754395, 0.7283080220222473, 0.7077006697654724, 0.7114967703819275]",1.4048,0.35900216919739697,0.3882863340563991,0.40997830802603036,0.4522776572668113,0.44685466377440347,0.44685466377440347,0.34544468546637747
67,0.2960954446854664,0.0977793458659767,0.13332572810653998,0.016947313749286992,0.3432754880694143,0.09775058925151825,0.07712127920240164,0.0,0.07567772269248962,1.7397852819412947,"[0.6220173835754395, 0.7283080220222473, 0.7077006697654724, 0.7114967703819275]",1.5333,0.2749457700650759,0.27603036876355747,0.34164859002169196,0.4007592190889371,0.37852494577006507,0.37852494577006507,0.2809110629067245
68,0.3004338394793926,0.10256163578888033,0.12949646493684405,-0.0020242815753134633,0.3470715835140998,0.09897094964981079,0.0770030664280057,0.0,0.07563436031341553,1.5560102119343355,"[0.6220173835754395, 0.7283080220222473, 0.7077006697654724, 0.7114967703819275]",1.5049,0.34436008676789587,0.34273318872017355,0.4403470715835141,0.43221258134490237,0.4164859002169197,0.4164859002169197,0.3432754880694143
69,0.25379609544468545,0.08195639431809121,0.13532695828591465,0.008654737766011137,0.3600867678958785,0.09916806221008301,0.07725274097174406,0.0,0.07559097371995449,1.5672302319435403,"[0.6220173835754395, 0.7283080220222473, 0.7077006697654724, 0.7114967703819275]",1.5333,0.30151843817787416,0.2982646420824295,0.3774403470715835,0.3557483731019523,0.35954446854663774,0.35954446854663774,0.3036876355748373
70,0.30260303687635576,0.17734744972172756,0.14267854817035833,0.06261974491061564,0.3497830802603037,0.09587052464485168,0.07734749652445316,0.0,0.07555858325213194,1.5926086299587041,"[0.6220173835754395, 0.7283080220222473, 0.7077006697654724, 0.7114967703819275]",1.5383,0.2857917570498915,0.289587852494577,0.38015184381778744,0.36822125813449025,0.3552060737527115,0.3552060737527115,0.28470715835141
71,0.2695227765726681,0.15402098098591765,0.15143197540451375,0.021431593250010976,0.3617136659436009,0.09565906971693039,0.07715631742030382,0.0,0.07552895043045282,1.6426780039910227,"[0.6220173835754395, 0.7283080220222473, 0.7077006697654724, 0.7114967703819275]",1.5754,0.3481561822125813,0.3665943600867679,0.3969631236442516,0.3893709327548807,0.3975054229934924,0.3975054229934924,0.33405639913232105
72,0.2781995661605206,0.07795635706273096,0.13664834397421793,-0.01248340492344972,0.3660520607375271,0.09842986613512039,0.07701973896473646,0.0,0.07548515126109123,1.6713260459946468,"[0.6220173835754395, 0.7283080220222473, 0.7077006697654724, 0.7114967703819275]",1.4747,0.279826464208243,0.2754880694143167,0.3627982646420824,0.3432754880694143,0.3378524945770065,0.3378524945770065,0.2857917570498915
73,0.2982646420824295,0.11244257801021418,0.13682267156494254,0.017496040711402306,0.3524945770065076,0.09883560240268707,0.07726171892136335,0.0,0.07546401210129261,1.5601247489685193,"[0.6220173835754395, 0.7283080220222473, 0.7077006697654724, 0.7114967703819275]",1.4248,0.2592190889370933,0.27169197396963124,0.3123644251626898,0.3530368763557484,0.3470715835140998,0.3470715835140998,0.26572668112798264
74,0.31616052060737526,0.14103863635020353,0.14767043416251768,0.05207144674547387,0.36713665943600865,0.09868466854095459,0.0772416340187192,0.0,0.0754366721957922,1.4417246610391885,"[0.6220173835754395, 0.7283080220222473, 0.7077006697654724, 0.7114967703819275]",1.4383,0.3405639913232104,0.381236442516269,0.4229934924078091,0.4116052060737527,0.4202819956616052,0.4202819956616052,0.32483731019522777
75,0.28633405639913234,0.10475893238242484,0.13962795272855322,0.0030385240561171516,0.35683297180043383,0.09601707756519318,0.0771030755713582,0.0,0.07541605830192566,1.3780890899943188,"[0.6220173835754395, 0.7283080220222473, 0.7077006697654724, 0.7114967703819275]",1.1938,0.30531453362255967,0.3036876355748373,0.34490238611713664,0.3839479392624729,0.3839479392624729,0.3839479392624729,0.3047722342733189
76,0.32049891540130154,0.13353501193833828,0.14780400410621553,0.034353182106814345,0.37852494577006507,0.09773706644773483,0.07697838172316551,0.0,0.07539326045662165,1.2729111090302467,"[0.6220173835754395, 0.7283080220222473, 0.7077006697654724, 0.7114967703819275]",1.0659,0.29718004338394793,0.289587852494577,0.36550976138828634,0.3866594360086768,0.38449023861171366,0.38449023861171366,0.302060737527115
77,0.3139913232104121,0.11768799805129271,0.13593901886060689,0.049170793463803056,0.35086767895878523,0.10026568919420242,0.07700617704540491,0.0,0.07537018042057753,1.2394338429439813,"[0.6220173835754395, 0.7283080220222473, 0.7077006697654724, 0.7114967703819275]",1.0552,0.35357917570498915,0.3834056399132321,0.41106290672451196,0.42733188720173537,0.4213665943600868,0.4213665943600868,0.346529284164859
78,0.3091106290672451,0.12813788839377005,0.13971115937104203,0.027077511072426477,0.3584598698481562,0.09917692840099335,0.07686434034258127,0.0,0.07534467801451683,1.3032039440004155,"[0.6220173835754395, 0.7283080220222473, 0.7077006697654724, 0.7114967703819275]",1.2273,0.31941431670281994,0.3123644251626898,0.40563991323210413,0.3882863340563991,0.3953362255965293,0.3953362255965293,0.3183297180043384
79,0.32049891540130154,0.12237904343869199,0.13516749641934567,0.017133350566384185,0.36225596529284165,0.0978037416934967,0.0770984860137105,0.0,0.07532573770731688,1.2869213239755481,"[0.6220173835754395, 0.7283080220222473, 0.7077006697654724, 0.7114967703819275]",1.0547,0.3335140997830803,0.3351409978308026,0.4349240780911063,0.45010845986984815,0.44468546637744033,0.44468546637744033,0.3324295010845987
80,0.32212581344902386,0.1390094462429995,0.1489436454547917,0.04263209913166233,0.3627982646420824,0.09702065587043762,0.07693648338317871,0.0,0.07530091796070337,1.2320236189989373,"[0.6220173835754395, 0.7283080220222473, 0.7077006697654724, 0.7114967703819275]",1.0928,0.324295010845987,0.3259219088937093,0.3866594360086768,0.36822125813449025,0.37310195227765725,0.37310195227765725,0.3237527114967462
81,0.30748373101952275,0.11757903343908349,0.13661780954815006,0.024338593368911615,0.34761388286334055,0.09681551158428192,0.07692271284759045,0.0,0.07528430595993996,1.1680027029942721,"[0.6220173835754395, 0.7283080220222473, 0.7077006697654724, 0.7114967703819275]",1.002,0.28308026030368766,0.29989154013015185,0.3752711496746204,0.38449023861171366,0.38286334056399135,0.38286334056399135,0.27928416485900215
82,0.2955531453362256,0.13058836083459835,0.16304582449403665,0.026149823540371094,0.36822125813449025,0.09975261986255646,0.07680165208876133,0.0,0.0752636156976223,1.2298482368933037,"[0.6220173835754395, 0.7283080220222473, 0.7077006697654724, 0.7114967703819275]",1.0296,0.2781995661605206,0.30531453362255967,0.3796095444685466,0.3975054229934924,0.38286334056399135,0.38286334056399135,0.2651843817787419
83,0.329175704989154,0.13256693907507888,0.14912884784875438,0.04447138929035644,0.36225596529284165,0.0985688716173172,0.0767654525116086,0.0,0.07524903677403927,1.1383447470143437,"[0.6220173835754395, 0.7283080220222473, 0.7077006697654724, 0.7114967703819275]",1.1568,0.30531453362255967,0.3232104121475054,0.3557483731019523,0.3953362255965293,0.37364425162689807,0.37364425162689807,0.29718004338394793
84,0.30422993492407807,0.11473471437370109,0.13408226566263357,-0.00015455886564357625,0.3627982646420824,0.09960003197193146,0.07660999521613121,0.0,0.07522985339164734,1.1968267710180953,"[0.6220173835754395, 0.7283080220222473, 0.7077006697654724, 0.7114967703819275]",0.9693,0.27169197396963124,0.2613882863340564,0.3552060737527115,0.39316702819956617,0.37147505422993493,0.37147505422993493,0.27440347071583515
85,0.3432754880694143,0.1739744796197984,0.15885997555375672,0.1270020442707007,0.37147505422993493,0.0987829715013504,0.07642150297760963,0.0,0.07520938199013472,1.0559283749898896,"[0.6220173835754395, 0.7283080220222473, 0.7077006697654724, 0.7114967703819275]",0.9877,0.28524945770065074,0.31182212581344904,0.3834056399132321,0.39967462039045554,0.37581344902386116,0.37581344902386116,0.27603036876355747
86,0.2917570498915401,0.11898668235342313,0.13911512383149627,0.015520104663642403,0.36388286334056397,0.09639957547187805,0.07644960377365351,0.0,0.07519577071070671,1.230793214053847,"[0.6220173835754395, 0.7283080220222473, 0.7077006697654724, 0.7114967703819275]",1.1333,0.3796095444685466,0.41865509761388287,0.43221258134490237,0.4240780911062907,0.4175704989154013,0.4175704989154013,0.36496746203904556
87,0.2814533622559653,0.10234375975893006,0.13759114188443886,0.011649148747184316,0.3752711496746204,0.09757896512746811,0.07649876177310944,0.0,0.07517616543918848,1.3422760140383616,"[0.6220173835754395, 0.7283080220222473, 0.7077006697654724, 0.7114967703819275]",1.0487,0.3481561822125813,0.38449023861171366,0.4154013015184382,0.39804772234273317,0.4262472885032538,0.4262472885032538,0.32809110629067245
88,0.28796095444685466,0.09069119460267228,0.13046439628022005,-0.0025172829669592974,0.351409978308026,0.09988563507795334,0.07655311468988657,0.0,0.0751503687351942,1.3983990590786561,"[0.6220173835754395, 0.7283080220222473, 0.7077006697654724, 0.7114967703819275]",1.206,0.2917570498915401,0.31127982646420826,0.37581344902386116,0.3947939262472885,0.3915401301518438,0.3915401301518438,0.28470715835141
89,0.294468546637744,0.1054658427707007,0.13083142776410006,0.010936173829430514,0.35032537960954446,0.09827513247728348,0.07669724710285664,0.0,0.07512553781270981,1.5179051980376244,"[0.6220173835754395, 0.7283080220222473, 0.7077006697654724, 0.7114967703819275]",1.3515,0.3660520607375271,0.4061822125813449,0.42462039045553146,0.4316702819956616,0.43329718004338397,0.43329718004338397,0.35086767895878523
90,0.2749457700650759,0.09159482361576077,0.13544200629846576,0.006657705479981668,0.368763557483731,0.09775562584400177,0.07674034312367439,0.0,0.0751056233420968,1.2578695609699935,"[0.6220173835754395, 0.7283080220222473, 0.7077006697654724, 0.7114967703819275]",1.2846,0.3530368763557484,0.3893709327548807,0.41052060737527113,0.41052060737527113,0.4002169197396963,0.4002169197396963,0.3335140997830803
91,0.28796095444685466,0.0980590835500793,0.13352971162495073,0.022029132761817408,0.3432754880694143,0.09929049015045166,0.0766523601487279,0.0,0.07508686184883118,1.3013563889544457,"[0.6220173835754395, 0.7283080220222473, 0.7077006697654724, 0.7114967703819275]",1.1007,0.28199566160520606,0.279826464208243,0.3774403470715835,0.4002169197396963,0.37310195227765725,0.37310195227765725,0.2885032537960954
92,0.3139913232104121,0.17732050241196973,0.1635060790531858,0.09088303365629795,0.37310195227765725,0.09837359189987183,0.07660406082868576,0.0,0.07505573984235525,1.3295758130261675,"[0.6220173835754395, 0.7283080220222473, 0.7077006697654724, 0.7114967703819275]",1.114,0.36496746203904556,0.4007592190889371,0.43383947939262474,0.42950108459869846,0.4370932754880694,0.4370932754880694,0.3492407809110629
93,0.27928416485900215,0.11786944685513623,0.1562100372155535,0.012084224027210887,0.3530368763557484,0.0989983081817627,0.07699017785489559,0.0,0.07503190729767084,1.2165056820958853,"[0.6220173835754395, 0.7283080220222473, 0.7077006697654724, 0.7114967703819275]",1.1275,0.3080260303687636,0.3421908893709328,0.4148590021691974,0.4284164859002169,0.40563991323210413,0.40563991323210413,0.2955531453362256
94,0.27603036876355747,0.11467277374407459,0.1595698835574375,0.014616051419845582,0.35954446854663774,0.09739509224891663,0.07672694232314825,0.0,0.07501813117414713,1.3439627069747075,"[0.6220173835754395, 0.7283080220222473, 0.7077006697654724, 0.7114967703819275]",1.3272,0.3411062906724512,0.3855748373101952,0.42950108459869846,0.4284164859002169,0.4213665943600868,0.4213665943600868,0.3259219088937093
95,0.3481561822125813,0.18517581769602587,0.17078815671913958,0.10865238007196955,0.3953362255965293,0.09801250696182251,0.07675238884985447,0.0,0.07500201743096113,1.4336169579764828,"[0.6220173835754395, 0.7283080220222473, 0.7077006697654724, 0.7114967703819275]",1.2434,0.30260303687635576,0.30748373101952275,0.38503253796095444,0.39316702819956617,0.38611713665943603,0.38611713665943603,0.30531453362255967
96,0.351409978308026,0.16731959416805364,0.16302514496901105,0.1059317570172109,0.3893709327548807,0.09612888097763062,0.07657245825976133,0.0,0.07498131785541773,1.4467349679907784,"[0.6220173835754395, 0.7283080220222473, 0.7077006697654724, 0.7114967703819275]",1.4035,0.3237527114967462,0.35954446854663774,0.3975054229934924,0.4175704989154013,0.39967462039045554,0.39967462039045554,0.3188720173535792
97,0.3210412147505423,0.1371571146880266,0.1619337871017027,0.05197485168042499,0.38015184381778744,0.0972524881362915,0.0765058696269989,0.0,0.07496522646397352,1.5409450109582394,"[0.6220173835754395, 0.7283080220222473, 0.7077006697654724, 0.7114967703819275]",1.5529,0.34273318872017355,0.36984815618221256,0.4267895878524946,0.4121475054229935,0.4018438177874187,0.4018438177874187,0.3351409978308026
98,0.33080260303687636,0.17175661431125555,0.17338430280021488,0.09870767074580866,0.3953362255965293,0.09911003708839417,0.07641057204455137,0.0,0.07494973484426737,1.6742214420810342,"[0.6220173835754395, 0.7283080220222473, 0.7077006697654724, 0.7114967703819275]",1.6714,0.28796095444685466,0.3091106290672451,0.37147505422993493,0.3947939262472885,0.3720173535791757,0.3720173535791757,0.29121475054229934
99,0.3481561822125813,0.21882802070072904,0.18312089986916177,0.15203137850059095,0.38449023861171366,0.10041974484920502,0.07633233536034822,0.0,0.07493297383189201,1.658976496080868,"[0.6220173835754395, 0.7283080220222473, 0.7077006697654724, 0.7114967703819275]",1.5309,0.3150759219088937,0.35195227765726683,0.41106290672451196,0.42950108459869846,0.41865509761388287,0.41865509761388287,0.3036876355748373
100,0.31453362255965295,0.19353392199739805,0.15954153031182325,0.08237817757329607,0.37689804772234275,0.09995339810848236,0.0762459421530366,0.0,0.07491128519177437,1.7136234989156947,"[0.6220173835754395, 0.7283080220222473, 0.7077006697654724, 0.7114967703819275]",1.4748,0.33134490238611713,0.3600867678958785,0.4452277657266811,0.4463123644251627,0.43926247288503256,0.43926247288503256,0.31778741865509763
101,0.28796095444685466,0.12290709018200296,0.1564611467184591,0.03720610701592041,0.3600867678958785,0.09936898946762085,0.07633823808282614,0.0,0.07488892879337072,1.6749067689524963,"[0.6220173835754395, 0.7283080220222473, 0.7077006697654724, 0.7114967703819275]",1.5822,0.33947939262472887,0.37364425162689807,0.4175704989154013,0.40401301518438176,0.4094360086767896,0.4094360086767896,0.3270065075921909
102,0.2933839479392625,0.16157864121508236,0.1627019015983669,0.058771598299580154,0.36225596529284165,0.10167203843593597,0.07615062594413757,0.0,0.07486782222986221,1.4115638959920034,"[0.6220173835754395, 0.7283080220222473, 0.7077006697654724, 0.7114967703819275]",1.4961,0.2928416485900217,0.30748373101952275,0.4094360086767896,0.4181127982646421,0.4116052060737527,0.4116052060737527,0.28308026030368766
103,0.2857917570498915,0.15239015319150118,0.1547153777975187,0.07247905919062775,0.34598698481561824,0.10034354031085968,0.07608658168464899,0.0,0.07484494149684906,1.3721726529765874,"[0.6220173835754395, 0.7283080220222473, 0.7077006697654724, 0.7114967703819275]",1.3156,0.2749457700650759,0.2950108459869848,0.4067245119305857,0.4181127982646421,0.4116052060737527,0.4116052060737527,0.2765726681127983
104,0.2592190889370933,0.10738759706954015,0.13994773964482535,0.032908456162506136,0.3421908893709328,0.10048656910657883,0.07607095316052437,0.0,0.07482394948601723,1.3107715720543638,"[0.6220173835754395, 0.7283080220222473, 0.7077006697654724, 0.7114967703819275]",1.0366,0.31182212581344904,0.34544468546637747,0.43546637744034705,0.4300433839479393,0.4240780911062907,0.4240780911062907,0.30151843817787416
105,0.2868763557483731,0.11207602386291549,0.15040367309679817,0.0205738583698976,0.3541214750542299,0.10159213840961456,0.07599182426929474,0.0,0.0748025169596076,0.9506527959601954,"[0.6220173835754395, 0.7283080220222473, 0.7077006697654724, 0.7114967703819275]",0.8246,0.31344902386117135,0.31344902386117135,0.40563991323210413,0.4213665943600868,0.41431670281995664,0.41431670281995664,0.31182212581344904
106,0.2592190889370933,0.12966995301628015,0.1571576853314942,0.033896164599256255,0.3411062906724512,0.10143204033374786,0.07606147322803736,0.0,0.07478081900626421,1.0547110500046983,"[0.6220173835754395, 0.7283080220222473, 0.7077006697654724, 0.7114967703819275]",0.8746,0.32049891540130154,0.3139913232104121,0.35900216919739697,0.3893709327548807,0.37906724511930584,0.37906724511930584,0.32049891540130154
107,0.31724511930585686,0.13557457804453954,0.1587218514457774,0.0692299262227524,0.3752711496746204,0.1010315865278244,0.07596450578421354,0.0,0.07475851476192474,1.0027277739718556,"[0.6220173835754395, 0.7283080220222473, 0.7077006697654724, 0.7114967703819275]",0.9064,0.2901301518438178,0.2950108459869848,0.3383947939262473,0.39642082429501085,0.3720173535791757,0.3720173535791757,0.289587852494577
108,0.3210412147505423,0.1573823862184751,0.16936086509440557,0.10402045018506965,0.3926247288503254,0.10399214923381805,0.07567957881838083,0.0,0.07473883870989084,1.0690306960605085,"[0.6220173835754395, 0.7283080220222473, 0.7077006697654724, 0.7114967703819275]",1.0083,0.30748373101952275,0.31453362255965295,0.4018438177874187,0.43275488069414314,0.41919739696312364,0.41919739696312364,0.30531453362255967
109,0.35900216919739697,0.23408983493073066,0.18971475784363695,0.16802029636445567,0.3893709327548807,0.10122893005609512,0.07567337527871132,0.0,0.07472779136151075,1.0187519600149244,"[0.6220173835754395, 0.7283080220222473, 0.7077006697654724, 0.7114967703819275]",0.8664,0.2841648590021692,0.27765726681127983,0.3318872017353579,0.3747288503253796,0.3703904555314534,0.3703904555314534,0.2868763557483731
110,0.27440347071583515,0.1338303927068626,0.14156781312865122,0.04470431913139637,0.346529284164859,0.10254530608654022,0.07566281035542488,0.0,0.07470262888818979,1.0896740860771388,"[0.6220173835754395, 0.7283080220222473, 0.7077006697654724, 0.7114967703819275]",0.8517,0.294468546637744,0.3139913232104121,0.3893709327548807,0.41431670281995664,0.40509761388286336,0.40509761388286336,0.28308026030368766
111,0.34869848156182215,0.17663635903979258,0.18934211794876413,0.11046044564938169,0.4121475054229935,0.10236751288175583,0.0758048789575696,0.0,0.0746715497225523,1.0240184200229123,"[0.6220173835754395, 0.7283080220222473, 0.7077006697654724, 0.7114967703819275]",0.9506,0.28199566160520606,0.3047722342733189,0.3953362255965293,0.4164859002169197,0.39913232104121477,0.39913232104121477,0.2765726681127983
112,0.28362255965292843,0.08755408920373509,0.1371002180984001,-0.00045127492884914223,0.3579175704989154,0.10338816046714783,0.07579971943050623,0.0,0.07464378979057074,1.1240884200669825,"[0.6220173835754395, 0.7283080220222473, 0.7077006697654724, 0.7114967703819275]",0.883,0.28796095444685466,0.28796095444685466,0.3378524945770065,0.398590021691974,0.3627982646420824,0.3627982646420824,0.289587852494577
113,0.3345986984815618,0.1669303544044196,0.1634869024432535,0.046847827586519834,0.3920824295010846,0.10376936942338943,0.07585394848138094,0.0,0.07462172210216522,0.9989431509748101,"[0.6220173835754395, 0.7283080220222473, 0.7077006697654724, 0.7114967703819275]",0.8511,0.29989154013015185,0.29663774403470716,0.3926247288503254,0.4121475054229935,0.4061822125813449,0.4061822125813449,0.29663774403470716
114,0.272234273318872,0.10978857439071199,0.16266499909702134,0.022967570624038543,0.36496746203904556,0.10261287540197372,0.07573337852954865,0.0,0.07459245342761278,0.9966061189770699,"[0.6220173835754395, 0.7283080220222473, 0.7077006697654724, 0.7114967703819275]",0.9259,0.3302603036876356,0.33568329718004336,0.35900216919739697,0.4164859002169197,0.40997830802603036,0.40997830802603036,0.3318872017353579
115,0.368763557483731,0.18966261236721782,0.19513604016968106,0.11931642845463344,0.4213665943600868,0.10521247237920761,0.07584788370877504,0.0,0.07456464692950249,1.0875802990049124,"[0.6220173835754395, 0.7283080220222473, 0.7077006697654724, 0.7114967703819275]",0.9663,0.3210412147505423,0.31778741865509763,0.3541214750542299,0.39316702819956617,0.3774403470715835,0.3774403470715835,0.32049891540130154
116,0.2917570498915401,0.16315767709975582,0.16721742270247858,0.045850488186278605,0.37147505422993493,0.10276773571968079,0.0757560646161437,0.0,0.0745542710646987,0.9581509849522263,"[0.6220173835754395, 0.7283080220222473, 0.7077006697654724, 0.7114967703819275]",0.8624,0.39099783080260303,0.4148590021691974,0.4197396963123644,0.4300433839479393,0.4343817787418655,0.4343817787418655,0.3720173535791757
117,0.3720173535791757,0.19037558863451953,0.18270496577142828,0.09922056921562483,0.41106290672451196,0.10311228781938553,0.07577469293028116,0.0,0.07453183084726334,1.0399028930114582,"[0.6220173835754395, 0.7283080220222473, 0.7077006697654724, 0.7114967703819275]",0.975,0.3096529284164859,0.33731019522776573,0.4181127982646421,0.41594360086767895,0.41052060737527113,0.41052060737527113,0.2857917570498915
118,0.31344902386117135,0.1305430809671757,0.16202756625514136,0.06759288144191002,0.37418655097613884,0.10416372865438461,0.07576144859194756,0.0,0.07450024131685495,1.043378984904848,"[0.6220173835754395, 0.7283080220222473, 0.7077006697654724, 0.7114967703819275]",0.8993,0.3557483731019523,0.3947939262472885,0.4197396963123644,0.41594360086767895,0.40130151843817785,0.40130151843817785,0.33080260303687636
119,0.3579175704989154,0.22851158966197282,0.19827923232814884,0.1517938900030452,0.4148590021691974,0.10463488847017288,0.07557981833815575,0.0,0.07447919435799122,0.995902884984389,"[0.6220173835754395, 0.7283080220222473, 0.7077006697654724, 0.7114967703819275]",0.8593,0.3855748373101952,0.4137744034707158,0.4224511930585683,0.41052060737527113,0.4029284164859002,0.4029284164859002,0.3633405639913232
120,0.3579175704989154,0.16867071219992147,0.1936871956241924,0.11281858975677615,0.3947939262472885,0.10432526469230652,0.07576629426330328,0.0,0.07445009332150221,1.0018135490827262,"[0.6220173835754395, 0.7283080220222473, 0.7077006697654724, 0.7114967703819275]",0.9042,0.3584598698481562,0.38177874186550975,0.40997830802603036,0.4229934924078091,0.41919739696312364,0.41919739696312364,0.3438177874186551
121,0.3617136659436009,0.1789270911674402,0.19388960551939607,0.12164497152299357,0.40401301518438176,0.10451256483793259,0.07572924718260765,0.0,0.07443553302437067,0.9797058240510523,"[0.6220173835754395, 0.7283080220222473, 0.7077006697654724, 0.7114967703819275]",0.9646,0.3091106290672451,0.3329718004338395,0.3926247288503254,0.40455531453362253,0.3882863340563991,0.3882863340563991,0.30314533622559653
122,0.31724511930585686,0.14757832665694892,0.16650495691531375,0.027877520696066416,0.37310195227765725,0.10532963275909424,0.07569748722016811,0.0,0.07440905272960663,1.024766898015514,"[0.6220173835754395, 0.7283080220222473, 0.7077006697654724, 0.7114967703819275]",0.9464,0.3497830802603037,0.3888286334056399,0.44848156182212584,0.4631236442516269,0.44143167028199565,0.44143167028199565,0.3345986984815618
123,0.30531453362255967,0.1692551493285045,0.14502645066032815,0.08609415841375204,0.3497830802603037,0.10488162189722061,0.07550492323935032,0.0,0.07439837977290154,1.0230921999318525,"[0.6220173835754395, 0.7283080220222473, 0.7077006697654724, 0.7114967703819275]",0.8806,0.33405639913232105,0.37418655097613884,0.4018438177874187,0.40835140997830804,0.40563991323210413,0.40563991323210413,0.31778741865509763
124,0.3524945770065076,0.2207102156187407,0.18429745248864038,0.11665384926064758,0.38015184381778744,0.10365540534257889,0.07554023340344429,0.0,0.07433718163520098,1.0478064069757238,"[0.6220173835754395, 0.7283080220222473, 0.7077006697654724, 0.7114967703819275]",0.9038,0.3579175704989154,0.38611713665943603,0.46691973969631234,0.477765726681128,0.46691973969631234,0.46691973969631234,0.33676789587852496
125,0.27440347071583515,0.1477601031279664,0.14959944602432138,0.04177126852706467,0.35900216919739697,0.10755850374698639,0.07549900095909834,0.0,0.07431599777191877,1.0452729949029163,"[0.6220173835754395, 0.7283080220222473, 0.7077006697654724, 0.7114967703819275]",0.8414,0.3438177874186551,0.3855748373101952,0.4170281995661605,0.41431670281995664,0.4061822125813449,0.4061822125813449,0.32266811279826463
126,0.3047722342733189,0.17789362035088951,0.17369771217307564,0.0548577337033481,0.3893709327548807,0.10629582405090332,0.07499955035746098,0.0,0.07431706879287958,1.0302206199849024,"[0.6220173835754395, 0.7283080220222473, 0.7077006697654724, 0.7114967703819275]",0.8868,0.3302603036876356,0.37418655097613884,0.4094360086767896,0.4148590021691974,0.4061822125813449,0.4061822125813449,0.3036876355748373
127,0.27928416485900215,0.09417701699779235,0.15866093336294795,-0.005487785695250131,0.3752711496746204,0.10593277215957642,0.07607236877083778,0.0,0.0742309708148241,0.9953321709763259,"[0.6220173835754395, 0.7283080220222473, 0.7077006697654724, 0.7114967703819275]",0.8544,0.3725596529284165,0.42516268980477223,0.4506507592190889,0.4419739696312364,0.4349240780911063,0.4349240780911063,0.35954446854663774
128,0.3150759219088937,0.12589513317780154,0.1734094898874614,0.023516568638105983,0.39642082429501085,0.10613418370485306,0.07548390328884125,0.0,0.0742851747199893,1.007138240034692,"[0.6220173835754395, 0.7283080220222473, 0.7077006697654724, 0.7114967703819275]",0.841,0.4061822125813449,0.45281995661605207,0.4598698481561822,0.4642082429501085,0.46366594360086766,0.46366594360086766,0.3774403470715835
129,0.2559652928416486,0.12949793760657768,0.16344675399141395,0.010893256435981108,0.37689804772234275,0.10749652236700058,0.07600238639861345,0.0,0.07422455493360758,0.9857299129944295,"[0.6220173835754395, 0.7283080220222473, 0.7077006697654724, 0.7114967703819275]",0.84,0.3096529284164859,0.35357917570498915,0.4175704989154013,0.43058568329718006,0.4202819956616052,0.4202819956616052,0.2982646420824295
130,0.3546637744034707,0.21351810116927883,0.18623536539233596,0.14476688157855658,0.3888286334056399,0.10628575831651688,0.07632594741880894,0.0,0.07420065347105265,1.0646629859693348,"[0.6220173835754395, 0.7283080220222473, 0.7077006697654724, 0.7114967703819275]",0.8598,0.36984815618221256,0.41106290672451196,0.4175704989154013,0.41268980477223427,0.41268980477223427,0.41268980477223427,0.34164859002169196
131,0.3546637744034707,0.21579951204572345,0.18584562850342026,0.13692416393922868,0.3882863340563991,0.10606266558170319,0.07635915279388428,0.0,0.07417503651231527,1.0265290819806978,"[0.6220173835754395, 0.7283080220222473, 0.7077006697654724, 0.7114967703819275]",0.873,0.33134490238611713,0.36984815618221256,0.43383947939262474,0.443058568329718,0.44414316702819956,0.44414316702819956,0.31073752711496744
132,0.3421908893709328,0.2056466276492983,0.18634029290538692,0.10298630766227937,0.39804772234273317,0.10530338436365128,0.07608190458267927,0.0,0.0741407573223114,1.0338215179508552,"[0.6220173835754395, 0.7283080220222473, 0.7077006697654724, 0.7114967703819275]",0.866,0.3926247288503254,0.4452277657266811,0.47668112798264645,0.48101952277657267,0.4750542299349241,0.4750542299349241,0.3703904555314534
133,0.3492407809110629,0.2434920935556315,0.18652000750042336,0.0957356653278717,0.40835140997830804,0.10812206566333771,0.07613133918493986,0.0,0.0741121368482709,1.0143625730415806,"[0.6220173835754395, 0.7283080220222473, 0.7077006697654724, 0.7114967703819275]",0.8398,0.3676789587852495,0.4078091106290672,0.44848156182212584,0.443058568329718,0.44577006507592193,0.44577006507592193,0.3438177874186551
134,0.3345986984815618,0.14718954760777592,0.17879960955651253,0.051555871558992244,0.38774403470715835,0.10636401176452637,0.0759363379329443,0.0,0.07409295439720154,1.007703643059358,"[0.6220173835754395, 0.7283080220222473, 0.7077006697654724, 0.7114967703819275]",0.8929,0.31127982646420826,0.3318872017353579,0.4267895878524946,0.44414316702819956,0.43655097613882865,0.43655097613882865,0.3150759219088937
135,0.381236442516269,0.2501692818032396,0.21958758364136868,0.2035408263043382,0.4029284164859002,0.10720334202051163,0.07603923324495554,0.0,0.07406216766685247,0.9829824750777334,"[0.6220173835754395, 0.7283080220222473, 0.7077006697654724, 0.7114967703819275]",0.8549,0.3156182212581345,0.30856832971800435,0.39913232104121477,0.43058568329718006,0.4094360086767896,0.4094360086767896,0.3063991323210412
136,0.3470715835140998,0.22604466971808646,0.20744428928064007,0.12082794928405195,0.3953362255965293,0.10515636205673218,0.07589794602245092,0.0,0.07404348533600569,1.0623221299611032,"[0.6220173835754395, 0.7283080220222473, 0.7077006697654724, 0.7114967703819275]",0.88,0.37689804772234275,0.41431670281995664,0.4853579175704989,0.4853579175704989,0.4821041214750542,0.4821041214750542,0.36225596529284165
137,0.38015184381778744,0.2552238241647341,0.22254325214567058,0.20056250320584293,0.4078091106290672,0.10543806850910187,0.07585773710161448,0.0,0.07401626650243998,1.0494800090091303,"[0.6220173835754395, 0.7283080220222473, 0.7077006697654724, 0.7114967703819275]",0.8771,0.3378524945770065,0.35357917570498915,0.4311279826464208,0.4642082429501085,0.455531453362256,0.455531453362256,0.3335140997830803
138,0.36984815618221256,0.24497916117565632,0.2206946662380441,0.15935197297027368,0.41594360086767895,0.105226531624794,0.07574903033673763,0.0,0.07399215456098318,1.000693888985552,"[0.6220173835754395, 0.7283080220222473, 0.7077006697654724, 0.7114967703819275]",0.8412,0.3492407809110629,0.3888286334056399,0.4061822125813449,0.4224511930585683,0.44577006507592193,0.44577006507592193,0.3264642082429501
139,0.3541214750542299,0.2390100703988901,0.20663783614725892,0.11352682402067682,0.4018438177874187,0.10727300494909286,0.07564174011349678,0.0,0.07395089045166969,0.9980984349967912,"[0.6220173835754395, 0.7283080220222473, 0.7077006697654724, 0.7114967703819275]",0.8546,0.3351409978308026,0.35954446854663774,0.43383947939262474,0.44251626898047725,0.4349240780911063,0.4349240780911063,0.32537960954446854
140,0.36496746203904556,0.23020536066009167,0.21815569160621834,0.17530904992785123,0.4018438177874187,0.10595479607582092,0.07619589380919933,0.0,0.07392283901572227,1.0075040699448436,"[0.6220173835754395, 0.7283080220222473, 0.7077006697654724, 0.7114967703819275]",0.9118,0.3703904555314534,0.40238611713665945,0.45878524945770066,0.46963123644251625,0.47559652928416485,0.47559652928416485,0.35954446854663774
141,0.33080260303687636,0.15413787335278706,0.19068326588808296,0.08741476982552045,0.39804772234273317,0.10707874596118927,0.07604800723493099,0.0,0.07390489149838686,1.0694765930529684,"[0.6220173835754395, 0.7283080220222473, 0.7077006697654724, 0.7114967703819275]",0.9225,0.37689804772234275,0.4148590021691974,0.47071583514099785,0.47830802603036876,0.46746203904555317,0.46746203904555317,0.3600867678958785
142,0.3779826464208243,0.2537018198857548,0.20972686810626404,0.16696266253039233,0.4094360086767896,0.10949249565601349,0.07587984390556812,0.0,0.07388275861740112,1.07826797303278,"[0.6220173835754395, 0.7283080220222473, 0.7077006697654724, 0.7114967703819275]",0.8843,0.29067245119305857,0.294468546637744,0.39370932754880694,0.4170281995661605,0.4284164859002169,0.4284164859002169,0.28796095444685466
143,0.34544468546637747,0.1834376794260567,0.18424544721827105,0.1007185712664221,0.4029284164859002,0.10906894505023956,0.07571237906813622,0.0,0.07386088650673628,0.9924311320064589,"[0.6220173835754395, 0.7283080220222473, 0.7077006697654724, 0.7114967703819275]",0.843,0.39370932754880694,0.4202819956616052,0.46963123644251625,0.4712581344902386,0.4658351409978308,0.4658351409978308,0.38611713665943603
144,0.34490238611713664,0.22562729677406124,0.19346852738600065,0.11907783900736839,0.40563991323210413,0.1062208041548729,0.0757122952491045,0.0,0.0738367261365056,1.0133556440705433,"[0.6220173835754395, 0.7283080220222473, 0.7077006697654724, 0.7114967703819275]",0.902,0.3703904555314534,0.4116052060737527,0.42733188720173537,0.44414316702819956,0.45770065075921906,0.45770065075921906,0.3546637744034707
145,0.33893709327548804,0.21655394513734827,0.20253644598543835,0.10149412582201481,0.4029284164859002,0.10828389972448349,0.07540281489491463,0.0,0.0738073168322444,0.990871116053313,"[0.6220173835754395, 0.7283080220222473, 0.7077006697654724, 0.7114967703819275]",0.8595,0.41106290672451196,0.4436008676789588,0.4831887201735358,0.47885032537960953,0.4761388286334056,0.4761388286334056,0.40130151843817785
146,0.324295010845987,0.21029438705138281,0.1935671929454562,0.10175210458989215,0.39913232104121477,0.11063981801271439,0.07504552137106657,0.0,0.07377139572054148,1.049474316998385,"[0.6220173835754395, 0.7283080220222473, 0.7077006697654724, 0.7114967703819275]",0.8439,0.3188720173535792,0.3264642082429501,0.34436008676789587,0.35900216919739697,0.3665943600867679,0.3665943600867679,0.31127982646420826
147,0.3383947939262473,0.22051805155845794,0.1953880018140548,0.10299366253382082,0.40997830802603036,0.1082710325717926,0.07536665257066488,0.0,0.07376515958458185,1.005354342982173,"[0.6220173835754395, 0.7283080220222473, 0.7077006697654724, 0.7114967703819275]",0.8357,0.3725596529284165,0.3752711496746204,0.4311279826464208,0.4658351409978308,0.4614967462039046,0.4614967462039046,0.3676789587852495
148,0.35032537960954446,0.22604043935130835,0.1985267505545962,0.13660306061703237,0.3872017353579176,0.1075303927063942,0.07500236015766859,0.0,0.07378551177680492,1.0311539371032268,"[0.6220173835754395, 0.7283080220222473, 0.7077006697654724, 0.7114967703819275]",0.84,0.324295010845987,0.33893709327548804,0.3806941431670282,0.3872017353579176,0.3947939262472885,0.3947939262472885,0.31182212581344904
149,0.2982646420824295,0.1777791101637387,0.2015341162952025,0.06205038735494814,0.3779826464208243,0.10600031167268753,0.07568187639117241,0.0,0.07373405620455742,1.0052476169075817,"[0.6220173835754395, 0.7283080220222473, 0.7077006697654724, 0.7114967703819275]",0.8884,0.3893709327548807,0.3779826464208243,0.3882863340563991,0.4311279826464208,0.44685466377440347,0.44685466377440347,0.38611713665943603
150,0.3438177874186551,0.22240297985226198,0.19283592760533147,0.12068923289469015,0.4029284164859002,0.10473793745040894,0.07546075526624918,0.0,0.07376816216856241,1.02505299996119,"[0.6220173835754395, 0.7283080220222473, 0.7077006697654724, 0.7114967703819275]",0.8554,0.30260303687635576,0.30748373101952275,0.3492407809110629,0.37147505422993493,0.38449023861171366,0.38449023861171366,0.30260303687635576
151,0.35086767895878523,0.23353640242682838,0.19783697937255065,0.12581428056875818,0.40238611713665945,0.10624503344297409,0.07435030583292246,0.0,0.07371150515973568,1.068134551984258,"[0.6220173835754395, 0.7283080220222473, 0.7077006697654724, 0.7114967703819275]",0.8743,0.3617136659436009,0.38286334056399135,0.4376355748373102,0.46963123644251625,0.46691973969631234,0.46691973969631234,0.36822125813449025
152,0.3286334056399132,0.21444132566243723,0.19472039907653158,0.12836082919857392,0.39316702819956617,0.10655928403139114,0.07529817521572113,0.0,0.07378215622156858,1.0057959159603342,"[0.6220173835754395, 0.7283080220222473, 0.7077006697654724, 0.7114967703819275]",0.8697,0.36984815618221256,0.3942516268980477,0.44143167028199565,0.44848156182212584,0.44143167028199565,0.44143167028199565,0.3573752711496746
153,0.33080260303687636,0.2112072207857575,0.19295949926766714,0.11203330425917223,0.3899132321041215,0.10920097678899765,0.07488701213151217,0.0,0.07376036327332258,1.0350674560759217,"[0.6220173835754395, 0.7283080220222473, 0.7077006697654724, 0.7114967703819275]",0.8566,0.34490238611713664,0.33893709327548804,0.3747288503253796,0.4018438177874187,0.41919739696312364,0.41919739696312364,0.34761388286334055
154,0.3644251626898048,0.2437783648546984,0.19723917284221582,0.13268618134688595,0.3693058568329718,0.10730171203613281,0.07508829981088638,0.0,0.07366585079580545,1.0022812729002908,"[0.6220173835754395, 0.7283080220222473, 0.7077006697654724, 0.7114967703819275]",0.8203,0.37581344902386116,0.36550976138828634,0.38177874186550975,0.42733188720173537,0.4403470715835141,0.4403470715835141,0.37852494577006507
155,0.3362255965292842,0.21940908278173976,0.19373442456943515,0.10013086252711388,0.41323210412147504,0.10827288776636124,0.07477845717221498,0.0,0.07369660399854183,1.0567167170811445,"[0.6220173835754395, 0.7283080220222473, 0.7077006697654724, 0.7114967703819275]",0.8372,0.3497830802603037,0.37093275488069416,0.43546637744034705,0.4506507592190889,0.4495661605206074,0.4495661605206074,0.3405639913232104
156,0.3047722342733189,0.18709675200861042,0.20227448669489595,0.09397466560192011,0.3888286334056399,0.11336369812488556,0.07486723363399506,0.0,0.07363531552255154,1.072341719060205,"[0.6220173835754395, 0.7283080220222473, 0.7077006697654724, 0.7114967703819275]",0.8712,0.3351409978308026,0.33893709327548804,0.38449023861171366,0.40130151843817785,0.4170281995661605,0.4170281995661605,0.33676789587852496
157,0.34761388286334055,0.22803947893155507,0.1993143621154533,0.13304848778553865,0.4002169197396963,0.11064557731151581,0.07513545267283916,0.0,0.07361227180808783,0.9700139529304579,"[0.6220173835754395, 0.7283080220222473, 0.7077006697654724, 0.7114967703819275]",0.8211,0.3752711496746204,0.37093275488069416,0.38286334056399135,0.43817787418655096,0.4490238611713666,0.4490238611713666,0.36713665943600865
158,0.33947939262472887,0.16198643502685317,0.1853774449311837,0.09561160294135881,0.40835140997830804,0.1115507036447525,0.07518742885440588,0.0,0.07356943935155869,0.9813707830617204,"[0.6220173835754395, 0.7283080220222473, 0.7077006697654724, 0.7114967703819275]",0.8303,0.36550976138828634,0.3584598698481562,0.4148590021691974,0.4452277657266811,0.4522776572668113,0.4522776572668113,0.3611713665943601
159,0.3438177874186551,0.22504189568192268,0.1936332208249951,0.13291184169900577,0.39370932754880694,0.109827920794487,0.07466850522905588,0.0,0.07358143106102943,0.965548146981746,"[0.6220173835754395, 0.7283080220222473, 0.7077006697654724, 0.7114967703819275]",0.8801,0.3693058568329718,0.35900216919739697,0.41323210412147504,0.43872017353579174,0.4522776572668113,0.4522776572668113,0.3806941431670282
160,0.3210412147505423,0.20891453477614297,0.1896316248900035,0.1082178096902464,0.41268980477223427,0.10974438488483429,0.07487216964364052,0.0,0.07351495698094368,1.0404615560546517,"[0.6220173835754395, 0.7283080220222473, 0.7077006697654724, 0.7114967703819275]",0.8527,0.35954446854663774,0.36822125813449025,0.38611713665943603,0.42190889370932755,0.41594360086767895,0.41594360086767895,0.35357917570498915
161,0.351409978308026,0.23115774795189115,0.20443673986110616,0.1292319309970067,0.42190889370932755,0.10737822949886322,0.07504743617027998,0.0,0.07348811626434326,1.00094827497378,"[0.6220173835754395, 0.7283080220222473, 0.7077006697654724, 0.7114967703819275]",0.8503,0.36225596529284165,0.3720173535791757,0.42462039045553146,0.44577006507592193,0.4571583514099783,0.4571583514099783,0.3644251626898048
162,0.31941431670281994,0.20359415382179968,0.19483772396763424,0.10105592021870295,0.39967462039045554,0.10670968890190125,0.0751127265393734,0.0,0.07347209937870502,1.342838654993102,"[0.6220173835754395, 0.7283080220222473, 0.7077006697654724, 0.7114967703819275]",0.8467,0.31724511930585686,0.31616052060737526,0.36713665943600865,0.3899132321041215,0.39370932754880694,0.39370932754880694,0.3183297180043384
163,0.3335140997830803,0.1646463596507718,0.1866833890310313,0.08298460563277321,0.39316702819956617,0.11168544739484787,0.07527254149317741,0.0,0.07345482055097818,1.1162371300160885,"[0.6220173835754395, 0.7283080220222473, 0.7077006697654724, 0.7114967703819275]",0.8693,0.3584598698481562,0.37689804772234275,0.4235357917570499,0.45010845986984815,0.4609544468546638,0.4609544468546638,0.346529284164859
164,0.3579175704989154,0.23662100067061953,0.20579407455355309,0.1396691960483319,0.41919739696312364,0.1110171377658844,0.07501082960516214,0.0,0.07343567069619894,0.9545883119571954,"[0.6220173835754395, 0.7283080220222473, 0.7077006697654724, 0.7114967703819275]",0.8487,0.3183297180043384,0.33676789587852496,0.39045553145336226,0.39642082429501085,0.40455531453362253,0.40455531453362253,0.3063991323210412
165,0.3432754880694143,0.22691923150422777,0.20984726451555202,0.11277687334217394,0.4235357917570499,0.11027252674102783,0.07503597345203161,0.0,0.07339814212173223,0.9752215640619397,"[0.6220173835754395, 0.7283080220222473, 0.7077006697654724, 0.7114967703819275]",0.8834,0.4067245119305857,0.4224511930585683,0.4522776572668113,0.47885032537960953,0.47288503253796094,0.47288503253796094,0.398590021691974
166,0.3497830802603037,0.2301317994625789,0.18554195303984589,0.12682179523486584,0.3676789587852495,0.11002352833747864,0.07525039371103048,0.0,0.07337229698896408,0.9696382429683581,"[0.6220173835754395, 0.7283080220222473, 0.7077006697654724, 0.7114967703819275]",0.876,0.37418655097613884,0.3893709327548807,0.4343817787418655,0.4609544468546638,0.460412147505423,0.460412147505423,0.36822125813449025
167,0.3199566160520607,0.20268395283083918,0.1990799392278317,0.10164592325443048,0.3806941431670282,0.11073042452335358,0.07504110038280487,0.0,0.07336427830159664,1.0152390700532123,"[0.6220173835754395, 0.7283080220222473, 0.7077006697654724, 0.7114967703819275]",0.863,0.3421908893709328,0.33676789587852496,0.40835140997830804,0.44468546637744033,0.455531453362256,0.455531453362256,0.34598698481561824
168,0.35683297180043383,0.23734265500156226,0.19235068184952323,0.11533676700316232,0.36822125813449025,0.10634361952543259,0.07504663337022066,0.0,0.0733409458771348,0.9959172119852155,"[0.6220173835754395, 0.7283080220222473, 0.7077006697654724, 0.7114967703819275]",0.8508,0.39370932754880694,0.3915401301518438,0.43221258134490237,0.4376355748373102,0.43817787418655096,0.43817787418655096,0.39316702819956617
169,0.2982646420824295,0.18750615039132668,0.19061056185617192,0.07583030816780575,0.3720173535791757,0.10919985920190811,0.07523163594305515,0.0,0.07332316599786282,0.996486785938032,"[0.6220173835754395, 0.7283080220222473, 0.7077006697654724, 0.7114967703819275]",0.8719,0.43383947939262474,0.44848156182212584,0.47830802603036876,0.46963123644251625,0.45607375271149675,0.45607375271149675,0.4224511930585683
170,0.3264642082429501,0.20823211152692678,0.19438316140170378,0.12002617233631077,0.38177874186550975,0.11273163557052612,0.07518794294446707,0.0,0.07330682873725891,0.9918729870114475,"[0.6220173835754395, 0.7283080220222473, 0.7077006697654724, 0.7114967703819275]",0.8647,0.3953362255965293,0.3872017353579176,0.38774403470715835,0.45336225596529284,0.44685466377440347,0.44685466377440347,0.39316702819956617
171,0.3270065075921909,0.15578387012876815,0.19290367488641355,0.10002181627097596,0.40401301518438176,0.11205342411994934,0.0751129062846303,0.0,0.0732886865735054,0.984283703030087,"[0.6220173835754395, 0.7283080220222473, 0.7077006697654724, 0.7114967703819275]",0.8261,0.3872017353579176,0.3834056399132321,0.46529284164859,0.4598698481561822,0.4685466377440347,0.4685466377440347,0.3920824295010846
172,0.3232104121475054,0.20748724867992707,0.1916991719026439,0.1080950039432856,0.39370932754880694,0.11002286523580551,0.07504428829997778,0.0,0.07327103614807129,0.9662008410086855,"[0.6220173835754395, 0.7283080220222473, 0.7077006697654724, 0.7114967703819275]",0.8529,0.39316702819956617,0.41323210412147504,0.4734273318872017,0.49511930585683295,0.477765726681128,0.477765726681128,0.38611713665943603
173,0.3150759219088937,0.20116866073921424,0.19065763659610693,0.08635145367382566,0.4018438177874187,0.1117033064365387,0.07497598510235548,0.0,0.07325575314462185,0.9919990670168772,"[0.6220173835754395, 0.7283080220222473, 0.7077006697654724, 0.7114967703819275]",0.8607,0.3530368763557484,0.36984815618221256,0.3823210412147505,0.40401301518438176,0.425704989154013,0.425704989154013,0.346529284164859
174,0.3188720173535792,0.20565900871315856,0.20075891800555204,0.08159139490529606,0.40726681127982645,0.11168162524700165,0.07502139266580343,0.0,0.07323887664824724,1.040793310967274,"[0.6220173835754395, 0.7283080220222473, 0.7077006697654724, 0.7114967703819275]",0.8566,0.4018438177874187,0.4229934924078091,0.4495661605206074,0.4517353579175705,0.46963123644251625,0.46963123644251625,0.3953362255965293
175,0.3047722342733189,0.18817096292419555,0.20681553630955576,0.1041680074557214,0.3915401301518438,0.11018376052379608,0.07488047238439322,0.0,0.07322248350828886,1.2260229269741103,"[0.6220173835754395, 0.7283080220222473, 0.7077006697654724, 0.7114967703819275]",0.873,0.3915401301518438,0.42190889370932755,0.4197396963123644,0.4170281995661605,0.4202819956616052,0.4202819956616052,0.3660520607375271
176,0.34598698481561824,0.23005303403276767,0.20866072880565756,0.12364520818951623,0.3942516268980477,0.11069263517856598,0.07486881222575903,0.0,0.07320260442793369,1.081035773968324,"[0.6220173835754395, 0.7283080220222473, 0.7077006697654724, 0.7114967703819275]",0.8212,0.3481561822125813,0.3546637744034707,0.3665943600867679,0.3644251626898048,0.38774403470715835,0.38774403470715835,0.3302603036876356
177,0.28362255965292843,0.17108620359928595,0.17982976878376614,0.10707149253585185,0.37093275488069416,0.11086153984069824,0.07474038656800985,0.0,0.07318616099655628,1.0572938589612022,"[0.6220173835754395, 0.7283080220222473, 0.7077006697654724, 0.7114967703819275]",0.8235,0.3796095444685466,0.38503253796095444,0.3823210412147505,0.4197396963123644,0.4419739696312364,0.4419739696312364,0.35954446854663774
178,0.3129067245119306,0.19577680485243365,0.1860313417693199,0.09312717182865687,0.39967462039045554,0.11130403727293015,0.07471699919551611,0.0,0.07316916156560183,1.0001149330055341,"[0.6220173835754395, 0.7283080220222473, 0.7077006697654724, 0.7114967703819275]",0.8226,0.31073752711496744,0.3438177874186551,0.36496746203904556,0.3584598698481562,0.3600867678958785,0.3600867678958785,0.2928416485900217
179,0.3497830802603037,0.23320553171196956,0.20423531298992323,0.145824487727985,0.4067245119305857,0.11288505792617798,0.07457769941538572,0.0,0.07314958143979311,1.0074260330293328,"[0.6220173835754395, 0.7283080220222473, 0.7077006697654724, 0.7114967703819275]",0.8294,0.3947939262472885,0.4121475054229935,0.43221258134490237,0.44848156182212584,0.4642082429501085,0.4642082429501085,0.381236442516269
180,0.3627982646420824,0.24421668974095756,0.2043417694252224,0.15052313869964315,0.4148590021691974,0.11353015899658203,0.07461818680167198,0.0,0.07313092891126871,1.0266770629677922,"[0.6220173835754395, 0.7283080220222473, 0.7077006697654724, 0.7114967703819275]",0.8049,0.443058568329718,0.4625813449023861,0.5037960954446855,0.5016268980477223,0.49783080260303686,0.49783080260303686,0.4235357917570499
181,0.3492407809110629,0.22707581908376628,0.20263217578186868,0.13965772201164953,0.4116052060737527,0.11165377497673035,0.07454254664480686,0.0,0.07310822978615761,1.0270662880502641,"[0.6220173835754395, 0.7283080220222473, 0.7077006697654724, 0.7114967703819275]",0.8312,0.42462039045553146,0.43329718004338397,0.43872017353579174,0.443058568329718,0.43980477223427333,0.43980477223427333,0.4088937093275488
182,0.351409978308026,0.22970685240493072,0.20406339185006542,0.16406240235812783,0.41268980477223427,0.11130602657794952,0.07457388564944267,0.0,0.07310842629522085,1.060075031942688,"[0.6220173835754395, 0.7283080220222473, 0.7077006697654724, 0.7114967703819275]",0.857,0.3947939262472885,0.40130151843817785,0.4116052060737527,0.44143167028199565,0.44739696312364424,0.44739696312364424,0.3893709327548807
183,0.3552060737527115,0.2330406140947392,0.19654177764830114,0.14834357021290553,0.403470715835141,0.11058101803064346,0.07463802956044674,0.0,0.07309097517281771,1.0433517199708149,"[0.6220173835754395, 0.7283080220222473, 0.7077006697654724, 0.7114967703819275]",0.8522,0.4029284164859002,0.4202819956616052,0.4495661605206074,0.460412147505423,0.4685466377440347,0.4685466377440347,0.3969631236442516
184,0.3432754880694143,0.225325390991286,0.19981742990274237,0.13317388332458469,0.41323210412147504,0.11382860690355301,0.07466890849173069,0.0,0.07306907512247562,1.0390182009432465,"[0.6220173835754395, 0.7283080220222473, 0.7077006697654724, 0.7114967703819275]",0.8308,0.38177874186550975,0.38503253796095444,0.39967462039045554,0.4376355748373102,0.455531453362256,0.455531453362256,0.37418655097613884
185,0.3405639913232104,0.17521083159625095,0.19858970221474004,0.1296653619083392,0.4202819956616052,0.11241929978132248,0.07458239700645208,0.0,0.07305092550814152,0.9959290629485622,"[0.6220173835754395, 0.7283080220222473, 0.7077006697654724, 0.7114967703819275]",0.9061,0.4078091106290672,0.4170281995661605,0.40997830802603036,0.3953362255965293,0.40997830802603036,0.40997830802603036,0.4088937093275488
186,0.3497830802603037,0.22662857214814047,0.20396934291075933,0.14789895573028783,0.41052060737527113,0.11467930674552917,0.07437728065997362,0.0,0.07303000800311565,0.9917307279538363,"[0.6220173835754395, 0.7283080220222473, 0.7077006697654724, 0.7114967703819275]",0.8845,0.40401301518438176,0.4078091106290672,0.44251626898047725,0.45932754880694143,0.4549891540130152,0.4549891540130152,0.38774403470715835
187,0.3297180043383948,0.21741745948685398,0.20118168298068093,0.13112617336924326,0.4078091106290672,0.11407491564750671,0.07419880758970976,0.0,0.07301552034914494,1.005181425018236,"[0.6220173835754395, 0.7283080220222473, 0.7077006697654724, 0.7114967703819275]",0.9198,0.4539045553145336,0.47071583514099785,0.48590021691973967,0.4945770065075922,0.4945770065075922,0.4945770065075922,0.4376355748373102
188,0.30260303687635576,0.18298204264136242,0.19335125619307392,0.09697922237645115,0.38449023861171366,0.11801851540803909,0.07419037539511919,0.0,0.07301774341613054,1.0188306040363386,"[0.6220173835754395, 0.7283080220222473, 0.7077006697654724, 0.7114967703819275]",0.8667,0.46475054229934926,0.4793926247288503,0.477765726681128,0.4631236442516269,0.4566160520607375,0.4566160520607375,0.4522776572668113
189,0.3264642082429501,0.16511019716576492,0.19132951122585037,0.10799676087733451,0.4088937093275488,0.11582795530557632,0.07373734656721354,0.0,0.07302311342209578,1.125435087014921,"[0.6220173835754395, 0.7283080220222473, 0.7077006697654724, 0.7114967703819275]",0.8969,0.38449023861171366,0.39370932754880694,0.42950108459869846,0.4625813449023861,0.47885032537960953,0.47885032537960953,0.37689804772234275
190,0.3546637744034707,0.1854458525431153,0.21554361307229164,0.12982710041884876,0.42733188720173537,0.11388922482728958,0.07424817234277725,0.0,0.07301733084022999,1.0643325340934098,"[0.6220173835754395, 0.7283080220222473, 0.7077006697654724, 0.7114967703819275]",0.818,0.36550976138828634,0.3747288503253796,0.4029284164859002,0.42950108459869846,0.4316702819956616,0.4316702819956616,0.3573752711496746
191,0.35954446854663774,0.24375579485434296,0.20965096487351845,0.14309675342637848,0.40997830802603036,0.11181731522083282,0.07454017363488674,0.0,0.07298723608255386,1.0485703579615802,"[0.6220173835754395, 0.7283080220222473, 0.7077006697654724, 0.7114967703819275]",0.8587,0.37364425162689807,0.39045553145336226,0.40455531453362253,0.43275488069414314,0.4566160520607375,0.4566160520607375,0.3579175704989154
192,0.3492407809110629,0.2347814780323012,0.2103463182210376,0.12670858431070336,0.398590021691974,0.11290161311626434,0.07429665699601173,0.0,0.07298221345990896,1.026910778018646,"[0.6220173835754395, 0.7283080220222473, 0.7077006697654724, 0.7114967703819275]",0.9091,0.33893709327548804,0.3546637744034707,0.37310195227765725,0.3779826464208243,0.40455531453362253,0.40455531453362253,0.3302603036876356
193,0.3600867678958785,0.24667752146407518,0.22601627677608419,0.17842771194493004,0.4289587852494577,0.11420564353466034,0.07444129232317209,0.0,0.07292695250362158,1.0006588079268113,"[0.6220173835754395, 0.7283080220222473, 0.7077006697654724, 0.7114967703819275]",0.8703,0.4137744034707158,0.4300433839479393,0.460412147505423,0.48698481561822127,0.4945770065075922,0.4945770065075922,0.40455531453362253
194,0.35629067245119306,0.24299542821846465,0.21438453916622113,0.155840429197703,0.4029284164859002,0.11475780606269836,0.07497813366353512,0.0,0.07290711253881454,1.018313970998861,"[0.6220173835754395, 0.7283080220222473, 0.7077006697654724, 0.7114967703819275]",0.8755,0.3693058568329718,0.39045553145336226,0.3942516268980477,0.4137744034707158,0.4349240780911063,0.4349240780911063,0.36225596529284165
195,0.34761388286334055,0.23741301002834014,0.22944698877044978,0.14119397176480133,0.4316702819956616,0.11691836267709732,0.07452642172574997,0.0,0.07289431057870388,1.0168107140343636,"[0.6220173835754395, 0.7283080220222473, 0.7077006697654724, 0.7114967703819275]",0.8304,0.38449023861171366,0.4088937093275488,0.3942516268980477,0.41052060737527113,0.4029284164859002,0.4029284164859002,0.3693058568329718
196,0.3725596529284165,0.24884810311532335,0.1987330821809818,0.10692140720719423,0.3752711496746204,0.11350154876708984,0.07441325671970844,0.0,0.07287460938096046,0.9929018360562623,"[0.6220173835754395, 0.7283080220222473, 0.7077006697654724, 0.7114967703819275]",0.8471,0.4002169197396963,0.40726681127982645,0.40401301518438176,0.37689804772234275,0.3823210412147505,0.3823210412147505,0.3872017353579176
197,0.3627982646420824,0.24246503214113146,0.2200692678779286,0.14135177278838085,0.4018438177874187,0.11149223893880844,0.07458279561251402,0.0,0.07287086173892021,1.0592084439704195,"[0.6220173835754395, 0.7283080220222473, 0.7077006697654724, 0.7114967703819275]",0.874,0.43058568329718006,0.43872017353579174,0.43221258134490237,0.4349240780911063,0.447939262472885,0.447939262472885,0.4235357917570499
198,0.3552060737527115,0.23951193151113515,0.23497045347869536,0.12986351241319008,0.4262472885032538,0.11399878561496735,0.07416251674294472,0.0,0.07285779062658548,1.0440283300122246,"[0.6220173835754395, 0.7283080220222473, 0.7077006697654724, 0.7114967703819275]",0.8382,0.38449023861171366,0.4094360086767896,0.4658351409978308,0.4745119305856833,0.4539045553145336,0.4539045553145336,0.37852494577006507
199,0.35683297180043383,0.23876977055023396,0.23266527610218707,0.15001056808929278,0.43058568329718006,0.11502794921398163,0.07382523640990257,0.0,0.07285128347575665,1.0709220409626141,"[0.6220173835754395, 0.7283080220222473, 0.7077006697654724, 0.7114967703819275]",0.8269,0.3872017353579176,0.39316702819956617,0.4002169197396963,0.41106290672451196,0.4213665943600868,0.4213665943600868,0.37635574837310193
200,0.30422993492407807,0.21034795927597139,0.2085749586409052,0.12400856971438733,0.420824295010846,0.11163526773452759,0.07352022919803858,0.0,0.0728332120925188,1.0176274180412292,"[0.6220173835754395, 0.7283080220222473, 0.7077006697654724, 0.7114967703819275]",0.8384,0.368763557483731,0.38611713665943603,0.4240780911062907,0.41431670281995664,0.4164859002169197,0.4164859002169197,0.3481561822125813
201,0.3497830802603037,0.2416384776489845,0.24530869480831805,0.12953224402991845,0.45281995661605207,0.11190854012966156,0.07350105047225952,0.0,0.07290519867092371,1.0370544360484928,"[0.6220173835754395, 0.7283080220222473, 0.7077006697654724, 0.7114967703819275]",0.8791,0.4137744034707158,0.4289587852494577,0.4544468546637744,0.47559652928416485,0.4685466377440347,0.4685466377440347,0.398590021691974
202,0.3660520607375271,0.25000382715722935,0.2265747732831771,0.15983676459712798,0.4267895878524946,0.11018182337284088,0.0741752041503787,0.0,0.07284191623330116,0.9763169309590012,"[0.6220173835754395, 0.7283080220222473, 0.7077006697654724, 0.7114967703819275]",0.8751,0.37364425162689807,0.36984815618221256,0.37364425162689807,0.42462039045553146,0.44414316702819956,0.44414316702819956,0.3752711496746204
203,0.3438177874186551,0.232956430354882,0.2353060872775702,0.13995112306039487,0.44414316702819956,0.11208871006965637,0.07471671607345343,0.0,0.07279389537870884,1.0303521419409662,"[0.6220173835754395, 0.7283080220222473, 0.7077006697654724, 0.7114967703819275]",0.9094,0.3779826464208243,0.37635574837310193,0.4137744034707158,0.44685466377440347,0.4511930585683297,0.4511930585683297,0.368763557483731
204,0.28362255965292843,0.18096910919878384,0.2214314673472068,0.09266318393963549,0.447939262472885,0.11206623911857605,0.07490243297070265,0.0,0.07276685163378716,1.003725123940967,"[0.6220173835754395, 0.7283080220222473, 0.7077006697654724, 0.7114967703819275]",0.8732,0.4197396963123644,0.4229934924078091,0.4316702819956616,0.4506507592190889,0.45878524945770066,0.45878524945770066,0.40997830802603036
205,0.3421908893709328,0.22612069111664146,0.20085952020515982,0.15744294873689696,0.4229934924078091,0.11237068474292755,0.07452905084937811,0.0,0.07273042947053909,1.0650667580775917,"[0.6220173835754395, 0.7283080220222473, 0.7077006697654724, 0.7114967703819275]",0.8532,0.34490238611713664,0.3627982646420824,0.4061822125813449,0.4213665943600868,0.4094360086767896,0.4094360086767896,0.3421908893709328
206,0.33080260303687636,0.21921245144731605,0.2029401002500422,0.0975292884414481,0.41865509761388287,0.11472241580486298,0.07437324430793524,0.0,0.07273616828024387,1.0519238580018282,"[0.6220173835754395, 0.7283080220222473, 0.7077006697654724, 0.7114967703819275]",0.835,0.3633405639913232,0.37364425162689807,0.39804772234273317,0.4376355748373102,0.4436008676789588,0.4436008676789588,0.3497830802603037
207,0.306941431670282,0.19511597843516637,0.19046933522011125,0.11725492127024667,0.41919739696312364,0.11158255487680435,0.07440742198377848,0.0,0.07271992601454258,1.0436932320008054,"[0.6220173835754395, 0.7283080220222473, 0.7077006697654724, 0.7114967703819275]",0.815,0.42462039045553146,0.4403470715835141,0.47396963123644253,0.4804772234273319,0.4712581344902386,0.4712581344902386,0.4137744034707158
208,0.32483731019522777,0.21566684785041024,0.22422749922698018,0.1150648858350041,0.4436008676789588,0.11468839645385742,0.0744057185947895,0.0,0.07271827850490808,1.0686491129454225,"[0.6220173835754395, 0.7283080220222473, 0.7077006697654724, 0.7114967703819275]",0.8348,0.40997830802603036,0.43817787418655096,0.4609544468546638,0.4463123644251627,0.4408893709327549,0.4408893709327549,0.3947939262472885
209,0.35195227765726683,0.23760869347100522,0.22559947344910253,0.153082407214019,0.4349240780911063,0.1179443746805191,0.0743445847183466,0.0,0.07270129770040512,1.016581259900704,"[0.6220173835754395, 0.7283080220222473, 0.7077006697654724, 0.7114967703819275]",0.8191,0.39370932754880694,0.40509761388286336,0.43546637744034705,0.43872017353579174,0.46637744034707157,0.46637744034707157,0.3866594360086768
210,0.329175704989154,0.22408761681487965,0.22252937442158988,0.11886226533865711,0.443058568329718,0.11327068507671356,0.07419324107468128,0.0,0.07268359046429396,1.0566673739813268,"[0.6220173835754395, 0.7283080220222473, 0.7077006697654724, 0.7114967703819275]",0.8487,0.3345986984815618,0.34164859002169196,0.35357917570498915,0.3492407809110629,0.3796095444685466,0.3796095444685466,0.3270065075921909
211,0.3183297180043384,0.21235570041959517,0.21738973161046188,0.13036631855380984,0.4202819956616052,0.11247564107179642,0.07411133404821157,0.0,0.07266724854707718,1.0640120740281418,"[0.6220173835754395, 0.7283080220222473, 0.7077006697654724, 0.7114967703819275]",0.8581,0.43383947939262474,0.45932754880694143,0.4745119305856833,0.4821041214750542,0.4907809110629067,0.4907809110629067,0.41594360086767895
212,0.3264642082429501,0.2184560889839835,0.22734738690281234,0.13493688115592847,0.4370932754880694,0.10969048738479614,0.07399150263518095,0.0,0.07265203166753054,0.9872413510456681,"[0.6220173835754395, 0.7283080220222473, 0.7077006697654724, 0.7114967703819275]",0.8297,0.4712581344902386,0.4718004338394794,0.4793926247288503,0.4745119305856833,0.4712581344902386,0.4712581344902386,0.46529284164859
213,0.3752711496746204,0.26168706657366014,0.23167211359937154,0.17197103133438377,0.43817787418655096,0.11081212759017944,0.07415654696524143,0.0,0.07261787448078394,1.007301731966436,"[0.6220173835754395, 0.7283080220222473, 0.7077006697654724, 0.7114967703819275]",0.8785,0.42516268980477223,0.4229934924078091,0.4360086767895879,0.4463123644251627,0.4376355748373102,0.4376355748373102,0.425704989154013
214,0.32537960954446854,0.21977487122014772,0.21756573963682693,0.13867237055347167,0.4164859002169197,0.11156292259693146,0.07439308892935514,0.0,0.0725862504914403,1.0077435999410227,"[0.6220173835754395, 0.7283080220222473, 0.7077006697654724, 0.7114967703819275]",0.8538,0.36388286334056397,0.38177874186550975,0.4137744034707158,0.4311279826464208,0.43980477223427333,0.43980477223427333,0.3627982646420824
215,0.306941431670282,0.1961814532798326,0.21749403319987978,0.10232442693623747,0.4235357917570499,0.1139100193977356,0.07398609537631273,0.0,0.07259219419211149,1.0313555399188772,"[0.6220173835754395, 0.7283080220222473, 0.7077006697654724, 0.7114967703819275]",0.8491,0.3872017353579176,0.39642082429501085,0.4300433839479393,0.4213665943600868,0.420824295010846,0.420824295010846,0.37147505422993493
216,0.3210412147505423,0.21729280968152154,0.22028302901652166,0.1358798525675999,0.42787418655097614,0.11575265228748322,0.07399522420018911,0.0,0.07257478311657906,1.0206545230466872,"[0.6220173835754395, 0.7283080220222473, 0.7077006697654724, 0.7114967703819275]",0.9696,0.41106290672451196,0.4262472885032538,0.477765726681128,0.4642082429501085,0.45607375271149675,0.45607375271149675,0.398590021691974
217,0.33568329718004336,0.22634131605887198,0.22946753822115853,0.14862680757746838,0.4267895878524946,0.11632639914751053,0.07396138552576303,0.0,0.07256598956882954,1.0406466700369492,"[0.6220173835754395, 0.7283080220222473, 0.7077006697654724, 0.7114967703819275]",0.969,0.3676789587852495,0.3747288503253796,0.41268980477223427,0.4316702819956616,0.43275488069414314,0.43275488069414314,0.35683297180043383
218,0.36388286334056397,0.2576275514406683,0.21229527877128085,0.17487372427087386,0.4316702819956616,0.11041299998760223,0.07400026638060808,0.0,0.07254785299301147,0.9907770999707282,"[0.6220173835754395, 0.7283080220222473, 0.7077006697654724, 0.7114967703819275]",0.8904,0.43817787418655096,0.43275488069414314,0.4463123644251627,0.47288503253796094,0.4614967462039046,0.4614967462039046,0.43817787418655096
219,0.3362255965292842,0.2248080013490823,0.23174697177047038,0.1419464268912528,0.43329718004338397,0.11399875581264496,0.07398554775863886,0.0,0.07253813650459051,0.991207567974925,"[0.6220173835754395, 0.7283080220222473, 0.7077006697654724, 0.7114967703819275]",0.8394,0.4267895878524946,0.43221258134490237,0.4582429501084599,0.4609544468546638,0.45010845986984815,0.45010845986984815,0.40455531453362253
220,0.381236442516269,0.27356657418238417,0.23563933978205703,0.1950871196668587,0.4522776572668113,0.11142496019601822,0.0739227682352066,0.0,0.07253297884017229,0.9768798480508849,"[0.6220173835754395, 0.7283080220222473, 0.7077006697654724, 0.7114967703819275]",0.8627,0.3693058568329718,0.3720173535791757,0.40130151843817785,0.4316702819956616,0.43926247288503256,0.43926247288503256,0.368763557483731
221,0.3259219088937093,0.21701375841539783,0.23956509111467414,0.12665002693110453,0.43980477223427333,0.11224403977394104,0.07396106701344252,0.0,0.07251349557191133,1.1665970060275868,"[0.6220173835754395, 0.7283080220222473, 0.7077006697654724, 0.7114967703819275]",1.1626,0.37581344902386116,0.40455531453362253,0.4224511930585683,0.4202819956616052,0.41865509761388287,0.41865509761388287,0.35954446854663774
222,0.2960954446854664,0.194897420993714,0.21805715982421112,0.12901607639756996,0.420824295010846,0.11074849963188171,0.07376081310212612,0.0,0.07256390154361725,1.1695175250060856,"[0.6220173835754395, 0.7283080220222473, 0.7077006697654724, 0.7114967703819275]",0.8378,0.3546637744034707,0.3676789587852495,0.4164859002169197,0.4181127982646421,0.4235357917570499,0.4235357917570499,0.346529284164859
223,0.368763557483731,0.25381087598000907,0.2354976345046428,0.17428445918193033,0.43383947939262474,0.11152396351099014,0.07297108322381973,0.0,0.07255665864795446,1.0147764750290662,"[0.6220173835754395, 0.7283080220222473, 0.7077006697654724, 0.7114967703819275]",0.8409,0.42516268980477223,0.43655097613882865,0.46691973969631234,0.47993492407809113,0.47668112798264645,0.47668112798264645,0.4154013015184382
224,0.33134490238611713,0.2203320782667738,0.21679155568532765,0.1199661239961634,0.420824295010846,0.11358225345611572,0.07397161424160004,0.0,0.0725262239575386,0.9769517200766131,"[0.6220173835754395, 0.7283080220222473, 0.7077006697654724, 0.7114967703819275]",0.8158,0.4831887201735358,0.48752711496746204,0.5103036876355749,0.5037960954446855,0.5,0.5,0.4772234273318872
225,0.30422993492407807,0.20669662362240415,0.22125932350379685,0.10768768819078033,0.42190889370932755,0.11246758699417114,0.07376612722873688,0.0,0.07252229563891888,0.9853081780020148,"[0.6220173835754395, 0.7283080220222473, 0.7077006697654724, 0.7114967703819275]",0.7985,0.41106290672451196,0.41052060737527113,0.41323210412147504,0.3920824295010846,0.40130151843817785,0.40130151843817785,0.40726681127982645
226,0.3286334056399132,0.2210887626456488,0.2266578520495639,0.12234780678606204,0.43926247288503256,0.1135496273636818,0.07413442339748144,0.0,0.07250148802995682,1.0139772279653698,"[0.6220173835754395, 0.7283080220222473, 0.7077006697654724, 0.7114967703819275]",0.8407,0.39316702819956617,0.39370932754880694,0.40835140997830804,0.443058568329718,0.43872017353579174,0.43872017353579174,0.3915401301518438
227,0.29718004338394793,0.19364695466275084,0.20607028575918557,0.10538385806909124,0.41865509761388287,0.11253085732460022,0.07353393360972404,0.0,0.07248540688306093,1.0032847949769348,"[0.6220173835754395, 0.7283080220222473, 0.7077006697654724, 0.7114967703819275]",0.8279,0.4029284164859002,0.4197396963123644,0.44739696312364424,0.4463123644251627,0.4370932754880694,0.4370932754880694,0.3915401301518438
228,0.3405639913232104,0.23663778062609686,0.24028159678122707,0.121191211951773,0.4419739696312364,0.11408649384975433,0.07399368286132812,0.0,0.07246940582990646,1.0484213199233636,"[0.6220173835754395, 0.7283080220222473, 0.7077006697654724, 0.7114967703819275]",0.8569,0.4018438177874187,0.4175704989154013,0.4490238611713666,0.4360086767895879,0.46637744034707157,0.46637744034707157,0.39370932754880694
229,0.29989154013015185,0.20186836113736417,0.2252506705190204,0.09469946912715187,0.43872017353579174,0.11505074799060822,0.07359158154577017,0.0,0.07245913241058588,1.0746256530983374,"[0.6220173835754395, 0.7283080220222473, 0.7077006697654724, 0.7114967703819275]",0.8164,0.4213665943600868,0.4370932754880694,0.4642082429501085,0.4642082429501085,0.4745119305856833,0.4745119305856833,0.41106290672451196
230,0.351409978308026,0.24512213321358023,0.23008690201157248,0.12375548759510738,0.44739696312364424,0.1133674830198288,0.0733807235956192,0.0,0.07244940102100372,1.093550296034664,"[0.6220173835754395, 0.7283080220222473, 0.7077006697654724, 0.7114967703819275]",0.7947,0.34544468546637747,0.346529284164859,0.36496746203904556,0.381236442516269,0.40455531453362253,0.40455531453362253,0.346529284164859
231,0.26572668112798264,0.16899144719959625,0.21739844297347807,0.06144491684569934,0.4229934924078091,0.11497892439365387,0.07341109868139029,0.0,0.0724289920181036,1.0151913319714367,"[0.6220173835754395, 0.7283080220222473, 0.7077006697654724, 0.7114967703819275]",0.8333,0.41919739696312364,0.42516268980477223,0.42733188720173537,0.4539045553145336,0.4571583514099783,0.4571583514099783,0.41323210412147504
232,0.33405639913232105,0.23338577409710648,0.22127361397824533,0.12014674146867454,0.4452277657266811,0.11489686369895935,0.07333299145102501,0.0,0.07241164892911911,1.0494599409867078,"[0.6220173835754395, 0.7283080220222473, 0.7077006697654724, 0.7114967703819275]",0.905,0.40130151843817785,0.42950108459869846,0.43275488069414314,0.4116052060737527,0.4202819956616052,0.4202819956616052,0.37635574837310193
233,0.381236442516269,0.2751232701524995,0.21710776078697522,0.16594403253258377,0.4316702819956616,0.11623895168304443,0.07345972675830126,0.0,0.07237869780510664,1.0085933560039848,"[0.6220173835754395, 0.7283080220222473, 0.7077006697654724, 0.7114967703819275]",0.9188,0.4197396963123644,0.42190889370932755,0.44468546637744033,0.45336225596529284,0.47559652928416485,0.47559652928416485,0.4175704989154013
234,0.44143167028199565,0.3217901153012509,0.25930807232544323,0.23135379199766723,0.4490238611713666,0.11529430747032166,0.07342641334980726,0.0,0.07239244412630796,1.0922843220178038,"[0.6220173835754395, 0.7283080220222473, 0.7077006697654724, 0.7114967703819275]",1.1041,0.3383947939262473,0.34164859002169196,0.3492407809110629,0.36496746203904556,0.3888286334056399,0.3888286334056399,0.3324295010845987
235,0.49891540130151846,0.38723969871510855,0.33445692052057124,0.2793717177958695,0.512472885032538,0.11258936673402786,0.07326104957610369,0.0,0.07245383225381374,1.4007217059843242,"[0.6220173835754395, 0.7283080220222473, 0.7077006697654724, 0.7114967703819275]",1.2158,0.38611713665943603,0.39913232104121477,0.41268980477223427,0.39913232104121477,0.4061822125813449,0.4061822125813449,0.3774403470715835
236,0.4864425162689805,0.3737637228157087,0.3392960444595659,0.26246522496149094,0.5021691973969631,0.11180476099252701,0.07388370577245951,0.0,0.07252195291221142,1.3704187360126525,"[0.6220173835754395, 0.7283080220222473, 0.7077006697654724, 0.7114967703819275]",1.2428,0.36550976138828634,0.3752711496746204,0.4300433839479393,0.44739696312364424,0.44685466377440347,0.44685466377440347,0.35900216919739697
237,0.5200650759219089,0.40876023476559664,0.38348063676285604,0.3138663954488945,0.5292841648590022,0.11451001465320587,0.07332274131476879,0.0,0.07251906488090754,1.4359204550273716,"[0.6220173835754395, 0.7283080220222473, 0.7077006697654724, 0.7114967703819275]",0.8631,0.41268980477223427,0.4170281995661605,0.47830802603036876,0.49511930585683295,0.4913232104121475,0.4913232104121475,0.4116052060737527
238,0.4804772234273319,0.3692579707164362,0.33852046759063253,0.3042813119842362,0.5140997830802603,0.11208534240722656,0.07334393262863159,0.0,0.07249259110540152,1.013395613990724,"[0.6220173835754395, 0.7283080220222473, 0.7077006697654724, 0.7114967703819275]",0.9135,0.4154013015184382,0.4224511930585683,0.43655097613882865,0.4376355748373102,0.4495661605206074,0.4495661605206074,0.4067245119305857
239,0.4658351409978308,0.35732533206898265,0.34186068804019365,0.2716718194697129,0.5027114967462039,0.11371470987796783,0.0732058510184288,0.0,0.07246533408761024,1.0188637119717896,"[0.6220173835754395, 0.7283080220222473, 0.7077006697654724, 0.7114967703819275]",0.9089,0.3855748373101952,0.4007592190889371,0.40835140997830804,0.42787418655097614,0.4360086767895879,0.4360086767895879,0.37310195227765725
240,0.4289587852494577,0.31633223234251195,0.32715627662733393,0.21811674284271812,0.470173535791757,0.11438342928886414,0.0732200238853693,0.0,0.07242507301270962,1.0279295820510015,"[0.6220173835754395, 0.7283080220222473, 0.7077006697654724, 0.7114967703819275]",0.8347,0.4262472885032538,0.43546637744034705,0.4539045553145336,0.4658351409978308,0.46691973969631234,0.46691973969631234,0.41919739696312364
241,0.4712581344902386,0.3625144000689289,0.35138638619169404,0.26021782207097177,0.49837310195227763,0.11307916790246964,0.07311566919088364,0.0,0.07240132614970207,1.0561303679132834,"[0.6220173835754395, 0.7283080220222473, 0.7077006697654724, 0.7114967703819275]",0.8533,0.3693058568329718,0.38286334056399135,0.39316702819956617,0.3915401301518438,0.3872017353579176,0.3872017353579176,0.3627982646420824
242,0.5108459869848156,0.40560450418738625,0.3656027179683898,0.33053747760185936,0.5385032537960954,0.11439575254917145,0.07304397318512201,0.0,0.072381685487926,1.032012291951105,"[0.6220173835754395, 0.7283080220222473, 0.7077006697654724, 0.7114967703819275]",0.8214,0.39804772234273317,0.42190889370932755,0.44739696312364424,0.45770065075921906,0.43980477223427333,0.43980477223427333,0.3866594360086768
243,0.4625813449023861,0.3415303746105276,0.3008799630173515,0.27182022879745144,0.47668112798264645,0.1156797856092453,0.07318305782973766,0.0,0.07236214354634285,0.9676190390018746,"[0.6220173835754395, 0.7283080220222473, 0.7077006697654724, 0.7114967703819275]",0.8555,0.3600867678958785,0.3823210412147505,0.41594360086767895,0.420824295010846,0.425704989154013,0.425704989154013,0.351409978308026
244,0.49837310195227763,0.39025610887808837,0.34694326144586,0.35796850038071215,0.5439262472885033,0.11534439772367477,0.07314613554626703,0.0,0.07234881352633238,0.9927215659990907,"[0.6220173835754395, 0.7283080220222473, 0.7077006697654724, 0.7114967703819275]",0.8324,0.28633405639913234,0.3091106290672451,0.3834056399132321,0.38286334056399135,0.3481561822125813,0.3481561822125813,0.2765726681127983
245,0.5092190889370932,0.4009271015852195,0.33484752441943744,0.36057256659987313,0.527114967462039,0.11661405116319656,0.073208037763834,0.0,0.07232183869928122,1.0120752929942682,"[0.6220173835754395, 0.7283080220222473, 0.7077006697654724, 0.7114967703819275]",1.0797,0.31941431670281994,0.33893709327548804,0.37418655097613884,0.3779826464208243,0.3633405639913232,0.3633405639913232,0.31344902386117135
246,0.5260303687635575,0.4166403037013604,0.35142111903865414,0.37143592948300325,0.5330802603036876,0.11637304723262787,0.0731021799147129,0.0,0.0722994152456522,1.0174970920197666,"[0.6220173835754395, 0.7283080220222473, 0.7077006697654724, 0.7114967703819275]",0.8906,0.34544468546637747,0.3497830802603037,0.38286334056399135,0.3752711496746204,0.39316702819956617,0.39316702819956617,0.3438177874186551
247,0.5249457700650759,0.4147215283710839,0.35924522672937576,0.3539214423404522,0.5330802603036876,0.1145516037940979,0.07301630266010761,0.0,0.07227744907140732,1.0112540760310367,"[0.6220173835754395, 0.7283080220222473, 0.7077006697654724, 0.7114967703819275]",0.908,0.34164859002169196,0.3611713665943601,0.38774403470715835,0.38774403470715835,0.3834056399132321,0.3834056399132321,0.3259219088937093
248,0.512472885032538,0.40281704347324887,0.36863877856852956,0.3545342671170463,0.5477223427331888,0.11306500434875488,0.07326565776020288,0.0,0.07224994711577892,1.0312512640375644,"[0.6220173835754395, 0.7283080220222473, 0.7077006697654724, 0.7114967703819275]",0.9051,0.29989154013015185,0.3275488069414317,0.3915401301518438,0.4029284164859002,0.36984815618221256,0.36984815618221256,0.2933839479392625
249,0.5075921908893709,0.39647027357866904,0.3486590574445482,0.3563877454772143,0.5401301518438177,0.11404959857463837,0.07326088100671768,0.0,0.07223816681653261,1.009934930014424,"[0.6220173835754395, 0.7283080220222473, 0.7077006697654724, 0.7114967703819275]",0.8696,0.30856832971800435,0.31182212581344904,0.3188720173535792,0.346529284164859,0.3606290672451193,0.3606290672451193,0.3063991323210412
250,0.47559652928416485,0.3676665783671973,0.3452109744841646,0.3640079410418911,0.5428416485900217,0.11848986893892288,0.07338818721473217,0.0,0.07221262995153666,1.0051462160190567,"[0.6220173835754395, 0.7283080220222473, 0.7077006697654724, 0.7114967703819275]",0.8716,0.3579175704989154,0.37364425162689807,0.40509761388286336,0.41106290672451196,0.4137744034707158,0.4137744034707158,0.35032537960954446
251,0.4750542299349241,0.3576050545372359,0.3028844336185333,0.30755125500790675,0.48752711496746204,0.11709270626306534,0.07319706212729216,0.0,0.0722025353461504,1.02509719110094,"[0.6220173835754395, 0.7283080220222473, 0.7077006697654724, 0.7114967703819275]",0.8546,0.3383947939262473,0.35195227765726683,0.4137744034707158,0.42950108459869846,0.4229934924078091,0.4229934924078091,0.3438177874186551
252,0.49023861171366595,0.38187269721404804,0.3475659727013869,0.3580856887138371,0.5390455531453362,0.11832839250564575,0.07317800261080265,0.0,0.07218731194734573,1.013158891000785,"[0.6220173835754395, 0.7283080220222473, 0.7077006697654724, 0.7114967703819275]",0.8538,0.36550976138828634,0.37581344902386116,0.4094360086767896,0.4181127982646421,0.41052060737527113,0.41052060737527113,0.36496746203904556
253,0.49511930585683295,0.38480844917091817,0.35143535721975117,0.34144564376961556,0.527114967462039,0.11908429861068726,0.07312631793320179,0.0,0.07217100076377392,0.9979684619465843,"[0.6220173835754395, 0.7283080220222473, 0.7077006697654724, 0.7114967703819275]",0.8474,0.36388286334056397,0.3660520607375271,0.4002169197396963,0.4240780911062907,0.39316702819956617,0.39316702819956617,0.3693058568329718
254,0.47885032537960953,0.3500366962449528,0.30123890520318636,0.28936300353367667,0.49620390455531455,0.11778725683689117,0.07294045388698578,0.0,0.07217156607657671,1.0235195909626782,"[0.6220173835754395, 0.7283080220222473, 0.7077006697654724, 0.7114967703819275]",0.8543,0.3481561822125813,0.35357917570498915,0.40130151843817785,0.42950108459869846,0.4088937093275488,0.4088937093275488,0.34598698481561824
255,0.47288503253796094,0.36147696534408147,0.34184216729766903,0.3011485358942662,0.49837310195227763,0.11585622280836105,0.07298296317458153,0.0,0.0721566779538989,1.037911078077741,"[0.6220173835754395, 0.7283080220222473, 0.7077006697654724, 0.7114967703819275]",0.8378,0.46366594360086766,0.47559652928416485,0.4913232104121475,0.4864425162689805,0.477765726681128,0.477765726681128,0.44739696312364424
256,0.5037960954446855,0.4117390699518202,0.36209773314915084,0.32779806205888373,0.5341648590021691,0.11516289412975311,0.0730743482708931,0.0,0.0721292607486248,0.9809375699842349,"[0.6220173835754395, 0.7283080220222473, 0.7077006697654724, 0.7114967703819275]",0.8546,0.3975054229934924,0.4002169197396963,0.40130151843817785,0.41919739696312364,0.4170281995661605,0.4170281995661605,0.3882863340563991
257,0.5037960954446855,0.3957854742281517,0.354880811957324,0.3055257054910524,0.5238611713665944,0.11619727313518524,0.07316990476101637,0.0,0.07211647555232048,0.9666042119497433,"[0.6220173835754395, 0.7283080220222473, 0.7077006697654724, 0.7114967703819275]",0.8226,0.425704989154013,0.4511930585683297,0.5005422993492408,0.5119305856832972,0.4864425162689805,0.4864425162689805,0.4224511930585683
258,0.49295010845986986,0.3953650993375857,0.32155485759394625,0.31562681956539573,0.5319956616052061,0.11649201810359955,0.07303337659686804,0.0,0.0721045034006238,0.9705970250070095,"[0.6220173835754395, 0.7283080220222473, 0.7077006697654724, 0.7114967703819275]",0.8617,0.3893709327548807,0.40835140997830804,0.46366594360086766,0.45770065075921906,0.4408893709327549,0.4408893709327549,0.38449023861171366
259,0.5509761388286334,0.44606865005826535,0.38600760345247404,0.3862115412596991,0.5547722342733189,0.11657969653606415,0.07313516363501549,0.0,0.07207268755882978,0.9741661369334906,"[0.6220173835754395, 0.7283080220222473, 0.7077006697654724, 0.7114967703819275]",0.8462,0.3839479392624729,0.4018438177874187,0.41594360086767895,0.41106290672451196,0.3969631236442516,0.3969631236442516,0.3606290672451193
260,0.5151843817787418,0.4060566844095175,0.35853949976279686,0.36864839451527615,0.5325379609544468,0.11577596515417099,0.0732235936447978,0.0,0.07205379102379084,1.111107986071147,"[0.6220173835754395, 0.7283080220222473, 0.7077006697654724, 0.7114967703819275]",0.8741,0.37906724511930584,0.39099783080260303,0.3774403470715835,0.37364425162689807,0.37093275488069416,0.37093275488069416,0.3546637744034707
261,0.460412147505423,0.3540773869350272,0.3149191950158699,0.2891427983562152,0.4956616052060738,0.11603304743766785,0.07271365076303482,0.0,0.07212251983582973,1.0694037029752508,"[0.6220173835754395, 0.7283080220222473, 0.7077006697654724, 0.7114967703819275]",0.8816,0.45607375271149675,0.4761388286334056,0.5086767895878525,0.5037960954446855,0.5,0.5,0.4506507592190889
262,0.42787418655097614,0.3215074419272981,0.32025168086814243,0.2746143978119457,0.5130151843817787,0.11391628533601761,0.07294404320418835,0.0,0.07207768969237804,0.992041721008718,"[0.6220173835754395, 0.7283080220222473, 0.7077006697654724, 0.7114967703819275]",0.8699,0.3703904555314534,0.3834056399132321,0.420824295010846,0.42950108459869846,0.4181127982646421,0.4181127982646421,0.3546637744034707
263,0.47559652928416485,0.37125228885015704,0.37401970260610384,0.2893060908279406,0.5368763557483731,0.11947422474622726,0.07308455929160118,0.0,0.07204659935086966,1.092984467977658,"[0.6220173835754395, 0.7283080220222473, 0.7077006697654724, 0.7114967703819275]",0.8274,0.4078091106290672,0.4213665943600868,0.4549891540130152,0.48752711496746204,0.46746203904555317,0.46746203904555317,0.398590021691974
264,0.43546637744034705,0.32179463308763334,0.3498602501553961,0.25477718605683264,0.529826464208243,0.11533504724502563,0.07314866594970226,0.0,0.0720311040058732,1.312204972957261,"[0.6220173835754395, 0.7283080220222473, 0.7077006697654724, 0.7114967703819275]",0.8354,0.37852494577006507,0.3866594360086768,0.4148590021691974,0.43383947939262474,0.4235357917570499,0.4235357917570499,0.3665943600867679
265,0.5200650759219089,0.41561148193772024,0.3599622636628718,0.366834928313158,0.5477223427331888,0.11778292059898376,0.07296715769916773,0.0,0.07201725896447897,0.9603974199853837,"[0.6220173835754395, 0.7283080220222473, 0.7077006697654724, 0.7114967703819275]",0.8373,0.4116052060737527,0.4094360086767896,0.4078091106290672,0.4300433839479393,0.4202819956616052,0.4202819956616052,0.4029284164859002
266,0.4522776572668113,0.339602436723897,0.38493819723516176,0.28300204387929573,0.5433839479392625,0.11575177311897278,0.07307261135429144,0.0,0.07198234833776951,1.079592386027798,"[0.6220173835754395, 0.7283080220222473, 0.7077006697654724, 0.7114967703819275]",0.8346,0.41106290672451196,0.4088937093275488,0.4224511930585683,0.43655097613882865,0.420824295010846,0.420824295010846,0.4094360086767896
267,0.5037960954446855,0.39712271396612486,0.36098549592567675,0.37583237531708713,0.5379609544468547,0.12142220139503479,0.07326314970850945,0.0,0.0719299167394638,1.0411819400032982,"[0.6220173835754395, 0.7283080220222473, 0.7077006697654724, 0.7114967703819275]",0.8311,0.36388286334056397,0.3752711496746204,0.4121475054229935,0.4349240780911063,0.4067245119305857,0.4067245119305857,0.3541214750542299
268,0.48101952277657267,0.37363285617437547,0.3478400249149077,0.30261777514116733,0.5368763557483731,0.12348559498786926,0.07303178030997515,0.0,0.07193507067859173,1.0112090019974858,"[0.6220173835754395, 0.7283080220222473, 0.7077006697654724, 0.7114967703819275]",0.8651,0.3915401301518438,0.40563991323210413,0.4419739696312364,0.45281995661605207,0.4284164859002169,0.4284164859002169,0.37689804772234275
269,0.4945770065075922,0.38963427237683534,0.36296389394244677,0.3241270575565346,0.5330802603036876,0.11408668756484985,0.0731377974152565,0.0,0.07192512415349483,0.9897732679964975,"[0.6220173835754395, 0.7283080220222473, 0.7077006697654724, 0.7114967703819275]",0.7886,0.41431670281995664,0.4061822125813449,0.4490238611713666,0.46746203904555317,0.4761388286334056,0.4761388286334056,0.4061822125813449
270,0.5059652928416486,0.40371327702767457,0.366061194118731,0.36981448074632944,0.5460954446854663,0.12302602827548981,0.07297156378626823,0.0,0.07188750430941582,1.0399214959470555,"[0.6220173835754395, 0.7283080220222473, 0.7077006697654724, 0.7114967703819275]",0.771,0.3806941431670282,0.37906724511930584,0.4088937093275488,0.4463123644251627,0.44468546637744033,0.44468546637744033,0.37852494577006507
271,0.5081344902386117,0.4011126182192666,0.38668041884970045,0.31728107179780035,0.5558568329718004,0.11742467433214188,0.07306952029466629,0.0,0.07189475279301405,1.0309698350029066,"[0.6220173835754395, 0.7283080220222473, 0.7077006697654724, 0.7114967703819275]",0.7752,0.42516268980477223,0.42462039045553146,0.4289587852494577,0.4267895878524946,0.43275488069414314,0.43275488069414314,0.4229934924078091
272,0.4837310195227766,0.374463319354426,0.33535085667565767,0.3258273345132681,0.53470715835141,0.11847744882106781,0.07306330930441618,0.0,0.07187652122229338,1.0135285459691659,"[0.6220173835754395, 0.7283080220222473, 0.7077006697654724, 0.7114967703819275]",0.826,0.35900216919739697,0.3606290672451193,0.3893709327548807,0.4061822125813449,0.3855748373101952,0.3855748373101952,0.3573752711496746
273,0.47234273318872017,0.3712227886233509,0.33623338591344093,0.28270059340003656,0.5352494577006508,0.1168428361415863,0.07292516250163317,0.0,0.0718728331848979,1.0000321510015056,"[0.6220173835754395, 0.7283080220222473, 0.7077006697654724, 0.7114967703819275]",0.8636,0.3855748373101952,0.3942516268980477,0.4262472885032538,0.43275488069414314,0.4267895878524946,0.4267895878524946,0.38015184381778744
274,0.4582429501084599,0.3640569317620449,0.35112026512523004,0.3161371155691656,0.5775488069414316,0.12012737989425659,0.07290835957974195,0.0,0.07183955237269402,1.060314294998534,"[0.6220173835754395, 0.7283080220222473, 0.7077006697654724, 0.7114967703819275]",0.8529,0.3324295010845987,0.3470715835140998,0.3779826464208243,0.3839479392624729,0.3600867678958785,0.3600867678958785,0.3286334056399132
275,0.4761388286334056,0.3773745559176723,0.3578046873387588,0.3144446594107307,0.5639913232104121,0.11801739037036896,0.07291467301547527,0.0,0.07183237839490175,0.9628583169542253,"[0.6220173835754395, 0.7283080220222473, 0.7077006697654724, 0.7114967703819275]",0.8321,0.3839479392624729,0.3899132321041215,0.39370932754880694,0.3823210412147505,0.3660520607375271,0.3660520607375271,0.38015184381778744
276,0.4267895878524946,0.33462259419996465,0.3313652708225238,0.27714199494326364,0.5623644251626898,0.11664944887161255,0.07295068353414536,0.0,0.07182325050234795,0.9765373379923403,"[0.6220173835754395, 0.7283080220222473, 0.7077006697654724, 0.7114967703819275]",0.8459,0.36225596529284165,0.3660520607375271,0.37635574837310193,0.4213665943600868,0.42733188720173537,0.42733188720173537,0.35900216919739697
277,0.4658351409978308,0.36011696112451774,0.323707578377804,0.32311295397210144,0.5341648590021691,0.12156704813241959,0.07289991248399019,0.0,0.07179469149559736,1.0330093320226297,"[0.6220173835754395, 0.7283080220222473, 0.7077006697654724, 0.7114967703819275]",0.8039,0.40997830802603036,0.4154013015184382,0.41431670281995664,0.39045553145336226,0.39913232104121477,0.39913232104121477,0.40455531453362253
278,0.4913232104121475,0.38942078579855255,0.3380845038131563,0.31697818982443265,0.529826464208243,0.12025275081396103,0.07278251089155674,0.0,0.0718097910284996,1.0348935790825635,"[0.6220173835754395, 0.7283080220222473, 0.7077006697654724, 0.7114967703819275]",0.8693,0.3492407809110629,0.3693058568329718,0.37093275488069416,0.38177874186550975,0.3947939262472885,0.3947939262472885,0.3411062906724512
279,0.4880694143167028,0.3873730436340306,0.3573673342860241,0.32988991184932315,0.559652928416486,0.1208401769399643,0.07276001013815403,0.0,0.0717961834743619,1.0198107049800456,"[0.6220173835754395, 0.7283080220222473, 0.7077006697654724, 0.7114967703819275]",0.8609,0.4164859002169197,0.41323210412147504,0.420824295010846,0.420824295010846,0.4349240780911063,0.4349240780911063,0.41865509761388287
280,0.48156182212581344,0.36756018686935,0.32051107428798703,0.307408048261646,0.5059652928416486,0.12023577094078064,0.07272809091955423,0.0,0.07178170140832663,1.0531294440152124,"[0.6220173835754395, 0.7283080220222473, 0.7077006697654724, 0.7114967703819275]",0.8366,0.42733188720173537,0.43926247288503256,0.4376355748373102,0.43221258134490237,0.4170281995661605,0.4170281995661605,0.4088937093275488
281,0.49837310195227763,0.398817796008308,0.3635466346961011,0.33463093621283624,0.5455531453362256,0.11702696979045868,0.07291356101632118,0.0,0.07177060190588236,1.0165808320743963,"[0.6220173835754395, 0.7283080220222473, 0.7077006697654724, 0.7114967703819275]",0.8304,0.4403470715835141,0.4517353579175705,0.4506507592190889,0.4506507592190889,0.42462039045553146,0.42462039045553146,0.4349240780911063
282,0.4522776572668113,0.34900979889784245,0.33451134852620173,0.324975279928441,0.5292841648590022,0.12047392129898071,0.07286357507109642,0.0,0.07175790332257748,1.027013711980544,"[0.6220173835754395, 0.7283080220222473, 0.7077006697654724, 0.7114967703819275]",0.7971,0.398590021691974,0.40726681127982645,0.41052060737527113,0.39316702819956617,0.38015184381778744,0.38015184381778744,0.3855748373101952
283,0.4522776572668113,0.3460166301477612,0.3448098553956484,0.33141583951694437,0.5401301518438177,0.11505687236785889,0.07269646320492029,0.0,0.0717428382486105,1.0403267600340769,"[0.6220173835754395, 0.7283080220222473, 0.7077006697654724, 0.7114967703819275]",0.8393,0.43817787418655096,0.4408893709327549,0.4408893709327549,0.42787418655097614,0.41919739696312364,0.41919739696312364,0.4343817787418655
284,0.5195227765726681,0.4132897037044486,0.36614430089038813,0.35873595301685096,0.5374186550976139,0.11767923831939697,0.07280455715954304,0.0,0.07172814477235079,1.0161486950237304,"[0.6220173835754395, 0.7283080220222473, 0.7077006697654724, 0.7114967703819275]",0.8527,0.39967462039045554,0.40455531453362253,0.4078091106290672,0.4018438177874187,0.3942516268980477,0.3942516268980477,0.398590021691974
285,0.5341648590021691,0.4274827756456919,0.39722079158570217,0.3703544420591043,0.5520607375271149,0.11639988422393799,0.07296575792133808,0.0,0.07170743960887194,1.0027537608984858,"[0.6220173835754395, 0.7283080220222473, 0.7077006697654724, 0.7114967703819275]",0.8488,0.36984815618221256,0.37147505422993493,0.37418655097613884,0.3584598698481562,0.3584598698481562,0.3584598698481562,0.36225596529284165
286,0.5178958785249458,0.41229251364121977,0.36517327334370336,0.3710570362825972,0.5417570498915402,0.12069268524646759,0.07278558053076267,0.0,0.07171609718352556,0.9969563459744677,"[0.6220173835754395, 0.7283080220222473, 0.7077006697654724, 0.7114967703819275]",0.8092,0.37310195227765725,0.38611713665943603,0.398590021691974,0.3720173535791757,0.37635574837310193,0.37635574837310193,0.3573752711496746
287,0.5086767895878525,0.4045296923568793,0.3444075595118587,0.3495112454588054,0.5336225596529284,0.12238883972167969,0.07287835795432329,0.0,0.07169431820511818,0.9862485131016001,"[0.6220173835754395, 0.7283080220222473, 0.7077006697654724, 0.7114967703819275]",0.8259,0.43655097613882865,0.4511930585683297,0.4625813449023861,0.43980477223427333,0.4349240780911063,0.4349240780911063,0.4262472885032538
288,0.5005422993492408,0.3992133956220988,0.361649082429131,0.324692753450249,0.5314533622559653,0.1208561509847641,0.07286735530942678,0.0,0.07168978545814753,0.9856579840416089,"[0.6220173835754395, 0.7283080220222473, 0.7077006697654724, 0.7114967703819275]",0.8384,0.41865509761388287,0.4343817787418655,0.43221258134490237,0.4235357917570499,0.4061822125813449,0.4061822125813449,0.40130151843817785
289,0.5092190889370932,0.40851224607410375,0.3688515986963961,0.3611175155952383,0.5422993492407809,0.12237071990966797,0.07284483406692743,0.0,0.07166933547705412,1.0822123169200495,"[0.6220173835754395, 0.7283080220222473, 0.7077006697654724, 0.7114967703819275]",0.8628,0.3270065075921909,0.3318872017353579,0.34436008676789587,0.3627982646420824,0.3573752711496746,0.3573752711496746,0.31941431670281994
290,0.4972885032537961,0.3957782652556986,0.35961301849692967,0.3427782502637789,0.5368763557483731,0.11808009445667267,0.07280866336077452,0.0,0.07166829705238342,0.938677558908239,"[0.6220173835754395, 0.7283080220222473, 0.7077006697654724, 0.7114967703819275]",0.8628,0.3926247288503254,0.41431670281995664,0.4235357917570499,0.41594360086767895,0.40455531453362253,0.40455531453362253,0.36822125813449025
291,0.5081344902386117,0.3980796222585312,0.3507895797814876,0.3758791446415241,0.5558568329718004,0.11711522191762924,0.0727269072085619,0.0,0.07165558263659477,1.0736274750670418,"[0.6220173835754395, 0.7283080220222473, 0.7077006697654724, 0.7114967703819275]",0.8178,0.3552060737527115,0.37689804772234275,0.38449023861171366,0.3752711496746204,0.3579175704989154,0.3579175704989154,0.3362255965292842
292,0.5086767895878525,0.4034446484543217,0.35337708410972263,0.37622612185731913,0.5536876355748374,0.11785468459129333,0.07284017372876406,0.0,0.07162643782794476,1.0203154709888622,"[0.6220173835754395, 0.7283080220222473, 0.7077006697654724, 0.7114967703819275]",0.8454,0.3405639913232104,0.3421908893709328,0.3899132321041215,0.4175704989154013,0.37581344902386116,0.37581344902386116,0.33947939262472887
293,0.5021691973969631,0.4007052226124391,0.3634131574313672,0.3728573280225971,0.53470715835141,0.11910880357027054,0.07271687313914299,0.0,0.07163817156106234,0.9466627339133993,"[0.6220173835754395, 0.7283080220222473, 0.7077006697654724, 0.7114967703819275]",0.8501,0.3411062906724512,0.33676789587852496,0.3275488069414317,0.34761388286334055,0.35086767895878523,0.35086767895878523,0.34436008676789587
294,0.5238611713665944,0.42225711369783814,0.36894525796583083,0.37895753710679264,0.5466377440347071,0.11784842610359192,0.07268358673900366,0.0,0.07162883039563894,0.9661670720670372,"[0.6220173835754395, 0.7283080220222473, 0.7077006697654724, 0.7114967703819275]",0.8154,0.3958785249457701,0.40455531453362253,0.42516268980477223,0.4349240780911063,0.44251626898047725,0.44251626898047725,0.3926247288503254
295,0.4522776572668113,0.352313281117959,0.3558370121974369,0.30657092167774763,0.5303687635574837,0.1181001216173172,0.0727109732106328,0.0,0.07162288296967745,1.0398380489787087,"[0.6220173835754395, 0.7283080220222473, 0.7077006697654724, 0.7114967703819275]",0.8629,0.37852494577006507,0.3855748373101952,0.43221258134490237,0.4300433839479393,0.42516268980477223,0.42516268980477223,0.37364425162689807
296,0.4343817787418655,0.32988466219363777,0.34356924355189516,0.2652162330076349,0.5206073752711496,0.11853694170713425,0.07273439131677151,0.0,0.0716136833652854,1.0174902549479157,"[0.6220173835754395, 0.7283080220222473, 0.7077006697654724, 0.7114967703819275]",0.8261,0.43546637744034705,0.4436008676789588,0.48156182212581344,0.48590021691973967,0.4940347071583514,0.4940347071583514,0.425704989154013
297,0.5097613882863341,0.40641332103175176,0.36954747573338714,0.397007250152221,0.5401301518438177,0.11925655603408813,0.0726568577811122,0.0,0.07160380389541388,1.0345229220110923,"[0.6220173835754395, 0.7283080220222473, 0.7077006697654724, 0.7114967703819275]",0.9035,0.4267895878524946,0.4419739696312364,0.47993492407809113,0.4940347071583514,0.4913232104121475,0.4913232104121475,0.4170281995661605
298,0.43275488069414314,0.32854066981481833,0.3776826649964489,0.2657920548955514,0.5536876355748374,0.1162559986114502,0.07261435315012932,0.0,0.07159197144210339,1.1396745688980445,"[0.6220173835754395, 0.7283080220222473, 0.7077006697654724, 0.7114967703819275]",0.9006,0.34598698481561824,0.35195227765726683,0.39642082429501085,0.4002169197396963,0.40509761388286336,0.40509761388286336,0.34164859002169196
299,0.4202819956616052,0.3211861669413507,0.35909571523959405,0.26273083885310616,0.544468546637744,0.11956922709941864,0.07277520466595888,0.0,0.07154558226466179,0.9942588519770652,"[0.6220173835754395, 0.7283080220222473, 0.7077006697654724, 0.7114967703819275]",0.8368,0.4408893709327549,0.44739696312364424,0.47993492407809113,0.4880694143167028,0.4848156182212581,0.4848156182212581,0.4349240780911063
300,0.47668112798264645,0.375159988271916,0.3758903961687412,0.3262388065818948,0.5504338394793926,0.12067602574825287,0.07260705437511206,0.0,0.07157263904809952,0.9608812209917232,"[0.6220173835754395, 0.7283080220222473, 0.7077006697654724, 0.7114967703819275]",,,,,,,,
