round,ACC,Kappa,NMI,ARI,PURITY,alignment_loss,mean_reconstruction_loss,mean_consensus_loss,mean_local_total_loss,round_seconds,observed_rates,completion_eval_seconds,C025_ACC,C050_ACC,C075_ACC,C100_ACC,D0_ACC,E0_ACC,G0_ACC
1,0.29983342587451417,0.1565414746868964,0.14346753998286263,0.06110466352748354,0.40199888950583007,0.10647077113389969,0.25984078645706177,0.0,0.24073712527751923,1.5196432349039242,"[0.7312604188919067, 0.7695724368095398]",0.5613,0.305941143808995,0.2903942254303165,0.2853970016657413,0.3392559689061632,0.3225985563575791,0.3225985563575791,0.305941143808995
2,0.390893947806774,0.2357692411835015,0.14390685071349746,0.14245243000507363,0.43642420877290394,0.0605185404419899,0.23684292286634445,0.0,0.2210192307829857,0.6659537439700216,"[0.7312604188919067, 0.7695724368095398]",0.7159,0.3231538034425319,0.3320377568017768,0.28373126041088287,0.30927262631871183,0.2870627429205997,0.2870627429205997,0.3220433092726263
3,0.41921154913936703,0.25058339134758834,0.1740750530197441,0.10554966577630083,0.4652970571904497,0.06183367967605591,0.21781428903341293,0.0,0.20495449006557465,0.4483486090321094,"[0.7312604188919067, 0.7695724368095398]",0.5247,0.3475846751804553,0.34925041643531374,0.33092726263187117,0.3220433092726263,0.29539144919489174,0.29539144919489174,0.3475846751804553
4,0.3392559689061632,0.2076401415399699,0.17244393019727147,0.09229088786076732,0.43475846751804553,0.05587874725461006,0.2022625207901001,0.0,0.19174444675445557,0.43992744805291295,"[0.7312604188919067, 0.7695724368095398]",0.5835,0.33148250971682397,0.3387007218212104,0.3331482509716824,0.34925041643531374,0.3609106052193226,0.3609106052193226,0.33148250971682397
5,0.36812881732370906,0.2238841577225975,0.1629224662934152,0.10227666834315262,0.4458634092171016,0.05282537639141083,0.18932246416807175,0.0,0.1805237978696823,0.4372966040391475,"[0.7312604188919067, 0.7695724368095398]",0.4688,0.3586896168795114,0.3614658523042754,0.3581343697945586,0.3448084397556913,0.3348139922265408,0.3348139922265408,0.3586896168795114
6,0.3775680177679067,0.23144381916181855,0.1643303621972911,0.12795333936949022,0.4619655746807329,0.05328112468123436,0.17821092903614044,0.0,0.1706676334142685,0.4410768789239228,"[0.7312604188919067, 0.7695724368095398]",0.4931,0.32593003886729593,0.3048306496390894,0.3470294280955025,0.34869516935036093,0.32648528595224874,0.32648528595224874,0.32481954469739033
7,0.3747917823431427,0.21367952859375716,0.13924301478780235,0.10989725785784987,0.44031093836757357,0.054051198065280914,0.16844704747200012,0.0,0.1618848368525505,0.4937414509477094,"[0.7312604188919067, 0.7695724368095398]",0.6152,0.34314269850083284,0.3448084397556913,0.3475846751804553,0.300388672959467,0.30927262631871183,0.30927262631871183,0.34314269850083284
8,0.31093836757357024,0.1540690236735215,0.1477428567314555,0.04648763256309703,0.4336479733481399,0.06162968650460243,0.15970325469970703,0.0,0.15393855422735214,0.6421179730677977,"[0.7312604188919067, 0.7695724368095398]",0.5405,0.3053858967240422,0.2915047196002221,0.3037201554691838,0.31482509716823986,0.32648528595224874,0.32648528595224874,0.3053858967240422
9,0.33037201554691836,0.1744824566604486,0.10471416025017145,0.07918790577427215,0.3925596890616324,0.05692066252231598,0.15180359780788422,0.0,0.14669492095708847,0.521332988049835,"[0.7312604188919067, 0.7695724368095398]",0.5279,0.3453636868406441,0.3464741810105497,0.3337034980566352,0.3209328151027207,0.31038312048861744,0.31038312048861744,0.3453636868406441
10,0.3348139922265408,0.16577428868814248,0.10527451401258796,0.05945361662136974,0.4058856191004997,0.04581507295370102,0.14456701651215553,0.0,0.1399655006825924,0.4617246009875089,"[0.7312604188919067, 0.7695724368095398]",0.6141,0.3620210993892282,0.3631315935591338,0.36923931149361466,0.32926152137701276,0.32593003886729593,0.32593003886729593,0.3620210993892282
11,0.3320377568017768,0.15481170732011784,0.08953436359942604,0.07797304017068821,0.39589117157134923,0.045503757894039154,0.13788432255387306,0.0,0.1337290070950985,0.5760716639924794,"[0.7312604188919067, 0.7695724368095398]",0.5555,0.35424764019988897,0.3553581343697946,0.3720155469183787,0.3242642976124375,0.32648528595224874,0.32648528595224874,0.35424764019988897
12,0.3348139922265408,0.1297888679339645,0.11790360563769357,0.05585105533790276,0.4264297612437535,0.04993227496743202,0.1316954419016838,0.0,0.1279418244957924,0.48346464498899877,"[0.7312604188919067, 0.7695724368095398]",0.5399,0.34314269850083284,0.3448084397556913,0.35091615769017215,0.31038312048861744,0.31149361465852304,0.31149361465852304,0.34314269850083284
13,0.29983342587451417,0.12478206849562135,0.08360170109537605,0.0581036792258677,0.3886729594669628,0.04497801512479782,0.12602409720420837,0.0,0.12270495668053627,0.49692938395310193,"[0.7312604188919067, 0.7695724368095398]",0.545,0.305941143808995,0.2892837312604109,0.31371460299833426,0.3064963908939478,0.3214880621876735,0.3214880621876735,0.3076068850638534
14,0.28428650749583567,0.07693430198367601,0.07708020807881132,0.049181659651745126,0.390893947806774,0.042853064835071564,0.12089734524488449,0.0,0.11799367889761925,0.4407435019966215,"[0.7312604188919067, 0.7695724368095398]",0.4934,0.34980566352026654,0.35091615769017215,0.3592448639644642,0.31426985008328706,0.3198223209328151,0.3198223209328151,0.34980566352026654
15,0.2870627429205997,0.1116951662437985,0.08385422147472014,0.06051246092538297,0.40699611327040536,0.04765918478369713,0.1161186695098877,0.0,0.11341356113553047,0.47683842899277806,"[0.7312604188919067, 0.7695724368095398]",0.4983,0.3331482509716824,0.334258745141588,0.303164908384231,0.3331482509716824,0.31482509716823986,0.31482509716823986,0.3331482509716824
16,0.2631871182676291,0.05837170553004856,0.0746590568071951,0.03415135658628869,0.38367573570238755,0.04906047508120537,0.1115831770002842,0.0,0.10900991782546043,0.44843473099172115,"[0.7312604188919067, 0.7695724368095398]",0.462,0.31482509716823986,0.31482509716823986,0.2859522487506941,0.303164908384231,0.29983342587451417,0.29983342587451417,0.31482509716823986
17,0.3026096612992782,0.1176871650453627,0.09139076596467194,0.034539921178265175,0.3903387007218212,0.047303274273872375,0.10722610726952553,0.0,0.10478907078504562,0.45763864601030946,"[0.7312604188919067, 0.7695724368095398]",0.5037,0.34369794558578565,0.3448084397556913,0.34203220433092724,0.3081621321488062,0.31371460299833426,0.31371460299833426,0.34369794558578565
18,0.2881732370905053,0.08287077310517132,0.07911604725380791,0.04225280118996304,0.390893947806774,0.047293685376644135,0.10308820009231567,0.0,0.10075586289167404,0.47970782697666436,"[0.7312604188919067, 0.7695724368095398]",0.5619,0.3198223209328151,0.3203775680177679,0.28428650749583567,0.29650194336479735,0.2915047196002221,0.2915047196002221,0.3198223209328151
19,0.2892837312604109,0.10225145900494037,0.07835926873076964,0.05454895923566498,0.3892282065519156,0.04609004408121109,0.09911303594708443,0.0,0.0968874953687191,0.5401166569208726,"[0.7312604188919067, 0.7695724368095398]",0.5375,0.3064963908939478,0.31038312048861744,0.31593559133814547,0.29594669627984455,0.29483620210993894,0.29483620210993894,0.31038312048861744
20,0.28262076624097726,0.08699386527139341,0.08723554723325783,0.04936707681251473,0.39589117157134923,0.052447281777858734,0.09535832330584526,0.0,0.0932333879172802,0.4629158190218732,"[0.7312604188919067, 0.7695724368095398]",0.5351,0.30927262631871183,0.29983342587451417,0.27429205996668515,0.300388672959467,0.28428650749583567,0.28428650749583567,0.30927262631871183
21,0.31093836757357024,0.1113047516689073,0.08501739429768204,0.06593376717384235,0.4042198778456413,0.05054587870836258,0.09178770333528519,0.0,0.08979563787579536,0.48655642091762275,"[0.7312604188919067, 0.7695724368095398]",0.5002,0.3459189339255969,0.3470294280955025,0.3470294280955025,0.31038312048861744,0.31482509716823986,0.31482509716823986,0.3459189339255969
22,0.3042754025541366,0.13596364439723918,0.09120697159672875,0.01830312366529427,0.3709050527484731,0.049499064683914185,0.08843415975570679,0.0,0.08657211437821388,0.43611767201218754,"[0.7312604188919067, 0.7695724368095398]",0.5259,0.3020544142143254,0.2853970016657413,0.2859522487506941,0.29705719044975015,0.2870627429205997,0.2870627429205997,0.3042754025541366
23,0.29594669627984455,0.11075442662579593,0.07498508615725015,0.03294175781624624,0.37034980566352027,0.04873443767428398,0.08528073132038116,0.0,0.08353587612509727,0.4128230450442061,"[0.7312604188919067, 0.7695724368095398]",0.6105,0.33092726263187117,0.32537479178234313,0.3081621321488062,0.31204886174347585,0.3070516379789006,0.3070516379789006,0.33092726263187117
24,0.31482509716823986,0.12354498230868849,0.10976904064957946,0.0693066093723985,0.4175458078845086,0.049329690635204315,0.08231240883469582,0.0,0.08066166564822197,0.46274472097866237,"[0.7312604188919067, 0.7695724368095398]",0.5894,0.34203220433092724,0.34314269850083284,0.33148250971682397,0.3020544142143254,0.3070516379789006,0.3070516379789006,0.34203220433092724
25,0.31426985008328706,0.05529347155285447,0.08805939609372272,0.023980641209075584,0.36979455857856747,0.04709610342979431,0.07953186705708504,0.0,0.07797931507229805,0.7433685440337285,"[0.7312604188919067, 0.7695724368095398]",0.8853,0.3203775680177679,0.3209328151027207,0.3042754025541366,0.303164908384231,0.2903942254303165,0.2903942254303165,0.3203775680177679
26,0.2792892837312604,0.008194273088130255,0.03391049866066506,0.011812926496612893,0.3353692393114936,0.044259749352931976,0.07693963870406151,0.0,0.0754879005253315,0.7507105629192665,"[0.7312604188919067, 0.7695724368095398]",0.8453,0.32481954469739033,0.32648528595224874,0.31093836757357024,0.2920599666851749,0.28428650749583567,0.28428650749583567,0.32481954469739033
27,0.277623542476402,0.014203607194530954,0.035819059679152214,0.010598979270253316,0.3364797334813992,0.04345252737402916,0.07454662770032883,0.0,0.07317809015512466,0.7339034370379522,"[0.7312604188919067, 0.7695724368095398]",0.537,0.33148250971682397,0.3331482509716824,0.3081621321488062,0.2876179900055525,0.2898389783453637,0.2898389783453637,0.33148250971682397
28,0.30982787340366463,0.14101562035354054,0.11857746707742772,0.0594227612426794,0.42087729039422545,0.05127411708235741,0.07232287898659706,0.0,0.07103898748755455,0.47755209007300436,"[0.7312604188919067, 0.7695724368095398]",0.4884,0.32981676846196556,0.33148250971682397,0.31482509716823986,0.3042754025541366,0.29372570794003333,0.29372570794003333,0.32981676846196556
29,0.3225985563575791,0.15242579839320336,0.11591369841373966,0.02711375494831787,0.3942254303164908,0.04892303794622421,0.07028094306588173,0.0,0.06907656416296959,0.7220735809532925,"[0.7312604188919067, 0.7695724368095398]",0.5343,0.32593003886729593,0.32759578012215435,0.3164908384230983,0.3020544142143254,0.2887284841754581,0.2887284841754581,0.32593003886729593
30,0.3037201554691838,0.1151877771583335,0.07352870158607756,0.037163373212520334,0.36479733481399224,0.049195460975170135,0.06840125098824501,0.0,0.06726639345288277,0.4602726569864899,"[0.7312604188919067, 0.7695724368095398]",0.4921,0.36424208772903943,0.36424208772903943,0.3725707940033315,0.3348139922265408,0.3392559689061632,0.3392559689061632,0.36424208772903943
31,0.2926152137701277,0.04502242734783768,0.05967165232080351,0.03936520881366889,0.3631315935591338,0.048178501427173615,0.06666380539536476,0.0,0.06560856103897095,0.4477199329994619,"[0.7312604188919067, 0.7695724368095398]",0.4874,0.3475846751804553,0.3475846751804553,0.3575791227096058,0.305941143808995,0.3076068850638534,0.3076068850638534,0.3475846751804553
32,0.3064963908939478,0.07072329895544383,0.06739114265221363,0.04938639912853266,0.3770127706829539,0.04409689083695412,0.06508665904402733,0.0,0.06411299854516983,0.4485681309597567,"[0.7312604188919067, 0.7695724368095398]",0.4861,0.3403664630760688,0.3403664630760688,0.3470294280955025,0.29872293170460856,0.300388672959467,0.300388672959467,0.3403664630760688
33,0.3325930038867296,0.07114639599728323,0.05607945444336575,0.05261955559917559,0.36479733481399224,0.04923536628484726,0.06363780796527863,0.0,0.06274916231632233,0.47701629798393697,"[0.7312604188919067, 0.7695724368095398]",0.523,0.32759578012215435,0.32759578012215435,0.3203775680177679,0.280399777901166,0.2809550249861188,0.2809550249861188,0.32759578012215435
34,0.29927817878956137,0.05505344282019431,0.05282169374706409,0.04087010087989649,0.3614658523042754,0.044666700065135956,0.062329504638910294,0.0,0.06151636689901352,0.45087578205857426,"[0.7312604188919067, 0.7695724368095398]",0.5187,0.32593003886729593,0.32593003886729593,0.3209328151027207,0.2787340366463076,0.280399777901166,0.280399777901166,0.32593003886729593
35,0.2876179900055525,0.09522364472455946,0.061215240153532524,0.016443792942367613,0.3564686285397002,0.04829756170511246,0.061131907626986504,0.0,0.06039148569107056,0.45871252403594553,"[0.7312604188919067, 0.7695724368095398]",0.497,0.32537479178234313,0.32537479178234313,0.3220433092726263,0.2781787895613548,0.2792892837312604,0.2792892837312604,0.32537479178234313
36,0.2809550249861188,0.04477755593098853,0.07418820494510969,0.04651710727311378,0.3770127706829539,0.05042930692434311,0.06005585379898548,0.0,0.05939278565347195,0.4390798610402271,"[0.7312604188919067, 0.7695724368095398]",0.5354,0.3203775680177679,0.3176013325930039,0.2920599666851749,0.30927262631871183,0.29705719044975015,0.29705719044975015,0.3203775680177679
37,0.28206551915602446,0.033872441903352035,0.05867744663380277,0.032730357466463966,0.36646307606885065,0.04961326718330383,0.05908627435564995,0.0,0.05849931575357914,0.5059673909563571,"[0.7312604188919067, 0.7695724368095398]",0.5179,0.303164908384231,0.303164908384231,0.2792892837312604,0.305941143808995,0.29483620210993894,0.29483620210993894,0.303164908384231
38,0.29650194336479735,0.11569801148341963,0.06911468002106082,0.040641131292678184,0.362576346474181,0.049513060599565506,0.058215077966451645,0.0,0.057692959904670715,0.4623793170321733,"[0.7312604188919067, 0.7695724368095398]",0.5159,0.3042754025541366,0.3048306496390894,0.28151027207107165,0.3076068850638534,0.2926152137701277,0.2926152137701277,0.3042754025541366
39,0.2859522487506941,0.10321301888100165,0.06786292329550385,0.03549550251966971,0.362576346474181,0.04890182614326477,0.05743278004229069,0.0,0.0569732990115881,0.4521878940286115,"[0.7312604188919067, 0.7695724368095398]",0.6715,0.32537479178234313,0.32648528595224874,0.3048306496390894,0.300388672959467,0.2876179900055525,0.2876179900055525,0.32537479178234313
40,0.29761243753470296,0.11009549150568154,0.06392454978367662,0.031709948000578914,0.3581343697945586,0.04914941266179085,0.0567293968051672,0.0,0.05633657053112984,0.49381331796757877,"[0.7312604188919067, 0.7695724368095398]",0.6557,0.3198223209328151,0.3203775680177679,0.29983342587451417,0.29483620210993894,0.280399777901166,0.280399777901166,0.3198223209328151
41,0.31204886174347585,0.04884869823191429,0.04253103581409119,0.030782007873109172,0.35424764019988897,0.04649895057082176,0.05610579997301102,0.0,0.05576172471046448,0.5707281460054219,"[0.7312604188919067, 0.7695724368095398]",0.5154,0.3242642976124375,0.32481954469739033,0.31371460299833426,0.28151027207107165,0.27262631871182674,0.27262631871182674,0.3242642976124375
42,0.27429205996668515,0.08377842286892223,0.04477443304101629,0.019026843972172348,0.35036091060521934,0.0497945174574852,0.055544538423419,0.0,0.055251969024538994,0.46959753206465393,"[0.7312604188919067, 0.7695724368095398]",0.5024,0.3337034980566352,0.3353692393114936,0.3220433092726263,0.3042754025541366,0.29372570794003333,0.29372570794003333,0.3337034980566352
43,0.27484730705163796,0.08484632958988025,0.04593436495856534,0.01905779540579443,0.35091615769017215,0.04798354208469391,0.055048732087016106,0.0,0.05479721352458,0.4352565120207146,"[0.7312604188919067, 0.7695724368095398]",0.6052,0.339811215991116,0.34147695724597443,0.33037201554691836,0.3020544142143254,0.29428095502498614,0.29428095502498614,0.339811215991116
44,0.3037201554691838,0.033291656518554924,0.059040958343375055,0.025697321711842813,0.3553581343697946,0.04894901439547539,0.05460108257830143,0.0,0.05438418872654438,0.4899263971019536,"[0.7312604188919067, 0.7695724368095398]",0.5177,0.3042754025541366,0.308717379233759,0.2687395891171571,0.2903942254303165,0.27595780122154356,0.27595780122154356,0.3042754025541366
45,0.30927262631871183,0.12594201072303446,0.07173035055601455,0.03880195093163284,0.36757357023875625,0.052469559013843536,0.05420165881514549,0.0,0.054015759378671646,0.46593640092760324,"[0.7312604188919067, 0.7695724368095398]",0.5208,0.357023875624653,0.3586896168795114,0.34980566352026654,0.3225985563575791,0.3214880621876735,0.3214880621876735,0.357023875624653
46,0.31371460299833426,0.12133198548523905,0.06940091508329649,0.01788432713168503,0.3614658523042754,0.050150223076343536,0.05384237505495548,0.0,0.053682031109929085,0.4584404560737312,"[0.7312604188919067, 0.7695724368095398]",0.5111,0.3242642976124375,0.32481954469739033,0.29539144919489174,0.3042754025541366,0.2903942254303165,0.2903942254303165,0.3242642976124375
47,0.2909494725152693,0.010446798559649806,0.050384467196445015,0.012733430839603483,0.3453636868406441,0.04706566035747528,0.05351230502128601,0.0,0.053384605795145035,0.5410066139884293,"[0.7312604188919067, 0.7695724368095398]",0.618,0.31315935591338145,0.31371460299833426,0.3014991671293726,0.31093836757357024,0.3020544142143254,0.3020544142143254,0.31315935591338145
48,0.29428095502498614,0.039789809000023935,0.04812789877143675,0.03408104277843944,0.35202665186007775,0.04574766382575035,0.05322210490703583,0.0,0.05311691761016846,0.4302547760307789,"[0.7312604188919067, 0.7695724368095398]",0.5868,0.3081621321488062,0.3076068850638534,0.2798445308162132,0.29539144919489174,0.28428650749583567,0.28428650749583567,0.3081621321488062
49,0.32870627429205995,0.09755739712656908,0.06509664904358183,0.05903476555557785,0.38200999444752914,0.045397039502859116,0.052961377426981926,0.0,0.05288131162524223,0.45298027095850557,"[0.7312604188919067, 0.7695724368095398]",0.695,0.3470294280955025,0.34925041643531374,0.34314269850083284,0.305941143808995,0.3081621321488062,0.3081621321488062,0.3470294280955025
50,0.2898389783453637,0.0396204475363654,0.051138993017284945,0.03514247704876677,0.3559133814547474,0.04662807285785675,0.05272463522851467,0.0,0.052674029022455215,0.47600595804397017,"[0.7312604188919067, 0.7695724368095398]",0.5609,0.3192670738478623,0.3214880621876735,0.300388672959467,0.31204886174347585,0.29705719044975015,0.29705719044975015,0.3192670738478623
51,0.3231538034425319,0.09990020843890579,0.05667385796162939,0.06301189685713397,0.3709050527484731,0.04774455726146698,0.052512580528855324,0.0,0.052496498450636864,0.4312269020592794,"[0.7312604188919067, 0.7695724368095398]",0.52,0.3048306496390894,0.3070516379789006,0.3348139922265408,0.3470294280955025,0.3325930038867296,0.3325930038867296,0.3048306496390894
52,0.3442531926707385,0.09530130946416016,0.06884088437372825,0.06065132637896541,0.37978900610771793,0.04679710045456886,0.05233217962086201,0.0,0.05233411304652691,0.44749970897100866,"[0.7312604188919067, 0.7695724368095398]",0.5345,0.3192670738478623,0.3198223209328151,0.300388672959467,0.3203775680177679,0.31093836757357024,0.31093836757357024,0.3192670738478623
53,0.2915047196002221,0.016239642604575777,0.04070889859125462,0.020833439476797576,0.34869516935036093,0.047153182327747345,0.05216952785849571,0.0,0.05219123512506485,0.5924130911007524,"[0.7312604188919067, 0.7695724368095398]",0.5157,0.32537479178234313,0.32704053303720154,0.29539144919489174,0.3048306496390894,0.29372570794003333,0.29372570794003333,0.32537479178234313
54,0.3170460855080511,0.11722054163955176,0.06592958749625658,0.01226856521001401,0.3609106052193226,0.05484037473797798,0.0520332008600235,0.0,0.05206230655312538,0.44831503194291145,"[0.7312604188919067, 0.7695724368095398]",0.5244,0.3220433092726263,0.32704053303720154,0.31426985008328706,0.32481954469739033,0.31093836757357024,0.31093836757357024,0.3220433092726263
55,0.29761243753470296,0.10568175394741808,0.05608130009517225,0.02547560657589087,0.3559133814547474,0.05024366453289986,0.05190974287688732,0.0,0.05194475129246712,0.4456644910387695,"[0.7312604188919067, 0.7695724368095398]",0.4738,0.337034980566352,0.34203220433092724,0.32537479178234313,0.3375902276513048,0.32759578012215435,0.32759578012215435,0.337034980566352
56,0.34203220433092724,0.14747758727510885,0.08586918077947653,0.02495468048521377,0.3720155469183787,0.05160492658615112,0.05179986357688904,0.0,0.05184178240597248,0.45250936108641326,"[0.7312604188919067, 0.7695724368095398]",0.4809,0.32593003886729593,0.32704053303720154,0.2926152137701277,0.31038312048861744,0.300388672959467,0.300388672959467,0.32593003886729593
57,0.29761243753470296,0.1046002395053316,0.054295987842654846,0.023297578077979317,0.35313714602998336,0.04921012371778488,0.05169842019677162,0.0,0.05175021477043629,0.45533051900565624,"[0.7312604188919067, 0.7695724368095398]",0.4845,0.32537479178234313,0.32704053303720154,0.2926152137701277,0.31204886174347585,0.3020544142143254,0.3020544142143254,0.32537479178234313
58,0.3337034980566352,0.14090480865932353,0.08388792743404813,0.027259467092098994,0.3731260410882843,0.04973810538649559,0.05160548910498619,0.0,0.05166839621961117,0.48435696796514094,"[0.7312604188919067, 0.7695724368095398]",0.5104,0.32481954469739033,0.32648528595224874,0.2920599666851749,0.31149361465852304,0.3014991671293726,0.3014991671293726,0.32481954469739033
59,0.3242642976124375,0.1345927271291507,0.07451322156629173,0.034003833524250425,0.36868406440866186,0.049203094094991684,0.05152148753404617,0.0,0.05159658379852772,0.4635586040094495,"[0.7312604188919067, 0.7695724368095398]",0.49,0.32648528595224874,0.32926152137701276,0.2920599666851749,0.3064963908939478,0.29872293170460856,0.29872293170460856,0.32648528595224874
60,0.29317046085508053,0.09956436735472951,0.05222244871367159,0.018727878547300087,0.3464741810105497,0.048966750502586365,0.05144512467086315,0.0,0.05153091438114643,0.44038016197737306,"[0.7312604188919067, 0.7695724368095398]",0.5062,0.3220433092726263,0.32537479178234313,0.29761243753470296,0.31371460299833426,0.3048306496390894,0.3048306496390894,0.3220433092726263
61,0.3053858967240422,0.11007840059468965,0.058768034838252534,0.022053894352069763,0.35091615769017215,0.0500003844499588,0.051377858966588974,0.0,0.051470400765538216,0.4643279720330611,"[0.7312604188919067, 0.7695724368095398]",0.5138,0.3164908384230983,0.3192670738478623,0.31093836757357024,0.3203775680177679,0.31260410882842865,0.31260410882842865,0.3164908384230983
62,0.31315935591338145,0.07185988224922968,0.06783913242833291,0.045091168905590576,0.3714602998334259,0.04872826114296913,0.05131936073303223,0.0,0.0514159444719553,0.4534471679944545,"[0.7312604188919067, 0.7695724368095398]",0.5196,0.3237090505274847,0.32926152137701276,0.3014991671293726,0.2892837312604109,0.28151027207107165,0.28151027207107165,0.3237090505274847
63,0.3048306496390894,0.10975875050091688,0.05751358768496487,0.02184030638888168,0.34980566352026654,0.05273596942424774,0.05126458406448364,0.0,0.051372140645980835,0.48191782901994884,"[0.7312604188919067, 0.7695724368095398]",0.5408,0.33148250971682397,0.3392559689061632,0.32759578012215435,0.339811215991116,0.32926152137701276,0.32926152137701276,0.33148250971682397
64,0.3070516379789006,0.11190872721884737,0.06002574291921532,0.023290244689459626,0.35147140477512495,0.04966035112738609,0.051214925944805145,0.0,0.05133361555635929,0.463272700086236,"[0.7312604188919067, 0.7695724368095398]",0.4989,0.3048306496390894,0.3081621321488062,0.32981676846196556,0.3375902276513048,0.32593003886729593,0.32593003886729593,0.3048306496390894
65,0.32815102720710715,0.07663332019812963,0.058977469879605275,0.05703196880590368,0.36701832315380345,0.05217716842889786,0.05117017216980457,0.0,0.05129563808441162,0.45153139194007963,"[0.7312604188919067, 0.7695724368095398]",0.4856,0.3181565796779567,0.32648528595224874,0.2926152137701277,0.2898389783453637,0.280399777901166,0.280399777901166,0.3181565796779567
66,0.3320377568017768,0.06079385481035782,0.040808726916239324,0.044579454487063054,0.35258189894503056,0.04739604890346527,0.05113302543759346,0.0,0.05125625431537628,0.46780045807827264,"[0.7312604188919067, 0.7695724368095398]",0.4912,0.3375902276513048,0.34092171016102163,0.3198223209328151,0.3009439200444198,0.3037201554691838,0.3037201554691838,0.3375902276513048
67,0.3225985563575791,0.04360664785701418,0.03765390797779125,0.037081944341847826,0.3464741810105497,0.04346352815628052,0.05109928548336029,0.0,0.051218731328845024,0.45077554101590067,"[0.7312604188919067, 0.7695724368095398]",0.5182,0.308717379233759,0.31482509716823986,0.3037201554691838,0.31260410882842865,0.29816768461965576,0.29816768461965576,0.308717379233759
68,0.31093836757357024,0.03320062254681866,0.04227673590219209,0.034447491898814575,0.3470294280955025,0.04516902565956116,0.05106836557388306,0.0,0.05118301138281822,0.45155287405941635,"[0.7312604188919067, 0.7695724368095398]",0.5327,0.300388672959467,0.3026096612992782,0.29983342587451417,0.31315935591338145,0.29816768461965576,0.29816768461965576,0.300388672959467
69,0.31093836757357024,0.033509575863350016,0.042474350360438146,0.03339834124104573,0.3475846751804553,0.045759208500385284,0.051040906459093094,0.0,0.05115162767469883,0.460774717037566,"[0.7312604188919067, 0.7695724368095398]",0.6269,0.3081621321488062,0.31426985008328706,0.29650194336479735,0.3076068850638534,0.29816768461965576,0.29816768461965576,0.3081621321488062
70,0.3231538034425319,0.08163981550967014,0.084449971209104,0.05694231485141824,0.3897834536368684,0.05185893177986145,0.05101647041738033,0.0,0.05112439952790737,0.5177384560229257,"[0.7312604188919067, 0.7695724368095398]",0.5417,0.31038312048861744,0.3181565796779567,0.30982787340366463,0.3187118267629095,0.3053858967240422,0.3053858967240422,0.31038312048861744
71,0.32870627429205995,0.051374312190404114,0.04157430051849535,0.042044664494093706,0.35202665186007775,0.04995939880609512,0.05099446140229702,0.0,0.05109770596027374,0.45886196196079254,"[0.7312604188919067, 0.7695724368095398]",0.5412,0.31482509716823986,0.3231538034425319,0.33037201554691836,0.3392559689061632,0.3320377568017768,0.3320377568017768,0.31482509716823986
72,0.32870627429205995,0.05416813271303289,0.04035230422640911,0.04389018631469716,0.34925041643531374,0.04556162282824516,0.050975773483514786,0.0,0.051074933260679245,0.44693240500055254,"[0.7312604188919067, 0.7695724368095398]",0.537,0.3337034980566352,0.34092171016102163,0.3214880621876735,0.29705719044975015,0.29594669627984455,0.29594669627984455,0.3337034980566352
73,0.29317046085508053,0.015691505575681663,0.04398818499116483,0.020254721430280818,0.34314269850083284,0.048619888722896576,0.0509572122246027,0.0,0.05105029046535492,0.47143995901569724,"[0.7312604188919067, 0.7695724368095398]",0.6262,0.3381454747362576,0.3453636868406441,0.32815102720710715,0.3020544142143254,0.300388672959467,0.300388672959467,0.3381454747362576
74,0.33037201554691836,0.056857607603478355,0.04116279811869076,0.04490894488359304,0.35258189894503056,0.048568397760391235,0.050943948328495026,0.0,0.05102772079408169,0.8690670679789037,"[0.7312604188919067, 0.7695724368095398]",0.5519,0.3198223209328151,0.32815102720710715,0.300388672959467,0.33037201554691836,0.31149361465852304,0.31149361465852304,0.3198223209328151
75,0.300388672959467,0.025217303524752266,0.04998465755864168,0.027564485545557016,0.34925041643531374,0.04782327264547348,0.05093049444258213,0.0,0.051006605848670006,0.46964619506616145,"[0.7312604188919067, 0.7695724368095398]",0.4865,0.339811215991116,0.3475846751804553,0.32981676846196556,0.3042754025541366,0.303164908384231,0.303164908384231,0.339811215991116
76,0.3081621321488062,0.03460300798458149,0.05906948877615785,0.03283912671349164,0.3581343697945586,0.04629730433225632,0.050917791202664375,0.0,0.05098589137196541,0.4751750089926645,"[0.7312604188919067, 0.7695724368095398]",0.5234,0.3403664630760688,0.34813992226540813,0.32926152137701276,0.3064963908939478,0.3042754025541366,0.3042754025541366,0.3403664630760688
77,0.29317046085508053,0.10991497369157655,0.06678220834998506,0.04007385524108744,0.3742365352581899,0.054984577000141144,0.05090502090752125,0.0,0.05096353404223919,0.48954984406009316,"[0.7312604188919067, 0.7695724368095398]",0.5086,0.3320377568017768,0.339811215991116,0.3081621321488062,0.3364797334813992,0.3209328151027207,0.3209328151027207,0.3320377568017768
78,0.29927817878956137,0.10874098589505798,0.07182713743042658,0.04008426248407145,0.36923931149361466,0.05125166475772858,0.05089220404624939,0.0,0.05094384588301182,0.47120055102277547,"[0.7312604188919067, 0.7695724368095398]",0.5044,0.29372570794003333,0.29483620210993894,0.3237090505274847,0.32815102720710715,0.31538034425319267,0.31538034425319267,0.29372570794003333
79,0.31260410882842865,0.052552765019157954,0.07066416718792067,0.053623173534031975,0.3720155469183787,0.05000961199402809,0.05087932385504246,0.0,0.05092381127178669,0.508581480011344,"[0.7312604188919067, 0.7695724368095398]",0.514,0.32704053303720154,0.33037201554691836,0.3064963908939478,0.3037201554691838,0.2920599666851749,0.2920599666851749,0.32704053303720154
80,0.3076068850638534,0.09542506036616427,0.06428238812570525,0.06385568243635603,0.38478622987229316,0.04781261831521988,0.05086560919880867,0.0,0.05090668797492981,0.5281708289403468,"[0.7312604188919067, 0.7695724368095398]",0.7899,0.32704053303720154,0.33037201554691836,0.3064963908939478,0.3026096612992782,0.2881732370905053,0.2881732370905053,0.32704053303720154
81,0.3070516379789006,0.0981559054359864,0.06503425756460432,0.0678493523037713,0.3864519711271516,0.04810861870646477,0.050853194668889046,0.0,0.05088975466787815,0.7249540119664744,"[0.7312604188919067, 0.7695724368095398]",0.8045,0.3014991671293726,0.3064963908939478,0.30927262631871183,0.3198223209328151,0.30927262631871183,0.30927262631871183,0.3014991671293726
82,0.31315935591338145,0.07716814041988629,0.06445362244562741,0.06116389501355726,0.38200999444752914,0.048098593950271606,0.05084257014095783,0.0,0.050871966406702995,0.7300029989564791,"[0.7312604188919067, 0.7695724368095398]",0.8002,0.3014991671293726,0.305941143808995,0.3070516379789006,0.3187118267629095,0.3064963908939478,0.3064963908939478,0.3014991671293726
83,0.31371460299833426,0.07985041403994941,0.06465630716210988,0.06265353806172323,0.38478622987229316,0.04795811325311661,0.050830356776714325,0.0,0.05085352808237076,0.69029171904549,"[0.7312604188919067, 0.7695724368095398]",0.798,0.29539144919489174,0.29594669627984455,0.3214880621876735,0.3209328151027207,0.31482509716823986,0.31482509716823986,0.29539144919489174
84,0.357023875624653,0.16556485347278205,0.10400747770119663,0.029616992235208285,0.39977790116601886,0.04826533794403076,0.050819454714655876,0.0,0.050835805013775826,0.6907629040069878,"[0.7312604188919067, 0.7695724368095398]",0.8004,0.33037201554691836,0.3381454747362576,0.3214880621876735,0.35202665186007775,0.3320377568017768,0.3320377568017768,0.33037201554691836
85,0.30982787340366463,0.0791282120473682,0.06424618540305449,0.06313270406079027,0.38534147695724597,0.047415196895599365,0.05080888792872429,0.0,0.050819115713238716,0.6667582039954141,"[0.7312604188919067, 0.7695724368095398]",0.8037,0.29872293170460856,0.303164908384231,0.31260410882842865,0.32593003886729593,0.31315935591338145,0.31315935591338145,0.29872293170460856
86,0.305941143808995,0.035600840489128815,0.05304239638856642,0.03465895560976942,0.362576346474181,0.04731815680861473,0.05079874396324158,0.0,0.05080373026430607,0.6943899489706382,"[0.7312604188919067, 0.7695724368095398]",0.7559,0.3009439200444198,0.3048306496390894,0.31038312048861744,0.3231538034425319,0.30982787340366463,0.30982787340366463,0.3009439200444198
87,0.303164908384231,0.031315826127950364,0.051354492344652614,0.03234830866162467,0.359800111049417,0.04675901681184769,0.050789330154657364,0.0,0.05078855715692043,0.6792407890316099,"[0.7312604188919067, 0.7695724368095398]",0.7541,0.31204886174347585,0.3203775680177679,0.2926152137701277,0.3037201554691838,0.29428095502498614,0.29428095502498614,0.31204886174347585
88,0.2870627429205997,0.11269962957591151,0.0780527664750074,0.022420077961917664,0.3620210993892282,0.04594390094280243,0.05078061483800411,0.0,0.05077313631772995,0.8130633790278807,"[0.7312604188919067, 0.7695724368095398]",0.9036,0.3192670738478623,0.32704053303720154,0.2920599666851749,0.29428095502498614,0.28373126041088287,0.28373126041088287,0.3192670738478623
89,0.30982787340366463,0.10366797994842969,0.0756965195328537,0.07161290009887009,0.3925596890616324,0.053879909217357635,0.050772661343216896,0.0,0.05075798183679581,0.6262048870557919,"[0.7312604188919067, 0.7695724368095398]",0.7035,0.32481954469739033,0.334258745141588,0.30927262631871183,0.3170460855080511,0.3009439200444198,0.3009439200444198,0.32481954469739033
90,0.3325930038867296,0.1274513202284554,0.07410076959926423,0.003399220539843868,0.3559133814547474,0.054958440363407135,0.05076499655842781,0.0,0.05074331723153591,0.6094759149709716,"[0.7312604188919067, 0.7695724368095398]",0.7889,0.3176013325930039,0.3231538034425319,0.3214880621876735,0.32704053303720154,0.31038312048861744,0.31038312048861744,0.31315935591338145
91,0.30927262631871183,0.10995551851303043,0.06388679686444422,0.010552368672289873,0.3575791227096058,0.051738906651735306,0.0507571492344141,0.0,0.05072825215756893,0.6277505009202287,"[0.7312604188919067, 0.7695724368095398]",0.7924,0.31593559133814547,0.32593003886729593,0.31260410882842865,0.3203775680177679,0.29872293170460856,0.29872293170460856,0.31593559133814547
92,0.30982787340366463,0.1105907826777911,0.06398367689878563,0.010692539261349703,0.3575791227096058,0.05088290944695473,0.05075032263994217,0.0,0.050713298842310905,0.6074010580778122,"[0.7312604188919067, 0.7695724368095398]",0.7781,0.3214880621876735,0.3325930038867296,0.3209328151027207,0.32815102720710715,0.3076068850638534,0.3076068850638534,0.3214880621876735
93,0.30982787340366463,0.11067098835345401,0.06418787527139863,0.011075476467617706,0.3575791227096058,0.05073634162545204,0.05074365809559822,0.0,0.050698649138212204,0.6130124240880832,"[0.7312604188919067, 0.7695724368095398]",0.803,0.35147140477512495,0.362576346474181,0.3237090505274847,0.3348139922265408,0.32593003886729593,0.32593003886729593,0.35147140477512495
94,0.31315935591338145,0.11534195845376816,0.06842545543541284,0.011938753013425382,0.359800111049417,0.05011116340756416,0.05073709413409233,0.0,0.05068386532366276,0.6572235999628901,"[0.7312604188919067, 0.7695724368095398]",0.8851,0.35147140477512495,0.3631315935591338,0.32481954469739033,0.3381454747362576,0.33037201554691836,0.33037201554691836,0.35147140477512495
95,0.3364797334813992,0.0842989799283077,0.1103974724014019,0.050553927487827284,0.3947806774014436,0.047117866575717926,0.05073045194149017,0.0,0.05066908709704876,0.6603928999975324,"[0.7312604188919067, 0.7695724368095398]",0.7852,0.35147140477512495,0.362576346474181,0.32648528595224874,0.3381454747362576,0.33037201554691836,0.33037201554691836,0.35147140477512495
96,0.31149361465852304,0.05890741326802151,0.06944337025899089,0.048189383652724516,0.36979455857856747,0.04666595160961151,0.05072367191314697,0.0,0.05065453425049782,0.7153995559783652,"[0.7312604188919067, 0.7695724368095398]",0.7237,0.35147140477512495,0.362576346474181,0.3231538034425319,0.334258745141588,0.3231538034425319,0.3231538034425319,0.35147140477512495
97,0.31260410882842865,0.055123629388985074,0.055129147511339884,0.042672273922482074,0.37034980566352027,0.04678044095635414,0.050716960802674294,0.0,0.05063994601368904,0.53963777795434,"[0.7312604188919067, 0.7695724368095398]",0.5161,0.3403664630760688,0.3475846751804553,0.31538034425319267,0.3203775680177679,0.3181565796779567,0.3181565796779567,0.3403664630760688
98,0.305941143808995,0.01203897163405332,0.05960813728986447,0.016212371993790213,0.3581343697945586,0.04883384704589844,0.05070879869163036,0.0,0.05062668211758137,0.43347003404051065,"[0.7312604188919067, 0.7695724368095398]",0.4986,0.32815102720710715,0.3403664630760688,0.32815102720710715,0.3375902276513048,0.3170460855080511,0.3170460855080511,0.32704053303720154
99,0.31038312048861744,0.016313982037336916,0.0657028188253979,0.016278531417166217,0.362576346474181,0.046734947711229324,0.050701506435871124,0.0,0.05061289854347706,0.42770799598656595,"[0.7312604188919067, 0.7695724368095398]",0.5185,0.31149361465852304,0.3220433092726263,0.31538034425319267,0.32759578012215435,0.3209328151027207,0.3209328151027207,0.31038312048861744
100,0.3164908384230983,0.024223306696806612,0.07737259132735248,0.018645958808632006,0.36868406440866186,0.0454205721616745,0.05069415457546711,0.0,0.050598885864019394,0.4271983710350469,"[0.7312604188919067, 0.7695724368095398]",0.5086,0.3564686285397002,0.36535258189894504,0.34980566352026654,0.3187118267629095,0.32481954469739033,0.32481954469739033,0.3559133814547474
101,0.3176013325930039,0.026177676469436584,0.07661831220961543,0.01980135288579913,0.36868406440866186,0.0447729229927063,0.05068655125796795,0.0,0.0505845881998539,0.457736138952896,"[0.7312604188919067, 0.7695724368095398]",0.4964,0.362576346474181,0.3714602998334259,0.3559133814547474,0.32593003886729593,0.32926152137701276,0.32926152137701276,0.3620210993892282
102,0.3442531926707385,0.09043243546053736,0.12696254143584026,0.04948982390332228,0.39922265408106605,0.044394105672836304,0.0506784375756979,0.0,0.05057027377188206,0.42607573699206114,"[0.7312604188919067, 0.7695724368095398]",0.5148,0.3375902276513048,0.34925041643531374,0.35202665186007775,0.3631315935591338,0.35091615769017215,0.35091615769017215,0.3364797334813992
103,0.3381454747362576,0.07993314190202716,0.1207399897695749,0.04386268758831927,0.3925596890616324,0.04430752620100975,0.05066962167620659,0.0,0.05055529251694679,0.4957958069862798,"[0.7312604188919067, 0.7695724368095398]",0.498,0.3381454747362576,0.35036091060521934,0.34314269850083284,0.3564686285397002,0.3459189339255969,0.3459189339255969,0.337034980566352
104,0.3348139922265408,0.07432837690692573,0.11595621599481709,0.03859565681167213,0.3892282065519156,0.04425531253218651,0.05066192150115967,0.0,0.05054055154323578,0.4424441249575466,"[0.7312604188919067, 0.7695724368095398]",0.5649,0.337034980566352,0.34869516935036093,0.3337034980566352,0.3470294280955025,0.3387007218212104,0.3387007218212104,0.3359244863964464
105,0.3042754025541366,0.04758864021001008,0.06739395200727522,0.04487265943912456,0.36646307606885065,0.045852769166231155,0.050654659047722816,0.0,0.05052570812404156,0.43181118299253285,"[0.7312604188919067, 0.7695724368095398]",0.5203,0.3364797334813992,0.3470294280955025,0.3320377568017768,0.3475846751804553,0.3353692393114936,0.3353692393114936,0.3353692393114936
106,0.32537479178234313,0.05337522068076739,0.10581564405372827,0.027059437552702507,0.3792337590227651,0.046433061361312866,0.05064748786389828,0.0,0.05051136761903763,0.43107382394373417,"[0.7312604188919067, 0.7695724368095398]",0.5296,0.3359244863964464,0.3475846751804553,0.3348139922265408,0.34869516935036093,0.339811215991116,0.339811215991116,0.3348139922265408
107,0.33037201554691836,0.06177495101545727,0.10996175551307706,0.029439651398273276,0.38367573570238755,0.044363390654325485,0.050640299916267395,0.0,0.05049717426300049,0.43278113403357565,"[0.7312604188919067, 0.7695724368095398]",0.5201,0.337034980566352,0.34980566352026654,0.3353692393114936,0.34925041643531374,0.34092171016102163,0.34092171016102163,0.3359244863964464
108,0.33148250971682397,0.0636726470198341,0.11148940945315071,0.030363873432419596,0.38478622987229316,0.043884776532649994,0.050632916390895844,0.0,0.050483252853155136,0.4225392449880019,"[0.7312604188919067, 0.7695724368095398]",0.4985,0.34147695724597443,0.35424764019988897,0.32759578012215435,0.3325930038867296,0.32815102720710715,0.32815102720710715,0.34147695724597443
109,0.334258745141588,0.09504390258621276,0.11298384934802867,0.046689361860478895,0.40033314825097166,0.047706782817840576,0.05062495917081833,0.0,0.0504698920994997,0.44392758200410753,"[0.7312604188919067, 0.7695724368095398]",0.5439,0.34980566352026654,0.3603553581343698,0.3181565796779567,0.3353692393114936,0.3209328151027207,0.3209328151027207,0.34869516935036093
110,0.29983342587451417,0.04451650930992879,0.0703990799882034,0.04523900799358861,0.37034980566352027,0.04808967188000679,0.050618598237633705,0.0,0.0504557341337204,0.4527708380483091,"[0.7312604188919067, 0.7695724368095398]",0.5389,0.3375902276513048,0.35091615769017215,0.31038312048861744,0.3203775680177679,0.31315935591338145,0.31315935591338145,0.3375902276513048
111,0.32537479178234313,0.13246421766506733,0.10568068879465226,0.02132835505868339,0.3792337590227651,0.052051641047000885,0.05061153322458267,0.0,0.050442179664969444,0.45980842399876565,"[0.7312604188919067, 0.7695724368095398]",0.5505,0.36368684064408663,0.3731260410882843,0.3575791227096058,0.32593003886729593,0.33092726263187117,0.33092726263187117,0.36368684064408663
112,0.32815102720710715,0.1379175297209796,0.11237146304595119,0.026881881236553617,0.38312048861743475,0.047889336943626404,0.05060517229139805,0.0,0.0504277553409338,0.48462500295136124,"[0.7312604188919067, 0.7695724368095398]",0.5621,0.3620210993892282,0.3714602998334259,0.3548028872848418,0.3237090505274847,0.32926152137701276,0.32926152137701276,0.3620210993892282
113,0.32870627429205995,0.13862999457244984,0.1138576363331291,0.028419140847305388,0.38423098278734036,0.04719842970371246,0.050599509850144386,0.0,0.05041324160993099,0.47637838404625654,"[0.7312604188919067, 0.7695724368095398]",0.6143,0.34092171016102163,0.35313714602998336,0.3320377568017768,0.3359244863964464,0.32926152137701276,0.32926152137701276,0.34092171016102163
114,0.32926152137701276,0.13927946768136046,0.11537517211584498,0.029463586787021025,0.38589672404219877,0.04712870344519615,0.050594156607985497,0.0,0.050398850813508034,0.4806662709452212,"[0.7312604188919067, 0.7695724368095398]",0.53,0.34092171016102163,0.35313714602998336,0.3325930038867296,0.3359244863964464,0.32870627429205995,0.32870627429205995,0.34092171016102163
115,0.3192670738478623,0.06130802295857096,0.08071306380658085,0.03878960797661928,0.3775680177679067,0.047246143221855164,0.05058855190873146,0.0,0.05038474127650261,0.5867054319242015,"[0.7312604188919067, 0.7695724368095398]",0.6137,0.3592448639644642,0.36979455857856747,0.34869516935036093,0.32648528595224874,0.32926152137701276,0.32926152137701276,0.3592448639644642
116,0.32537479178234313,0.05634303304156729,0.09978923970691443,0.028283704326565445,0.3786785119378123,0.045842088758945465,0.050583355128765106,0.0,0.05037024803459644,0.4777744410093874,"[0.7312604188919067, 0.7695724368095398]",0.5429,0.3387007218212104,0.34869516935036093,0.32926152137701276,0.29872293170460856,0.3026096612992782,0.3026096612992782,0.3375902276513048
117,0.3220433092726263,0.051187083496033736,0.09734427212149807,0.024306051878464408,0.3759022765130483,0.04496251791715622,0.050577783957123756,0.0,0.05035661719739437,0.46191091695800424,"[0.7312604188919067, 0.7695724368095398]",0.5626,0.3448084397556913,0.3548028872848418,0.334258745141588,0.3042754025541366,0.3053858967240422,0.3053858967240422,0.34369794558578565
118,0.31538034425319267,0.04263087644146446,0.08939462093625639,0.020364658274661607,0.36979455857856747,0.044585686177015305,0.05057150684297085,0.0,0.05034310929477215,0.46957447100430727,"[0.7312604188919067, 0.7695724368095398]",0.5238,0.3459189339255969,0.3559133814547474,0.3359244863964464,0.3042754025541366,0.305941143808995,0.305941143808995,0.3448084397556913
119,0.3064963908939478,0.03341590699613051,0.05650053934359207,0.022912214669203543,0.3609106052193226,0.04565754905343056,0.050565268844366074,0.0,0.05032949149608612,0.44662370497826487,"[0.7312604188919067, 0.7695724368095398]",0.5386,0.34980566352026654,0.36479733481399224,0.3181565796779567,0.31149361465852304,0.3187118267629095,0.3187118267629095,0.34869516935036093
120,0.2865074958356469,0.010370163213224148,0.06348027052323889,0.01687055460416466,0.3603553581343698,0.04273858666419983,0.05055890791118145,0.0,0.050316791981458664,0.47608795296400785,"[0.7312604188919067, 0.7695724368095398]",0.5332,0.3453636868406441,0.359800111049417,0.31204886174347585,0.3076068850638534,0.31426985008328706,0.31426985008328706,0.3442531926707385
121,0.2915047196002221,0.10231546513208578,0.06616601824186073,0.016254779777673395,0.3603553581343698,0.0418914258480072,0.05055306665599346,0.0,0.05030386708676815,0.4608776159584522,"[0.7312604188919067, 0.7695724368095398]",0.4971,0.3620210993892282,0.3720155469183787,0.3559133814547474,0.32926152137701276,0.337034980566352,0.337034980566352,0.3620210993892282
122,0.2787340366463076,0.01411300263085935,0.06676803175686835,0.023432959438405593,0.3592448639644642,0.0409427285194397,0.05054711736738682,0.0,0.05029110051691532,0.4853208940476179,"[0.7312604188919067, 0.7695724368095398]",0.533,0.3348139922265408,0.3459189339255969,0.31593559133814547,0.29483620210993894,0.29761243753470296,0.29761243753470296,0.3337034980566352
123,0.277623542476402,0.01338463119102884,0.06730018434809285,0.023932116548632396,0.3575791227096058,0.04035606235265732,0.05054076761007309,0.0,0.05027802847325802,0.4465382610214874,"[0.7312604188919067, 0.7695724368095398]",0.6228,0.3353692393114936,0.3464741810105497,0.31426985008328706,0.29539144919489174,0.29872293170460856,0.29872293170460856,0.334258745141588
124,0.3192670738478623,0.1266255431332335,0.07486984986843213,0.013958002241299039,0.3603553581343698,0.041839972138404846,0.05053390935063362,0.0,0.05026561766862869,0.6808392769889906,"[0.7312604188919067, 0.7695724368095398]",0.6025,0.3403664630760688,0.35258189894503056,0.32926152137701276,0.3009439200444198,0.3037201554691838,0.3037201554691838,0.3392559689061632
125,0.31593559133814547,0.12323042332328349,0.07350621533290418,0.014987521010890771,0.3609106052193226,0.04079631716012955,0.05052729323506355,0.0,0.050253430381417274,0.44809986103791744,"[0.7312604188919067, 0.7695724368095398]",0.5106,0.34147695724597443,0.35369239311493617,0.33037201554691836,0.3020544142143254,0.3042754025541366,0.3042754025541366,0.3403664630760688
126,0.29483620210993894,0.10672183742850627,0.07042068628438733,0.03233810340520342,0.3631315935591338,0.05234658718109131,0.05051768384873867,0.0,0.05024312250316143,0.4311558810295537,"[0.7312604188919067, 0.7695724368095398]",0.4993,0.34925041643531374,0.36424208772903943,0.3203775680177679,0.31149361465852304,0.3187118267629095,0.3187118267629095,0.34813992226540813
127,0.29372570794003333,0.10447677177697212,0.07058261765005013,0.03398416991478613,0.3631315935591338,0.04906560480594635,0.050505710765719414,0.0,0.05023352615535259,0.49795270909089595,"[0.7312604188919067, 0.7695724368095398]",0.6062,0.34813992226540813,0.362576346474181,0.3203775680177679,0.31093836757357024,0.3170460855080511,0.3170460855080511,0.3475846751804553
128,0.2926152137701277,0.027750011334923386,0.06911561601775217,0.039863571220642796,0.37034980566352027,0.04913575202226639,0.05049516633152962,0.0,0.050223931670188904,0.4427610150305554,"[0.7312604188919067, 0.7695724368095398]",0.5566,0.3475846751804553,0.3620210993892282,0.3181565796779567,0.31315935591338145,0.31593559133814547,0.31593559133814547,0.3470294280955025
129,0.2915047196002221,0.025113732969749836,0.06843571311084548,0.038851272786728154,0.36868406440866186,0.04920421168208122,0.05048508569598198,0.0,0.050214556977152824,0.4367700869916007,"[0.7312604188919067, 0.7695724368095398]",0.5518,0.3442531926707385,0.35424764019988897,0.339811215991116,0.3009439200444198,0.308717379233759,0.308717379233759,0.34314269850083284
130,0.31204886174347585,0.04883410258465026,0.07171405001516984,0.04815893994357597,0.3759022765130483,0.04693829268217087,0.050475357100367546,0.0,0.050204211845993996,0.4179738799575716,"[0.7312604188919067, 0.7695724368095398]",0.5231,0.3453636868406441,0.3553581343697946,0.34092171016102163,0.3014991671293726,0.31260410882842865,0.31260410882842865,0.3442531926707385
131,0.29317046085508053,0.1009104335147456,0.0687014418473859,0.03419626642089084,0.3603553581343698,0.04998166114091873,0.05046520754694939,0.0,0.05019381828606129,0.42571521701756865,"[0.7312604188919067, 0.7695724368095398]",0.5236,0.3220433092726263,0.3225985563575791,0.2920599666851749,0.3037201554691838,0.29539144919489174,0.29539144919489174,0.3220433092726263
132,0.31149361465852304,0.04871357982620561,0.07321266624832874,0.04934012040575957,0.3759022765130483,0.046853888779878616,0.05045376718044281,0.0,0.050184277817606926,0.41727474401704967,"[0.7312604188919067, 0.7695724368095398]",0.5172,0.3187118267629095,0.3187118267629095,0.28317601332593006,0.29483620210993894,0.2859522487506941,0.2859522487506941,0.3187118267629095
133,0.300388672959467,0.10897422053993344,0.0673884879417347,0.029297542426927732,0.3631315935591338,0.05142481252551079,0.05044185742735863,0.0,0.050175825133919716,0.41429990401957184,"[0.7312604188919067, 0.7695724368095398]",0.5099,0.3209328151027207,0.3237090505274847,0.3014991671293726,0.31093836757357024,0.3020544142143254,0.3020544142143254,0.3209328151027207
134,0.300388672959467,0.10927465032535821,0.06862584258413712,0.03246166081049462,0.36368684064408663,0.051076147705316544,0.05043126456439495,0.0,0.050166770815849304,0.44443224708084017,"[0.7312604188919067, 0.7695724368095398]",0.4939,0.35258189894503056,0.36646307606885065,0.32648528595224874,0.31204886174347585,0.3187118267629095,0.3187118267629095,0.35147140477512495
135,0.29539144919489174,0.028713992233006524,0.06532730696675614,0.039433410732128034,0.36757357023875625,0.04923368617892265,0.05041913501918316,0.0,0.0501581784337759,0.40842643193900585,"[0.7312604188919067, 0.7695724368095398]",0.8094,0.3375902276513048,0.35091615769017215,0.3214880621876735,0.29705719044975015,0.29483620210993894,0.29483620210993894,0.3364797334813992
136,0.2926152137701277,0.037703413014658294,0.0651532533639568,0.038574460385492525,0.36479733481399224,0.048105388879776,0.050408294424414635,0.0,0.050149235874414444,0.49998769408557564,"[0.7312604188919067, 0.7695724368095398]",0.5131,0.3381454747362576,0.35147140477512495,0.3225985563575791,0.29816768461965576,0.29483620210993894,0.29483620210993894,0.337034980566352
137,0.29816768461965576,0.02675119151650507,0.06610115104421385,0.03948600203244396,0.36479733481399224,0.04767114669084549,0.05039719492197037,0.0,0.050140080973505974,0.4808515969198197,"[0.7312604188919067, 0.7695724368095398]",0.5512,0.3164908384230983,0.3225985563575791,0.2798445308162132,0.2859522487506941,0.27262631871182674,0.27262631871182674,0.31538034425319267
138,0.305941143808995,0.012019460748043387,0.05993266274154809,0.016011470412412597,0.3586896168795114,0.0472913533449173,0.05038655735552311,0.0,0.05013161152601242,0.4544271099148318,"[0.7312604188919067, 0.7695724368095398]",0.6025,0.32870627429205995,0.3353692393114936,0.29927817878956137,0.3081621321488062,0.29650194336479735,0.29650194336479735,0.32759578012215435
139,0.32648528595224874,0.13049190637102148,0.10397663670718543,0.015166906861714334,0.3731260410882843,0.05253173038363457,0.05037631094455719,0.0,0.0501225721091032,0.45390873891301453,"[0.7312604188919067, 0.7695724368095398]",0.5289,0.34203220433092724,0.35258189894503056,0.32981676846196556,0.34203220433092724,0.3331482509716824,0.3331482509716824,0.34092171016102163
140,0.3242642976124375,0.06113096046354527,0.10693123118580784,0.03378565281409854,0.37978900610771793,0.047402143478393555,0.050366515293717384,0.0,0.050113655626773834,0.4665358189959079,"[0.7312604188919067, 0.7695724368095398]",0.5098,0.33148250971682397,0.3442531926707385,0.3042754025541366,0.3070516379789006,0.3014991671293726,0.3014991671293726,0.33148250971682397
141,0.33148250971682397,0.08306679002927875,0.10346844388752768,0.037460286800223834,0.3886729594669628,0.04594907909631729,0.050356972962617874,0.0,0.0501046571880579,0.47879096295218915,"[0.7312604188919067, 0.7695724368095398]",0.5382,0.3381454747362576,0.35091615769017215,0.3187118267629095,0.32815102720710715,0.3209328151027207,0.3209328151027207,0.337034980566352
142,0.32704053303720154,0.07551409104789308,0.1024115507941672,0.03263802020921526,0.38312048861743475,0.04581204056739807,0.05034719780087471,0.0,0.050095509737730026,0.4528605251107365,"[0.7312604188919067, 0.7695724368095398]",0.6724,0.3403664630760688,0.35369239311493617,0.32537479178234313,0.29983342587451417,0.29927817878956137,0.29927817878956137,0.3392559689061632
143,0.2798445308162132,0.031876137678588656,0.06461897595651016,0.02926190670343915,0.36868406440866186,0.046251893043518066,0.05033748038113117,0.0,0.05008634179830551,0.45617235905956477,"[0.7312604188919067, 0.7695724368095398]",0.4939,0.33037201554691836,0.34369794558578565,0.3026096612992782,0.3076068850638534,0.3020544142143254,0.3020544142143254,0.33037201554691836
144,0.30927262631871183,0.11593619586971471,0.06612477072595203,0.025243971890878132,0.3603553581343698,0.05531584098935127,0.05032770521938801,0.0,0.05007709190249443,0.45370641199406236,"[0.7312604188919067, 0.7695724368095398]",0.538,0.3614658523042754,0.3753470294280955,0.34980566352026654,0.32481954469739033,0.32870627429205995,0.32870627429205995,0.3614658523042754
145,0.31093836757357024,0.11935877886657453,0.06610256049421741,0.022223432150043902,0.3603553581343698,0.05211636796593666,0.05031791143119335,0.0,0.0500678475946188,0.4382458799518645,"[0.7312604188919067, 0.7695724368095398]",0.4878,0.334258745141588,0.3464741810105497,0.31093836757357024,0.29539144919489174,0.29539144919489174,0.29539144919489174,0.3331482509716824
146,0.3053858967240422,0.11543003732149026,0.06826072819576454,0.016812122863238743,0.3609106052193226,0.05149471387267113,0.05030811205506325,0.0,0.050058476626873016,0.4266479619545862,"[0.7312604188919067, 0.7695724368095398]",0.4898,0.33092726263187117,0.34314269850083284,0.305941143808995,0.2909494725152693,0.2909494725152693,0.2909494725152693,0.32981676846196556
147,0.2926152137701277,0.1092728291942876,0.07093409677675068,0.022140612562622265,0.36535258189894504,0.05014105141162872,0.05029818415641785,0.0,0.050049297511577606,0.4495821730233729,"[0.7312604188919067, 0.7695724368095398]",0.6377,0.3353692393114936,0.3475846751804553,0.31593559133814547,0.29539144919489174,0.29539144919489174,0.29539144919489174,0.334258745141588
148,0.3026096612992782,0.10853460431660356,0.06698924574816854,0.02747719745675046,0.359800111049417,0.05080683156847954,0.050288112834095955,0.0,0.050040217116475105,0.4819378679385409,"[0.7312604188919067, 0.7695724368095398]",0.5289,0.34092171016102163,0.3553581343697946,0.32815102720710715,0.3037201554691838,0.300388672959467,0.300388672959467,0.339811215991116
149,0.32815102720710715,0.13260923731896612,0.10983751440573267,0.019014438379357422,0.3775680177679067,0.051905371248722076,0.05027829669415951,0.0,0.05003126710653305,0.4710591749753803,"[0.7312604188919067, 0.7695724368095398]",0.5222,0.362576346474181,0.3775680177679067,0.34980566352026654,0.32481954469739033,0.32759578012215435,0.32759578012215435,0.3614658523042754
150,0.3220433092726263,0.13229478020514585,0.11156890260903593,0.027409788674530502,0.38589672404219877,0.04936990514397621,0.05026821419596672,0.0,0.05002223886549473,0.47955607005860656,"[0.7312604188919067, 0.7695724368095398]",0.5411,0.32648528595224874,0.339811215991116,0.31204886174347585,0.31038312048861744,0.3014991671293726,0.3014991671293726,0.32537479178234313
151,0.32537479178234313,0.12697269624028718,0.08152816281729557,0.015674827581765284,0.36812881732370906,0.051006387919187546,0.050257543101906776,0.0,0.050013087689876556,0.48216336395125836,"[0.7312604188919067, 0.7695724368095398]",0.5415,0.3164908384230983,0.32926152137701276,0.29705719044975015,0.3203775680177679,0.3064963908939478,0.3064963908939478,0.31538034425319267
152,0.3170460855080511,0.12219274487388032,0.072085360034953,0.02839226642435374,0.36646307606885065,0.05012640357017517,0.050246402621269226,0.0,0.05000401847064495,0.5032244540052488,"[0.7312604188919067, 0.7695724368095398]",0.5238,0.337034980566352,0.35091615769017215,0.3242642976124375,0.29539144919489174,0.29983342587451417,0.29983342587451417,0.3359244863964464
153,0.32537479178234313,0.06902929036199612,0.1110488351104092,0.039966325954822926,0.3892282065519156,0.04921873286366463,0.05023564212024212,0.0,0.04999431595206261,0.5107983259949833,"[0.7312604188919067, 0.7695724368095398]",0.5093,0.3331482509716824,0.3464741810105497,0.3176013325930039,0.3198223209328151,0.303164908384231,0.303164908384231,0.3320377568017768
154,0.32981676846196556,0.0780785009090682,0.08053690926278112,0.04047908873365042,0.38423098278734036,0.04701273888349533,0.05022464320063591,0.0,0.049985023215413094,0.6637678999686614,"[0.7312604188919067, 0.7695724368095398]",0.6075,0.32481954469739033,0.3359244863964464,0.31038312048861744,0.31538034425319267,0.3020544142143254,0.3020544142143254,0.3237090505274847
155,0.3364797334813992,0.060838370178559864,0.09556742313013566,0.025975747210995916,0.3775680177679067,0.0470387227833271,0.05021349713206291,0.0,0.0499759204685688,0.4699013700010255,"[0.7312604188919067, 0.7695724368095398]",0.478,0.3337034980566352,0.3470294280955025,0.3198223209328151,0.31426985008328706,0.29650194336479735,0.29650194336479735,0.3325930038867296
156,0.29372570794003333,0.011303960529359558,0.053051735761956154,0.020811431800927697,0.35036091060521934,0.04743744432926178,0.05020300857722759,0.0,0.04996561259031296,0.55621606297791,"[0.7312604188919067, 0.7695724368095398]",0.4785,0.33148250971682397,0.34369794558578565,0.3192670738478623,0.3170460855080511,0.29761243753470296,0.29761243753470296,0.33037201554691836
157,0.2926152137701277,0.010702812102115433,0.054630923102501096,0.023577331054641965,0.35091615769017215,0.04679233580827713,0.050192754715681076,0.0,0.04995518922805786,0.49262266198638827,"[0.7312604188919067, 0.7695724368095398]",0.501,0.35036091060521934,0.3620210993892282,0.337034980566352,0.34925041643531374,0.34092171016102163,0.34092171016102163,0.34925041643531374
158,0.29428095502498614,0.013084311200348031,0.05403960653922831,0.026019409861017962,0.35258189894503056,0.04680050164461136,0.05018225871026516,0.0,0.04994434118270874,0.4778890609741211,"[0.7312604188919067, 0.7695724368095398]",0.4939,0.35036091060521934,0.3603553581343698,0.3453636868406441,0.31538034425319267,0.3076068850638534,0.3076068850638534,0.35036091060521934
159,0.29594669627984455,0.01557972420155107,0.055237164115382924,0.027882785962082553,0.35424764019988897,0.04683136194944382,0.050171928480267525,0.0,0.04993392527103424,0.4704249080969021,"[0.7312604188919067, 0.7695724368095398]",0.4812,0.35202665186007775,0.36368684064408663,0.3464741810105497,0.3170460855080511,0.308717379233759,0.308717379233759,0.35202665186007775
160,0.334258745141588,0.1483088634055435,0.11897932829680986,0.03518144345990376,0.3903387007218212,0.05079745501279831,0.050161538645625114,0.0,0.04992314241826534,0.49696433602366596,"[0.7312604188919067, 0.7695724368095398]",0.4983,0.33148250971682397,0.34369794558578565,0.3181565796779567,0.32759578012215435,0.3164908384230983,0.3164908384230983,0.33148250971682397
161,0.33092726263187117,0.12816317315414028,0.09234747456451438,0.006563556276109944,0.3620210993892282,0.05193764716386795,0.050151245668530464,0.0,0.04991223104298115,0.42940018500667065,"[0.7312604188919067, 0.7695724368095398]",0.5033,0.34203220433092724,0.35258189894503056,0.3337034980566352,0.35147140477512495,0.337034980566352,0.337034980566352,0.34092171016102163
162,0.32981676846196556,0.1268571497428338,0.09236693763834876,0.006256853116076318,0.3631315935591338,0.05039163678884506,0.05014062114059925,0.0,0.04990113340318203,0.42203690099995583,"[0.7312604188919067, 0.7695724368095398]",0.4912,0.3187118267629095,0.32537479178234313,0.2892837312604109,0.3020544142143254,0.29428095502498614,0.29428095502498614,0.3187118267629095
163,0.31426985008328706,0.059029108634272576,0.0711482310657768,0.05068508026121897,0.3720155469183787,0.048692986369132996,0.050129592418670654,0.0,0.049890659749507904,0.4392080958932638,"[0.7312604188919067, 0.7695724368095398]",0.5103,0.3747917823431427,0.3886729594669628,0.3714602998334259,0.334258745141588,0.3387007218212104,0.3387007218212104,0.3736812881732371
164,0.31149361465852304,0.05344554569590765,0.06475181757747013,0.04763808479583563,0.3714602998334259,0.047893255949020386,0.050118276849389076,0.0,0.049880217760801315,0.4494121629977599,"[0.7312604188919067, 0.7695724368095398]",0.5188,0.3586896168795114,0.3709050527484731,0.34314269850083284,0.32537479178234313,0.3176013325930039,0.3176013325930039,0.3575791227096058
165,0.31093836757357024,0.05356912227450905,0.06557577396402776,0.04877489746704562,0.3731260410882843,0.04802804812788963,0.050106778740882874,0.0,0.049869658425450325,0.4467212869785726,"[0.7312604188919067, 0.7695724368095398]",0.5028,0.3603553581343698,0.3731260410882843,0.3459189339255969,0.3220433092726263,0.3209328151027207,0.3209328151027207,0.3592448639644642
166,0.3042754025541366,0.06354980402897337,0.06811333213467863,0.04823889640571379,0.3786785119378123,0.0472012460231781,0.05009530857205391,0.0,0.04985851235687733,0.43592699500732124,"[0.7312604188919067, 0.7695724368095398]",0.4874,0.3609106052193226,0.3742365352581899,0.3475846751804553,0.3187118267629095,0.3220433092726263,0.3220433092726263,0.359800111049417
167,0.2887284841754581,0.04670249980785979,0.07317921441066796,0.03977047433687072,0.3786785119378123,0.04673975706100464,0.05008372291922569,0.0,0.04984721541404724,0.4490036070346832,"[0.7312604188919067, 0.7695724368095398]",0.4796,0.31204886174347585,0.3192670738478623,0.3064963908939478,0.32815102720710715,0.31371460299833426,0.31371460299833426,0.31204886174347585
168,0.28206551915602446,0.041336246342785876,0.07317631654681826,0.038539819796336444,0.3775680177679067,0.04662458971142769,0.05007096566259861,0.0,0.04983596131205559,0.4626613110303879,"[0.7312604188919067, 0.7695724368095398]",0.4883,0.31482509716823986,0.32870627429205995,0.3053858967240422,0.31149361465852304,0.305941143808995,0.305941143808995,0.31371460299833426
169,0.27262631871182674,0.037729192455385085,0.07546789559527559,0.03553110606868226,0.38145474736257634,0.04873792082071304,0.05005878582596779,0.0,0.049825189635157585,0.4637372780125588,"[0.7312604188919067, 0.7695724368095398]",0.4919,0.3192670738478623,0.32648528595224874,0.303164908384231,0.31315935591338145,0.29761243753470296,0.29761243753470296,0.3192670738478623
170,0.29761243753470296,0.10403542227152907,0.07013471344512073,0.006906141723127878,0.3620210993892282,0.04705042019486427,0.05004454031586647,0.0,0.04981505498290062,0.43987936701159924,"[0.7312604188919067, 0.7695724368095398]",0.4817,0.31093836757357024,0.3187118267629095,0.3009439200444198,0.3209328151027207,0.31038312048861744,0.31038312048861744,0.31093836757357024
171,0.3214880621876735,0.129353141327185,0.08639438681606287,0.01810728572803576,0.36701832315380345,0.05210379511117935,0.050031330436468124,0.0,0.049802400171756744,0.45666027802508324,"[0.7312604188919067, 0.7695724368095398]",0.5229,0.34258745141588004,0.35202665186007775,0.32704053303720154,0.29594669627984455,0.3014991671293726,0.3014991671293726,0.34258745141588004
172,0.3231538034425319,0.13319756678336314,0.10589999152578064,0.023628315441432544,0.3792337590227651,0.04993472993373871,0.050017379224300385,0.0,0.049789829179644585,0.4500171209219843,"[0.7312604188919067, 0.7695724368095398]",0.5102,0.3548028872848418,0.36979455857856747,0.3403664630760688,0.31538034425319267,0.3214880621876735,0.3214880621876735,0.35369239311493617
173,0.34925041643531374,0.1597636575048056,0.12218547375436231,0.03236182794282174,0.38478622987229316,0.051446203142404556,0.050004202872514725,0.0,0.049777258187532425,0.47909083601552993,"[0.7312604188919067, 0.7695724368095398]",0.5128,0.34258745141588004,0.3559133814547474,0.3320377568017768,0.3470294280955025,0.33092726263187117,0.33092726263187117,0.34147695724597443
174,0.34869516935036093,0.15945728081790622,0.12522875534969416,0.03402341098611574,0.38811771238201,0.05024171620607376,0.04998989775776863,0.0,0.049765851348638535,0.5025252329651266,"[0.7312604188919067, 0.7695724368095398]",0.5385,0.3548028872848418,0.36646307606885065,0.3453636868406441,0.32481954469739033,0.3170460855080511,0.3170460855080511,0.35369239311493617
175,0.34813992226540813,0.15792420826418507,0.12484615980199475,0.034685901769719814,0.3897834536368684,0.05026155337691307,0.049977706745266914,0.0,0.04975554160773754,0.5162917339475825,"[0.7312604188919067, 0.7695724368095398]",0.5997,0.34369794558578565,0.3553581343697946,0.33037201554691836,0.32481954469739033,0.31315935591338145,0.31315935591338145,0.34369794558578565
176,0.31482509716823986,0.13437406277873198,0.08859543638110183,0.05469888263424109,0.3775680177679067,0.050897661596536636,0.04996398463845253,0.0,0.049745842814445496,0.4372421810403466,"[0.7312604188919067, 0.7695724368095398]",0.5073,0.3403664630760688,0.35202665186007775,0.32648528595224874,0.3214880621876735,0.31038312048861744,0.31038312048861744,0.3403664630760688
177,0.3198223209328151,0.1261963077439786,0.11122613974100687,0.022297765791317835,0.38478622987229316,0.05133382976055145,0.049950726330280304,0.0,0.04973592795431614,0.4432866829447448,"[0.7312604188919067, 0.7695724368095398]",0.519,0.3442531926707385,0.3559133814547474,0.32981676846196556,0.32481954469739033,0.31315935591338145,0.31315935591338145,0.3442531926707385
178,0.3026096612992782,0.025899997459307045,0.06151481470353869,0.03648417050282593,0.3592448639644642,0.04935512691736221,0.04993728548288345,0.0,0.049724847078323364,0.4361778390593827,"[0.7312604188919067, 0.7695724368095398]",0.5036,0.35036091060521934,0.36424208772903943,0.3459189339255969,0.3620210993892282,0.34925041643531374,0.34925041643531374,0.34925041643531374
179,0.29927817878956137,0.045240214588254335,0.0797732844086454,0.04930906712266323,0.3736812881732371,0.05082232132554054,0.0499261450022459,0.0,0.04971206188201904,0.4796265949262306,"[0.7312604188919067, 0.7695724368095398]",0.5226,0.35147140477512495,0.36590782898389784,0.34369794558578565,0.3581343697945586,0.3448084397556913,0.3448084397556913,0.35036091060521934
180,0.29927817878956137,0.04517082523590721,0.08147993666219631,0.049018654822685685,0.3731260410882843,0.051198575645685196,0.04991531930863857,0.0,0.049699803814291954,0.45200171100441366,"[0.7312604188919067, 0.7695724368095398]",0.5551,0.36923931149361466,0.38312048861743475,0.357023875624653,0.35147140477512495,0.34203220433092724,0.34203220433092724,0.36812881732370906
181,0.300388672959467,0.05905036758760529,0.0822531705588147,0.04849847544275621,0.3742365352581899,0.05124086141586304,0.049903811886906624,0.0,0.049687741324305534,0.5223392240004614,"[0.7312604188919067, 0.7695724368095398]",0.5909,0.3353692393114936,0.3470294280955025,0.3325930038867296,0.34314269850083284,0.3331482509716824,0.3331482509716824,0.334258745141588
182,0.3375902276513048,0.1478703232558869,0.12716403208198285,0.03452549479574783,0.390893947806774,0.05265318229794502,0.04989277571439743,0.0,0.04967699199914932,0.47990359901450574,"[0.7312604188919067, 0.7695724368095398]",0.5108,0.3736812881732371,0.3875624652970572,0.362576346474181,0.3359244863964464,0.3387007218212104,0.3387007218212104,0.3725707940033315
183,0.3387007218212104,0.11060806468332118,0.1254633545879422,0.07165144380989256,0.40144364242087727,0.05035468935966492,0.04988083988428116,0.0,0.04966665990650654,0.46819428994785994,"[0.7312604188919067, 0.7695724368095398]",0.4998,0.36368684064408663,0.3781232648528595,0.34369794558578565,0.35036091060521934,0.3392559689061632,0.3392559689061632,0.362576346474181
184,0.3353692393114936,0.10998757333179221,0.09129388811383088,0.06548250548646292,0.38256524153248195,0.04868189990520477,0.04987005330622196,0.0,0.04965633526444435,0.4799409359693527,"[0.7312604188919067, 0.7695724368095398]",0.8285,0.3609106052193226,0.3759022765130483,0.3387007218212104,0.34369794558578565,0.3331482509716824,0.3331482509716824,0.359800111049417
185,0.3214880621876735,0.09014795696684275,0.08950454641564083,0.05502192027600327,0.38423098278734036,0.05151139944791794,0.04985940083861351,0.0,0.0496458038687706,0.781085203983821,"[0.7312604188919067, 0.7695724368095398]",1.0396,0.3631315935591338,0.3764575235980011,0.3464741810105497,0.3392559689061632,0.32815102720710715,0.32815102720710715,0.3620210993892282
186,0.3176013325930039,0.08539695499934297,0.0862492667859536,0.05277188387947834,0.38034425319267073,0.05112774297595024,0.049849122762680054,0.0,0.04963523522019386,0.54266648797784,"[0.7312604188919067, 0.7695724368095398]",0.5024,0.34147695724597443,0.3553581343697946,0.3220433092726263,0.32981676846196556,0.32481954469739033,0.32481954469739033,0.3403664630760688
187,0.3042754025541366,0.042580534031164685,0.06863249002352484,0.044810015625790706,0.3714602998334259,0.05121568590402603,0.0498392079025507,0.0,0.04962443374097347,0.5271366479573771,"[0.7312604188919067, 0.7695724368095398]",0.487,0.3403664630760688,0.35424764019988897,0.3181565796779567,0.32593003886729593,0.3198223209328151,0.3198223209328151,0.3392559689061632
188,0.3026096612992782,0.04775824603263479,0.06875946709690808,0.0474487815250152,0.3764575235980011,0.05164636671543121,0.04982945695519447,0.0,0.04961329512298107,0.44652578805107623,"[0.7312604188919067, 0.7695724368095398]",0.5313,0.337034980566352,0.35091615769017215,0.31538034425319267,0.3209328151027207,0.31426985008328706,0.31426985008328706,0.3359244863964464
189,0.3026096612992782,0.04812168591907229,0.06949570311063341,0.047385615597609204,0.3770127706829539,0.05144786834716797,0.049819277599453926,0.0,0.049602657556533813,0.4602451219689101,"[0.7312604188919067, 0.7695724368095398]",0.4974,0.3364797334813992,0.35036091060521934,0.31315935591338145,0.3203775680177679,0.31204886174347585,0.31204886174347585,0.3353692393114936
190,0.3020544142143254,0.04742434876569701,0.06954482227091244,0.04668562049499024,0.3770127706829539,0.05123098939657211,0.04980862885713577,0.0,0.04959242418408394,0.4555791069287807,"[0.7312604188919067, 0.7695724368095398]",0.533,0.3359244863964464,0.34980566352026654,0.31260410882842865,0.3198223209328151,0.31038312048861744,0.31038312048861744,0.3348139922265408
191,0.3014991671293726,0.04697611107559041,0.07097952096103627,0.047763024051175336,0.3770127706829539,0.05117194727063179,0.04979731701314449,0.0,0.04958260990679264,0.5220139740267769,"[0.7312604188919067, 0.7695724368095398]",0.5647,0.3603553581343698,0.3747917823431427,0.337034980566352,0.3231538034425319,0.32593003886729593,0.32593003886729593,0.3592448639644642
192,0.3026096612992782,0.04840879548026411,0.07142246920758395,0.048155334358665786,0.3781232648528595,0.05108831822872162,0.04978634603321552,0.0,0.049572333693504333,0.5240264580352232,"[0.7312604188919067, 0.7695724368095398]",0.5875,0.32926152137701276,0.34203220433092724,0.29761243753470296,0.31260410882842865,0.29705719044975015,0.29705719044975015,0.32815102720710715
193,0.308717379233759,0.04292617464560766,0.0640582179337147,0.02791189606882886,0.36535258189894504,0.05014796182513237,0.0497752595692873,0.0,0.049561724066734314,0.47624206100590527,"[0.7312604188919067, 0.7695724368095398]",0.5316,0.3209328151027207,0.3325930038867296,0.2865074958356469,0.3042754025541366,0.2915047196002221,0.2915047196002221,0.3198223209328151
194,0.29483620210993894,0.03513352985544316,0.07081754440912941,0.024627236702762983,0.37034980566352027,0.04647500067949295,0.04976436868309975,0.0,0.049551092088222504,0.5140620809979737,"[0.7312604188919067, 0.7695724368095398]",0.5576,0.3176013325930039,0.32926152137701276,0.2926152137701277,0.3164908384230983,0.3009439200444198,0.3009439200444198,0.3164908384230983
195,0.29761243753470296,0.06318875167767579,0.07575681045926928,0.0430268648164163,0.36868406440866186,0.04994022101163864,0.04975227266550064,0.0,0.04954110085964203,0.49934310803655535,"[0.7312604188919067, 0.7695724368095398]",0.5668,0.300388672959467,0.3064963908939478,0.29872293170460856,0.3187118267629095,0.3048306496390894,0.3048306496390894,0.29927817878956137
196,0.28151027207107165,0.08784964059891698,0.05630833496440344,0.024844979264889978,0.3548028872848418,0.05418834835290909,0.04974010027945042,0.0,0.04953039065003395,0.5270146819530055,"[0.7312604188919067, 0.7695724368095398]",0.6418,0.31538034425319267,0.32704053303720154,0.3170460855080511,0.32759578012215435,0.31538034425319267,0.31538034425319267,0.31426985008328706
197,0.2920599666851749,0.0944298726635362,0.0611077115505164,0.02023923031837479,0.34925041643531374,0.052559562027454376,0.049727464094758034,0.0,0.04951849579811096,0.6798579510068521,"[0.7312604188919067, 0.7695724368095398]",0.7777,0.3237090505274847,0.3375902276513048,0.33148250971682397,0.339811215991116,0.33092726263187117,0.33092726263187117,0.3225985563575791
198,0.31482509716823986,0.05108698065483552,0.09666975396598329,0.034348826144513116,0.38200999444752914,0.05014141649007797,0.04971497505903244,0.0,0.04950728081166744,0.6478340679313987,"[0.7312604188919067, 0.7695724368095398]",0.947,0.3198223209328151,0.3225985563575791,0.34092171016102163,0.35036091060521934,0.34314269850083284,0.34314269850083284,0.3164908384230983
199,0.3164908384230983,0.05349412465867365,0.10053808047072087,0.03465392283227299,0.38367573570238755,0.050185613334178925,0.049701226875185966,0.0,0.04949567653238773,0.7443667519837618,"[0.7312604188919067, 0.7695724368095398]",0.9069,0.3192670738478623,0.3231538034425319,0.3403664630760688,0.35036091060521934,0.34147695724597443,0.34147695724597443,0.31593559133814547
200,0.3170460855080511,0.05435466086446472,0.10172898028950808,0.03484933381580949,0.38423098278734036,0.05028270557522774,0.04968799091875553,0.0,0.04948325827717781,0.7309421760728583,"[0.7312604188919067, 0.7695724368095398]",0.8513,0.3359244863964464,0.3464741810105497,0.3453636868406441,0.3609106052193226,0.35036091060521934,0.35036091060521934,0.3348139922265408
201,0.3203775680177679,0.12199388540958045,0.1058789747487403,0.014540036121838566,0.3781232648528595,0.052677880972623825,0.04967464320361614,0.0,0.049470413476228714,0.7732733590528369,"[0.7312604188919067, 0.7695724368095398]",0.9035,0.32870627429205995,0.339811215991116,0.3553581343697946,0.36923931149361466,0.3581343697945586,0.3581343697945586,0.32704053303720154
202,0.3192670738478623,0.12084601647996152,0.10503990602433656,0.014969473136871773,0.3781232648528595,0.05185030400753021,0.04965939186513424,0.0,0.04945920407772064,0.7358340149512514,"[0.7312604188919067, 0.7695724368095398]",0.8869,0.33037201554691836,0.3442531926707385,0.34147695724597443,0.35147140477512495,0.34314269850083284,0.34314269850083284,0.32926152137701276
203,0.3214880621876735,0.12472921481343613,0.10876841208792801,0.016185809131977636,0.37978900610771793,0.05185643583536148,0.04964522831141949,0.0,0.04945801571011543,0.769313596887514,"[0.7312604188919067, 0.7695724368095398]",0.8085,0.33037201554691836,0.3442531926707385,0.34147695724597443,0.35147140477512495,0.34314269850083284,0.34314269850083284,0.32926152137701276
204,0.32704053303720154,0.13654827696284066,0.10848896561154336,0.030772373195014073,0.38589672404219877,0.051240283995866776,0.04962948523461819,0.0,0.04945467226207256,0.4758618950145319,"[0.7312604188919067, 0.7695724368095398]",0.5641,0.27040533037201553,0.3026096612992782,0.3620210993892282,0.36535258189894504,0.3620210993892282,0.3620210993892282,0.31371460299833426
205,0.32481954469739033,0.15423249476805856,0.1254110579361189,0.07622237062600332,0.40088839533592446,0.053000982850790024,0.04961484298110008,0.0,0.04944538325071335,0.46675762499216944,"[0.7312604188919067, 0.7695724368095398]",0.5071,0.32648528595224874,0.3403664630760688,0.34092171016102163,0.34925041643531374,0.334258745141588,0.334258745141588,0.32537479178234313
206,0.34980566352026654,0.11374367551394338,0.12149653497691282,0.06625156444040338,0.40033314825097166,0.05137117579579353,0.04960237257182598,0.0,0.049435706809163094,0.46228072594385594,"[0.7312604188919067, 0.7695724368095398]",0.5191,0.32537479178234313,0.3392559689061632,0.3392559689061632,0.34813992226540813,0.3325930038867296,0.3325930038867296,0.3242642976124375
207,0.32481954469739033,0.13728017547356663,0.1224525519972585,0.03723261913896562,0.3920044419766796,0.05610638111829758,0.04958855174481869,0.0,0.049425218254327774,0.4532033200375736,"[0.7312604188919067, 0.7695724368095398]",0.5074,0.33092726263187117,0.3442531926707385,0.34314269850083284,0.35313714602998336,0.34314269850083284,0.34314269850083284,0.32981676846196556
208,0.32481954469739033,0.08255672397224068,0.1105414727669913,0.047856785774500685,0.39922265408106605,0.05231671780347824,0.049576859921216965,0.0,0.0494140200316906,0.4606811850098893,"[0.7312604188919067, 0.7695724368095398]",0.5118,0.33148250971682397,0.34314269850083284,0.3559133814547474,0.36757357023875625,0.3603553581343698,0.3603553581343698,0.33037201554691836
209,0.32481954469739033,0.14256764269684374,0.11380413057771245,0.05020038140230907,0.393670183231538,0.052761178463697433,0.04956630803644657,0.0,0.04940318688750267,0.4608676170464605,"[0.7312604188919067, 0.7695724368095398]",0.5395,0.32593003886729593,0.3359244863964464,0.35147140477512495,0.36535258189894504,0.34980566352026654,0.34980566352026654,0.32481954469739033
210,0.3553581343697946,0.12330884757616167,0.13014778483426093,0.0657837622879368,0.413659078289839,0.05235804617404938,0.04955580271780491,0.0,0.04939154349267483,0.48536963295191526,"[0.7312604188919067, 0.7695724368095398]",0.5223,0.32926152137701276,0.3403664630760688,0.35258189894503056,0.36479733481399224,0.3564686285397002,0.3564686285397002,0.32815102720710715
211,0.3242642976124375,0.08483976469399501,0.10639009185358048,0.051470959395603255,0.39977790116601886,0.05460779741406441,0.04954587109386921,0.0,0.049380455166101456,0.4929634260479361,"[0.7312604188919067, 0.7695724368095398]",0.5626,0.31538034425319267,0.32815102720710715,0.32926152137701276,0.34869516935036093,0.3353692393114936,0.3353692393114936,0.31426985008328706
212,0.3076068850638534,0.08745506547732473,0.09027982055524873,0.055517239407492744,0.37978900610771793,0.0532219298183918,0.04953623004257679,0.0,0.049368591979146004,0.5090444750385359,"[0.7312604188919067, 0.7695724368095398]",0.5356,0.34258745141588004,0.3553581343697946,0.3403664630760688,0.35036091060521934,0.34314269850083284,0.34314269850083284,0.34147695724597443
213,0.31149361465852304,0.09241461262704531,0.09286326306832517,0.055021872267260255,0.38367573570238755,0.054212119430303574,0.04952678084373474,0.0,0.04935707151889801,0.4621880470076576,"[0.7312604188919067, 0.7695724368095398]",0.4987,0.362576346474181,0.3764575235980011,0.34314269850083284,0.35036091060521934,0.34314269850083284,0.34314269850083284,0.3614658523042754
214,0.33148250971682397,0.08433989321541202,0.12504973356443008,0.05060896066584308,0.40088839533592446,0.05428891256451607,0.04951520822942257,0.0,0.0493485014885664,0.46770437294617295,"[0.7312604188919067, 0.7695724368095398]",0.4928,0.3631315935591338,0.3770127706829539,0.34369794558578565,0.35036091060521934,0.34314269850083284,0.34314269850083284,0.3620210993892282
215,0.33148250971682397,0.10938040361208745,0.11690999737325437,0.07645441724858888,0.39922265408106605,0.0533134788274765,0.04950504191219807,0.0,0.049339136108756065,0.5104717459762469,"[0.7312604188919067, 0.7695724368095398]",0.58,0.36368684064408663,0.3781232648528595,0.3475846751804553,0.35036091060521934,0.34092171016102163,0.34092171016102163,0.362576346474181
216,0.32870627429205995,0.10574866441934272,0.11334591357332224,0.0745736984045248,0.39644641865630204,0.05426895245909691,0.049495138227939606,0.0,0.04932671785354614,0.5191866600653157,"[0.7312604188919067, 0.7695724368095398]",0.5774,0.36368684064408663,0.3781232648528595,0.3459189339255969,0.3475846751804553,0.34147695724597443,0.34147695724597443,0.362576346474181
217,0.32593003886729593,0.14499018450011347,0.12459288148170503,0.05294303047379934,0.39811215991116045,0.05526190251111984,0.04948611184954643,0.0,0.04931534454226494,0.5046461779857054,"[0.7312604188919067, 0.7695724368095398]",0.5866,0.3220433092726263,0.334258745141588,0.3081621321488062,0.3209328151027207,0.3064963908939478,0.3064963908939478,0.3209328151027207
218,0.32537479178234313,0.1444284225169945,0.12833972206578315,0.05348193913659897,0.40144364242087727,0.054530397057533264,0.049476804211735725,0.0,0.04930545762181282,0.5122601889306679,"[0.7312604188919067, 0.7695724368095398]",0.6457,0.32815102720710715,0.34147695724597443,0.32593003886729593,0.31538034425319267,0.3026096612992782,0.3026096612992782,0.32704053303720154
219,0.3464741810105497,0.12967770463655504,0.1435407909971846,0.08041223007876347,0.42365352581898946,0.05442477762699127,0.04946707934141159,0.0,0.04929530806839466,0.44947718596085906,"[0.7312604188919067, 0.7695724368095398]",0.5286,0.36868406440866186,0.38367573570238755,0.362576346474181,0.3353692393114936,0.3392559689061632,0.3392559689061632,0.36757357023875625
220,0.33092726263187117,0.09503676639225656,0.11034811919264494,0.05888077625753466,0.4053303720155469,0.05500201880931854,0.04945708252489567,0.0,0.04928545653820038,0.46288188092876226,"[0.7312604188919067, 0.7695724368095398]",0.54,0.36646307606885065,0.38200999444752914,0.35147140477512495,0.3348139922265408,0.3375902276513048,0.3375902276513048,0.36535258189894504
221,0.32648528595224874,0.07578626023954271,0.12948492277263984,0.045533602213400616,0.39922265408106605,0.05321398377418518,0.049447670578956604,0.0,0.04927516728639603,0.4462790689431131,"[0.7312604188919067, 0.7695724368095398]",0.5454,0.3620210993892282,0.3764575235980011,0.3464741810105497,0.32870627429205995,0.32981676846196556,0.32981676846196556,0.3609106052193226
222,0.3381454747362576,0.08281288851785806,0.08392630355446679,0.04810242273127333,0.38200999444752914,0.052135907113552094,0.049437692388892174,0.0,0.04926582612097263,0.4475076029775664,"[0.7312604188919067, 0.7695724368095398]",0.5368,0.3603553581343698,0.3764575235980011,0.337034980566352,0.3325930038867296,0.32648528595224874,0.32648528595224874,0.3592448639644642
223,0.3459189339255969,0.12675445312101274,0.14675188974133202,0.08363092174401154,0.41976679622431984,0.05664856731891632,0.04942637123167515,0.0,0.04925776273012161,0.45953760389238596,"[0.7312604188919067, 0.7695724368095398]",0.5072,0.34314269850083284,0.3553581343697946,0.3442531926707385,0.35202665186007775,0.3392559689061632,0.3392559689061632,0.34203220433092724
224,0.3442531926707385,0.1246199244376035,0.1457124537442783,0.08217969139724855,0.4181010549694614,0.055086493492126465,0.04941747337579727,0.0,0.049246639013290405,0.46291649399790913,"[0.7312604188919067, 0.7695724368095398]",0.5179,0.3581343697945586,0.3736812881732371,0.3331482509716824,0.33037201554691836,0.3242642976124375,0.3242642976124375,0.357023875624653
225,0.33092726263187117,0.09083235024029934,0.13068950377061658,0.06196356173864936,0.4031093836757357,0.05484253168106079,0.0494095403701067,0.0,0.04923473112285137,0.4563787740189582,"[0.7312604188919067, 0.7695724368095398]",0.5409,0.3581343697945586,0.3736812881732371,0.3325930038867296,0.33037201554691836,0.3237090505274847,0.3237090505274847,0.357023875624653
226,0.3403664630760688,0.0960951395196552,0.13028847533659105,0.057982719195501034,0.4047751249305941,0.05505179241299629,0.04940161667764187,0.0,0.04922262765467167,0.4275614279322326,"[0.7312604188919067, 0.7695724368095398]",0.5171,0.3581343697945586,0.3736812881732371,0.3325930038867296,0.33037201554691836,0.3237090505274847,0.3237090505274847,0.357023875624653
227,0.34147695724597443,0.09720800447003308,0.13209250893004018,0.05859096329483062,0.4058856191004997,0.05501050502061844,0.0493947509676218,0.0,0.04921046830713749,0.5017000460065901,"[0.7312604188919067, 0.7695724368095398]",0.6816,0.36923931149361466,0.38367573570238755,0.3764575235980011,0.3375902276513048,0.3470294280955025,0.3470294280955025,0.36812881732370906
228,0.3392559689061632,0.0886937457532131,0.07755788740245416,0.07611840935287356,0.38367573570238755,0.05276495963335037,0.049388300627470016,0.0,0.049198077991604805,0.6799518020125106,"[0.7312604188919067, 0.7695724368095398]",0.5462,0.36923931149361466,0.38367573570238755,0.3759022765130483,0.3381454747362576,0.3470294280955025,0.3470294280955025,0.36812881732370906
229,0.3392559689061632,0.08877356308546325,0.07739986689888935,0.07546937437095246,0.38367573570238755,0.05073806643486023,0.049381282180547714,0.0,0.04918551445007324,0.5778703620890155,"[0.7312604188919067, 0.7695724368095398]",0.6845,0.36979455857856747,0.38423098278734036,0.3775680177679067,0.3381454747362576,0.34869516935036093,0.34869516935036093,0.36868406440866186
230,0.34314269850083284,0.10122651120311998,0.07991592955595227,0.07795154358042193,0.3914491948917268,0.0510229729115963,0.04937584884464741,0.0,0.04917113110423088,0.4572725520702079,"[0.7312604188919067, 0.7695724368095398]",0.5364,0.31426985008328706,0.32648528595224874,0.3026096612992782,0.3325930038867296,0.31593559133814547,0.31593559133814547,0.31315935591338145
231,0.3364797334813992,0.1001141062312707,0.09502352538759742,0.0792353554650257,0.3897834536368684,0.05210791528224945,0.049369778484106064,0.0,0.049158450216054916,0.544646681053564,"[0.7312604188919067, 0.7695724368095398]",0.526,0.359800111049417,0.3747917823431427,0.3381454747362576,0.33092726263187117,0.32593003886729593,0.32593003886729593,0.3586896168795114
232,0.31315935591338145,0.11213219836290389,0.10705437015873992,0.07122504409351943,0.390893947806774,0.057901401072740555,0.04936370067298412,0.0,0.049146415665745735,0.50399772496894,"[0.7312604188919067, 0.7695724368095398]",0.5163,0.359800111049417,0.3753470294280955,0.3387007218212104,0.3325930038867296,0.32593003886729593,0.32593003886729593,0.3586896168795114
233,0.31538034425319267,0.11486565936266968,0.11135022699711393,0.07280968306830703,0.3931149361465852,0.05610579997301102,0.049358146265149117,0.0,0.0491346251219511,0.45941040094476193,"[0.7312604188919067, 0.7695724368095398]",0.5454,0.3592448639644642,0.3747917823431427,0.3387007218212104,0.3337034980566352,0.32593003886729593,0.32593003886729593,0.3581343697945586
234,0.31538034425319267,0.11471286601370767,0.11130125823276261,0.07294714870217339,0.3931149361465852,0.0561038963496685,0.049351735040545464,0.0,0.04912320524454117,0.46435484499670565,"[0.7312604188919067, 0.7695724368095398]",0.5311,0.357023875624653,0.3725707940033315,0.3359244863964464,0.3337034980566352,0.3237090505274847,0.3237090505274847,0.3559133814547474
235,0.35369239311493617,0.1299332746472297,0.11403170629552999,0.10082721445220603,0.3920044419766796,0.055438291281461716,0.04934578947722912,0.0,0.049109892919659615,0.45650985301472247,"[0.7312604188919067, 0.7695724368095398]",0.5176,0.3387007218212104,0.35424764019988897,0.31426985008328706,0.30927262631871183,0.303164908384231,0.303164908384231,0.3375902276513048
236,0.35258189894503056,0.12621452945682543,0.09674463009949312,0.08704140011233272,0.3920044419766796,0.049353647977113724,0.04933892376720905,0.0,0.04909925162792206,0.4538696960080415,"[0.7312604188919067, 0.7695724368095398]",0.5228,0.36479733481399224,0.3792337590227651,0.3586896168795114,0.3320377568017768,0.3325930038867296,0.3325930038867296,0.36368684064408663
237,0.3381454747362576,0.11184990588089272,0.08728088686015165,0.07101438268434114,0.39866740699611325,0.049133241176605225,0.04933316633105278,0.0,0.04908674396574497,0.4382005659863353,"[0.7312604188919067, 0.7695724368095398]",0.5099,0.3348139922265408,0.34813992226540813,0.33037201554691836,0.29983342587451417,0.29927817878956137,0.29927817878956137,0.3337034980566352
238,0.31538034425319267,0.08820947466273366,0.08982114114236499,0.05921270162580472,0.39700166574125484,0.04899311810731888,0.04932715557515621,0.0,0.049073999747633934,0.4519797849934548,"[0.7312604188919067, 0.7695724368095398]",0.5423,0.3237090505274847,0.3353692393114936,0.31204886174347585,0.3220433092726263,0.3070516379789006,0.3070516379789006,0.3225985563575791
239,0.303164908384231,0.07774845856517931,0.09018254855791953,0.053786223358473585,0.39755691282620764,0.04883788526058197,0.049321169033646584,0.0,0.049061357975006104,0.4489278109977022,"[0.7312604188919067, 0.7695724368095398]",0.5057,0.3048306496390894,0.3170460855080511,0.3064963908939478,0.280399777901166,0.2892837312604109,0.2892837312604109,0.3037201554691838
240,0.29594669627984455,0.07004810065138678,0.08777116840081034,0.04872971299278621,0.39700166574125484,0.049116138368844986,0.04931526072323322,0.0,0.049047986045479774,0.4506533539388329,"[0.7312604188919067, 0.7695724368095398]",0.5272,0.3337034980566352,0.3475846751804553,0.31149361465852304,0.29428095502498614,0.29428095502498614,0.29428095502498614,0.3325930038867296
241,0.3042754025541366,0.06009526276813493,0.08020037058322027,0.05133546706937833,0.38312048861743475,0.0508345328271389,0.049309488385915756,0.0,0.049034878611564636,0.4388161329552531,"[0.7312604188919067, 0.7695724368095398]",0.5423,0.3020544142143254,0.31315935591338145,0.30927262631871183,0.29483620210993894,0.300388672959467,0.300388672959467,0.3009439200444198
242,0.3009439200444198,0.06097576631767876,0.08266255847672675,0.05225950179138926,0.3892282065519156,0.05819404870271683,0.049302963539958,0.0,0.049021895974874496,0.5756499909330159,"[0.7312604188919067, 0.7695724368095398]",0.5557,0.3076068850638534,0.3170460855080511,0.3237090505274847,0.29650194336479735,0.3076068850638534,0.3076068850638534,0.3064963908939478
243,0.2670738478622987,0.09489562433135235,0.08260836948353359,0.037082813166756066,0.3786785119378123,0.05662960559129715,0.04929737187922001,0.0,0.049009351059794426,0.452068006969057,"[0.7312604188919067, 0.7695724368095398]",0.5744,0.29372570794003333,0.29872293170460856,0.3076068850638534,0.28262076624097726,0.2909494725152693,0.2909494725152693,0.2926152137701277
244,0.3192670738478623,0.13646371977951932,0.1114867590202713,0.028575489379707632,0.3720155469183787,0.056231483817100525,0.049290260300040245,0.0,0.04899940825998783,0.43581273104064167,"[0.7312604188919067, 0.7695724368095398]",0.5238,0.29428095502498614,0.303164908384231,0.29428095502498614,0.2859522487506941,0.2659633536923931,0.2659633536923931,0.29317046085508053
245,0.28317601332593006,0.03877929334646324,0.08343305091861587,0.041105268044494284,0.37978900610771793,0.05313051491975784,0.04928375408053398,0.0,0.04898885451257229,0.4365465429145843,"[0.7312604188919067, 0.7695724368095398]",0.5154,0.2926152137701277,0.29816768461965576,0.3081621321488062,0.27429205996668515,0.28317601332593006,0.28317601332593006,0.2915047196002221
246,0.27540255413659076,0.10844830960975582,0.08346459869797883,0.03795625364135898,0.3781232648528595,0.052751824259757996,0.049273570999503136,0.0,0.048978591337800026,0.46139357797801495,"[0.7312604188919067, 0.7695724368095398]",0.5394,0.29372570794003333,0.29927817878956137,0.31038312048861744,0.28428650749583567,0.29372570794003333,0.29372570794003333,0.2926152137701277
247,0.2792892837312604,0.11349321590594086,0.08454095535233837,0.04144237092408786,0.3886729594669628,0.05286404490470886,0.04926297254860401,0.0,0.04896889626979828,0.44597959995735437,"[0.7312604188919067, 0.7695724368095398]",0.5352,0.29428095502498614,0.29927817878956137,0.31149361465852304,0.29428095502498614,0.3009439200444198,0.3009439200444198,0.29317046085508053
248,0.3042754025541366,0.10400108949892184,0.09298515320106343,0.016572420801178,0.36979455857856747,0.05701339617371559,0.04925351217389107,0.0,0.04896420054137707,0.5737520590191707,"[0.7312604188919067, 0.7695724368095398]",0.7947,0.2898389783453637,0.29483620210993894,0.30982787340366463,0.27595780122154356,0.2881732370905053,0.2881732370905053,0.2887284841754581
249,0.31538034425319267,0.03430711499732775,0.09489203967311975,0.024680798866180343,0.3759022765130483,0.055412955582141876,0.04924593307077885,0.0,0.04895428381860256,0.473197930958122,"[0.7312604188919067, 0.7695724368095398]",0.6124,0.3203775680177679,0.3348139922265408,0.3053858967240422,0.32926152137701276,0.300388672959467,0.300388672959467,0.3192670738478623
250,0.3220433092726263,0.048916125064388805,0.11188586652153876,0.031085160812196325,0.38145474736257634,0.05470523238182068,0.049237653613090515,0.0,0.04894351214170456,0.4984485520981252,"[0.7312604188919067, 0.7695724368095398]",0.5949,0.35313714602998336,0.36757357023875625,0.334258745141588,0.3320377568017768,0.31538034425319267,0.31538034425319267,0.35202665186007775
251,0.3331482509716824,0.14938894064562258,0.11474646916337844,0.045381233290419334,0.3931149361465852,0.05709204450249672,0.04923018254339695,0.0,0.048931652680039406,0.4659296739846468,"[0.7312604188919067, 0.7695724368095398]",0.5746,0.3564686285397002,0.37034980566352027,0.3353692393114936,0.339811215991116,0.3225985563575791,0.3225985563575791,0.3553581343697946
252,0.305941143808995,0.059049674653755324,0.08368806139618888,0.0625863360000069,0.38312048861743475,0.05698947235941887,0.04922247678041458,0.0,0.048919474706053734,0.4688351039076224,"[0.7312604188919067, 0.7695724368095398]",0.5504,0.357023875624653,0.3709050527484731,0.3337034980566352,0.34203220433092724,0.32704053303720154,0.32704053303720154,0.3559133814547474
253,0.32926152137701276,0.1459556303676901,0.13010519545677482,0.050817401116376254,0.39755691282620764,0.05739312246441841,0.049214133992791176,0.0,0.0489065907895565,0.45718996005598456,"[0.7312604188919067, 0.7695724368095398]",0.5794,0.34314269850083284,0.3559133814547474,0.3448084397556913,0.3559133814547474,0.3392559689061632,0.3392559689061632,0.34203220433092724
254,0.32981676846196556,0.14694056465461758,0.13017598637718394,0.05151324107260626,0.39700166574125484,0.05692559853196144,0.04920669086277485,0.0,0.04889331012964249,0.45414157200139016,"[0.7312604188919067, 0.7695724368095398]",0.5074,0.3448084397556913,0.357023875624653,0.34980566352026654,0.3586896168795114,0.3470294280955025,0.3470294280955025,0.34369794558578565
255,0.334258745141588,0.07670643064819571,0.12608151510867466,0.04263041977480609,0.3942254303164908,0.05578244477510452,0.04920113831758499,0.0,0.04888102784752846,0.4688905350631103,"[0.7312604188919067, 0.7695724368095398]",0.4936,0.3403664630760688,0.35424764019988897,0.32926152137701276,0.35369239311493617,0.3231538034425319,0.3231538034425319,0.3392559689061632
256,0.3337034980566352,0.08447509185114221,0.129056496174161,0.0506768733083463,0.40088839533592446,0.05531401187181473,0.04919791407883167,0.0,0.04886877164244652,0.46703645400702953,"[0.7312604188919067, 0.7695724368095398]",0.5124,0.34869516935036093,0.3614658523042754,0.3464741810105497,0.3559133814547474,0.34258745141588004,0.34258745141588004,0.3475846751804553
257,0.357023875624653,0.11838394188724422,0.11688001697132955,0.05900463498888393,0.4047751249305941,0.05365205556154251,0.049201881512999535,0.0,0.04886844381690025,0.47693445696495473,"[0.7312604188919067, 0.7695724368095398]",0.5159,0.3364797334813992,0.34925041643531374,0.3348139922265408,0.3453636868406441,0.33148250971682397,0.33148250971682397,0.3353692393114936
258,0.35036091060521934,0.12567011335911427,0.12780754562177876,0.07102041585798438,0.4053303720155469,0.054222222417593,0.04920768737792969,0.0,0.04887260124087334,0.5173639230197296,"[0.7312604188919067, 0.7695724368095398]",0.6075,0.3459189339255969,0.3603553581343698,0.3348139922265408,0.34813992226540813,0.3325930038867296,0.3325930038867296,0.3448084397556913
259,0.34258745141588004,0.11682887664876207,0.12080794774927948,0.06686531449657492,0.39811215991116045,0.055223457515239716,0.04919286631047726,0.0,0.048867346718907356,0.48551143798977137,"[0.7312604188919067, 0.7695724368095398]",0.5365,0.30927262631871183,0.3214880621876735,0.32537479178234313,0.3442531926707385,0.32870627429205995,0.32870627429205995,0.3081621321488062
260,0.3320377568017768,0.10454595426106761,0.11546503867814334,0.059160204719607014,0.3875624652970572,0.05536883696913719,0.04917697608470917,0.0,0.04885602928698063,0.4772849719738588,"[0.7312604188919067, 0.7695724368095398]",0.5754,0.30927262631871183,0.3220433092726263,0.32481954469739033,0.34314269850083284,0.32537479178234313,0.32537479178234313,0.3081621321488062
261,0.3192670738478623,0.0811304791839802,0.1084778976479788,0.03692488680964859,0.37978900610771793,0.05621767044067383,0.04916447214782238,0.0,0.04884627275168896,0.5008484169375151,"[0.7312604188919067, 0.7695724368095398]",0.5818,0.31149361465852304,0.32481954469739033,0.32759578012215435,0.3459189339255969,0.32648528595224874,0.32648528595224874,0.31038312048861744
262,0.3242642976124375,0.08820444895203383,0.10918913768109163,0.03936814364864385,0.38478622987229316,0.054638832807540894,0.04915071465075016,0.0,0.04883573390543461,0.47430471202824265,"[0.7312604188919067, 0.7695724368095398]",0.5315,0.31593559133814547,0.32815102720710715,0.32481954469739033,0.3448084397556913,0.32815102720710715,0.32815102720710715,0.31482509716823986
263,0.32815102720710715,0.09306035374312738,0.11014278586866827,0.04232567576331947,0.3886729594669628,0.05451678857207298,0.049138182774186134,0.0,0.04882604815065861,0.4726594550302252,"[0.7312604188919067, 0.7695724368095398]",0.812,0.339811215991116,0.3548028872848418,0.3242642976124375,0.33037201554691836,0.31371460299833426,0.31371460299833426,0.3387007218212104
264,0.32870627429205995,0.0693986247466114,0.12422095202135446,0.03994548383138698,0.3892282065519156,0.05459761992096901,0.049126118421554565,0.0,0.0488173495978117,0.5173027169657871,"[0.7312604188919067, 0.7695724368095398]",0.5695,0.30927262631871183,0.3214880621876735,0.3225985563575791,0.34092171016102163,0.32537479178234313,0.32537479178234313,0.3081621321488062
265,0.33092726263187117,0.07328393307265335,0.12299139755957178,0.04216625744440847,0.390893947806774,0.054504893720149994,0.04911425895988941,0.0,0.048808466643095016,0.5158361949725077,"[0.7312604188919067, 0.7695724368095398]",0.5756,0.308717379233759,0.3209328151027207,0.3225985563575791,0.34147695724597443,0.32537479178234313,0.32537479178234313,0.3076068850638534
266,0.3320377568017768,0.07482205102605965,0.12343915428337579,0.042608635239372944,0.3920044419766796,0.05442120134830475,0.04910329170525074,0.0,0.04879979230463505,0.5002809639554471,"[0.7312604188919067, 0.7695724368095398]",0.5094,0.3387007218212104,0.35369239311493617,0.3209328151027207,0.32981676846196556,0.31538034425319267,0.31538034425319267,0.3375902276513048
267,0.33092726263187117,0.07186983455611129,0.1245435260880756,0.042633921829505345,0.390893947806774,0.05473994463682175,0.04909267835319042,0.0,0.04879123345017433,0.48137338599190116,"[0.7312604188919067, 0.7695724368095398]",0.5029,0.339811215991116,0.3548028872848418,0.3231538034425319,0.32704053303720154,0.31315935591338145,0.31315935591338145,0.3387007218212104
268,0.33092726263187117,0.07203334207050427,0.12320791326482801,0.04182252248863838,0.390893947806774,0.05445956066250801,0.04908268339931965,0.0,0.04878262244164944,0.4811670780181885,"[0.7312604188919067, 0.7695724368095398]",0.5124,0.339811215991116,0.3548028872848418,0.3231538034425319,0.32704053303720154,0.31315935591338145,0.31315935591338145,0.3387007218212104
269,0.32704053303720154,0.06095579960283992,0.11218041974671647,0.030520724392415446,0.3870072182121044,0.05470435321331024,0.049072833731770515,0.0,0.04877408966422081,0.48382739000953734,"[0.7312604188919067, 0.7695724368095398]",0.528,0.34203220433092724,0.3564686285397002,0.32648528595224874,0.32815102720710715,0.31426985008328706,0.31426985008328706,0.34092171016102163
270,0.32704053303720154,0.06110524699403064,0.11340457803031705,0.0308036449877179,0.3870072182121044,0.0549824982881546,0.04906325973570347,0.0,0.048765404149889946,0.46820398699492216,"[0.7312604188919067, 0.7695724368095398]",0.5181,0.34314269850083284,0.3575791227096058,0.32759578012215435,0.32926152137701276,0.31426985008328706,0.31426985008328706,0.34203220433092724
271,0.3375902276513048,0.08557241710392871,0.13069318137429317,0.05161286254849835,0.39866740699611325,0.054923564195632935,0.04905373603105545,0.0,0.04875706881284714,0.5500029280083254,"[0.7312604188919067, 0.7695724368095398]",0.5207,0.3331482509716824,0.3475846751804553,0.337034980566352,0.3459189339255969,0.32926152137701276,0.32926152137701276,0.3320377568017768
272,0.3375902276513048,0.08550041413524878,0.13063916234291711,0.050762506612676235,0.39866740699611325,0.05523816868662834,0.049043577164411545,0.0,0.04874877445399761,0.5160355229163542,"[0.7312604188919067, 0.7695724368095398]",0.5374,0.3320377568017768,0.3459189339255969,0.337034980566352,0.3470294280955025,0.32815102720710715,0.32815102720710715,0.33092726263187117
273,0.32704053303720154,0.1362387178035226,0.1172224003760376,0.03117292088972805,0.3886729594669628,0.05673825740814209,0.0490330308675766,0.0,0.04874090477824211,0.5098738729720935,"[0.7312604188919067, 0.7695724368095398]",0.5407,0.3337034980566352,0.34813992226540813,0.34092171016102163,0.3464741810105497,0.3320377568017768,0.3320377568017768,0.3325930038867296
274,0.362576346474181,0.1232724521850046,0.12649809114904703,0.064100987083713,0.40755136035535816,0.054192014038562775,0.04902313090860844,0.0,0.048733554780483246,0.4603714830009267,"[0.7312604188919067, 0.7695724368095398]",0.5094,0.33037201554691836,0.3448084397556913,0.3359244863964464,0.3475846751804553,0.32926152137701276,0.32926152137701276,0.32926152137701276
275,0.34258745141588004,0.12360457517682988,0.124226302084465,0.08704585267750387,0.4036646307606885,0.05648297443985939,0.049012815579771996,0.0,0.048727722838521004,0.48200318997260183,"[0.7312604188919067, 0.7695724368095398]",0.5284,0.32981676846196556,0.3442531926707385,0.3348139922265408,0.34813992226540813,0.32815102720710715,0.32815102720710715,0.32870627429205995
276,0.3459189339255969,0.12836030119868114,0.12932230199991443,0.08753468068298431,0.40699611327040536,0.05713978037238121,0.04900262504816055,0.0,0.048723768442869186,0.4797771960729733,"[0.7312604188919067, 0.7695724368095398]",0.5756,0.34203220433092724,0.3553581343697946,0.3375902276513048,0.34813992226540813,0.34203220433092724,0.34203220433092724,0.34092171016102163
277,0.3442531926707385,0.12679666168138493,0.13167095655418332,0.08531869543926163,0.4047751249305941,0.057182371616363525,0.04899223521351814,0.0,0.04872013255953789,0.4709188749548048,"[0.7312604188919067, 0.7695724368095398]",0.5524,0.35369239311493617,0.36757357023875625,0.34314269850083284,0.34869516935036093,0.34369794558578565,0.34369794558578565,0.35258189894503056
278,0.3042754025541366,0.12569496048556383,0.09057308855243143,0.06086871962954852,0.3792337590227651,0.060041189193725586,0.0489827711135149,0.0,0.04871494323015213,0.44494381197728217,"[0.7312604188919067, 0.7695724368095398]",0.5399,0.3548028872848418,0.36812881732370906,0.3453636868406441,0.35147140477512495,0.34369794558578565,0.34369794558578565,0.35369239311493617
279,0.3064963908939478,0.12774797607350108,0.09299706645400077,0.061547714735207884,0.38200999444752914,0.05869879946112633,0.0489730853587389,0.0,0.04871082678437233,0.4438022179529071,"[0.7312604188919067, 0.7695724368095398]",0.5411,0.3548028872848418,0.36812881732370906,0.3459189339255969,0.35147140477512495,0.3442531926707385,0.3442531926707385,0.35369239311493617
280,0.305941143808995,0.1276267106460348,0.09287337270894637,0.06158891531685952,0.38145474736257634,0.05854438990354538,0.0489618182182312,0.0,0.04870780184864998,0.4815582960145548,"[0.7312604188919067, 0.7695724368095398]",0.5432,0.35369239311493617,0.36701832315380345,0.3464741810105497,0.35258189894503056,0.3453636868406441,0.3453636868406441,0.35258189894503056
281,0.3053858967240422,0.1267159565499666,0.09304854902148135,0.061658725847242864,0.38145474736257634,0.05872087553143501,0.04895281605422497,0.0,0.04870826192200184,0.4338526800274849,"[0.7312604188919067, 0.7695724368095398]",0.5237,0.36646307606885065,0.38089950027762354,0.3453636868406441,0.34369794558578565,0.3459189339255969,0.3459189339255969,0.36535258189894504
282,0.3042754025541366,0.12569021815775472,0.09276678639670377,0.06254357316214658,0.38145474736257634,0.05872952193021774,0.04894136264920235,0.0,0.04870458133518696,0.4398355740122497,"[0.7312604188919067, 0.7695724368095398]",0.6463,0.3348139922265408,0.34869516935036093,0.3164908384230983,0.34314269850083284,0.3220433092726263,0.3220433092726263,0.3337034980566352
283,0.3042754025541366,0.12569733163017627,0.09292820054991638,0.062406444518064194,0.38145474736257634,0.05877774581313133,0.0489306952804327,0.0,0.04870052449405193,0.4672523640329018,"[0.7312604188919067, 0.7695724368095398]",0.5251,0.3725707940033315,0.3875624652970572,0.36646307606885065,0.3403664630760688,0.34314269850083284,0.34314269850083284,0.3714602998334259
284,0.3042754025541366,0.125403889508775,0.09278967358983033,0.06171500519405386,0.38145474736257634,0.05881870537996292,0.0489215012639761,0.0,0.0486963652074337,0.4727080500451848,"[0.7312604188919067, 0.7695724368095398]",0.524,0.35147140477512495,0.36424208772903943,0.3364797334813992,0.35313714602998336,0.337034980566352,0.337034980566352,0.35036091060521934
285,0.3375902276513048,0.14742737375745452,0.15224656508746157,0.09405216014474659,0.4169905607995558,0.05834568291902542,0.048912473022937775,0.0,0.048692140728235245,0.47910726198460907,"[0.7312604188919067, 0.7695724368095398]",0.5897,0.34980566352026654,0.362576346474181,0.3348139922265408,0.35147140477512495,0.3353692393114936,0.3353692393114936,0.34869516935036093
286,0.3381454747362576,0.17228222397352277,0.1546152168286609,0.09522119986935187,0.41865630205441423,0.058587610721588135,0.048903100192546844,0.0,0.04868685454130173,0.5187444729963318,"[0.7312604188919067, 0.7695724368095398]",0.5702,0.34980566352026654,0.362576346474181,0.3364797334813992,0.35202665186007775,0.3359244863964464,0.3359244863964464,0.34869516935036093
287,0.337034980566352,0.1706037130089535,0.1531805338782302,0.09485554751338263,0.4181010549694614,0.05874818563461304,0.048893725499510765,0.0,0.04868154227733612,0.47497355507221073,"[0.7312604188919067, 0.7695724368095398]",0.5242,0.34813992226540813,0.3614658523042754,0.3364797334813992,0.35147140477512495,0.3348139922265408,0.3348139922265408,0.3470294280955025
288,0.3470294280955025,0.16474703537048507,0.15886586229025923,0.10520686000861353,0.42198778456413105,0.0587291345000267,0.04888377711176872,0.0,0.048677148297429085,0.5697928860317916,"[0.7312604188919067, 0.7695724368095398]",0.6451,0.3609106052193226,0.3747917823431427,0.3320377568017768,0.34203220433092724,0.339811215991116,0.339811215991116,0.359800111049417
289,0.3453636868406441,0.1647484484913282,0.16086547101937765,0.10728844675842168,0.42420877290394227,0.05909477919340134,0.04887490160763264,0.0,0.04867280088365078,0.44818749697878957,"[0.7312604188919067, 0.7695724368095398]",0.5546,0.3187118267629095,0.3320377568017768,0.3026096612992782,0.337034980566352,0.3187118267629095,0.3187118267629095,0.3176013325930039
290,0.3459189339255969,0.16483960313723767,0.16016516827335722,0.10741521264590574,0.42476401998889507,0.05923604965209961,0.04886600002646446,0.0,0.048668500036001205,0.4778758039465174,"[0.7312604188919067, 0.7695724368095398]",0.5055,0.3164908384230983,0.32926152137701276,0.300388672959467,0.3348139922265408,0.3181565796779567,0.3181565796779567,0.31538034425319267
291,0.3448084397556913,0.1626252803490118,0.1573143671180869,0.10508082688556562,0.42365352581898946,0.05923924967646599,0.048857247456908226,0.0,0.048664575442671776,0.6371061470126733,"[0.7312604188919067, 0.7695724368095398]",0.8412,0.31482509716823986,0.32759578012215435,0.29816768461965576,0.3320377568017768,0.31538034425319267,0.31538034425319267,0.31371460299833426
292,0.3453636868406441,0.1625773186118381,0.15520133954439994,0.10510197849332122,0.42420877290394227,0.05929987132549286,0.04884824715554714,0.0,0.04866056330502033,0.502057404955849,"[0.7312604188919067, 0.7695724368095398]",0.5946,0.34258745141588004,0.3564686285397002,0.32870627429205995,0.32481954469739033,0.31149361465852304,0.31149361465852304,0.34147695724597443
293,0.3209328151027207,0.07307154940957639,0.08783338558022051,0.0727680430844592,0.38534147695724597,0.058784596621990204,0.04883955232799053,0.0,0.04865657910704613,0.6219307719729841,"[0.7312604188919067, 0.7695724368095398]",0.5272,0.3609106052193226,0.3747917823431427,0.35258189894503056,0.3786785119378123,0.36535258189894504,0.36535258189894504,0.359800111049417
294,0.3203775680177679,0.07223320682105716,0.08778232592683428,0.07269509814988268,0.38478622987229316,0.05792851746082306,0.04883106052875519,0.0,0.04865249805152416,0.4553177070338279,"[0.7312604188919067, 0.7695724368095398]",0.5364,0.362576346474181,0.3759022765130483,0.35147140477512495,0.3764575235980011,0.36535258189894504,0.36535258189894504,0.3614658523042754
295,0.3203775680177679,0.07334041505860078,0.08903164782312713,0.0725008555304378,0.38534147695724597,0.057746708393096924,0.04882250353693962,0.0,0.04864870384335518,0.4709955899743363,"[0.7312604188919067, 0.7695724368095398]",0.6649,0.34813992226540813,0.3620210993892282,0.33148250971682397,0.3348139922265408,0.3192670738478623,0.3192670738478623,0.3470294280955025
296,0.3203775680177679,0.07293551244104979,0.09100667568415738,0.07423302112381727,0.38423098278734036,0.057596877217292786,0.04881381802260876,0.0,0.04864474758505821,0.4274767419556156,"[0.7312604188919067, 0.7695724368095398]",0.6249,0.34980566352026654,0.36368684064408663,0.3320377568017768,0.337034980566352,0.3209328151027207,0.3209328151027207,0.34869516935036093
297,0.3192670738478623,0.07149528288993678,0.09214297798043161,0.07470543507255807,0.38478622987229316,0.05742453783750534,0.04880562238395214,0.0,0.04864105395972729,0.4271819160785526,"[0.7312604188919067, 0.7695724368095398]",0.5156,0.357023875624653,0.3709050527484731,0.35091615769017215,0.36812881732370906,0.3609106052193226,0.3609106052193226,0.3559133814547474
298,0.3331482509716824,0.12688992117389863,0.11359300648867646,0.0812435533595201,0.39700166574125484,0.05756673216819763,0.048797084018588066,0.0,0.0486371498554945,0.4538148259744048,"[0.7312604188919067, 0.7695724368095398]",0.5209,0.3548028872848418,0.36868406440866186,0.3548028872848418,0.3742365352581899,0.36646307606885065,0.36646307606885065,0.35369239311493617
299,0.3320377568017768,0.12492553234026971,0.110314474351355,0.07931222605655017,0.39533592448639643,0.05747034773230553,0.0487890038639307,0.0,0.04863315261900425,0.44661765499040484,"[0.7312604188919067, 0.7695724368095398]",0.5152,0.3553581343697946,0.36923931149361466,0.3559133814547474,0.3770127706829539,0.36979455857856747,0.36979455857856747,0.35424764019988897
300,0.339811215991116,0.09242719121429066,0.13138936574288554,0.052727406159380215,0.4058856191004997,0.0577203705906868,0.04878110624849796,0.0,0.048628803342580795,0.49455986300017685,"[0.7312604188919067, 0.7695724368095398]",,,,,,,,
