round,ACC,Kappa,NMI,ARI,PURITY,alignment_loss,mean_reconstruction_loss,mean_consensus_loss,mean_local_total_loss,round_seconds,observed_rates,completion_eval_seconds,C025_ACC,C050_ACC,C075_ACC,C100_ACC,D0_ACC,E0_ACC,G0_ACC
1,0.2814070351758794,0.16159302334145986,0.17351740778125443,0.07871917778269526,0.4334170854271357,0.10259994119405746,0.21415840275585651,0.0,0.19683725200593472,1.8390676190610975,"[0.6419597864151001, 0.7286431789398193, 0.733668327331543, 0.7311557531356812]",0.7923,0.33040201005025127,0.33291457286432163,0.30778894472361806,0.33040201005025127,0.3203517587939699,0.3203517587939699,0.32537688442211055
2,0.292713567839196,0.15495432980592994,0.1970769427019676,0.07756839466531319,0.435929648241206,0.0953424721956253,0.19993096590042114,0.0,0.1847772989422083,0.8026270610280335,"[0.6419597864151001, 0.7286431789398193, 0.733668327331543, 0.7311557531356812]",0.7086,0.3278894472361809,0.32537688442211055,0.29773869346733667,0.2650753768844221,0.2600502512562814,0.2600502512562814,0.32914572864321606
3,0.34296482412060303,0.21367792579664824,0.18996744585339262,0.06773383417425727,0.4158291457286432,0.0936381071805954,0.1875122170895338,0.0,0.17425565607845783,0.7190511890221387,"[0.6419597864151001, 0.7286431789398193, 0.733668327331543, 0.7311557531356812]",0.7302,0.32914572864321606,0.31909547738693467,0.2537688442211055,0.29773869346733667,0.27261306532663315,0.27261306532663315,0.3316582914572864
4,0.32160804020100503,0.2185039871132427,0.21568511145535066,0.08668377567075522,0.45979899497487436,0.0922333300113678,0.1766478568315506,0.0,0.1650625430047512,0.7428898299112916,"[0.6419597864151001, 0.7286431789398193, 0.733668327331543, 0.7311557531356812]",0.7699,0.33040201005025127,0.3278894472361809,0.30778894472361806,0.33668341708542715,0.2964824120603015,0.2964824120603015,0.3241206030150754
5,0.32537688442211055,0.20753877470810056,0.19933757952044995,0.10249903473624644,0.47110552763819097,0.09116943925619125,0.1670975126326084,0.0,0.15695483051240444,0.7617595210904256,"[0.6419597864151001, 0.7286431789398193, 0.733668327331543, 0.7311557531356812]",0.7784,0.32537688442211055,0.3203517587939699,0.30402010050251255,0.29773869346733667,0.3015075376884422,0.3015075376884422,0.3203517587939699
6,0.31909547738693467,0.2100355036519873,0.2091760242322827,0.08500608830358633,0.4396984924623116,0.09220413118600845,0.15867142751812935,0.0,0.14977187756448984,0.783246687031351,"[0.6419597864151001, 0.7286431789398193, 0.733668327331543, 0.7311557531356812]",0.7364,0.3442211055276382,0.34296482412060303,0.3203517587939699,0.30778894472361806,0.30025125628140703,0.30025125628140703,0.3417085427135678
7,0.3391959798994975,0.22780589285450803,0.20736739027320306,0.09138596133411245,0.457286432160804,0.09205061197280884,0.15114363096654415,0.0,0.14324219524860382,0.7335007059155032,"[0.6419597864151001, 0.7286431789398193, 0.733668327331543, 0.7311557531356812]",0.71,0.3341708542713568,0.33668341708542715,0.34045226130653267,0.32160804020100503,0.29020100502512564,0.29020100502512564,0.33291457286432163
8,0.31532663316582915,0.17580966602641912,0.19455123061027715,0.07262636053429224,0.40703517587939697,0.0914289727807045,0.1443312969058752,0.0,0.13727256655693054,0.8180525250500068,"[0.6419597864151001, 0.7286431789398193, 0.733668327331543, 0.7311557531356812]",0.719,0.2889447236180904,0.2851758793969849,0.3944723618090452,0.3316582914572864,0.35175879396984927,0.35175879396984927,0.2889447236180904
9,0.3178391959798995,0.18879323450089236,0.17981783435983148,0.05082905694542613,0.3944723618090452,0.09174619615077972,0.13809849228709936,0.0,0.13168986700475216,0.7345140699762851,"[0.6419597864151001, 0.7286431789398193, 0.733668327331543, 0.7311557531356812]",0.7239,0.3027638190954774,0.2989949748743719,0.35678391959798994,0.36683417085427134,0.34296482412060303,0.34296482412060303,0.30527638190954776
10,0.2851758793969849,0.14873190516823354,0.1719089343395526,0.06131020465232299,0.4007537688442211,0.09185320138931274,0.13230254594236612,0.0,0.1264274474233389,0.7859425629721954,"[0.6419597864151001, 0.7286431789398193, 0.733668327331543, 0.7311557531356812]",0.7499,0.2864321608040201,0.2876884422110553,0.3203517587939699,0.33291457286432163,0.30778894472361806,0.30778894472361806,0.2889447236180904
11,0.2889447236180904,0.1801430313176713,0.18543082748958706,0.07537852746882165,0.4334170854271357,0.09103956073522568,0.12686921190470457,0.0,0.12146062310785055,0.7716641899896786,"[0.6419597864151001, 0.7286431789398193, 0.733668327331543, 0.7311557531356812]",0.6944,0.2952261306532663,0.2952261306532663,0.38567839195979897,0.2964824120603015,0.30778894472361806,0.30778894472361806,0.292713567839196
12,0.3693467336683417,0.19939572802151007,0.16163030535326814,0.09412968629033781,0.4057788944723618,0.09042634069919586,0.1217458862811327,0.0,0.1167163522914052,0.761993663967587,"[0.6419597864151001, 0.7286431789398193, 0.733668327331543, 0.7311557531356812]",0.7112,0.2914572864321608,0.30025125628140703,0.3241206030150754,0.3391959798994975,0.32914572864321606,0.32914572864321606,0.2914572864321608
13,0.3479899497487437,0.1975635006807982,0.16591762298125187,0.10255020041612138,0.42462311557788945,0.09051445126533508,0.11685833148658276,0.0,0.11215002741664648,0.726925477036275,"[0.6419597864151001, 0.7286431789398193, 0.733668327331543, 0.7311557531356812]",0.7011,0.2864321608040201,0.28391959798994976,0.3417085427135678,0.34296482412060303,0.3103015075376884,0.3103015075376884,0.2864321608040201
14,0.33542713567839194,0.19134430914059541,0.16391800490707792,0.09603247268349316,0.4183417085427136,0.08980526030063629,0.11218108888715506,0.0,0.10778611619025469,0.8326793540036306,"[0.6419597864151001, 0.7286431789398193, 0.733668327331543, 0.7311557531356812]",0.7664,0.2952261306532663,0.30778894472361806,0.3731155778894472,0.35175879396984927,0.33040201005025127,0.33040201005025127,0.292713567839196
15,0.3241206030150754,0.20106562392728677,0.17059744785858208,0.10154397206546646,0.42336683417085424,0.08885614573955536,0.10772676300257444,0.0,0.10365414898842573,0.7707424539839849,"[0.6419597864151001, 0.7286431789398193, 0.733668327331543, 0.7311557531356812]",0.8197,0.31532663316582915,0.3165829145728643,0.39949748743718594,0.30402010050251255,0.3128140703517588,0.3128140703517588,0.31532663316582915
16,0.31155778894472363,0.18774300227919383,0.1551988775636925,0.03775114444572573,0.4007537688442211,0.08741086721420288,0.1035045487806201,0.0,0.09975324478000402,0.8699702740414068,"[0.6419597864151001, 0.7286431789398193, 0.733668327331543, 0.7311557531356812]",0.973,0.2914572864321608,0.2851758793969849,0.3756281407035176,0.3479899497487437,0.30904522613065327,0.30904522613065327,0.292713567839196
17,0.314070351758794,0.17640972581479575,0.15516031439507424,0.07849709054017093,0.4221105527638191,0.08514238893985748,0.09950574208050966,0.0,0.09608313534408808,0.891186569002457,"[0.6419597864151001, 0.7286431789398193, 0.733668327331543, 0.7311557531356812]",0.8445,0.30025125628140703,0.3027638190954774,0.36809045226130654,0.3341708542713568,0.30904522613065327,0.30904522613065327,0.3015075376884422
18,0.3492462311557789,0.1895240865811757,0.15641971824900164,0.09254735800993572,0.39949748743718594,0.08547069132328033,0.09574957937002182,0.0,0.09261585492640734,0.781276119989343,"[0.6419597864151001, 0.7286431789398193, 0.733668327331543, 0.7311557531356812]",0.8082,0.3165829145728643,0.32160804020100503,0.3530150753768844,0.31909547738693467,0.29773869346733667,0.29773869346733667,0.3178391959798995
19,0.30527638190954776,0.152668243827226,0.16849697847905448,0.06490604284539388,0.39949748743718594,0.08496259152889252,0.09223884902894497,0.0,0.08941746596246958,0.7684309330070391,"[0.6419597864151001, 0.7286431789398193, 0.733668327331543, 0.7311557531356812]",0.7635,0.2952261306532663,0.3103015075376884,0.3655778894472362,0.2914572864321608,0.2889447236180904,0.2889447236180904,0.2952261306532663
20,0.3165829145728643,0.16504086830936893,0.15259207888783768,0.08980797069290049,0.40326633165829145,0.08450876921415329,0.08897492662072182,0.0,0.08642501477152109,0.7973186720628291,"[0.6419597864151001, 0.7286431789398193, 0.733668327331543, 0.7311557531356812]",0.7406,0.30778894472361806,0.3241206030150754,0.3793969849246231,0.29396984924623115,0.31155778894472363,0.31155778894472363,0.30402010050251255
21,0.3228643216080402,0.16688867745004754,0.14464130840360936,0.06329811020909472,0.4082914572864322,0.08389921486377716,0.08593659102916718,0.0,0.08366343285888433,0.8085665040416643,"[0.6419597864151001, 0.7286431789398193, 0.733668327331543, 0.7311557531356812]",0.7281,0.30904522613065327,0.3203517587939699,0.27889447236180903,0.35804020100502515,0.32160804020100503,0.32160804020100503,0.30778894472361806
22,0.30778894472361806,0.15661265169477034,0.1449504171656678,0.05907876460053997,0.3957286432160804,0.08366315066814423,0.08312571980059147,0.0,0.08106311783194542,0.7834844100289047,"[0.6419597864151001, 0.7286431789398193, 0.733668327331543, 0.7311557531356812]",0.7574,0.30778894472361806,0.31532663316582915,0.2864321608040201,0.4020100502512563,0.3630653266331658,0.3630653266331658,0.30527638190954776
23,0.31532663316582915,0.13126887370537388,0.1328349005835599,0.06834925720421006,0.4057788944723618,0.08310802280902863,0.08051492739468813,0.0,0.07863651029765606,0.7813257479574531,"[0.6419597864151001, 0.7286431789398193, 0.733668327331543, 0.7311557531356812]",0.7335,0.3015075376884422,0.3128140703517588,0.26256281407035176,0.32663316582914576,0.3015075376884422,0.3015075376884422,0.2989949748743719
24,0.27889447236180903,0.1494222488639516,0.1418512688877208,0.04617313232120418,0.4108040201005025,0.08185131847858429,0.0780745642259717,0.0,0.0763575192540884,0.8254042490152642,"[0.6419597864151001, 0.7286431789398193, 0.733668327331543, 0.7311557531356812]",0.7828,0.31155778894472363,0.31532663316582915,0.2876884422110553,0.3165829145728643,0.30904522613065327,0.30904522613065327,0.3103015075376884
25,0.2814070351758794,0.1540112337212307,0.13682418760462456,0.04961002170449474,0.3793969849246231,0.08202282339334488,0.07580739911645651,0.0,0.0742386169731617,0.802581708994694,"[0.6419597864151001, 0.7286431789398193, 0.733668327331543, 0.7311557531356812]",1.2006,0.30778894472361806,0.3103015075376884,0.34673366834170855,0.3065326633165829,0.30402010050251255,0.30402010050251255,0.30402010050251255
26,0.3454773869346734,0.16887583119230754,0.13168916206220194,0.08373652327187076,0.3655778894472362,0.0831279456615448,0.07370239123702049,0.0,0.07226812653243542,0.9325357680208981,"[0.6419597864151001, 0.7286431789398193, 0.733668327331543, 0.7311557531356812]",0.8248,0.31532663316582915,0.33040201005025127,0.3756281407035176,0.2964824120603015,0.32663316582914576,0.32663316582914576,0.31909547738693467
27,0.31532663316582915,0.1743681485992693,0.13756171723393132,0.07775663803150572,0.3944723618090452,0.08524304628372192,0.07175675686448812,0.0,0.0704500712454319,0.9018597590038553,"[0.6419597864151001, 0.7286431789398193, 0.733668327331543, 0.7311557531356812]",0.8491,0.31155778894472363,0.32914572864321606,0.35804020100502515,0.3530150753768844,0.3417085427135678,0.3417085427135678,0.3128140703517588
28,0.27889447236180903,0.14399622304988724,0.14777487393242125,0.05895881241424952,0.39824120603015073,0.08375310897827148,0.0699563892558217,0.0,0.06876790337264538,0.809414244024083,"[0.6419597864151001, 0.7286431789398193, 0.733668327331543, 0.7311557531356812]",0.8132,0.30778894472361806,0.3228643216080402,0.27889447236180903,0.30527638190954776,0.31532663316582915,0.31532663316582915,0.3065326633165829
29,0.28266331658291455,0.15916633675821468,0.1329733273872764,0.061128204515437205,0.3869346733668342,0.08309823274612427,0.06829680781811476,0.0,0.06721269246190786,0.8614341480424628,"[0.6419597864151001, 0.7286431789398193, 0.733668327331543, 0.7311557531356812]",0.9175,0.3178391959798995,0.3278894472361809,0.30402010050251255,0.2876884422110553,0.29020100502512564,0.29020100502512564,0.31532663316582915
30,0.3341708542713568,0.1722487099495752,0.12445697322277087,0.08407753693000385,0.3768844221105528,0.08343850076198578,0.066775381565094,0.0,0.06578620616346598,0.8672223299508914,"[0.6419597864151001, 0.7286431789398193, 0.733668327331543, 0.7311557531356812]",0.7259,0.30527638190954776,0.30527638190954776,0.29020100502512564,0.2964824120603015,0.3027638190954774,0.3027638190954774,0.30778894472361806
31,0.29773869346733667,0.13078708225568247,0.13991793955360335,0.055085434795506705,0.3806532663316583,0.08350983262062073,0.06538508273661137,0.0,0.06449431926012039,0.8091080230660737,"[0.6419597864151001, 0.7286431789398193, 0.733668327331543, 0.7311557531356812]",0.7522,0.30778894472361806,0.31532663316582915,0.32663316582914576,0.30904522613065327,0.3165829145728643,0.3165829145728643,0.30904522613065327
32,0.31532663316582915,0.12185741467956746,0.12200006116892106,0.048364273772584856,0.3756281407035176,0.0836416482925415,0.0641153147444129,0.0,0.06330065336078405,0.8019988739397377,"[0.6419597864151001, 0.7286431789398193, 0.733668327331543, 0.7311557531356812]",0.7488,0.30527638190954776,0.3103015075376884,0.3316582914572864,0.2663316582914573,0.2864321608040201,0.2864321608040201,0.30402010050251255
33,0.32914572864321606,0.12716430660051914,0.11980501844922326,0.05639640520510264,0.38944723618090454,0.08300197124481201,0.06295552849769592,0.0,0.062202573753893375,0.805037445970811,"[0.6419597864151001, 0.7286431789398193, 0.733668327331543, 0.7311557531356812]",0.7362,0.30527638190954776,0.3128140703517588,0.314070351758794,0.25879396984924624,0.2600502512562814,0.2600502512562814,0.3065326633165829
34,0.33542713567839194,0.16945137526011123,0.13655997360887473,0.09146579630668478,0.39824120603015073,0.08087492734193802,0.061898901127278805,0.0,0.06119181076064706,1.0043185059912503,"[0.6419597864151001, 0.7286431789398193, 0.733668327331543, 0.7311557531356812]",0.7286,0.3128140703517588,0.3178391959798995,0.3178391959798995,0.314070351758794,0.292713567839196,0.292713567839196,0.31532663316582915
35,0.3492462311557789,0.16907383112970453,0.12375202633418697,0.07205406795480071,0.39195979899497485,0.08098168671131134,0.06093427399173379,0.0,0.06028222432360053,0.8218186169397086,"[0.6419597864151001, 0.7286431789398193, 0.733668327331543, 0.7311557531356812]",0.7775,0.29396984924623115,0.30025125628140703,0.28391959798994976,0.32160804020100503,0.2964824120603015,0.2964824120603015,0.2952261306532663
36,0.34673366834170855,0.1663528137002358,0.12467177977123739,0.06607581831853761,0.38819095477386933,0.08149172365665436,0.06005746778100729,0.0,0.05945081263780594,0.8284492840757594,"[0.6419597864151001, 0.7286431789398193, 0.733668327331543, 0.7311557531356812]",0.7804,0.3103015075376884,0.3103015075376884,0.33040201005025127,0.3103015075376884,0.314070351758794,0.314070351758794,0.3128140703517588
37,0.3379396984924623,0.15809289854374375,0.11887122116723224,0.04976107194566926,0.3731155778894472,0.08278077840805054,0.05926109477877617,0.0,0.05868543451651931,0.8570427859667689,"[0.6419597864151001, 0.7286431789398193, 0.733668327331543, 0.7311557531356812]",0.7695,0.3165829145728643,0.32160804020100503,0.33668341708542715,0.314070351758794,0.31909547738693467,0.31909547738693467,0.31532663316582915
38,0.30025125628140703,0.14994765923670683,0.1258283060689462,0.04437372861709481,0.37814070351758794,0.0832730159163475,0.05853149341419339,0.0,0.05799452867358923,0.8101414890261367,"[0.6419597864151001, 0.7286431789398193, 0.733668327331543, 0.7311557531356812]",0.7475,0.3203517587939699,0.3178391959798995,0.33668341708542715,0.3203517587939699,0.30402010050251255,0.30402010050251255,0.3203517587939699
39,0.29773869346733667,0.14677599044311784,0.12344027496573604,0.04354307789622747,0.3768844221105528,0.08341275155544281,0.05786973610520363,0.0,0.05736556928604841,0.8097391580231488,"[0.6419597864151001, 0.7286431789398193, 0.733668327331543, 0.7311557531356812]",0.7701,0.3203517587939699,0.3103015075376884,0.3278894472361809,0.3542713567839196,0.3391959798994975,0.3391959798994975,0.31909547738693467
40,0.3241206030150754,0.12240845442752901,0.11503269832289084,0.033755524042709234,0.3768844221105528,0.08288411796092987,0.057265494018793106,0.0,0.05679180379956961,0.823638902977109,"[0.6419597864151001, 0.7286431789398193, 0.733668327331543, 0.7311557531356812]",0.8045,0.3128140703517588,0.3128140703517588,0.3316582914572864,0.3693467336683417,0.3542713567839196,0.3542713567839196,0.31155778894472363
41,0.34296482412060303,0.13051796157059314,0.10205091813467008,0.03740509023732992,0.3693467336683417,0.08331303298473358,0.056721636559814215,0.0,0.05627292627468705,0.8928359419805929,"[0.6419597864151001, 0.7286431789398193, 0.733668327331543, 0.7311557531356812]",0.8386,0.28391959798994976,0.2952261306532663,0.31909547738693467,0.3768844221105528,0.34673366834170855,0.34673366834170855,0.2876884422110553
42,0.2776381909547739,0.10728217451004862,0.1385447744636687,0.04929339559310815,0.37814070351758794,0.08332160860300064,0.05623325426131487,0.0,0.05580747639760375,0.8608309390256181,"[0.6419597864151001, 0.7286431789398193, 0.733668327331543, 0.7311557531356812]",0.8216,0.30778894472361806,0.2989949748743719,0.31532663316582915,0.30778894472361806,0.30402010050251255,0.30402010050251255,0.30778894472361806
43,0.3454773869346734,0.14090695347570215,0.0987769360210224,0.042471411068705785,0.3768844221105528,0.08252239972352982,0.05579310096800327,0.0,0.05538493627682328,0.9395165509777144,"[0.6419597864151001, 0.7286431789398193, 0.733668327331543, 0.7311557531356812]",0.8284,0.3027638190954774,0.29773869346733667,0.29020100502512564,0.3391959798994975,0.314070351758794,0.314070351758794,0.30025125628140703
44,0.3128140703517588,0.16570158462511253,0.1325009703182189,0.05235676341899276,0.38316582914572866,0.08227160573005676,0.05539483996108174,0.0,0.05500431125983596,0.7929416159167886,"[0.6419597864151001, 0.7286431789398193, 0.733668327331543, 0.7311557531356812]",0.7142,0.292713567839196,0.2876884422110553,0.271356783919598,0.35050251256281406,0.314070351758794,0.314070351758794,0.29396984924623115
45,0.3417085427135678,0.1738273551438707,0.11675066442820928,0.07632543845615562,0.3793969849246231,0.08388805389404297,0.05503941234201193,0.0,0.05467043211683631,0.7460911949165165,"[0.6419597864151001, 0.7286431789398193, 0.733668327331543, 0.7311557531356812]",0.7256,0.2989949748743719,0.2964824120603015,0.2952261306532663,0.34045226130653267,0.32914572864321606,0.32914572864321606,0.3015075376884422
46,0.292713567839196,0.16370015115606396,0.13476813885869157,0.049534470434147986,0.3806532663316583,0.08281973004341125,0.05472563300281763,0.0,0.054369920399039984,0.7618011380545795,"[0.6419597864151001, 0.7286431789398193, 0.733668327331543, 0.7311557531356812]",0.7148,0.31909547738693467,0.3128140703517588,0.3316582914572864,0.32160804020100503,0.30904522613065327,0.30904522613065327,0.32160804020100503
47,0.35678391959798994,0.17176684807569587,0.12124846959200199,0.06579839599643832,0.3869346733668342,0.0827517881989479,0.05444587115198374,0.0,0.05410139402374625,0.8498019089456648,"[0.6419597864151001, 0.7286431789398193, 0.733668327331543, 0.7311557531356812]",0.7262,0.3241206030150754,0.32160804020100503,0.3379396984924623,0.36180904522613067,0.3442211055276382,0.3442211055276382,0.3241206030150754
48,0.2989949748743719,0.14610171772418357,0.13935829947779063,0.05744385867460464,0.3756281407035176,0.08257979154586792,0.054198425728827715,0.0,0.053863206412643194,0.7827315260656178,"[0.6419597864151001, 0.7286431789398193, 0.733668327331543, 0.7311557531356812]",0.7826,0.3015075376884422,0.30025125628140703,0.3103015075376884,0.36683417085427134,0.35678391959798994,0.35678391959798994,0.30402010050251255
49,0.3241206030150754,0.16060088125068606,0.12185666639952249,0.0825764595742418,0.3793969849246231,0.08411049097776413,0.05398001288995147,0.0,0.05364832980558276,0.8906443039886653,"[0.6419597864151001, 0.7286431789398193, 0.733668327331543, 0.7311557531356812]",0.8177,0.30025125628140703,0.2964824120603015,0.2964824120603015,0.33542713567839194,0.31155778894472363,0.31155778894472363,0.3015075376884422
50,0.31909547738693467,0.1717724750916666,0.12622592816854347,0.0607356490902366,0.3630653266331658,0.08270172774791718,0.053784789983183146,0.0,0.05345751065760851,0.8335128941107541,"[0.6419597864151001, 0.7286431789398193, 0.733668327331543, 0.7311557531356812]",0.733,0.3417085427135678,0.3341708542713568,0.3555276381909548,0.30778894472361806,0.30778894472361806,0.30778894472361806,0.34045226130653267
51,0.33542713567839194,0.15884475091989247,0.11362349577600059,0.055734950729316377,0.3630653266331658,0.08337441086769104,0.05361304432153702,0.0,0.0532869016751647,0.7868997240439057,"[0.6419597864151001, 0.7286431789398193, 0.733668327331543, 0.7311557531356812]",0.7114,0.33542713567839194,0.32914572864321606,0.3542713567839196,0.30025125628140703,0.30778894472361806,0.30778894472361806,0.3379396984924623
52,0.3128140703517588,0.17174184319454588,0.12749491377871697,0.06429337599497817,0.37814070351758794,0.0846162661910057,0.05346224270761013,0.0,0.0531396702863276,0.8053141200216487,"[0.6419597864151001, 0.7286431789398193, 0.733668327331543, 0.7311557531356812]",0.7521,0.3165829145728643,0.31909547738693467,0.34673366834170855,0.39824120603015073,0.36809045226130654,0.36809045226130654,0.3178391959798995
53,0.3454773869346734,0.14335938064814657,0.11241048706062302,0.04395877129740989,0.38316582914572866,0.08364053070545197,0.05332976905629039,0.0,0.053010530304163694,0.7993559190072119,"[0.6419597864151001, 0.7286431789398193, 0.733668327331543, 0.7311557531356812]",0.7971,0.31532663316582915,0.3103015075376884,0.3241206030150754,0.29020100502512564,0.3065326633165829,0.3065326633165829,0.3178391959798995
54,0.3228643216080402,0.14386399010256612,0.12686673610166507,0.07193706571622305,0.39321608040201006,0.08324434608221054,0.05321428645402193,0.0,0.05289889173582196,0.8097331119934097,"[0.6419597864151001, 0.7286431789398193, 0.733668327331543, 0.7311557531356812]",0.8174,0.3341708542713568,0.3341708542713568,0.33040201005025127,0.3203517587939699,0.3065326633165829,0.3065326633165829,0.33542713567839194
55,0.30527638190954776,0.15666334585025676,0.13151815701113923,0.06261051371450048,0.3907035175879397,0.08287303149700165,0.053116018418222666,0.0,0.052799482364207506,0.8012031249236315,"[0.6419597864151001, 0.7286431789398193, 0.733668327331543, 0.7311557531356812]",0.8439,0.31909547738693467,0.3379396984924623,0.34673366834170855,0.31532663316582915,0.32663316582914576,0.32663316582914576,0.3203517587939699
56,0.30778894472361806,0.15477443101886645,0.1298264786890707,0.06543129704706754,0.38567839195979897,0.08358293026685715,0.05302974535152316,0.0,0.052712674252688885,1.1589696709997952,"[0.6419597864151001, 0.7286431789398193, 0.733668327331543, 0.7311557531356812]",1.0487,0.2914572864321608,0.3027638190954774,0.30402010050251255,0.3442211055276382,0.32914572864321606,0.32914572864321606,0.2889447236180904
57,0.3228643216080402,0.12662265621978364,0.11025547465990296,0.050671404277433364,0.3806532663316583,0.08353103697299957,0.05295364558696747,0.0,0.052634187042713165,0.9130403429735452,"[0.6419597864151001, 0.7286431789398193, 0.733668327331543, 0.7311557531356812]",0.7732,0.3203517587939699,0.32537688442211055,0.30778894472361806,0.29020100502512564,0.2814070351758794,0.2814070351758794,0.31909547738693467
58,0.3128140703517588,0.15697230902676929,0.12334753749500009,0.05916153315326657,0.3907035175879397,0.08415587246417999,0.05288596544414759,0.0,0.05256366869434714,0.7956074059475213,"[0.6419597864151001, 0.7286431789398193, 0.733668327331543, 0.7311557531356812]",0.8235,0.32160804020100503,0.33291457286432163,0.30904522613065327,0.3630653266331658,0.31909547738693467,0.31909547738693467,0.32160804020100503
59,0.33291457286432163,0.17466243592872832,0.12402080551868341,0.054004851358390164,0.38316582914572866,0.08618322014808655,0.052827435079962015,0.0,0.05250155134126544,0.8015988459810615,"[0.6419597864151001, 0.7286431789398193, 0.733668327331543, 0.7311557531356812]",0.7624,0.3278894472361809,0.32537688442211055,0.31532663316582915,0.2537688442211055,0.2562814070351759,0.2562814070351759,0.32914572864321606
60,0.3492462311557789,0.19609127634021184,0.1244309371680488,0.07277045077717925,0.39321608040201006,0.0865810215473175,0.05277597391977906,0.0,0.05244445474818349,0.7724670700263232,"[0.6419597864151001, 0.7286431789398193, 0.733668327331543, 0.7311557531356812]",0.7986,0.314070351758794,0.3178391959798995,0.31532663316582915,0.36432160804020103,0.33668341708542715,0.33668341708542715,0.3165829145728643
61,0.30402010050251255,0.14021111410065934,0.11685189683499408,0.0425382762306085,0.3793969849246231,0.08562791347503662,0.05273253656923771,0.0,0.052395584527403116,0.917291849036701,"[0.6419597864151001, 0.7286431789398193, 0.733668327331543, 0.7311557531356812]",1.157,0.3203517587939699,0.3228643216080402,0.31155778894472363,0.36180904522613067,0.34296482412060303,0.34296482412060303,0.3241206030150754
62,0.3391959798994975,0.17530175538117287,0.12035551246302238,0.05506948853535293,0.3806532663316583,0.08530938625335693,0.05269422894343734,0.0,0.0523495702072978,1.0059657630044967,"[0.6419597864151001, 0.7286431789398193, 0.733668327331543, 0.7311557531356812]",0.7835,0.32663316582914576,0.32663316582914576,0.32160804020100503,0.2964824120603015,0.2876884422110553,0.2876884422110553,0.32914572864321606
63,0.3178391959798995,0.1790229448412095,0.12888095079932865,0.04771886062475117,0.37185929648241206,0.08641789853572845,0.052661307621747255,0.0,0.05230813566595316,0.7965804929845035,"[0.6419597864151001, 0.7286431789398193, 0.733668327331543, 0.7311557531356812]",0.8816,0.33291457286432163,0.34045226130653267,0.3454773869346734,0.35804020100502515,0.3278894472361809,0.3278894472361809,0.33668341708542715
64,0.29396984924623115,0.17607146146053954,0.12780835278786118,0.03665830232517864,0.37185929648241206,0.08838661015033722,0.052632130682468414,0.0,0.05227034445852041,1.168396100983955,"[0.6419597864151001, 0.7286431789398193, 0.733668327331543, 0.7311557531356812]",1.7224,0.3454773869346734,0.3479899497487437,0.3417085427135678,0.36180904522613067,0.3341708542713568,0.3341708542713568,0.3442211055276382
65,0.3065326633165829,0.15787698340446976,0.12316541701375128,0.05250596923596967,0.36809045226130654,0.08742181956768036,0.052606573794037104,0.0,0.052234822418540716,1.2993393159704283,"[0.6419597864151001, 0.7286431789398193, 0.733668327331543, 0.7311557531356812]",1.0373,0.33291457286432163,0.3341708542713568,0.3492462311557789,0.3128140703517588,0.30778894472361806,0.30778894472361806,0.33040201005025127
66,0.28266331658291455,0.16556636680741688,0.12515165913539036,0.0379280565428175,0.3944723618090452,0.08833914995193481,0.05258258571848273,0.0,0.05220223870128393,1.0459509540814906,"[0.6419597864151001, 0.7286431789398193, 0.733668327331543, 0.7311557531356812]",1.0147,0.3278894472361809,0.3278894472361809,0.34296482412060303,0.30904522613065327,0.2964824120603015,0.2964824120603015,0.32663316582914576
67,0.2776381909547739,0.15880361547198518,0.12231258644757703,0.039896442186360404,0.3969849246231156,0.08818008750677109,0.052560793701559305,0.0,0.05217118002474308,1.1520744810113683,"[0.6419597864151001, 0.7286431789398193, 0.733668327331543, 0.7311557531356812]",1.16,0.33668341708542715,0.35804020100502515,0.35175879396984927,0.32663316582914576,0.31155778894472363,0.31155778894472363,0.34673366834170855
68,0.29396984924623115,0.1525385840912492,0.14137627047363804,0.07804932221540752,0.39321608040201006,0.0888611376285553,0.052540604025125504,0.0,0.052142166532576084,1.2235566269373521,"[0.6419597864151001, 0.7286431789398193, 0.733668327331543, 0.7311557531356812]",1.1893,0.33542713567839194,0.34045226130653267,0.3542713567839196,0.314070351758794,0.292713567839196,0.292713567839196,0.3379396984924623
69,0.30025125628140703,0.18184670005425174,0.1514416504523364,0.08259939278262714,0.3907035175879397,0.08878394961357117,0.05252121575176716,0.0,0.05211411649361253,0.9456396729219705,"[0.6419597864151001, 0.7286431789398193, 0.733668327331543, 0.7311557531356812]",0.8267,0.3278894472361809,0.3316582914572864,0.3454773869346734,0.314070351758794,0.2876884422110553,0.2876884422110553,0.3278894472361809
70,0.34045226130653267,0.1806894442451228,0.13666178676387805,0.0697249679194129,0.40954773869346733,0.08785127103328705,0.052504696883261204,0.0,0.052087774500250816,0.7368971559917554,"[0.6419597864151001, 0.7286431789398193, 0.733668327331543, 0.7311557531356812]",0.7058,0.3442211055276382,0.34673366834170855,0.3454773869346734,0.30778894472361806,0.3015075376884422,0.3015075376884422,0.3454773869346734
71,0.33668341708542715,0.17326682035989394,0.1419095460788757,0.08475231932986016,0.4258793969849246,0.08875636756420135,0.05248859245330095,0.0,0.052062312606722116,0.773229353944771,"[0.6419597864151001, 0.7286431789398193, 0.733668327331543, 0.7311557531356812]",0.7083,0.3454773869346734,0.3442211055276382,0.3542713567839196,0.2864321608040201,0.30527638190954776,0.30527638190954776,0.3417085427135678
72,0.35175879396984927,0.1870268216069212,0.1367411435622609,0.08031325408175354,0.40954773869346733,0.0895032212138176,0.05247453739866614,0.0,0.05203764420002699,0.7763624800136313,"[0.6419597864151001, 0.7286431789398193, 0.733668327331543, 0.7311557531356812]",0.827,0.3492462311557789,0.3542713567839196,0.3655778894472362,0.30778894472361806,0.2814070351758794,0.2814070351758794,0.3492462311557789
73,0.32914572864321606,0.16751078156030041,0.14912898725299745,0.07624481661756229,0.40703517587939697,0.0886373296380043,0.05246175918728113,0.0,0.05201402911916375,0.7583272340707481,"[0.6419597864151001, 0.7286431789398193, 0.733668327331543, 0.7311557531356812]",0.7188,0.3530150753768844,0.3731155778894472,0.3492462311557789,0.3278894472361809,0.30778894472361806,0.30778894472361806,0.3530150753768844
74,0.3103015075376884,0.1760502435060346,0.15379199763078777,0.08815572496524263,0.4108040201005025,0.0884522795677185,0.05244996631518006,0.0,0.05199071252718568,0.7957365070469677,"[0.6419597864151001, 0.7286431789398193, 0.733668327331543, 0.7311557531356812]",0.7174,0.35804020100502515,0.3630653266331658,0.3655778894472362,0.3241206030150754,0.29396984924623115,0.29396984924623115,0.3592964824120603
75,0.30402010050251255,0.16913673754696157,0.15105588684175858,0.0824936975524784,0.41708542713567837,0.08777341991662979,0.052439204417169094,0.0,0.051967646926641464,0.8404487260850146,"[0.6419597864151001, 0.7286431789398193, 0.733668327331543, 0.7311557531356812]",0.7282,0.3630653266331658,0.3768844221105528,0.3454773869346734,0.33668341708542715,0.3015075376884422,0.3015075376884422,0.3592964824120603
76,0.3027638190954774,0.1721043892822205,0.1563507881830607,0.07669514776194267,0.41708542713567837,0.08756116777658463,0.05242922669276595,0.0,0.05194478156045079,0.7434458289062604,"[0.6419597864151001, 0.7286431789398193, 0.733668327331543, 0.7311557531356812]",0.7013,0.3391959798994975,0.35050251256281406,0.31155778894472363,0.38944723618090454,0.3530150753768844,0.3530150753768844,0.33291457286432163
77,0.2701005025125628,0.15418112253762484,0.1680862340798721,0.08112045186092295,0.44974874371859297,0.08817797899246216,0.052419104147702456,0.0,0.05192248150706291,0.7597352879820392,"[0.6419597864151001, 0.7286431789398193, 0.733668327331543, 0.7311557531356812]",0.744,0.3454773869346734,0.3706030150753769,0.3228643216080402,0.38316582914572866,0.3479899497487437,0.3479899497487437,0.3417085427135678
78,0.29773869346733667,0.16300679806328566,0.1476909779921405,0.05123301469605483,0.39824120603015073,0.08840557932853699,0.0524093396961689,0.0,0.051900194492191076,0.7631063519511372,"[0.6419597864151001, 0.7286431789398193, 0.733668327331543, 0.7311557531356812]",0.7061,0.3542713567839196,0.36432160804020103,0.3316582914572864,0.36683417085427134,0.3492462311557789,0.3492462311557789,0.3542713567839196
79,0.29396984924623115,0.1507270093612304,0.15567452530409953,0.07354432799394348,0.40326633165829145,0.08728727698326111,0.05239967117086053,0.0,0.05187817243859172,0.8963453409960493,"[0.6419597864151001, 0.7286431789398193, 0.733668327331543, 0.7311557531356812]",0.8975,0.3341708542713568,0.3492462311557789,0.30527638190954776,0.3630653266331658,0.33040201005025127,0.33040201005025127,0.3278894472361809
80,0.29396984924623115,0.15705294893536836,0.14812781288331103,0.0748006308460261,0.4158291457286432,0.0871565043926239,0.05239070300012827,0.0,0.05185606051236391,0.8024200230138376,"[0.6419597864151001, 0.7286431789398193, 0.733668327331543, 0.7311557531356812]",0.7594,0.3492462311557789,0.36055276381909546,0.314070351758794,0.3756281407035176,0.35050251256281406,0.35050251256281406,0.33668341708542715
81,0.3278894472361809,0.16801631692979158,0.14464865903045585,0.07861359988609082,0.44095477386934673,0.08750051259994507,0.05238278768956661,0.0,0.05183390900492668,0.7420846730237827,"[0.6419597864151001, 0.7286431789398193, 0.733668327331543, 0.7311557531356812]",0.7262,0.35804020100502515,0.36432160804020103,0.3492462311557789,0.32537688442211055,0.30402010050251255,0.30402010050251255,0.3530150753768844
82,0.30904522613065327,0.16965543924999682,0.153156733502893,0.08217909508215,0.4296482412060301,0.08745214343070984,0.05237516900524497,0.0,0.05181206203997135,0.7809332930482924,"[0.6419597864151001, 0.7286431789398193, 0.733668327331543, 0.7311557531356812]",0.7366,0.35804020100502515,0.35804020100502515,0.3555276381909548,0.33040201005025127,0.3015075376884422,0.3015075376884422,0.35175879396984927
83,0.3391959798994975,0.19217753356151424,0.14447822207305513,0.08371301047057965,0.4082914572864322,0.08767625689506531,0.05236563412472606,0.0,0.051790771540254354,0.7675556390313432,"[0.6419597864151001, 0.7286431789398193, 0.733668327331543, 0.7311557531356812]",0.7394,0.35678391959798994,0.36809045226130654,0.33668341708542715,0.36055276381909546,0.3417085427135678,0.3417085427135678,0.3479899497487437
84,0.35175879396984927,0.18765871603180262,0.14585966884003404,0.08485921454830982,0.41708542713567837,0.08635525405406952,0.05235729459673166,0.0,0.051768974866718054,0.87155233300291,"[0.6419597864151001, 0.7286431789398193, 0.733668327331543, 0.7311557531356812]",0.7632,0.3454773869346734,0.3479899497487437,0.3492462311557789,0.33291457286432163,0.30527638190954776,0.30527638190954776,0.34296482412060303
85,0.34296482412060303,0.1710545703624351,0.15004173190973144,0.08310255138865284,0.4371859296482412,0.08408916741609573,0.05234905146062374,0.0,0.05174720985814929,1.0128409389872104,"[0.6419597864151001, 0.7286431789398193, 0.733668327331543, 0.7311557531356812]",0.8076,0.35804020100502515,0.3592964824120603,0.3542713567839196,0.3316582914572864,0.30527638190954776,0.30527638190954776,0.3555276381909548
86,0.3278894472361809,0.16134787737474665,0.14615138033971095,0.08611251253801526,0.43467336683417085,0.0851774662733078,0.052340473514050245,0.0,0.05172551376745105,0.7984579699113965,"[0.6419597864151001, 0.7286431789398193, 0.733668327331543, 0.7311557531356812]",0.7471,0.36432160804020103,0.3743718592964824,0.34296482412060303,0.29396984924623115,0.2864321608040201,0.2864321608040201,0.3630653266331658
87,0.3241206030150754,0.14854800163829485,0.1557164579619918,0.0779403696204646,0.4183417085427136,0.08575043827295303,0.05233248556032777,0.0,0.0517035941593349,0.9895865350263193,"[0.6419597864151001, 0.7286431789398193, 0.733668327331543, 0.7311557531356812]",0.7055,0.3630653266331658,0.3731155778894472,0.3555276381909548,0.3316582914572864,0.3241206030150754,0.3241206030150754,0.36180904522613067
88,0.32663316582914576,0.15150912515089254,0.15636792380606726,0.0777930019094203,0.41708542713567837,0.08564501255750656,0.052322663832455873,0.0,0.051681723445653915,0.8793994059087709,"[0.6419597864151001, 0.7286431789398193, 0.733668327331543, 0.7311557531356812]",0.8452,0.36432160804020103,0.3731155778894472,0.3630653266331658,0.3128140703517588,0.292713567839196,0.292713567839196,0.3655778894472362
89,0.3228643216080402,0.14704677839406766,0.15552725810259344,0.07718611654610122,0.4183417085427136,0.08572854846715927,0.05231392104178667,0.0,0.0516599384136498,0.7551357569172978,"[0.6419597864151001, 0.7286431789398193, 0.733668327331543, 0.7311557531356812]",0.6877,0.36683417085427134,0.3743718592964824,0.3706030150753769,0.3228643216080402,0.30402010050251255,0.30402010050251255,0.36809045226130654
90,0.3241206030150754,0.157285748863093,0.14599385583009475,0.08946471521701457,0.4271356783919598,0.08548517525196075,0.052306081634014845,0.0,0.05163811380043626,0.7360965949483216,"[0.6419597864151001, 0.7286431789398193, 0.733668327331543, 0.7311557531356812]",0.709,0.36809045226130654,0.3756281407035176,0.37185929648241206,0.3241206030150754,0.3027638190954774,0.3027638190954774,0.36809045226130654
91,0.3278894472361809,0.16149814326949963,0.1490231361607627,0.091032984687709,0.42839195979899497,0.085711769759655,0.05229869671165943,0.0,0.051616068463772535,0.7432449219049886,"[0.6419597864151001, 0.7286431789398193, 0.733668327331543, 0.7311557531356812]",0.7203,0.36055276381909546,0.3706030150753769,0.3492462311557789,0.3341708542713568,0.3128140703517588,0.3128140703517588,0.36432160804020103
92,0.35050251256281406,0.18274342522038411,0.14010823003983683,0.08556174626737713,0.42085427135678394,0.08782598376274109,0.05229107104241848,0.0,0.05159441148862243,0.7748732180334628,"[0.6419597864151001, 0.7286431789398193, 0.733668327331543, 0.7311557531356812]",0.7509,0.3630653266331658,0.36683417085427134,0.37185929648241206,0.30527638190954776,0.30402010050251255,0.30402010050251255,0.3592964824120603
93,0.3555276381909548,0.1882766174415531,0.14983910913418785,0.09445152804223451,0.43467336683417085,0.09030064940452576,0.05228313384577632,0.0,0.05157246207818389,0.7649599829455838,"[0.6419597864151001, 0.7286431789398193, 0.733668327331543, 0.7311557531356812]",0.7101,0.3693467336683417,0.37185929648241206,0.38944723618090454,0.31909547738693467,0.31155778894472363,0.31155778894472363,0.36683417085427134
94,0.3027638190954774,0.1689944528150693,0.15327437663874866,0.06375417502460864,0.3969849246231156,0.08989062905311584,0.05227387277409434,0.0,0.05155041953548789,1.0074920719489455,"[0.6419597864151001, 0.7286431789398193, 0.733668327331543, 0.7311557531356812]",0.7225,0.35050251256281406,0.3479899497487437,0.35678391959798994,0.2889447236180904,0.292713567839196,0.292713567839196,0.35175879396984927
95,0.32914572864321606,0.16482333269803973,0.15773157096194354,0.08479304529291704,0.41959798994974873,0.08791390061378479,0.052264922298491,0.0,0.05152853624895215,0.7449315889971331,"[0.6419597864151001, 0.7286431789398193, 0.733668327331543, 0.7311557531356812]",0.7209,0.3592964824120603,0.3655778894472362,0.35804020100502515,0.3492462311557789,0.3203517587939699,0.3203517587939699,0.36055276381909546
96,0.31909547738693467,0.17088751119430234,0.15512480691233949,0.07845078765120081,0.41959798994974873,0.08807394653558731,0.052255821879953146,0.0,0.051506299525499344,0.724484946927987,"[0.6419597864151001, 0.7286431789398193, 0.733668327331543, 0.7311557531356812]",0.7287,0.36683417085427134,0.3869346733668342,0.32914572864321606,0.33291457286432163,0.3065326633165829,0.3065326633165829,0.3655778894472362
97,0.3128140703517588,0.1567747620384805,0.1507860474033785,0.08054914788209167,0.435929648241206,0.09187984466552734,0.0522464495152235,0.0,0.05148486513644457,0.7748779730172828,"[0.6419597864151001, 0.7286431789398193, 0.733668327331543, 0.7311557531356812]",0.7612,0.37814070351758794,0.3944723618090452,0.3555276381909548,0.3341708542713568,0.3178391959798995,0.3178391959798995,0.3743718592964824
98,0.33040201005025127,0.203264551894056,0.15830608392667622,0.09161456858296974,0.435929648241206,0.0906376838684082,0.052235875744372606,0.0,0.05146336741745472,0.7329560799989849,"[0.6419597864151001, 0.7286431789398193, 0.733668327331543, 0.7311557531356812]",1.0517,0.3693467336683417,0.39195979899497485,0.36055276381909546,0.3203517587939699,0.30402010050251255,0.30402010050251255,0.3706030150753769
99,0.3128140703517588,0.1659684670447863,0.15363576931702808,0.08717297868258671,0.43090452261306533,0.08970779925584793,0.05221909610554576,0.0,0.05144319636747241,0.9460755970794708,"[0.6419597864151001, 0.7286431789398193, 0.733668327331543, 0.7311557531356812]",0.9737,0.3706030150753769,0.37814070351758794,0.37185929648241206,0.31909547738693467,0.30904522613065327,0.30904522613065327,0.37185929648241206
100,0.314070351758794,0.18684328693309382,0.16225165307955777,0.06856116398364576,0.42336683417085424,0.09120002388954163,0.052199503406882286,0.0,0.05142712453380227,0.7287761339684948,"[0.6419597864151001, 0.7286431789398193, 0.733668327331543, 0.7311557531356812]",0.7247,0.38190954773869346,0.3907035175879397,0.3768844221105528,0.33291457286432163,0.32537688442211055,0.32537688442211055,0.3806532663316583
101,0.33542713567839194,0.20007750671534918,0.17203037082885372,0.10243979028181681,0.45226130653266333,0.08953351527452469,0.0521764219738543,0.0,0.05141282267868519,0.7709130420116708,"[0.6419597864151001, 0.7286431789398193, 0.733668327331543, 0.7311557531356812]",0.7461,0.33291457286432163,0.34673366834170855,0.3530150753768844,0.3492462311557789,0.32914572864321606,0.32914572864321606,0.3379396984924623
102,0.3341708542713568,0.19961145450337148,0.15276200429150547,0.08945484732179927,0.4057788944723618,0.0895659476518631,0.052153905387967825,0.0,0.05140030384063721,0.748421247000806,"[0.6419597864151001, 0.7286431789398193, 0.733668327331543, 0.7311557531356812]",0.7142,0.30025125628140703,0.29773869346733667,0.3203517587939699,0.35050251256281406,0.31909547738693467,0.31909547738693467,0.3027638190954774
103,0.31155778894472363,0.18082850859813815,0.1594553083019201,0.07039922097042349,0.4082914572864322,0.09017205983400345,0.05213521886616945,0.0,0.051384488586336374,0.7908048289828002,"[0.6419597864151001, 0.7286431789398193, 0.733668327331543, 0.7311557531356812]",0.7437,0.3065326633165829,0.30402010050251255,0.314070351758794,0.34045226130653267,0.31909547738693467,0.31909547738693467,0.30527638190954776
104,0.3442211055276382,0.21247718524162318,0.1726113434492589,0.1019096784635939,0.44597989949748745,0.09063505381345749,0.05211754608899355,0.0,0.051366251427680254,0.7932880410226062,"[0.6419597864151001, 0.7286431789398193, 0.733668327331543, 0.7311557531356812]",0.7485,0.3015075376884422,0.30904522613065327,0.3165829145728643,0.3479899497487437,0.3178391959798995,0.3178391959798995,0.3027638190954774
105,0.3391959798994975,0.18980620567547424,0.16970467741533404,0.09025814393089228,0.43467336683417085,0.09074948728084564,0.05210173595696688,0.0,0.05134889157488942,1.0433488689595833,"[0.6419597864151001, 0.7286431789398193, 0.733668327331543, 0.7311557531356812]",0.8076,0.3015075376884422,0.30778894472361806,0.32160804020100503,0.3479899497487437,0.3203517587939699,0.3203517587939699,0.3015075376884422
106,0.3341708542713568,0.21019623407306454,0.17073209506949125,0.0878800611860365,0.4396984924623116,0.09089599549770355,0.052085349801927805,0.0,0.05133080808445811,0.7679147900780663,"[0.6419597864151001, 0.7286431789398193, 0.733668327331543, 0.7311557531356812]",0.7128,0.3027638190954774,0.3065326633165829,0.3278894472361809,0.3479899497487437,0.31532663316582915,0.31532663316582915,0.30025125628140703
107,0.33542713567839194,0.18905968947759666,0.1670343540248831,0.08278265679484026,0.4296482412060301,0.09110786020755768,0.05206834152340889,0.0,0.05131307477131486,0.8002580659231171,"[0.6419597864151001, 0.7286431789398193, 0.733668327331543, 0.7311557531356812]",0.7278,0.30402010050251255,0.30527638190954776,0.33040201005025127,0.35678391959798994,0.32914572864321606,0.32914572864321606,0.30025125628140703
108,0.3316582914572864,0.18894362258773778,0.17065102146340252,0.07380580789811093,0.4183417085427136,0.0892447978258133,0.05205174209550023,0.0,0.051295991986989975,0.8657838609069586,"[0.6419597864151001, 0.7286431789398193, 0.733668327331543, 0.7311557531356812]",0.6817,0.3027638190954774,0.30778894472361806,0.3391959798994975,0.3731155778894472,0.3530150753768844,0.3530150753768844,0.2989949748743719
109,0.35175879396984927,0.19984103421271027,0.16274205048766052,0.08122664218307607,0.42336683417085424,0.08958519995212555,0.05203561019152403,0.0,0.05127854831516743,0.7473610970191658,"[0.6419597864151001, 0.7286431789398193, 0.733668327331543, 0.7311557531356812]",0.7075,0.30402010050251255,0.30778894472361806,0.3228643216080402,0.3592964824120603,0.3278894472361809,0.3278894472361809,0.30527638190954776
110,0.3103015075376884,0.17443764983252752,0.16646880551252793,0.0640425489995743,0.4020100502512563,0.09045130014419556,0.05201928969472647,0.0,0.05126090534031391,0.7474516000365838,"[0.6419597864151001, 0.7286431789398193, 0.733668327331543, 0.7311557531356812]",0.697,0.3027638190954774,0.30527638190954776,0.3241206030150754,0.3542713567839196,0.3165829145728643,0.3165829145728643,0.29773869346733667
111,0.34296482412060303,0.20106088171399183,0.17849463810774502,0.10578475555794208,0.44095477386934673,0.09018559753894806,0.05200441321358085,0.0,0.05124387936666608,0.792328350013122,"[0.6419597864151001, 0.7286431789398193, 0.733668327331543, 0.7311557531356812]",0.7209,0.3103015075376884,0.3065326633165829,0.33040201005025127,0.3693467336683417,0.3417085427135678,0.3417085427135678,0.30527638190954776
112,0.34673366834170855,0.22654184301744362,0.18881010597064046,0.11570013928090685,0.45603015075376885,0.08997282385826111,0.051990943029522896,0.0,0.051226002629846334,0.9469405690906569,"[0.6419597864151001, 0.7286431789398193, 0.733668327331543, 0.7311557531356812]",0.7834,0.29396984924623115,0.30402010050251255,0.3492462311557789,0.34673366834170855,0.32537688442211055,0.32537688442211055,0.29020100502512564
113,0.34296482412060303,0.20055919454478066,0.18415181758208132,0.10787501045773365,0.4510050251256281,0.09004329144954681,0.05197917763143778,0.0,0.051208180375397205,0.9323313309578225,"[0.6419597864151001, 0.7286431789398193, 0.733668327331543, 0.7311557531356812]",0.717,0.2914572864321608,0.30025125628140703,0.3417085427135678,0.3379396984924623,0.314070351758794,0.314070351758794,0.2864321608040201
114,0.3278894472361809,0.21225876742710537,0.17829999846356753,0.10665129385389555,0.4510050251256281,0.09019123017787933,0.051965579856187105,0.0,0.05119108175858855,0.7824079529382288,"[0.6419597864151001, 0.7286431789398193, 0.733668327331543, 0.7311557531356812]",0.7036,0.3103015075376884,0.3203517587939699,0.33668341708542715,0.36683417085427134,0.3341708542713568,0.3341708542713568,0.30402010050251255
115,0.30402010050251255,0.162035207199538,0.17143770403943606,0.09562051436519323,0.44472361809045224,0.09044201672077179,0.05195348337292671,0.0,0.05117417965084314,0.7772847670130432,"[0.6419597864151001, 0.7286431789398193, 0.733668327331543, 0.7311557531356812]",0.7382,0.30527638190954776,0.3065326633165829,0.2864321608040201,0.31909547738693467,0.2914572864321608,0.2914572864321608,0.3027638190954774
116,0.3027638190954774,0.15605156380141683,0.17590765016680202,0.0960830399246213,0.44472361809045224,0.09053386747837067,0.0519399861805141,0.0,0.051157927606254816,0.7730964169604704,"[0.6419597864151001, 0.7286431789398193, 0.733668327331543, 0.7311557531356812]",0.7288,0.3128140703517588,0.3178391959798995,0.3228643216080402,0.3555276381909548,0.33668341708542715,0.33668341708542715,0.3103015075376884
117,0.34296482412060303,0.16986610035992378,0.16212374523178583,0.08179552130134506,0.4183417085427136,0.09074273705482483,0.05192901846021414,0.0,0.05114154936745763,0.748179126996547,"[0.6419597864151001, 0.7286431789398193, 0.733668327331543, 0.7311557531356812]",0.7796,0.30025125628140703,0.31909547738693467,0.31532663316582915,0.3391959798994975,0.30778894472361806,0.30778894472361806,0.2989949748743719
118,0.33668341708542715,0.16407009839313114,0.16042150992829804,0.08037179757909613,0.41457286432160806,0.09078022092580795,0.05191689543426037,0.0,0.05112527962774038,0.8396390159614384,"[0.6419597864151001, 0.7286431789398193, 0.733668327331543, 0.7311557531356812]",0.7049,0.3015075376884422,0.3065326633165829,0.32160804020100503,0.3379396984924623,0.30402010050251255,0.30402010050251255,0.3015075376884422
119,0.30778894472361806,0.19022949245795095,0.17885478363695406,0.09178378309464955,0.4371859296482412,0.090985506772995,0.0519066546112299,0.0,0.05110927298665047,0.74553721700795,"[0.6419597864151001, 0.7286431789398193, 0.733668327331543, 0.7311557531356812]",0.7282,0.30778894472361806,0.31532663316582915,0.3103015075376884,0.3630653266331658,0.3454773869346734,0.3454773869346734,0.30025125628140703
120,0.3065326633165829,0.1909988234839236,0.1747861149955166,0.09599400824065761,0.4296482412060301,0.09100235998630524,0.05189461028203368,0.0,0.051093701273202896,0.799835515092127,"[0.6419597864151001, 0.7286431789398193, 0.733668327331543, 0.7311557531356812]",0.7247,0.3015075376884422,0.3128140703517588,0.32663316582914576,0.3379396984924623,0.3203517587939699,0.3203517587939699,0.3027638190954774
121,0.30527638190954776,0.1796735376937426,0.1584682546918996,0.06425647498142006,0.4007537688442211,0.09101942926645279,0.05188402673229575,0.0,0.05107839545235038,0.7449731569504365,"[0.6419597864151001, 0.7286431789398193, 0.733668327331543, 0.7311557531356812]",0.7348,0.29020100502512564,0.3027638190954774,0.3241206030150754,0.3756281407035176,0.34296482412060303,0.34296482412060303,0.2876884422110553
122,0.3228643216080402,0.16764185497889228,0.16921161759795653,0.09500183041707026,0.43844221105527637,0.09105375409126282,0.051870407070964575,0.0,0.05106367822736502,0.7515621869824827,"[0.6419597864151001, 0.7286431789398193, 0.733668327331543, 0.7311557531356812]",0.8077,0.3015075376884422,0.30904522613065327,0.33040201005025127,0.3278894472361809,0.2952261306532663,0.2952261306532663,0.29773869346733667
123,0.2964824120603015,0.16287158184143458,0.1700251677253532,0.05841707734566622,0.3969849246231156,0.09019479900598526,0.05185902304947376,0.0,0.05104986624792218,0.8576787060592324,"[0.6419597864151001, 0.7286431789398193, 0.733668327331543, 0.7311557531356812]",0.7255,0.30402010050251255,0.30025125628140703,0.3015075376884422,0.3103015075376884,0.2876884422110553,0.2876884422110553,0.3027638190954774
124,0.3103015075376884,0.18791962521997518,0.1654029098195758,0.06650905037172486,0.4108040201005025,0.08971475064754486,0.05184629466384649,0.0,0.051034828182309866,0.7629561590729281,"[0.6419597864151001, 0.7286431789398193, 0.733668327331543, 0.7311557531356812]",0.732,0.314070351758794,0.31909547738693467,0.31532663316582915,0.35804020100502515,0.34045226130653267,0.34045226130653267,0.30904522613065327
125,0.3128140703517588,0.19070056188442241,0.16665930637281223,0.06730187827988648,0.4108040201005025,0.08962833136320114,0.05183578794822097,0.0,0.051019346341490746,0.7463019419228658,"[0.6419597864151001, 0.7286431789398193, 0.733668327331543, 0.7311557531356812]",0.8338,0.3015075376884422,0.2989949748743719,0.30904522613065327,0.3706030150753769,0.3442211055276382,0.3442211055276382,0.2989949748743719
126,0.3065326633165829,0.18407941722080579,0.1717382117703814,0.0776369029597592,0.4258793969849246,0.0903969258069992,0.05182303814217448,0.0,0.051005424465984106,0.9573415629565716,"[0.6419597864151001, 0.7286431789398193, 0.733668327331543, 0.7311557531356812]",0.7756,0.292713567839196,0.2964824120603015,0.314070351758794,0.3479899497487437,0.31532663316582915,0.31532663316582915,0.292713567839196
127,0.30778894472361806,0.18526100307062443,0.17380265546553103,0.07921304850175191,0.4271356783919598,0.0906011164188385,0.05181013699620962,0.0,0.05099201109260321,0.7426689339336008,"[0.6419597864151001, 0.7286431789398193, 0.733668327331543, 0.7311557531356812]",0.723,0.2851758793969849,0.2989949748743719,0.36683417085427134,0.32537688442211055,0.3203517587939699,0.3203517587939699,0.28391959798994976
128,0.30904522613065327,0.18653263717274582,0.17392022527791073,0.07848329211656054,0.4258793969849246,0.09061402082443237,0.05179553898051381,0.0,0.05097930505871773,1.0713348089484498,"[0.6419597864151001, 0.7286431789398193, 0.733668327331543, 0.7311557531356812]",1.1154,0.2964824120603015,0.2952261306532663,0.32537688442211055,0.36683417085427134,0.3442211055276382,0.3442211055276382,0.29396984924623115
129,0.37814070351758794,0.21602725062376393,0.18154307047611165,0.11009604043898218,0.44221105527638194,0.09066510200500488,0.05177943781018257,0.0,0.05096661485731602,0.8946830320637673,"[0.6419597864151001, 0.7286431789398193, 0.733668327331543, 0.7311557531356812]",0.7201,0.2989949748743719,0.30527638190954776,0.39321608040201006,0.31155778894472363,0.3379396984924623,0.3379396984924623,0.2952261306532663
130,0.32914572864321606,0.2035212178107063,0.18829985910160627,0.1081049842799514,0.457286432160804,0.09068705886602402,0.051764276809990406,0.0,0.05095451604574919,0.7629548999248073,"[0.6419597864151001, 0.7286431789398193, 0.733668327331543, 0.7311557531356812]",0.712,0.2964824120603015,0.3128140703517588,0.3944723618090452,0.314070351758794,0.3442211055276382,0.3442211055276382,0.29396984924623115
131,0.3379396984924623,0.21216833438504779,0.1831854057214769,0.1034363977234951,0.4434673366834171,0.09069255739450455,0.051748490892350674,0.0,0.05094260070472956,0.7468162500299513,"[0.6419597864151001, 0.7286431789398193, 0.733668327331543, 0.7311557531356812]",0.747,0.29773869346733667,0.30402010050251255,0.3241206030150754,0.36180904522613067,0.3454773869346734,0.3454773869346734,0.29773869346733667
132,0.3065326633165829,0.15546201528038062,0.17058402729166888,0.07768173703552467,0.42839195979899497,0.0907825231552124,0.05173363862559199,0.0,0.05093070259317756,0.989171770052053,"[0.6419597864151001, 0.7286431789398193, 0.733668327331543, 0.7311557531356812]",0.7241,0.2952261306532663,0.3065326633165829,0.35678391959798994,0.3341708542713568,0.3165829145728643,0.3165829145728643,0.292713567839196
133,0.3065326633165829,0.15549285596220597,0.16932294360812825,0.07689501753074475,0.42839195979899497,0.09072626382112503,0.05172034585848451,0.0,0.050918817054480314,0.7531949969707057,"[0.6419597864151001, 0.7286431789398193, 0.733668327331543, 0.7311557531356812]",0.7359,0.3027638190954774,0.314070351758794,0.36055276381909546,0.33040201005025127,0.3203517587939699,0.3203517587939699,0.3015075376884422
134,0.30904522613065327,0.15757146595649685,0.1712205909686025,0.09651930432088354,0.4472361809045226,0.09013760089874268,0.051705192774534225,0.0,0.05090734735131264,0.7331499309511855,"[0.6419597864151001, 0.7286431789398193, 0.733668327331543, 0.7311557531356812]",0.8052,0.2964824120603015,0.3015075376884422,0.35175879396984927,0.33040201005025127,0.3391959798994975,0.3391959798994975,0.29020100502512564
135,0.3178391959798995,0.19930643162405037,0.17940635554824402,0.08570865595622532,0.4396984924623116,0.08988365530967712,0.05169210070744157,0.0,0.05089521873742342,0.7953334980411455,"[0.6419597864151001, 0.7286431789398193, 0.733668327331543, 0.7311557531356812]",0.9008,0.30778894472361806,0.31532663316582915,0.3379396984924623,0.38316582914572866,0.36432160804020103,0.36432160804020103,0.2989949748743719
136,0.3454773869346734,0.19094170596050275,0.19402304586166072,0.10677133252628106,0.45603015075376885,0.09021352976560593,0.051678331568837166,0.0,0.050883195362985134,0.777929310919717,"[0.6419597864151001, 0.7286431789398193, 0.733668327331543, 0.7311557531356812]",0.7372,0.29396984924623115,0.3015075376884422,0.36683417085427134,0.31532663316582915,0.3228643216080402,0.3228643216080402,0.292713567839196
137,0.3454773869346734,0.19174429935685056,0.19412903374256898,0.10877756005319793,0.45603015075376885,0.09003101289272308,0.0516662229783833,0.0,0.05087103322148323,0.7399327589664608,"[0.6419597864151001, 0.7286431789398193, 0.733668327331543, 0.7311557531356812]",0.7202,0.2864321608040201,0.2876884422110553,0.3592964824120603,0.3128140703517588,0.30904522613065327,0.30904522613065327,0.28391959798994976
138,0.32663316582914576,0.17519012987213833,0.17331054471094015,0.08862073724951579,0.43467336683417085,0.0904356986284256,0.051654156763106585,0.0,0.05085898796096444,0.7439282150007784,"[0.6419597864151001, 0.7286431789398193, 0.733668327331543, 0.7311557531356812]",0.7377,0.29020100502512564,0.30402010050251255,0.35050251256281406,0.3379396984924623,0.33040201005025127,0.33040201005025127,0.2876884422110553
139,0.32160804020100503,0.16953252393795837,0.16883224284322493,0.08401256296869473,0.4296482412060301,0.09020804613828659,0.05164340138435364,0.0,0.05084747588261962,0.7891087209573016,"[0.6419597864151001, 0.7286431789398193, 0.733668327331543, 0.7311557531356812]",0.7061,0.29396984924623115,0.3027638190954774,0.3015075376884422,0.3341708542713568,0.2989949748743719,0.2989949748743719,0.292713567839196
140,0.32160804020100503,0.1699013939260512,0.18553576829300694,0.10835601343626948,0.457286432160804,0.09027446806430817,0.05163140781223774,0.0,0.05083612818270922,0.7818983109900728,"[0.6419597864151001, 0.7286431789398193, 0.733668327331543, 0.7311557531356812]",0.7071,0.3027638190954774,0.31155778894472363,0.32663316582914576,0.3530150753768844,0.35050251256281406,0.35050251256281406,0.30025125628140703
141,0.32160804020100503,0.1635547754476161,0.17011544573057172,0.089021516756666,0.43844221105527637,0.0901080071926117,0.05162276653572917,0.0,0.05082468455657363,0.7701717769959942,"[0.6419597864151001, 0.7286431789398193, 0.733668327331543, 0.7311557531356812]",0.7311,0.2989949748743719,0.3165829145728643,0.3492462311557789,0.3454773869346734,0.33668341708542715,0.33668341708542715,0.2989949748743719
142,0.32663316582914576,0.19960379397286587,0.18193949164079656,0.10411375780827777,0.4585427135678392,0.08990562707185745,0.051611504051834345,0.0,0.05081376014277339,0.7915022519882768,"[0.6419597864151001, 0.7286431789398193, 0.733668327331543, 0.7311557531356812]",0.7846,0.29773869346733667,0.3065326633165829,0.32537688442211055,0.3454773869346734,0.3065326633165829,0.3065326633165829,0.2964824120603015
143,0.33542713567839194,0.2048657794159856,0.17793958259470113,0.09373827899215044,0.4434673366834171,0.0912596583366394,0.05160293076187372,0.0,0.05080267461016774,0.9896362019935623,"[0.6419597864151001, 0.7286431789398193, 0.733668327331543, 0.7311557531356812]",1.0976,0.29773869346733667,0.30402010050251255,0.33040201005025127,0.3391959798994975,0.30778894472361806,0.30778894472361806,0.2964824120603015
144,0.3442211055276382,0.2155207243810251,0.18316853441943656,0.0978056092942454,0.4434673366834171,0.09150862693786621,0.05159279331564903,0.0,0.0507913394831121,0.7687243099790066,"[0.6419597864151001, 0.7286431789398193, 0.733668327331543, 0.7311557531356812]",0.8039,0.2914572864321608,0.29773869346733667,0.36055276381909546,0.34296482412060303,0.32914572864321606,0.32914572864321606,0.29020100502512564
145,0.3341708542713568,0.2047082598139015,0.18332605561401752,0.09753337389966867,0.4484924623115578,0.09153880178928375,0.05158426333218813,0.0,0.05078041460365057,0.8016748649533838,"[0.6419597864151001, 0.7286431789398193, 0.733668327331543, 0.7311557531356812]",0.7296,0.3015075376884422,0.30778894472361806,0.3203517587939699,0.34673366834170855,0.33040201005025127,0.33040201005025127,0.3015075376884422
146,0.37185929648241206,0.23715185469851208,0.17667313616188662,0.10307112758211812,0.44472361809045224,0.09112167358398438,0.05157468607649207,0.0,0.050769724417477846,0.7844756139675155,"[0.6419597864151001, 0.7286431789398193, 0.733668327331543, 0.7311557531356812]",0.7283,0.2914572864321608,0.30025125628140703,0.3316582914572864,0.3592964824120603,0.3442211055276382,0.3442211055276382,0.2914572864321608
147,0.35804020100502515,0.22451617577246974,0.18422591824079435,0.09904109044199567,0.4296482412060301,0.09214790165424347,0.051566765177994967,0.0,0.05075892386958003,0.8179882710101083,"[0.6419597864151001, 0.7286431789398193, 0.733668327331543, 0.7311557531356812]",0.7574,0.29773869346733667,0.3103015075376884,0.3442211055276382,0.34045226130653267,0.34045226130653267,0.34045226130653267,0.29396984924623115
148,0.32663316582914576,0.20367017682696942,0.17260584662959158,0.07930889332475295,0.43467336683417085,0.09133942425251007,0.05155818723142147,0.0,0.05074824672192335,0.7859149079304188,"[0.6419597864151001, 0.7286431789398193, 0.733668327331543, 0.7311557531356812]",0.7548,0.314070351758794,0.3203517587939699,0.32537688442211055,0.35678391959798994,0.34296482412060303,0.34296482412060303,0.30904522613065327
149,0.35175879396984927,0.2293406533612775,0.1886937284658439,0.09768431501114407,0.44095477386934673,0.09180527180433273,0.05155044328421354,0.0,0.05073721660301089,0.8100209829863161,"[0.6419597864151001, 0.7286431789398193, 0.733668327331543, 0.7311557531356812]",0.7285,0.3128140703517588,0.3228643216080402,0.30904522613065327,0.3530150753768844,0.3203517587939699,0.3203517587939699,0.3128140703517588
150,0.36180904522613067,0.19712976990110265,0.17747938113780623,0.10943608947190415,0.4547738693467337,0.09042210876941681,0.05154255637899041,0.0,0.05072591593489051,0.8566485700430349,"[0.6419597864151001, 0.7286431789398193, 0.733668327331543, 0.7311557531356812]",0.7006,0.2851758793969849,0.2851758793969849,0.32537688442211055,0.3693467336683417,0.32914572864321606,0.32914572864321606,0.28266331658291455
151,0.3492462311557789,0.22707581565800927,0.19182285090292164,0.09076972184519215,0.43090452261306533,0.09045758098363876,0.05153478728607297,0.0,0.050714758690446615,0.7828927160007879,"[0.6419597864151001, 0.7286431789398193, 0.733668327331543, 0.7311557531356812]",0.7264,0.2876884422110553,0.31532663316582915,0.3756281407035176,0.34296482412060303,0.32914572864321606,0.32914572864321606,0.28266331658291455
152,0.33040201005025127,0.20574348990021907,0.19129279605301722,0.08607466539826267,0.43090452261306533,0.09184148162603378,0.05152636580169201,0.0,0.050704071298241615,0.7981663850368932,"[0.6419597864151001, 0.7286431789398193, 0.733668327331543, 0.7311557531356812]",0.7556,0.29773869346733667,0.3228643216080402,0.3630653266331658,0.3492462311557789,0.32537688442211055,0.32537688442211055,0.3027638190954774
153,0.34673366834170855,0.19819462066694427,0.16915024457477146,0.07835931198040172,0.4108040201005025,0.09148241579532623,0.051518410444259644,0.0,0.050693659111857414,0.8183129939716309,"[0.6419597864151001, 0.7286431789398193, 0.733668327331543, 0.7311557531356812]",0.7629,0.30025125628140703,0.3228643216080402,0.36180904522613067,0.3530150753768844,0.3241206030150754,0.3241206030150754,0.3027638190954774
154,0.3693467336683417,0.2047872922624414,0.1820729933208028,0.09388265018984565,0.43467336683417085,0.08974282443523407,0.05151071399450302,0.0,0.05068306252360344,0.7611364430049434,"[0.6419597864151001, 0.7286431789398193, 0.733668327331543, 0.7311557531356812]",0.7317,0.28391959798994976,0.2964824120603015,0.32663316582914576,0.31909547738693467,0.29020100502512564,0.29020100502512564,0.28015075376884424
155,0.36809045226130654,0.20296845420215825,0.18161027264210003,0.0938215312500655,0.4334170854271357,0.08910256624221802,0.051502767484635115,0.0,0.05067304661497474,0.8429390490055084,"[0.6419597864151001, 0.7286431789398193, 0.733668327331543, 0.7311557531356812]",0.7336,0.2889447236180904,0.292713567839196,0.3015075376884422,0.31909547738693467,0.2864321608040201,0.2864321608040201,0.2864321608040201
156,0.36180904522613067,0.21608889681564225,0.19298978017696689,0.11859207128147294,0.4472361809045226,0.08895238488912582,0.051494970452040434,0.0,0.0506641804240644,0.7773459609597921,"[0.6419597864151001, 0.7286431789398193, 0.733668327331543, 0.7311557531356812]",0.7434,0.2864321608040201,0.2751256281407035,0.32537688442211055,0.34673366834170855,0.33040201005025127,0.33040201005025127,0.2851758793969849
157,0.3706030150753769,0.22468889066020703,0.2038693910620642,0.12611024238629853,0.4547738693467337,0.08954088389873505,0.05148576386272907,0.0,0.05065714055672288,0.7821186810033396,"[0.6419597864151001, 0.7286431789398193, 0.733668327331543, 0.7311557531356812]",0.7599,0.30025125628140703,0.30402010050251255,0.2989949748743719,0.3341708542713568,0.3165829145728643,0.3165829145728643,0.2952261306532663
158,0.35804020100502515,0.20250332816381433,0.19318695590069437,0.11164557107171261,0.4434673366834171,0.08928059786558151,0.05147773865610361,0.0,0.050651530269533396,0.8825833039591089,"[0.6419597864151001, 0.7286431789398193, 0.733668327331543, 0.7311557531356812]",0.8526,0.2952261306532663,0.3015075376884422,0.3027638190954774,0.33291457286432163,0.2952261306532663,0.2952261306532663,0.2914572864321608
159,0.34296482412060303,0.18610043441030077,0.18849446254604788,0.10488775397492078,0.45603015075376885,0.08878304809331894,0.051469184923917055,0.0,0.050644105300307274,0.7813556690234691,"[0.6419597864151001, 0.7286431789398193, 0.733668327331543, 0.7311557531356812]",0.7559,0.2964824120603015,0.3103015075376884,0.34296482412060303,0.3341708542713568,0.3103015075376884,0.3103015075376884,0.2914572864321608
160,0.34296482412060303,0.18652824429867487,0.18668810296206362,0.10363096960015071,0.4547738693467337,0.08900895714759827,0.051462385803461075,0.0,0.050638115499168634,0.7524401969276369,"[0.6419597864151001, 0.7286431789398193, 0.733668327331543, 0.7311557531356812]",0.7459,0.2952261306532663,0.30904522613065327,0.34045226130653267,0.33542713567839194,0.30778894472361806,0.30778894472361806,0.292713567839196
161,0.36683417085427134,0.2416855213241923,0.19558547369344245,0.12318966056646043,0.45603015075376885,0.0895317792892456,0.05145532777532935,0.0,0.05063092848286033,0.8044523829594254,"[0.6419597864151001, 0.7286431789398193, 0.733668327331543, 0.7311557531356812]",0.7446,0.292713567839196,0.2952261306532663,0.3454773869346734,0.35678391959798994,0.3203517587939699,0.3203517587939699,0.2889447236180904
162,0.3542713567839196,0.23399204306108123,0.19256813058754732,0.1216348433737841,0.4396984924623116,0.08978348970413208,0.05144921597093344,0.0,0.05062400782480836,0.799681987031363,"[0.6419597864151001, 0.7286431789398193, 0.733668327331543, 0.7311557531356812]",0.7783,0.2914572864321608,0.30402010050251255,0.34045226130653267,0.33040201005025127,0.314070351758794,0.314070351758794,0.2876884422110553
163,0.36809045226130654,0.24817954100773987,0.19702219653135317,0.12181860754455999,0.44095477386934673,0.0903826355934143,0.051441697869449854,0.0,0.05061682593077421,0.7881275629624724,"[0.6419597864151001, 0.7286431789398193, 0.733668327331543, 0.7311557531356812]",0.7537,0.29773869346733667,0.29396984924623115,0.3165829145728643,0.3479899497487437,0.3228643216080402,0.3228643216080402,0.2952261306532663
164,0.3655778894472362,0.22155735006487354,0.20144362714111638,0.12502412621485687,0.4510050251256281,0.09060810506343842,0.05143375229090452,0.0,0.05060971202328801,1.0662763880100101,"[0.6419597864151001, 0.7286431789398193, 0.733668327331543, 0.7311557531356812]",0.9058,0.2889447236180904,0.2914572864321608,0.3391959798994975,0.3555276381909548,0.3178391959798995,0.3178391959798995,0.2864321608040201
165,0.36055276381909546,0.2404950342857356,0.1976407119822256,0.10998102392844437,0.4535175879396985,0.09028053283691406,0.051424953155219555,0.0,0.05060349311679602,0.7820320191094652,"[0.6419597864151001, 0.7286431789398193, 0.733668327331543, 0.7311557531356812]",0.7948,0.2864321608040201,0.28391959798994976,0.32914572864321606,0.3492462311557789,0.32160804020100503,0.32160804020100503,0.28391959798994976
166,0.3379396984924623,0.223162962962963,0.19269662355040276,0.11355688352372885,0.43844221105527637,0.09050147980451584,0.051412900909781456,0.0,0.050597609020769596,0.780921797035262,"[0.6419597864151001, 0.7286431789398193, 0.733668327331543, 0.7311557531356812]",0.7342,0.2876884422110553,0.2876884422110553,0.32537688442211055,0.34673366834170855,0.3228643216080402,0.3228643216080402,0.2851758793969849
167,0.3316582914572864,0.19948279577616557,0.1874399338858885,0.09885394984247942,0.4321608040201005,0.09106592833995819,0.05140202632173896,0.0,0.050591221544891596,0.7828455789713189,"[0.6419597864151001, 0.7286431789398193, 0.733668327331543, 0.7311557531356812]",0.7882,0.2889447236180904,0.2851758793969849,0.3278894472361809,0.3479899497487437,0.32160804020100503,0.32160804020100503,0.2864321608040201
168,0.32663316582914576,0.19565037063849355,0.1874496692591457,0.09906475660876171,0.4296482412060301,0.09153043478727341,0.051390806678682566,0.0,0.05058499192818999,0.8293844839790836,"[0.6419597864151001, 0.7286431789398193, 0.733668327331543, 0.7311557531356812]",0.8005,0.3015075376884422,0.3178391959798995,0.3630653266331658,0.34045226130653267,0.33668341708542715,0.33668341708542715,0.30527638190954776
169,0.33542713567839194,0.20011397526736696,0.19118671594406586,0.10494323674427285,0.457286432160804,0.09055164456367493,0.0513805472292006,0.0,0.05057844519615173,0.9344792469637468,"[0.6419597864151001, 0.7286431789398193, 0.733668327331543, 0.7311557531356812]",1.0144,0.30527638190954776,0.3178391959798995,0.36683417085427134,0.3341708542713568,0.3391959798994975,0.3391959798994975,0.30778894472361806
170,0.29396984924623115,0.1610980780446274,0.15281589645752455,0.0435062220542354,0.3806532663316583,0.09051907062530518,0.051369760651141405,0.0,0.050572114530950785,0.9899089098908007,"[0.6419597864151001, 0.7286431789398193, 0.733668327331543, 0.7311557531356812]",0.7816,0.2964824120603015,0.30527638190954776,0.3555276381909548,0.3379396984924623,0.33291457286432163,0.33291457286432163,0.2889447236180904
171,0.29396984924623115,0.16196242476241507,0.1504284471186133,0.0431437289466929,0.3768844221105528,0.0903954952955246,0.051359213422983885,0.0,0.05056806234642863,0.7701360519276932,"[0.6419597864151001, 0.7286431789398193, 0.733668327331543, 0.7311557531356812]",0.7067,0.33542713567839194,0.3417085427135678,0.40326633165829145,0.3316582914572864,0.3655778894472362,0.3655778894472362,0.34045226130653267
172,0.3178391959798995,0.18278707896503155,0.16484840433459264,0.07193755067953053,0.39824120603015073,0.09191359579563141,0.051341918762773275,0.0,0.05056786863133311,0.7604647249681875,"[0.6419597864151001, 0.7286431789398193, 0.733668327331543, 0.7311557531356812]",0.7041,0.3278894472361809,0.3379396984924623,0.37185929648241206,0.32914572864321606,0.33040201005025127,0.33040201005025127,0.32663316582914576
173,0.2964824120603015,0.17500434929060305,0.172407578945182,0.07847796266306234,0.42336683417085424,0.09175464510917664,0.051315813325345516,0.0,0.05056642880663276,0.8138212879421189,"[0.6419597864151001, 0.7286431789398193, 0.733668327331543, 0.7311557531356812]",0.7417,0.30527638190954776,0.3103015075376884,0.32537688442211055,0.36180904522613067,0.3417085427135678,0.3417085427135678,0.3015075376884422
174,0.2952261306532663,0.1735617335815729,0.17564247089744323,0.08079143191289649,0.4258793969849246,0.09206050634384155,0.051300599705427885,0.0,0.05055982852354646,0.7647333100903779,"[0.6419597864151001, 0.7286431789398193, 0.733668327331543, 0.7311557531356812]",0.7153,0.3065326633165829,0.30778894472361806,0.32537688442211055,0.36180904522613067,0.3454773869346734,0.3454773869346734,0.2952261306532663
175,0.3391959798994975,0.21745501304565595,0.17885223359784702,0.09043678394129176,0.44095477386934673,0.09190168976783752,0.051294941920787096,0.0,0.050553182139992714,0.8045897861011326,"[0.6419597864151001, 0.7286431789398193, 0.733668327331543, 0.7311557531356812]",0.7631,0.30527638190954776,0.30527638190954776,0.31909547738693467,0.35175879396984927,0.32914572864321606,0.32914572864321606,0.30025125628140703
176,0.3241206030150754,0.19135019184869617,0.18903948018889546,0.10397579983969672,0.4535175879396985,0.09179311990737915,0.051290951669216156,0.0,0.05054908385500312,0.8530904399231076,"[0.6419597864151001, 0.7286431789398193, 0.733668327331543, 0.7311557531356812]",0.6877,0.29396984924623115,0.30025125628140703,0.34296482412060303,0.33291457286432163,0.3103015075376884,0.3103015075376884,0.29396984924623115
177,0.35050251256281406,0.19645412920169103,0.17789718053244252,0.08486829549243324,0.42085427135678394,0.091140516102314,0.051281440537422895,0.0,0.05054497718811035,0.8062629580963403,"[0.6419597864151001, 0.7286431789398193, 0.733668327331543, 0.7311557531356812]",0.7051,0.2914572864321608,0.30527638190954776,0.34045226130653267,0.33542713567839194,0.30402010050251255,0.30402010050251255,0.2876884422110553
178,0.3379396984924623,0.1997680332231363,0.17097532438214028,0.08559557649561594,0.4221105527638191,0.09079276770353317,0.05127111077308655,0.0,0.05053938739001751,1.1462010690011084,"[0.6419597864151001, 0.7286431789398193, 0.733668327331543, 0.7311557531356812]",0.8015,0.2914572864321608,0.2864321608040201,0.36180904522613067,0.34673366834170855,0.32914572864321606,0.32914572864321606,0.2876884422110553
179,0.34296482412060303,0.2065396798774095,0.18921773283726256,0.10288577727446824,0.44597989949748745,0.09091730415821075,0.05126767558977008,0.0,0.05053317453712225,0.8778984870295972,"[0.6419597864151001, 0.7286431789398193, 0.733668327331543, 0.7311557531356812]",0.8037,0.31155778894472363,0.32663316582914576,0.3693467336683417,0.3341708542713568,0.3341708542713568,0.3341708542713568,0.32537688442211055
180,0.3454773869346734,0.20019748400745963,0.1839450845553581,0.09817985441335787,0.44095477386934673,0.0902012437582016,0.05126473121345043,0.0,0.05052808951586485,0.7749638539971784,"[0.6419597864151001, 0.7286431789398193, 0.733668327331543, 0.7311557531356812]",0.7265,0.2876884422110553,0.2964824120603015,0.33291457286432163,0.34673366834170855,0.3228643216080402,0.3228643216080402,0.30025125628140703
181,0.31909547738693467,0.1755504044548315,0.18530390453267895,0.09601813621400312,0.43844221105527637,0.08999593555927277,0.051254731602966785,0.0,0.05052335374057293,0.8079498329898342,"[0.6419597864151001, 0.7286431789398193, 0.733668327331543, 0.7311557531356812]",0.7055,0.3027638190954774,0.3128140703517588,0.3228643216080402,0.35678391959798994,0.32914572864321606,0.32914572864321606,0.30025125628140703
182,0.3316582914572864,0.18941867810041546,0.18064569911974357,0.08547662045087383,0.43090452261306533,0.09035108238458633,0.05124729825183749,0.0,0.05051564844325185,0.7764337570406497,"[0.6419597864151001, 0.7286431789398193, 0.733668327331543, 0.7311557531356812]",0.7893,0.3065326633165829,0.31909547738693467,0.3379396984924623,0.3630653266331658,0.3492462311557789,0.3492462311557789,0.3015075376884422
183,0.3454773869346734,0.22299413942473423,0.18606308010859932,0.09340264345150857,0.4371859296482412,0.09063224494457245,0.051246600691229105,0.0,0.05050674779340625,0.784291484975256,"[0.6419597864151001, 0.7286431789398193, 0.733668327331543, 0.7311557531356812]",0.7193,0.30527638190954776,0.30778894472361806,0.33542713567839194,0.3693467336683417,0.36055276381909546,0.36055276381909546,0.30025125628140703
184,0.35678391959798994,0.23769620972930916,0.18988006806184957,0.11607472758652058,0.45979899497487436,0.09079869836568832,0.051248517353087664,0.0,0.050497795920819044,0.9309565330622718,"[0.6419597864151001, 0.7286431789398193, 0.733668327331543, 0.7311557531356812]",0.7432,0.3027638190954774,0.314070351758794,0.3316582914572864,0.35678391959798994,0.3278894472361809,0.3278894472361809,0.2964824120603015
185,0.3492462311557789,0.2210526315789474,0.18140438965751388,0.10762605971877204,0.4271356783919598,0.0903739482164383,0.051251827739179134,0.0,0.05048908432945609,0.8016724250046536,"[0.6419597864151001, 0.7286431789398193, 0.733668327331543, 0.7311557531356812]",0.7304,0.29773869346733667,0.32160804020100503,0.3454773869346734,0.35175879396984927,0.3417085427135678,0.3417085427135678,0.3027638190954774
186,0.35050251256281406,0.2266238696243733,0.19087935988419227,0.10794707200624346,0.4371859296482412,0.08988775312900543,0.05125465104356408,0.0,0.05048049194738269,0.7709457150194794,"[0.6419597864151001, 0.7286431789398193, 0.733668327331543, 0.7311557531356812]",0.7007,0.3065326633165829,0.30778894472361806,0.32663316582914576,0.34673366834170855,0.3103015075376884,0.3103015075376884,0.3203517587939699
187,0.3391959798994975,0.21774741986832158,0.18089787572770924,0.10138549295423056,0.4271356783919598,0.08960150182247162,0.05125578911975026,0.0,0.050472347531467676,0.7682415639283136,"[0.6419597864151001, 0.7286431789398193, 0.733668327331543, 0.7311557531356812]",0.6926,0.31532663316582915,0.32914572864321606,0.3479899497487437,0.3316582914572864,0.32160804020100503,0.32160804020100503,0.3178391959798995
188,0.3454773869346734,0.1980275371287129,0.18805522841873965,0.10668682740924224,0.4271356783919598,0.08902803063392639,0.051256516482681036,0.0,0.05046388413757086,0.846175548969768,"[0.6419597864151001, 0.7286431789398193, 0.733668327331543, 0.7311557531356812]",0.7231,0.3203517587939699,0.33040201005025127,0.35175879396984927,0.34045226130653267,0.32537688442211055,0.32537688442211055,0.32160804020100503
189,0.3442211055276382,0.20333916831394627,0.18458494870284156,0.10380709299106684,0.4296482412060301,0.08903536200523376,0.05125717679038644,0.0,0.05045570619404316,0.8128316199872643,"[0.6419597864151001, 0.7286431789398193, 0.733668327331543, 0.7311557531356812]",0.7127,0.2964824120603015,0.314070351758794,0.3316582914572864,0.3417085427135678,0.31909547738693467,0.31909547738693467,0.30527638190954776
190,0.36180904522613067,0.20934470527966476,0.1954488093595699,0.11058205904460464,0.44095477386934673,0.08924791216850281,0.0512557509355247,0.0,0.050448352470993996,0.8029526830650866,"[0.6419597864151001, 0.7286431789398193, 0.733668327331543, 0.7311557531356812]",0.7076,0.292713567839196,0.3027638190954774,0.32537688442211055,0.35678391959798994,0.32914572864321606,0.32914572864321606,0.292713567839196
191,0.3316582914572864,0.21373957927180232,0.18345261890253522,0.0928298179118966,0.43467336683417085,0.09042765945196152,0.051252301782369614,0.0,0.050440710969269276,0.8249759810278192,"[0.6419597864151001, 0.7286431789398193, 0.733668327331543, 0.7311557531356812]",0.7103,0.30025125628140703,0.3203517587939699,0.33542713567839194,0.3454773869346734,0.32160804020100503,0.32160804020100503,0.3103015075376884
192,0.34673366834170855,0.19580338061006408,0.1942751309819961,0.10774830631981573,0.4510050251256281,0.0905262678861618,0.05125000141561031,0.0,0.05043352488428354,0.7886892209062353,"[0.6419597864151001, 0.7286431789398193, 0.733668327331543, 0.7311557531356812]",0.6986,0.3203517587939699,0.314070351758794,0.3542713567839196,0.31909547738693467,0.3027638190954774,0.3027638190954774,0.33542713567839194
193,0.33668341708542715,0.18638870552160303,0.19309892796230366,0.10342834204048762,0.4484924623115578,0.09053757786750793,0.05124873761087656,0.0,0.05042695999145508,0.8172381960321218,"[0.6419597864151001, 0.7286431789398193, 0.733668327331543, 0.7311557531356812]",0.6977,0.3228643216080402,0.32160804020100503,0.35804020100502515,0.33291457286432163,0.30778894472361806,0.30778894472361806,0.33668341708542715
194,0.3379396984924623,0.19127212717801612,0.19791650629122048,0.11377923985848955,0.44974874371859297,0.09019086509943008,0.05124810757115483,0.0,0.05042005283758044,0.8065823949873447,"[0.6419597864151001, 0.7286431789398193, 0.733668327331543, 0.7311557531356812]",0.7126,0.3228643216080402,0.3203517587939699,0.3555276381909548,0.33040201005025127,0.30778894472361806,0.30778894472361806,0.33542713567839194
195,0.34045226130653267,0.19343943365127414,0.19524255147750466,0.11205032259922623,0.4472361809045226,0.09007040411233902,0.05124787613749504,0.0,0.05041273171082139,0.7978499740129337,"[0.6419597864151001, 0.7286431789398193, 0.733668327331543, 0.7311557531356812]",0.7317,0.2952261306532663,0.292713567839196,0.33040201005025127,0.36180904522613067,0.33040201005025127,0.33040201005025127,0.30527638190954776
196,0.36180904522613067,0.21453573523641545,0.2039279016158645,0.12207046838026608,0.4635678391959799,0.08944302052259445,0.05124823423102498,0.0,0.050405846908688545,0.8256639549508691,"[0.6419597864151001, 0.7286431789398193, 0.733668327331543, 0.7311557531356812]",0.6968,0.29020100502512564,0.29396984924623115,0.3316582914572864,0.36055276381909546,0.3278894472361809,0.3278894472361809,0.2989949748743719
197,0.3592964824120603,0.23704493045336406,0.20354989654403585,0.11927544231164305,0.4610552763819096,0.08938010782003403,0.05124829337000847,0.0,0.05039909994229674,0.7896571749588475,"[0.6419597864151001, 0.7286431789398193, 0.733668327331543, 0.7311557531356812]",0.7526,0.3555276381909548,0.36055276381909546,0.38190954773869346,0.34045226130653267,0.33040201005025127,0.33040201005025127,0.38944723618090454
198,0.35678391959798994,0.23524588164430238,0.19962202736883156,0.11198459134009557,0.4535175879396985,0.08951561897993088,0.05124825797975063,0.0,0.05039206985384226,0.8118007980519906,"[0.6419597864151001, 0.7286431789398193, 0.733668327331543, 0.7311557531356812]",0.744,0.33291457286432163,0.3379396984924623,0.3731155778894472,0.3479899497487437,0.3442211055276382,0.3442211055276382,0.35175879396984927
199,0.3542713567839196,0.23260415748397756,0.1955260698012759,0.109967860854107,0.457286432160804,0.08997565507888794,0.05124862538650632,0.0,0.05038493359461427,0.8110549299744889,"[0.6419597864151001, 0.7286431789398193, 0.733668327331543, 0.7311557531356812]",0.9399,0.30778894472361806,0.31532663316582915,0.30402010050251255,0.3341708542713568,0.292713567839196,0.292713567839196,0.2989949748743719
200,0.33291457286432163,0.21236729955407807,0.18258236423757998,0.08963334394104311,0.42462311557788945,0.0903509184718132,0.05124895088374615,0.0,0.050377752631902695,0.7760402470594272,"[0.6419597864151001, 0.7286431789398193, 0.733668327331543, 0.7311557531356812]",0.7185,0.30904522613065327,0.31909547738693467,0.30527638190954776,0.33040201005025127,0.2914572864321608,0.2914572864321608,0.2989949748743719
201,0.3530150753768844,0.2315997435791699,0.19408300164222797,0.107421512853076,0.4547738693467337,0.0902446061372757,0.05124802701175213,0.0,0.05037075886502862,0.7908873170381412,"[0.6419597864151001, 0.7286431789398193, 0.733668327331543, 0.7311557531356812]",0.738,0.3555276381909548,0.3492462311557789,0.3768844221105528,0.33542713567839194,0.34045226130653267,0.34045226130653267,0.38190954773869346
202,0.31909547738693467,0.16763068232243528,0.1772107355323897,0.06924658207674848,0.4082914572864322,0.09046422690153122,0.05124578159302473,0.0,0.05036437511444092,0.7817911800229922,"[0.6419597864151001, 0.7286431789398193, 0.733668327331543, 0.7311557531356812]",0.7612,0.3341708542713568,0.3316582914572864,0.35678391959798994,0.33668341708542715,0.3278894472361809,0.3278894472361809,0.3655778894472362
203,0.33040201005025127,0.17625701632271884,0.1717180662861846,0.0698710306450456,0.4108040201005025,0.08971227705478668,0.05124359158799052,0.0,0.05035760113969445,0.7658035390777513,"[0.6419597864151001, 0.7286431789398193, 0.733668327331543, 0.7311557531356812]",0.7115,0.3731155778894472,0.32160804020100503,0.36683417085427134,0.35175879396984927,0.34045226130653267,0.34045226130653267,0.3869346733668342
204,0.3417085427135678,0.22236494989512923,0.18607872614419474,0.09616382313409479,0.4321608040201005,0.08960966765880585,0.051242162473499775,0.0,0.0503510651178658,0.7576737750787288,"[0.6419597864151001, 0.7286431789398193, 0.733668327331543, 0.7311557531356812]",0.6905,0.3454773869346734,0.3228643216080402,0.3693467336683417,0.3542713567839196,0.3442211055276382,0.3442211055276382,0.38316582914572866
205,0.35678391959798994,0.2327349743493199,0.19159441913318573,0.11327832182253789,0.4484924623115578,0.08957187831401825,0.05124089168384671,0.0,0.05034463666379452,0.7705250390572473,"[0.6419597864151001, 0.7286431789398193, 0.733668327331543, 0.7311557531356812]",0.7274,0.32914572864321606,0.3103015075376884,0.3492462311557789,0.35050251256281406,0.33542713567839194,0.33542713567839194,0.36809045226130654
206,0.3417085427135678,0.17832581797264535,0.17459005484104187,0.08613152914107138,0.43467336683417085,0.09009826183319092,0.05123925721272826,0.0,0.05033783707767725,0.833240645006299,"[0.6419597864151001, 0.7286431789398193, 0.733668327331543, 0.7311557531356812]",0.7064,0.3278894472361809,0.30904522613065327,0.3492462311557789,0.35050251256281406,0.3341708542713568,0.3341708542713568,0.36683417085427134
207,0.3128140703517588,0.14682143899863032,0.1759903156272763,0.08885393205703193,0.4396984924623116,0.08961209654808044,0.0512383203022182,0.0,0.05033105658367276,0.7948808569926769,"[0.6419597864151001, 0.7286431789398193, 0.733668327331543, 0.7311557531356812]",0.7299,0.3203517587939699,0.3065326633165829,0.38316582914572866,0.3555276381909548,0.3592964824120603,0.3592964824120603,0.35175879396984927
208,0.3391959798994975,0.1992732766616625,0.181618484684202,0.08361888455001822,0.4120603015075377,0.08945274353027344,0.05123668536543846,0.0,0.050324480049312115,0.7718099650228396,"[0.6419597864151001, 0.7286431789398193, 0.733668327331543, 0.7311557531356812]",0.7885,0.29396984924623115,0.29773869346733667,0.3655778894472362,0.35804020100502515,0.35175879396984927,0.35175879396984927,0.3128140703517588
209,0.35678391959798994,0.23035289718637808,0.1915076338833847,0.10775295547760207,0.4472361809045226,0.08985928446054459,0.05123384529724717,0.0,0.0503182215616107,0.7679915699409321,"[0.6419597864151001, 0.7286431789398193, 0.733668327331543, 0.7311557531356812]",0.7882,0.28391959798994976,0.2914572864321608,0.3630653266331658,0.35804020100502515,0.34673366834170855,0.34673366834170855,0.30527638190954776
210,0.35050251256281406,0.2266456696464645,0.19830009082708872,0.10223115823910635,0.45226130653266333,0.0907503068447113,0.0512296031229198,0.0,0.05031169578433037,0.7683777799829841,"[0.6419597864151001, 0.7286431789398193, 0.733668327331543, 0.7311557531356812]",0.7139,0.2876884422110553,0.29396984924623115,0.36809045226130654,0.36432160804020103,0.35678391959798994,0.35678391959798994,0.30904522613065327
211,0.3442211055276382,0.22249333852279873,0.19992661882381035,0.12135861650896192,0.4510050251256281,0.09008476138114929,0.05122666899114847,0.0,0.05030507268384099,0.790814257110469,"[0.6419597864151001, 0.7286431789398193, 0.733668327331543, 0.7311557531356812]",0.6969,0.2876884422110553,0.30025125628140703,0.37185929648241206,0.36683417085427134,0.36055276381909546,0.36055276381909546,0.3103015075376884
212,0.36809045226130654,0.24149114730744015,0.19495330729635937,0.11632032616472873,0.457286432160804,0.08926621079444885,0.05122321331873536,0.0,0.050298331305384636,0.8027320379624143,"[0.6419597864151001, 0.7286431789398193, 0.733668327331543, 0.7311557531356812]",0.7148,0.29773869346733667,0.3027638190954774,0.3743718592964824,0.3655778894472362,0.36180904522613067,0.36180904522613067,0.3203517587939699
213,0.3479899497487437,0.2235168077888149,0.195119250412424,0.10624321828762814,0.4585427135678392,0.08947715908288956,0.05122119188308716,0.0,0.05029170261695981,0.8266919630113989,"[0.6419597864151001, 0.7286431789398193, 0.733668327331543, 0.7311557531356812]",0.7058,0.2876884422110553,0.27889447236180903,0.32914572864321606,0.36683417085427134,0.35050251256281406,0.35050251256281406,0.3015075376884422
214,0.3479899497487437,0.22466659409872503,0.1940334820743751,0.10587127453804358,0.4585427135678392,0.09001635760068893,0.05121856927871704,0.0,0.05028529558330774,0.8286659440491349,"[0.6419597864151001, 0.7286431789398193, 0.733668327331543, 0.7311557531356812]",0.7591,0.30904522613065327,0.2751256281407035,0.3178391959798995,0.3479899497487437,0.3391959798994975,0.3391959798994975,0.34296482412060303
215,0.3655778894472362,0.2324451275980256,0.18775616650266055,0.0921519342214029,0.42336683417085424,0.09091298282146454,0.0512167913839221,0.0,0.05027859937399626,0.7662542080506682,"[0.6419597864151001, 0.7286431789398193, 0.733668327331543, 0.7311557531356812]",0.6925,0.31155778894472363,0.2776381909547739,0.314070351758794,0.3492462311557789,0.34045226130653267,0.34045226130653267,0.3417085427135678
216,0.3492462311557789,0.22508428961799987,0.19546013519997296,0.12142995888035171,0.44974874371859297,0.09065420180559158,0.05121446447446942,0.0,0.050272075459361076,0.7689204380149022,"[0.6419597864151001, 0.7286431789398193, 0.733668327331543, 0.7311557531356812]",0.7109,0.28015075376884424,0.2964824120603015,0.32160804020100503,0.38190954773869346,0.3492462311557789,0.3492462311557789,0.2864321608040201
217,0.3479899497487437,0.22326862514688606,0.19613508695546475,0.12085926108342492,0.4472361809045226,0.09031377732753754,0.05121173616498709,0.0,0.05026550590991974,0.7602820750325918,"[0.6419597864151001, 0.7286431789398193, 0.733668327331543, 0.7311557531356812]",0.7347,0.27638190954773867,0.29773869346733667,0.3316582914572864,0.3806532663316583,0.36055276381909546,0.36055276381909546,0.2964824120603015
218,0.34673366834170855,0.22174130494459,0.19554537564955646,0.12028226580277793,0.4472361809045226,0.0903414785861969,0.05120487418025732,0.0,0.05025952449068427,0.7680646079825237,"[0.6419597864151001, 0.7286431789398193, 0.733668327331543, 0.7311557531356812]",0.7392,0.2814070351758794,0.2989949748743719,0.33040201005025127,0.38190954773869346,0.36180904522613067,0.36180904522613067,0.30025125628140703
219,0.3454773869346734,0.22026664460609668,0.19638937114959865,0.11944189067554555,0.4472361809045226,0.09026922285556793,0.051193886902183294,0.0,0.05025422153994441,0.7402550729457289,"[0.6419597864151001, 0.7286431789398193, 0.733668327331543, 0.7311557531356812]",0.7751,0.27889447236180903,0.2964824120603015,0.32914572864321606,0.3806532663316583,0.36683417085427134,0.36683417085427134,0.30025125628140703
220,0.3442211055276382,0.2183438397679367,0.19497913338409043,0.11887423694587768,0.4472361809045226,0.0903179943561554,0.05117359850555658,0.0,0.05024989554658532,0.7387485060608014,"[0.6419597864151001, 0.7286431789398193, 0.733668327331543, 0.7311557531356812]",0.7095,0.292713567839196,0.3027638190954774,0.32160804020100503,0.3768844221105528,0.3278894472361809,0.3278894472361809,0.2814070351758794
221,0.32537688442211055,0.1995430797176082,0.17291515950233616,0.08192066085200869,0.41331658291457285,0.0911121666431427,0.05115676438435912,0.0,0.05024570366367698,0.8134663349483162,"[0.6419597864151001, 0.7286431789398193, 0.733668327331543, 0.7311557531356812]",0.7247,0.29773869346733667,0.3128140703517588,0.31532663316582915,0.3555276381909548,0.33040201005025127,0.33040201005025127,0.29020100502512564
222,0.29773869346733667,0.1832240845403934,0.17148478611638465,0.08481279155514344,0.4120603015075377,0.09142199158668518,0.0511375074274838,0.0,0.05024205334484577,0.7670042120153084,"[0.6419597864151001, 0.7286431789398193, 0.733668327331543, 0.7311557531356812]",0.7126,0.3178391959798995,0.30904522613065327,0.33040201005025127,0.3479899497487437,0.31532663316582915,0.31532663316582915,0.3341708542713568
223,0.30527638190954776,0.1896346997498145,0.1747152972959845,0.07984696024643996,0.4158291457286432,0.09173411875963211,0.05112231569364667,0.0,0.050237344577908516,0.7774047609418631,"[0.6419597864151001, 0.7286431789398193, 0.733668327331543, 0.7311557531356812]",0.7561,0.3165829145728643,0.3165829145728643,0.3341708542713568,0.35175879396984927,0.3228643216080402,0.3228643216080402,0.34045226130653267
224,0.31155778894472363,0.19755112252481621,0.1763930144733793,0.07680291033346226,0.4108040201005025,0.09214846044778824,0.051112959161400795,0.0,0.05023228703066707,0.7762739319587126,"[0.6419597864151001, 0.7286431789398193, 0.733668327331543, 0.7311557531356812]",0.6917,0.31909547738693467,0.314070351758794,0.3341708542713568,0.3492462311557789,0.31909547738693467,0.31909547738693467,0.33668341708542715
225,0.3316582914572864,0.1923713620932982,0.1854968305031383,0.08279001272895971,0.4258793969849246,0.0917363315820694,0.051108970772475004,0.0,0.05022641131654382,0.8845126969972625,"[0.6419597864151001, 0.7286431789398193, 0.733668327331543, 0.7311557531356812]",1.0999,0.30778894472361806,0.30778894472361806,0.3165829145728643,0.34045226130653267,0.3165829145728643,0.3165829145728643,0.32537688442211055
226,0.314070351758794,0.18752582118374583,0.1817289883584884,0.08403488848592311,0.4296482412060301,0.09144371747970581,0.051106955856084824,0.0,0.0502205453813076,1.2984696970088407,"[0.6419597864151001, 0.7286431789398193, 0.733668327331543, 0.7311557531356812]",1.1465,0.3492462311557789,0.3203517587939699,0.34045226130653267,0.3542713567839196,0.33668341708542715,0.33668341708542715,0.38316582914572866
227,0.314070351758794,0.18768526859975254,0.18116129938290942,0.08267337207937656,0.42839195979899497,0.09176836907863617,0.05110561056062579,0.0,0.05021420959383249,0.9613524560118094,"[0.6419597864151001, 0.7286431789398193, 0.733668327331543, 0.7311557531356812]",0.9043,0.3479899497487437,0.31909547738693467,0.3391959798994975,0.36683417085427134,0.33668341708542715,0.33668341708542715,0.38316582914572866
228,0.3203517587939699,0.19375125205242993,0.17799386000172354,0.08729113034707686,0.4396984924623116,0.0917443037033081,0.051102200988680124,0.0,0.050209530629217625,0.9138937060488388,"[0.6419597864151001, 0.7286431789398193, 0.733668327331543, 0.7311557531356812]",1.0318,0.40703517587939697,0.4020100502512563,0.3756281407035176,0.33291457286432163,0.34045226130653267,0.34045226130653267,0.4057788944723618
229,0.3203517587939699,0.19392631387824566,0.1785203279911974,0.08686315104135203,0.43844221105527637,0.09172933548688889,0.05110038770362735,0.0,0.050204833038151264,0.76082143408712,"[0.6419597864151001, 0.7286431789398193, 0.733668327331543, 0.7311557531356812]",0.915,0.36055276381909546,0.31909547738693467,0.33668341708542715,0.3693467336683417,0.3391959798994975,0.3391959798994975,0.38190954773869346
230,0.31155778894472363,0.18648113853252235,0.18205294273949288,0.09016514553085139,0.4434673366834171,0.09179563820362091,0.051094523165374994,0.0,0.05020113056525588,0.8026580529985949,"[0.6419597864151001, 0.7286431789398193, 0.733668327331543, 0.7311557531356812]",0.7427,0.38567839195979897,0.3957286432160804,0.3957286432160804,0.3454773869346734,0.3391959798994975,0.3391959798994975,0.3844221105527638
231,0.3228643216080402,0.20700572782569948,0.1876838321470345,0.08192111471963838,0.4221105527638191,0.09146461635828018,0.05108903022482991,0.0,0.050196608528494835,0.845156266936101,"[0.6419597864151001, 0.7286431789398193, 0.733668327331543, 0.7311557531356812]",0.8406,0.4120603015075377,0.41959798994974873,0.3542713567839196,0.36683417085427134,0.35175879396984927,0.35175879396984927,0.4082914572864322
232,0.34045226130653267,0.22035909375839524,0.18436953281277793,0.0864919715794605,0.42085427135678394,0.09051559865474701,0.05108217103406787,0.0,0.05019171815365553,0.7614186749560758,"[0.6419597864151001, 0.7286431789398193, 0.733668327331543, 0.7311557531356812]",0.7616,0.41708542713567837,0.42085427135678394,0.3555276381909548,0.3693467336683417,0.3542713567839196,0.3542713567839196,0.4120603015075377
233,0.34045226130653267,0.21998364933421444,0.18441236243189046,0.08605307443367918,0.42085427135678394,0.09043233096599579,0.05107607087120414,0.0,0.05018684919923544,0.7907160460017622,"[0.6419597864151001, 0.7286431789398193, 0.733668327331543, 0.7311557531356812]",0.7023,0.41708542713567837,0.4221105527638191,0.3542713567839196,0.36809045226130654,0.3542713567839196,0.3542713567839196,0.41457286432160806
234,0.34045226130653267,0.21960930044948568,0.18615495943915572,0.08727164467133218,0.4221105527638191,0.0904536172747612,0.05107157118618488,0.0,0.0501819527707994,0.7732008469756693,"[0.6419597864151001, 0.7286431789398193, 0.733668327331543, 0.7311557531356812]",0.7548,0.3241206030150754,0.3203517587939699,0.3278894472361809,0.3542713567839196,0.3203517587939699,0.3203517587939699,0.35050251256281406
235,0.34045226130653267,0.21960930044948568,0.18615495943915572,0.08727164467133218,0.4221105527638191,0.09045450389385223,0.051067621912807226,0.0,0.050176591612398624,0.8638864490203559,"[0.6419597864151001, 0.7286431789398193, 0.733668327331543, 0.7311557531356812]",0.7965,0.3241206030150754,0.3203517587939699,0.32663316582914576,0.35678391959798994,0.3203517587939699,0.3203517587939699,0.3492462311557789
236,0.3391959798994975,0.22052748472036832,0.19227265005353394,0.09794831012467141,0.44095477386934673,0.09033532440662384,0.0510629927739501,0.0,0.05017156573012471,0.9358026590198278,"[0.6419597864151001, 0.7286431789398193, 0.733668327331543, 0.7311557531356812]",0.8174,0.32537688442211055,0.3241206030150754,0.3278894472361809,0.3592964824120603,0.32160804020100503,0.32160804020100503,0.3542713567839196
237,0.3379396984924623,0.21880854392074356,0.1926909844045301,0.0971770738004594,0.43844221105527637,0.09038786590099335,0.05105891218408942,0.0,0.05016628233715892,0.7992829959839582,"[0.6419597864151001, 0.7286431789398193, 0.733668327331543, 0.7311557531356812]",0.7278,0.32537688442211055,0.3203517587939699,0.3391959798994975,0.34673366834170855,0.3278894472361809,0.3278894472361809,0.35678391959798994
238,0.33542713567839194,0.21970184102511836,0.18590405671610977,0.09343524730316324,0.42336683417085424,0.09009583294391632,0.05105340853333473,0.0,0.050161683931946754,0.7541436769533902,"[0.6419597864151001, 0.7286431789398193, 0.733668327331543, 0.7311557531356812]",0.7271,0.3203517587939699,0.314070351758794,0.3341708542713568,0.35175879396984927,0.32914572864321606,0.32914572864321606,0.35175879396984927
239,0.3479899497487437,0.22622624122507995,0.188635800101085,0.10110805402500332,0.43844221105527637,0.09012528508901596,0.05104675143957138,0.0,0.050156878773123026,0.7530955339316279,"[0.6419597864151001, 0.7286431789398193, 0.733668327331543, 0.7311557531356812]",0.6974,0.29773869346733667,0.30904522613065327,0.30527638190954776,0.35804020100502515,0.314070351758794,0.314070351758794,0.2864321608040201
240,0.34673366834170855,0.21663922481500408,0.1794974901785138,0.09955220388217735,0.44974874371859297,0.09062126278877258,0.051039937883615494,0.0,0.05015197861939669,0.763114508939907,"[0.6419597864151001, 0.7286431789398193, 0.733668327331543, 0.7311557531356812]",0.6886,0.3015075376884422,0.3128140703517588,0.32663316582914576,0.3706030150753769,0.34045226130653267,0.34045226130653267,0.2864321608040201
241,0.3278894472361809,0.20163025953671843,0.17457873222220593,0.08469075767750814,0.4120603015075377,0.09080614149570465,0.051034011878073215,0.0,0.050147047732025385,0.7340792360482737,"[0.6419597864151001, 0.7286431789398193, 0.733668327331543, 0.7311557531356812]",0.6953,0.3015075376884422,0.3128140703517588,0.32537688442211055,0.3706030150753769,0.3391959798994975,0.3391959798994975,0.2864321608040201
242,0.33040201005025127,0.20427320450952102,0.17668752508830377,0.08653185178826141,0.41457286432160806,0.09066644310951233,0.05102921137586236,0.0,0.05014212569221854,0.7468392280861735,"[0.6419597864151001, 0.7286431789398193, 0.733668327331543, 0.7311557531356812]",0.6966,0.30402010050251255,0.31532663316582915,0.3241206030150754,0.3693467336683417,0.3391959798994975,0.3391959798994975,0.2889447236180904
243,0.3454773869346734,0.22006281383408877,0.19348286971928133,0.11083854748899497,0.4648241206030151,0.08913054317235947,0.05102416453883052,0.0,0.0501367412507534,0.7431466759881005,"[0.6419597864151001, 0.7286431789398193, 0.733668327331543, 0.7311557531356812]",0.721,0.3241206030150754,0.3027638190954774,0.34296482412060303,0.3542713567839196,0.32160804020100503,0.32160804020100503,0.3454773869346734
244,0.3542713567839196,0.2315058123918805,0.20129226873242106,0.11386307342713982,0.4610552763819096,0.08852289617061615,0.05101961921900511,0.0,0.05013154819607735,0.8064756740350276,"[0.6419597864151001, 0.7286431789398193, 0.733668327331543, 0.7311557531356812]",0.7322,0.3065326633165829,0.30402010050251255,0.3228643216080402,0.3693467336683417,0.3454773869346734,0.3454773869346734,0.32663316582914576
245,0.3555276381909548,0.23421779563913636,0.19943157779819187,0.11390534079594013,0.46733668341708545,0.0883316770195961,0.05101573234423995,0.0,0.050125970505177975,0.7778315399773419,"[0.6419597864151001, 0.7286431789398193, 0.733668327331543, 0.7311557531356812]",0.84,0.3065326633165829,0.30402010050251255,0.32537688442211055,0.3693467336683417,0.3442211055276382,0.3442211055276382,0.32663316582914576
246,0.37185929648241206,0.2406608921280574,0.1904773841458743,0.11295427598095271,0.4396984924623116,0.08850546181201935,0.05101044662296772,0.0,0.05012059258297086,0.7783463060623035,"[0.6419597864151001, 0.7286431789398193, 0.733668327331543, 0.7311557531356812]",0.7551,0.2889447236180904,0.30402010050251255,0.32537688442211055,0.3806532663316583,0.34673366834170855,0.34673366834170855,0.3015075376884422
247,0.3731155778894472,0.24052772466539196,0.1948202133374949,0.11947320783402363,0.4535175879396985,0.08890505135059357,0.051003771368414164,0.0,0.05011544656008482,0.8542308530304581,"[0.6419597864151001, 0.7286431789398193, 0.733668327331543, 0.7311557531356812]",0.7331,0.29396984924623115,0.31532663316582915,0.3228643216080402,0.36809045226130654,0.34045226130653267,0.34045226130653267,0.3165829145728643
248,0.3454773869346734,0.1896865358726214,0.20030754588892052,0.10636217534824748,0.4535175879396985,0.0877360850572586,0.050996517296880484,0.0,0.0501100686378777,0.80821465596091,"[0.6419597864151001, 0.7286431789398193, 0.733668327331543, 0.7311557531356812]",0.7369,0.2952261306532663,0.31155778894472363,0.32663316582914576,0.34673366834170855,0.3128140703517588,0.3128140703517588,0.31909547738693467
249,0.3743718592964824,0.24390741676759775,0.20081236030948388,0.12595754873029313,0.4623115577889447,0.08768384158611298,0.050987119786441326,0.0,0.050104567781090736,0.7686616369755939,"[0.6419597864151001, 0.7286431789398193, 0.733668327331543, 0.7311557531356812]",0.7431,0.29396984924623115,0.31155778894472363,0.3278894472361809,0.3479899497487437,0.314070351758794,0.314070351758794,0.3203517587939699
250,0.3442211055276382,0.20287761503266089,0.18882919587879732,0.09876679639746572,0.42336683417085424,0.08819541335105896,0.05097547546029091,0.0,0.05009968997910619,0.7510605310089886,"[0.6419597864151001, 0.7286431789398193, 0.733668327331543, 0.7311557531356812]",0.7308,0.30402010050251255,0.31155778894472363,0.32914572864321606,0.3341708542713568,0.3065326633165829,0.3065326633165829,0.32914572864321606
251,0.3379396984924623,0.19103819066793182,0.19913560267902244,0.10597210344394048,0.4535175879396985,0.08778942376375198,0.05096268141642213,0.0,0.050095073878765106,0.7445499669993296,"[0.6419597864151001, 0.7286431789398193, 0.733668327331543, 0.7311557531356812]",0.759,0.30778894472361806,0.3103015075376884,0.32914572864321606,0.33291457286432163,0.3065326633165829,0.3065326633165829,0.3278894472361809
252,0.3241206030150754,0.1806547522246308,0.18148976975184028,0.08213293337087892,0.42336683417085424,0.08937673270702362,0.0509458351880312,0.0,0.05009104264900088,0.751269847038202,"[0.6419597864151001, 0.7286431789398193, 0.733668327331543, 0.7311557531356812]",0.7382,0.34045226130653267,0.3203517587939699,0.3530150753768844,0.33542713567839194,0.32663316582914576,0.32663316582914576,0.3806532663316583
253,0.32160804020100503,0.17807276190039123,0.181790471098473,0.07835794634490931,0.41708542713567837,0.08966457843780518,0.0509278355166316,0.0,0.05008660955354571,0.7498476220062003,"[0.6419597864151001, 0.7286431789398193, 0.733668327331543, 0.7311557531356812]",0.7456,0.3454773869346734,0.32537688442211055,0.35050251256281406,0.3454773869346734,0.3379396984924623,0.3379396984924623,0.3869346733668342
254,0.3278894472361809,0.18541996224155832,0.18366109217680882,0.07626092283286746,0.40326633165829145,0.08991564810276031,0.0509131564758718,0.0,0.05008177272975445,0.7227494820253924,"[0.6419597864151001, 0.7286431789398193, 0.733668327331543, 0.7311557531356812]",0.718,0.34673366834170855,0.32537688442211055,0.3542713567839196,0.3454773869346734,0.3417085427135678,0.3417085427135678,0.3869346733668342
255,0.3479899497487437,0.22866056875276553,0.20149248778014156,0.10656830586720331,0.4510050251256281,0.09001576900482178,0.050903587602078915,0.0,0.05007632868364453,0.7274592820322141,"[0.6419597864151001, 0.7286431789398193, 0.733668327331543, 0.7311557531356812]",0.7474,0.3442211055276382,0.32914572864321606,0.3542713567839196,0.34296482412060303,0.3391959798994975,0.3391959798994975,0.3869346733668342
256,0.3228643216080402,0.20556675795231294,0.19183937522364258,0.09548958699754596,0.44095477386934673,0.09007100760936737,0.050897843670099974,0.0,0.050070404540747404,0.7149338570889086,"[0.6419597864151001, 0.7286431789398193, 0.733668327331543, 0.7311557531356812]",0.7677,0.2952261306532663,0.2889447236180904,0.33291457286432163,0.38316582914572866,0.3630653266331658,0.3630653266331658,0.31909547738693467
257,0.3316582914572864,0.1701037291948787,0.17979678169298688,0.0792435233704607,0.42839195979899497,0.09040937572717667,0.05089522711932659,0.0,0.05006458563730121,0.7550713400123641,"[0.6419597864151001, 0.7286431789398193, 0.733668327331543, 0.7311557531356812]",0.8339,0.31532663316582915,0.31155778894472363,0.33668341708542715,0.3655778894472362,0.34296482412060303,0.34296482412060303,0.3391959798994975
258,0.33040201005025127,0.18683037340008346,0.18338273925206006,0.07828212839355199,0.40703517587939697,0.08999527245759964,0.050891678780317307,0.0,0.050059080589562654,0.7417599039617926,"[0.6419597864151001, 0.7286431789398193, 0.733668327331543, 0.7311557531356812]",0.7241,0.3165829145728643,0.30778894472361806,0.33542713567839194,0.3655778894472362,0.3417085427135678,0.3417085427135678,0.3379396984924623
259,0.3278894472361809,0.185228268480927,0.18165649861115624,0.07669681851497204,0.4057788944723618,0.08972251415252686,0.05088797444477677,0.0,0.05005350382998586,0.7691079090582207,"[0.6419597864151001, 0.7286431789398193, 0.733668327331543, 0.7311557531356812]",0.7234,0.3203517587939699,0.3128140703517588,0.33542713567839194,0.3630653266331658,0.33668341708542715,0.33668341708542715,0.34045226130653267
260,0.3693467336683417,0.21131497505210628,0.19579972252948388,0.111847042852977,0.45603015075376885,0.08945957571268082,0.0508841872215271,0.0,0.05004800949245691,0.7603895430220291,"[0.6419597864151001, 0.7286431789398193, 0.733668327331543, 0.7311557531356812]",0.9265,0.31155778894472363,0.29020100502512564,0.33668341708542715,0.3530150753768844,0.32537688442211055,0.32537688442211055,0.3492462311557789
261,0.3530150753768844,0.23252330849589997,0.19113311887604031,0.09613001727920235,0.4296482412060301,0.09049934148788452,0.0508806686848402,0.0,0.050042298156768084,0.845066417939961,"[0.6419597864151001, 0.7286431789398193, 0.733668327331543, 0.7311557531356812]",0.7226,0.31532663316582915,0.2864321608040201,0.33542713567839194,0.3555276381909548,0.33040201005025127,0.33040201005025127,0.3530150753768844
262,0.35804020100502515,0.2322664180259486,0.18776110230278073,0.0887424554318825,0.4158291457286432,0.0909239798784256,0.05087696202099323,0.0,0.050036809872835875,0.8018871609820053,"[0.6419597864151001, 0.7286431789398193, 0.733668327331543, 0.7311557531356812]",0.78,0.3241206030150754,0.2914572864321608,0.34673366834170855,0.3530150753768844,0.3341708542713568,0.3341708542713568,0.3756281407035176
263,0.3555276381909548,0.228618060645444,0.185146659287277,0.08748253014333168,0.4183417085427136,0.09093524515628815,0.05087269842624664,0.0,0.050031200516968966,0.7537211399758235,"[0.6419597864151001, 0.7286431789398193, 0.733668327331543, 0.7311557531356812]",0.7037,0.3241206030150754,0.2889447236180904,0.3442211055276382,0.3530150753768844,0.33291457286432163,0.33291457286432163,0.37185929648241206
264,0.3341708542713568,0.22109045121291515,0.20107471271255972,0.07320437400771185,0.4082914572864322,0.09077958017587662,0.050869300961494446,0.0,0.05002549150958657,0.7644002679735422,"[0.6419597864151001, 0.7286431789398193, 0.733668327331543, 0.7311557531356812]",0.7299,0.29020100502512564,0.30904522613065327,0.32663316582914576,0.3706030150753769,0.35678391959798994,0.35678391959798994,0.3065326633165829
265,0.3278894472361809,0.19438380368283859,0.19286414509873107,0.07518521508601562,0.4045226130653266,0.0901028960943222,0.05086628021672368,0.0,0.05001982906833291,0.7336040859809145,"[0.6419597864151001, 0.7286431789398193, 0.733668327331543, 0.7311557531356812]",0.739,0.2914572864321608,0.3103015075376884,0.3241206030150754,0.3693467336683417,0.3542713567839196,0.3542713567839196,0.3065326633165829
266,0.32663316582914576,0.19323815826793989,0.19297553068113402,0.07492807853826132,0.4045226130653266,0.08999431133270264,0.05086251301690936,0.0,0.050014594569802284,0.7533454900840297,"[0.6419597864151001, 0.7286431789398193, 0.733668327331543, 0.7311557531356812]",0.7098,0.32537688442211055,0.3128140703517588,0.3530150753768844,0.3743718592964824,0.3479899497487437,0.3479899497487437,0.3530150753768844
267,0.32914572864321606,0.19654016127263996,0.19349180913400005,0.07678438135927808,0.4045226130653266,0.0899752750992775,0.05085814278572798,0.0,0.05000985600054264,0.7465559730771929,"[0.6419597864151001, 0.7286431789398193, 0.733668327331543, 0.7311557531356812]",0.723,0.32537688442211055,0.314070351758794,0.3530150753768844,0.3743718592964824,0.3479899497487437,0.3479899497487437,0.3530150753768844
268,0.33040201005025127,0.1979143822926671,0.1938110531761608,0.0774481609241744,0.4045226130653266,0.08995930850505829,0.05085255578160286,0.0,0.05000473698601127,0.7660036499146372,"[0.6419597864151001, 0.7286431789398193, 0.733668327331543, 0.7311557531356812]",0.7291,0.32537688442211055,0.31532663316582915,0.35175879396984927,0.3756281407035176,0.3479899497487437,0.3479899497487437,0.3530150753768844
269,0.36683417085427134,0.2429490687449285,0.19880921828133724,0.10227209890766352,0.435929648241206,0.09020258486270905,0.05084735993295908,0.0,0.050000145100057125,0.8096794909797609,"[0.6419597864151001, 0.7286431789398193, 0.733668327331543, 0.7311557531356812]",0.7415,0.32537688442211055,0.3128140703517588,0.3492462311557789,0.3756281407035176,0.3492462311557789,0.3492462311557789,0.3530150753768844
270,0.3492462311557789,0.22606462850621678,0.19443197797230044,0.0875802824013351,0.42839195979899497,0.09093248844146729,0.05084226094186306,0.0,0.049994440749287605,0.7534459719900042,"[0.6419597864151001, 0.7286431789398193, 0.733668327331543, 0.7311557531356812]",0.8182,0.3027638190954774,0.30025125628140703,0.34673366834170855,0.3944723618090452,0.36809045226130654,0.36809045226130654,0.33291457286432163
271,0.3454773869346734,0.22241430387484118,0.19242638352492566,0.08453676389974378,0.42462311557788945,0.0909801796078682,0.05083862924948335,0.0,0.04998895665630698,0.7486516040517017,"[0.6419597864151001, 0.7286431789398193, 0.733668327331543, 0.7311557531356812]",1.0648,0.3165829145728643,0.3015075376884422,0.35175879396984927,0.3743718592964824,0.35050251256281406,0.35050251256281406,0.36055276381909546
272,0.3479899497487437,0.22436235625440026,0.1888125177259178,0.08710891626250787,0.42462311557788945,0.09085041284561157,0.05083394702523947,0.0,0.04998356057330966,0.8636825480498374,"[0.6419597864151001, 0.7286431789398193, 0.733668327331543, 0.7311557531356812]",0.7138,0.30402010050251255,0.3015075376884422,0.37185929648241206,0.36180904522613067,0.3555276381909548,0.3555276381909548,0.35050251256281406
273,0.34673366834170855,0.22347291010055526,0.18897632635300898,0.07985774597602571,0.41708542713567837,0.09075305610895157,0.05082787061110139,0.0,0.0499781402759254,0.7650409779744223,"[0.6419597864151001, 0.7286431789398193, 0.733668327331543, 0.7311557531356812]",0.7234,0.35804020100502515,0.314070351758794,0.3756281407035176,0.35804020100502515,0.35678391959798994,0.35678391959798994,0.38190954773869346
274,0.3479899497487437,0.2252685429668747,0.19160848576344458,0.08169014342865623,0.41959798994974873,0.09085631370544434,0.050820188131183386,0.0,0.04997267387807369,0.91102194506675,"[0.6419597864151001, 0.7286431789398193, 0.733668327331543, 0.7311557531356812]",0.7225,0.35678391959798994,0.314070351758794,0.3756281407035176,0.35678391959798994,0.35678391959798994,0.35678391959798994,0.38316582914572866
275,0.35050251256281406,0.22912284185228415,0.19187221051522665,0.08355209131200378,0.42085427135678394,0.0909556895494461,0.05081346724182367,0.0,0.04996735416352749,0.7872332190163434,"[0.6419597864151001, 0.7286431789398193, 0.733668327331543, 0.7311557531356812]",0.705,0.2914572864321608,0.29020100502512564,0.32160804020100503,0.3756281407035176,0.32914572864321606,0.32914572864321606,0.3341708542713568
276,0.3479899497487437,0.22646674430884117,0.19033223420295312,0.08185939250155622,0.41959798994974873,0.09098850935697556,0.050806880462914705,0.0,0.0499618761241436,0.7884199969703332,"[0.6419597864151001, 0.7286431789398193, 0.733668327331543, 0.7311557531356812]",0.7055,0.30904522613065327,0.2751256281407035,0.3341708542713568,0.36683417085427134,0.32160804020100503,0.32160804020100503,0.34673366834170855
277,0.33668341708542715,0.21864594894561595,0.1891444508999034,0.08660167185122464,0.4020100502512563,0.0909801721572876,0.05080126412212849,0.0,0.049956100061535835,0.8906978970626369,"[0.6419597864151001, 0.7286431789398193, 0.733668327331543, 0.7311557531356812]",0.6944,0.2864321608040201,0.314070351758794,0.30778894472361806,0.34673366834170855,0.30904522613065327,0.30904522613065327,0.3103015075376884
278,0.33291457286432163,0.21503241634058423,0.1866675957295053,0.08436947028677852,0.3969849246231156,0.09001269936561584,0.05079529108479619,0.0,0.04995030537247658,0.7683505530003458,"[0.6419597864151001, 0.7286431789398193, 0.733668327331543, 0.7311557531356812]",0.7363,0.3015075376884422,0.30025125628140703,0.31532663316582915,0.3542713567839196,0.3178391959798995,0.3178391959798995,0.33542713567839194
279,0.3793969849246231,0.2558959831810965,0.21135476302428918,0.12868256410841533,0.4648241206030151,0.09029915183782578,0.050788949243724346,0.0,0.0499448268674314,0.7486847459804267,"[0.6419597864151001, 0.7286431789398193, 0.733668327331543, 0.7311557531356812]",0.7175,0.2889447236180904,0.314070351758794,0.30527638190954776,0.34673366834170855,0.30904522613065327,0.30904522613065327,0.30904522613065327
280,0.33291457286432163,0.18284001933301108,0.18066685828018458,0.08070016578656812,0.40954773869346733,0.0907728374004364,0.05078184837475419,0.0,0.04993972973898053,0.7463380210101604,"[0.6419597864151001, 0.7286431789398193, 0.733668327331543, 0.7311557531356812]",0.71,0.2876884422110553,0.2914572864321608,0.30904522613065327,0.3655778894472362,0.32914572864321606,0.32914572864321606,0.30904522613065327
281,0.3655778894472362,0.21130596180333472,0.20509284965639155,0.1265145045861787,0.4685929648241206,0.08949559926986694,0.0507753174751997,0.0,0.04993432434275746,0.7591020970139652,"[0.6419597864151001, 0.7286431789398193, 0.733668327331543, 0.7311557531356812]",0.7077,0.2952261306532663,0.31532663316582915,0.2989949748743719,0.36432160804020103,0.32537688442211055,0.32537688442211055,0.31155778894472363
282,0.33542713567839194,0.18703531733084144,0.17615904191088974,0.0817322549900848,0.4082914572864322,0.08981878310441971,0.050768242217600346,0.0,0.04992914851754904,0.747211228008382,"[0.6419597864151001, 0.7286431789398193, 0.733668327331543, 0.7311557531356812]",0.7435,0.29020100502512564,0.30025125628140703,0.314070351758794,0.3479899497487437,0.31155778894472363,0.31155778894472363,0.314070351758794
283,0.3341708542713568,0.18626204800104929,0.17428187476820353,0.08033737160051604,0.4082914572864322,0.08917705714702606,0.0507615739479661,0.0,0.0499239400960505,0.7413048039888963,"[0.6419597864151001, 0.7286431789398193, 0.733668327331543, 0.7311557531356812]",0.7032,0.29020100502512564,0.2989949748743719,0.31532663316582915,0.3479899497487437,0.31155778894472363,0.31155778894472363,0.314070351758794
284,0.31909547738693467,0.1965929426837466,0.18746962657764565,0.09316138616197206,0.44472361809045224,0.08942513167858124,0.050755252595990896,0.0,0.049918914679437876,0.7274650739273056,"[0.6419597864151001, 0.7286431789398193, 0.733668327331543, 0.7311557531356812]",0.7128,0.2914572864321608,0.30402010050251255,0.314070351758794,0.3492462311557789,0.3128140703517588,0.3128140703517588,0.31532663316582915
285,0.3203517587939699,0.1982514182093048,0.18800051880754995,0.09323151439742365,0.44472361809045224,0.08985832333564758,0.05074982205405831,0.0,0.04991366621106863,0.7351740299491212,"[0.6419597864151001, 0.7286431789398193, 0.733668327331543, 0.7311557531356812]",0.7155,0.3454773869346734,0.32160804020100503,0.3530150753768844,0.34673366834170855,0.34673366834170855,0.34673366834170855,0.38567839195979897
286,0.3203517587939699,0.19827380775073722,0.18645982356007257,0.0922488585011804,0.4434673366834171,0.0898934006690979,0.050745276268571615,0.0,0.04990798933431506,0.7407161470036954,"[0.6419597864151001, 0.7286431789398193, 0.733668327331543, 0.7311557531356812]",0.7283,0.3165829145728643,0.30527638190954776,0.32914572864321606,0.35175879396984927,0.32160804020100503,0.32160804020100503,0.3530150753768844
287,0.3178391959798995,0.19503719126778096,0.1877442910737224,0.09269578441255212,0.44472361809045224,0.08964070677757263,0.0507414611056447,0.0,0.04990252759307623,0.7246872519608587,"[0.6419597864151001, 0.7286431789398193, 0.733668327331543, 0.7311557531356812]",0.8158,0.3165829145728643,0.30527638190954776,0.3278894472361809,0.35175879396984927,0.3228643216080402,0.3228643216080402,0.3542713567839196
288,0.35050251256281406,0.2306590766757335,0.1993704886295035,0.10516357938546181,0.45603015075376885,0.09066468477249146,0.05073484731838107,0.0,0.04989846237003803,0.7443635369418189,"[0.6419597864151001, 0.7286431789398193, 0.733668327331543, 0.7311557531356812]",0.7252,0.3165829145728643,0.30402010050251255,0.32537688442211055,0.35050251256281406,0.3203517587939699,0.3203517587939699,0.35678391959798994
289,0.3479899497487437,0.22730299334894488,0.19325356525210988,0.10325318614452958,0.4547738693467337,0.09038832783699036,0.050710002426058054,0.0,0.04990041954442859,0.829150823992677,"[0.6419597864151001, 0.7286431789398193, 0.733668327331543, 0.7311557531356812]",0.7199,0.3178391959798995,0.30527638190954776,0.32160804020100503,0.35050251256281406,0.3178391959798995,0.3178391959798995,0.35804020100502515
290,0.3479899497487437,0.2273492380546266,0.1916552984982658,0.10209110169400343,0.4535175879396985,0.09024302661418915,0.0506709567271173,0.0,0.04990649735555053,0.7220522690331563,"[0.6419597864151001, 0.7286431789398193, 0.733668327331543, 0.7311557531356812]",0.7695,0.29396984924623115,0.31909547738693467,0.3241206030150754,0.3592964824120603,0.34296482412060303,0.34296482412060303,0.3278894472361809
291,0.33040201005025127,0.16739506286710093,0.18000356089106492,0.0811400722415957,0.42839195979899497,0.09046436101198196,0.050637215841561556,0.0,0.049916157964617014,0.7597137619741261,"[0.6419597864151001, 0.7286431789398193, 0.733668327331543, 0.7311557531356812]",0.715,0.3128140703517588,0.3165829145728643,0.31532663316582915,0.3555276381909548,0.33668341708542715,0.33668341708542715,0.36055276381909546
292,0.32663316582914576,0.20256580865586604,0.17589933919967213,0.08371768298640825,0.4271356783919598,0.08954928070306778,0.050603884272277355,0.0,0.04992958251386881,0.7726672260323539,"[0.6419597864151001, 0.7286431789398193, 0.733668327331543, 0.7311557531356812]",0.8136,0.292713567839196,0.3015075376884422,0.30778894472361806,0.37185929648241206,0.33291457286432163,0.33291457286432163,0.3278894472361809
293,0.33291457286432163,0.20964116756109874,0.17908949644200622,0.08847747072120744,0.4321608040201005,0.08965244889259338,0.05056856479495764,0.0,0.04994123475626111,0.7735768600832671,"[0.6419597864151001, 0.7286431789398193, 0.733668327331543, 0.7311557531356812]",0.7399,0.32537688442211055,0.30025125628140703,0.3278894472361809,0.36683417085427134,0.3454773869346734,0.3454773869346734,0.37185929648241206
294,0.3341708542713568,0.2091998837830491,0.17927436764654325,0.09033490907235471,0.4334170854271357,0.08997942507266998,0.05053993780165911,0.0,0.049942821729928255,0.730775409960188,"[0.6419597864151001, 0.7286431789398193, 0.733668327331543, 0.7311557531356812]",0.7372,0.3316582914572864,0.2964824120603015,0.3316582914572864,0.36683417085427134,0.3479899497487437,0.3479899497487437,0.37185929648241206
295,0.3316582914572864,0.2067569668576693,0.17621055385956066,0.08906087957290186,0.43090452261306533,0.09004350751638412,0.05053016263991594,0.0,0.04993968131020665,0.7543882350437343,"[0.6419597864151001, 0.7286431789398193, 0.733668327331543, 0.7311557531356812]",0.773,0.3278894472361809,0.30025125628140703,0.32663316582914576,0.36809045226130654,0.34673366834170855,0.34673366834170855,0.3743718592964824
296,0.33040201005025127,0.20542516611855643,0.17587488466451082,0.0876027690457668,0.4296482412060301,0.09008019417524338,0.05052239168435335,0.0,0.04993703356012702,0.7633564909920096,"[0.6419597864151001, 0.7286431789398193, 0.733668327331543, 0.7311557531356812]",0.7157,0.33040201005025127,0.30025125628140703,0.32914572864321606,0.3693467336683417,0.3492462311557789,0.3492462311557789,0.3768844221105528
297,0.33040201005025127,0.20542516611855643,0.17587488466451082,0.0876027690457668,0.4296482412060301,0.09009891003370285,0.0505133680999279,0.0,0.049935289192944765,0.7927351359976456,"[0.6419597864151001, 0.7286431789398193, 0.733668327331543, 0.7311557531356812]",0.768,0.3278894472361809,0.3015075376884422,0.3278894472361809,0.3693467336683417,0.35050251256281406,0.35050251256281406,0.3756281407035176
298,0.3316582914572864,0.20701245831156445,0.17719687127110653,0.08814682215881413,0.4296482412060301,0.09009796380996704,0.05050507467240095,0.0,0.049931975081562996,0.7980459029786289,"[0.6419597864151001, 0.7286431789398193, 0.733668327331543, 0.7311557531356812]",0.7929,0.3278894472361809,0.3015075376884422,0.3278894472361809,0.3693467336683417,0.35050251256281406,0.35050251256281406,0.3756281407035176
299,0.33040201005025127,0.1793560466852615,0.1740016247223043,0.08164963869776667,0.42336683417085424,0.0894487053155899,0.05049907509237528,0.0,0.04992736643180251,0.8497547829756513,"[0.6419597864151001, 0.7286431789398193, 0.733668327331543, 0.7311557531356812]",0.8184,0.32663316582914576,0.2989949748743719,0.32914572864321606,0.37185929648241206,0.35050251256281406,0.35050251256281406,0.3743718592964824
300,0.33040201005025127,0.20547427006923358,0.176613800457564,0.08786300366271041,0.43090452261306533,0.08983537554740906,0.05049376003444195,0.0,0.049923473969101906,0.7672086370876059,"[0.6419597864151001, 0.7286431789398193, 0.733668327331543, 0.7311557531356812]",,,,,,,,
