round,ACC,Kappa,NMI,ARI,PURITY,alignment_loss,mean_reconstruction_loss,mean_consensus_loss,mean_local_total_loss,round_seconds,observed_rates,completion_eval_seconds,C025_ACC,C050_ACC,C075_ACC,C100_ACC,D0_ACC,E0_ACC,G0_ACC
1,0.3039480800432666,0.13257640514272773,0.1608830024547461,0.016905295952407532,0.3477555435370471,0.13200391829013824,0.2989691495895386,0.0,0.2937386967241764,2.09717643505428,"[0.6462953090667725, 0.7404001951217651, 0.6836127638816833, 0.7166035771369934]",0.9949,0.37425635478637104,0.3796646836127637,0.40562466197944835,0.41644131963223363,0.4034613304488913,0.4034613304488913,0.37263385613845323
2,0.27203893996755,0.15627334970553086,0.1887751145670939,0.05705219606855494,0.3363980530016225,0.09517315030097961,0.29054004698991776,0.0,0.28551510721445084,1.1704030669061467,"[0.6462953090667725, 0.7404001951217651, 0.6836127638816833, 0.7166035771369934]",0.8876,0.3980530016224986,0.40886965927528396,0.4277988101676582,0.4672796106003245,0.44943212547322875,0.44943212547322875,0.3942671714440238
3,0.3147647376960519,0.12605727617529117,0.1842529782743739,0.017331970772823127,0.3791238507301244,0.09036532789468765,0.28271568194031715,0.0,0.27746590971946716,1.0515528180403635,"[0.6462953090667725, 0.7404001951217651, 0.6836127638816833, 0.7166035771369934]",0.8956,0.24607896160086534,0.27636560302866414,0.3515413737155219,0.3477555435370471,0.34072471606273663,0.34072471606273663,0.24175229853975122
4,0.32504056246619795,0.20893758683921204,0.18918405912755754,0.07995682571692665,0.38236884802596,0.09066392481327057,0.27438416704535484,0.0,0.2684880942106247,1.0489635110134259,"[0.6462953090667725, 0.7404001951217651, 0.6836127638816833, 0.7166035771369934]",0.9352,0.27744726879394266,0.2996214169821525,0.3288263926446728,0.35694970254191455,0.3618171984856679,0.3618171984856679,0.2704164413196322
5,0.3672255273120606,0.24858649523760556,0.2053348765378907,0.16260561180800473,0.40886965927528396,0.09316311031579971,0.2653488516807556,0.0,0.2594737969338894,1.2575712599791586,"[0.6462953090667725, 0.7404001951217651, 0.6836127638816833, 0.7166035771369934]",1.3643,0.2206598161168199,0.23363980530016226,0.2714981070849108,0.3363980530016225,0.30935640886965926,0.30935640886965926,0.21903731746890212
6,0.27582477014602486,0.15751861444108362,0.1525083296134454,0.034954703889762476,0.37047052460789615,0.09002028405666351,0.25622982531785965,0.0,0.2500906474888325,1.060001143021509,"[0.6462953090667725, 0.7404001951217651, 0.6836127638816833, 0.7166035771369934]",0.9256,0.24175229853975122,0.26122228231476474,0.316928069226609,0.3212547322877231,0.31584640346133047,0.31584640346133047,0.25202812330989727
7,0.32179556517036234,0.20522622118719425,0.1823881384655989,0.09467878164658594,0.3780421849648459,0.08843991160392761,0.2467801794409752,0.0,0.24035338684916496,1.2972070460673422,"[0.6462953090667725, 0.7404001951217651, 0.6836127638816833, 0.7166035771369934]",1.3009,0.24229313142239048,0.24770146024878312,0.2650081124932396,0.32666306111411575,0.3120605732828556,0.3120605732828556,0.24283396430502974
8,0.36127636560302867,0.24351547027109055,0.1663970536621765,0.12421829871321877,0.38777717685235263,0.08684953302145004,0.23720167204737663,0.0,0.23059447295963764,2.0669415099546313,"[0.6462953090667725, 0.7404001951217651, 0.6836127638816833, 0.7166035771369934]",1.3705,0.2525689561925365,0.2633856138453218,0.2677122769064359,0.319091400757166,0.30989724175229855,0.30989724175229855,0.2449972958355868
9,0.3656030286641428,0.24625897007905873,0.17260466388718154,0.09996603156381922,0.38453217955651703,0.08733703196048737,0.22759046964347363,0.0,0.2208168487995863,1.463847108068876,"[0.6462953090667725, 0.7404001951217651, 0.6836127638816833, 0.7166035771369934]",0.9939,0.23093564088696591,0.23850730124391564,0.2552731206057328,0.3288263926446728,0.34342888047593295,0.34342888047593295,0.23039480800432666
10,0.26554894537587886,0.10101450582939853,0.11845267268197175,0.00910949618360225,0.3342347214710654,0.09004443883895874,0.21798474714159966,0.0,0.21099114418029785,1.0265820539789274,"[0.6462953090667725, 0.7404001951217651, 0.6836127638816833, 0.7166035771369934]",0.9018,0.2552731206057328,0.24932395889670092,0.2541914548404543,0.28231476473769607,0.26392644672796106,0.26392644672796106,0.25040562466197946
11,0.290427257977285,0.11521614013639281,0.12319643506191441,0.03124192532389006,0.34072471606273663,0.0889483168721199,0.20834199152886868,0.0,0.2011400144547224,1.0787503239698708,"[0.6462953090667725, 0.7404001951217651, 0.6836127638816833, 0.7166035771369934]",0.9903,0.23850730124391564,0.24175229853975122,0.24067063277447268,0.27744726879394266,0.2736614386154678,0.2736614386154678,0.23526230394808004
12,0.23850730124391564,0.11501989290735593,0.12260427634762128,0.020361022930483946,0.3223363980530016,0.08872582763433456,0.19884167797863483,0.0,0.19185490161180496,1.1206939440453425,"[0.6462953090667725, 0.7404001951217651, 0.6836127638816833, 0.7166035771369934]",0.8692,0.2547322877230936,0.2531097890751758,0.23796646836127636,0.2682531097890752,0.27690643591130343,0.27690643591130343,0.2552731206057328
13,0.2979989183342347,0.14491839678033547,0.12310239098370093,0.04179457818541687,0.32504056246619795,0.0901164636015892,0.18955598771572113,0.0,0.18284395150840282,1.1506661450257525,"[0.6462953090667725, 0.7404001951217651, 0.6836127638816833, 0.7166035771369934]",0.9312,0.2509464575446187,0.2547322877230936,0.2660897782585181,0.2996214169821525,0.29475392103839915,0.29475392103839915,0.24445646295294754
14,0.3136830719307734,0.18832168652234338,0.1576657689946618,0.10219541093855783,0.34451054624121147,0.08605322241783142,0.18037047050893307,0.0,0.17413865961134434,1.0184703919803724,"[0.6462953090667725, 0.7404001951217651, 0.6836127638816833, 0.7166035771369934]",0.9146,0.23688480259599784,0.23472147106544078,0.24121146565711196,0.24553812871822606,0.25040562466197946,0.25040562466197946,0.23526230394808004
15,0.32017306652244454,0.1884452439821962,0.15916721141257298,0.0931449564976525,0.366143861546782,0.09126462042331696,0.1718489769846201,0.0,0.1658575814217329,1.0700786591041833,"[0.6462953090667725, 0.7404001951217651, 0.6836127638816833, 0.7166035771369934]",1.0081,0.23634396971335858,0.24121146565711196,0.24716062736614386,0.25797728501892914,0.2482422931314224,0.2482422931314224,0.23418063818280152
16,0.2601406165494862,0.1470706255972689,0.13141429379402061,0.036758151007291705,0.337479718766901,0.08918963372707367,0.16367259435355663,0.0,0.15797798708081245,1.2285248329862952,"[0.6462953090667725, 0.7404001951217651, 0.6836127638816833, 0.7166035771369934]",0.9099,0.2541914548404543,0.253650621957815,0.2714981070849108,0.2660897782585181,0.2693347755543537,0.2693347755543537,0.2482422931314224
17,0.24283396430502974,0.11123623859904508,0.08082122509787826,0.02756271291404815,0.2893455922120065,0.09246394783258438,0.15593599900603294,0.0,0.15055987052619457,1.1210058979922906,"[0.6462953090667725, 0.7404001951217651, 0.6836127638816833, 0.7166035771369934]",1.0104,0.24283396430502974,0.24986479177934018,0.24986479177934018,0.2742022714981071,0.2693347755543537,0.2693347755543537,0.24067063277447268
18,0.26230394808004326,0.12975805410881536,0.11373648487613826,0.056822424023223024,0.3510005408328826,0.09225054085254669,0.14864942245185375,0.0,0.1436115000396967,1.0539562100311741,"[0.6462953090667725, 0.7404001951217651, 0.6836127638816833, 0.7166035771369934]",1.0264,0.26068144943212546,0.27474310438074634,0.2682531097890752,0.2482422931314224,0.2666306111411574,0.2666306111411574,0.253650621957815
19,0.2850189291508924,0.149228489755601,0.1282557559920736,0.0772671158193656,0.32936722552731207,0.08874359726905823,0.14183280058205128,0.0,0.13718147296458483,1.1158949630334973,"[0.6462953090667725, 0.7404001951217651, 0.6836127638816833, 0.7166035771369934]",0.9642,0.24229313142239048,0.24012979989183342,0.23958896700919416,0.25905895078420765,0.24770146024878312,0.24770146024878312,0.2358031368307193
20,0.2358031368307193,0.06745090676497223,0.08909739634136704,-0.003518167997648034,0.2996214169821525,0.09409067034721375,0.1354950862005353,0.0,0.1311809876933694,1.0842316650087014,"[0.6462953090667725, 0.7404001951217651, 0.6836127638816833, 0.7166035771369934]",1.015,0.251487290427258,0.253650621957815,0.22174148188209844,0.2466197944835046,0.24770146024878312,0.24770146024878312,0.25040562466197946
21,0.300703082747431,0.13379719084086739,0.08671706289372852,0.07248051900456806,0.3342347214710654,0.0921279564499855,0.12963055912405252,0.0,0.12566667143255472,1.179354915046133,"[0.6462953090667725, 0.7404001951217651, 0.6836127638816833, 0.7166035771369934]",0.9618,0.2558139534883721,0.26122228231476474,0.21525148729042726,0.24932395889670092,0.2314764737696052,0.2314764737696052,0.24986479177934018
22,0.2725797728501893,0.11820853693258881,0.09665582453439447,0.03458384366975319,0.30989724175229855,0.09456007182598114,0.12423487845808268,0.0,0.12064830027520657,1.2521680559730157,"[0.6462953090667725, 0.7404001951217651, 0.6836127638816833, 0.7166035771369934]",0.9389,0.24337479718766902,0.24283396430502974,0.22769064359113034,0.2677122769064359,0.2531097890751758,0.2531097890751758,0.2449972958355868
23,0.2866414277988102,0.13132844720700432,0.10263664208939989,0.07716087449136354,0.3304488912925906,0.08982904255390167,0.11934095062315464,0.0,0.11619542632251978,1.1056121969595551,"[0.6462953090667725, 0.7404001951217651, 0.6836127638816833, 0.7166035771369934]",1.0286,0.24012979989183342,0.2374256354786371,0.2449972958355868,0.27312060573282854,0.251487290427258,0.251487290427258,0.24283396430502974
24,0.2752839372633856,0.08324554889417513,0.055513384146401924,0.03668700324735229,0.31097890751757706,0.09300662577152252,0.11484578624367714,0.0,0.11198615469038486,1.198422553949058,"[0.6462953090667725, 0.7404001951217651, 0.6836127638816833, 0.7166035771369934]",1.0249,0.2666306111411574,0.25905895078420765,0.22606814494321253,0.24770146024878312,0.23472147106544078,0.23472147106544078,0.26176311519740403
25,0.27690643591130343,0.11293424136199992,0.09432586297106758,0.07584392057944876,0.32774472687939427,0.09008632600307465,0.11076272744685411,0.0,0.10817993152886629,1.4901597739662975,"[0.6462953090667725, 0.7404001951217651, 0.6836127638816833, 0.7166035771369934]",1.1527,0.24716062736614386,0.25635478637101133,0.2714981070849108,0.2704164413196322,0.2541914548404543,0.2541914548404543,0.24932395889670092
26,0.2358031368307193,0.11241909423593577,0.09264185179610332,0.04936396264533467,0.34234721471065443,0.08840681612491608,0.10708373971283436,0.0,0.10476809460669756,1.1362477550283074,"[0.6462953090667725, 0.7404001951217651, 0.6836127638816833, 0.7166035771369934]",1.2168,0.25635478637101133,0.26176311519740403,0.2071389940508383,0.2525689561925365,0.22606814494321253,0.22606814494321253,0.2547322877230936
27,0.28123309897241755,0.12597603488240983,0.0800144817234146,0.03977127931319746,0.3196322336398053,0.08737356960773468,0.10377093032002449,0.0,0.1016903193667531,1.1690414280164987,"[0.6462953090667725, 0.7404001951217651, 0.6836127638816833, 0.7166035771369934]",1.008,0.2552731206057328,0.2552731206057328,0.19578150351541374,0.23093564088696591,0.22336398053001622,0.22336398053001622,0.2525689561925365
28,0.26717144402379667,0.10221136525134655,0.0820108132053397,0.0605944127305665,0.3055705786911844,0.08842432498931885,0.10080130863934755,0.0,0.09895276091992855,1.1428882870823145,"[0.6462953090667725, 0.7404001951217651, 0.6836127638816833, 0.7166035771369934]",1.0378,0.2633856138453218,0.2677122769064359,0.2282314764737696,0.253650621957815,0.251487290427258,0.251487290427258,0.2666306111411574
29,0.2871822606814494,0.12422290829859728,0.09230966890684587,0.07782711502236789,0.30989724175229855,0.09268271923065186,0.09812020789831877,0.0,0.09645699057728052,1.137070864904672,"[0.6462953090667725, 0.7404001951217651, 0.6836127638816833, 0.7166035771369934]",0.9346,0.2633856138453218,0.2633856138453218,0.24337479718766902,0.26068144943212546,0.2585181179015684,0.2585181179015684,0.26068144943212546
30,0.2552731206057328,0.11713812543214264,0.08019301338447249,0.04250636561972636,0.3017847485127096,0.09303154796361923,0.09569850284606218,0.0,0.09424521308392286,1.3107870490057394,"[0.6462953090667725, 0.7404001951217651, 0.6836127638816833, 0.7166035771369934]",1.0327,0.24878312601406166,0.24770146024878312,0.24229313142239048,0.2449972958355868,0.23418063818280152,0.23418063818280152,0.2509464575446187
31,0.27582477014602486,0.10581384555763962,0.07917123096528081,0.06238865972577027,0.3017847485127096,0.09123648703098297,0.09354021027684212,0.0,0.09219712670892477,1.075599435949698,"[0.6462953090667725, 0.7404001951217651, 0.6836127638816833, 0.7166035771369934]",0.9173,0.26717144402379667,0.2650081124932396,0.21795565170362358,0.22552731206057328,0.22174148188209844,0.22174148188209844,0.26554894537587886
32,0.24553812871822606,0.06768223147142438,0.06986649726320371,0.03269100783209557,0.3034072471606274,0.08962413668632507,0.09156654309481382,0.0,0.09032329358160496,1.051032621995546,"[0.6462953090667725, 0.7404001951217651, 0.6836127638816833, 0.7166035771369934]",1.1499,0.2282314764737696,0.2282314764737696,0.2239048134126555,0.2314764737696052,0.21633315305570577,0.21633315305570577,0.23039480800432666
33,0.23418063818280152,0.0903306301119704,0.06342544189107091,0.018789143720102434,0.3044889129259059,0.0911981463432312,0.08981699496507645,0.0,0.08863937854766846,1.1158446801127866,"[0.6462953090667725, 0.7404001951217651, 0.6836127638816833, 0.7166035771369934]",0.9753,0.251487290427258,0.24770146024878312,0.24607896160086534,0.2558139534883721,0.2390481341265549,0.2390481341265549,0.2509464575446187
34,0.2585181179015684,0.0952287644684292,0.07709364442774859,0.03688229273109842,0.31151974040021635,0.08978976309299469,0.0884248074144125,0.0,0.08711811620742083,1.1170484219910577,"[0.6462953090667725, 0.7404001951217651, 0.6836127638816833, 0.7166035771369934]",0.9705,0.2531097890751758,0.24878312601406166,0.21200648999459168,0.23039480800432666,0.23201730665224446,0.23201730665224446,0.2541914548404543
35,0.23093564088696591,0.08364058391260487,0.07176557971122104,0.020088942715053716,0.3061114115738237,0.08597878366708755,0.08691452722996473,0.0,0.08572732843458652,1.2916675390442833,"[0.6462953090667725, 0.7404001951217651, 0.6836127638816833, 0.7166035771369934]",1.0558,0.24175229853975122,0.24067063277447268,0.22606814494321253,0.24445646295294754,0.23472147106544078,0.23472147106544078,0.24337479718766902
36,0.26446727961060035,0.10084686248961272,0.07194197433777205,0.054677962234211716,0.300703082747431,0.0863204076886177,0.08639973681420088,0.0,0.08450908027589321,1.2084078619955108,"[0.6462953090667725, 0.7404001951217651, 0.6836127638816833, 0.7166035771369934]",1.0816,0.2541914548404543,0.25040562466197946,0.22714981070849108,0.2525689561925365,0.2358031368307193,0.2358031368307193,0.2558139534883721
37,0.20227149810708492,0.03256318655103996,0.06078270943646012,-0.013644152252434247,0.300703082747431,0.08517581969499588,0.08470303937792778,0.0,0.08340824581682682,1.2056185889523476,"[0.6462953090667725, 0.7404001951217651, 0.6836127638816833, 0.7166035771369934]",0.965,0.24391563007030828,0.24175229853975122,0.22282314764737696,0.2650081124932396,0.24175229853975122,0.24175229853975122,0.24445646295294754
38,0.21200648999459168,0.02783769105438738,0.08096836921019034,0.008550752421472943,0.31151974040021635,0.08340733498334885,0.08374840673059225,0.0,0.08247906994074583,1.015191470971331,"[0.6462953090667725, 0.7404001951217651, 0.6836127638816833, 0.7166035771369934]",1.0085,0.2509464575446187,0.25202812330989727,0.23418063818280152,0.26717144402379667,0.24607896160086534,0.24607896160086534,0.251487290427258
39,0.22714981070849108,0.0424865580633319,0.05480573504577525,-0.01863286987373531,0.3023255813953488,0.08563989400863647,0.08361419755965471,0.0,0.08161832578480244,1.2827781290980056,"[0.6462953090667725, 0.7404001951217651, 0.6836127638816833, 0.7166035771369934]",0.9837,0.26176311519740403,0.26392644672796106,0.23472147106544078,0.24878312601406166,0.24607896160086534,0.24607896160086534,0.26176311519740403
40,0.2206598161168199,-0.016043704527679115,0.04083804752795069,-0.011473175704083773,0.2850189291508924,0.08998928964138031,0.0828033946454525,0.0,0.08085575141012669,1.0447867690818384,"[0.6462953090667725, 0.7404001951217651, 0.6836127638816833, 0.7166035771369934]",0.9786,0.2828555976203353,0.2817739318550568,0.27744726879394266,0.27906976744186046,0.2677122769064359,0.2677122769064359,0.2817739318550568
41,0.2687939426717144,0.08180242125058768,0.12311572453286936,0.04368575330985023,0.32395889670091943,0.08710149675607681,0.08209593500941992,0.0,0.08018529508262873,1.0840068209217861,"[0.6462953090667725, 0.7404001951217651, 0.6836127638816833, 0.7166035771369934]",0.9526,0.28123309897241755,0.2866414277988102,0.29367225527312063,0.2855597620335316,0.2920497566252028,0.2920497566252028,0.280151433207139
42,0.2568956192536506,0.08728688609399438,0.1029711067753982,0.01543450256378836,0.3288263926446728,0.08706557750701904,0.08134429343044758,0.0,0.07958779949694872,1.1448467620648444,"[0.6462953090667725, 0.7404001951217651, 0.6836127638816833, 0.7166035771369934]",0.9533,0.2866414277988102,0.2871822606814494,0.29908058409951327,0.2871822606814494,0.290427257977285,0.290427257977285,0.2866414277988102
43,0.2568956192536506,0.07825249636638187,0.09776399977655029,0.004412400509975968,0.319091400757166,0.08818255364894867,0.0806588577106595,0.0,0.07905810791999102,1.3131849759956822,"[0.6462953090667725, 0.7404001951217651, 0.6836127638816833, 0.7166035771369934]",1.1007,0.27744726879394266,0.2752839372633856,0.2585181179015684,0.2877230935640887,0.29259058950784206,0.29259058950784206,0.27690643591130343
44,0.2541914548404543,0.12943435123547775,0.11812051007335146,0.019117577510190567,0.3347755543537047,0.09540867805480957,0.08001916948705912,0.0,0.07859161868691444,1.172247672919184,"[0.6462953090667725, 0.7404001951217651, 0.6836127638816833, 0.7166035771369934]",1.238,0.26392644672796106,0.2714981070849108,0.2969172525689562,0.3044889129259059,0.290427257977285,0.290427257977285,0.2633856138453218
45,0.27798810167658194,0.09617491420963753,0.13166550572938518,0.04028190837774247,0.3363980530016225,0.09741632640361786,0.07963560055941343,0.0,0.07817705348134041,1.136779450927861,"[0.6462953090667725, 0.7404001951217651, 0.6836127638816833, 0.7166035771369934]",0.9493,0.2687939426717144,0.2725797728501893,0.2558139534883721,0.26284478096268254,0.2449972958355868,0.2449972958355868,0.2682531097890752
46,0.253650621957815,0.061883373119764995,0.10394951962535523,-0.019075311579450787,0.3207138994050838,0.09472997486591339,0.07927415333688259,0.0,0.07780660688877106,1.0900506599573418,"[0.6462953090667725, 0.7404001951217651, 0.6836127638816833, 0.7166035771369934]",0.9559,0.24283396430502974,0.2390481341265549,0.23309897241752298,0.3023255813953488,0.29583558680367766,0.29583558680367766,0.2449972958355868
47,0.24229313142239048,0.07699387322801976,0.13845580307007865,0.024165270444642534,0.3499188750676041,0.09539373219013214,0.07849329803138971,0.0,0.07748428825289011,1.175455869990401,"[0.6462953090667725, 0.7404001951217651, 0.6836127638816833, 0.7166035771369934]",0.9084,0.253650621957815,0.2466197944835046,0.2833964305029746,0.32828555976203355,0.31097890751757706,0.31097890751757706,0.253650621957815
48,0.27798810167658194,0.09675765632650013,0.1308372525652219,-0.017114692145125083,0.3531638723634397,0.09739800542593002,0.07814498525112867,0.0,0.07721949834376574,1.1256930700037628,"[0.6462953090667725, 0.7404001951217651, 0.6836127638816833, 0.7166035771369934]",1.1593,0.23472147106544078,0.23255813953488372,0.2585181179015684,0.3136830719307734,0.2833964305029746,0.2833964305029746,0.23634396971335858
49,0.2449972958355868,0.12239288667421011,0.1545800421054055,0.004095519381630775,0.3618171984856679,0.10158871114253998,0.0779258580878377,0.0,0.0769572164863348,1.5019144909456372,"[0.6462953090667725, 0.7404001951217651, 0.6836127638816833, 0.7166035771369934]",1.3856,0.2525689561925365,0.251487290427258,0.29367225527312063,0.3180097349918875,0.29745808545159547,0.29745808545159547,0.2547322877230936
50,0.2736614386154678,0.06770075801661712,0.1400952880793773,0.014020896252268501,0.3363980530016225,0.102597676217556,0.0777514697983861,0.0,0.07671689800918102,1.1448731939308345,"[0.6462953090667725, 0.7404001951217651, 0.6836127638816833, 0.7166035771369934]",1.0863,0.2666306111411574,0.27582477014602486,0.30989724175229855,0.3623580313683072,0.34559221200649,0.34559221200649,0.2660897782585181
51,0.2969172525689562,0.14948318639682623,0.13426564419770703,0.04861342694814428,0.34180638182801515,0.10847502946853638,0.07778099924325943,0.0,0.07649096194654703,1.052088383003138,"[0.6462953090667725, 0.7404001951217651, 0.6836127638816833, 0.7166035771369934]",0.9512,0.26392644672796106,0.26446727961060035,0.29745808545159547,0.29745808545159547,0.300703082747431,0.300703082747431,0.2633856138453218
52,0.27636560302866414,0.13993512216133375,0.14510398895055338,0.01895869238346981,0.34288804759329367,0.10639293491840363,0.07690746337175369,0.0,0.07632655929774046,1.0584276600275189,"[0.6462953090667725, 0.7404001951217651, 0.6836127638816833, 0.7166035771369934]",0.9166,0.25040562466197946,0.2482422931314224,0.2877230935640887,0.35803136830719307,0.34234721471065443,0.34234721471065443,0.2509464575446187
53,0.3017847485127096,0.1581544323466667,0.1480221969134658,0.04815996739330638,0.3666846944294213,0.10708551108837128,0.07663965225219727,0.0,0.07616360019892454,1.0657881409861147,"[0.6462953090667725, 0.7404001951217651, 0.6836127638816833, 0.7166035771369934]",1.0189,0.27744726879394266,0.2752839372633856,0.29475392103839915,0.3315305570578691,0.3228772309356409,0.3228772309356409,0.2752839372633856
54,0.3342347214710654,0.18300517056029064,0.15303274374386067,0.06564315936213254,0.3510005408328826,0.10656936466693878,0.07678076718002558,0.0,0.07602158188819885,1.148933743010275,"[0.6462953090667725, 0.7404001951217651, 0.6836127638816833, 0.7166035771369934]",0.8838,0.2952947539210384,0.298539751216874,0.3363980530016225,0.3488372093023256,0.35640886965927526,0.35640886965927526,0.2969172525689562
55,0.2785289345592212,0.13915329013335187,0.14555558855106973,0.02562124748454573,0.34126554894537586,0.10588322579860687,0.07602687925100327,0.0,0.07583604380488396,1.09537084097974,"[0.6462953090667725, 0.7404001951217651, 0.6836127638816833, 0.7166035771369934]",0.8997,0.2547322877230936,0.2568956192536506,0.30881557598702003,0.3288263926446728,0.32774472687939427,0.32774472687939427,0.2541914548404543
56,0.35640886965927526,0.2075361339622689,0.2153839243265852,0.13927097509087938,0.4099513250405625,0.10476985573768616,0.07904423028230667,0.0,0.07566152885556221,1.154674906982109,"[0.6462953090667725, 0.7404001951217651, 0.6836127638816833, 0.7166035771369934]",0.9566,0.26176311519740403,0.26176311519740403,0.29421308815575986,0.3504597079502434,0.3477555435370471,0.3477555435370471,0.26717144402379667
57,0.3342347214710654,0.20091089990422661,0.1794033342798325,0.09139165338639793,0.3807463493780422,0.10485035926103592,0.07986896764487028,0.0,0.07554683927446604,1.0847316170111299,"[0.6462953090667725, 0.7404001951217651, 0.6836127638816833, 0.7166035771369934]",0.8994,0.27636560302866414,0.27798810167658194,0.2877230935640887,0.3439697133585722,0.337479718766901,0.337479718766901,0.27690643591130343
58,0.3153055705786912,0.17262740002785204,0.16539161524552534,0.051456659351892337,0.35965386695511087,0.10756179690361023,0.07947124727070332,0.0,0.07544196583330631,1.0292930779978633,"[0.6462953090667725, 0.7404001951217651, 0.6836127638816833, 0.7166035771369934]",0.898,0.2909680908599243,0.29475392103839915,0.30502974580854514,0.35857220118983235,0.3493780421849648,0.3493780421849648,0.28988642509464574
59,0.29908058409951327,0.15908270228671717,0.1655351776407164,0.03410585644719373,0.36019469983775015,0.10870315134525299,0.07932101283222437,0.0,0.07535448111593723,1.0539861870929599,"[0.6462953090667725, 0.7404001951217651, 0.6836127638816833, 0.7166035771369934]",0.8862,0.253650621957815,0.26176311519740403,0.3055705786911844,0.3618171984856679,0.3547863710113575,0.3547863710113575,0.2541914548404543
60,0.2709572742022715,0.14206417311464747,0.14168678899761095,-0.004151703564671301,0.35424553812871823,0.10772059857845306,0.079083445481956,0.0,0.07526912353932858,1.0553618209669366,"[0.6462953090667725, 0.7404001951217651, 0.6836127638816833, 0.7166035771369934]",1.0862,0.2650081124932396,0.26284478096268254,0.251487290427258,0.32395889670091943,0.31422390481341267,0.31422390481341267,0.2709572742022715
61,0.3180097349918875,0.17341786377354462,0.17053726192873772,0.06949614464501405,0.3645213628988643,0.10684801638126373,0.07878737896680832,0.0,0.07518113125115633,1.088175114011392,"[0.6462953090667725, 0.7404001951217651, 0.6836127638816833, 0.7166035771369934]",1.0362,0.26392644672796106,0.25905895078420765,0.2568956192536506,0.3120605732828556,0.31260140616549487,0.31260140616549487,0.2677122769064359
62,0.23958896700919416,0.05766090430978765,0.1302662563516924,-0.02642656269832436,0.3347755543537047,0.10668065398931503,0.0786278285086155,0.0,0.075124841183424,1.1008267550496385,"[0.6462953090667725, 0.7404001951217651, 0.6836127638816833, 0.7166035771369934]",1.1045,0.29475392103839915,0.30827474310438074,0.3493780421849648,0.3477555435370471,0.3526230394808004,0.3526230394808004,0.2861005949161709
63,0.3207138994050838,0.2045121662152034,0.18686759611258552,0.07373224591296848,0.3818280151433207,0.10266534984111786,0.07839241158217192,0.0,0.07506251987069845,1.0908443368971348,"[0.6462953090667725, 0.7404001951217651, 0.6836127638816833, 0.7166035771369934]",1.0505,0.2633856138453218,0.2677122769064359,0.29421308815575986,0.37155219037317466,0.3645213628988643,0.3645213628988643,0.27203893996755
64,0.29367225527312063,0.18217982063995242,0.18928415451924466,0.06588642807886272,0.39048134126554895,0.10204905271530151,0.07839285396039486,0.0,0.07504483219236135,1.3751835291041061,"[0.6462953090667725, 0.7404001951217651, 0.6836127638816833, 0.7166035771369934]",0.9162,0.2855597620335316,0.2888047593293672,0.2888047593293672,0.3472147106544078,0.3520822065981612,0.3520822065981612,0.2871822606814494
65,0.319091400757166,0.20134549394359613,0.19053949317141466,0.07325295379199981,0.38939967550027044,0.10430663079023361,0.07615537475794554,0.0,0.07510075625032187,1.2018329739803448,"[0.6462953090667725, 0.7404001951217651, 0.6836127638816833, 0.7166035771369934]",0.942,0.3163872363439697,0.3212547322877231,0.32666306111411575,0.366143861546782,0.37317468902109246,0.37317468902109246,0.3147647376960519
66,0.33693888588426174,0.2147012494461552,0.21881519675133165,0.1099107178851127,0.40129799891833423,0.10320448875427246,0.07539782021194696,0.0,0.07549961190670729,1.1043002100195736,"[0.6462953090667725, 0.7404001951217651, 0.6836127638816833, 0.7166035771369934]",1.0218,0.29421308815575986,0.28826392644672794,0.31097890751757706,0.3526230394808004,0.35586803677663603,0.35586803677663603,0.29583558680367766
67,0.2952947539210384,0.16432639611515787,0.1854523403222724,0.043012462080645686,0.3796646836127637,0.10568023473024368,0.07488648314028978,0.0,0.07555505074560642,1.0204833820462227,"[0.6462953090667725, 0.7404001951217651, 0.6836127638816833, 0.7166035771369934]",0.9146,0.2833964305029746,0.280151433207139,0.2979989183342347,0.35640886965927526,0.3488372093023256,0.3488372093023256,0.2855597620335316
68,0.31097890751757706,0.16661855212008259,0.2013742674551829,0.10015706606211383,0.38615467820443483,0.10408742725849152,0.07482144795358181,0.0,0.07899197284132242,1.0389814849477261,"[0.6462953090667725, 0.7404001951217651, 0.6836127638816833, 0.7166035771369934]",1.0637,0.27474310438074634,0.2660897782585181,0.31584640346133047,0.3645213628988643,0.36127636560302867,0.36127636560302867,0.27906976744186046
69,0.37696051919956736,0.24476104671632704,0.2444215601108396,0.1811215329915885,0.43266630611141155,0.1018877699971199,0.07480796240270138,0.0,0.07883546967059374,1.0845073099480942,"[0.6462953090667725, 0.7404001951217651, 0.6836127638816833, 0.7166035771369934]",1.1423,0.2736614386154678,0.2633856138453218,0.3174689021092482,0.3628988642509465,0.3628988642509465,0.3628988642509465,0.2752839372633856
70,0.3547863710113575,0.2293564359721726,0.24150281097108622,0.15444011216404296,0.439697133585722,0.10241808742284775,0.07473712787032127,0.0,0.07861492969095707,1.1200585649348795,"[0.6462953090667725, 0.7404001951217651, 0.6836127638816833, 0.7166035771369934]",0.8788,0.27798810167658194,0.2709572742022715,0.3196322336398053,0.33910221741481883,0.3331530557057869,0.3331530557057869,0.27961060032449975
71,0.2682531097890752,0.13722894171520483,0.18142835634502696,0.03844513672223957,0.3683071930773391,0.10251542925834656,0.07467448618263006,0.0,0.07868716586381197,1.1011143010109663,"[0.6462953090667725, 0.7404001951217651, 0.6836127638816833, 0.7166035771369934]",0.9407,0.2844780962682531,0.29908058409951327,0.3634396971335857,0.39372633856138456,0.39372633856138456,0.39372633856138456,0.27906976744186046
72,0.3153055705786912,0.19095981228660108,0.21425391520278422,0.10500268536199799,0.40616549486208764,0.10098867118358612,0.07462749537080526,0.0,0.07841703947633505,1.0820306619862095,"[0.6462953090667725, 0.7404001951217651, 0.6836127638816833, 0.7166035771369934]",0.9835,0.2742022714981071,0.27203893996755,0.30773391022174146,0.34342888047593295,0.3510005408328826,0.3510005408328826,0.27690643591130343
73,0.3174689021092482,0.1864397679225962,0.21348397840164995,0.1284277191984857,0.3991346673877772,0.10117365419864655,0.07459385693073273,0.0,0.07833911012858152,1.2352456449298188,"[0.6462953090667725, 0.7404001951217651, 0.6836127638816833, 0.7166035771369934]",1.1685,0.2482422931314224,0.26068144943212546,0.3044889129259059,0.3482963764196863,0.3520822065981612,0.3520822065981612,0.2541914548404543
74,0.29421308815575986,0.16183631849834323,0.20514298854593163,0.09664538638672429,0.40724716062736616,0.10292910039424896,0.0745549313724041,0.0,0.07831739913672209,1.0768536060350016,"[0.6462953090667725, 0.7404001951217651, 0.6836127638816833, 0.7166035771369934]",0.8589,0.2666306111411574,0.27961060032449975,0.3071930773391022,0.35694970254191455,0.3645213628988643,0.3645213628988643,0.2650081124932396
75,0.38831800973499186,0.25452558249462887,0.24572229989050062,0.1685854100501169,0.4434829637641969,0.09915672987699509,0.07451550476253033,0.0,0.07798381801694632,1.119259731960483,"[0.6462953090667725, 0.7404001951217651, 0.6836127638816833, 0.7166035771369934]",0.8875,0.2714981070849108,0.28069226608977826,0.3136830719307734,0.3520822065981612,0.35586803677663603,0.35586803677663603,0.2677122769064359
76,0.3363980530016225,0.19148471366725162,0.20622013821798948,0.10437242672022821,0.3975121687398594,0.09956331551074982,0.07448551431298256,0.0,0.0777592882514,1.0591014359379187,"[0.6462953090667725, 0.7404001951217651, 0.6836127638816833, 0.7166035771369934]",0.9133,0.2850189291508924,0.2736614386154678,0.31097890751757706,0.33856138453217954,0.33964305029745806,0.33964305029745806,0.29313142239048134
77,0.3147647376960519,0.18039489809876963,0.18749390818464712,0.060895111973565404,0.37425635478637104,0.09696012735366821,0.07445507030934095,0.0,0.07745638769119978,1.149049106054008,"[0.6462953090667725, 0.7404001951217651, 0.6836127638816833, 0.7166035771369934]",1.0227,0.26068144943212546,0.2844780962682531,0.3510005408328826,0.3650621957815035,0.37533802055164955,0.37533802055164955,0.26284478096268254
78,0.32936722552731207,0.19779796457975496,0.17698454083436413,0.07669195551033431,0.37479718766901027,0.09850987792015076,0.07445029076188803,0.0,0.0773414708673954,1.0979618789860979,"[0.6462953090667725, 0.7404001951217651, 0.6836127638816833, 0.7166035771369934]",0.8933,0.3039480800432666,0.3174689021092482,0.3656030286641428,0.3839913466738778,0.38723634396971335,0.38723634396971335,0.2952947539210384
79,0.2585181179015684,0.14537336367985398,0.16601265127290102,0.008721960141758502,0.3499188750676041,0.09705863893032074,0.07445953041315079,0.0,0.07726770639419556,1.1204529099632055,"[0.6462953090667725, 0.7404001951217651, 0.6836127638816833, 0.7166035771369934]",0.9268,0.26717144402379667,0.26554894537587886,0.31097890751757706,0.3493780421849648,0.33964305029745806,0.33964305029745806,0.2752839372633856
80,0.2920497566252028,0.15087969800835688,0.16580840753534204,0.022353781907098004,0.36884802595997834,0.10002832114696503,0.07442286238074303,0.0,0.07715829648077488,1.0775235370965675,"[0.6462953090667725, 0.7404001951217651, 0.6836127638816833, 0.7166035771369934]",0.8857,0.30502974580854514,0.30935640886965926,0.3228772309356409,0.36127636560302867,0.39048134126554895,0.39048134126554895,0.3012439156300703
81,0.298539751216874,0.15754190768400633,0.15823443474420296,0.019053444636889717,0.35803136830719307,0.10050870478153229,0.07440425548702478,0.0,0.07706860266625881,1.0318703049561009,"[0.6462953090667725, 0.7404001951217651, 0.6836127638816833, 0.7166035771369934]",0.8112,0.3034072471606274,0.2979989183342347,0.3017847485127096,0.34234721471065443,0.35640886965927526,0.35640886965927526,0.2969172525689562
82,0.29583558680367766,0.15525478349569866,0.15676334989672838,0.03150657738320896,0.35424553812871823,0.1006188914179802,0.07437361497431993,0.0,0.07697352860122919,1.0082098320126534,"[0.6462953090667725, 0.7404001951217651, 0.6836127638816833, 0.7166035771369934]",0.8759,0.3320713899405084,0.34180638182801515,0.3618171984856679,0.38885884261763115,0.3985938345051379,0.3985938345051379,0.32341806381828014
83,0.29637641968631695,0.15703913179076923,0.16144379042901946,0.027636030804450085,0.35586803677663603,0.10021217167377472,0.07435643579810858,0.0,0.07688897009938955,1.091745442012325,"[0.6462953090667725, 0.7404001951217651, 0.6836127638816833, 0.7166035771369934]",1.0441,0.3342347214710654,0.3510005408328826,0.38236884802596,0.3969713358572201,0.40075716603569495,0.40075716603569495,0.32612222823147646
84,0.24878312601406166,0.13328241997513512,0.1657625605909166,0.019849865194369088,0.35857220118983235,0.0977708250284195,0.07432943116873503,0.0,0.07692448608577251,1.009981938987039,"[0.6462953090667725, 0.7404001951217651, 0.6836127638816833, 0.7166035771369934]",0.8574,0.31422390481341267,0.3163872363439697,0.34559221200649,0.3818280151433207,0.4034613304488913,0.4034613304488913,0.3055705786911844
85,0.3699296917252569,0.21465475157053737,0.2474840233213468,0.1579845119309697,0.4186046511627907,0.09768328070640564,0.0743064358830452,0.0,0.07683880161494017,0.9926204980583861,"[0.6462953090667725, 0.7404001951217651, 0.6836127638816833, 0.7166035771369934]",0.9864,0.37209302325581395,0.37209302325581395,0.39210383991346676,0.4121146565711195,0.4083288263926447,0.4083288263926447,0.3699296917252569
86,0.3185505678745268,0.2038748624993123,0.19035428687209627,0.09387806972260469,0.3775013520822066,0.0961819440126419,0.07428344246000051,0.0,0.07674796599894762,1.052053292049095,"[0.6462953090667725, 0.7404001951217651, 0.6836127638816833, 0.7166035771369934]",0.8401,0.28069226608977826,0.29583558680367766,0.3499188750676041,0.3839913466738778,0.38885884261763115,0.38885884261763115,0.2828555976203353
87,0.33910221741481883,0.19656119866626787,0.17656990018780963,0.09547241980693709,0.35640886965927526,0.09768538922071457,0.07426002901047468,0.0,0.07666172925382853,0.9972683410160244,"[0.6462953090667725, 0.7404001951217651, 0.6836127638816833, 0.7166035771369934]",0.8376,0.3331530557057869,0.3531638723634397,0.3775013520822066,0.40508382909680907,0.4104921579232017,0.4104921579232017,0.32395889670091943
88,0.2844780962682531,0.16366334795590043,0.20345058817594572,0.0998452599755913,0.3839913466738778,0.09976734220981598,0.07423681020736694,0.0,0.07656638789921999,1.0614421690115705,"[0.6462953090667725, 0.7404001951217651, 0.6836127638816833, 0.7166035771369934]",0.8712,0.25959978366684694,0.28123309897241755,0.3228772309356409,0.35532720389399675,0.36127636560302867,0.36127636560302867,0.26554894537587886
89,0.3034072471606274,0.16258645728210297,0.16471745045251257,0.029075643265618196,0.37155219037317466,0.10237227380275726,0.07421517744660378,0.0,0.07647411059588194,1.0726887399796396,"[0.6462953090667725, 0.7404001951217651, 0.6836127638816833, 0.7166035771369934]",0.9997,0.300703082747431,0.31584640346133047,0.3488372093023256,0.3758788534342888,0.3910221741481882,0.3910221741481882,0.3001622498647918
90,0.3012439156300703,0.1746787635527699,0.1805911902547926,0.05456787753439331,0.37155219037317466,0.10193398594856262,0.07419302873313427,0.0,0.0762822600081563,1.0406434930628166,"[0.6462953090667725, 0.7404001951217651, 0.6836127638816833, 0.7166035771369934]",0.9625,0.2888047593293672,0.30881557598702003,0.3499188750676041,0.3656030286641428,0.37155219037317466,0.37155219037317466,0.28231476473769607
91,0.2552731206057328,0.12751009280134218,0.19431310847118743,0.05339850716446397,0.36884802595997834,0.10203085094690323,0.07417302299290895,0.0,0.07628252822905779,1.0534412699053064,"[0.6462953090667725, 0.7404001951217651, 0.6836127638816833, 0.7166035771369934]",0.9447,0.32558139534883723,0.31097890751757706,0.3288263926446728,0.34559221200649,0.366143861546782,0.366143861546782,0.32666306111411575
92,0.3645213628988643,0.21232144151983168,0.24695930316059198,0.14819987512754576,0.4267171444023797,0.09968577325344086,0.07416156772524118,0.0,0.07562710624188185,1.0603525650221854,"[0.6462953090667725, 0.7404001951217651, 0.6836127638816833, 0.7166035771369934]",0.9148,0.29475392103839915,0.2909680908599243,0.32017306652244454,0.3645213628988643,0.3683071930773391,0.3683071930773391,0.3012439156300703
93,0.3228772309356409,0.17669222001127405,0.23687115840057135,0.15199306649280622,0.40508382909680907,0.10063004493713379,0.07415171153843403,0.0,0.07484949380159378,1.1188528620405123,"[0.6462953090667725, 0.7404001951217651, 0.6836127638816833, 0.7166035771369934]",1.0358,0.35857220118983235,0.3591130340724716,0.3953488372093023,0.4121146565711195,0.4229313142239048,0.4229313142239048,0.3656030286641428
94,0.3304488912925906,0.18692624175093475,0.19558792487298757,0.1070396938071221,0.37047052460789615,0.100293830037117,0.0741250803694129,0.0,0.07599949091672897,1.2239861659472808,"[0.6462953090667725, 0.7404001951217651, 0.6836127638816833, 0.7166035771369934]",0.8804,0.26717144402379667,0.2877230935640887,0.3336938885884262,0.3650621957815035,0.35586803677663603,0.35586803677663603,0.2666306111411574
95,0.34072471606273663,0.18356421713944615,0.2306161250130634,0.15107302291680907,0.3958896700919416,0.09998440742492676,0.07415190245956182,0.0,0.07612270023673773,1.0459898159606382,"[0.6462953090667725, 0.7404001951217651, 0.6836127638816833, 0.7166035771369934]",1.02,0.3315305570578691,0.3520822065981612,0.3850730124391563,0.40670632774472687,0.4115738236884803,0.4115738236884803,0.32612222823147646
96,0.31584640346133047,0.15539404785505184,0.22095506389580388,0.16177282897117856,0.37371552190373175,0.10051390528678894,0.07411777973175049,0.0,0.0760283563286066,1.3751282569719478,"[0.6462953090667725, 0.7404001951217651, 0.6836127638816833, 0.7166035771369934]",0.8382,0.28123309897241755,0.2817739318550568,0.3315305570578691,0.3672255273120606,0.366143861546782,0.366143861546782,0.28988642509464574
97,0.3174689021092482,0.18778827146936095,0.19287791025777778,0.1072917192955729,0.38236884802596,0.09963595122098923,0.07409011572599411,0.0,0.07597496081143618,0.9801067699445412,"[0.6462953090667725, 0.7404001951217651, 0.6836127638816833, 0.7166035771369934]",1.0748,0.2850189291508924,0.29421308815575986,0.33693888588426174,0.3672255273120606,0.37101135749053543,0.37101135749053543,0.2920497566252028
98,0.29583558680367766,0.15628535340437089,0.19179795510769754,0.10003910252338798,0.3607355327203894,0.10123161971569061,0.07405538577586412,0.0,0.07596712000668049,1.1277595260180533,"[0.6462953090667725, 0.7404001951217651, 0.6836127638816833, 0.7166035771369934]",0.8392,0.3683071930773391,0.3910221741481882,0.40508382909680907,0.40562466197944835,0.4288804759329367,0.4288804759329367,0.363980530016225
99,0.298539751216874,0.16526200851322748,0.18434933010773483,0.10133815330546983,0.3515413737155219,0.09980739653110504,0.07403239980340004,0.0,0.0758289648219943,1.0117476839805022,"[0.6462953090667725, 0.7404001951217651, 0.6836127638816833, 0.7166035771369934]",1.0009,0.316928069226609,0.3380205516495403,0.3683071930773391,0.3818280151433207,0.40724716062736616,0.40724716062736616,0.30881557598702003
100,0.3163872363439697,0.1689674888562075,0.22800393704898458,0.16326859472993446,0.38561384532179555,0.09792191535234451,0.07398875895887613,0.0,0.07572861388325691,1.277700466918759,"[0.6462953090667725, 0.7404001951217651, 0.6836127638816833, 0.7166035771369934]",1.0456,0.2855597620335316,0.2866414277988102,0.3510005408328826,0.38777717685235263,0.38615467820443483,0.38615467820443483,0.290427257977285
101,0.27906976744186046,0.1420013332706731,0.17154727084092708,0.07314194225366547,0.34288804759329367,0.1005033552646637,0.0739839244633913,0.0,0.07563337124884129,1.0648726330837235,"[0.6462953090667725, 0.7404001951217651, 0.6836127638816833, 0.7166035771369934]",1.1175,0.24553812871822606,0.2660897782585181,0.30665224445646294,0.32341806381828014,0.32828555976203355,0.32828555976203355,0.2449972958355868
102,0.32017306652244454,0.16233977564535762,0.20924216614595095,0.10113410324281526,0.35965386695511087,0.10703699290752411,0.07396048959344625,0.0,0.07556001655757427,1.336161189014092,"[0.6462953090667725, 0.7404001951217651, 0.6836127638816833, 0.7166035771369934]",0.9151,0.28069226608977826,0.30827474310438074,0.36019469983775015,0.3850730124391563,0.3958896700919416,0.3958896700919416,0.2736614386154678
103,0.29745808545159547,0.15842907292864172,0.1874183071595036,0.09250334189890623,0.35694970254191455,0.10254190117120743,0.07393840234726667,0.0,0.07563493773341179,1.0545376390218735,"[0.6462953090667725, 0.7404001951217651, 0.6836127638816833, 0.7166035771369934]",0.8659,0.27636560302866414,0.3044889129259059,0.35586803677663603,0.38777717685235263,0.3969713358572201,0.3969713358572201,0.28123309897241755
104,0.32395889670091943,0.1823400305094628,0.2346308219290414,0.1367962771699877,0.40724716062736616,0.10516010224819183,0.07391044870018959,0.0,0.07557009812444448,1.1648024619789794,"[0.6462953090667725, 0.7404001951217651, 0.6836127638816833, 0.7166035771369934]",0.9192,0.32612222823147646,0.35694970254191455,0.40670632774472687,0.42022714981070847,0.42401297998918336,0.42401297998918336,0.319091400757166
105,0.300703082747431,0.1317379318009062,0.21461154081546377,0.07677623506120168,0.38885884261763115,0.10355725884437561,0.0738872829824686,0.0,0.07569125201553106,1.0614338529994711,"[0.6462953090667725, 0.7404001951217651, 0.6836127638816833, 0.7166035771369934]",0.8684,0.3153055705786912,0.3472147106544078,0.3948080043266631,0.42022714981070847,0.4159004867495944,0.4159004867495944,0.3061114115738237
106,0.36884802595997834,0.23954489338989515,0.259639309864868,0.1696943445446088,0.447809626825311,0.10343868285417557,0.0738577963784337,0.0,0.07557704858481884,0.9997017319547012,"[0.6462953090667725, 0.7404001951217651, 0.6836127638816833, 0.7166035771369934]",1.128,0.3358572201189832,0.3672255273120606,0.411032990805841,0.43482963764196864,0.4283396430502975,0.4283396430502975,0.327203893996755
107,0.3228772309356409,0.1861832967312661,0.23461735927036026,0.12995932264045665,0.4186046511627907,0.10836095362901688,0.07383401691913605,0.0,0.07542569655925035,1.3934677729848772,"[0.6462953090667725, 0.7404001951217651, 0.6836127638816833, 0.7166035771369934]",0.9129,0.32017306652244454,0.3547863710113575,0.40075716603569495,0.41914548404542995,0.4261763115197404,0.4261763115197404,0.31097890751757706
108,0.34288804759329367,0.1577768805201495,0.22003339693711024,0.11239709871426384,0.3829096809085992,0.10496246814727783,0.07381588686257601,0.0,0.07518517971038818,1.2228430230170488,"[0.6462953090667725, 0.7404001951217651, 0.6836127638816833, 0.7166035771369934]",1.3767,0.3299080584099513,0.3515413737155219,0.3975121687398594,0.4099513250405625,0.413196322336398,0.413196322336398,0.32179556517036234
109,0.316928069226609,0.18538214486416038,0.2195491440840536,0.12476608575773088,0.40670632774472687,0.10840862989425659,0.0738024078309536,0.0,0.07522919680923223,1.5552194060292095,"[0.6462953090667725, 0.7404001951217651, 0.6836127638816833, 0.7166035771369934]",0.8706,0.34072471606273663,0.37533802055164955,0.40454299621416984,0.3985938345051379,0.4186046511627907,0.4186046511627907,0.32828555976203355
110,0.33693888588426174,0.21884026307972537,0.25365985323542767,0.13830427655553412,0.4413196322336398,0.10724541544914246,0.07377586793154478,0.0,0.07519111316651106,1.0605422579683363,"[0.6462953090667725, 0.7404001951217651, 0.6836127638816833, 0.7166035771369934]",0.8858,0.32774472687939427,0.3363980530016225,0.3628988642509465,0.38561384532179555,0.37425635478637104,0.37425635478637104,0.32179556517036234
111,0.31151974040021635,0.19725492469715156,0.25040487925433574,0.12058448286681231,0.43807463493780424,0.10680348426103592,0.07374754920601845,0.0,0.07517870049923658,1.0595319609856233,"[0.6462953090667725, 0.7404001951217651, 0.6836127638816833, 0.7166035771369934]",0.9424,0.29150892374256354,0.31422390481341267,0.3666846944294213,0.3818280151433207,0.37425635478637104,0.37425635478637104,0.2877230935640887
112,0.3223363980530016,0.17967650149703562,0.22657526130619515,0.12731025586652864,0.38236884802596,0.1052815243601799,0.07371904700994492,0.0,0.07508930005133152,1.1065955760423094,"[0.6462953090667725, 0.7404001951217651, 0.6836127638816833, 0.7166035771369934]",1.2827,0.32449972958355866,0.34342888047593295,0.38777717685235263,0.41644131963223363,0.4126554894537588,0.4126554894537588,0.3120605732828556
113,0.269875608436993,0.1459192723231516,0.22245489753235875,0.07747903938256052,0.3850730124391563,0.10372074693441391,0.07369937654584646,0.0,0.07505111303180456,1.1668673299718648,"[0.6462953090667725, 0.7404001951217651, 0.6836127638816833, 0.7166035771369934]",0.912,0.2693347755543537,0.2969172525689562,0.3618171984856679,0.34018388318009735,0.363980530016225,0.363980530016225,0.2704164413196322
114,0.2866414277988102,0.17853777000831972,0.2563918455621302,0.13449219106076168,0.4456462952947539,0.10482834279537201,0.07367393188178539,0.0,0.0750117264688015,1.3288504290394485,"[0.6462953090667725, 0.7404001951217651, 0.6836127638816833, 0.7166035771369934]",0.8965,0.2855597620335316,0.3174689021092482,0.37101135749053543,0.3796646836127637,0.37209302325581395,0.37209302325581395,0.27636560302866414
115,0.2552731206057328,0.11965045662068896,0.2018865928693034,0.028062254371544647,0.37317468902109246,0.10427367687225342,0.07365137059241533,0.0,0.07498186267912388,1.0935951629653573,"[0.6462953090667725, 0.7404001951217651, 0.6836127638816833, 0.7166035771369934]",1.0989,0.3104380746349378,0.3342347214710654,0.3818280151433207,0.3666846944294213,0.39372633856138456,0.39372633856138456,0.3034072471606274
116,0.27312060573282854,0.05852329770830411,0.20056781441850796,0.06348070108269736,0.3520822065981612,0.10417290031909943,0.07362664304673672,0.0,0.0748587641865015,1.4075463700573891,"[0.6462953090667725, 0.7404001951217651, 0.6836127638816833, 0.7166035771369934]",1.5467,0.3791238507301244,0.40886965927528396,0.45375878853434287,0.4607896160086533,0.45321795565170364,0.45321795565170364,0.3666846944294213
117,0.3196322336398053,0.19120719708283496,0.26526220925071203,0.14933034962223146,0.38939967550027044,0.10118334740400314,0.07359730452299118,0.0,0.07492739427834749,1.7025319029344246,"[0.6462953090667725, 0.7404001951217651, 0.6836127638816833, 0.7166035771369934]",1.2678,0.4159004867495944,0.43861546782044347,0.458085451595457,0.46782044348296375,0.47268793942671716,0.47268793942671716,0.3991346673877772
118,0.29313142239048134,0.17143450777070623,0.23558052677231145,0.09616991200005384,0.3931855056787453,0.10185037553310394,0.07358275074511766,0.0,0.07469384092837572,1.334089576965198,"[0.6462953090667725, 0.7404001951217651, 0.6836127638816833, 0.7166035771369934]",1.2172,0.3185505678745268,0.3515413737155219,0.38994050838290967,0.37263385613845323,0.38939967550027044,0.38939967550027044,0.30502974580854514
119,0.2687939426717144,0.1537883475663504,0.20903399883651497,0.06256569979620286,0.3607355327203894,0.10479409992694855,0.07355669606477022,0.0,0.0747355055063963,1.2849176690215245,"[0.6462953090667725, 0.7404001951217651, 0.6836127638816833, 0.7166035771369934]",1.2173,0.32612222823147646,0.3547863710113575,0.39048134126554895,0.37371552190373175,0.3964305029745809,0.3964305029745809,0.31422390481341267
120,0.3136830719307734,0.192095180938195,0.25114605133684165,0.12365013472975031,0.4104921579232017,0.10524608194828033,0.07354647479951382,0.0,0.07469228375703096,1.3162505310028791,"[0.6462953090667725, 0.7404001951217651, 0.6836127638816833, 0.7166035771369934]",1.2091,0.31422390481341267,0.34505137912385075,0.38831800973499186,0.4094104921579232,0.40562466197944835,0.40562466197944835,0.3023255813953488
121,0.29150892374256354,0.138895989141413,0.23650501853054728,0.1316410416807998,0.3493780421849648,0.1035565435886383,0.07351291552186012,0.0,0.0746118389070034,1.3255259619327262,"[0.6462953090667725, 0.7404001951217651, 0.6836127638816833, 0.7166035771369934]",1.2417,0.4034613304488913,0.42184964845862627,0.43428880475932935,0.4272579772850189,0.4418604651162791,0.4418604651162791,0.38777717685235263
122,0.2952947539210384,0.1768607821036653,0.21723771350986687,0.07264083745287465,0.392644672796106,0.10496837645769119,0.07349089626222849,0.0,0.07458624057471752,1.630523797008209,"[0.6462953090667725, 0.7404001951217651, 0.6836127638816833, 0.7166035771369934]",1.299,0.4121146565711195,0.44835045970795023,0.4705246078961601,0.4564629529475392,0.46187128177393183,0.46187128177393183,0.3980530016224986
123,0.28988642509464574,0.16574847821948424,0.25260223567791984,0.11380565609711976,0.40562466197944835,0.10378976166248322,0.07345927692949772,0.0,0.07452941685914993,1.3945630089147016,"[0.6462953090667725, 0.7404001951217651, 0.6836127638816833, 0.7166035771369934]",1.4565,0.37696051919956736,0.4099513250405625,0.45484045429962144,0.45267712276906436,0.45484045429962144,0.45484045429962144,0.3547863710113575
124,0.29637641968631695,0.15433769696270871,0.2178112644103183,0.1161517040803457,0.3515413737155219,0.10498692095279694,0.07343463227152824,0.0,0.07458238210529089,1.3372153860982507,"[0.6462953090667725, 0.7404001951217651, 0.6836127638816833, 0.7166035771369934]",1.5096,0.3180097349918875,0.3499188750676041,0.39967550027041643,0.42130881557598704,0.41914548404542995,0.41914548404542995,0.3104380746349378
125,0.32828555976203355,0.18769145222838013,0.24668730425164995,0.1650617716417373,0.37317468902109246,0.10291948914527893,0.07339956238865852,0.0,0.07461847458034754,1.7227833479410037,"[0.6462953090667725, 0.7404001951217651, 0.6836127638816833, 0.7166035771369934]",1.211,0.35857220118983235,0.3958896700919416,0.4353704705246079,0.4488912925905895,0.4456462952947539,0.4456462952947539,0.3477555435370471
126,0.3136830719307734,0.1973412569045323,0.24699741180522938,0.1126773203791723,0.43158464034613303,0.10439594089984894,0.07336023263633251,0.0,0.07454568147659302,1.5281512379879132,"[0.6462953090667725, 0.7404001951217651, 0.6836127638816833, 0.7166035771369934]",1.0347,0.32341806381828014,0.3526230394808004,0.40616549486208764,0.4337479718766901,0.4250946457544619,0.4250946457544619,0.31097890751757706
127,0.3336938885884262,0.2038225443015368,0.25927070474192504,0.14065898895114273,0.41914548404542995,0.10401622951030731,0.07333381846547127,0.0,0.07464027218520641,1.0504060430685058,"[0.6462953090667725, 0.7404001951217651, 0.6836127638816833, 0.7166035771369934]",0.9343,0.3180097349918875,0.3304488912925906,0.3699296917252569,0.35965386695511087,0.3758788534342888,0.3758788534342888,0.31314223904813415
128,0.3504597079502434,0.22945127287288347,0.2529052978466093,0.15126746208105152,0.43915630070308276,0.10292806476354599,0.0732964719645679,0.0,0.07418486289680004,1.070086590014398,"[0.6462953090667725, 0.7404001951217651, 0.6836127638816833, 0.7166035771369934]",0.9535,0.37479718766901027,0.4077879935100054,0.44943212547322875,0.4613304488912926,0.46187128177393183,0.46187128177393183,0.3666846944294213
129,0.34072471606273663,0.20640423921271767,0.2495951764514751,0.1503851272687817,0.4018388318009735,0.1031600832939148,0.07327583385631442,0.0,0.07465178892016411,1.051263165078126,"[0.6462953090667725, 0.7404001951217651, 0.6836127638816833, 0.7166035771369934]",0.9935,0.3363980530016225,0.3520822065981612,0.3866955110870741,0.40508382909680907,0.42184964845862627,0.42184964845862627,0.3288263926446728
130,0.33910221741481883,0.20389392853543964,0.25553814938416664,0.16431533695642925,0.4159004867495944,0.10371609032154083,0.07324551325291395,0.0,0.07458375487476587,1.153404760058038,"[0.6462953090667725, 0.7404001951217651, 0.6836127638816833, 0.7166035771369934]",0.9487,0.3288263926446728,0.35640886965927526,0.40562466197944835,0.42996214169821523,0.43428880475932935,0.43428880475932935,0.32017306652244454
131,0.363980530016225,0.22627119066240908,0.2687183443864522,0.16171411953034126,0.45267712276906436,0.10746990144252777,0.07321151671931148,0.0,0.07452044636011124,1.0989180959295481,"[0.6462953090667725, 0.7404001951217651, 0.6836127638816833, 0.7166035771369934]",1.0847,0.3299080584099513,0.3591130340724716,0.3785830178474851,0.3910221741481882,0.413196322336398,0.413196322336398,0.32179556517036234
132,0.3320713899405084,0.21575021490741375,0.25539381204249867,0.15487098114515174,0.439697133585722,0.10466169565916061,0.07318790629506111,0.0,0.07443537190556526,1.224790628068149,"[0.6462953090667725, 0.7404001951217651, 0.6836127638816833, 0.7166035771369934]",1.0173,0.3153055705786912,0.34126554894537586,0.37263385613845323,0.3802055164954029,0.3975121687398594,0.3975121687398594,0.30881557598702003
133,0.3520822065981612,0.22672362000958624,0.2572393405646269,0.17464444517246405,0.4353704705246079,0.10409843921661377,0.0731747024692595,0.0,0.07384136039763689,1.118768835091032,"[0.6462953090667725, 0.7404001951217651, 0.6836127638816833, 0.7166035771369934]",1.0648,0.34342888047593295,0.3650621957815035,0.39048134126554895,0.3910221741481882,0.3791238507301244,0.3791238507301244,0.3380205516495403
134,0.3834505137912385,0.23252280465279374,0.2452344482586287,0.17284681769590343,0.3975121687398594,0.10524919629096985,0.07313144905492663,0.0,0.07415387127548456,1.273547207005322,"[0.6462953090667725, 0.7404001951217651, 0.6836127638816833, 0.7166035771369934]",1.1028,0.3975121687398594,0.41481882098431583,0.4472687939426717,0.4570037858301785,0.4602487831260141,0.4602487831260141,0.38453217955651703
135,0.37371552190373175,0.22843509194742895,0.2639386508602274,0.1875142832907358,0.43320713899405083,0.10313903540372849,0.07314192224293947,0.0,0.07487503252923489,1.0207985499873757,"[0.6462953090667725, 0.7404001951217651, 0.6836127638816833, 0.7166035771369934]",0.9088,0.36127636560302867,0.3834505137912385,0.40886965927528396,0.4267171444023797,0.43266630611141155,0.43266630611141155,0.35370470524607894
136,0.3780421849648459,0.23643522061271183,0.25341679199599426,0.17616588431704788,0.4402379664683613,0.101812444627285,0.07310991594567895,0.0,0.07469696644693613,1.0196134569123387,"[0.6462953090667725, 0.7404001951217651, 0.6836127638816833, 0.7166035771369934]",1.0364,0.32612222823147646,0.33910221741481883,0.35586803677663603,0.3785830178474851,0.3942671714440238,0.3942671714440238,0.3180097349918875
137,0.3699296917252569,0.2263476069081487,0.2703139480790981,0.18822044293855617,0.43753380205516496,0.09961290657520294,0.07307375175878406,0.0,0.07458144053816795,1.28477828996256,"[0.6462953090667725, 0.7404001951217651, 0.6836127638816833, 0.7166035771369934]",0.9162,0.3363980530016225,0.3531638723634397,0.3910221741481882,0.38453217955651703,0.39372633856138456,0.39372633856138456,0.32612222823147646
138,0.35424553812871823,0.22272904908936642,0.26418285417118165,0.17748585154349045,0.4597079502433748,0.10110250115394592,0.07302587665617466,0.0,0.075073285959661,1.0164355470333248,"[0.6462953090667725, 0.7404001951217651, 0.6836127638816833, 0.7166035771369934]",0.891,0.35586803677663603,0.3699296917252569,0.37263385613845323,0.35749053542455383,0.3775013520822066,0.3775013520822066,0.3477555435370471
139,0.36938885884261763,0.24460776739373635,0.28126095324549133,0.19032864596984614,0.47268793942671716,0.10065427422523499,0.07299194857478142,0.0,0.074755790643394,1.0563203489873558,"[0.6462953090667725, 0.7404001951217651, 0.6836127638816833, 0.7166035771369934]",0.9678,0.32558139534883723,0.33856138453217954,0.3645213628988643,0.3796646836127637,0.38777717685235263,0.38777717685235263,0.3185505678745268
140,0.37533802055164955,0.24314904037835539,0.2736152362709148,0.1819037493812809,0.46187128177393183,0.10063016414642334,0.07298292545601726,0.0,0.07472415640950203,1.033073022030294,"[0.6462953090667725, 0.7404001951217651, 0.6836127638816833, 0.7166035771369934]",0.9519,0.3174689021092482,0.3466738777717685,0.363980530016225,0.35370470524607894,0.35424553812871823,0.35424553812871823,0.30827474310438074
141,0.36884802595997834,0.22814892715146506,0.2594005670875638,0.18729594073353312,0.45105462412114655,0.10163255780935287,0.0729579203762114,0.0,0.07464377954602242,1.1629174060653895,"[0.6462953090667725, 0.7404001951217651, 0.6836127638816833, 0.7166035771369934]",0.9235,0.3336938885884262,0.3526230394808004,0.37317468902109246,0.3634396971335857,0.3910221741481882,0.3910221741481882,0.32828555976203355
142,0.34234721471065443,0.21420563047131225,0.2649053033321549,0.16967932768296204,0.4445646295294754,0.10128620266914368,0.07293133530765772,0.0,0.07468962948769331,1.0760775080416352,"[0.6462953090667725, 0.7404001951217651, 0.6836127638816833, 0.7166035771369934]",0.9696,0.37263385613845323,0.39210383991346676,0.42076798269334775,0.45267712276906436,0.4613304488912926,0.4613304488912926,0.3672255273120606
143,0.3802055164954029,0.2361649674362738,0.24869797027694795,0.18156027605952543,0.4353704705246079,0.10296731442213058,0.07290669390931726,0.0,0.07454581186175346,1.1235981670906767,"[0.6462953090667725, 0.7404001951217651, 0.6836127638816833, 0.7166035771369934]",1.2329,0.3628988642509465,0.3850730124391563,0.40400216333153055,0.40129799891833423,0.411032990805841,0.411032990805841,0.3504597079502434
144,0.3520822065981612,0.19807677617814845,0.23237305866660193,0.16894121199994397,0.3991346673877772,0.10478776693344116,0.07288726512342691,0.0,0.074534572660923,1.535107980016619,"[0.6462953090667725, 0.7404001951217651, 0.6836127638816833, 0.7166035771369934]",0.998,0.3380205516495403,0.35370470524607894,0.3677663601946998,0.38453217955651703,0.3942671714440238,0.3942671714440238,0.32666306111411575
145,0.3331530557057869,0.1866734306620903,0.24496864399241064,0.1594992325779382,0.3985938345051379,0.10293912887573242,0.072862240485847,0.0,0.07437275350093842,0.9790917220525444,"[0.6462953090667725, 0.7404001951217651, 0.6836127638816833, 0.7166035771369934]",0.8813,0.37533802055164955,0.3812871822606814,0.392644672796106,0.4186046511627907,0.4169821525148729,0.4169821525148729,0.37101135749053543
146,0.35803136830719307,0.214917884778279,0.2468074802953975,0.1623659953100306,0.3991346673877772,0.10192176699638367,0.07283557346090674,0.0,0.07432854641228914,1.0035880459472537,"[0.6462953090667725, 0.7404001951217651, 0.6836127638816833, 0.7166035771369934]",0.8345,0.290427257977285,0.316928069226609,0.3547863710113575,0.3672255273120606,0.366143861546782,0.366143861546782,0.2817739318550568
147,0.35370470524607894,0.2002910658140994,0.24211973796617825,0.16278324423092952,0.3942671714440238,0.10433419793844223,0.07281103311106563,0.0,0.07438100874423981,1.092458216007799,"[0.6462953090667725, 0.7404001951217651, 0.6836127638816833, 0.7166035771369934]",0.8825,0.3147647376960519,0.34018388318009735,0.38831800973499186,0.42076798269334775,0.4159004867495944,0.4159004867495944,0.30989724175229855
148,0.3758788534342888,0.22228637118778372,0.23585670523680094,0.16563017903230035,0.38777717685235263,0.10821780562400818,0.07278853561729193,0.0,0.0743107357993722,1.2027495270594954,"[0.6462953090667725, 0.7404001951217651, 0.6836127638816833, 0.7166035771369934]",1.37,0.37479718766901027,0.4034613304488913,0.439697133585722,0.45267712276906436,0.4591671173607355,0.4591671173607355,0.3628988642509465
149,0.3493780421849648,0.20383424295875474,0.24886929030256646,0.17207734668902663,0.40562466197944835,0.1081329882144928,0.07276598690077662,0.0,0.07424173457548022,1.8110509481048211,"[0.6462953090667725, 0.7404001951217651, 0.6836127638816833, 0.7166035771369934]",1.3299,0.2861005949161709,0.31151974040021635,0.3488372093023256,0.37209302325581395,0.37047052460789615,0.37047052460789615,0.280151433207139
150,0.3958896700919416,0.2473748001218583,0.2545909540267165,0.18218541869145044,0.4159004867495944,0.10782241821289062,0.07274070801213384,0.0,0.07421440398320556,1.3499379619024694,"[0.6462953090667725, 0.7404001951217651, 0.6836127638816833, 0.7166035771369934]",0.9548,0.32017306652244454,0.3347755543537047,0.3623580313683072,0.3656030286641428,0.3948080043266631,0.3948080043266631,0.3163872363439697
151,0.3791238507301244,0.24303814350969077,0.2642335762703292,0.1929819706917365,0.45159545700378584,0.10501997917890549,0.07271790551021695,0.0,0.07412367640063167,1.2272612130036578,"[0.6462953090667725, 0.7404001951217651, 0.6836127638816833, 0.7166035771369934]",0.8893,0.39210383991346676,0.40075716603569495,0.4229313142239048,0.42184964845862627,0.4137371552190373,0.4137371552190373,0.3839913466738778
152,0.4229313142239048,0.29235479051849833,0.2939656236823847,0.22280640303924168,0.4883720930232558,0.1046353280544281,0.07269766228273511,0.0,0.0739124440588057,1.0300763580016792,"[0.6462953090667725, 0.7404001951217651, 0.6836127638816833, 0.7166035771369934]",0.8617,0.3196322336398053,0.33856138453217954,0.3699296917252569,0.3677663601946998,0.37425635478637104,0.37425635478637104,0.31260140616549487
153,0.4310438074634938,0.2963783424007408,0.28110052454718804,0.22107924781586674,0.4797187669010276,0.09979306906461716,0.07268081652000546,0.0,0.07397159188985825,1.0627024510176852,"[0.6462953090667725, 0.7404001951217651, 0.6836127638816833, 0.7166035771369934]",0.853,0.31314223904813415,0.34342888047593295,0.38615467820443483,0.3850730124391563,0.3623580313683072,0.3623580313683072,0.29908058409951327
154,0.3628988642509465,0.21334209756467537,0.24729431424512643,0.17078907898738832,0.40616549486208764,0.10209957510232925,0.07266025431454182,0.0,0.07384992949664593,1.328389334026724,"[0.6462953090667725, 0.7404001951217651, 0.6836127638816833, 0.7166035771369934]",1.2557,0.3645213628988643,0.3796646836127637,0.3802055164954029,0.40616549486208764,0.40886965927528396,0.40886965927528396,0.35803136830719307
155,0.4002163331530557,0.26584006553423445,0.2691322473044039,0.2032348167643784,0.4640346133044889,0.10512910038232803,0.07263435050845146,0.0,0.07387444097548723,1.4491005609743297,"[0.6462953090667725, 0.7404001951217651, 0.6836127638816833, 0.7166035771369934]",1.2572,0.31151974040021635,0.34451054624121147,0.38615467820443483,0.411032990805841,0.40508382909680907,0.40508382909680907,0.3034072471606274
156,0.34018388318009735,0.21543026334689885,0.2599688340829362,0.16676858586162996,0.43158464034613303,0.1047079935669899,0.07261745445430279,0.0,0.07394587201997638,1.3353632959770039,"[0.6462953090667725, 0.7404001951217651, 0.6836127638816833, 0.7166035771369934]",1.3047,0.3223363980530016,0.33910221741481883,0.3623580313683072,0.366143861546782,0.3672255273120606,0.3672255273120606,0.3180097349918875
157,0.37101135749053543,0.24389360579206887,0.26938599052479545,0.1878837326394225,0.45267712276906436,0.10796153545379639,0.07260410627350211,0.0,0.07439743960276246,1.267103470978327,"[0.6462953090667725, 0.7404001951217651, 0.6836127638816833, 0.7166035771369934]",1.2691,0.3472147106544078,0.3650621957815035,0.39048134126554895,0.3683071930773391,0.3802055164954029,0.3802055164954029,0.34126554894537586
158,0.3645213628988643,0.23561035593467827,0.2684776483670414,0.17189763530908805,0.44943212547322875,0.10837668180465698,0.0725622451864183,0.0,0.0739371869713068,1.185769269010052,"[0.6462953090667725, 0.7404001951217651, 0.6836127638816833, 0.7166035771369934]",0.8418,0.2920497566252028,0.3299080584099513,0.3628988642509465,0.3520822065981612,0.34613304488912927,0.34613304488912927,0.28069226608977826
159,0.36938885884261763,0.24586445782605726,0.27672832782865237,0.17506941710938867,0.44943212547322875,0.10809427499771118,0.07254969840869308,0.0,0.07399004092440009,1.0631615129532292,"[0.6462953090667725, 0.7404001951217651, 0.6836127638816833, 0.7166035771369934]",0.8725,0.2996214169821525,0.335316387236344,0.38777717685235263,0.38939967550027044,0.35803136830719307,0.35803136830719307,0.2877230935640887
160,0.35694970254191455,0.21291402405514892,0.2638492593516586,0.18197504721170116,0.4321254732287723,0.10499101877212524,0.0725396703928709,0.0,0.07401111908257008,1.1867892779409885,"[0.6462953090667725, 0.7404001951217651, 0.6836127638816833, 0.7166035771369934]",1.1766,0.3591130340724716,0.3910221741481882,0.41752298539751215,0.4418604651162791,0.45159545700378584,0.45159545700378584,0.34018388318009735
161,0.327203893996755,0.17655709652244267,0.24797850431555962,0.16234505024324555,0.3953488372093023,0.10420871526002884,0.07251433236524463,0.0,0.07399373594671488,1.0866926939925179,"[0.6462953090667725, 0.7404001951217651, 0.6836127638816833, 0.7166035771369934]",1.0614,0.34613304488912927,0.36127636560302867,0.3807463493780422,0.37209302325581395,0.37047052460789615,0.37047052460789615,0.3304488912925906
162,0.3818280151433207,0.25736605119216704,0.2779694294417117,0.17987595799766298,0.44835045970795023,0.11143739521503448,0.07256167661398649,0.0,0.07388358423486352,1.1055588939925656,"[0.6462953090667725, 0.7404001951217651, 0.6836127638816833, 0.7166035771369934]",0.9375,0.3531638723634397,0.38777717685235263,0.42022714981070847,0.43320713899405083,0.43645213628988644,0.43645213628988644,0.335316387236344
163,0.32828555976203355,0.21432879735196764,0.2800055087673042,0.15007834396598815,0.45321795565170364,0.10516928881406784,0.07252281345427036,0.0,0.07381758699193597,1.1600216359365731,"[0.6462953090667725, 0.7404001951217651, 0.6836127638816833, 0.7166035771369934]",0.8794,0.3477555435370471,0.3699296917252569,0.3866955110870741,0.4229313142239048,0.4337479718766901,0.4337479718766901,0.3331530557057869
164,0.327203893996755,0.183890668635604,0.2180920226205701,0.06956487169872515,0.38561384532179555,0.10812061280012131,0.072497324552387,0.0,0.07377002341672778,1.1038499230053276,"[0.6462953090667725, 0.7404001951217651, 0.6836127638816833, 0.7166035771369934]",0.8627,0.458085451595457,0.4672796106003245,0.4656571119524067,0.48025959978366684,0.4905354245538129,0.4905354245538129,0.4488912925905895
165,0.3672255273120606,0.2480949779155075,0.2763484583953911,0.16079565069878543,0.4440237966468361,0.10691042244434357,0.07246380625292659,0.0,0.07388388132676482,1.0435834319796413,"[0.6462953090667725, 0.7404001951217651, 0.6836127638816833, 0.7166035771369934]",0.8261,0.4094104921579232,0.42563547863710116,0.43482963764196864,0.439697133585722,0.44672796106003243,0.44672796106003243,0.38236884802596
166,0.30935640886965926,0.2003513319558663,0.2687888538067864,0.12497095806257444,0.43482963764196864,0.10444231331348419,0.0724360584281385,0.0,0.07381960889324546,1.0097774629248306,"[0.6462953090667725, 0.7404001951217651, 0.6836127638816833, 0.7166035771369934]",0.8875,0.4429421308815576,0.4602487831260141,0.4613304488912926,0.47268793942671716,0.4748512709572742,0.4748512709572742,0.42184964845862627
167,0.3958896700919416,0.2722057736315271,0.28923190274978333,0.16929570427504073,0.4429421308815576,0.10411296039819717,0.07241017371416092,0.0,0.0737711638212204,1.153931337990798,"[0.6462953090667725, 0.7404001951217651, 0.6836127638816833, 0.7166035771369934]",0.932,0.41644131963223363,0.4245538128718226,0.439697133585722,0.4451054624121147,0.4624121146565711,0.4624121146565711,0.4094104921579232
168,0.37209302325581395,0.24611263311270648,0.27087012322090626,0.1237048193883207,0.4305029745808545,0.1027221530675888,0.07237958395853639,0.0,0.07371771987527609,1.1815626720199361,"[0.6462953090667725, 0.7404001951217651, 0.6836127638816833, 0.7166035771369934]",0.9426,0.3510005408328826,0.37371552190373175,0.3866955110870741,0.40454299621416984,0.41644131963223363,0.41644131963223363,0.337479718766901
169,0.38994050838290967,0.25504291320456574,0.27801985010726826,0.2010703311379438,0.4353704705246079,0.10409538447856903,0.07235348876565695,0.0,0.0736688394099474,1.1501260380027816,"[0.6462953090667725, 0.7404001951217651, 0.6836127638816833, 0.7166035771369934]",0.8573,0.42130881557598704,0.4261763115197404,0.43591130340724715,0.413196322336398,0.411032990805841,0.411032990805841,0.4099513250405625
170,0.34288804759329367,0.22744662449470154,0.27705188036552414,0.14203632298281496,0.42996214169821523,0.10545115917921066,0.07232480216771364,0.0,0.07362547051161528,1.1364800439914688,"[0.6462953090667725, 0.7404001951217651, 0.6836127638816833, 0.7166035771369934]",0.9002,0.3342347214710654,0.3634396971335857,0.37533802055164955,0.38561384532179555,0.38831800973499186,0.38831800973499186,0.3180097349918875
171,0.3520822065981612,0.22224044128361298,0.2684970146192243,0.16904485142795653,0.43591130340724715,0.10604796558618546,0.07229545153677464,0.0,0.07354881754145026,1.1049002130748704,"[0.6462953090667725, 0.7404001951217651, 0.6836127638816833, 0.7166035771369934]",0.9333,0.4305029745808545,0.4488912925905895,0.4553812871822607,0.458085451595457,0.4753921038399135,0.4753921038399135,0.40616549486208764
172,0.366143861546782,0.24239326518340354,0.28857540248571967,0.17594628035585524,0.45267712276906436,0.10775719583034515,0.07227518549188972,0.0,0.07356536155566573,1.0669271340593696,"[0.6462953090667725, 0.7404001951217651, 0.6836127638816833, 0.7166035771369934]",0.8475,0.335316387236344,0.35965386695511087,0.3677663601946998,0.3829096809085992,0.40237966468361275,0.40237966468361275,0.3228772309356409
173,0.3439697133585722,0.22645402205887166,0.2848130500179007,0.1353327774090685,0.4434829637641969,0.10601598024368286,0.07224747305735946,0.0,0.0735114561393857,1.2321855660993606,"[0.6462953090667725, 0.7404001951217651, 0.6836127638816833, 0.7166035771369934]",0.9982,0.4261763115197404,0.4337479718766901,0.43915630070308276,0.45375878853434287,0.4716062736614386,0.4716062736614386,0.41644131963223363
174,0.40237966468361275,0.27742504303135984,0.2850212729564261,0.18152171939912945,0.44835045970795023,0.1045166403055191,0.07222287356853485,0.0,0.07345583802089095,1.0614252949599177,"[0.6462953090667725, 0.7404001951217651, 0.6836127638816833, 0.7166035771369934]",0.9824,0.37209302325581395,0.3758788534342888,0.38561384532179555,0.4034613304488913,0.42239048134126556,0.42239048134126556,0.35803136830719307
175,0.3953488372093023,0.2667203719213037,0.268878009858288,0.1711137983334604,0.4234721471065441,0.10602309554815292,0.07219732226803899,0.0,0.07344731828197837,1.0787777230143547,"[0.6462953090667725, 0.7404001951217651, 0.6836127638816833, 0.7166035771369934]",1.4384,0.37479718766901027,0.3969713358572201,0.3958896700919416,0.38236884802596,0.40454299621416984,0.40454299621416984,0.3628988642509465
176,0.3650621957815035,0.2378927796410587,0.279461772631683,0.16466014259876388,0.4440237966468361,0.10642346739768982,0.07216982310637832,0.0,0.07347187958657742,1.1583163869800046,"[0.6462953090667725, 0.7404001951217651, 0.6836127638816833, 0.7166035771369934]",1.0287,0.3699296917252569,0.392644672796106,0.40670632774472687,0.4337479718766901,0.4413196322336398,0.4413196322336398,0.3482963764196863
177,0.40562466197944835,0.2777238493366919,0.2776747641047223,0.19846063176343084,0.43753380205516496,0.10522450506687164,0.07215267699211836,0.0,0.07347342791035771,1.2465610440121964,"[0.6462953090667725, 0.7404001951217651, 0.6836127638816833, 0.7166035771369934]",1.0992,0.3591130340724716,0.3807463493780422,0.3931855056787453,0.38561384532179555,0.39372633856138456,0.39372633856138456,0.3488372093023256
178,0.3785830178474851,0.25316880205098147,0.2384078402595308,0.13708731611876138,0.3975121687398594,0.10720686614513397,0.07212044112384319,0.0,0.07350072544068098,1.494048116961494,"[0.6462953090667725, 0.7404001951217651, 0.6836127638816833, 0.7166035771369934]",1.0559,0.3985938345051379,0.4121146565711195,0.4234721471065441,0.43158464034613303,0.43266630611141155,0.43266630611141155,0.3839913466738778
179,0.3228772309356409,0.20732876118967047,0.230222355247002,0.10166745864295514,0.40129799891833423,0.107337087392807,0.07213599374517798,0.0,0.07347161509096622,1.0285785739542916,"[0.6462953090667725, 0.7404001951217651, 0.6836127638816833, 0.7166035771369934]",0.8913,0.37696051919956736,0.3975121687398594,0.4126554894537588,0.41481882098431583,0.42184964845862627,0.42184964845862627,0.37047052460789615
180,0.3488372093023256,0.23337691841210728,0.25433507022300944,0.12854332759818005,0.4229313142239048,0.10791461169719696,0.07211288344115019,0.0,0.07342962874099612,1.4159894780023023,"[0.6462953090667725, 0.7404001951217651, 0.6836127638816833, 0.7166035771369934]",1.1359,0.37371552190373175,0.38615467820443483,0.39372633856138456,0.4034613304488913,0.4104921579232017,0.4104921579232017,0.363980530016225
181,0.33098972417522987,0.2176028104838985,0.2456959338264646,0.11730695761380674,0.41752298539751215,0.10734286904335022,0.07208894565701485,0.0,0.07338323909789324,1.1363837049575523,"[0.6462953090667725, 0.7404001951217651, 0.6836127638816833, 0.7166035771369934]",0.9113,0.3791238507301244,0.38561384532179555,0.3866955110870741,0.3802055164954029,0.4083288263926447,0.4083288263926447,0.37047052460789615
182,0.3488372093023256,0.23206286457417047,0.25234054946850354,0.11997135235668775,0.4186046511627907,0.10801137238740921,0.07206807937473059,0.0,0.07333127176389098,1.0423153539886698,"[0.6462953090667725, 0.7404001951217651, 0.6836127638816833, 0.7166035771369934]",0.9932,0.3650621957815035,0.38885884261763115,0.41644131963223363,0.42563547863710116,0.4272579772850189,0.4272579772850189,0.3499188750676041
183,0.3526230394808004,0.22978334086177854,0.24173307969846544,0.09901116187650347,0.3910221741481882,0.1081971675157547,0.07204665802419186,0.0,0.07329088635742664,1.2093513120198622,"[0.6462953090667725, 0.7404001951217651, 0.6836127638816833, 0.7166035771369934]",0.8727,0.37641968631692807,0.40237966468361275,0.41644131963223363,0.41752298539751215,0.3991346673877772,0.3991346673877772,0.3510005408328826
184,0.35370470524607894,0.22356051280627653,0.24081746646911403,0.13717591610054808,0.411032990805841,0.10826309025287628,0.07202221313491464,0.0,0.07331406604498625,1.0056033580331132,"[0.6462953090667725, 0.7404001951217651, 0.6836127638816833, 0.7166035771369934]",0.8538,0.4440237966468361,0.45267712276906436,0.46187128177393183,0.4780962682531098,0.476473769605192,0.476473769605192,0.43645213628988644
185,0.32666306111411575,0.2078920891233016,0.2233702061926295,0.0709972547442252,0.38453217955651703,0.10870584845542908,0.07199795264750719,0.0,0.07329188054427505,1.0041949400911108,"[0.6462953090667725, 0.7404001951217651, 0.6836127638816833, 0.7166035771369934]",1.009,0.363980530016225,0.3634396971335857,0.37533802055164955,0.37263385613845323,0.3775013520822066,0.3775013520822066,0.35532720389399675
186,0.36127636560302867,0.23570064044274486,0.24122316477313316,0.10752779975669247,0.38453217955651703,0.10760744661092758,0.07197564840316772,0.0,0.07332702819257975,1.151087480946444,"[0.6462953090667725, 0.7404001951217651, 0.6836127638816833, 0.7166035771369934]",1.0606,0.3850730124391563,0.4077879935100054,0.4234721471065441,0.4277988101676582,0.4310438074634938,0.4310438074634938,0.3672255273120606
187,0.3174689021092482,0.1998028859986304,0.21861498521813752,0.05588488277662425,0.37696051919956736,0.11220154166221619,0.07194731663912535,0.0,0.07321392046287656,1.06073663092684,"[0.6462953090667725, 0.7404001951217651, 0.6836127638816833, 0.7166035771369934]",1.0029,0.3683071930773391,0.37101135749053543,0.3780421849648459,0.3807463493780422,0.392644672796106,0.392644672796106,0.35857220118983235
188,0.31422390481341267,0.1976556602062487,0.22347175093087418,0.06471564448975639,0.38831800973499186,0.11000768095254898,0.07192281633615494,0.0,0.07315050950273871,1.3027029000222683,"[0.6462953090667725, 0.7404001951217651, 0.6836127638816833, 0.7166035771369934]",0.9971,0.3975121687398594,0.4002163331530557,0.40616549486208764,0.40292049756625203,0.4104921579232017,0.4104921579232017,0.40075716603569495
189,0.2682531097890752,0.14924933074336455,0.21226544675414544,0.032169192066985965,0.34613304488912927,0.11186666786670685,0.07189922966063023,0.0,0.07308200467377901,0.995217276038602,"[0.6462953090667725, 0.7404001951217651, 0.6836127638816833, 0.7166035771369934]",0.903,0.3964305029745809,0.3931855056787453,0.3969713358572201,0.3866955110870741,0.38994050838290967,0.38994050838290967,0.39156300703082747
190,0.34288804759329367,0.22265897353829123,0.24256561112087383,0.13022374308789486,0.42022714981070847,0.10936187952756882,0.0718787801451981,0.0,0.07310117594897747,1.075605782913044,"[0.6462953090667725, 0.7404001951217651, 0.6836127638816833, 0.7166035771369934]",1.0365,0.3623580313683072,0.38885884261763115,0.3980530016224986,0.4186046511627907,0.43266630611141155,0.43266630611141155,0.34613304488912927
191,0.31260140616549487,0.19122762701085017,0.22276456758486018,0.060874972552546876,0.35803136830719307,0.11080630123615265,0.07187263993546367,0.0,0.07328832149505615,1.306471807998605,"[0.6462953090667725, 0.7404001951217651, 0.6836127638816833, 0.7166035771369934]",1.0074,0.3531638723634397,0.3807463493780422,0.39210383991346676,0.41644131963223363,0.4245538128718226,0.4245538128718226,0.33693888588426174
192,0.37425635478637104,0.24929422618239272,0.24199157715128763,0.13661653280136346,0.39967550027041643,0.10920712351799011,0.07184463879093528,0.0,0.07333396375179291,1.2569620899157599,"[0.6462953090667725, 0.7404001951217651, 0.6836127638816833, 0.7166035771369934]",1.0931,0.3931855056787453,0.3964305029745809,0.39967550027041643,0.4094104921579232,0.4229313142239048,0.4229313142239048,0.38561384532179555
193,0.35749053542455383,0.2239924427465274,0.23725952874432057,0.13702548431538636,0.3958896700919416,0.10772839188575745,0.071810700930655,0.0,0.073788205627352,1.3858024489600211,"[0.6462953090667725, 0.7404001951217651, 0.6836127638816833, 0.7166035771369934]",0.9844,0.38723634396971335,0.3985938345051379,0.40562466197944835,0.4142779881016766,0.42239048134126556,0.42239048134126556,0.37371552190373175
194,0.34180638182801515,0.22596784418591775,0.23692586838475582,0.09441340615790123,0.4018388318009735,0.10728426277637482,0.07178422762081027,0.0,0.07315781246870756,1.0657804569927976,"[0.6462953090667725, 0.7404001951217651, 0.6836127638816833, 0.7166035771369934]",0.9785,0.41752298539751215,0.42130881557598704,0.42996214169821523,0.45213628988642507,0.44672796106003243,0.44672796106003243,0.4126554894537588
195,0.33856138453217954,0.20270252164837954,0.2285125726384499,0.13256055550445955,0.37533802055164955,0.10907363891601562,0.07179227005690336,0.0,0.07330920919775963,1.1619893820025027,"[0.6462953090667725, 0.7404001951217651, 0.6836127638816833, 0.7166035771369934]",1.031,0.4488912925905895,0.4553812871822607,0.4602487831260141,0.4748512709572742,0.4797187669010276,0.4797187669010276,0.43699296917252567
196,0.2866414277988102,0.17864843110642603,0.23757908540333433,0.07921314575732806,0.4104921579232017,0.110196053981781,0.07176662795245647,0.0,0.0732823284342885,1.0612118650460616,"[0.6462953090667725, 0.7404001951217651, 0.6836127638816833, 0.7166035771369934]",0.9275,0.3834505137912385,0.38939967550027044,0.3975121687398594,0.40616549486208764,0.41481882098431583,0.41481882098431583,0.37533802055164955
197,0.2861005949161709,0.17503402036557447,0.2442854896551948,0.08633895782694977,0.42184964845862627,0.10897736251354218,0.07174245920032263,0.0,0.07319487165659666,1.3253525339532644,"[0.6462953090667725, 0.7404001951217651, 0.6836127638816833, 0.7166035771369934]",0.9046,0.3699296917252569,0.38236884802596,0.38453217955651703,0.3953488372093023,0.40075716603569495,0.40075716603569495,0.3591130340724716
198,0.3055705786911844,0.1991596647159365,0.25375187937945237,0.10007257003550156,0.42563547863710116,0.10781247168779373,0.07172212656587362,0.0,0.07311668386682868,1.1889516459777951,"[0.6462953090667725, 0.7404001951217651, 0.6836127638816833, 0.7166035771369934]",0.8491,0.411032990805841,0.43482963764196864,0.447809626825311,0.45484045429962144,0.46511627906976744,0.46511627906976744,0.38939967550027044
199,0.35370470524607894,0.23885324098522565,0.2657545862710295,0.15684358700005757,0.44997295835586804,0.10677380114793777,0.07170645473524928,0.0,0.07309864182025194,0.9998979159863666,"[0.6462953090667725, 0.7404001951217651, 0.6836127638816833, 0.7166035771369934]",0.952,0.43807463493780424,0.44672796106003243,0.46619794483504595,0.48458626284478096,0.4808004326663061,0.4808004326663061,0.4234721471065441
200,0.3699296917252569,0.24607450967902034,0.25822805165309154,0.15572059725133072,0.4305029745808545,0.10654520988464355,0.07168079167604446,0.0,0.07305973209440708,1.139409112976864,"[0.6462953090667725, 0.7404001951217651, 0.6836127638816833, 0.7166035771369934]",1.0856,0.37317468902109246,0.3931855056787453,0.4002163331530557,0.40886965927528396,0.42076798269334775,0.42076798269334775,0.35749053542455383
201,0.30827474310438074,0.19969359960229538,0.23853153926848367,0.09089875373469015,0.4104921579232017,0.10802921652793884,0.07167191011831164,0.0,0.07305708574131131,1.0950754140503705,"[0.6462953090667725, 0.7404001951217651, 0.6836127638816833, 0.7166035771369934]",1.0047,0.4451054624121147,0.45213628988642507,0.4629529475392104,0.4732287723093564,0.47106544077879936,0.47106544077879936,0.4283396430502975
202,0.3017847485127096,0.16057279380632672,0.2153923420249432,0.10328581240949677,0.35749053542455383,0.10984323918819427,0.07164769573137164,0.0,0.0729978196322918,1.0134984470205382,"[0.6462953090667725, 0.7404001951217651, 0.6836127638816833, 0.7166035771369934]",0.8622,0.3785830178474851,0.3991346673877772,0.3964305029745809,0.38453217955651703,0.4018388318009735,0.4018388318009735,0.3666846944294213
203,0.3326122228231477,0.20759472921263955,0.23251801551173212,0.10125262954901731,0.3958896700919416,0.11114487051963806,0.07163945259526372,0.0,0.07294695219025016,1.0788770229555666,"[0.6462953090667725, 0.7404001951217651, 0.6836127638816833, 0.7166035771369934]",1.1563,0.3834505137912385,0.4094104921579232,0.42563547863710116,0.44997295835586804,0.4505137912385073,0.4505137912385073,0.37155219037317466
204,0.2704164413196322,0.16420123498323902,0.2294024460680297,0.06400318100816763,0.3991346673877772,0.11125349998474121,0.0716182291507721,0.0,0.07288090279325843,1.3906535709975287,"[0.6462953090667725, 0.7404001951217651, 0.6836127638816833, 0.7166035771369934]",0.864,0.37155219037317466,0.3958896700919416,0.411032990805841,0.43753380205516496,0.4413196322336398,0.4413196322336398,0.3547863710113575
205,0.3120605732828556,0.17984104749221397,0.24617500197131212,0.1248388856467668,0.37425635478637104,0.10855786502361298,0.07160560600459576,0.0,0.07291543018072844,1.0140283700311556,"[0.6462953090667725, 0.7404001951217651, 0.6836127638816833, 0.7166035771369934]",1.1195,0.4267171444023797,0.43915630070308276,0.4461871281773932,0.46349378042184963,0.46187128177393183,0.46187128177393183,0.4077879935100054
206,0.366143861546782,0.24014666697990783,0.256962914230018,0.1324016844359399,0.4245538128718226,0.1091223731637001,0.07158822193741798,0.0,0.07285513868555427,1.1394436859991401,"[0.6462953090667725, 0.7404001951217651, 0.6836127638816833, 0.7166035771369934]",0.8209,0.4808004326663061,0.4770146024878313,0.48674959437533805,0.49864791779340184,0.5024337479718767,0.5024337479718767,0.48134126554894535
207,0.32936722552731207,0.19155946274155244,0.2450235783948755,0.14723891443261597,0.39156300703082747,0.10871492326259613,0.07156839361414313,0.0,0.0728669767268002,0.9853283959673718,"[0.6462953090667725, 0.7404001951217651, 0.6836127638816833, 0.7166035771369934]",0.8219,0.41806381828015143,0.4261763115197404,0.4305029745808545,0.43645213628988644,0.45484045429962144,0.45484045429962144,0.4115738236884803
208,0.3499188750676041,0.20964388246033716,0.24952377135540998,0.16689184130348114,0.39967550027041643,0.10866563022136688,0.07155459746718407,0.0,0.07292645238339901,1.0835954420035705,"[0.6462953090667725, 0.7404001951217651, 0.6836127638816833, 0.7166035771369934]",0.8498,0.3683071930773391,0.37317468902109246,0.3796646836127637,0.3931855056787453,0.3948080043266631,0.3948080043266631,0.3466738777717685
209,0.337479718766901,0.206977887356391,0.25978059203504855,0.12253653168532364,0.4099513250405625,0.10946781188249588,0.07152910716831684,0.0,0.07272893143817782,1.145681275986135,"[0.6462953090667725, 0.7404001951217651, 0.6836127638816833, 0.7166035771369934]",0.8667,0.363980530016225,0.3683071930773391,0.37047052460789615,0.38994050838290967,0.39967550027041643,0.39967550027041643,0.3531638723634397
210,0.37371552190373175,0.25450894686613346,0.2634264539811682,0.160947588425799,0.43158464034613303,0.1099768728017807,0.07152662705630064,0.0,0.07309300964698195,1.0385834228945896,"[0.6462953090667725, 0.7404001951217651, 0.6836127638816833, 0.7166035771369934]",0.878,0.4564629529475392,0.4570037858301785,0.4624121146565711,0.46890210924824227,0.48188209843158464,0.48188209843158464,0.43861546782044347
211,0.3180097349918875,0.20932851612413161,0.26542305703990826,0.11851682488307975,0.43753380205516496,0.10837780684232712,0.07151320250704885,0.0,0.0729825240559876,1.043670076993294,"[0.6462953090667725, 0.7404001951217651, 0.6836127638816833, 0.7166035771369934]",0.8137,0.3791238507301244,0.3931855056787453,0.3953488372093023,0.38939967550027044,0.4104921579232017,0.4104921579232017,0.3683071930773391
212,0.337479718766901,0.20473034511864296,0.26296476449132644,0.16458559849077672,0.38615467820443483,0.10678841173648834,0.07150428742170334,0.0,0.07287039421498775,1.0973631660453975,"[0.6462953090667725, 0.7404001951217651, 0.6836127638816833, 0.7166035771369934]",1.0719,0.36884802595997834,0.37696051919956736,0.3802055164954029,0.38777717685235263,0.40508382909680907,0.40508382909680907,0.35803136830719307
213,0.3493780421849648,0.2098557252545633,0.2456125758050817,0.16079629330500472,0.38885884261763115,0.1081637516617775,0.07148601114749908,0.0,0.0729395397938788,1.0479778819717467,"[0.6462953090667725, 0.7404001951217651, 0.6836127638816833, 0.7166035771369934]",1.1601,0.38236884802596,0.3802055164954029,0.38615467820443483,0.3758788534342888,0.3802055164954029,0.3802055164954029,0.3785830178474851
214,0.429421308815576,0.3081893609060554,0.31248829860519317,0.22602659816293488,0.4932395889670092,0.10918352007865906,0.07146552111953497,0.0,0.07291101105511189,1.151733897975646,"[0.6462953090667725, 0.7404001951217651, 0.6836127638816833, 0.7166035771369934]",0.9489,0.42076798269334775,0.43645213628988644,0.4429421308815576,0.46511627906976744,0.4672796106003245,0.4672796106003245,0.40508382909680907
215,0.37317468902109246,0.24562412633015196,0.29071444995488394,0.16598015678288358,0.43699296917252567,0.1070568785071373,0.07148334942758083,0.0,0.07310427911579609,1.0456682560034096,"[0.6462953090667725, 0.7404001951217651, 0.6836127638816833, 0.7166035771369934]",0.9215,0.4099513250405625,0.4245538128718226,0.43320713899405083,0.4445646295294754,0.4434829637641969,0.4434829637641969,0.3985938345051379
216,0.40886965927528396,0.27326526597942435,0.29344592729963215,0.20339778544308892,0.4288804759329367,0.10836821794509888,0.07145700277760625,0.0,0.07302694255486131,1.043252170085907,"[0.6462953090667725, 0.7404001951217651, 0.6836127638816833, 0.7166035771369934]",0.9441,0.3910221741481882,0.4115738236884803,0.42184964845862627,0.43158464034613303,0.43861546782044347,0.43861546782044347,0.3791238507301244
217,0.3666846944294213,0.24331084422403837,0.3015600298207197,0.21528002465954987,0.4640346133044889,0.11070358008146286,0.07142998045310378,0.0,0.07316791918128729,1.216327513102442,"[0.6462953090667725, 0.7404001951217651, 0.6836127638816833, 0.7166035771369934]",1.3813,0.34234721471065443,0.3677663601946998,0.3910221741481882,0.4018388318009735,0.4002163331530557,0.4002163331530557,0.32666306111411575
218,0.3807463493780422,0.25523857567308395,0.28366672627238715,0.19923388875026402,0.46944294213088156,0.11015984416007996,0.07141136145219207,0.0,0.0730999275110662,1.3421606119954959,"[0.6462953090667725, 0.7404001951217651, 0.6836127638816833, 0.7166035771369934]",1.2122,0.3791238507301244,0.4083288263926447,0.44077879935100056,0.4607896160086533,0.447809626825311,0.447809626825311,0.35965386695511087
219,0.40400216333153055,0.2693403042984033,0.28658086153093415,0.21072116735291083,0.43861546782044347,0.11123277246952057,0.07139054266735911,0.0,0.07303631212562323,1.3324083040934056,"[0.6462953090667725, 0.7404001951217651, 0.6836127638816833, 0.7166035771369934]",1.2859,0.3223363980530016,0.335316387236344,0.3488372093023256,0.35586803677663603,0.3526230394808004,0.3526230394808004,0.3180097349918875
220,0.3531638723634397,0.2272281884729519,0.2731453440328467,0.16736372428434307,0.4305029745808545,0.11367130279541016,0.0713525740429759,0.0,0.0730612464249134,1.308510608971119,"[0.6462953090667725, 0.7404001951217651, 0.6836127638816833, 0.7166035771369934]",0.9223,0.3591130340724716,0.363980530016225,0.37696051919956736,0.3775013520822066,0.3666846944294213,0.3666846944294213,0.3504597079502434
221,0.3839913466738778,0.2519928992973174,0.275366746013093,0.19346214331745154,0.44672796106003243,0.11121398955583572,0.07135005947202444,0.0,0.07289850618690252,1.0508693869924173,"[0.6462953090667725, 0.7404001951217651, 0.6836127638816833, 0.7166035771369934]",0.8533,0.35965386695511087,0.37101135749053543,0.3802055164954029,0.38236884802596,0.3980530016224986,0.3980530016224986,0.3488372093023256
222,0.35965386695511087,0.2411926899647323,0.2634995395590423,0.18197491285588724,0.4418604651162791,0.11647656559944153,0.07133792107924819,0.0,0.07272025616839528,1.0432078859303147,"[0.6462953090667725, 0.7404001951217651, 0.6836127638816833, 0.7166035771369934]",0.8692,0.3493780421849648,0.3634396971335857,0.37317468902109246,0.3818280151433207,0.39210383991346676,0.39210383991346676,0.3320713899405084
223,0.33964305029745806,0.21898185961988126,0.25842070655772303,0.16059276389721777,0.4505137912385073,0.11575554311275482,0.07132456079125404,0.0,0.07268358580768108,0.9984809519955888,"[0.6462953090667725, 0.7404001951217651, 0.6836127638816833, 0.7166035771369934]",0.8419,0.35370470524607894,0.3672255273120606,0.3796646836127637,0.38777717685235263,0.3829096809085992,0.3829096809085992,0.33964305029745806
224,0.3812871822606814,0.2503311079899362,0.2603863906024699,0.1835429233330436,0.439697133585722,0.11392670124769211,0.07130785146728158,0.0,0.07269565900787711,0.9889811009634286,"[0.6462953090667725, 0.7404001951217651, 0.6836127638816833, 0.7166035771369934]",0.8258,0.37263385613845323,0.40075716603569495,0.429421308815576,0.44997295835586804,0.43158464034613303,0.43158464034613303,0.3526230394808004
225,0.40237966468361275,0.27337069476906706,0.2873539055150325,0.20659406764599542,0.4716062736614386,0.11038687825202942,0.07129200035706162,0.0,0.07275739405304193,0.995121099986136,"[0.6462953090667725, 0.7404001951217651, 0.6836127638816833, 0.7166035771369934]",0.8735,0.4321254732287723,0.45159545700378584,0.46836127636560304,0.46890210924824227,0.4597079502433748,0.4597079502433748,0.4169821525148729
226,0.38994050838290967,0.25750347365734194,0.29119055175154346,0.20299847414653885,0.4461871281773932,0.11024245619773865,0.07127777254208922,0.0,0.07272174675017595,1.1018653510836884,"[0.6462953090667725, 0.7404001951217651, 0.6836127638816833, 0.7166035771369934]",0.919,0.34342888047593295,0.37101135749053543,0.3953488372093023,0.40670632774472687,0.38236884802596,0.38236884802596,0.32774472687939427
227,0.36884802595997834,0.23179950727692178,0.252005662250177,0.1844014733212907,0.44077879935100056,0.1103082075715065,0.07126351585611701,0.0,0.07273123366758227,1.285178413032554,"[0.6462953090667725, 0.7404001951217651, 0.6836127638816833, 0.7166035771369934]",1.0263,0.3969713358572201,0.40075716603569495,0.3985938345051379,0.38723634396971335,0.3850730124391563,0.3850730124391563,0.38831800973499186
228,0.35370470524607894,0.23197364131020393,0.2511919380020487,0.17577308383753015,0.43266630611141155,0.10970179736614227,0.07125377282500267,0.0,0.07270181179046631,1.018456993973814,"[0.6462953090667725, 0.7404001951217651, 0.6836127638816833, 0.7166035771369934]",0.8861,0.37533802055164955,0.40454299621416984,0.4272579772850189,0.4488912925905895,0.4434829637641969,0.4434829637641969,0.36019469983775015
229,0.35640886965927526,0.23154751510494886,0.25814429409173234,0.16944856733426109,0.42401297998918336,0.11247769743204117,0.0712364949285984,0.0,0.0726838712580502,1.2466574989957735,"[0.6462953090667725, 0.7404001951217651, 0.6836127638816833, 0.7166035771369934]",0.8776,0.35532720389399675,0.37371552190373175,0.38831800973499186,0.39048134126554895,0.3839913466738778,0.3839913466738778,0.3347755543537047
230,0.413196322336398,0.28719338245822734,0.2875750193846846,0.2075426532583172,0.4926987560843699,0.11243273317813873,0.07122182101011276,0.0,0.07273605326190591,1.0640776860527694,"[0.6462953090667725, 0.7404001951217651, 0.6836127638816833, 0.7166035771369934]",1.2558,0.37696051919956736,0.37479718766901027,0.3834505137912385,0.38831800973499186,0.37479718766901027,0.37479718766901027,0.3699296917252569
231,0.3677663601946998,0.2498649988061592,0.28201551974147354,0.18581436803724619,0.4791779340183883,0.11221101135015488,0.07120423810556531,0.0,0.07267620600759983,1.3614704030333087,"[0.6462953090667725, 0.7404001951217651, 0.6836127638816833, 0.7166035771369934]",1.4757,0.3466738777717685,0.3618171984856679,0.37263385613845323,0.3791238507301244,0.37101135749053543,0.37101135749053543,0.33856138453217954
232,0.3931855056787453,0.25632236648719187,0.2794879439274022,0.1977330470653509,0.4645754461871282,0.1112372875213623,0.07119958661496639,0.0,0.07278270646929741,1.1470252050785348,"[0.6462953090667725, 0.7404001951217651, 0.6836127638816833, 0.7166035771369934]",0.9158,0.40886965927528396,0.40724716062736616,0.4083288263926447,0.40886965927528396,0.4083288263926447,0.4083288263926447,0.40562466197944835
233,0.40616549486208764,0.2703041917751696,0.2830950322770602,0.21103195108779899,0.4775554353704705,0.11068277806043625,0.07118756091222167,0.0,0.07261056592687964,0.905995088047348,"[0.6462953090667725, 0.7404001951217651, 0.6836127638816833, 0.7166035771369934]",1.0528,0.337479718766901,0.35640886965927526,0.37641968631692807,0.38885884261763115,0.3948080043266631,0.3948080043266631,0.33693888588426174
234,0.3791238507301244,0.2519288105726871,0.2718655009460437,0.20138227548271825,0.45592212006489996,0.11127933859825134,0.07118924474343657,0.0,0.07248411979526281,0.9974815549794585,"[0.6462953090667725, 0.7404001951217651, 0.6836127638816833, 0.7166035771369934]",0.9265,0.4094104921579232,0.429421308815576,0.4413196322336398,0.4553812871822607,0.45105462412114655,0.45105462412114655,0.3948080043266631
235,0.2996214169821525,0.17951275608369577,0.26814638092982784,0.15936332885319615,0.4402379664683613,0.11036355793476105,0.07117422018200159,0.0,0.07250076485797763,1.0757427819771692,"[0.6462953090667725, 0.7404001951217651, 0.6836127638816833, 0.7166035771369934]",0.9273,0.30773391022174146,0.32504056246619795,0.3504597079502434,0.35640886965927526,0.35965386695511087,0.35965386695511087,0.3028664142779881
236,0.37047052460789615,0.22644380723310753,0.26494541086092027,0.19521126902467983,0.43699296917252567,0.11429741233587265,0.07116164220497012,0.0,0.07277050195261836,0.9818966289749369,"[0.6462953090667725, 0.7404001951217651, 0.6836127638816833, 0.7166035771369934]",0.8799,0.4267171444023797,0.4434829637641969,0.44997295835586804,0.458085451595457,0.4456462952947539,0.4456462952947539,0.413196322336398
237,0.35857220118983235,0.22408399045228522,0.2574758445001967,0.17458121352698733,0.43753380205516496,0.11360061168670654,0.07114243227988482,0.0,0.07264234311878681,1.040716461953707,"[0.6462953090667725, 0.7404001951217651, 0.6836127638816833, 0.7166035771369934]",0.9875,0.3791238507301244,0.40237966468361275,0.42239048134126556,0.43320713899405083,0.4277988101676582,0.4277988101676582,0.3628988642509465
238,0.366143861546782,0.23084884511689396,0.2526165698363113,0.17275268725069862,0.43320713899405083,0.11319291591644287,0.07112996047362685,0.0,0.07260899059474468,1.1531760479556397,"[0.6462953090667725, 0.7404001951217651, 0.6836127638816833, 0.7166035771369934]",1.2498,0.43158464034613303,0.4456462952947539,0.45429962141698216,0.4586262844780963,0.4607896160086533,0.4607896160086533,0.4121146565711195
239,0.3672255273120606,0.22513642216638596,0.26583941488734714,0.18668374954959713,0.42996214169821523,0.11379948258399963,0.07111953012645245,0.0,0.07261721231043339,1.345185435959138,"[0.6462953090667725, 0.7404001951217651, 0.6836127638816833, 0.7166035771369934]",0.903,0.3807463493780422,0.3948080043266631,0.40075716603569495,0.39967550027041643,0.4034613304488913,0.4034613304488913,0.37047052460789615
240,0.3531638723634397,0.21717552171684418,0.2614285145083448,0.1700859657390551,0.447809626825311,0.11526241153478622,0.07110538566485047,0.0,0.0725834658369422,1.0912953780498356,"[0.6462953090667725, 0.7404001951217651, 0.6836127638816833, 0.7166035771369934]",0.881,0.41481882098431583,0.42401297998918336,0.4337479718766901,0.4418604651162791,0.44835045970795023,0.44835045970795023,0.4002163331530557
241,0.37155219037317466,0.24452461448932905,0.2656202009459654,0.19029254862007938,0.45484045429962144,0.11966893821954727,0.07109909551218152,0.0,0.07256166357547045,1.0306587639497593,"[0.6462953090667725, 0.7404001951217651, 0.6836127638816833, 0.7166035771369934]",1.1121,0.335316387236344,0.3628988642509465,0.3812871822606814,0.40129799891833423,0.36884802595997834,0.36884802595997834,0.32612222823147646
242,0.41914548404542995,0.29061428326474625,0.26493050017967773,0.22274154958214876,0.47863710113574903,0.11820277571678162,0.07109497301280499,0.0,0.0725389625877142,1.008290113066323,"[0.6462953090667725, 0.7404001951217651, 0.6836127638816833, 0.7166035771369934]",0.7829,0.3504597079502434,0.3547863710113575,0.3623580313683072,0.3666846944294213,0.3866955110870741,0.3866955110870741,0.34234721471065443
243,0.35965386695511087,0.2276445624521296,0.27886358958875435,0.18827992155362092,0.48674959437533805,0.11400087177753448,0.07108995970338583,0.0,0.07247758749872446,1.0506885730428621,"[0.6462953090667725, 0.7404001951217651, 0.6836127638816833, 0.7166035771369934]",1.1299,0.3510005408328826,0.37101135749053543,0.3910221741481882,0.40292049756625203,0.4169821525148729,0.4169821525148729,0.3331530557057869
244,0.327203893996755,0.2072773892934563,0.27050371482637214,0.18529608635148723,0.45429962141698216,0.11182446777820587,0.07107623666524887,0.0,0.07248214166611433,0.9713699609274045,"[0.6462953090667725, 0.7404001951217651, 0.6836127638816833, 0.7166035771369934]",1.1381,0.3342347214710654,0.33964305029745806,0.3515413737155219,0.37209302325581395,0.3363980530016225,0.3363980530016225,0.32774472687939427
245,0.3472147106544078,0.23628090304441451,0.26731300152587345,0.16896434168531338,0.46511627906976744,0.11780089884996414,0.07107506552711129,0.0,0.0724044400267303,1.2108946229564026,"[0.6462953090667725, 0.7404001951217651, 0.6836127638816833, 0.7166035771369934]",0.9244,0.3645213628988643,0.363980530016225,0.37317468902109246,0.3866955110870741,0.3591130340724716,0.3591130340724716,0.35424553812871823
246,0.3466738777717685,0.23368819753459158,0.26841747350640277,0.17758752022575452,0.4607896160086533,0.11869491636753082,0.0710601881146431,0.0,0.07243979210034013,1.04017183103133,"[0.6462953090667725, 0.7404001951217651, 0.6836127638816833, 0.7166035771369934]",0.877,0.3288263926446728,0.34451054624121147,0.3785830178474851,0.3931855056787453,0.3683071930773391,0.3683071930773391,0.3180097349918875
247,0.366143861546782,0.2508266901383861,0.27124446722389006,0.19370603315889906,0.4656571119524067,0.11362117528915405,0.071048469748348,0.0,0.07235682290047407,0.9779634319711477,"[0.6462953090667725, 0.7404001951217651, 0.6836127638816833, 0.7166035771369934]",0.8331,0.3493780421849648,0.3829096809085992,0.40400216333153055,0.4186046511627907,0.4159004867495944,0.4159004867495944,0.3326122228231477
248,0.3628988642509465,0.24635612142190588,0.2626348693439799,0.19116540537054794,0.4570037858301785,0.10982635617256165,0.07103938655927777,0.0,0.07229510927572846,0.9610841469839215,"[0.6462953090667725, 0.7404001951217651, 0.6836127638816833, 0.7166035771369934]",0.8628,0.3504597079502434,0.3785830178474851,0.38994050838290967,0.4186046511627907,0.42239048134126556,0.42239048134126556,0.335316387236344
249,0.3628988642509465,0.22681900342622818,0.26624644853263324,0.17935987594799227,0.45105462412114655,0.1121419221162796,0.0710318572819233,0.0,0.07225061813369393,0.9866416929289699,"[0.6462953090667725, 0.7404001951217651, 0.6836127638816833, 0.7166035771369934]",0.8447,0.3807463493780422,0.4083288263926447,0.41806381828015143,0.4261763115197404,0.45105462412114655,0.45105462412114655,0.3683071930773391
250,0.38777717685235263,0.2551057231503342,0.26878328340502466,0.19393969542903988,0.4418604651162791,0.11251631379127502,0.07102829404175282,0.0,0.07232205849140882,0.9856072089169174,"[0.6462953090667725, 0.7404001951217651, 0.6836127638816833, 0.7166035771369934]",1.2383,0.3807463493780422,0.4121146565711195,0.4261763115197404,0.4321254732287723,0.42401297998918336,0.42401297998918336,0.3634396971335857
251,0.3304488912925906,0.21142503590519857,0.25558274084544713,0.15746646772115044,0.43482963764196864,0.11388562619686127,0.0710249850526452,0.0,0.07231113687157631,1.297467740951106,"[0.6462953090667725, 0.7404001951217651, 0.6836127638816833, 0.7166035771369934]",0.853,0.35424553812871823,0.3975121687398594,0.4288804759329367,0.4434829637641969,0.43915630070308276,0.43915630070308276,0.3347755543537047
252,0.3796646836127637,0.24453725835236118,0.26730372139851116,0.1928200411977151,0.46187128177393183,0.12046670913696289,0.07102039689198136,0.0,0.07231851015239954,1.1757486329879612,"[0.6462953090667725, 0.7404001951217651, 0.6836127638816833, 0.7166035771369934]",1.3476,0.3363980530016225,0.36938885884261763,0.3953488372093023,0.4153596538669551,0.3850730124391563,0.3850730124391563,0.3185505678745268
253,0.3699296917252569,0.2577861330012683,0.2688839982040016,0.1867136518423757,0.48404542996214167,0.1213543489575386,0.07101476052775979,0.0,0.07235286897048354,1.327231278992258,"[0.6462953090667725, 0.7404001951217651, 0.6836127638816833, 0.7166035771369934]",0.8889,0.33910221741481883,0.3656030286641428,0.3958896700919416,0.42130881557598704,0.3980530016224986,0.3980530016224986,0.33098972417522987
254,0.3964305029745809,0.2829236508452253,0.29009434900331915,0.21956880794813183,0.49540292049756623,0.11864636838436127,0.07100504823029041,0.0,0.07222408475354314,0.9478891079779714,"[0.6462953090667725, 0.7404001951217651, 0.6836127638816833, 0.7166035771369934]",0.8822,0.3628988642509465,0.3812871822606814,0.40400216333153055,0.4261763115197404,0.4094104921579232,0.4094104921579232,0.3482963764196863
255,0.43158464034613303,0.31512846854498655,0.2935090556090631,0.24005939499496692,0.5018929150892374,0.1171497330069542,0.07098646648228168,0.0,0.07231771480292082,0.9946052060695365,"[0.6462953090667725, 0.7404001951217651, 0.6836127638816833, 0.7166035771369934]",0.9003,0.34342888047593295,0.3466738777717685,0.35857220118983235,0.3942671714440238,0.38236884802596,0.38236884802596,0.33693888588426174
256,0.3812871822606814,0.27927837067798233,0.29853117390210737,0.18680539280143632,0.4824229313142239,0.11401990056037903,0.07097623590379953,0.0,0.07227915246039629,1.0379148459760472,"[0.6462953090667725, 0.7404001951217651, 0.6836127638816833, 0.7166035771369934]",0.944,0.4169821525148729,0.4277988101676582,0.43591130340724715,0.447809626825311,0.4277988101676582,0.4277988101676582,0.4077879935100054
257,0.35532720389399675,0.2594427427668248,0.28847180579645015,0.16212435243480372,0.45159545700378584,0.11616519838571548,0.07095245597884059,0.0,0.0725154741667211,1.2909782379865646,"[0.6462953090667725, 0.7404001951217651, 0.6836127638816833, 0.7166035771369934]",1.2343,0.3607355327203894,0.38939967550027044,0.40508382909680907,0.41644131963223363,0.40562466197944835,0.40562466197944835,0.35640886965927526
258,0.4034613304488913,0.29921449507427245,0.29321705338021614,0.22625476159831284,0.4899945916711736,0.11597821116447449,0.07093655783683062,0.0,0.07249420881271362,1.6377751789987087,"[0.6462953090667725, 0.7404001951217651, 0.6836127638816833, 0.7166035771369934]",1.3685,0.4856679286100595,0.4943212547322877,0.49540292049756623,0.48620876149269876,0.4872904272579773,0.4872904272579773,0.4716062736614386
259,0.42996214169821523,0.3126074025581914,0.3135100598048324,0.23276452853762147,0.46944294213088156,0.11400588601827621,0.07092228531837463,0.0,0.07249669218435884,1.147290686960332,"[0.6462953090667725, 0.7404001951217651, 0.6836127638816833, 0.7166035771369934]",0.9419,0.45592212006489996,0.4656571119524067,0.4705246078961601,0.4808004326663061,0.48296376419686315,0.48296376419686315,0.4413196322336398
260,0.44077879935100056,0.32707904735590754,0.3130183468705142,0.25447618789640586,0.48296376419686315,0.11115411669015884,0.07090815901756287,0.0,0.07247008662670851,1.1565729139838368,"[0.6462953090667725, 0.7404001951217651, 0.6836127638816833, 0.7166035771369934]",1.4189,0.3958896700919416,0.3980530016224986,0.40075716603569495,0.42022714981070847,0.4353704705246079,0.4353704705246079,0.3839913466738778
261,0.43645213628988644,0.32393362916633617,0.31090990511311467,0.25301624722791843,0.48404542996214167,0.11039341986179352,0.07089433772489429,0.0,0.07242046762257814,1.1061078930506483,"[0.6462953090667725, 0.7404001951217651, 0.6836127638816833, 0.7166035771369934]",0.8795,0.3607355327203894,0.36938885884261763,0.3812871822606814,0.4159004867495944,0.4250946457544619,0.4250946457544619,0.34234721471065443
262,0.42130881557598704,0.3030462728829788,0.3230468533708138,0.22413694131768389,0.46782044348296375,0.11551523208618164,0.0708851320669055,0.0,0.07232608692720532,0.9976500760531053,"[0.6462953090667725, 0.7404001951217651, 0.6836127638816833, 0.7166035771369934]",0.9015,0.45159545700378584,0.4629529475392104,0.46944294213088156,0.4889129259058951,0.4780962682531098,0.4780962682531098,0.4434829637641969
263,0.36127636560302867,0.24830671256454395,0.2994620521319014,0.1785462079036957,0.44997295835586804,0.11349748075008392,0.07086936896666884,0.0,0.07230853382498026,1.0338338039582595,"[0.6462953090667725, 0.7404001951217651, 0.6836127638816833, 0.7166035771369934]",0.9472,0.41481882098431583,0.4267171444023797,0.43861546782044347,0.4732287723093564,0.4672796106003245,0.4672796106003245,0.40129799891833423
264,0.3785830178474851,0.27523639665923205,0.3118471949771412,0.21488967348765226,0.4629529475392104,0.11232427507638931,0.07085578516125679,0.0,0.0722873555496335,1.121783290989697,"[0.6462953090667725, 0.7404001951217651, 0.6836127638816833, 0.7166035771369934]",0.9713,0.4429421308815576,0.45375878853434287,0.46944294213088156,0.4932395889670092,0.4889129259058951,0.4889129259058951,0.41481882098431583
265,0.4094104921579232,0.30150260581980826,0.308600494285423,0.22281076433306402,0.4716062736614386,0.110855832695961,0.07084393501281738,0.0,0.0722624589689076,1.0246689240448177,"[0.6462953090667725, 0.7404001951217651, 0.6836127638816833, 0.7166035771369934]",1.2603,0.3942671714440238,0.4083288263926447,0.4126554894537588,0.45267712276906436,0.45754461871281776,0.45754461871281776,0.3791238507301244
266,0.35586803677663603,0.21734907336129627,0.29790875991141114,0.17732634995677804,0.439697133585722,0.11375001072883606,0.0708325277082622,0.0,0.07223799172788858,1.241387763991952,"[0.6462953090667725, 0.7404001951217651, 0.6836127638816833, 0.7166035771369934]",1.2814,0.4305029745808545,0.4602487831260141,0.4737696051919957,0.4451054624121147,0.43915630070308276,0.43915630070308276,0.40724716062736616
267,0.3850730124391563,0.27833214503570225,0.299828345641872,0.21155677441849832,0.458085451595457,0.11316899955272675,0.07082108221948147,0.0,0.07226032111793756,1.1749918840359896,"[0.6462953090667725, 0.7404001951217651, 0.6836127638816833, 0.7166035771369934]",0.9057,0.37371552190373175,0.3942671714440238,0.4099513250405625,0.42239048134126556,0.4267171444023797,0.4267171444023797,0.363980530016225
268,0.3666846944294213,0.2431928817776262,0.28994813168931943,0.17303732715696896,0.42076798269334775,0.1149807721376419,0.07081344211474061,0.0,0.07223257329314947,1.0982648709323257,"[0.6462953090667725, 0.7404001951217651, 0.6836127638816833, 0.7166035771369934]",0.8537,0.4250946457544619,0.45429962141698216,0.4732287723093564,0.45592212006489996,0.4283396430502975,0.4283396430502975,0.4002163331530557
269,0.3650621957815035,0.258104294105303,0.30327302869576106,0.19566163700137534,0.4424012979989183,0.1159154623746872,0.07081384165212512,0.0,0.07222741935402155,1.0419139560544863,"[0.6462953090667725, 0.7404001951217651, 0.6836127638816833, 0.7166035771369934]",1.0361,0.37479718766901027,0.4094104921579232,0.4434829637641969,0.47106544077879936,0.4607896160086533,0.4607896160086533,0.35532720389399675
270,0.3796646836127637,0.25871346002203455,0.2788059377656318,0.2068715602716802,0.4570037858301785,0.12138950079679489,0.07080899178981781,0.0,0.07220777776092291,1.1268527560168877,"[0.6462953090667725, 0.7404001951217651, 0.6836127638816833, 0.7166035771369934]",0.8721,0.3829096809085992,0.4094104921579232,0.4261763115197404,0.4234721471065441,0.4310438074634938,0.4310438074634938,0.35749053542455383
271,0.3439697133585722,0.21870064271158107,0.2706990011968646,0.16695299820721224,0.4234721471065441,0.12137971073389053,0.07079559145495296,0.0,0.07219958864152431,1.03577503899578,"[0.6462953090667725, 0.7404001951217651, 0.6836127638816833, 0.7166035771369934]",0.9213,0.3174689021092482,0.34072471606273663,0.37371552190373175,0.37209302325581395,0.3931855056787453,0.3931855056787453,0.30881557598702003
272,0.42563547863710116,0.3042808785817185,0.2796321876176181,0.2137806345312456,0.4429421308815576,0.11624264717102051,0.07079622335731983,0.0,0.07218333799391985,1.1805480079492554,"[0.6462953090667725, 0.7404001951217651, 0.6836127638816833, 0.7166035771369934]",0.8565,0.4461871281773932,0.4872904272579773,0.502974580854516,0.505137912385073,0.48404542996214167,0.48404542996214167,0.4121146565711195
273,0.40724716062736616,0.29654793687445746,0.2997144633622064,0.2209215336609673,0.48134126554894535,0.11228886246681213,0.07079298747703433,0.0,0.07217337563633919,1.0195563479792327,"[0.6462953090667725, 0.7404001951217651, 0.6836127638816833, 0.7166035771369934]",0.925,0.39156300703082747,0.4034613304488913,0.4142779881016766,0.42022714981070847,0.43699296917252567,0.43699296917252567,0.3780421849648459
274,0.38831800973499186,0.2638838923967979,0.27992456040134006,0.206481631368691,0.4413196322336398,0.1151692271232605,0.07078552804887295,0.0,0.07215176057070494,1.0642467819852754,"[0.6462953090667725, 0.7404001951217651, 0.6836127638816833, 0.7166035771369934]",0.877,0.4413196322336398,0.4597079502433748,0.4613304488912926,0.48783126014061656,0.4856679286100595,0.4856679286100595,0.429421308815576
275,0.39372633856138456,0.2694775076797714,0.286103735517644,0.21835063335010121,0.44835045970795023,0.1163405030965805,0.07078007981181145,0.0,0.07213126122951508,1.0342671669786796,"[0.6462953090667725, 0.7404001951217651, 0.6836127638816833, 0.7166035771369934]",0.8498,0.43158464034613303,0.4591671173607355,0.46998377501352084,0.4808004326663061,0.4921579232017307,0.4921579232017307,0.4034613304488913
276,0.4553812871822607,0.33265246508593893,0.29156205044527345,0.2526702369814181,0.45592212006489996,0.1169203668832779,0.07077223481610417,0.0,0.07210990320891142,1.0495611120713875,"[0.6462953090667725, 0.7404001951217651, 0.6836127638816833, 0.7166035771369934]",0.8513,0.41914548404542995,0.4402379664683613,0.4418604651162791,0.4629529475392104,0.4656571119524067,0.4656571119524067,0.392644672796106
277,0.4283396430502975,0.3067266625991457,0.2816975761236462,0.22730451555298942,0.45105462412114655,0.11700237542390823,0.07076570484787226,0.0,0.07208992214873433,1.0520054310327396,"[0.6462953090667725, 0.7404001951217651, 0.6836127638816833, 0.7166035771369934]",0.8259,0.4261763115197404,0.4451054624121147,0.4780962682531098,0.4889129259058951,0.4889129259058951,0.4889129259058951,0.41752298539751215
278,0.4283396430502975,0.30551856031747837,0.2813605047905617,0.2354353396371549,0.447809626825311,0.11821188032627106,0.07075735973194242,0.0,0.07207218743860722,1.203774663968943,"[0.6462953090667725, 0.7404001951217651, 0.6836127638816833, 0.7166035771369934]",0.9218,0.4153596538669551,0.41644131963223363,0.42076798269334775,0.44835045970795023,0.45321795565170364,0.45321795565170364,0.4142779881016766
279,0.43591130340724715,0.3114587346239136,0.29147088672110577,0.21586428824075396,0.43645213628988644,0.11664800345897675,0.07075059600174427,0.0,0.0721263000741601,0.9526791559765115,"[0.6462953090667725, 0.7404001951217651, 0.6836127638816833, 0.7166035771369934]",0.9119,0.4402379664683613,0.45267712276906436,0.4640346133044889,0.48458626284478096,0.4770146024878313,0.4770146024878313,0.4353704705246079
280,0.45213628988642507,0.33005497160569375,0.2985225161072343,0.23445509029866649,0.4602487831260141,0.11747841536998749,0.07074165111407638,0.0,0.07210250850766897,1.0449430729495361,"[0.6462953090667725, 0.7404001951217651, 0.6836127638816833, 0.7166035771369934]",0.8766,0.458085451595457,0.4759329367225527,0.4791779340183883,0.4770146024878313,0.48512709572742024,0.48512709572742024,0.43861546782044347
281,0.43591130340724715,0.3106709254669441,0.3019157737053658,0.2139751668362551,0.4451054624121147,0.11543706059455872,0.07073485944420099,0.0,0.07209344767034054,1.0424536620266736,"[0.6462953090667725, 0.7404001951217651, 0.6836127638816833, 0.7166035771369934]",0.8714,0.3342347214710654,0.3493780421849648,0.3672255273120606,0.3829096809085992,0.39156300703082747,0.39156300703082747,0.32017306652244454
282,0.44943212547322875,0.32724850118982696,0.2959052620396631,0.2526596299875555,0.4797187669010276,0.11325235664844513,0.07072851993143559,0.0,0.0720191178843379,1.1736329579725862,"[0.6462953090667725, 0.7404001951217651, 0.6836127638816833, 0.7166035771369934]",0.9314,0.32666306111411575,0.3472147106544078,0.3591130340724716,0.3866955110870741,0.4115738236884803,0.4115738236884803,0.30989724175229855
283,0.43158464034613303,0.3052579909851163,0.2595675728441679,0.22497845365404734,0.4721471065440779,0.12291374802589417,0.07071701437234879,0.0,0.07198484381660819,1.1390452849445865,"[0.6462953090667725, 0.7404001951217651, 0.6836127638816833, 0.7166035771369934]",0.9476,0.40724716062736616,0.4250946457544619,0.4261763115197404,0.4505137912385073,0.447809626825311,0.447809626825311,0.3964305029745809
284,0.4283396430502975,0.2981989891644896,0.3005632854383347,0.22416088063171624,0.4337479718766901,0.12168391048908234,0.07070811744779348,0.0,0.07195694744586945,1.3500804519280791,"[0.6462953090667725, 0.7404001951217651, 0.6836127638816833, 0.7166035771369934]",1.3543,0.3807463493780422,0.4099513250405625,0.42996214169821523,0.4607896160086533,0.45429962141698216,0.45429962141698216,0.3645213628988643
285,0.41806381828015143,0.3106760594221598,0.32479408815116606,0.26668529963354726,0.5170362358031368,0.12436601519584656,0.07070161309093237,0.0,0.07195872208103538,1.2146347960224375,"[0.6462953090667725, 0.7404001951217651, 0.6836127638816833, 0.7166035771369934]",0.896,0.34018388318009735,0.35424553812871823,0.37209302325581395,0.38831800973499186,0.40616549486208764,0.40616549486208764,0.32341806381828014
286,0.37263385613845323,0.2701018564617139,0.29850966507148674,0.19398912228400841,0.44997295835586804,0.12224128842353821,0.07069115014746785,0.0,0.07197307515889406,0.9977795269805938,"[0.6462953090667725, 0.7404001951217651, 0.6836127638816833, 0.7166035771369934]",1.0315,0.37047052460789615,0.3645213628988643,0.3775013520822066,0.3975121687398594,0.43320713899405083,0.43320713899405083,0.37101135749053543
287,0.40616549486208764,0.2797984771559199,0.2986231080950279,0.20073644366974644,0.413196322336398,0.11867787688970566,0.07068930519744754,0.0,0.0719666020013392,1.027301725000143,"[0.6462953090667725, 0.7404001951217651, 0.6836127638816833, 0.7166035771369934]",1.1055,0.38236884802596,0.3796646836127637,0.37533802055164955,0.37479718766901027,0.37696051919956736,0.37696051919956736,0.3791238507301244
288,0.35640886965927526,0.2302862092319059,0.305590493418616,0.1910177363032376,0.4245538128718226,0.11526661366224289,0.07066889712586999,0.0,0.07192344171926379,1.0083790350472555,"[0.6462953090667725, 0.7404001951217651, 0.6836127638816833, 0.7166035771369934]",1.0445,0.4002163331530557,0.41644131963223363,0.4077879935100054,0.4261763115197404,0.4445646295294754,0.4445646295294754,0.38615467820443483
289,0.4418604651162791,0.3250808027860248,0.2997979878978487,0.2582487938224504,0.4889129259058951,0.12370114028453827,0.07066844776272774,0.0,0.07191901607438922,1.1933271168963984,"[0.6462953090667725, 0.7404001951217651, 0.6836127638816833, 0.7166035771369934]",0.8595,0.3985938345051379,0.41644131963223363,0.4337479718766901,0.44943212547322875,0.46349378042184963,0.46349378042184963,0.3829096809085992
290,0.37533802055164955,0.253420548672158,0.29291413601032984,0.18948420476321157,0.4153596538669551,0.1194644346833229,0.0706495395861566,0.0,0.07202380895614624,1.2075648120371625,"[0.6462953090667725, 0.7404001951217651, 0.6836127638816833, 0.7166035771369934]",1.0988,0.3656030286641428,0.366143861546782,0.36127636560302867,0.39210383991346676,0.3931855056787453,0.3931855056787453,0.3591130340724716
291,0.4283396430502975,0.3043832483325818,0.30792793767391613,0.21463906243732772,0.4418604651162791,0.11779766529798508,0.0706337196752429,0.0,0.07199147623032331,1.1250848099589348,"[0.6462953090667725, 0.7404001951217651, 0.6836127638816833, 0.7166035771369934]",0.8025,0.366143861546782,0.37209302325581395,0.40562466197944835,0.4488912925905895,0.4434829637641969,0.4434829637641969,0.35749053542455383
292,0.35749053542455383,0.2514215959907006,0.28872498033976723,0.17875797943293556,0.44997295835586804,0.12408734858036041,0.07062962092459202,0.0,0.07198380120098591,1.1417287450749427,"[0.6462953090667725, 0.7404001951217651, 0.6836127638816833, 0.7166035771369934]",0.955,0.41752298539751215,0.429421308815576,0.43915630070308276,0.45159545700378584,0.4570037858301785,0.4570037858301785,0.40075716603569495
293,0.4034613304488913,0.2757573583828248,0.3084216403491704,0.20072902093058442,0.4283396430502975,0.11881806701421738,0.07060703076422215,0.0,0.07192759308964014,0.9980805279919878,"[0.6462953090667725, 0.7404001951217651, 0.6836127638816833, 0.7166035771369934]",1.2972,0.42184964845862627,0.4229313142239048,0.42239048134126556,0.4445646295294754,0.43266630611141155,0.43266630611141155,0.42184964845862627
294,0.38453217955651703,0.26307081785486774,0.2982680790433535,0.2243966841040897,0.4624121146565711,0.12462566792964935,0.07060849014669657,0.0,0.07193288113921881,1.0046958969905972,"[0.6462953090667725, 0.7404001951217651, 0.6836127638816833, 0.7166035771369934]",0.8685,0.3969713358572201,0.3964305029745809,0.3931855056787453,0.4126554894537588,0.42996214169821523,0.42996214169821523,0.3958896700919416
295,0.43807463493780424,0.31354839954534586,0.2923123279604784,0.22917096709217238,0.4602487831260141,0.11873162537813187,0.07058969838544726,0.0,0.07186383288353682,0.9304169919341803,"[0.6462953090667725, 0.7404001951217651, 0.6836127638816833, 0.7166035771369934]",0.839,0.4186046511627907,0.43158464034613303,0.44835045970795023,0.45484045429962144,0.44672796106003243,0.44672796106003243,0.413196322336398
296,0.37533802055164955,0.2728671491531518,0.3093314087544429,0.21080152466067165,0.4461871281773932,0.12353338301181793,0.07058709161356091,0.0,0.07190135819837451,0.9528539730235934,"[0.6462953090667725, 0.7404001951217651, 0.6836127638816833, 0.7166035771369934]",0.9019,0.4277988101676582,0.4456462952947539,0.4759329367225527,0.48350459707950244,0.4775554353704705,0.4775554353704705,0.42239048134126556
297,0.3818280151433207,0.2687668933179619,0.3093430983350894,0.2055493689800905,0.4721471065440779,0.12157396227121353,0.0705759534612298,0.0,0.07186559773981571,0.9848492949968204,"[0.6462953090667725, 0.7404001951217651, 0.6836127638816833, 0.7166035771369934]",0.9592,0.37047052460789615,0.3628988642509465,0.3472147106544078,0.3677663601946998,0.3829096809085992,0.3829096809085992,0.37317468902109246
298,0.39210383991346676,0.2568163206923064,0.3086716262782549,0.21906604969342935,0.4797187669010276,0.11817437410354614,0.07056477759033442,0.0,0.07184498943388462,1.037698077969253,"[0.6462953090667725, 0.7404001951217651, 0.6836127638816833, 0.7166035771369934]",1.0262,0.37641968631692807,0.3958896700919416,0.4094104921579232,0.43591130340724715,0.43861546782044347,0.43861546782044347,0.3672255273120606
299,0.34613304488912927,0.23661496820539507,0.29525610531016516,0.18240113702380426,0.4624121146565711,0.12273774296045303,0.07055632397532463,0.0,0.07182162720710039,1.0006399559788406,"[0.6462953090667725, 0.7404001951217651, 0.6836127638816833, 0.7166035771369934]",0.8493,0.34018388318009735,0.3645213628988643,0.38939967550027044,0.3991346673877772,0.3969713358572201,0.3969713358572201,0.3320713899405084
300,0.3807463493780422,0.2581286425934284,0.3026266918894724,0.20359285157184073,0.43482963764196864,0.11908130347728729,0.07054720632731915,0.0,0.07180932722985744,1.067924189963378,"[0.6462953090667725, 0.7404001951217651, 0.6836127638816833, 0.7166035771369934]",,,,,,,,
