round,ACC,Kappa,NMI,ARI,PURITY,alignment_loss,mean_reconstruction_loss,mean_consensus_loss,mean_local_total_loss,round_seconds,observed_rates,completion_eval_seconds,C025_ACC,C050_ACC,C075_ACC,C100_ACC,D0_ACC,E0_ACC,G0_ACC
1,0.35,0.1964623600151374,0.20824621762097176,0.09978458026792299,0.5226190476190476,0.18889787793159485,0.2699197704593341,0.0,0.24881664166847864,1.4840571150416508,"[0.6761904954910278, 0.7392857670783997, 0.7595238089561462]",0.5849,0.42023809523809524,0.4154761904761905,0.3880952380952381,0.4035714285714286,0.38571428571428573,0.38571428571428573,0.41785714285714287
2,0.39285714285714285,0.22746084557331814,0.2110599885793078,0.13255254758899374,0.5392857142857143,0.17334863543510437,0.25007681051890057,0.0,0.23154210299253464,0.558506031986326,"[0.6761904954910278, 0.7392857670783997, 0.7595238089561462]",0.6659,0.43333333333333335,0.41904761904761906,0.38571428571428573,0.38452380952380955,0.38452380952380955,0.38452380952380955,0.42857142857142855
3,0.4642857142857143,0.29614443563073267,0.21027192613181386,0.14930689309144543,0.5416666666666666,0.15808552503585815,0.23272298524777094,0.0,0.21643123775720596,0.7487877369858325,"[0.6761904954910278, 0.7392857670783997, 0.7595238089561462]",0.7641,0.44642857142857145,0.4261904761904762,0.4011904761904762,0.37857142857142856,0.3892857142857143,0.3892857142857143,0.4357142857142857
4,0.43452380952380953,0.2686749085843636,0.2147788145730975,0.13719825531935514,0.5428571428571428,0.15476085245609283,0.21746817976236343,0.0,0.20323715607325235,0.6259410210186616,"[0.6761904954910278, 0.7392857670783997, 0.7595238089561462]",0.7515,0.4607142857142857,0.4642857142857143,0.45595238095238094,0.4726190476190476,0.46190476190476193,0.46190476190476193,0.45595238095238094
5,0.42738095238095236,0.25508025531255885,0.20282882153082224,0.12849051217566704,0.5214285714285715,0.15057015419006348,0.20408218105634054,0.0,0.19155522311727205,0.6660357710206881,"[0.6761904954910278, 0.7392857670783997, 0.7595238089561462]",0.7101,0.42857142857142855,0.42142857142857143,0.39404761904761904,0.4369047619047619,0.4095238095238095,0.4095238095238095,0.42857142857142855
6,0.39285714285714285,0.23511473279008144,0.19455467214979508,0.12594728382303536,0.525,0.14687229692935944,0.1922124375899633,0.0,0.18106607223550478,0.6761617630254477,"[0.6761904954910278, 0.7392857670783997, 0.7595238089561462]",0.965,0.42023809523809524,0.40714285714285714,0.39880952380952384,0.3892857142857143,0.38452380952380955,0.38452380952380955,0.4107142857142857
7,0.4035714285714286,0.21308311954464887,0.18499258500393925,0.1276865087529904,0.5297619047619048,0.14763477444648743,0.18146908159057298,0.0,0.17143538718422255,0.5372726880013943,"[0.6761904954910278, 0.7392857670783997, 0.7595238089561462]",0.7144,0.4226190476190476,0.44285714285714284,0.43214285714285716,0.4083333333333333,0.4142857142857143,0.4142857142857143,0.4142857142857143
8,0.4035714285714286,0.19140449373436474,0.18456987709931547,0.11774945345501961,0.5107142857142857,0.14824187755584717,0.17163099845250449,0.0,0.16257856413722038,0.5631523539777845,"[0.6761904954910278, 0.7392857670783997, 0.7595238089561462]",0.4723,0.4035714285714286,0.40595238095238095,0.4166666666666667,0.4095238095238095,0.4119047619047619,0.4119047619047619,0.4023809523809524
9,0.49166666666666664,0.3078989209799169,0.18034931570715124,0.1505609726260417,0.544047619047619,0.1511043757200241,0.1625537027915319,0.0,0.15434254333376884,0.45688269496895373,"[0.6761904954910278, 0.7392857670783997, 0.7595238089561462]",0.6006,0.41785714285714287,0.4166666666666667,0.4226190476190476,0.42023809523809524,0.43214285714285716,0.43214285714285716,0.41785714285714287
10,0.40476190476190477,0.23413008118221135,0.1741450844128794,0.11630733175784522,0.5095238095238095,0.15215355157852173,0.1541185180346171,0.0,0.14667629078030586,0.5534292799420655,"[0.6761904954910278, 0.7392857670783997, 0.7595238089561462]",0.4115,0.4154761904761905,0.4166666666666667,0.40714285714285714,0.4095238095238095,0.4023809523809524,0.4023809523809524,0.4154761904761905
11,0.37857142857142856,0.21053342287631005,0.16290309617384854,0.10184347124722297,0.530952380952381,0.14995259046554565,0.14628183593352637,0.0,0.1395376299818357,0.44128337502479553,"[0.6761904954910278, 0.7392857670783997, 0.7595238089561462]",0.4945,0.43333333333333335,0.44166666666666665,0.4488095238095238,0.4666666666666667,0.4607142857142857,0.4607142857142857,0.4380952380952381
12,0.5095238095238095,0.3193056162007152,0.18968580340235489,0.14081333830011578,0.5452380952380952,0.1395358145236969,0.1390021244684855,0.0,0.13294372583429018,0.5429426899645478,"[0.6761904954910278, 0.7392857670783997, 0.7595238089561462]",0.5621,0.4107142857142857,0.4166666666666667,0.4297619047619048,0.4095238095238095,0.40595238095238095,0.40595238095238095,0.4107142857142857
13,0.375,0.1855173534669996,0.16635217358425514,0.10764591212984867,0.513095238095238,0.1545693725347519,0.13226656491557756,0.0,0.12682739024360976,0.5582253700122237,"[0.6761904954910278, 0.7392857670783997, 0.7595238089561462]",0.593,0.42142857142857143,0.42142857142857143,0.44047619047619047,0.42142857142857143,0.45595238095238094,0.45595238095238094,0.42142857142857143
14,0.31785714285714284,0.18027705586419018,0.15294150305305756,0.08881619763498527,0.5178571428571429,0.15210679173469543,0.12604921062787375,0.0,0.12118703623612721,0.5152574449311942,"[0.6761904954910278, 0.7392857670783997, 0.7595238089561462]",0.4165,0.3726190476190476,0.36666666666666664,0.37142857142857144,0.444047619047619,0.41785714285714287,0.41785714285714287,0.37142857142857144
15,0.3535714285714286,0.18610751260666147,0.1593183489095661,0.09409921550937445,0.5119047619047619,0.13912783563137054,0.1203284611304601,0.0,0.11598514020442963,0.45565890904981643,"[0.6761904954910278, 0.7392857670783997, 0.7595238089561462]",0.4862,0.35595238095238096,0.36547619047619045,0.3880952380952381,0.40595238095238095,0.3821428571428571,0.3821428571428571,0.3547619047619048
16,0.37976190476190474,0.21198196511142153,0.1612320640505802,0.10195197895150121,0.5333333333333333,0.13996759057044983,0.11507127185662587,0.0,0.11121312777201335,0.7768574539804831,"[0.6761904954910278, 0.7392857670783997, 0.7595238089561462]",0.6194,0.4,0.40476190476190477,0.4119047619047619,0.4166666666666667,0.3952380952380952,0.3952380952380952,0.4
17,0.4642857142857143,0.28365404659659865,0.1687431237386476,0.11101703146208848,0.5333333333333333,0.1422193944454193,0.11029419551293056,0.0,0.10694379607836406,0.4882653719978407,"[0.6761904954910278, 0.7392857670783997, 0.7595238089561462]",0.4344,0.40714285714285714,0.4154761904761905,0.44761904761904764,0.513095238095238,0.4857142857142857,0.4857142857142857,0.4035714285714286
18,0.3738095238095238,0.18550935160026094,0.1461068766831241,0.0944673950329073,0.5142857142857142,0.1382829248905182,0.10601478566726048,0.0,0.10304919257760048,0.49611190403811634,"[0.6761904954910278, 0.7392857670783997, 0.7595238089561462]",0.4302,0.35119047619047616,0.3547619047619048,0.3678571428571429,0.3238095238095238,0.3476190476190476,0.3476190476190476,0.3488095238095238
19,0.3273809523809524,0.17513374095792933,0.15563934375824223,0.08559368688380924,0.525,0.14004699885845184,0.10206976284583409,0.0,0.09945923835039139,0.561885898001492,"[0.6761904954910278, 0.7392857670783997, 0.7595238089561462]",0.5156,0.3535714285714286,0.35595238095238096,0.37142857142857144,0.40476190476190477,0.4011904761904762,0.4011904761904762,0.3523809523809524
20,0.4369047619047619,0.26557139477108704,0.17877690572666427,0.13082745857051448,0.5511904761904762,0.13963547348976135,0.09841567402084668,0.0,0.09603920827309291,0.4985413070535287,"[0.6761904954910278, 0.7392857670783997, 0.7595238089561462]",0.4149,0.3773809523809524,0.375,0.3892857142857143,0.3880952380952381,0.3595238095238095,0.3595238095238095,0.3773809523809524
21,0.3976190476190476,0.1905880919100703,0.15405335091979838,0.12382997651058157,0.5023809523809524,0.13108840584754944,0.09498895953098933,0.0,0.09284868215521176,0.4452409050427377,"[0.6761904954910278, 0.7392857670783997, 0.7595238089561462]",0.4214,0.3392857142857143,0.34523809523809523,0.35,0.34285714285714286,0.3416666666666667,0.3416666666666667,0.33214285714285713
22,0.4095238095238095,0.2355790400704536,0.1739201698038983,0.12264673847509652,0.5357142857142857,0.14017844200134277,0.09180117398500443,0.0,0.08986474573612213,0.47550628799945116,"[0.6761904954910278, 0.7392857670783997, 0.7595238089561462]",0.4532,0.3392857142857143,0.3523809523809524,0.3488095238095238,0.34285714285714286,0.3488095238095238,0.3488095238095238,0.3357142857142857
23,0.49166666666666664,0.3123624456492565,0.17734273060679362,0.1387035903785426,0.555952380952381,0.15369732677936554,0.08882315332690875,0.0,0.08702669541041057,0.49339909199625254,"[0.6761904954910278, 0.7392857670783997, 0.7595238089561462]",0.4909,0.33214285714285713,0.33095238095238094,0.3404761904761905,0.36547619047619045,0.3488095238095238,0.3488095238095238,0.33214285714285713
24,0.4869047619047619,0.30564132857181214,0.1690847004327599,0.13499627400740058,0.55,0.147981658577919,0.08604477345943451,0.0,0.08438647910952568,0.4813040340086445,"[0.6761904954910278, 0.7392857670783997, 0.7595238089561462]",0.4673,0.37857142857142856,0.3773809523809524,0.4035714285714286,0.3678571428571429,0.3880952380952381,0.3880952380952381,0.38095238095238093
25,0.48333333333333334,0.30270456371217624,0.1659385026733962,0.1352889635953236,0.5452380952380952,0.14755792915821075,0.08344842493534088,0.0,0.08191442241271336,0.4799344450002536,"[0.6761904954910278, 0.7392857670783997, 0.7595238089561462]",0.4857,0.3273809523809524,0.3333333333333333,0.3880952380952381,0.39166666666666666,0.4,0.4,0.319047619047619
26,0.4642857142857143,0.27901396576651494,0.15566277974053913,0.11869378875184869,0.5166666666666667,0.1489461213350296,0.08103478699922562,0.0,0.07962892701228459,0.4751864669378847,"[0.6761904954910278, 0.7392857670783997, 0.7595238089561462]",0.4676,0.3273809523809524,0.33690476190476193,0.3892857142857143,0.4035714285714286,0.40714285714285714,0.40714285714285714,0.32142857142857145
27,0.3273809523809524,0.17430139217030327,0.15851443358429132,0.08343964140663301,0.5345238095238095,0.1491679847240448,0.07879022757212321,0.0,0.07748907183607419,0.5137517189141363,"[0.6761904954910278, 0.7392857670783997, 0.7595238089561462]",0.5028,0.34523809523809523,0.3476190476190476,0.4083333333333333,0.44642857142857145,0.4452380952380952,0.4452380952380952,0.34523809523809523
28,0.3619047619047619,0.1928810618174518,0.15068036655993072,0.08295585494925992,0.5107142857142857,0.1455496847629547,0.07670894389351209,0.0,0.07550049076477687,0.5029264409095049,"[0.6761904954910278, 0.7392857670783997, 0.7595238089561462]",0.5066,0.3964285714285714,0.3964285714285714,0.4119047619047619,0.3892857142857143,0.39880952380952384,0.39880952380952384,0.4083333333333333
29,0.40595238095238095,0.2344137555661896,0.16429079414891704,0.11578919590382643,0.544047619047619,0.14447391033172607,0.07478940983613332,0.0,0.07367377604047458,0.5695453289663419,"[0.6761904954910278, 0.7392857670783997, 0.7595238089561462]",0.6807,0.36904761904761907,0.36666666666666664,0.37976190476190474,0.38333333333333336,0.39880952380952384,0.39880952380952384,0.36547619047619045
30,0.425,0.24079341317365277,0.15938788360009476,0.09956688903530352,0.5261904761904762,0.1282307505607605,0.07301900908350945,0.0,0.07198043540120125,0.460287360008806,"[0.6761904954910278, 0.7392857670783997, 0.7595238089561462]",0.5505,0.34404761904761905,0.34404761904761905,0.35595238095238096,0.42857142857142855,0.425,0.425,0.35119047619047616
31,0.47023809523809523,0.28208713288110066,0.1677460646983465,0.10705149613715795,0.525,0.13606539368629456,0.0713816483815511,0.0,0.07044245985647042,0.48067912296392024,"[0.6761904954910278, 0.7392857670783997, 0.7595238089561462]",0.4984,0.3976190476190476,0.3964285714285714,0.4035714285714286,0.40595238095238095,0.4166666666666667,0.4166666666666667,0.39404761904761904
32,0.4773809523809524,0.29521312177240255,0.165683434607348,0.1431676068310812,0.5428571428571428,0.13498269021511078,0.0698751291881005,0.0,0.06901892833411694,0.5004538409411907,"[0.6761904954910278, 0.7392857670783997, 0.7595238089561462]",0.4596,0.4380952380952381,0.444047619047619,0.475,0.5214285714285715,0.5035714285714286,0.5035714285714286,0.4380952380952381
33,0.4726190476190476,0.28869892995179247,0.165223399218619,0.13943343162497968,0.5392857142857143,0.1343197524547577,0.06848612800240517,0.0,0.06770711950957775,0.48258654004894197,"[0.6761904954910278, 0.7392857670783997, 0.7595238089561462]",0.4663,0.3892857142857143,0.40476190476190477,0.4642857142857143,0.5380952380952381,0.5297619047619048,0.5297619047619048,0.39404761904761904
34,0.444047619047619,0.26541801961731626,0.16537069120633419,0.10324963361511094,0.5261904761904762,0.1343700885772705,0.06721607719858487,0.0,0.06649961322546005,0.4851379169849679,"[0.6761904954910278, 0.7392857670783997, 0.7595238089561462]",0.4615,0.3904761904761905,0.40476190476190477,0.46785714285714286,0.544047619047619,0.5345238095238095,0.5345238095238095,0.3964285714285714
35,0.36666666666666664,0.19496456532626205,0.15824699575850842,0.09308180492743955,0.5321428571428571,0.15605466067790985,0.06605502714713414,0.0,0.06538976728916168,0.4834830450126901,"[0.6761904954910278, 0.7392857670783997, 0.7595238089561462]",0.4892,0.305952380952381,0.3011904761904762,0.305952380952381,0.39285714285714285,0.4083333333333333,0.4083333333333333,0.305952380952381
36,0.35833333333333334,0.18881730293757226,0.15741989516162996,0.0953715397906013,0.5321428571428571,0.14934925734996796,0.06500367509822051,0.0,0.06438433503111203,0.4980015290202573,"[0.6761904954910278, 0.7392857670783997, 0.7595238089561462]",0.4983,0.32261904761904764,0.3404761904761905,0.35833333333333334,0.4011904761904762,0.4154761904761905,0.4154761904761905,0.3202380952380952
37,0.4261904761904762,0.2452576950608446,0.16014399791741962,0.09654373531873503,0.5226190476190476,0.1307103931903839,0.06404551801582177,0.0,0.06346063874661922,0.6727448679739609,"[0.6761904954910278, 0.7392857670783997, 0.7595238089561462]",0.5691,0.3678571428571429,0.36547619047619045,0.37857142857142856,0.4452380952380952,0.4488095238095238,0.4488095238095238,0.36904761904761907
38,0.36666666666666664,0.1962994669333199,0.1587395239412529,0.09797939313186284,0.5238095238095238,0.15752947330474854,0.06317729316651821,0.0,0.06261593972643216,0.6842422579647973,"[0.6761904954910278, 0.7392857670783997, 0.7595238089561462]",0.6254,0.34404761904761905,0.3464285714285714,0.36547619047619045,0.4595238095238095,0.4642857142857143,0.4642857142857143,0.34285714285714286
39,0.35833333333333334,0.18637708140901466,0.15393194959577147,0.091382019462204,0.5178571428571429,0.1470702886581421,0.06237678974866867,0.0,0.06184861809015274,0.6897959369234741,"[0.6761904954910278, 0.7392857670783997, 0.7595238089561462]",0.6198,0.38571428571428573,0.3952380952380952,0.4357142857142857,0.5,0.49047619047619045,0.49047619047619045,0.3869047619047619
40,0.4261904761904762,0.24818396541735377,0.15257992654935146,0.11208466448289979,0.5333333333333333,0.12821444869041443,0.06165899895131588,0.0,0.06115010567009449,0.6857843920588493,"[0.6761904954910278, 0.7392857670783997, 0.7595238089561462]",0.4622,0.3630952380952381,0.36666666666666664,0.3952380952380952,0.4988095238095238,0.49404761904761907,0.49404761904761907,0.3619047619047619
41,0.45476190476190476,0.2786076181975692,0.17135588491327766,0.12461595823005445,0.5511904761904762,0.154619961977005,0.061004928002754845,0.0,0.060514504089951515,0.5124622699804604,"[0.6761904954910278, 0.7392857670783997, 0.7595238089561462]",0.6171,0.3535714285714286,0.3619047619047619,0.45595238095238094,0.5154761904761904,0.5107142857142857,0.5107142857142857,0.3535714285714286
42,0.5166666666666667,0.32924766542628103,0.182481905940498,0.15114043935227073,0.55,0.13284830749034882,0.06041472405195236,0.0,0.059941173841555916,0.5482653819490224,"[0.6761904954910278, 0.7392857670783997, 0.7595238089561462]",0.5162,0.30833333333333335,0.31547619047619047,0.4261904761904762,0.43333333333333335,0.43214285714285716,0.43214285714285716,0.30833333333333335
43,0.44642857142857145,0.2578123515529698,0.14891043269455678,0.11535869610487758,0.5297619047619048,0.13120542466640472,0.059878787646691,0.0,0.059425165255864464,0.5871012479765341,"[0.6761904954910278, 0.7392857670783997, 0.7595238089561462]",0.562,0.32261904761904764,0.32857142857142857,0.430952380952381,0.4595238095238095,0.45,0.45,0.32261904761904764
44,0.45714285714285713,0.26453025095524274,0.14833184245681733,0.12060575520914357,0.5273809523809524,0.13234616816043854,0.059398544331391655,0.0,0.058956343680620193,0.6312497910112143,"[0.6761904954910278, 0.7392857670783997, 0.7595238089561462]",0.6482,0.36904761904761907,0.375,0.3773809523809524,0.3607142857142857,0.3273809523809524,0.3273809523809524,0.3607142857142857
45,0.425,0.234484788564442,0.18294666807132814,0.11689487526504144,0.5059523809523809,0.1360720992088318,0.05896736867725849,0.0,0.05853806001444658,0.8089153579203412,"[0.6761904954910278, 0.7392857670783997, 0.7595238089561462]",0.6515,0.37857142857142856,0.3869047619047619,0.4154761904761905,0.49166666666666664,0.48333333333333334,0.48333333333333334,0.37976190476190474
46,0.37857142857142856,0.2135028968090259,0.17840219483828623,0.11073341766878488,0.5416666666666666,0.1327061951160431,0.058582646772265434,0.0,0.05816671500603358,0.6590795631054789,"[0.6761904954910278, 0.7392857670783997, 0.7595238089561462]",0.6802,0.3523809523809524,0.3595238095238095,0.38571428571428573,0.46785714285714286,0.44047619047619047,0.44047619047619047,0.3535714285714286
47,0.4797619047619048,0.2719122518198227,0.17505898465712816,0.13012050522182333,0.5285714285714286,0.1318974792957306,0.05823985735575358,0.0,0.0578348021954298,0.6753496649907902,"[0.6761904954910278, 0.7392857670783997, 0.7595238089561462]",0.7195,0.33690476190476193,0.3523809523809524,0.3761904761904762,0.44761904761904764,0.4095238095238095,0.4095238095238095,0.3380952380952381
48,0.45476190476190476,0.26045250956344557,0.16509374380243216,0.1036870100721922,0.530952380952381,0.1540016531944275,0.057931928584973015,0.0,0.05753490887582302,0.6533416149904951,"[0.6761904954910278, 0.7392857670783997, 0.7595238089561462]",0.6583,0.3238095238095238,0.32142857142857145,0.33214285714285713,0.4035714285714286,0.38571428571428573,0.38571428571428573,0.325
49,0.4583333333333333,0.26889733956677087,0.17510847055650522,0.11845626660285072,0.5535714285714286,0.15002699196338654,0.05765949686368307,0.0,0.05726933913926283,0.6234811779577285,"[0.6761904954910278, 0.7392857670783997, 0.7595238089561462]",0.5145,0.325,0.32261904761904764,0.33095238095238094,0.4,0.37976190476190474,0.37976190476190474,0.3261904761904762
50,0.41309523809523807,0.2244304774176148,0.17236440532813377,0.11752796425308867,0.544047619047619,0.1319204568862915,0.05741786646346251,0.0,0.057034890477856,0.602841957937926,"[0.6761904954910278, 0.7392857670783997, 0.7595238089561462]",0.6525,0.34285714285714286,0.3464285714285714,0.4452380952380952,0.5011904761904762,0.45476190476190476,0.45476190476190476,0.34523809523809523
51,0.36666666666666664,0.20377728285077956,0.17793678036040436,0.12255945464651663,0.5607142857142857,0.1393609344959259,0.05720339218775431,0.0,0.056825981785853706,0.7213360690511763,"[0.6761904954910278, 0.7392857670783997, 0.7595238089561462]",0.6744,0.3392857142857143,0.3488095238095238,0.48095238095238096,0.5297619047619048,0.5119047619047619,0.5119047619047619,0.33690476190476193
52,0.4369047619047619,0.2730160356575644,0.18258728255860893,0.12290600149252306,0.5511904761904762,0.1375269889831543,0.05701544446249803,0.0,0.05663988428811232,0.5229103959864005,"[0.6761904954910278, 0.7392857670783997, 0.7595238089561462]",0.4916,0.36428571428571427,0.36547619047619045,0.44166666666666665,0.48095238095238096,0.4583333333333333,0.4583333333333333,0.3595238095238095
53,0.46190476190476193,0.2758731175905159,0.1676395754395434,0.11144468178484383,0.5297619047619048,0.13702037930488586,0.056848458324869476,0.0,0.0564757144699494,0.5320153270149603,"[0.6761904954910278, 0.7392857670783997, 0.7595238089561462]",0.5835,0.4583333333333333,0.4607142857142857,0.48333333333333334,0.5261904761904762,0.5202380952380953,0.5202380952380953,0.45714285714285713
54,0.425,0.241486068111455,0.164338858728199,0.11009245280496882,0.5380952380952381,0.1586659997701645,0.05669550100962321,0.0,0.05632950055102507,0.5222854160238057,"[0.6761904954910278, 0.7392857670783997, 0.7595238089561462]",0.5697,0.3595238095238095,0.3595238095238095,0.3678571428571429,0.3488095238095238,0.3357142857142857,0.3357142857142857,0.36428571428571427
55,0.38333333333333336,0.19234067512835462,0.15646378509885636,0.10092272595290036,0.5369047619047619,0.1485394835472107,0.05655799930294355,0.0,0.05620059619347254,0.5769556700251997,"[0.6761904954910278, 0.7392857670783997, 0.7595238089561462]",0.6955,0.36547619047619045,0.36428571428571427,0.37142857142857144,0.3464285714285714,0.3345238095238095,0.3345238095238095,0.37023809523809526
56,0.3761904761904762,0.186040490861078,0.1630599984405784,0.1001741055024798,0.5321428571428571,0.12729068100452423,0.05643365221718947,0.0,0.05608761248489221,0.731829370954074,"[0.6761904954910278, 0.7392857670783997, 0.7595238089561462]",0.478,0.4297619047619048,0.43214285714285716,0.4642857142857143,0.4630952380952381,0.4357142857142857,0.4357142857142857,0.42023809523809524
57,0.39880952380952384,0.2192590138589806,0.1534784729016301,0.08875208094046518,0.4928571428571429,0.13992834091186523,0.056323347613215446,0.0,0.05598731152713299,0.4935968859354034,"[0.6761904954910278, 0.7392857670783997, 0.7595238089561462]",0.7217,0.34523809523809523,0.34404761904761905,0.3464285714285714,0.35833333333333334,0.34285714285714286,0.34285714285714286,0.3464285714285714
58,0.38452380952380955,0.20754716981132082,0.15340948199149404,0.08650117205046375,0.4880952380952381,0.13698536157608032,0.056225260719656944,0.0,0.055897759894529976,0.6399123559240252,"[0.6761904954910278, 0.7392857670783997, 0.7595238089561462]",0.4758,0.38333333333333336,0.3892857142857143,0.38452380952380955,0.4511904761904762,0.43333333333333335,0.43333333333333335,0.37976190476190474
59,0.3261904761904762,0.1605724717771979,0.16664713391930017,0.0985236074306262,0.5404761904761904,0.1346805989742279,0.056137049570679665,0.0,0.055818681294719376,0.5540890999836847,"[0.6761904954910278, 0.7392857670783997, 0.7595238089561462]",0.766,0.40595238095238095,0.4083333333333333,0.4297619047619048,0.44285714285714284,0.43333333333333335,0.43333333333333335,0.40595238095238095
60,0.475,0.2834289560934846,0.174487500704526,0.12397559597510432,0.5464285714285714,0.12908115983009338,0.05605613005657991,0.0,0.05574724885324637,0.6358755549881607,"[0.6761904954910278, 0.7392857670783997, 0.7595238089561462]",0.6988,0.38333333333333336,0.39166666666666666,0.3761904761904762,0.4714285714285714,0.4357142857142857,0.4357142857142857,0.38095238095238093
61,0.4154761904761905,0.23244985540043106,0.15597220919193083,0.09362688548332336,0.5154761904761904,0.1314578354358673,0.055981094017624855,0.0,0.055682411417365074,0.7222156909992918,"[0.6761904954910278, 0.7392857670783997, 0.7595238089561462]",0.6393,0.3869047619047619,0.4035714285714286,0.430952380952381,0.5202380952380953,0.5035714285714286,0.5035714285714286,0.3892857142857143
62,0.513095238095238,0.3054061703934332,0.17321620846746444,0.14809752103386922,0.5416666666666666,0.13536705076694489,0.055915787195165954,0.0,0.055624328553676605,0.5095206510741264,"[0.6761904954910278, 0.7392857670783997, 0.7595238089561462]",0.5321,0.37976190476190474,0.3869047619047619,0.3738095238095238,0.4523809523809524,0.4297619047619048,0.4297619047619048,0.37857142857142856
63,0.47619047619047616,0.28067355112939707,0.1762654053052748,0.1344281109080627,0.544047619047619,0.1305764764547348,0.05585690960288048,0.0,0.0555720559010903,0.6812517859507352,"[0.6761904954910278, 0.7392857670783997, 0.7595238089561462]",0.5969,0.3869047619047619,0.4035714285714286,0.44761904761904764,0.513095238095238,0.49523809523809526,0.49523809523809526,0.38452380952380955
64,0.3464285714285714,0.1786794327908443,0.16569293515486216,0.10714339207513124,0.544047619047619,0.13843891024589539,0.05580257438123226,0.0,0.05552325894435247,0.6619115590583533,"[0.6761904954910278, 0.7392857670783997, 0.7595238089561462]",0.6103,0.38452380952380955,0.39285714285714285,0.38095238095238093,0.44166666666666665,0.4226190476190476,0.4226190476190476,0.38095238095238093
65,0.33095238095238094,0.16857755751165038,0.15472605698703887,0.08570104501846759,0.4976190476190476,0.13359829783439636,0.05575136529902617,0.0,0.055477321768800415,0.7653022919548675,"[0.6761904954910278, 0.7392857670783997, 0.7595238089561462]",0.6292,0.35595238095238096,0.37142857142857144,0.37142857142857144,0.4976190476190476,0.4666666666666667,0.4666666666666667,0.3547619047619048
66,0.4,0.214758154562957,0.16355047481140692,0.09626118766993672,0.5357142857142857,0.14867153763771057,0.05570164633293947,0.0,0.055435337126255035,0.6328542170813307,"[0.6761904954910278, 0.7392857670783997, 0.7595238089561462]",0.4741,0.39404761904761904,0.39880952380952384,0.4,0.3761904761904762,0.3619047619047619,0.3619047619047619,0.39166666666666666
67,0.4154761904761905,0.2201987506239318,0.1634345718950239,0.10709434533271024,0.4976190476190476,0.12970082461833954,0.05565445373455683,0.0,0.055395533641179405,0.62021654099226,"[0.6761904954910278, 0.7392857670783997, 0.7595238089561462]",0.4477,0.4369047619047619,0.44047619047619047,0.4726190476190476,0.4642857142857143,0.44642857142857145,0.44642857142857145,0.43214285714285716
68,0.4083333333333333,0.20713178765687212,0.1654410808348458,0.1159517103208409,0.5392857142857143,0.13178300857543945,0.055609000846743584,0.0,0.05535805597901344,0.7247151240007952,"[0.6761904954910278, 0.7392857670783997, 0.7595238089561462]",0.5692,0.39285714285714285,0.39285714285714285,0.3869047619047619,0.475,0.44166666666666665,0.44166666666666665,0.39166666666666666
69,0.46904761904761905,0.2659860226998877,0.16761598746535486,0.12601109474426075,0.5321428571428571,0.12971997261047363,0.055564657474557556,0.0,0.05532136932015419,0.6880810980219394,"[0.6761904954910278, 0.7392857670783997, 0.7595238089561462]",0.4323,0.4607142857142857,0.46190476190476193,0.47619047619047616,0.4880952380952381,0.4773809523809524,0.4773809523809524,0.4595238095238095
70,0.4595238095238095,0.2745120420043373,0.17232967897473966,0.12442056711583484,0.5357142857142857,0.14705267548561096,0.05552156766255697,0.0,0.05528568786879381,0.6555745300138369,"[0.6761904954910278, 0.7392857670783997, 0.7595238089561462]",0.4785,0.3976190476190476,0.41309523809523807,0.4261904761904762,0.4988095238095238,0.4654761904761905,0.4654761904761905,0.3952380952380952
71,0.4654761904761905,0.28096999275555723,0.16938470310021864,0.11638837367896747,0.5333333333333333,0.12905454635620117,0.05547995741168658,0.0,0.055250233660141625,0.5632925250101835,"[0.6761904954910278, 0.7392857670783997, 0.7595238089561462]",0.5267,0.3630952380952381,0.35833333333333334,0.3880952380952381,0.4107142857142857,0.39880952380952384,0.39880952380952384,0.3630952380952381
72,0.4142857142857143,0.24427279908715882,0.16736200821511102,0.11974743814805222,0.5321428571428571,0.13491249084472656,0.05543870789309343,0.0,0.055215261255701385,0.5740827869158238,"[0.6761904954910278, 0.7392857670783997, 0.7595238089561462]",0.672,0.4380952380952381,0.44285714285714284,0.4607142857142857,0.4654761904761905,0.44047619047619047,0.44047619047619047,0.43333333333333335
73,0.4166666666666667,0.24364096099495403,0.18141839025283074,0.12935189126581062,0.5452380952380952,0.134447380900383,0.05539647924403349,0.0,0.055181909973422684,0.5821962259942666,"[0.6761904954910278, 0.7392857670783997, 0.7595238089561462]",0.5087,0.37857142857142856,0.3678571428571429,0.3678571428571429,0.37857142857142856,0.37857142857142856,0.37857142857142856,0.38095238095238093
74,0.3821428571428571,0.2000440383133325,0.17950825470381862,0.1091705592090643,0.5202380952380953,0.1484326422214508,0.05535459145903587,0.0,0.055148416509230934,0.543519317987375,"[0.6761904954910278, 0.7392857670783997, 0.7595238089561462]",0.525,0.3964285714285714,0.4095238095238095,0.4226190476190476,0.39404761904761904,0.3892857142857143,0.3892857142857143,0.39166666666666666
75,0.34404761904761905,0.15465484113706263,0.1719062855091921,0.08979253312897807,0.5023809523809524,0.14025239646434784,0.05531328668196996,0.0,0.05511622689664364,0.5129521039780229,"[0.6761904954910278, 0.7392857670783997, 0.7595238089561462]",0.4301,0.3964285714285714,0.40595238095238095,0.41904761904761906,0.39166666666666666,0.3904761904761905,0.3904761904761905,0.3904761904761905
76,0.48333333333333334,0.2784590659710401,0.17137166482584174,0.1380347403216322,0.5404761904761904,0.13751059770584106,0.05527222156524658,0.0,0.055081636334458985,0.5002869579475373,"[0.6761904954910278, 0.7392857670783997, 0.7595238089561462]",0.6017,0.45476190476190476,0.4607142857142857,0.48095238095238096,0.48928571428571427,0.49642857142857144,0.49642857142857144,0.45476190476190476
77,0.4845238095238095,0.28054878627717816,0.1744423171024115,0.141313792255687,0.5428571428571428,0.13881313800811768,0.055230455473065376,0.0,0.05504622124135494,0.46385651698801666,"[0.6761904954910278, 0.7392857670783997, 0.7595238089561462]",0.5026,0.3904761904761905,0.4011904761904762,0.4095238095238095,0.37857142857142856,0.3904761904761905,0.3904761904761905,0.3892857142857143
78,0.4142857142857143,0.22994939369321699,0.17683215414790618,0.10887420436426633,0.5404761904761904,0.140269935131073,0.05518827090660731,0.0,0.05501032993197441,0.530139965005219,"[0.6761904954910278, 0.7392857670783997, 0.7595238089561462]",0.5829,0.4297619047619048,0.4380952380952381,0.4583333333333333,0.44761904761904764,0.4369047619047619,0.4369047619047619,0.4297619047619048
79,0.47023809523809523,0.2775583094323286,0.17825383530752564,0.1365223595896566,0.5333333333333333,0.14180722832679749,0.05514540150761604,0.0,0.054974738508462906,0.48876725195441395,"[0.6761904954910278, 0.7392857670783997, 0.7595238089561462]",0.5784,0.4095238095238095,0.40714285714285714,0.4357142857142857,0.43452380952380953,0.41309523809523807,0.41309523809523807,0.4095238095238095
80,0.47023809523809523,0.2750531394969977,0.17755169656297065,0.13331757292398333,0.5392857142857143,0.14267116785049438,0.055101823061704636,0.0,0.05493860195080439,0.5377354540396482,"[0.6761904954910278, 0.7392857670783997, 0.7595238089561462]",0.4942,0.4488095238095238,0.4607142857142857,0.48214285714285715,0.48095238095238096,0.44642857142857145,0.44642857142857145,0.44642857142857145
81,0.37976190476190474,0.21427673746386822,0.1739546223551387,0.09953785375331714,0.5178571428571429,0.14119786024093628,0.05506023267904917,0.0,0.05490268083910147,0.6210976560832933,"[0.6761904954910278, 0.7392857670783997, 0.7595238089561462]",0.6077,0.4083333333333333,0.40714285714285714,0.39285714285714285,0.42023809523809524,0.40476190476190477,0.40476190476190477,0.40714285714285714
82,0.4928571428571429,0.2911027290880853,0.17582348972818146,0.13818721682192617,0.5369047619047619,0.14084312319755554,0.05502007467051347,0.0,0.05487185716629028,0.6164392840582877,"[0.6761904954910278, 0.7392857670783997, 0.7595238089561462]",0.7076,0.3964285714285714,0.3976190476190476,0.37976190476190474,0.3678571428571429,0.37976190476190474,0.37976190476190474,0.39404761904761904
83,0.49523809523809526,0.29345389477192385,0.17668908808757128,0.13876943147413762,0.5380952380952381,0.1403159499168396,0.054979862024386726,0.0,0.05485136869053046,0.7015043779974803,"[0.6761904954910278, 0.7392857670783997, 0.7595238089561462]",0.5597,0.4583333333333333,0.4726190476190476,0.44047619047619047,0.4738095238095238,0.4523809523809524,0.4523809523809524,0.4488095238095238
84,0.5071428571428571,0.3051748251748251,0.18158646795804226,0.14002928282616547,0.5345238095238095,0.14010703563690186,0.05493904463946819,0.0,0.05482855004568895,0.7094893848989159,"[0.6761904954910278, 0.7392857670783997, 0.7595238089561462]",0.6804,0.42023809523809524,0.4392857142857143,0.42857142857142855,0.49523809523809526,0.444047619047619,0.444047619047619,0.4166666666666667
85,0.5071428571428571,0.3058710344469683,0.1845695664174446,0.14244024730988644,0.5369047619047619,0.1393018662929535,0.05490052762130896,0.0,0.05480386006335417,0.48877199192065746,"[0.6761904954910278, 0.7392857670783997, 0.7595238089561462]",0.4284,0.41904761904761906,0.44047619047619047,0.4297619047619048,0.4988095238095238,0.4488095238095238,0.4488095238095238,0.4154761904761905
86,0.47619047619047616,0.280642750373692,0.18403931391995562,0.1418980656007968,0.5380952380952381,0.1387198567390442,0.05486616616447767,0.0,0.0547752163062493,0.6252887030132115,"[0.6761904954910278, 0.7392857670783997, 0.7595238089561462]",0.5311,0.47023809523809523,0.4845238095238095,0.4392857142857143,0.47619047619047616,0.4511904761904762,0.4511904761904762,0.4654761904761905
87,0.4392857142857143,0.2525137258310127,0.1724138016279264,0.1300554584646777,0.525,0.13859395682811737,0.05483118134240309,0.0,0.05474820795158545,0.4876185479806736,"[0.6761904954910278, 0.7392857670783997, 0.7595238089561462]",0.5259,0.4035714285714286,0.4035714285714286,0.38095238095238093,0.36428571428571427,0.36547619047619045,0.36547619047619045,0.40476190476190477
88,0.4642857142857143,0.2682445224811544,0.1820053103785699,0.12076539210643508,0.5357142857142857,0.13831043243408203,0.05479644859830538,0.0,0.054720899711052574,0.5307169699808583,"[0.6761904954910278, 0.7392857670783997, 0.7595238089561462]",0.4424,0.475,0.49047619047619045,0.5238095238095238,0.49523809523809526,0.4797619047619048,0.4797619047619048,0.475
89,0.39880952380952384,0.23098956161691608,0.19838774381348095,0.1178875584698982,0.544047619047619,0.14312247931957245,0.054762073482076325,0.0,0.054692765697836876,0.4947514779632911,"[0.6761904954910278, 0.7392857670783997, 0.7595238089561462]",0.6554,0.4785714285714286,0.4845238095238095,0.5083333333333333,0.5238095238095238,0.5142857142857142,0.5142857142857142,0.47619047619047616
90,0.4785714285714286,0.27920162058170106,0.18637332347282798,0.14685012845393347,0.55,0.14302189648151398,0.05472805599371592,0.0,0.0546653705338637,0.5618866230361164,"[0.6761904954910278, 0.7392857670783997, 0.7595238089561462]",0.443,0.475,0.4857142857142857,0.5035714285714286,0.5047619047619047,0.4928571428571429,0.4928571428571429,0.4738095238095238
91,0.513095238095238,0.30740014998669474,0.1834928764326891,0.14405593485963922,0.5369047619047619,0.13796059787273407,0.054695057372252144,0.0,0.05463829077780247,0.4751370250014588,"[0.6761904954910278, 0.7392857670783997, 0.7595238089561462]",0.4609,0.42738095238095236,0.42857142857142855,0.4357142857142857,0.4392857142857143,0.4369047619047619,0.4369047619047619,0.4297619047619048
92,0.44642857142857145,0.24815792918132762,0.18480135705302422,0.13666760471250614,0.5428571428571428,0.13677909970283508,0.054664766415953636,0.0,0.054612576961517334,0.43016171001363546,"[0.6761904954910278, 0.7392857670783997, 0.7595238089561462]",0.5003,0.4119047619047619,0.40714285714285714,0.39166666666666666,0.4392857142857143,0.4261904761904762,0.4261904761904762,0.40714285714285714
93,0.4357142857142857,0.23753643226184507,0.1844870944262233,0.12943524718723626,0.544047619047619,0.13233771920204163,0.05463588051497936,0.0,0.05458579584956169,0.46110108599532396,"[0.6761904954910278, 0.7392857670783997, 0.7595238089561462]",0.4492,0.4666666666666667,0.4785714285714286,0.4654761904761905,0.49404761904761907,0.4797619047619048,0.4797619047619048,0.46190476190476193
94,0.3726190476190476,0.16778210584891196,0.18841757353279728,0.10344632514422364,0.5059523809523809,0.13500532507896423,0.05460832640528679,0.0,0.05456125239531199,0.47970059502404183,"[0.6761904954910278, 0.7392857670783997, 0.7595238089561462]",0.4578,0.3880952380952381,0.3976190476190476,0.4142857142857143,0.4869047619047619,0.4392857142857143,0.4392857142857143,0.3869047619047619
95,0.3761904761904762,0.17132938226235195,0.18960695248446127,0.10548128094652097,0.5095238095238095,0.13774925470352173,0.05458237479130427,0.0,0.05453884166975816,0.4420921050477773,"[0.6761904954910278, 0.7392857670783997, 0.7595238089561462]",0.4371,0.4654761904761905,0.4797619047619048,0.46785714285714286,0.49404761904761907,0.4845238095238095,0.4845238095238095,0.4607142857142857
96,0.38452380952380955,0.17909827079096008,0.19212981366440018,0.10793026976402037,0.513095238095238,0.1380593627691269,0.054556187242269516,0.0,0.054518104220430054,0.44722847803495824,"[0.6761904954910278, 0.7392857670783997, 0.7595238089561462]",0.4699,0.43214285714285716,0.4488095238095238,0.4511904761904762,0.5226190476190476,0.47619047619047616,0.47619047619047616,0.425
97,0.43452380952380953,0.2496671455758569,0.19856726129220947,0.13306959984604388,0.5178571428571429,0.13775165379047394,0.05452945393820604,0.0,0.054496130595604576,0.46300042094662786,"[0.6761904954910278, 0.7392857670783997, 0.7595238089561462]",0.447,0.4523809523809524,0.4785714285714286,0.45357142857142857,0.5011904761904762,0.48333333333333334,0.48333333333333334,0.4511904761904762
98,0.43452380952380953,0.24939895480215368,0.19943993670616036,0.1337820525289639,0.5178571428571429,0.1374691128730774,0.054504849637548126,0.0,0.054475501800576843,0.46665661805309355,"[0.6761904954910278, 0.7392857670783997, 0.7595238089561462]",0.617,0.45357142857142857,0.4630952380952381,0.5023809523809524,0.4928571428571429,0.4880952380952381,0.4880952380952381,0.44761904761904764
99,0.41904761904761906,0.2321237233907042,0.19781820667023847,0.12352970647962129,0.5107142857142857,0.1370311826467514,0.054480716586112976,0.0,0.054455152402321495,0.49611953005660325,"[0.6761904954910278, 0.7392857670783997, 0.7595238089561462]",0.4378,0.45595238095238094,0.4654761904761905,0.5035714285714286,0.4928571428571429,0.49047619047619045,0.49047619047619045,0.44761904761904764
100,0.35595238095238096,0.16879449228495547,0.19162905807353853,0.10124727344209436,0.5392857142857143,0.1379038542509079,0.054455832267800965,0.0,0.05443924541274706,0.4453605629969388,"[0.6761904954910278, 0.7392857670783997, 0.7595238089561462]",0.4278,0.45476190476190476,0.4642857142857143,0.5035714285714286,0.48928571428571427,0.4880952380952381,0.4880952380952381,0.44642857142857145
101,0.3726190476190476,0.19896061031572554,0.18952900970594494,0.10469383216107811,0.5404761904761904,0.1359522044658661,0.05443114601075649,0.0,0.05442467083533605,0.5948440879583359,"[0.6761904954910278, 0.7392857670783997, 0.7595238089561462]",0.6167,0.44761904761904764,0.45357142857142857,0.4642857142857143,0.48333333333333334,0.4714285714285714,0.4714285714285714,0.44166666666666665
102,0.43214285714285716,0.24875692783056724,0.19727224113152358,0.10743228753265552,0.55,0.1360241174697876,0.054407780369122825,0.0,0.054410087565581,0.6328263740288094,"[0.6761904954910278, 0.7392857670783997, 0.7595238089561462]",0.4654,0.444047619047619,0.45595238095238094,0.4773809523809524,0.45476190476190476,0.4523809523809524,0.4523809523809524,0.4380952380952381
103,0.45595238095238094,0.25689762307124986,0.1919429864812215,0.13055953076644233,0.55,0.13567876815795898,0.054384645695487656,0.0,0.054396466041604676,0.6083989499602467,"[0.6761904954910278, 0.7392857670783997, 0.7595238089561462]",0.6997,0.425,0.42857142857142855,0.4511904761904762,0.42738095238095236,0.44166666666666665,0.44166666666666665,0.42857142857142855
104,0.43214285714285716,0.2404660173562273,0.19360386014296474,0.13875073237002022,0.5619047619047619,0.13139371573925018,0.05436189596851667,0.0,0.05438459850847721,0.6568844929570332,"[0.6761904954910278, 0.7392857670783997, 0.7595238089561462]",0.4457,0.3952380952380952,0.4011904761904762,0.36904761904761907,0.3726190476190476,0.4011904761904762,0.4011904761904762,0.3892857142857143
105,0.4166666666666667,0.24293423680928783,0.19646353670626918,0.12505768959459618,0.5297619047619048,0.13513809442520142,0.05434128890434901,0.0,0.05437006366749605,0.45825508004054427,"[0.6761904954910278, 0.7392857670783997, 0.7595238089561462]",0.507,0.42142857142857143,0.41904761904761906,0.42142857142857143,0.4738095238095238,0.4488095238095238,0.4488095238095238,0.41904761904761906
106,0.41309523809523807,0.2358676478186098,0.1930611227957807,0.11176618450925216,0.5119047619047619,0.13692419230937958,0.05432137412329515,0.0,0.05435599386692047,0.7128297779709101,"[0.6761904954910278, 0.7392857670783997, 0.7595238089561462]",0.7526,0.4452380952380952,0.4630952380952381,0.4654761904761905,0.5011904761904762,0.48333333333333334,0.48333333333333334,0.44642857142857145
107,0.4142857142857143,0.23682898454379275,0.1926728877228917,0.11143625111854082,0.5095238095238095,0.1339697539806366,0.054301850497722626,0.0,0.05434222829838594,0.5441475190455094,"[0.6761904954910278, 0.7392857670783997, 0.7595238089561462]",0.5367,0.4488095238095238,0.46785714285714286,0.45595238095238094,0.5119047619047619,0.4928571428571429,0.4928571428571429,0.444047619047619
108,0.4154761904761905,0.23791855905927906,0.192329586039292,0.11169871880940507,0.5083333333333333,0.133756622672081,0.0542827503134807,0.0,0.0543283149600029,0.5837491230340675,"[0.6761904954910278, 0.7392857670783997, 0.7595238089561462]",0.5273,0.4869047619047619,0.5023809523809524,0.49047619047619045,0.5059523809523809,0.49047619047619045,0.49047619047619045,0.48333333333333334
109,0.38571428571428573,0.2226908840492383,0.20204579872766362,0.11706561336088818,0.5178571428571429,0.1360374540090561,0.054263120517134666,0.0,0.05431555832425753,0.45935041608754545,"[0.6761904954910278, 0.7392857670783997, 0.7595238089561462]",0.5356,0.49404761904761907,0.5011904761904762,0.5273809523809524,0.5285714285714286,0.5357142857142857,0.5357142857142857,0.4880952380952381
110,0.3964285714285714,0.2319151622269915,0.19902092038385014,0.11916093759500307,0.5214285714285715,0.1381540298461914,0.05424310887853304,0.0,0.05430289978782336,0.568182046059519,"[0.6761904954910278, 0.7392857670783997, 0.7595238089561462]",0.699,0.48333333333333334,0.49404761904761907,0.5190476190476191,0.5154761904761904,0.5190476190476191,0.5190476190476191,0.4738095238095238
111,0.39880952380952384,0.22664060847814826,0.19632042887614012,0.10980711837195749,0.5047619047619047,0.1393258273601532,0.054222999761501946,0.0,0.05429054610431194,0.4507296299561858,"[0.6761904954910278, 0.7392857670783997, 0.7595238089561462]",0.5258,0.49523809523809526,0.5011904761904762,0.5285714285714286,0.5285714285714286,0.5333333333333333,0.5333333333333333,0.4869047619047619
112,0.4238095238095238,0.22978702444236476,0.19555076271050917,0.11266971271306594,0.5071428571428571,0.1393728256225586,0.05420289685328802,0.0,0.054281252746780716,0.6791761870263144,"[0.6761904954910278, 0.7392857670783997, 0.7595238089561462]",0.4831,0.48095238095238096,0.49166666666666664,0.5190476190476191,0.5166666666666667,0.5190476190476191,0.5190476190476191,0.475
113,0.4226190476190476,0.22905446576918553,0.1954461506316828,0.11235610746164758,0.5059523809523809,0.13902859389781952,0.054182477916280426,0.0,0.05427385866641998,0.4706199240172282,"[0.6761904954910278, 0.7392857670783997, 0.7595238089561462]",0.4466,0.48928571428571427,0.5011904761904762,0.5273809523809524,0.5226190476190476,0.5202380952380953,0.5202380952380953,0.4845238095238095
114,0.40714285714285714,0.2343649907571792,0.1937194662405732,0.10617379925479253,0.5166666666666667,0.13850295543670654,0.054162855570515,0.0,0.054267484694719315,0.4898895270889625,"[0.6761904954910278, 0.7392857670783997, 0.7595238089561462]",0.4301,0.48333333333333334,0.5023809523809524,0.4857142857142857,0.5047619047619047,0.4880952380952381,0.4880952380952381,0.47619047619047616
115,0.40714285714285714,0.23466195374161603,0.19393157635912778,0.10616960344522357,0.5178571428571429,0.13795910775661469,0.05414393482108911,0.0,0.05426172539591789,0.4167229779995978,"[0.6761904954910278, 0.7392857670783997, 0.7595238089561462]",0.4382,0.4857142857142857,0.5023809523809524,0.4869047619047619,0.5035714285714286,0.49047619047619045,0.49047619047619045,0.4797619047619048
116,0.41904761904761906,0.23242567119686308,0.19546734489209205,0.11012770349220763,0.5035714285714286,0.13871000707149506,0.054123757407069206,0.0,0.054256144911050797,0.41703883197624236,"[0.6761904954910278, 0.7392857670783997, 0.7595238089561462]",0.4475,0.46785714285714286,0.4797619047619048,0.5119047619047619,0.5011904761904762,0.49047619047619045,0.49047619047619045,0.45476190476190476
117,0.41904761904761906,0.23242567119686308,0.19546734489209205,0.11012770349220763,0.5035714285714286,0.1386946737766266,0.05410696007311344,0.0,0.05424931893746058,0.4239188509527594,"[0.6761904954910278, 0.7392857670783997, 0.7595238089561462]",0.4198,0.47023809523809523,0.48333333333333334,0.47023809523809523,0.4976190476190476,0.48095238095238096,0.48095238095238096,0.4642857142857143
118,0.41904761904761906,0.23242567119686308,0.19546734489209205,0.11012770349220763,0.5035714285714286,0.13860148191452026,0.054091467832525574,0.0,0.05424143808583418,0.42250953696202487,"[0.6761904954910278, 0.7392857670783997, 0.7595238089561462]",0.4791,0.4630952380952381,0.4880952380952381,0.45714285714285713,0.5035714285714286,0.4797619047619048,0.4797619047619048,0.4583333333333333
119,0.43452380952380953,0.24978283187238426,0.20663266552473725,0.13468919726820483,0.5226190476190476,0.14016041159629822,0.054075442254543304,0.0,0.05423339828848839,0.461492438102141,"[0.6761904954910278, 0.7392857670783997, 0.7595238089561462]",0.5556,0.4630952380952381,0.4880952380952381,0.4607142857142857,0.5035714285714286,0.48095238095238096,0.48095238095238096,0.4595238095238095
120,0.44047619047619047,0.25202340173997384,0.20792135875630624,0.13578794297649935,0.5404761904761904,0.13815437257289886,0.054062144830822945,0.0,0.05422653630375862,0.43183931102976203,"[0.6761904954910278, 0.7392857670783997, 0.7595238089561462]",0.417,0.4630952380952381,0.48928571428571427,0.46190476190476193,0.5035714285714286,0.48214285714285715,0.48214285714285715,0.4583333333333333
121,0.41309523809523807,0.2325227118568679,0.2014560237270454,0.11978037769871115,0.5107142857142857,0.13525822758674622,0.054048849269747734,0.0,0.05422068697710832,0.4333555679768324,"[0.6761904954910278, 0.7392857670783997, 0.7595238089561462]",0.4854,0.4630952380952381,0.4880952380952381,0.4583333333333333,0.5035714285714286,0.48095238095238096,0.48095238095238096,0.4595238095238095
122,0.46190476190476193,0.2683039637389575,0.2125369997373038,0.15493934866647124,0.5476190476190477,0.135689839720726,0.05403619880477587,0.0,0.05421493202447891,0.6423994160722941,"[0.6761904954910278, 0.7392857670783997, 0.7595238089561462]",0.5563,0.4642857142857143,0.4880952380952381,0.4607142857142857,0.5035714285714286,0.48333333333333334,0.48333333333333334,0.4595238095238095
123,0.41309523809523807,0.23557426071547238,0.20352572752168746,0.12278565508245458,0.5214285714285715,0.13567110896110535,0.05402282811701298,0.0,0.05420753421882788,0.6867805400397629,"[0.6761904954910278, 0.7392857670783997, 0.7595238089561462]",0.4986,0.4797619047619048,0.49523809523809526,0.47023809523809523,0.4988095238095238,0.4773809523809524,0.4773809523809524,0.4726190476190476
124,0.39880952380952384,0.2232135009229147,0.20148035749816404,0.11662724248934818,0.5190476190476191,0.13621631264686584,0.05400854473312696,0.0,0.05420423299074173,0.49839326995424926,"[0.6761904954910278, 0.7392857670783997, 0.7595238089561462]",0.457,0.4797619047619048,0.49523809523809526,0.4714285714285714,0.5,0.48095238095238096,0.48095238095238096,0.4738095238095238
125,0.43214285714285716,0.2531370926253158,0.20636408872961495,0.14052004051809439,0.5416666666666666,0.13705337047576904,0.05399567758043607,0.0,0.054201112439235054,0.43064914690330625,"[0.6761904954910278, 0.7392857670783997, 0.7595238089561462]",0.4018,0.4797619047619048,0.49642857142857144,0.46904761904761905,0.5,0.48214285714285715,0.48214285714285715,0.4738095238095238
126,0.4357142857142857,0.25648447274560693,0.20686805565056077,0.14271297699472787,0.5416666666666666,0.13711515069007874,0.05398237332701683,0.0,0.054203261310855545,0.43077015096787363,"[0.6761904954910278, 0.7392857670783997, 0.7595238089561462]",0.4142,0.45357142857142857,0.47023809523809523,0.43452380952380953,0.4297619047619048,0.41785714285714287,0.41785714285714287,0.4452380952380952
127,0.43214285714285716,0.25218365061590153,0.20373728496317067,0.13903651576599346,0.5369047619047619,0.13718901574611664,0.05397007241845131,0.0,0.05420255412658056,0.46732350590173155,"[0.6761904954910278, 0.7392857670783997, 0.7595238089561462]",0.6033,0.4523809523809524,0.47023809523809523,0.43452380952380953,0.4297619047619048,0.41785714285714287,0.41785714285714287,0.4452380952380952
128,0.43214285714285716,0.25218365061590153,0.20373728496317067,0.13903651576599346,0.5369047619047619,0.13718335330486298,0.053958126033345856,0.0,0.05419532768428326,0.5593564610462636,"[0.6761904954910278, 0.7392857670783997, 0.7595238089561462]",0.5998,0.4523809523809524,0.46904761904761905,0.425,0.42738095238095236,0.41785714285714287,0.41785714285714287,0.444047619047619
129,0.375,0.18246432318798123,0.1995654630859393,0.11270200160360805,0.5333333333333333,0.13791434466838837,0.05394772067666054,0.0,0.054190086821715035,0.5691123730503023,"[0.6761904954910278, 0.7392857670783997, 0.7595238089561462]",0.6012,0.45,0.46904761904761905,0.425,0.4261904761904762,0.4166666666666667,0.4166666666666667,0.44166666666666665
130,0.45714285714285713,0.2741990495463743,0.20074803508049893,0.1351884562086314,0.5404761904761904,0.13795170187950134,0.05393840745091438,0.0,0.05418204267819723,0.5201359549537301,"[0.6761904954910278, 0.7392857670783997, 0.7595238089561462]",0.5734,0.3976190476190476,0.4095238095238095,0.375,0.3880952380952381,0.38571428571428573,0.38571428571428573,0.39880952380952384
131,0.39404761904761904,0.22139222849067797,0.20526926735658158,0.11565472712544607,0.5190476190476191,0.13644686341285706,0.05392972007393837,0.0,0.05417426551381747,0.44743016990832984,"[0.6761904954910278, 0.7392857670783997, 0.7595238089561462]",0.4235,0.3964285714285714,0.4107142857142857,0.3761904761904762,0.3869047619047619,0.38452380952380955,0.38452380952380955,0.39880952380952384
132,0.430952380952381,0.2506634517406511,0.20636010407545088,0.13320825651532106,0.5190476190476191,0.1358591616153717,0.053920969987909,0.0,0.05416999633113543,0.4492474680300802,"[0.6761904954910278, 0.7392857670783997, 0.7595238089561462]",0.4809,0.3964285714285714,0.4083333333333333,0.37142857142857144,0.38571428571428573,0.3880952380952381,0.3880952380952381,0.39880952380952384
133,0.4107142857142857,0.19826618796589435,0.20239992177189223,0.12010965444710274,0.5178571428571429,0.1362527310848236,0.05391132707397143,0.0,0.05416188761591911,0.4462739520240575,"[0.6761904954910278, 0.7392857670783997, 0.7595238089561462]",0.4767,0.3964285714285714,0.4083333333333333,0.3726190476190476,0.3869047619047619,0.3880952380952381,0.3880952380952381,0.39880952380952384
134,0.4095238095238095,0.2221554270266637,0.20007786630417232,0.12322381077136406,0.5369047619047619,0.1377272605895996,0.0539025558779637,0.0,0.05415129599471887,0.46606521401554346,"[0.6761904954910278, 0.7392857670783997, 0.7595238089561462]",0.566,0.45,0.47023809523809523,0.4297619047619048,0.4261904761904762,0.4166666666666667,0.4166666666666667,0.444047619047619
135,0.36666666666666664,0.19789206148632632,0.19982317930574106,0.10909444255984736,0.530952380952381,0.1349170058965683,0.05389471476276716,0.0,0.05414148544271787,0.46201735897921026,"[0.6761904954910278, 0.7392857670783997, 0.7595238089561462]",0.4174,0.5,0.4976190476190476,0.48095238095238096,0.4785714285714286,0.4523809523809524,0.4523809523809524,0.4880952380952381
136,0.4023809523809524,0.216714838728852,0.20021828919178955,0.12179172471208323,0.5369047619047619,0.13609223067760468,0.053886317337552704,0.0,0.054135896265506744,0.42332744400482625,"[0.6761904954910278, 0.7392857670783997, 0.7595238089561462]",0.4246,0.49523809523809526,0.49523809523809526,0.47619047619047616,0.4773809523809524,0.44642857142857145,0.44642857142857145,0.48333333333333334
137,0.4,0.21528794646994498,0.19882949409548892,0.12093136617280793,0.5357142857142857,0.13505224883556366,0.05387972667813301,0.0,0.05413131167491277,0.4561671289848164,"[0.6761904954910278, 0.7392857670783997, 0.7595238089561462]",0.4175,0.39285714285714285,0.3630952380952381,0.4166666666666667,0.430952380952381,0.4119047619047619,0.4119047619047619,0.39404761904761904
138,0.4452380952380952,0.25951708952231056,0.2034960311792686,0.13846420880860888,0.5535714285714286,0.1340993344783783,0.053873989110191665,0.0,0.054125446205337845,0.44630905298981816,"[0.6761904954910278, 0.7392857670783997, 0.7595238089561462]",0.4579,0.39404761904761904,0.36428571428571427,0.41904761904761906,0.43214285714285716,0.41309523809523807,0.41309523809523807,0.3952380952380952
139,0.4452380952380952,0.25956471242495205,0.20491919337386422,0.14041660185096314,0.555952380952381,0.13411208987236023,0.05386971930662791,0.0,0.05412638063232104,0.4339756389381364,"[0.6761904954910278, 0.7392857670783997, 0.7595238089561462]",0.407,0.38452380952380955,0.37857142857142856,0.4107142857142857,0.41904761904761906,0.4083333333333333,0.4083333333333333,0.38452380952380955
140,0.4666666666666667,0.2810252726341773,0.21302689736564906,0.1551077641247778,0.5535714285714286,0.13482801616191864,0.05386551531652609,0.0,0.05412876792252064,0.43892858491744846,"[0.6761904954910278, 0.7392857670783997, 0.7595238089561462]",0.4456,0.38571428571428573,0.3726190476190476,0.4119047619047619,0.41785714285714287,0.40476190476190477,0.40476190476190477,0.38333333333333336
141,0.46785714285714286,0.2828438712831953,0.2130473929020909,0.15593674326309853,0.5535714285714286,0.13488978147506714,0.05386141687631607,0.0,0.05412352457642555,0.4782854359364137,"[0.6761904954910278, 0.7392857670783997, 0.7595238089561462]",0.4389,0.38452380952380955,0.38095238095238093,0.4107142857142857,0.42023809523809524,0.40714285714285714,0.40714285714285714,0.38452380952380955
142,0.46190476190476193,0.2789535254705946,0.19594849522897448,0.11944335700597893,0.5380952380952381,0.13632164895534515,0.053857763608296715,0.0,0.0541205375144879,0.41549322404898703,"[0.6761904954910278, 0.7392857670783997, 0.7595238089561462]",0.5511,0.42142857142857143,0.3904761904761905,0.45,0.4642857142857143,0.430952380952381,0.430952380952381,0.4119047619047619
143,0.45476190476190476,0.27469345278494184,0.1962594744766261,0.1187445669903747,0.5333333333333333,0.13710568845272064,0.053854573518037796,0.0,0.054113877937197685,0.4089839750668034,"[0.6761904954910278, 0.7392857670783997, 0.7595238089561462]",0.4447,0.42023809523809524,0.3892857142857143,0.4488095238095238,0.4630952380952381,0.4297619047619048,0.4297619047619048,0.4107142857142857
144,0.45476190476190476,0.2744882834157436,0.19598065883849694,0.11886253687472867,0.5321428571428571,0.13625475764274597,0.053848049292961754,0.0,0.054095943768819175,0.48090511898044497,"[0.6761904954910278, 0.7392857670783997, 0.7595238089561462]",0.4995,0.4035714285714286,0.3892857142857143,0.4142857142857143,0.42738095238095236,0.4166666666666667,0.4166666666666667,0.40476190476190477
145,0.45476190476190476,0.2742829979401046,0.19573050422731111,0.11899974953523304,0.530952380952381,0.13618360459804535,0.05384288107355436,0.0,0.054074494168162346,0.3945533069781959,"[0.6761904954910278, 0.7392857670783997, 0.7595238089561462]",0.4255,0.4035714285714286,0.3892857142857143,0.4142857142857143,0.42738095238095236,0.4166666666666667,0.4166666666666667,0.40476190476190477
146,0.45476190476190476,0.2749531674625999,0.19658059119139026,0.11917410334617691,0.5333333333333333,0.13610652089118958,0.05384159336487452,0.0,0.054056053360303245,0.43141437298618257,"[0.6761904954910278, 0.7392857670783997, 0.7595238089561462]",0.5083,0.4035714285714286,0.3892857142857143,0.4142857142857143,0.42738095238095236,0.4166666666666667,0.4166666666666667,0.40476190476190477
147,0.45595238095238094,0.2745346310120004,0.19655835952870013,0.11821885264620616,0.5333333333333333,0.13603553175926208,0.05384221114218235,0.0,0.05403547361493111,0.40187964402139187,"[0.6761904954910278, 0.7392857670783997, 0.7595238089561462]",0.4332,0.40476190476190477,0.3892857142857143,0.4154761904761905,0.42738095238095236,0.4166666666666667,0.4166666666666667,0.40476190476190477
148,0.45714285714285713,0.275601868487244,0.19636949473504664,0.11916333164440908,0.5321428571428571,0.13621866703033447,0.05384283264478048,0.0,0.05401270464062691,0.5481933469418436,"[0.6761904954910278, 0.7392857670783997, 0.7595238089561462]",0.7267,0.4035714285714286,0.3880952380952381,0.4142857142857143,0.42857142857142855,0.41785714285714287,0.41785714285714287,0.4035714285714286
149,0.41785714285714287,0.24861983558757128,0.19524843876480388,0.11487385710737401,0.5523809523809524,0.13603819906711578,0.0538438664128383,0.0,0.053987895449002586,0.5491759730502963,"[0.6761904954910278, 0.7392857670783997, 0.7595238089561462]",0.4918,0.40476190476190477,0.38452380952380955,0.41309523809523807,0.4297619047619048,0.4154761904761905,0.4154761904761905,0.40476190476190477
150,0.40714285714285714,0.23855428704566628,0.20534526637048542,0.12530188160190134,0.5607142857142857,0.13799582421779633,0.05384466672937075,0.0,0.0539643249164025,0.4838986690156162,"[0.6761904954910278, 0.7392857670783997, 0.7595238089561462]",0.5679,0.4023809523809524,0.38333333333333336,0.4142857142857143,0.42738095238095236,0.4154761904761905,0.4154761904761905,0.4035714285714286
151,0.4119047619047619,0.23880104193418206,0.19485441923610114,0.10586630261264206,0.5511904761904762,0.1385788917541504,0.05384586316843828,0.0,0.05394023718933264,0.578429717104882,"[0.6761904954910278, 0.7392857670783997, 0.7595238089561462]",0.5242,0.41309523809523807,0.4166666666666667,0.39166666666666666,0.40714285714285714,0.42023809523809524,0.42023809523809524,0.4142857142857143
152,0.444047619047619,0.26536299248283635,0.20429443835219524,0.1321404515302467,0.5666666666666667,0.13784679770469666,0.053847365702191986,0.0,0.0539178183923165,0.432582993991673,"[0.6761904954910278, 0.7392857670783997, 0.7595238089561462]",0.4553,0.41309523809523807,0.4154761904761905,0.39166666666666666,0.40714285714285714,0.42023809523809524,0.42023809523809524,0.4142857142857143
153,0.44285714285714284,0.26558063069795246,0.204801869336358,0.1322144946086055,0.5654761904761905,0.1373709738254547,0.05384880490601063,0.0,0.05389498360455036,0.42305896198377013,"[0.6761904954910278, 0.7392857670783997, 0.7595238089561462]",0.4354,0.40476190476190477,0.3964285714285714,0.4452380952380952,0.4797619047619048,0.4523809523809524,0.4523809523809524,0.40714285714285714
154,0.44285714285714284,0.26558063069795246,0.204801869336358,0.1322144946086055,0.5654761904761905,0.13723263144493103,0.05385055703421434,0.0,0.05387407789627711,0.41529215790797025,"[0.6761904954910278, 0.7392857670783997, 0.7595238089561462]",0.5389,0.40476190476190477,0.3952380952380952,0.4452380952380952,0.4785714285714286,0.4523809523809524,0.4523809523809524,0.40714285714285714
155,0.39166666666666666,0.2170839276399068,0.19812770987745057,0.11317851469815304,0.5297619047619048,0.1346152275800705,0.05385158956050873,0.0,0.05385389427344004,0.5096520489314571,"[0.6761904954910278, 0.7392857670783997, 0.7595238089561462]",0.4206,0.40476190476190477,0.39166666666666666,0.444047619047619,0.4797619047619048,0.4511904761904762,0.4511904761904762,0.40714285714285714
156,0.3964285714285714,0.22176457044284192,0.199255993354577,0.1151729488804262,0.5285714285714286,0.13297654688358307,0.05385187019904455,0.0,0.05383331576983134,0.44343865604605526,"[0.6761904954910278, 0.7392857670783997, 0.7595238089561462]",0.4274,0.40476190476190477,0.3952380952380952,0.4452380952380952,0.4785714285714286,0.45,0.45,0.40714285714285714
157,0.4,0.2225107525499429,0.19837360029910112,0.1172404368037543,0.5214285714285715,0.1330834925174713,0.05385202790300051,0.0,0.05381329792241255,0.43908331205602735,"[0.6761904954910278, 0.7392857670783997, 0.7595238089561462]",0.4657,0.40476190476190477,0.3964285714285714,0.4452380952380952,0.4773809523809524,0.45,0.45,0.40714285714285714
158,0.43333333333333335,0.2577907468870425,0.2010853093826683,0.12909021334443083,0.5321428571428571,0.13419485092163086,0.05385323613882065,0.0,0.05379307518402735,0.4198116969782859,"[0.6761904954910278, 0.7392857670783997, 0.7595238089561462]",0.4253,0.40476190476190477,0.3952380952380952,0.444047619047619,0.4773809523809524,0.4511904761904762,0.4511904761904762,0.40714285714285714
159,0.4357142857142857,0.2594190821974882,0.20255439735978023,0.12895076221141374,0.5333333333333333,0.13510437309741974,0.05385472377141317,0.0,0.05377256373564402,0.41740727704018354,"[0.6761904954910278, 0.7392857670783997, 0.7595238089561462]",0.513,0.40476190476190477,0.3952380952380952,0.444047619047619,0.4773809523809524,0.4511904761904762,0.4511904761904762,0.40714285714285714
160,0.43452380952380953,0.2487347110923661,0.20040295159979737,0.11877455792564515,0.5345238095238095,0.13434883952140808,0.05385632378359636,0.0,0.05375275077919165,0.39071138796862215,"[0.6761904954910278, 0.7392857670783997, 0.7595238089561462]",0.4281,0.4035714285714286,0.3904761904761905,0.444047619047619,0.475,0.4488095238095238,0.4488095238095238,0.40714285714285714
161,0.4238095238095238,0.23950901792361423,0.19354167549990955,0.11461238033738716,0.5083333333333333,0.1326352208852768,0.05385805976887544,0.0,0.05373321784039339,0.4202856241026893,"[0.6761904954910278, 0.7392857670783997, 0.7595238089561462]",0.4656,0.4035714285714286,0.3892857142857143,0.444047619047619,0.47619047619047616,0.4488095238095238,0.4488095238095238,0.40714285714285714
162,0.45595238095238094,0.2753863926368325,0.20218717562311425,0.13245743742031446,0.5321428571428571,0.13571207225322723,0.053858994195858635,0.0,0.053714657202363014,0.5484724410343915,"[0.6761904954910278, 0.7392857670783997, 0.7595238089561462]",0.5542,0.40476190476190477,0.3952380952380952,0.4452380952380952,0.4785714285714286,0.4511904761904762,0.4511904761904762,0.40714285714285714
163,0.4369047619047619,0.2525678166973927,0.20901893446861497,0.1367804898536804,0.5238095238095238,0.13652044534683228,0.05386065257092317,0.0,0.05369630393882593,0.5216223959578201,"[0.6761904954910278, 0.7392857670783997, 0.7595238089561462]",0.4395,0.40476190476190477,0.39285714285714285,0.4452380952380952,0.4785714285714286,0.4511904761904762,0.4511904761904762,0.40714285714285714
164,0.45595238095238094,0.27486626167376926,0.2010640247466267,0.13117616060564502,0.5297619047619048,0.1358233243227005,0.053861137479543686,0.0,0.05367836977044741,0.44213276309892535,"[0.6761904954910278, 0.7392857670783997, 0.7595238089561462]",0.45,0.40476190476190477,0.39285714285714285,0.4452380952380952,0.4785714285714286,0.4511904761904762,0.4511904761904762,0.40714285714285714
165,0.4583333333333333,0.2773544593393712,0.20166113085638587,0.13242115894039092,0.530952380952381,0.13710777461528778,0.05386257109542688,0.0,0.05366074728469054,0.42185247398447245,"[0.6761904954910278, 0.7392857670783997, 0.7595238089561462]",0.6265,0.4928571428571429,0.5023809523809524,0.4928571428571429,0.49404761904761907,0.475,0.475,0.4845238095238095
166,0.4583333333333333,0.27718772694262883,0.2018104526365076,0.13269631284664832,0.5297619047619048,0.13717956840991974,0.0538626741617918,0.0,0.053644311924775444,0.44835964404046535,"[0.6761904954910278, 0.7392857670783997, 0.7595238089561462]",0.4434,0.49523809523809526,0.5047619047619047,0.49642857142857144,0.49523809523809526,0.4773809523809524,0.4773809523809524,0.4869047619047619
167,0.4583333333333333,0.27718772694262883,0.2018104526365076,0.13269631284664832,0.5297619047619048,0.13728027045726776,0.053863554572065674,0.0,0.053627497827013336,0.44178673496935517,"[0.6761904954910278, 0.7392857670783997, 0.7595238089561462]",0.4503,0.49523809523809526,0.5035714285714286,0.49523809523809526,0.49642857142857144,0.4773809523809524,0.4773809523809524,0.4845238095238095
168,0.45714285714285713,0.2755909085751246,0.20251779292483593,0.13240015330752822,0.5297619047619048,0.1372860074043274,0.053863506143291794,0.0,0.05361068000396093,0.4598355139605701,"[0.6761904954910278, 0.7392857670783997, 0.7595238089561462]",0.4474,0.49523809523809526,0.5035714285714286,0.49523809523809526,0.49523809523809526,0.4773809523809524,0.4773809523809524,0.4845238095238095
169,0.4369047619047619,0.2584352707984159,0.20673391690107826,0.14059018405849377,0.5297619047619048,0.13675424456596375,0.053864151860276856,0.0,0.05359476866821448,0.4324158049421385,"[0.6761904954910278, 0.7392857670783997, 0.7595238089561462]",0.4438,0.49523809523809526,0.5035714285714286,0.49404761904761907,0.49642857142857144,0.47619047619047616,0.47619047619047616,0.48333333333333334
170,0.43452380952380953,0.2366587462837334,0.1904307667042909,0.1115317079475405,0.5011904761904762,0.1353399008512497,0.053866236160198845,0.0,0.05357892562945684,0.42785450408700854,"[0.6761904954910278, 0.7392857670783997, 0.7595238089561462]",0.4507,0.4928571428571429,0.5023809523809524,0.49047619047619045,0.49523809523809526,0.475,0.475,0.48333333333333334
171,0.4357142857142857,0.23791003295958724,0.19239511864488257,0.11308469712857347,0.5023809523809524,0.1326327621936798,0.05386767288049062,0.0,0.053563851242264114,0.4316323259845376,"[0.6761904954910278, 0.7392857670783997, 0.7595238089561462]",0.4799,0.49047619047619045,0.4988095238095238,0.49047619047619045,0.49404761904761907,0.4738095238095238,0.4738095238095238,0.4785714285714286
172,0.42142857142857143,0.24003693334127607,0.2049980448103846,0.13316479887679813,0.525,0.1355372965335846,0.05386857936779658,0.0,0.053548894822597504,0.4498290210030973,"[0.6761904954910278, 0.7392857670783997, 0.7595238089561462]",0.4453,0.43214285714285716,0.45,0.4142857142857143,0.44285714285714284,0.4166666666666667,0.4166666666666667,0.42857142857142855
173,0.4238095238095238,0.25816716783931337,0.2077040753844465,0.13376361454223054,0.5285714285714286,0.1366935670375824,0.05386869298915068,0.0,0.05353467601040999,0.5134285629028454,"[0.6761904954910278, 0.7392857670783997, 0.7595238089561462]",0.4591,0.43214285714285716,0.4488095238095238,0.4166666666666667,0.44166666666666665,0.4166666666666667,0.4166666666666667,0.4297619047619048
174,0.44166666666666665,0.2703174256259423,0.20617362286962296,0.1339150031361009,0.5261904761904762,0.1368962824344635,0.053868237882852554,0.0,0.053520056729515396,0.4622061790432781,"[0.6761904954910278, 0.7392857670783997, 0.7595238089561462]",0.473,0.43214285714285716,0.4488095238095238,0.4154761904761905,0.44285714285714284,0.41785714285714287,0.41785714285714287,0.42857142857142855
175,0.4357142857142857,0.24926181937483727,0.1973029184811263,0.11844508427856104,0.5142857142857142,0.13644909858703613,0.053866234297553696,0.0,0.05350592421988646,0.6076633590273559,"[0.6761904954910278, 0.7392857670783997, 0.7595238089561462]",0.71,0.43452380952380953,0.45,0.4119047619047619,0.44047619047619047,0.4154761904761905,0.4154761904761905,0.4297619047619048
176,0.4238095238095238,0.23437911943053003,0.1958047512181434,0.11094353906785212,0.530952380952381,0.1338489055633545,0.05386465353270372,0.0,0.05349145891765753,0.7138717509806156,"[0.6761904954910278, 0.7392857670783997, 0.7595238089561462]",0.6458,0.4369047619047619,0.4511904761904762,0.4166666666666667,0.44285714285714284,0.4166666666666667,0.4166666666666667,0.43333333333333335
177,0.42142857142857143,0.23249596733257372,0.19645252008824052,0.11060121759187841,0.5333333333333333,0.1313127875328064,0.05386631687482198,0.0,0.05347698057691256,0.4825510620139539,"[0.6761904954910278, 0.7392857670783997, 0.7595238089561462]",0.4743,0.4369047619047619,0.4511904761904762,0.4142857142857143,0.44166666666666665,0.4166666666666667,0.4166666666666667,0.43333333333333335
178,0.4166666666666667,0.22783399556511075,0.19553170141400372,0.1084660455846487,0.5321428571428571,0.13059991598129272,0.053867362439632416,0.0,0.05346271147330602,0.5207080850377679,"[0.6761904954910278, 0.7392857670783997, 0.7595238089561462]",0.4295,0.4357142857142857,0.45,0.41309523809523807,0.44047619047619047,0.4154761904761905,0.4154761904761905,0.43214285714285716
179,0.41309523809523807,0.2241718467227949,0.1950248571571068,0.10735599364617808,0.530952380952381,0.1302691549062729,0.053868893533945084,0.0,0.05344951463242372,0.5388036030344665,"[0.6761904954910278, 0.7392857670783997, 0.7595238089561462]",0.4404,0.4357142857142857,0.45,0.4142857142857143,0.4392857142857143,0.4166666666666667,0.4166666666666667,0.43214285714285716
180,0.430952380952381,0.24555812764934004,0.19505954288526517,0.1147534388152934,0.5190476190476191,0.13061469793319702,0.05387073755264282,0.0,0.053435747201244034,0.49486826197244227,"[0.6761904954910278, 0.7392857670783997, 0.7595238089561462]",0.4029,0.4380952380952381,0.4523809523809524,0.4154761904761905,0.44166666666666665,0.4166666666666667,0.4166666666666667,0.43333333333333335
181,0.43333333333333335,0.24793475480385807,0.19588498254505307,0.11662370776111497,0.5178571428571429,0.13201847672462463,0.0538724921643734,0.0,0.053422083457311,0.550883561023511,"[0.6761904954910278, 0.7392857670783997, 0.7595238089561462]",0.4439,0.4,0.4119047619047619,0.37857142857142856,0.4,0.3869047619047619,0.3869047619047619,0.4011904761904762
182,0.425,0.239464183284408,0.19141160284972164,0.11281972617812469,0.5095238095238095,0.13268324732780457,0.05387262689570586,0.0,0.053409368420640625,0.48890940204728395,"[0.6761904954910278, 0.7392857670783997, 0.7595238089561462]",0.5289,0.4023809523809524,0.4154761904761905,0.37857142857142856,0.4035714285714286,0.3892857142857143,0.3892857142857143,0.4011904761904762
183,0.43452380952380953,0.2490542600643667,0.19504599287749344,0.11639676682439518,0.5178571428571429,0.132523775100708,0.053872683395942055,0.0,0.05339706068237623,0.47254995501134545,"[0.6761904954910278, 0.7392857670783997, 0.7595238089561462]",0.5734,0.4654761904761905,0.4726190476190476,0.5071428571428571,0.5,0.5011904761904762,0.5011904761904762,0.45476190476190476
184,0.42023809523809524,0.24089249131557855,0.2018476093714168,0.1273498416375587,0.5214285714285715,0.13261587917804718,0.05387254059314728,0.0,0.05338425127168497,0.45406276208814234,"[0.6761904954910278, 0.7392857670783997, 0.7595238089561462]",0.4084,0.4261904761904762,0.4380952380952381,0.4583333333333333,0.4226190476190476,0.42857142857142855,0.42857142857142855,0.42023809523809524
185,0.42142857142857143,0.2423078207997862,0.2023722806652118,0.12831033946005066,0.5214285714285715,0.1326913684606552,0.05387351041038831,0.0,0.05337170201043288,0.4313596189022064,"[0.6761904954910278, 0.7392857670783997, 0.7595238089561462]",0.4094,0.4011904761904762,0.4107142857142857,0.375,0.4083333333333333,0.38452380952380955,0.38452380952380955,0.39880952380952384
186,0.4226190476190476,0.243484945833225,0.2024426487091646,0.12907949824615267,0.5202380952380953,0.13295091688632965,0.05387461744248867,0.0,0.053360024467110634,0.4180717900162563,"[0.6761904954910278, 0.7392857670783997, 0.7595238089561462]",0.5044,0.4023809523809524,0.4107142857142857,0.375,0.4083333333333333,0.38452380952380955,0.38452380952380955,0.4
187,0.39404761904761904,0.22528040007972605,0.20724058424716618,0.12232885918786601,0.5226190476190476,0.13595426082611084,0.053875732546051346,0.0,0.05334833636879921,0.5151901919161901,"[0.6761904954910278, 0.7392857670783997, 0.7595238089561462]",0.5956,0.44166666666666665,0.4488095238095238,0.4773809523809524,0.444047619047619,0.4523809523809524,0.4523809523809524,0.4369047619047619
188,0.39404761904761904,0.2243246675495728,0.2057931940829295,0.12099170643300271,0.5226190476190476,0.13900098204612732,0.053876763209700584,0.0,0.053336756924788155,0.6042203740216792,"[0.6761904954910278, 0.7392857670783997, 0.7595238089561462]",0.566,0.4035714285714286,0.4095238095238095,0.37857142857142856,0.4035714285714286,0.38452380952380955,0.38452380952380955,0.4023809523809524
189,0.39404761904761904,0.22422051907333218,0.20577325858822004,0.12099437956952175,0.5238095238095238,0.13920210301876068,0.05387703453501066,0.0,0.053326074654857315,0.5030450909398496,"[0.6761904954910278, 0.7392857670783997, 0.7595238089561462]",0.4181,0.4023809523809524,0.4083333333333333,0.37857142857142856,0.4035714285714286,0.38333333333333336,0.38333333333333336,0.4011904761904762
190,0.39404761904761904,0.22402622151078588,0.20545537627560304,0.12113668617478988,0.5226190476190476,0.13927613198757172,0.053877600779136024,0.0,0.053315394868453346,0.44501574896275997,"[0.6761904954910278, 0.7392857670783997, 0.7595238089561462]",0.4142,0.4023809523809524,0.40714285714285714,0.3773809523809524,0.4011904761904762,0.38095238095238093,0.38095238095238093,0.4011904761904762
191,0.4357142857142857,0.24830086089714554,0.19394188448002347,0.11674765781142618,0.513095238095238,0.1383737325668335,0.05387823469936848,0.0,0.053304897621273994,0.47594936308450997,"[0.6761904954910278, 0.7392857670783997, 0.7595238089561462]",0.4128,0.42142857142857143,0.4226190476190476,0.43333333333333335,0.3869047619047619,0.42857142857142855,0.42857142857142855,0.4154761904761905
192,0.4154761904761905,0.24198315028009332,0.20718746233832136,0.12847286348765508,0.525,0.1346784085035324,0.053878434002399445,0.0,0.053294566149512924,0.4548683880129829,"[0.6761904954910278, 0.7392857670783997, 0.7595238089561462]",0.433,0.43214285714285716,0.4380952380952381,0.42023809523809524,0.4023809523809524,0.44285714285714284,0.44285714285714284,0.4297619047619048
193,0.40476190476190477,0.2216600878412186,0.20679251645739835,0.1246548321809643,0.5178571428571429,0.13412807881832123,0.05387841661771139,0.0,0.05328460099796454,0.4691831920063123,"[0.6761904954910278, 0.7392857670783997, 0.7595238089561462]",0.7602,0.42857142857142855,0.43214285714285716,0.4154761904761905,0.4,0.4392857142857143,0.4392857142857143,0.4226190476190476
194,0.40714285714285714,0.22439974042829325,0.20719185414315008,0.12478175137999412,0.5190476190476191,0.13413162529468536,0.05387856811285019,0.0,0.05327440363665422,0.45578049507457763,"[0.6761904954910278, 0.7392857670783997, 0.7595238089561462]",0.5738,0.42857142857142855,0.43333333333333335,0.4154761904761905,0.4023809523809524,0.44047619047619047,0.44047619047619047,0.4226190476190476
195,0.37857142857142856,0.18751250750450266,0.2033085852690423,0.12026134635303447,0.5428571428571428,0.13527457416057587,0.05387864882747332,0.0,0.05326429630319277,0.5819513949099928,"[0.6761904954910278, 0.7392857670783997, 0.7595238089561462]",0.5118,0.43333333333333335,0.4380952380952381,0.42142857142857143,0.40476190476190477,0.44166666666666665,0.44166666666666665,0.42857142857142855
196,0.37857142857142856,0.18737698902491917,0.20313298157987242,0.11999788651432632,0.5416666666666666,0.13460901379585266,0.05387841227153937,0.0,0.05325422125558058,0.4115397639106959,"[0.6761904954910278, 0.7392857670783997, 0.7595238089561462]",0.4955,0.43452380952380953,0.4380952380952381,0.4226190476190476,0.4035714285714286,0.4392857142857143,0.4392857142857143,0.42857142857142855
197,0.37976190476190474,0.18873226904339957,0.20303895337307293,0.12015938912755585,0.544047619047619,0.1343117654323578,0.053876738995313644,0.0,0.05324538672963778,0.516337426030077,"[0.6761904954910278, 0.7392857670783997, 0.7595238089561462]",0.4186,0.43333333333333335,0.4369047619047619,0.42142857142857143,0.4011904761904762,0.4380952380952381,0.4380952380952381,0.42738095238095236
198,0.37976190476190474,0.18925227585133697,0.2044530643566441,0.12108488555791719,0.544047619047619,0.13420861959457397,0.05387510607639948,0.0,0.0532358835140864,0.5793138790177181,"[0.6761904954910278, 0.7392857670783997, 0.7595238089561462]",0.4346,0.43333333333333335,0.4369047619047619,0.42142857142857143,0.4011904761904762,0.4369047619047619,0.4369047619047619,0.42738095238095236
199,0.38095238095238093,0.19090434222078978,0.20427569081859087,0.12113311247669689,0.5452380952380952,0.13419675827026367,0.05387340175608794,0.0,0.05322705705960592,0.5838072570040822,"[0.6761904954910278, 0.7392857670783997, 0.7595238089561462]",0.5538,0.43333333333333335,0.4369047619047619,0.42142857142857143,0.4011904761904762,0.4357142857142857,0.4357142857142857,0.42738095238095236
200,0.37857142857142856,0.18827658723694152,0.20394092293773997,0.12026557646508676,0.5428571428571428,0.13407748937606812,0.05387177752951781,0.0,0.05321758302549521,0.5548869949998334,"[0.6761904954910278, 0.7392857670783997, 0.7595238089561462]",0.4457,0.4,0.40714285714285714,0.375,0.38571428571428573,0.39404761904761904,0.39404761904761904,0.4023809523809524
201,0.37857142857142856,0.18804210152066192,0.2037380086166623,0.12022299708796146,0.544047619047619,0.1339368224143982,0.05387065249184767,0.0,0.05320831201970577,0.4131527639692649,"[0.6761904954910278, 0.7392857670783997, 0.7595238089561462]",0.4064,0.3976190476190476,0.40714285714285714,0.3761904761904762,0.3869047619047619,0.3892857142857143,0.3892857142857143,0.4011904761904762
202,0.4154761904761905,0.24434412353152413,0.20928253383232737,0.1365507520167155,0.5476190476190477,0.13381356000900269,0.05386989936232567,0.0,0.05319857348998388,0.41214591392781585,"[0.6761904954910278, 0.7392857670783997, 0.7595238089561462]",0.4708,0.39880952380952384,0.4083333333333333,0.375,0.3869047619047619,0.3880952380952381,0.3880952380952381,0.4011904761904762
203,0.4142857142857143,0.2421191615778181,0.2101629085729877,0.13535964392328967,0.5464285714285714,0.13383284211158752,0.05387030045191447,0.0,0.05318882626791795,0.4357307949103415,"[0.6761904954910278, 0.7392857670783997, 0.7595238089561462]",0.3942,0.4,0.4083333333333333,0.3761904761904762,0.3869047619047619,0.3892857142857143,0.3892857142857143,0.4023809523809524
204,0.4142857142857143,0.2421191615778181,0.2101629085729877,0.13535964392328967,0.5464285714285714,0.133859321475029,0.053869680811961494,0.0,0.05317934105793635,0.4632596609881148,"[0.6761904954910278, 0.7392857670783997, 0.7595238089561462]",0.6654,0.4011904761904762,0.40595238095238095,0.375,0.38571428571428573,0.3904761904761905,0.3904761904761905,0.4035714285714286
205,0.4154761904761905,0.24393132247857952,0.21068138132157208,0.13600283292995047,0.5476190476190477,0.13383783400058746,0.05386825154225031,0.0,0.05317025321225325,0.6431241960963234,"[0.6761904954910278, 0.7392857670783997, 0.7595238089561462]",0.4156,0.43214285714285716,0.444047619047619,0.4261904761904762,0.4726190476190476,0.45595238095238094,0.45595238095238094,0.430952380952381
206,0.4095238095238095,0.24333120241762063,0.2044850662306272,0.12794720756976632,0.55,0.13398459553718567,0.05386627713839213,0.0,0.0531612237294515,0.4355325310025364,"[0.6761904954910278, 0.7392857670783997, 0.7595238089561462]",0.4093,0.43214285714285716,0.444047619047619,0.41904761904761906,0.475,0.4511904761904762,0.4511904761904762,0.43214285714285716
207,0.40476190476190477,0.2391580015216841,0.20723639562958293,0.12757946364231487,0.5571428571428572,0.13268470764160156,0.053866431737939514,0.0,0.05315175528327624,0.6166271499823779,"[0.6761904954910278, 0.7392857670783997, 0.7595238089561462]",0.4282,0.43214285714285716,0.44285714285714284,0.41904761904761906,0.46904761904761905,0.45,0.45,0.43214285714285716
208,0.4226190476190476,0.23601422206219902,0.2108070425095719,0.13118881737021887,0.5369047619047619,0.1319989562034607,0.053865374997258186,0.0,0.0531430933624506,0.4468075940385461,"[0.6761904954910278, 0.7392857670783997, 0.7595238089561462]",0.4852,0.43214285714285716,0.44285714285714284,0.4238095238095238,0.47619047619047616,0.45357142857142857,0.45357142857142857,0.430952380952381
209,0.4392857142857143,0.24790705101396815,0.21154180512537074,0.13418460509349214,0.530952380952381,0.13185644149780273,0.05386474604407946,0.0,0.053133899345993996,0.48455822793766856,"[0.6761904954910278, 0.7392857670783997, 0.7595238089561462]",0.5401,0.43333333333333335,0.44642857142857145,0.42738095238095236,0.47023809523809523,0.4488095238095238,0.4488095238095238,0.43333333333333335
210,0.4392857142857143,0.24811858608893955,0.21131811046752444,0.13361616203940332,0.5285714285714286,0.13225328922271729,0.053862630700071655,0.0,0.053126210967699684,0.5304145760601386,"[0.6761904954910278, 0.7392857670783997, 0.7595238089561462]",0.4189,0.43452380952380953,0.4452380952380952,0.4297619047619048,0.47023809523809523,0.4511904761904762,0.4511904761904762,0.43333333333333335
211,0.44047619047619047,0.24954094259786563,0.21162960345224918,0.13405884005232924,0.5285714285714286,0.13249531388282776,0.05386196884016196,0.0,0.05311759188771248,0.43942961608991027,"[0.6761904954910278, 0.7392857670783997, 0.7595238089561462]",0.6769,0.43452380952380953,0.444047619047619,0.4297619047619048,0.47023809523809523,0.4511904761904762,0.4511904761904762,0.43333333333333335
212,0.44166666666666665,0.2509639589623467,0.21194769843431271,0.13452077574744334,0.5285714285714286,0.13260199129581451,0.05386121260623137,0.0,0.05310806756218275,0.645751171046868,"[0.6761904954910278, 0.7392857670783997, 0.7595238089561462]",0.6855,0.43452380952380953,0.444047619047619,0.4297619047619048,0.47023809523809523,0.4511904761904762,0.4511904761904762,0.43333333333333335
213,0.44047619047619047,0.24954094259786563,0.21162960345224918,0.13405884005232924,0.5285714285714286,0.1326756477355957,0.05386158389349779,0.0,0.053100512673457466,0.6440653289901093,"[0.6761904954910278, 0.7392857670783997, 0.7595238089561462]",0.4349,0.43214285714285716,0.44285714285714284,0.43214285714285716,0.46904761904761905,0.4511904761904762,0.4511904761904762,0.430952380952381
214,0.4392857142857143,0.2480271260662642,0.21129826807248986,0.1335595923739628,0.5261904761904762,0.13272464275360107,0.05385927359263102,0.0,0.05309350353976091,0.49135398294311017,"[0.6761904954910278, 0.7392857670783997, 0.7595238089561462]",0.4795,0.45357142857142857,0.46904761904761905,0.4928571428571429,0.4785714285714286,0.46904761904761905,0.46904761904761905,0.45476190476190476
215,0.39880952380952384,0.1876893380874508,0.1931959950983411,0.11235052021814526,0.5238095238095238,0.13395291566848755,0.05385288471976916,0.0,0.053087214628855385,0.4854463509982452,"[0.6761904954910278, 0.7392857670783997, 0.7595238089561462]",0.5583,0.4523809523809524,0.4666666666666667,0.4928571428571429,0.475,0.47023809523809523,0.47023809523809523,0.4523809523809524
216,0.39404761904761904,0.1836812622430627,0.19459041448006079,0.11089797506195329,0.5261904761904762,0.13333982229232788,0.05384904704988003,0.0,0.05308108342190584,0.5002034879289567,"[0.6761904954910278, 0.7392857670783997, 0.7595238089561462]",0.409,0.4511904761904762,0.4666666666666667,0.49047619047619045,0.4738095238095238,0.46904761904761905,0.46904761904761905,0.4511904761904762
217,0.44047619047619047,0.24943536551052847,0.21173168545514298,0.13432414309582533,0.5297619047619048,0.13213813304901123,0.05384672060608864,0.0,0.05307780206203461,0.5450513330288231,"[0.6761904954910278, 0.7392857670783997, 0.7595238089561462]",0.4968,0.45,0.4654761904761905,0.49166666666666664,0.4738095238095238,0.4666666666666667,0.4666666666666667,0.4511904761904762
218,0.44047619047619047,0.24943536551052847,0.21173168545514298,0.13432414309582533,0.5297619047619048,0.13232362270355225,0.05384391484161218,0.0,0.05307238238553206,0.4406986030517146,"[0.6761904954910278, 0.7392857670783997, 0.7595238089561462]",0.4159,0.45,0.4654761904761905,0.49166666666666664,0.4738095238095238,0.4654761904761905,0.4654761904761905,0.4511904761904762
219,0.42023809523809524,0.20200376877070192,0.20364807852470249,0.12055022965691485,0.5178571428571429,0.13331669569015503,0.05384073220193386,0.0,0.05306651256978512,0.4760981739964336,"[0.6761904954910278, 0.7392857670783997, 0.7595238089561462]",0.4042,0.4023809523809524,0.4035714285714286,0.37976190476190474,0.38095238095238093,0.4011904761904762,0.4011904761904762,0.4
220,0.42142857142857143,0.20420432128125754,0.20333924906625103,0.12019498447548002,0.5214285714285715,0.13336217403411865,0.053838323801755905,0.0,0.0530691867073377,0.4527470519533381,"[0.6761904954910278, 0.7392857670783997, 0.7595238089561462]",0.396,0.44047619047619047,0.4607142857142857,0.430952380952381,0.46904761904761905,0.45357142857142857,0.45357142857142857,0.43333333333333335
221,0.4261904761904762,0.2381941543706747,0.20572729205703094,0.12716548582433104,0.5273809523809524,0.13349561393260956,0.053837195659677185,0.0,0.05307723768055439,0.4346154440427199,"[0.6761904954910278, 0.7392857670783997, 0.7595238089561462]",0.5416,0.4392857142857143,0.4607142857142857,0.43333333333333335,0.4654761904761905,0.4523809523809524,0.4523809523809524,0.43214285714285716
222,0.4226190476190476,0.2139262780933564,0.20243183153982636,0.12340020641634879,0.5297619047619048,0.13386093080043793,0.053834899639089905,0.0,0.0530841580281655,0.6359284410718828,"[0.6761904954910278, 0.7392857670783997, 0.7595238089561462]",0.5038,0.43214285714285716,0.4380952380952381,0.4226190476190476,0.3964285714285714,0.39880952380952384,0.39880952380952384,0.4261904761904762
223,0.4119047619047619,0.22267679719462308,0.2046246296359471,0.12240212965907762,0.5154761904761904,0.1333548128604889,0.05382914965351423,0.0,0.05308734315137068,0.4657867179485038,"[0.6761904954910278, 0.7392857670783997, 0.7595238089561462]",0.4115,0.4095238095238095,0.4166666666666667,0.39166666666666666,0.4226190476190476,0.3976190476190476,0.3976190476190476,0.4107142857142857
224,0.41309523809523807,0.22441014192552744,0.20484749051768406,0.12167649785262276,0.5166666666666667,0.1316739022731781,0.053826473032434784,0.0,0.053080679227908455,0.40821990091353655,"[0.6761904954910278, 0.7392857670783997, 0.7595238089561462]",0.5756,0.4797619047619048,0.49404761904761907,0.45,0.4869047619047619,0.46785714285714286,0.46785714285714286,0.4726190476190476
225,0.4238095238095238,0.2334668205163014,0.21151030610884303,0.128176835003319,0.5238095238095238,0.13170170783996582,0.05382687412202358,0.0,0.05307385635872682,0.6034745640354231,"[0.6761904954910278, 0.7392857670783997, 0.7595238089561462]",0.4312,0.40595238095238095,0.42023809523809524,0.41309523809523807,0.42142857142857143,0.40595238095238095,0.40595238095238095,0.3976190476190476
226,0.4107142857142857,0.22218439355449382,0.20332458757201302,0.12029095639908413,0.5166666666666667,0.13101905584335327,0.053827167178193726,0.0,0.0530659214903911,0.4647192129632458,"[0.6761904954910278, 0.7392857670783997, 0.7595238089561462]",0.4141,0.40595238095238095,0.42023809523809524,0.41309523809523807,0.42023809523809524,0.40595238095238095,0.40595238095238095,0.39880952380952384
227,0.41904761904761906,0.204699783480913,0.2008105362918036,0.12086640892136194,0.5273809523809524,0.13129588961601257,0.05382709950208664,0.0,0.05305832624435425,0.5520480580162257,"[0.6761904954910278, 0.7392857670783997, 0.7595238089561462]",0.5348,0.4107142857142857,0.42142857142857143,0.4023809523809524,0.3892857142857143,0.3964285714285714,0.3964285714285714,0.4023809523809524
228,0.41785714285714287,0.20314118655839097,0.2004926984735027,0.12063849533322607,0.525,0.13156293332576752,0.05382075781623522,0.0,0.05305143818259239,0.5410174030112103,"[0.6761904954910278, 0.7392857670783997, 0.7595238089561462]",0.4214,0.4107142857142857,0.4226190476190476,0.4035714285714286,0.3892857142857143,0.3952380952380952,0.3952380952380952,0.4035714285714286
229,0.41904761904761906,0.204887983706721,0.2015479536488649,0.1217570899709846,0.5273809523809524,0.13161301612854004,0.05382062370578448,0.0,0.05304275515178839,0.4527470220346004,"[0.6761904954910278, 0.7392857670783997, 0.7595238089561462]",0.4231,0.4035714285714286,0.41904761904761906,0.40595238095238095,0.4083333333333333,0.39880952380952384,0.39880952380952384,0.4
230,0.41785714285714287,0.20314118655839097,0.2004926984735027,0.12063849533322607,0.525,0.13159775733947754,0.05381927204628786,0.0,0.053034975503881775,0.4188163500512019,"[0.6761904954910278, 0.7392857670783997, 0.7595238089561462]",0.4167,0.4035714285714286,0.41904761904761906,0.40595238095238095,0.4095238095238095,0.39880952380952384,0.39880952380952384,0.4
231,0.41904761904761906,0.204887983706721,0.2015479536488649,0.1217570899709846,0.5273809523809524,0.131611168384552,0.05381905846297741,0.0,0.05302670535941919,0.42908602696843445,"[0.6761904954910278, 0.7392857670783997, 0.7595238089561462]",0.5716,0.41904761904761906,0.42857142857142855,0.4083333333333333,0.4630952380952381,0.44166666666666665,0.44166666666666665,0.41785714285714287
232,0.4226190476190476,0.2381914058117356,0.2058312828845569,0.1277391969402549,0.5464285714285714,0.13271519541740417,0.05381577586134275,0.0,0.05301950996120771,0.5878024880075827,"[0.6761904954910278, 0.7392857670783997, 0.7595238089561462]",0.4303,0.41904761904761906,0.42857142857142855,0.4095238095238095,0.4607142857142857,0.44166666666666665,0.44166666666666665,0.41785714285714287
233,0.41904761904761906,0.23523529499559714,0.20491692442449688,0.12463901927296031,0.5452380952380952,0.1315932720899582,0.053815145045518875,0.0,0.053010797748963036,0.5375502159586176,"[0.6761904954910278, 0.7392857670783997, 0.7595238089561462]",0.5625,0.41904761904761906,0.42857142857142855,0.4083333333333333,0.4595238095238095,0.44285714285714284,0.44285714285714284,0.4166666666666667
234,0.41904761904761906,0.23616442440278762,0.20496679754612018,0.12581754812769433,0.5452380952380952,0.13119691610336304,0.05381279376645883,0.0,0.053002964705228806,0.5625066719949245,"[0.6761904954910278, 0.7392857670783997, 0.7595238089561462]",0.449,0.42023809523809524,0.42738095238095236,0.4023809523809524,0.45595238095238094,0.4392857142857143,0.4392857142857143,0.4154761904761905
235,0.41904761904761906,0.23686121195196885,0.2049284866683562,0.12501990553260792,0.5464285714285714,0.13094425201416016,0.05381290055811405,0.0,0.05299526577194532,0.43966094602365047,"[0.6761904954910278, 0.7392857670783997, 0.7595238089561462]",0.5944,0.41904761904761906,0.42738095238095236,0.40476190476190477,0.45476190476190476,0.4380952380952381,0.4380952380952381,0.4166666666666667
236,0.41904761904761906,0.23713105296460346,0.20426815802649595,0.12545737324122194,0.5464285714285714,0.13077488541603088,0.05381258390843868,0.0,0.05298828581968943,0.5809399599675089,"[0.6761904954910278, 0.7392857670783997, 0.7595238089561462]",0.4229,0.4119047619047619,0.41309523809523807,0.4154761904761905,0.430952380952381,0.44642857142857145,0.44642857142857145,0.40714285714285714
237,0.4666666666666667,0.2736004570881476,0.21071245043485087,0.15639533665380106,0.5642857142857143,0.13056890666484833,0.05381260563929876,0.0,0.052981130157907806,0.45412681496236473,"[0.6761904954910278, 0.7392857670783997, 0.7595238089561462]",0.4299,0.430952380952381,0.4357142857142857,0.40595238095238095,0.39404761904761904,0.42023809523809524,0.42023809523809524,0.4297619047619048
238,0.4654761904761905,0.273767758184458,0.20842129656627922,0.155596049890858,0.5642857142857143,0.12852567434310913,0.05381211886803309,0.0,0.05297321950395902,0.5695188980316743,"[0.6761904954910278, 0.7392857670783997, 0.7595238089561462]",0.6397,0.4297619047619048,0.4369047619047619,0.4035714285714286,0.39404761904761904,0.42023809523809524,0.42023809523809524,0.4297619047619048
239,0.4630952380952381,0.27166603222941244,0.20836513349403382,0.15336938970244732,0.5642857142857143,0.12802764773368835,0.05381178172926108,0.0,0.05296582169830799,0.668128318968229,"[0.6761904954910278, 0.7392857670783997, 0.7595238089561462]",0.4328,0.4785714285714286,0.4976190476190476,0.4785714285714286,0.4845238095238095,0.4738095238095238,0.4738095238095238,0.4726190476190476
240,0.4630952380952381,0.2725862320565894,0.20797308061984704,0.15358047359010582,0.5630952380952381,0.1278267800807953,0.05381180718541145,0.0,0.052958707635601364,0.6421692620497197,"[0.6761904954910278, 0.7392857670783997, 0.7595238089561462]",0.6969,0.4773809523809524,0.49642857142857144,0.47619047619047616,0.48333333333333334,0.4726190476190476,0.4726190476190476,0.4726190476190476
241,0.46190476190476193,0.2714573539288113,0.20787247147130783,0.1524274560430074,0.5630952380952381,0.12775444984436035,0.05381095285216967,0.0,0.05295195368429025,0.9123029410839081,"[0.6761904954910278, 0.7392857670783997, 0.7595238089561462]",0.761,0.4785714285714286,0.49642857142857144,0.4773809523809524,0.4845238095238095,0.4738095238095238,0.4738095238095238,0.4738095238095238
242,0.44166666666666665,0.24687440259988525,0.2078019061048833,0.13544048198728367,0.555952380952381,0.1275794953107834,0.05381094974776109,0.0,0.05294450372457504,0.7973110980819911,"[0.6761904954910278, 0.7392857670783997, 0.7595238089561462]",0.7159,0.4785714285714286,0.49642857142857144,0.475,0.4845238095238095,0.4726190476190476,0.4726190476190476,0.4738095238095238
243,0.44047619047619047,0.2452685910915694,0.20789819186885206,0.1348393131461699,0.5547619047619048,0.1279836893081665,0.0538111807157596,0.0,0.052936882401506104,0.8381912719924003,"[0.6761904954910278, 0.7392857670783997, 0.7595238089561462]",0.6106,0.4785714285714286,0.4976190476190476,0.4738095238095238,0.4857142857142857,0.4738095238095238,0.4738095238095238,0.4726190476190476
244,0.43333333333333335,0.2368387902108312,0.21422214627351588,0.13444225296152346,0.5488095238095239,0.12837627530097961,0.05381111862758795,0.0,0.05292989189426104,0.7139940320048481,"[0.6761904954910278, 0.7392857670783997, 0.7595238089561462]",0.837,0.4785714285714286,0.49642857142857144,0.47619047619047616,0.4857142857142857,0.4738095238095238,0.4738095238095238,0.475
245,0.4380952380952381,0.24134631943514284,0.21588639886405125,0.13686215783014785,0.5488095238095239,0.12765997648239136,0.05381155821184317,0.0,0.052922340109944344,0.8676608500536531,"[0.6761904954910278, 0.7392857670783997, 0.7595238089561462]",0.7412,0.4773809523809524,0.49642857142857144,0.4714285714285714,0.48333333333333334,0.47023809523809523,0.47023809523809523,0.4726190476190476
246,0.4357142857142857,0.23913915865026325,0.2157836018330629,0.13516596138236356,0.5488095238095239,0.1273937225341797,0.05381135207911333,0.0,0.05291547874609629,0.895020344061777,"[0.6761904954910278, 0.7392857670783997, 0.7595238089561462]",0.9551,0.4797619047619048,0.4976190476190476,0.4738095238095238,0.4845238095238095,0.4738095238095238,0.4738095238095238,0.4738095238095238
247,0.4261904761904762,0.23612735738704538,0.2096013591409127,0.12453608981057317,0.544047619047619,0.12769478559494019,0.05381140547494093,0.0,0.05290833612283071,0.7321301240008324,"[0.6761904954910278, 0.7392857670783997, 0.7595238089561462]",0.5834,0.5083333333333333,0.5107142857142857,0.4976190476190476,0.5047619047619047,0.49642857142857144,0.49642857142857144,0.4976190476190476
248,0.4261904761904762,0.23612735738704538,0.2096013591409127,0.12453608981057317,0.544047619047619,0.12844905257225037,0.053810653587182365,0.0,0.05290132015943527,0.5160469870315865,"[0.6761904954910278, 0.7392857670783997, 0.7595238089561462]",0.4215,0.5083333333333333,0.5119047619047619,0.4976190476190476,0.5071428571428571,0.49642857142857144,0.49642857142857144,0.4976190476190476
249,0.40476190476190477,0.21728823919671392,0.21267930443423766,0.12554951654841953,0.544047619047619,0.128961443901062,0.05381040213008722,0.0,0.05289484498401483,0.4458212909521535,"[0.6761904954910278, 0.7392857670783997, 0.7595238089561462]",0.4102,0.4142857142857143,0.4166666666666667,0.4,0.3761904761904762,0.38571428571428573,0.38571428571428573,0.41309523809523807
250,0.40595238095238095,0.21852743991110635,0.21377960209198127,0.12698832667463203,0.5452380952380952,0.13032305240631104,0.05380843269328276,0.0,0.05288861816128095,0.44072378403507173,"[0.6761904954910278, 0.7392857670783997, 0.7595238089561462]",0.4093,0.48214285714285715,0.4869047619047619,0.4666666666666667,0.48214285714285715,0.4642857142857143,0.4642857142857143,0.4726190476190476
251,0.40476190476190477,0.21781009173970212,0.2141379464588537,0.12717704897973917,0.5464285714285714,0.13067471981048584,0.053807864586512245,0.0,0.05288182012736797,0.5311827959958464,"[0.6761904954910278, 0.7392857670783997, 0.7595238089561462]",0.4447,0.48095238095238096,0.4869047619047619,0.46785714285714286,0.48333333333333334,0.4666666666666667,0.4666666666666667,0.4726190476190476
252,0.40476190476190477,0.21781009173970212,0.2141379464588537,0.12717704897973917,0.5464285714285714,0.13083985447883606,0.05380649119615555,0.0,0.052875431875387825,0.4598019899567589,"[0.6761904954910278, 0.7392857670783997, 0.7595238089561462]",0.4178,0.4583333333333333,0.45476190476190476,0.4595238095238095,0.49404761904761907,0.4488095238095238,0.4488095238095238,0.45595238095238094
253,0.38333333333333336,0.23888554596213318,0.20631957808371254,0.12366750678798398,0.55,0.13152524828910828,0.05380610252420107,0.0,0.052868581687410675,0.46547001996077597,"[0.6761904954910278, 0.7392857670783997, 0.7595238089561462]",0.3928,0.4166666666666667,0.4297619047619048,0.42857142857142855,0.4607142857142857,0.4297619047619048,0.4297619047619048,0.4119047619047619
254,0.4095238095238095,0.22477216146114376,0.20846596088574781,0.12427861471601934,0.5345238095238095,0.1319843977689743,0.05380482723315557,0.0,0.05286183953285217,0.538231513928622,"[0.6761904954910278, 0.7392857670783997, 0.7595238089561462]",0.4029,0.3880952380952381,0.38452380952380955,0.37857142857142856,0.38333333333333336,0.40714285714285714,0.40714285714285714,0.38452380952380955
255,0.39166666666666666,0.24137077817641972,0.20405879453499745,0.12322687304744705,0.5476190476190477,0.13322310149669647,0.053803847481807075,0.0,0.0528547503054142,0.5021834910148755,"[0.6761904954910278, 0.7392857670783997, 0.7595238089561462]",0.3845,0.39285714285714285,0.38333333333333336,0.3821428571428571,0.38333333333333336,0.4119047619047619,0.4119047619047619,0.3869047619047619
256,0.4023809523809524,0.19488920371013874,0.198555524071417,0.11674006396978429,0.5226190476190476,0.13419339060783386,0.053803689777851105,0.0,0.0528476337591807,0.4401967499870807,"[0.6761904954910278, 0.7392857670783997, 0.7595238089561462]",0.383,0.425,0.4226190476190476,0.47023809523809523,0.5,0.4726190476190476,0.4726190476190476,0.41904761904761906
257,0.40476190476190477,0.1979406170510185,0.2020747711236627,0.1196112671624646,0.525,0.13433516025543213,0.053803594782948494,0.0,0.05283996897439162,0.5675116589991376,"[0.6761904954910278, 0.7392857670783997, 0.7595238089561462]",0.3828,0.4583333333333333,0.44642857142857145,0.4738095238095238,0.5011904761904762,0.4857142857142857,0.4857142857142857,0.4595238095238095
258,0.42738095238095236,0.24423694193171874,0.20367850410042607,0.12811840353984866,0.5321428571428571,0.1352098286151886,0.053802610064546265,0.0,0.05283326903978983,0.6020334629574791,"[0.6761904954910278, 0.7392857670783997, 0.7595238089561462]",0.6312,0.4607142857142857,0.44166666666666665,0.475,0.5011904761904762,0.4857142857142857,0.4857142857142857,0.4595238095238095
259,0.4226190476190476,0.23952811170014188,0.20253116840847515,0.1253142350449848,0.5297619047619048,0.13683420419692993,0.053800286104281746,0.0,0.052826897551616035,0.7271737380651757,"[0.6761904954910278, 0.7392857670783997, 0.7595238089561462]",0.4003,0.46190476190476193,0.44285714285714284,0.4714285714285714,0.5011904761904762,0.4845238095238095,0.4845238095238095,0.4607142857142857
260,0.4261904761904762,0.243311130547893,0.20315380477455125,0.1272876967758494,0.5321428571428571,0.13700462877750397,0.05379934422671795,0.0,0.052820456524689995,0.47467707900796086,"[0.6761904954910278, 0.7392857670783997, 0.7595238089561462]",0.3925,0.4630952380952381,0.44285714285714284,0.4726190476190476,0.5011904761904762,0.4845238095238095,0.4845238095238095,0.4607142857142857
261,0.44047619047619047,0.25819313283754286,0.21394105421042808,0.1381129107434356,0.525,0.13695140182971954,0.053797564158837,0.0,0.05281382923324903,0.4318591170012951,"[0.6761904954910278, 0.7392857670783997, 0.7595238089561462]",0.393,0.46190476190476193,0.44285714285714284,0.475,0.5011904761904762,0.4845238095238095,0.4845238095238095,0.4607142857142857
262,0.4226190476190476,0.23923557554050867,0.20299167099144874,0.12667187023029206,0.5273809523809524,0.1372067928314209,0.05379770758251349,0.0,0.05280625447630882,0.4311719249235466,"[0.6761904954910278, 0.7392857670783997, 0.7595238089561462]",0.3922,0.4630952380952381,0.44285714285714284,0.4738095238095238,0.5011904761904762,0.4845238095238095,0.4845238095238095,0.4607142857142857
263,0.44166666666666665,0.25950708990571847,0.2135974062320056,0.13859839995208242,0.5261904761904762,0.13700856268405914,0.05379698301355044,0.0,0.05279993824660778,0.42475053400266916,"[0.6761904954910278, 0.7392857670783997, 0.7595238089561462]",0.3947,0.46190476190476193,0.44285714285714284,0.47619047619047616,0.5011904761904762,0.4857142857142857,0.4857142857142857,0.4607142857142857
264,0.4238095238095238,0.2402480182089317,0.2026914661659294,0.12739987301281133,0.5273809523809524,0.13727502524852753,0.05379497818648815,0.0,0.05279348293940226,0.49752421595621854,"[0.6761904954910278, 0.7392857670783997, 0.7595238089561462]",0.4569,0.5047619047619047,0.513095238095238,0.4869047619047619,0.5119047619047619,0.5059523809523809,0.5059523809523809,0.49642857142857144
265,0.4095238095238095,0.20131274249697118,0.20500437339725908,0.11887384616909744,0.5238095238095238,0.13645976781845093,0.05379338376224041,0.0,0.052786886071165405,0.4928510549943894,"[0.6761904954910278, 0.7392857670783997, 0.7595238089561462]",0.4346,0.45476190476190476,0.45714285714285713,0.425,0.43333333333333335,0.4095238095238095,0.4095238095238095,0.44642857142857145
266,0.45,0.23136037013856425,0.2224565545005572,0.13898813520098358,0.5297619047619048,0.1336827576160431,0.0537925927589337,0.0,0.0527799092233181,0.447238425957039,"[0.6761904954910278, 0.7392857670783997, 0.7595238089561462]",0.4268,0.45476190476190476,0.45595238095238094,0.4238095238095238,0.43452380952380953,0.4083333333333333,0.4083333333333333,0.44642857142857145
267,0.40595238095238095,0.1966698480963167,0.20186025048244285,0.11599369728318998,0.5202380952380953,0.133825421333313,0.053791252275307976,0.0,0.05277347067991892,0.4251776470337063,"[0.6761904954910278, 0.7392857670783997, 0.7595238089561462]",0.4211,0.45476190476190476,0.45595238095238094,0.4226190476190476,0.4357142857142857,0.40714285714285714,0.40714285714285714,0.44642857142857145
268,0.40476190476190477,0.19529130454775367,0.200926019250301,0.1152871335321363,0.5190476190476191,0.13370247185230255,0.05378978202740351,0.0,0.05276679992675781,0.4303154449444264,"[0.6761904954910278, 0.7392857670783997, 0.7595238089561462]",0.3987,0.3892857142857143,0.3869047619047619,0.39404761904761904,0.3952380952380952,0.3904761904761905,0.3904761904761905,0.38452380952380955
269,0.40714285714285714,0.19744607049397966,0.20063876632351643,0.11577636116600884,0.5190476190476191,0.1337423324584961,0.05378705573578676,0.0,0.05276183349390825,0.4284697179682553,"[0.6761904954910278, 0.7392857670783997, 0.7595238089561462]",0.4389,0.44285714285714284,0.44642857142857145,0.4380952380952381,0.4714285714285714,0.4726190476190476,0.4726190476190476,0.4357142857142857
270,0.4095238095238095,0.1999508418335998,0.2015289949621435,0.11701144280297579,0.5202380952380953,0.13376757502555847,0.05377436491350333,0.0,0.05275928291181723,0.43678201898001134,"[0.6761904954910278, 0.7392857670783997, 0.7595238089561462]",0.4223,0.4023809523809524,0.3761904761904762,0.4261904761904762,0.4607142857142857,0.4595238095238095,0.4595238095238095,0.4023809523809524
271,0.4119047619047619,0.2023650713711802,0.20131841082275131,0.1174735944416331,0.5214285714285715,0.1338326632976532,0.05375523120164871,0.0,0.05275874771177769,0.43409863498527557,"[0.6761904954910278, 0.7392857670783997, 0.7595238089561462]",0.4076,0.45595238095238094,0.4607142857142857,0.4714285714285714,0.5047619047619047,0.4976190476190476,0.4976190476190476,0.44285714285714284
272,0.4119047619047619,0.2023650713711802,0.20131841082275131,0.1174735944416331,0.5214285714285715,0.13381709158420563,0.05374265710512797,0.0,0.052754465490579605,0.4997659750515595,"[0.6761904954910278, 0.7392857670783997, 0.7595238089561462]",0.4166,0.40476190476190477,0.37857142857142856,0.42738095238095236,0.4654761904761905,0.4595238095238095,0.4595238095238095,0.4035714285714286
273,0.41309523809523807,0.2040347970492471,0.20056763755420276,0.1181633947605364,0.5226190476190476,0.133981391787529,0.05372635958095392,0.0,0.05275111831724644,0.4373553419718519,"[0.6761904954910278, 0.7392857670783997, 0.7595238089561462]",0.4062,0.42142857142857143,0.4226190476190476,0.444047619047619,0.47619047619047616,0.46190476190476193,0.46190476190476193,0.4226190476190476
274,0.41309523809523807,0.20401643787168777,0.2007261966643519,0.11831081752473797,0.5226190476190476,0.13422465324401855,0.05371559907992681,0.0,0.05274681746959686,0.43913762201555073,"[0.6761904954910278, 0.7392857670783997, 0.7595238089561462]",0.4018,0.42857142857142855,0.44285714285714284,0.41904761904761906,0.4654761904761905,0.4511904761904762,0.4511904761904762,0.41904761904761906
275,0.4083333333333333,0.21610893509634344,0.19903651011897344,0.11829448024293138,0.5297619047619048,0.13616865873336792,0.053707425172130265,0.0,0.052743177860975266,0.4722995129413903,"[0.6761904954910278, 0.7392857670783997, 0.7595238089561462]",0.4159,0.42857142857142855,0.44166666666666665,0.42023809523809524,0.4714285714285714,0.4595238095238095,0.4595238095238095,0.4166666666666667
276,0.40595238095238095,0.24481662715027996,0.1972587523743602,0.11648417285518098,0.5273809523809524,0.13702337443828583,0.053701287135481834,0.0,0.05273995672663053,0.46884333004709333,"[0.6761904954910278, 0.7392857670783997, 0.7595238089561462]",0.4149,0.4726190476190476,0.4797619047619048,0.4726190476190476,0.4928571428571429,0.4773809523809524,0.4773809523809524,0.45714285714285713
277,0.41309523809523807,0.2032629817034457,0.20068715775333823,0.11836202243494016,0.5214285714285715,0.1359235793352127,0.053694708893696465,0.0,0.05273556523025036,0.47094741906039417,"[0.6761904954910278, 0.7392857670783997, 0.7595238089561462]",0.4028,0.4714285714285714,0.4785714285714286,0.46904761904761905,0.49166666666666664,0.4773809523809524,0.4773809523809524,0.45714285714285713
278,0.41309523809523807,0.20379300002307177,0.2004127725579322,0.11763682093694873,0.5226190476190476,0.13441510498523712,0.05369047696391741,0.0,0.05273074470460415,0.4531328260200098,"[0.6761904954910278, 0.7392857670783997, 0.7595238089561462]",0.4113,0.4726190476190476,0.4773809523809524,0.46904761904761905,0.49166666666666664,0.475,0.475,0.45714285714285713
279,0.41309523809523807,0.2036000692321005,0.20124910531388346,0.11698223381075949,0.5226190476190476,0.13419298827648163,0.05368591037889322,0.0,0.052725292121370636,0.45223091496154666,"[0.6761904954910278, 0.7392857670783997, 0.7595238089561462]",0.4121,0.4714285714285714,0.47619047619047616,0.4654761904761905,0.49047619047619045,0.4738095238095238,0.4738095238095238,0.45595238095238094
280,0.4154761904761905,0.19787781075330713,0.21758896149174958,0.1292572273884608,0.5464285714285714,0.1350603699684143,0.05368115628759066,0.0,0.05272070753077666,0.43601621105335653,"[0.6761904954910278, 0.7392857670783997, 0.7595238089561462]",0.4176,0.4726190476190476,0.4785714285714286,0.47023809523809523,0.49166666666666664,0.47619047619047616,0.47619047619047616,0.45714285714285713
281,0.4107142857142857,0.2007872956318163,0.20038034582200173,0.11612612047218322,0.5214285714285715,0.13316833972930908,0.053677053501208626,0.0,0.052716572458545365,0.42249027302023023,"[0.6761904954910278, 0.7392857670783997, 0.7595238089561462]",0.4625,0.4726190476190476,0.47619047619047616,0.4654761904761905,0.49047619047619045,0.4738095238095238,0.4738095238095238,0.45595238095238094
282,0.4154761904761905,0.19871309172718477,0.2146417796134698,0.12705493173813628,0.5464285714285714,0.13476860523223877,0.05367353248099486,0.0,0.05271227595706781,0.42370759800542146,"[0.6761904954910278, 0.7392857670783997, 0.7595238089561462]",0.4128,0.4726190476190476,0.4773809523809524,0.47023809523809523,0.49047619047619045,0.475,0.475,0.45595238095238094
283,0.41309523809523807,0.19611763564010487,0.21471549278944152,0.12642059890013171,0.5464285714285714,0.13341325521469116,0.05366984196007252,0.0,0.05270799001057943,0.4225629339925945,"[0.6761904954910278, 0.7392857670783997, 0.7595238089561462]",0.4035,0.4714285714285714,0.475,0.46785714285714286,0.4869047619047619,0.4738095238095238,0.4738095238095238,0.45476190476190476
284,0.4119047619047619,0.1945433299817929,0.2160757724333055,0.12611099079427968,0.5464285714285714,0.13311296701431274,0.053666308522224426,0.0,0.052703218534588814,0.4246394319925457,"[0.6761904954910278, 0.7392857670783997, 0.7595238089561462]",0.3902,0.47023809523809523,0.4714285714285714,0.4630952380952381,0.48333333333333334,0.47023809523809523,0.47023809523809523,0.4523809523809524
285,0.40595238095238095,0.1913384702645764,0.21090899236622734,0.11974206952814842,0.5464285714285714,0.13271668553352356,0.05366296942035357,0.0,0.05269851783911387,0.41895974799990654,"[0.6761904954910278, 0.7392857670783997, 0.7595238089561462]",0.3931,0.48333333333333334,0.4880952380952381,0.48928571428571427,0.49404761904761907,0.48095238095238096,0.48095238095238096,0.4785714285714286
286,0.38095238095238093,0.200547610244997,0.20927667915225312,0.12112379574496149,0.5404761904761904,0.13291852176189423,0.05366037351389726,0.0,0.052693864330649376,0.4334330359706655,"[0.6761904954910278, 0.7392857670783997, 0.7595238089561462]",0.4039,0.47023809523809523,0.47023809523809523,0.46785714285714286,0.48095238095238096,0.4630952380952381,0.4630952380952381,0.45357142857142857
287,0.41785714285714287,0.23598581934922258,0.21334581158163482,0.1261919985370226,0.55,0.1278119683265686,0.05365726724267006,0.0,0.05269035634895166,0.42608887690585107,"[0.6761904954910278, 0.7392857670783997, 0.7595238089561462]",0.3865,0.41309523809523807,0.4166666666666667,0.39404761904761904,0.4035714285714286,0.41904761904761906,0.41904761904761906,0.41904761904761906
288,0.41904761904761906,0.2372701595346811,0.21503895722772276,0.1264247764460309,0.55,0.12992006540298462,0.053654336060086884,0.0,0.05268571525812149,0.41175911703612655,"[0.6761904954910278, 0.7392857670783997, 0.7595238089561462]",0.407,0.40714285714285714,0.41309523809523807,0.38333333333333336,0.3821428571428571,0.39166666666666666,0.39166666666666666,0.40595238095238095
289,0.4142857142857143,0.2323124247692926,0.21495291113455245,0.12550493942144178,0.5523809523809524,0.1298004388809204,0.05365053564310074,0.0,0.05268164103229841,0.4223813989665359,"[0.6761904954910278, 0.7392857670783997, 0.7595238089561462]",0.3973,0.4083333333333333,0.4142857142857143,0.38333333333333336,0.38095238095238093,0.39404761904761904,0.39404761904761904,0.40714285714285714
290,0.3976190476190476,0.1879809566021443,0.2102188504223632,0.11706159992854695,0.5464285714285714,0.1297476589679718,0.053647007793188095,0.0,0.0526775394876798,0.44976168195717037,"[0.6761904954910278, 0.7392857670783997, 0.7595238089561462]",0.4049,0.40595238095238095,0.4119047619047619,0.38571428571428573,0.38095238095238093,0.39166666666666666,0.39166666666666666,0.40476190476190477
291,0.4023809523809524,0.19079182194656719,0.20619206524927694,0.11698379740272899,0.5428571428571428,0.13101856410503387,0.053643438344200454,0.0,0.05267337833841642,0.5436032430734485,"[0.6761904954910278, 0.7392857670783997, 0.7595238089561462]",0.6746,0.45476190476190476,0.4595238095238095,0.4261904761904762,0.4452380952380952,0.4261904761904762,0.4261904761904762,0.4488095238095238
292,0.3952380952380952,0.2102019285939033,0.20387195948984124,0.1145582469006081,0.5369047619047619,0.13075797259807587,0.05363976210355759,0.0,0.05267016217112541,0.6878435569815338,"[0.6761904954910278, 0.7392857670783997, 0.7595238089561462]",0.4335,0.4511904761904762,0.45476190476190476,0.4226190476190476,0.44166666666666665,0.42142857142857143,0.42142857142857143,0.4452380952380952
293,0.43333333333333335,0.2210706771604457,0.21481622584749674,0.13660828952268764,0.5321428571428571,0.1306346356868744,0.05363535135984421,0.0,0.05266660203536352,0.455053398036398,"[0.6761904954910278, 0.7392857670783997, 0.7595238089561462]",0.4053,0.4523809523809524,0.45476190476190476,0.425,0.4369047619047619,0.42142857142857143,0.42142857142857143,0.4488095238095238
294,0.430952380952381,0.22003752957493683,0.21319276137704435,0.13703576980114385,0.530952380952381,0.1298951804637909,0.05363095613817374,0.0,0.05266290778915087,0.491190025000833,"[0.6761904954910278, 0.7392857670783997, 0.7595238089561462]",0.5276,0.4523809523809524,0.45595238095238094,0.4238095238095238,0.43452380952380953,0.42142857142857143,0.42142857142857143,0.44761904761904764
295,0.4297619047619048,0.2193369136683947,0.2136356125235264,0.13637689260149188,0.5321428571428571,0.1297149658203125,0.05362799018621445,0.0,0.05265863550206026,0.6200558680575341,"[0.6761904954910278, 0.7392857670783997, 0.7595238089561462]",0.4243,0.45595238095238094,0.45714285714285713,0.425,0.4369047619047619,0.4238095238095238,0.4238095238095238,0.45
296,0.4297619047619048,0.21964880705333834,0.21252650242408325,0.13690606005224615,0.5333333333333333,0.12954950332641602,0.05362472372750441,0.0,0.05265448863307635,0.6531427609734237,"[0.6761904954910278, 0.7392857670783997, 0.7595238089561462]",0.5497,0.4011904761904762,0.39880952380952384,0.3821428571428571,0.3904761904761905,0.40476190476190477,0.40476190476190477,0.3952380952380952
297,0.43214285714285716,0.22242749798174244,0.21342962976914495,0.13829387812493463,0.5345238095238095,0.1293688416481018,0.05362012113134066,0.0,0.05265089434882005,0.3994339379714802,"[0.6761904954910278, 0.7392857670783997, 0.7595238089561462]",0.3973,0.4023809523809524,0.4,0.3821428571428571,0.39166666666666666,0.40595238095238095,0.40595238095238095,0.3964285714285714
298,0.430952380952381,0.22070360263491928,0.21125698313209232,0.1357621058625855,0.5321428571428571,0.12907038629055023,0.05361561725536982,0.0,0.05264711752533913,0.4716961330268532,"[0.6761904954910278, 0.7392857670783997, 0.7595238089561462]",0.3979,0.4583333333333333,0.44642857142857145,0.4857142857142857,0.5011904761904762,0.4666666666666667,0.4666666666666667,0.45
299,0.430952380952381,0.22070360263491928,0.21125698313209232,0.1357621058625855,0.5321428571428571,0.12904207408428192,0.05361075637241205,0.0,0.052643438801169395,0.4277549060061574,"[0.6761904954910278, 0.7392857670783997, 0.7595238089561462]",0.4075,0.4583333333333333,0.44642857142857145,0.4845238095238095,0.5011904761904762,0.4666666666666667,0.4666666666666667,0.45
300,0.430952380952381,0.22070360263491928,0.21125698313209232,0.1357621058625855,0.5321428571428571,0.12916497886180878,0.05360590542356173,0.0,0.05263957567512989,0.4283954870188609,"[0.6761904954910278, 0.7392857670783997, 0.7595238089561462]",,,,,,,,
