round,ACC,Kappa,NMI,ARI,PURITY,alignment_loss,mean_reconstruction_loss,mean_consensus_loss,mean_local_total_loss,round_seconds,observed_rates,completion_eval_seconds,C025_ACC,C050_ACC,C075_ACC,C100_ACC,D0_ACC,E0_ACC,G0_ACC
1,0.33787465940054495,0.1979822978925463,0.1516201880684256,0.11055116359878649,0.4152588555858311,0.08660107851028442,0.28396402299404144,0.0,0.26396404206752777,1.3402388200629503,"[0.7329700589179993, 0.782016396522522]",0.5235,0.2773841961852861,0.2790190735694823,0.25286103542234334,0.25940054495912807,0.2615803814713896,0.2615803814713896,0.2773841961852861
2,0.3694822888283379,0.21422641776190754,0.12800726797324322,0.14811883157827577,0.41852861035422345,0.05223855376243591,0.25943394005298615,0.0,0.24263354390859604,0.4284539580112323,"[0.7329700589179993, 0.782016396522522]",0.4889,0.3002724795640327,0.30517711171662126,0.29155313351498635,0.3465940054495913,0.3340599455040872,0.3340599455040872,0.2997275204359673
3,0.3923705722070845,0.201461783231917,0.14290517716842938,0.15016235564406993,0.42779291553133514,0.05348833650350571,0.23906079679727554,0.0,0.2250654697418213,0.4725080740172416,"[0.7329700589179993, 0.782016396522522]",0.5231,0.30299727520435965,0.30517711171662126,0.3231607629427793,0.33787465940054495,0.33787465940054495,0.33787465940054495,0.30299727520435965
4,0.3700272479564033,0.21820990168195098,0.1405648998793182,0.14025484983707884,0.42942779291553135,0.05250710994005203,0.22214647382497787,0.0,0.2102527916431427,0.42211245896760374,"[0.7329700589179993, 0.782016396522522]",0.5054,0.30463215258855586,0.30626702997275207,0.33678474114441415,0.37275204359673025,0.3629427792915531,0.3629427792915531,0.30463215258855586
5,0.29863760217983654,0.0979573799094613,0.09710484132065743,0.052070036452669756,0.39509536784741145,0.05128833279013634,0.20772527903318405,0.0,0.1974298655986786,0.4808193469652906,"[0.7329700589179993, 0.782016396522522]",0.8539,0.3024523160762943,0.3024523160762943,0.32861035422343327,0.3525885558583106,0.3580381471389646,0.3580381471389646,0.3024523160762943
6,0.3111716621253406,0.16670917954926767,0.09619507302910064,0.07372254748627204,0.38910081743869207,0.04938366264104843,0.19506344944238663,0.0,0.18607038259506226,0.7229908130830154,"[0.7329700589179993, 0.782016396522522]",0.5089,0.2784741144414169,0.3302452316076294,0.33841961852861036,0.30953678474114443,0.3188010899182561,0.3188010899182561,0.2724795640326976
7,0.2610354223433243,0.12032971461782871,0.08496506927764612,0.03954788758698061,0.3798365122615804,0.051187001168727875,0.18377259373664856,0.0,0.17581797391176224,0.4895903760334477,"[0.7329700589179993, 0.782016396522522]",0.5447,0.27465940054495913,0.2779291553133515,0.32697547683923706,0.29318801089918256,0.2959128065395095,0.2959128065395095,0.27465940054495913
8,0.2790190735694823,0.13253372381205564,0.09468900888735403,0.05149938364113343,0.3869209809264305,0.05025585740804672,0.17355301976203918,0.0,0.16646481305360794,0.47669361089356244,"[0.7329700589179993, 0.782016396522522]",0.5408,0.2970027247956403,0.29754768392370573,0.2888283378746594,0.25177111716621253,0.2572207084468665,0.2572207084468665,0.2970027247956403
9,0.25286103542234334,0.12359056197764962,0.07842734148800772,0.03023413661348882,0.3782016348773842,0.0494479238986969,0.16426894068717957,0.0,0.1580406054854393,0.4912928390549496,"[0.7329700589179993, 0.782016396522522]",0.6648,0.3138964577656676,0.3138964577656676,0.3122615803814714,0.27574931880108994,0.28065395095367845,0.28065395095367845,0.3138964577656676
10,0.2877384196185286,0.08058026284414832,0.0613822088874218,0.014351058210908253,0.3662125340599455,0.05284799635410309,0.15585705637931824,0.0,0.15031594410538673,0.6133835940854624,"[0.7329700589179993, 0.782016396522522]",0.5443,0.25994550408719347,0.22070844686648503,0.22506811989100817,0.2321525885558583,0.22615803814713897,0.22615803814713897,0.25940054495912807
11,0.3138964577656676,0.1108141083373746,0.05009220327154246,0.04498783569045106,0.35967302452316074,0.05004322901368141,0.14814182743430138,0.0,0.14316508173942566,0.46961398504208773,"[0.7329700589179993, 0.782016396522522]",0.5437,0.2664850136239782,0.26267029972752043,0.3024523160762943,0.29209809264305175,0.29155313351498635,0.29155313351498635,0.2664850136239782
12,0.22942779291553134,-0.001016567935479662,0.052906564521055036,-0.01144553540513107,0.3405994550408719,0.048900507390499115,0.1410452090203762,0.0,0.13654039427638054,0.5680305219721049,"[0.7329700589179993, 0.782016396522522]",0.9413,0.2686648501362398,0.26920980926430516,0.25885558583106266,0.2724795640326976,0.2659400544959128,0.2659400544959128,0.2686648501362398
13,0.28010899182561305,0.11469953723266524,0.06544737932248783,0.04868946943580278,0.3743869209809264,0.04898080229759216,0.13448505103588104,0.0,0.1303403116762638,0.7451234490144998,"[0.7329700589179993, 0.782016396522522]",0.5316,0.27411444141689373,0.25885558583106266,0.2773841961852861,0.2452316076294278,0.24850136239782017,0.24850136239782017,0.27411444141689373
14,0.28337874659400547,0.12024869032163288,0.05853803727388284,0.031278511342769225,0.3574931880108992,0.050942763686180115,0.12835679948329926,0.0,0.124627735465765,0.4592325119301677,"[0.7329700589179993, 0.782016396522522]",0.5177,0.28610354223433243,0.2893732970027248,0.27193460490463217,0.27465940054495913,0.25286103542234334,0.25286103542234334,0.28610354223433243
15,0.2779291553133515,0.09618008185538884,0.04794283598137841,0.04079507779689925,0.34822888283378745,0.05100097879767418,0.12269668653607368,0.0,0.11942361295223236,0.49497321899980307,"[0.7329700589179993, 0.782016396522522]",0.5376,0.29155313351498635,0.29209809264305175,0.27465940054495913,0.25177111716621253,0.24032697547683923,0.24032697547683923,0.29155313351498635
16,0.23596730245231606,0.04866659418891106,0.04195984226724212,0.013934158057019811,0.34877384196185285,0.05059976875782013,0.11757604777812958,0.0,0.11459170654416084,0.47264517401345074,"[0.7329700589179993, 0.782016396522522]",0.5431,0.2768392370572207,0.2773841961852861,0.27465940054495913,0.3128065395095368,0.311716621253406,0.311716621253406,0.2768392370572207
17,0.25940054495912807,0.08609275163677743,0.0482934157239055,0.003322117380129975,0.3422343324250681,0.05059352517127991,0.11279959604144096,0.0,0.11008043214678764,0.4589253179728985,"[0.7329700589179993, 0.782016396522522]",0.555,0.2773841961852861,0.28010899182561305,0.2561307901907357,0.2779291553133515,0.2773841961852861,0.2773841961852861,0.2773841961852861
18,0.3024523160762943,0.11901444241693415,0.04585903824672878,0.046309229327319235,0.3553133514986376,0.04820629209280014,0.10832993313670158,0.0,0.10581516474485397,0.5257201760541648,"[0.7329700589179993, 0.782016396522522]",0.5314,0.2779291553133515,0.2779291553133515,0.2544959128065395,0.2773841961852861,0.2784741144414169,0.2784741144414169,0.2779291553133515
19,0.2332425068119891,0.08582954265009923,0.05345385439501179,0.007118900429152427,0.3525885558583106,0.04751189798116684,0.10410389676690102,0.0,0.10175265744328499,0.47316937206778675,"[0.7329700589179993, 0.782016396522522]",0.5105,0.2664850136239782,0.26267029972752043,0.2555858310626703,0.24250681198910082,0.246866485013624,0.246866485013624,0.2659400544959128
20,0.25940054495912807,0.08297369570685342,0.045253897557238604,0.030712608368807043,0.3574931880108992,0.05103382095694542,0.10010523349046707,0.0,0.09791124984622002,0.48574926797300577,"[0.7329700589179993, 0.782016396522522]",0.5147,0.26430517711171664,0.2664850136239782,0.2245231607629428,0.2550408719346049,0.24795640326975477,0.24795640326975477,0.26430517711171664
21,0.29264305177111716,0.10410298962084541,0.049019309629218216,0.06109213717040683,0.36130790190735695,0.04871279001235962,0.09634551405906677,0.0,0.09429184347391129,0.5141046399949118,"[0.7329700589179993, 0.782016396522522]",0.5734,0.25231607629427794,0.2844686648501362,0.3138964577656676,0.28119891008174386,0.28664850136239783,0.28664850136239783,0.25286103542234334
22,0.3068119891008174,0.1228660887550751,0.05148686510743722,0.05973441283295052,0.3553133514986376,0.04626075550913811,0.09279685840010643,0.0,0.09086502715945244,0.47813667997252196,"[0.7329700589179993, 0.782016396522522]",0.5394,0.25776566757493186,0.25776566757493186,0.2566757493188011,0.23487738419618528,0.2326975476839237,0.2326975476839237,0.25776566757493186
23,0.29427792915531337,0.10493873661452469,0.047522925702662255,0.019560645386029096,0.3444141689373297,0.04914098232984543,0.08942634984850883,0.0,0.08760880306363106,0.46945031301584095,"[0.7329700589179993, 0.782016396522522]",0.5627,0.2724795640326976,0.27029972752043596,0.2724795640326976,0.3068119891008174,0.311716621253406,0.311716621253406,0.27193460490463217
24,0.24196185286103541,0.04211383920027212,0.05785053656402051,0.01019415334801096,0.3574931880108992,0.04751286655664444,0.08627702295780182,0.0,0.084612887352705,0.5263055219547823,"[0.7329700589179993, 0.782016396522522]",0.5413,0.25940054495912807,0.2784741144414169,0.31553133514986376,0.2904632152588556,0.29373297002724796,0.29373297002724796,0.25940054495912807
25,0.26049046321525887,0.0979393954323422,0.05250902761942553,0.021207961172512377,0.3569482288828338,0.04337477684020996,0.08334361016750336,0.0,0.08179772272706032,0.5213188460329548,"[0.7329700589179993, 0.782016396522522]",0.5628,0.285558583106267,0.288283378746594,0.28174386920980926,0.262125340599455,0.24959128065395095,0.24959128065395095,0.285558583106267
26,0.22343324250681199,0.03177198639898604,0.05612371615980388,0.008708009045907631,0.35967302452316074,0.040181055665016174,0.08059971407055855,0.0,0.07916934043169022,0.49351680208928883,"[0.7329700589179993, 0.782016396522522]",0.5296,0.27629427792915534,0.2768392370572207,0.27465940054495913,0.291008174386921,0.2888283378746594,0.2888283378746594,0.27629427792915534
27,0.24305177111716622,0.0809517113063043,0.05505519669833879,0.007027866171925711,0.3471389645776567,0.0485931932926178,0.0780613087117672,0.0,0.07673747837543488,0.43386984104290605,"[0.7329700589179993, 0.782016396522522]",0.5306,0.262125340599455,0.2615803814713896,0.23433242506811988,0.2681198910081744,0.2555858310626703,0.2555858310626703,0.2615803814713896
28,0.2953678474114441,0.07091263507597467,0.043897039069025666,0.030977961174120532,0.35095367847411446,0.044659972190856934,0.07571181654930115,0.0,0.07452026009559631,0.4729282360058278,"[0.7329700589179993, 0.782016396522522]",0.5623,0.28174386920980926,0.3122615803814714,0.31553133514986376,0.2904632152588556,0.288283378746594,0.288283378746594,0.2795640326975477
29,0.2239782016348774,0.07472450193285074,0.059440761385095055,0.013488930552459068,0.36239782016348776,0.0468435138463974,0.07356395199894905,0.0,0.07248664647340775,0.47343032294884324,"[0.7329700589179993, 0.782016396522522]",0.5398,0.2681198910081744,0.2681198910081744,0.26376021798365124,0.2653950953678474,0.24959128065395095,0.24959128065395095,0.2681198910081744
30,0.2899182561307902,0.0649990497500803,0.04760658048592538,0.029586392589079066,0.3547683923705722,0.04525235295295715,0.07159709557890892,0.0,0.07059906795620918,0.5088769710855559,"[0.7329700589179993, 0.782016396522522]",0.55,0.2539509536784741,0.21961852861035422,0.24577656675749318,0.27629427792915534,0.2686648501362398,0.2686648501362398,0.2539509536784741
31,0.24250681198910082,0.08768444644427098,0.04949867411354762,0.028694155259124436,0.3569482288828338,0.05086629092693329,0.06979802995920181,0.0,0.06888693571090698,0.486616317066364,"[0.7329700589179993, 0.782016396522522]",0.6647,0.2561307901907357,0.24196185286103541,0.24741144414168936,0.285558583106267,0.27465940054495913,0.27465940054495913,0.2561307901907357
32,0.288283378746594,0.08322513662623654,0.051668778693907534,0.038160244159602695,0.3673024523160763,0.04892086237668991,0.06816555932164192,0.0,0.06733625009655952,0.5794393370160833,"[0.7329700589179993, 0.782016396522522]",0.7465,0.25340599455040874,0.24577656675749318,0.2784741144414169,0.2501362397820163,0.24250681198910082,0.24250681198910082,0.25340599455040874
33,0.29155313351498635,0.08666725628411609,0.051805004320895374,0.04041628277422625,0.3694822888283379,0.04887092858552933,0.0666869729757309,0.0,0.06592981144785881,0.8322050329297781,"[0.7329700589179993, 0.782016396522522]",0.6103,0.2670299727520436,0.26321525885558583,0.27084468664850136,0.28337874659400547,0.2839237057220708,0.2839237057220708,0.2670299727520436
34,0.3013623978201635,0.10078760924948726,0.05031887162716437,0.05776777823928434,0.3645776566757493,0.04636363312602043,0.06534450128674507,0.0,0.06463970243930817,0.5800264780409634,"[0.7329700589179993, 0.782016396522522]",0.7442,0.26485013623978204,0.2610354223433243,0.267574931880109,0.2790190735694823,0.28119891008174386,0.28119891008174386,0.26485013623978204
35,0.3002724795640327,0.1320626690139366,0.05909967189507067,0.07434097883810109,0.376566757493188,0.04723155498504639,0.06412545219063759,0.0,0.06347321346402168,0.5312847209861502,"[0.7329700589179993, 0.782016396522522]",0.5777,0.2610354223433243,0.2572207084468665,0.26376021798365124,0.27411444141689373,0.28065395095367845,0.28065395095367845,0.2610354223433243
36,0.23106267029972752,0.05193793255216239,0.056605073592598205,0.011207380176408701,0.3645776566757493,0.05218247324228287,0.06301861256361008,0.0,0.06241793558001518,0.5383290949976072,"[0.7329700589179993, 0.782016396522522]",0.7979,0.2686648501362398,0.2446866485013624,0.29209809264305175,0.28228882833787466,0.27084468664850136,0.27084468664850136,0.267574931880109
37,0.2773841961852861,0.10309764001969846,0.057857331725015046,0.005778425178566201,0.34386920980926433,0.05224483087658882,0.06202323921024799,0.0,0.06146121770143509,0.7926002809545025,"[0.7329700589179993, 0.782016396522522]",0.8437,0.2610354223433243,0.2223433242506812,0.26049046321525887,0.2839237057220708,0.28228882833787466,0.28228882833787466,0.2615803814713896
38,0.25340599455040874,0.09037785890807004,0.051130522530273434,0.02245695156653871,0.3547683923705722,0.04724569246172905,0.06112845428287983,0.0,0.0606060903519392,0.6218068840680644,"[0.7329700589179993, 0.782016396522522]",0.5937,0.25776566757493186,0.2555858310626703,0.25286103542234334,0.22997275204359674,0.21580381471389645,0.21580381471389645,0.2572207084468665
39,0.29264305177111716,0.09896233302943525,0.05490522204626476,0.05163247296086451,0.3683923705722071,0.04661497101187706,0.060325710102915764,0.0,0.059835297986865044,0.48807393899187446,"[0.7329700589179993, 0.782016396522522]",0.5271,0.27193460490463217,0.2730245231607629,0.23705722070844687,0.2615803814713896,0.25122615803814713,0.25122615803814713,0.27193460490463217
40,0.22343324250681199,0.06931132508284965,0.06282149068603408,0.006159477529653759,0.3574931880108992,0.04366585984826088,0.05959509126842022,0.0,0.0591344740241766,0.49452381196897477,"[0.7329700589179993, 0.782016396522522]",0.4921,0.28228882833787466,0.28228882833787466,0.27029972752043596,0.2686648501362398,0.2506811989100817,0.2506811989100817,0.28228882833787466
41,0.2555858310626703,0.035632516898293276,0.062289606093505756,0.031855921026757474,0.3629427792915531,0.04354575648903847,0.05894054286181927,0.0,0.05850418098270893,0.46792460593860596,"[0.7329700589179993, 0.782016396522522]",0.5387,0.2795640326975477,0.2795640326975477,0.27574931880108994,0.2970027247956403,0.30354223433242505,0.30354223433242505,0.2795640326975477
42,0.31444141689373295,0.11041583010720035,0.06213886273423176,0.06565057962935981,0.3782016348773842,0.04332723096013069,0.05834875628352165,0.0,0.05793374218046665,0.6106871450319886,"[0.7329700589179993, 0.782016396522522]",0.6088,0.2735694822888283,0.27465940054495913,0.246866485013624,0.24850136239782017,0.24305177111716622,0.24305177111716622,0.2735694822888283
43,0.2326975476839237,0.05882455795885344,0.05717632341122021,-0.00936940917085021,0.34332425068119893,0.04434382915496826,0.057821353897452354,0.0,0.057427650317549706,0.49393264309037477,"[0.7329700589179993, 0.782016396522522]",0.5293,0.27193460490463217,0.2730245231607629,0.267574931880109,0.2899182561307902,0.2953678474114441,0.2953678474114441,0.27193460490463217
44,0.24250681198910082,0.0665053413395783,0.05904765691737533,-0.006322432519642862,0.34386920980926433,0.043718695640563965,0.057340119034051895,0.0,0.0569651797413826,0.4963027769699693,"[0.7329700589179993, 0.782016396522522]",0.5395,0.2735694822888283,0.27465940054495913,0.2724795640326976,0.2959128065395095,0.2964577656675749,0.2964577656675749,0.2735694822888283
45,0.25177111716621253,0.09301259833222209,0.05808873044471201,0.04517308096667075,0.3700272479564033,0.043759800493717194,0.05690877139568329,0.0,0.056553974747657776,0.5336947379400954,"[0.7329700589179993, 0.782016396522522]",0.6728,0.2850136239782016,0.28664850136239783,0.2790190735694823,0.30953678474114443,0.29754768392370573,0.29754768392370573,0.2850136239782016
46,0.2893732970027248,0.11922377555452501,0.051958043711296066,0.05779785580118628,0.3640326975476839,0.046520136296749115,0.056522177532315254,0.0,0.056187620386481285,0.6677817349554971,"[0.7329700589179993, 0.782016396522522]",0.736,0.27574931880108994,0.27629427792915534,0.30408719346049046,0.3188010899182561,0.31553133514986376,0.31553133514986376,0.27574931880108994
47,0.2850136239782016,0.11251223856652459,0.06370730240201393,0.05023065251770104,0.3700272479564033,0.0437215194106102,0.05617057345807552,0.0,0.055858150124549866,0.4635270490543917,"[0.7329700589179993, 0.782016396522522]",0.7135,0.27138964577656677,0.2724795640326976,0.3013623978201635,0.3024523160762943,0.3068119891008174,0.3068119891008174,0.27138964577656677
48,0.28119891008174386,0.11183405397253043,0.06082895901712943,0.05236806191831558,0.3700272479564033,0.045242346823215485,0.055853357538580894,0.0,0.055560873821377754,0.4777476619929075,"[0.7329700589179993, 0.782016396522522]",0.5289,0.2664850136239782,0.2670299727520436,0.27138964577656677,0.26975476839237056,0.2773841961852861,0.2773841961852861,0.2664850136239782
49,0.24850136239782017,0.08520623724088161,0.057566997327605875,0.0018799617875253872,0.34986376021798365,0.047488342970609665,0.05556929484009743,0.0,0.055289050564169884,0.5125393540365621,"[0.7329700589179993, 0.782016396522522]",0.5708,0.27465940054495913,0.27520435967302453,0.2844686648501362,0.3024523160762943,0.30953678474114443,0.30953678474114443,0.27465940054495913
50,0.30899182561307903,0.11994668498298722,0.05372045936563798,0.034884523468348326,0.3460490463215259,0.046696119010448456,0.05531659908592701,0.0,0.05503827519714832,0.5088607390644029,"[0.7329700589179993, 0.782016396522522]",0.8056,0.26920980926430516,0.26975476839237056,0.2779291553133515,0.27465940054495913,0.2899182561307902,0.2899182561307902,0.26920980926430516
51,0.27574931880108994,0.06626931572400152,0.05363896170618718,0.04454782294518081,0.3645776566757493,0.04881340265274048,0.055085303261876106,0.0,0.054823221638798714,0.6316455380292609,"[0.7329700589179993, 0.782016396522522]",0.521,0.2735694822888283,0.27465940054495913,0.2795640326975477,0.2850136239782016,0.2888283378746594,0.2888283378746594,0.2735694822888283
52,0.29318801089918256,0.1196397321479763,0.0614809532783235,0.040825899504315845,0.3553133514986376,0.046341560781002045,0.05487608350813389,0.0,0.0546247772872448,0.4986389590194449,"[0.7329700589179993, 0.782016396522522]",0.6109,0.27138964577656677,0.27193460490463217,0.2784741144414169,0.2877384196185286,0.29427792915531337,0.29427792915531337,0.27138964577656677
53,0.2888283378746594,0.0989895272947281,0.06375511666315878,0.040667412338235405,0.37384196185286106,0.04318079352378845,0.0546911247074604,0.0,0.05445209704339504,0.4863197389058769,"[0.7329700589179993, 0.782016396522522]",0.5651,0.262125340599455,0.2550408719346049,0.25831062670299726,0.2506811989100817,0.24632152588555858,0.24632152588555858,0.262125340599455
54,0.32697547683923706,0.13512072569371436,0.05896109928058332,0.09014782056842388,0.379291553133515,0.04352865368127823,0.054529882967472076,0.0,0.054296404123306274,0.4797184648923576,"[0.7329700589179993, 0.782016396522522]",0.5629,0.28719346049046324,0.2877384196185286,0.27193460490463217,0.28228882833787466,0.2779291553133515,0.2779291553133515,0.28719346049046324
55,0.3193460490463215,0.1338160258292641,0.05737688393335196,0.07794260082821004,0.376566757493188,0.04339549317955971,0.054389236494898796,0.0,0.05416002310812473,0.47579201601911336,"[0.7329700589179993, 0.782016396522522]",0.6818,0.28010899182561305,0.28065395095367845,0.25122615803814713,0.24904632152588557,0.25831062670299726,0.25831062670299726,0.28010899182561305
56,0.2784741144414169,0.12040273631885834,0.06160302057081427,0.0327706304809547,0.37111716621253404,0.048552028834819794,0.054263705387711525,0.0,0.054039785638451576,0.4856424480676651,"[0.7329700589179993, 0.782016396522522]",0.5641,0.3073569482288828,0.3079019073569482,0.30626702997275207,0.2795640326975477,0.26485013623978204,0.26485013623978204,0.3073569482288828
57,0.3405994550408719,0.15112423899961613,0.06609480350589911,0.09711630037688312,0.3749318801089918,0.04454687237739563,0.05414668843150139,0.0,0.053929826244711876,0.4708146949997172,"[0.7329700589179993, 0.782016396522522]",0.5759,0.2953678474114441,0.2964577656675749,0.3346049046321526,0.335149863760218,0.3346049046321526,0.3346049046321526,0.2953678474114441
58,0.24741144414168936,0.10502947347528502,0.06609605023041117,0.0265596649173081,0.3667574931880109,0.043655671179294586,0.054047105833888054,0.0,0.05383755825459957,0.4711118370760232,"[0.7329700589179993, 0.782016396522522]",0.5754,0.26430517711171664,0.2653950953678474,0.2795640326975477,0.27574931880108994,0.291008174386921,0.291008174386921,0.26430517711171664
59,0.30408719346049046,0.12165809176036835,0.061507077601266544,0.05995255242553298,0.3749318801089918,0.04924444481730461,0.05395694263279438,0.0,0.05375632271170616,0.49272034398745745,"[0.7329700589179993, 0.782016396522522]",0.5432,0.29427792915531337,0.29482288828337877,0.2790190735694823,0.3111716621253406,0.29863760217983654,0.29863760217983654,0.29427792915531337
60,0.24032697547683923,0.08795428201433808,0.06802663864154151,0.028195078324191634,0.3651226158038147,0.04616764187812805,0.05387839302420616,0.0,0.05368361063301563,0.5050019620684907,"[0.7329700589179993, 0.782016396522522]",0.5166,0.28664850136239783,0.2877384196185286,0.2893732970027248,0.30899182561307903,0.3138964577656676,0.3138964577656676,0.28664850136239783
61,0.24305177111716622,0.07432655001632493,0.07072991145605549,0.030860159693215407,0.3678474114441417,0.04373389109969139,0.053809529170393944,0.0,0.05361793376505375,0.4531970829702914,"[0.7329700589179993, 0.782016396522522]",0.5087,0.28719346049046324,0.288283378746594,0.291008174386921,0.3111716621253406,0.31553133514986376,0.31553133514986376,0.28719346049046324
62,0.23596730245231606,0.0871343234329287,0.06712451359503263,0.02830524837496518,0.3645776566757493,0.04344210773706436,0.05374593660235405,0.0,0.05355832353234291,0.4642500738846138,"[0.7329700589179993, 0.782016396522522]",0.526,0.2888283378746594,0.2893732970027248,0.27193460490463217,0.29209809264305175,0.28664850136239783,0.28664850136239783,0.2888283378746594
63,0.2964577656675749,0.11187685714135753,0.07031244482225409,0.07380535779982278,0.38310626702997275,0.05048352852463722,0.05368856154382229,0.0,0.053503235802054405,0.5346269729780033,"[0.7329700589179993, 0.782016396522522]",0.6348,0.288283378746594,0.2888283378746594,0.27193460490463217,0.2904632152588556,0.28719346049046324,0.28719346049046324,0.288283378746594
64,0.29155313351498635,0.12184441019271552,0.07383255629896297,0.06335352087518215,0.3858310626702997,0.047942809760570526,0.053634997457265854,0.0,0.053450100123882294,0.4722239619586617,"[0.7329700589179993, 0.782016396522522]",0.5422,0.2795640326975477,0.28119891008174386,0.2446866485013624,0.23433242506811988,0.244141689373297,0.244141689373297,0.2795640326975477
65,0.2844686648501362,0.10993409532534892,0.07756695125548786,0.08399751594822938,0.38528610354223436,0.049487367272377014,0.0535845123231411,0.0,0.05340118892490864,0.4625004270346835,"[0.7329700589179993, 0.782016396522522]",0.5582,0.2844686648501362,0.285558583106267,0.29155313351498635,0.30517711171662126,0.311716621253406,0.311716621253406,0.2844686648501362
66,0.2544959128065395,0.09559796283646482,0.07345526840919143,0.05069778651554166,0.38419618528610355,0.0484195277094841,0.053536929190158844,0.0,0.05335485190153122,0.437547089997679,"[0.7329700589179993, 0.782016396522522]",0.5614,0.2850136239782016,0.28610354223433243,0.2904632152588556,0.30408719346049046,0.3111716621253406,0.3111716621253406,0.2850136239782016
67,0.30517711171662126,0.10964398698349653,0.07196550879304657,0.05511264180891065,0.3880108991825613,0.047195568680763245,0.05349416099488735,0.0,0.05331345275044441,0.4711490289773792,"[0.7329700589179993, 0.782016396522522]",0.5814,0.2850136239782016,0.28610354223433243,0.29427792915531337,0.30572207084468667,0.31498637602179835,0.31498637602179835,0.2850136239782016
68,0.30572207084468667,0.10557942081639093,0.06803675503001456,0.06586120724436194,0.3863760217983651,0.0485861636698246,0.053454264998435974,0.0,0.05327628180384636,0.48301264899782836,"[0.7329700589179993, 0.782016396522522]",0.8925,0.28065395095367845,0.2839237057220708,0.2550408719346049,0.22888283378746593,0.22070844686648503,0.22070844686648503,0.28065395095367845
69,0.2790190735694823,0.11608477005216755,0.06780469198055324,0.043159151031087584,0.3645776566757493,0.05060253292322159,0.05341192148625851,0.0,0.05323943309485912,0.6091146089602262,"[0.7329700589179993, 0.782016396522522]",0.6573,0.28664850136239783,0.2877384196185286,0.27193460490463217,0.26485013623978204,0.267574931880109,0.267574931880109,0.28664850136239783
70,0.2572207084468665,0.09587873932975666,0.07467074159636201,0.02342637049401365,0.3673024523160763,0.047229424118995667,0.05337191931903362,0.0,0.05320719629526138,0.49662374798208475,"[0.7329700589179993, 0.782016396522522]",0.6039,0.2888283378746594,0.2899182561307902,0.2768392370572207,0.23978201634877383,0.2326975476839237,0.2326975476839237,0.2888283378746594
71,0.2561307901907357,0.09621991143241981,0.07464180728337272,0.019810408472338618,0.3673024523160763,0.04363448917865753,0.05333293043076992,0.0,0.053177762776613235,0.5369610380148515,"[0.7329700589179993, 0.782016396522522]",0.6479,0.28174386920980926,0.28283378746594007,0.26430517711171664,0.29482288828337877,0.28065395095367845,0.28065395095367845,0.28174386920980926
72,0.2539509536784741,0.07848815882145788,0.06602348306695385,0.020100065749762787,0.3574931880108992,0.05522214248776436,0.0532945916056633,0.0,0.0531481858342886,0.4783120380016044,"[0.7329700589179993, 0.782016396522522]",0.5243,0.2899182561307902,0.2904632152588556,0.28283378746594007,0.24141689373297004,0.23814713896457765,0.23814713896457765,0.2899182561307902
73,0.3024523160762943,0.1290004865256138,0.0672664654962707,0.05997033157230269,0.3803814713896458,0.04878374934196472,0.05325822904706001,0.0,0.05312030762434006,0.4687918550334871,"[0.7329700589179993, 0.782016396522522]",0.8393,0.291008174386921,0.29155313351498635,0.2839237057220708,0.24305177111716622,0.23760217983651227,0.23760217983651227,0.291008174386921
74,0.29209809264305175,0.11469701781068431,0.06916407219152927,0.06777608363596697,0.38365122615803815,0.04954005032777786,0.05322335846722126,0.0,0.05309167876839638,0.5057877630461007,"[0.7329700589179993, 0.782016396522522]",0.5545,0.29155313351498635,0.29209809264305175,0.28610354223433243,0.24577656675749318,0.23651226158038147,0.23651226158038147,0.29155313351498635
75,0.30572207084468667,0.12948427550238806,0.06629387530795769,0.0596351922733189,0.3760217983651226,0.04778526723384857,0.053192147985100746,0.0,0.053065042942762375,0.46088777703698725,"[0.7329700589179993, 0.782016396522522]",0.5512,0.2768392370572207,0.2784741144414169,0.25940054495912807,0.2839237057220708,0.28010899182561305,0.28010899182561305,0.2768392370572207
76,0.2664850136239782,0.07884583755544372,0.06110433037046164,0.022321855556715224,0.35858310626703,0.04799523949623108,0.0531628243625164,0.0,0.05303928256034851,0.45993038394954056,"[0.7329700589179993, 0.782016396522522]",0.5616,0.2877384196185286,0.2888283378746594,0.28010899182561305,0.3193460490463215,0.30299727520435965,0.30299727520435965,0.2877384196185286
77,0.32861035422343327,0.11760699413317466,0.07171280290047097,0.08707545173792143,0.3885558583106267,0.049126870930194855,0.05313241295516491,0.0,0.05301106907427311,0.45674190390855074,"[0.7329700589179993, 0.782016396522522]",0.5788,0.2959128065395095,0.2970027247956403,0.28337874659400547,0.31008174386920984,0.2997275204359673,0.2997275204359673,0.2959128065395095
78,0.3188010899182561,0.11864608669256449,0.06755636165978741,0.06963210601537297,0.38256130790190734,0.047020815312862396,0.05310436710715294,0.0,0.05298757366836071,0.4678195510059595,"[0.7329700589179993, 0.782016396522522]",0.5187,0.28610354223433243,0.28719346049046324,0.27629427792915534,0.3138964577656676,0.2964577656675749,0.2964577656675749,0.28610354223433243
79,0.2566757493188011,0.09441206649772571,0.07270570220945925,0.05896574932119355,0.38528610354223436,0.04454723000526428,0.053077101707458496,0.0,0.05296359583735466,0.5211365870200098,"[0.7329700589179993, 0.782016396522522]",0.5091,0.288283378746594,0.2893732970027248,0.25340599455040874,0.25831062670299726,0.26049046321525887,0.26049046321525887,0.288283378746594
80,0.2653950953678474,0.10145999401355954,0.07164135048250976,0.06341895020563602,0.38474114441416896,0.043012578040361404,0.053046345710754395,0.0,0.05294048227369785,0.49812563695013523,"[0.7329700589179993, 0.782016396522522]",0.5191,0.29264305177111716,0.29373297002724796,0.26321525885558583,0.2615803814713896,0.25776566757493186,0.25776566757493186,0.29264305177111716
81,0.2555858310626703,0.04533698144725362,0.06766173145312945,0.03229448535908605,0.3700272479564033,0.048709459602832794,0.05301671661436558,0.0,0.05291968770325184,0.4770259880460799,"[0.7329700589179993, 0.782016396522522]",0.5044,0.29209809264305175,0.29318801089918256,0.26321525885558583,0.25940054495912807,0.25231607629427794,0.25231607629427794,0.29209809264305175
82,0.2506811989100817,0.04111595955480796,0.06942590834860016,0.03221451378884898,0.3700272479564033,0.04722914844751358,0.052985064685344696,0.0,0.052897242829203606,0.47667017101775855,"[0.7329700589179993, 0.782016396522522]",0.5326,0.2959128065395095,0.2964577656675749,0.2991825613079019,0.3302452316076294,0.3198910081743869,0.3198910081743869,0.2959128065395095
83,0.25122615803814713,0.08445669063170302,0.06856423636805627,0.02812699823861634,0.3700272479564033,0.04680909216403961,0.052956024184823036,0.0,0.052882326766848564,0.48717143095564097,"[0.7329700589179993, 0.782016396522522]",0.5157,0.2844686648501362,0.28719346049046324,0.2615803814713896,0.2566757493188011,0.25831062670299726,0.25831062670299726,0.2844686648501362
84,0.262125340599455,0.10264217071465309,0.06361613542617577,0.04754990895347041,0.3809264305177112,0.0448179617524147,0.052929118275642395,0.0,0.0528707392513752,0.4443057479802519,"[0.7329700589179993, 0.782016396522522]",0.504,0.28119891008174386,0.28283378746594007,0.25231607629427794,0.27029972752043596,0.26975476839237056,0.26975476839237056,0.28119891008174386
85,0.2615803814713896,0.10096082399525308,0.06152019712262552,0.04858210037761305,0.3803814713896458,0.042958952486515045,0.05290239863097668,0.0,0.05284974351525307,0.42381467192899436,"[0.7329700589179993, 0.782016396522522]",0.5182,0.28119891008174386,0.28283378746594007,0.25177111716621253,0.2681198910081744,0.26920980926430516,0.26920980926430516,0.28119891008174386
86,0.3019073569482289,0.11636707698761828,0.054501384785848116,0.02890650072158052,0.35149863760217986,0.04297909140586853,0.052879609167575836,0.0,0.052831368520855904,0.4206900609424338,"[0.7329700589179993, 0.782016396522522]",0.522,0.291008174386921,0.29264305177111716,0.267574931880109,0.2239782016348774,0.23651226158038147,0.23651226158038147,0.291008174386921
87,0.2768392370572207,0.09891242404730705,0.06553221534497525,0.03412858591121007,0.3760217983651226,0.043373093008995056,0.052859120070934296,0.0,0.052822643890976906,0.4223740790039301,"[0.7329700589179993, 0.782016396522522]",0.4972,0.2730245231607629,0.2735694822888283,0.29754768392370573,0.29863760217983654,0.3002724795640327,0.3002724795640327,0.2730245231607629
88,0.291008174386921,0.11609844992754281,0.07091298289466871,0.049955089429452676,0.3640326975476839,0.05671083927154541,0.05283401347696781,0.0,0.052803752943873405,0.4431561781093478,"[0.7329700589179993, 0.782016396522522]",0.5089,0.2724795640326976,0.27465940054495913,0.28664850136239783,0.3073569482288828,0.29318801089918256,0.29318801089918256,0.2724795640326976
89,0.24959128065395095,0.10460367436396711,0.07304667163512722,0.04609102468814158,0.3869209809264305,0.04939359799027443,0.05281347781419754,0.0,0.052780959755182266,0.4532664678990841,"[0.7329700589179993, 0.782016396522522]",0.5055,0.285558583106267,0.28719346049046324,0.2659400544959128,0.29427792915531337,0.2768392370572207,0.2768392370572207,0.285558583106267
90,0.27574931880108994,0.10447341914109753,0.07005587965952416,0.044916106430152154,0.3743869209809264,0.048118360340595245,0.052795570343732834,0.0,0.05275830440223217,0.44790917297359556,"[0.7329700589179993, 0.782016396522522]",0.5657,0.288283378746594,0.2899182561307902,0.27193460490463217,0.2904632152588556,0.291008174386921,0.291008174386921,0.288283378746594
91,0.3013623978201635,0.11009469999311527,0.07438121877812211,0.07690061925849599,0.3907356948228883,0.05112995207309723,0.05277925729751587,0.0,0.05273596756160259,0.45620848308317363,"[0.7329700589179993, 0.782016396522522]",0.5306,0.2844686648501362,0.285558583106267,0.24850136239782017,0.24904632152588557,0.24250681198910082,0.24250681198910082,0.2844686648501362
92,0.28610354223433243,0.11524277133266603,0.06980528165600129,0.05859916025213632,0.37384196185286106,0.05007857456803322,0.05276312865316868,0.0,0.052715012803673744,0.5144037200370803,"[0.7329700589179993, 0.782016396522522]",0.8681,0.3024523160762943,0.30354223433242505,0.2991825613079019,0.32697547683923706,0.3188010899182561,0.3188010899182561,0.3024523160762943
93,0.3307901907356948,0.14684317055791507,0.06982676447751163,0.07968385657393867,0.3874659400544959,0.05035105347633362,0.05274762026965618,0.0,0.05269365571439266,0.7166199289495125,"[0.7329700589179993, 0.782016396522522]",0.5124,0.29155313351498635,0.29264305177111716,0.2653950953678474,0.24087193460490464,0.24032697547683923,0.24032697547683923,0.29155313351498635
94,0.32752043596730246,0.1347157664012668,0.06953856939173528,0.09381732072509452,0.3896457765667575,0.04789401590824127,0.05273241363465786,0.0,0.05267251841723919,0.4314688539598137,"[0.7329700589179993, 0.782016396522522]",0.5403,0.267574931880109,0.26267029972752043,0.30626702997275207,0.2795640326975477,0.2997275204359673,0.2997275204359673,0.267574931880109
95,0.3237057220708447,0.13639101029170064,0.06868407027549442,0.06868759409456456,0.3656675749318801,0.04446866363286972,0.05271708033978939,0.0,0.05265175178647041,0.4236177899874747,"[0.7329700589179993, 0.782016396522522]",0.579,0.27084468664850136,0.27193460490463217,0.28010899182561305,0.2784741144414169,0.29264305177111716,0.29264305177111716,0.27084468664850136
96,0.32588555858310625,0.13783306536553197,0.06778243066774296,0.07343831316104961,0.38365122615803815,0.044655390083789825,0.05270145274698734,0.0,0.052631355822086334,0.43384306598454714,"[0.7329700589179993, 0.782016396522522]",0.5442,0.2953678474114441,0.2959128065395095,0.2768392370572207,0.24795640326975477,0.24087193460490464,0.24087193460490464,0.2953678474114441
97,0.3133514986376022,0.1391882136433511,0.0745345603758347,0.08474520047413617,0.3858310626702997,0.04948120564222336,0.05268471501767635,0.0,0.05261065997183323,0.43436038598883897,"[0.7329700589179993, 0.782016396522522]",0.5683,0.2850136239782016,0.28610354223433243,0.24305177111716622,0.22997275204359674,0.2245231607629428,0.2245231607629428,0.2850136239782016
98,0.311716621253406,0.12414638847213466,0.07332070277873069,0.07458302472170036,0.39618528610354226,0.05034806579351425,0.052668871358036995,0.0,0.05258968099951744,0.42250824999064207,"[0.7329700589179993, 0.782016396522522]",0.5443,0.2877384196185286,0.288283378746594,0.27465940054495913,0.26975476839237056,0.26267029972752043,0.26267029972752043,0.2877384196185286
99,0.2959128065395095,0.10647509887560336,0.07146410511969756,0.05209982133973159,0.379291553133515,0.05029940977692604,0.05265331082046032,0.0,0.052568500861525536,0.6741637929808348,"[0.7329700589179993, 0.782016396522522]",0.5525,0.267574931880109,0.25231607629427794,0.29264305177111716,0.26376021798365124,0.26485013623978204,0.26485013623978204,0.267574931880109
100,0.33787465940054495,0.14505161268798972,0.07474572541461204,0.09834493456174873,0.38419618528610355,0.04810585826635361,0.052637526765465736,0.0,0.05254792049527168,0.5160442129708827,"[0.7329700589179993, 0.782016396522522]",0.5963,0.26920980926430516,0.2773841961852861,0.3237057220708447,0.2970027247956403,0.3138964577656676,0.3138964577656676,0.26920980926430516
101,0.26430517711171664,0.09093411130071016,0.07932538084853133,0.061795841156780024,0.38201634877384194,0.046709634363651276,0.05262145213782787,0.0,0.05252702161669731,0.4615221880376339,"[0.7329700589179993, 0.782016396522522]",0.5619,0.26267029972752043,0.2850136239782016,0.3215258855585831,0.2850136239782016,0.2899182561307902,0.2899182561307902,0.262125340599455
102,0.30572207084468667,0.12991097348558145,0.08251614874369027,0.06150405825132009,0.38310626702997275,0.04721463471651077,0.05260528437793255,0.0,0.05250553786754608,0.48943419905845076,"[0.7329700589179993, 0.782016396522522]",0.6576,0.26267029972752043,0.2888283378746594,0.3215258855585831,0.29373297002724796,0.29754768392370573,0.29754768392370573,0.262125340599455
103,0.3247956403269755,0.14153165103268128,0.06152962788413325,0.09296889098622113,0.3754768392370572,0.04361288249492645,0.052589086815714836,0.0,0.052483733743429184,0.49113897897768766,"[0.7329700589179993, 0.782016396522522]",0.5684,0.25122615803814713,0.246866485013624,0.27574931880108994,0.23814713896457765,0.24032697547683923,0.24032697547683923,0.2501362397820163
104,0.3335149863760218,0.15058997189708845,0.0664987900380094,0.09021280379793634,0.3754768392370572,0.04459414258599281,0.05257297493517399,0.0,0.05246204882860184,0.47850562899839133,"[0.7329700589179993, 0.782016396522522]",0.5513,0.2653950953678474,0.27029972752043596,0.2899182561307902,0.26920980926430516,0.27029972752043596,0.27029972752043596,0.2653950953678474
105,0.28065395095367845,0.11064309294407537,0.07087171641528017,0.05520671700520221,0.3809264305177112,0.055428456515073776,0.05255718715488911,0.0,0.05244094133377075,0.4943129529710859,"[0.7329700589179993, 0.782016396522522]",0.5365,0.2670299727520436,0.27029972752043596,0.29754768392370573,0.28337874659400547,0.27574931880108994,0.27574931880108994,0.2670299727520436
106,0.3307901907356948,0.14933889523306187,0.07156923229808677,0.09266902076000902,0.3760217983651226,0.04800736904144287,0.05254152789711952,0.0,0.05242028273642063,0.45906138699501753,"[0.7329700589179993, 0.782016396522522]",0.5666,0.2615803814713896,0.24959128065395095,0.28010899182561305,0.24141689373297004,0.246866485013624,0.246866485013624,0.26049046321525887
107,0.24250681198910082,0.07086306117408614,0.07174365777764764,0.014935924599655186,0.3640326975476839,0.046234626322984695,0.05252624489367008,0.0,0.052399467676877975,0.47959686908870935,"[0.7329700589179993, 0.782016396522522]",0.5642,0.26485013623978204,0.25122615803814713,0.2893732970027248,0.2550408719346049,0.2561307901907357,0.2561307901907357,0.26485013623978204
108,0.32806539509536786,0.15285558420279755,0.0792319181712189,0.10208112922134416,0.39455040871934605,0.052320290356874466,0.052511004731059074,0.0,0.05237843468785286,0.48081477696541697,"[0.7329700589179993, 0.782016396522522]",0.6211,0.2970027247956403,0.29754768392370573,0.32697547683923706,0.33841961852861036,0.3444141689373297,0.3444141689373297,0.2970027247956403
109,0.32752043596730246,0.14354627268511766,0.07310615906594663,0.09392003580658247,0.38365122615803815,0.04664144665002823,0.052496252581477165,0.0,0.052357373759150505,0.47299099806696177,"[0.7329700589179993, 0.782016396522522]",0.5256,0.2888283378746594,0.2904632152588556,0.3084468664850136,0.31498637602179835,0.3220708446866485,0.3220708446866485,0.2888283378746594
110,0.2664850136239782,0.11001706883710305,0.07275260304467555,0.05864823494872348,0.38528610354223436,0.05836905539035797,0.052481845021247864,0.0,0.05233599431812763,0.4727132760453969,"[0.7329700589179993, 0.782016396522522]",0.5191,0.2686648501362398,0.2893732970027248,0.3335149863760218,0.3111716621253406,0.3198910081743869,0.3198910081743869,0.267574931880109
111,0.2893732970027248,0.047107421231770696,0.06681616139559311,0.029981597993671272,0.37384196185286106,0.050433143973350525,0.05246715433895588,0.0,0.05231437087059021,0.46053758007474244,"[0.7329700589179993, 0.782016396522522]",0.5664,0.28664850136239783,0.2899182561307902,0.27465940054495913,0.2964577656675749,0.28337874659400547,0.28337874659400547,0.28664850136239783
112,0.32043596730245233,0.11867666214497608,0.07707092443902877,0.07719841871798687,0.39455040871934605,0.050957925617694855,0.05245284363627434,0.0,0.0522927138954401,0.487170014064759,"[0.7329700589179993, 0.782016396522522]",0.5626,0.2653950953678474,0.2681198910081744,0.21416893732970027,0.22724795640326975,0.22615803814713897,0.22615803814713897,0.2653950953678474
113,0.2964577656675749,0.05313470752908567,0.06347847204479187,0.03559319012781868,0.37111716621253404,0.05074954405426979,0.052438607439398766,0.0,0.052270786836743355,0.5113015989772975,"[0.7329700589179993, 0.782016396522522]",0.5907,0.26376021798365124,0.2664850136239782,0.2130790190735695,0.2245231607629428,0.2239782016348774,0.2239782016348774,0.26376021798365124
114,0.2539509536784741,0.0730107174539073,0.07734478052245743,0.04468854682543,0.3918256130790191,0.048410769551992416,0.05242430977523327,0.0,0.05224899388849735,0.5287779159843922,"[0.7329700589179993, 0.782016396522522]",0.5908,0.27629427792915534,0.28664850136239783,0.3313351498637602,0.3247956403269755,0.32806539509536786,0.32806539509536786,0.27629427792915534
115,0.32588555858310625,0.1449768266701219,0.07482048132228974,0.07862832377337588,0.3798365122615804,0.046787261962890625,0.05240968242287636,0.0,0.05222782678902149,0.52332297002431,"[0.7329700589179993, 0.782016396522522]",0.6265,0.27574931880108994,0.2844686648501362,0.3335149863760218,0.32098092643051773,0.32861035422343327,0.32861035422343327,0.27574931880108994
116,0.27574931880108994,0.07129332662078058,0.0587100124996682,0.016032740711887046,0.3569482288828338,0.05329208821058273,0.05239483527839184,0.0,0.05220676772296429,0.5141577909234911,"[0.7329700589179993, 0.782016396522522]",0.6171,0.26920980926430516,0.27193460490463217,0.22942779291553134,0.2332425068119891,0.22779291553133516,0.22779291553133516,0.26920980926430516
117,0.33787465940054495,0.1477207567711385,0.06484186256278929,0.08794462895985257,0.3814713896457766,0.047371361404657364,0.0523800402879715,0.0,0.05218708887696266,0.4789164470275864,"[0.7329700589179993, 0.782016396522522]",0.528,0.2670299727520436,0.27193460490463217,0.3024523160762943,0.29373297002724796,0.29809264305177113,0.29809264305177113,0.2670299727520436
118,0.3079019073569482,0.12777532836847638,0.07211522370661755,0.06273356766871448,0.3874659400544959,0.05635964125394821,0.052363794296979904,0.0,0.052166517823934555,0.46674503409303725,"[0.7329700589179993, 0.782016396522522]",0.5276,0.2615803814713896,0.30408719346049046,0.30299727520435965,0.2555858310626703,0.25940054495912807,0.25940054495912807,0.26376021798365124
119,0.2735694822888283,0.07083490026704353,0.06991037189218618,0.041292437242488135,0.3814713896457766,0.0518922284245491,0.05234816297888756,0.0,0.05214595049619675,0.44184847199358046,"[0.7329700589179993, 0.782016396522522]",0.5153,0.27520435967302453,0.2779291553133515,0.23487738419618528,0.2446866485013624,0.24250681198910082,0.24250681198910082,0.27520435967302453
120,0.3177111716621253,0.1326602265468445,0.08447575868142869,0.06659241265740416,0.39564032697547685,0.04905564337968826,0.05233289860188961,0.0,0.052125927060842514,0.431459515937604,"[0.7329700589179993, 0.782016396522522]",0.5499,0.27138964577656677,0.2735694822888283,0.26376021798365124,0.26920980926430516,0.2839237057220708,0.2839237057220708,0.27138964577656677
121,0.31716621253405997,0.12743070313923122,0.07973104245627832,0.06322971737983643,0.3901907356948229,0.04901845008134842,0.052315983921289444,0.0,0.05210520885884762,0.46304335293825716,"[0.7329700589179993, 0.782016396522522]",0.521,0.2877384196185286,0.2899182561307902,0.26267029972752043,0.25340599455040874,0.2670299727520436,0.2670299727520436,0.2877384196185286
122,0.31662125340599456,0.1276334884651953,0.07912249097171804,0.06279143833845757,0.3907356948228883,0.04860116168856621,0.052301352843642235,0.0,0.05208381079137325,0.4504913960117847,"[0.7329700589179993, 0.782016396522522]",0.5142,0.2899182561307902,0.291008174386921,0.2724795640326976,0.3111716621253406,0.29863760217983654,0.29863760217983654,0.2899182561307902
123,0.24850136239782017,0.06545419628133897,0.07101975375691762,0.029012686258620808,0.3743869209809264,0.052306100726127625,0.05228686146438122,0.0,0.05206231214106083,0.4419959740480408,"[0.7329700589179993, 0.782016396522522]",0.5371,0.2899182561307902,0.29155313351498635,0.28610354223433243,0.3079019073569482,0.2997275204359673,0.2997275204359673,0.2899182561307902
124,0.24795640326975477,0.06484937069455143,0.07118918289409205,0.02990815385009129,0.3749318801089918,0.05160415917634964,0.05227260664105415,0.0,0.05204112268984318,0.4085349179804325,"[0.7329700589179993, 0.782016396522522]",0.533,0.2904632152588556,0.29209809264305175,0.2653950953678474,0.27465940054495913,0.2730245231607629,0.2730245231607629,0.2904632152588556
125,0.246866485013624,0.06401151840460784,0.07233762480957201,0.030666075187706032,0.3754768392370572,0.05144525319337845,0.052258195355534554,0.0,0.05202014744281769,0.42268285900354385,"[0.7329700589179993, 0.782016396522522]",0.5163,0.29427792915531337,0.2959128065395095,0.28283378746594007,0.29209809264305175,0.2877384196185286,0.2877384196185286,0.29427792915531337
126,0.24632152588555858,0.06395438474062021,0.07148899484098666,0.031093090260705284,0.3760217983651226,0.0512961819767952,0.052242888137698174,0.0,0.0519998911768198,0.4400196719216183,"[0.7329700589179993, 0.782016396522522]",0.5463,0.29373297002724796,0.2953678474114441,0.28065395095367845,0.29427792915531337,0.2888283378746594,0.2888283378746594,0.29373297002724796
127,0.27629427792915534,0.11707630256680046,0.07959047823420569,0.06657259497301356,0.3907356948228883,0.050799354910850525,0.052227383479475975,0.0,0.05197949707508087,0.49533188808709383,"[0.7329700589179993, 0.782016396522522]",0.4851,0.29155313351498635,0.29264305177111716,0.28337874659400547,0.2877384196185286,0.3013623978201635,0.3013623978201635,0.29155313351498635
128,0.22561307901907357,0.062109967074477024,0.07073494029668666,0.012569469742865904,0.3798365122615804,0.048684194684028625,0.052212465554475784,0.0,0.0519587229937315,0.467592578032054,"[0.7329700589179993, 0.782016396522522]",0.5246,0.29373297002724796,0.2953678474114441,0.28174386920980926,0.2953678474114441,0.288283378746594,0.288283378746594,0.29373297002724796
129,0.27520435967302453,0.08871659722808234,0.07755023324487655,0.04625567735207268,0.3896457765667575,0.054654739797115326,0.05219734646379948,0.0,0.05193805508315563,0.4669437949778512,"[0.7329700589179993, 0.782016396522522]",0.4838,0.29482288828337877,0.2964577656675749,0.28283378746594007,0.29482288828337877,0.288283378746594,0.288283378746594,0.29482288828337877
130,0.2768392370572207,0.08972560313442624,0.07760631637643392,0.04722409278649708,0.3896457765667575,0.05149529129266739,0.052182190120220184,0.0,0.05191737972199917,0.5119595610303804,"[0.7329700589179993, 0.782016396522522]",0.4839,0.2850136239782016,0.28610354223433243,0.2790190735694823,0.28065395095367845,0.2904632152588556,0.2904632152588556,0.2850136239782016
131,0.3520435967302452,0.13861873580199335,0.07379258486363102,0.0943468733641405,0.3885558583106267,0.04828932136297226,0.05216590128839016,0.0,0.05189744010567665,0.4704818910686299,"[0.7329700589179993, 0.782016396522522]",0.5095,0.291008174386921,0.29264305177111716,0.26376021798365124,0.27084468664850136,0.262125340599455,0.262125340599455,0.291008174386921
132,0.25286103542234334,0.11423600022955782,0.0796461481842078,0.06303779954343967,0.3983651226158038,0.056286271661520004,0.05214798264205456,0.0,0.051877040416002274,0.47609852999448776,"[0.7329700589179993, 0.782016396522522]",0.5366,0.29373297002724796,0.2953678474114441,0.2686648501362398,0.2790190735694823,0.26376021798365124,0.26376021798365124,0.29373297002724796
133,0.329700272479564,0.12057413508804193,0.06616057270426741,0.08615744555957304,0.3814713896457766,0.05061760172247887,0.052130138501524925,0.0,0.05185655318200588,0.5635521539952606,"[0.7329700589179993, 0.782016396522522]",0.5338,0.28337874659400547,0.2850136239782016,0.2506811989100817,0.25885558583106266,0.25122615803814713,0.25122615803814713,0.28337874659400547
134,0.32697547683923706,0.11141011017655933,0.06470896078545031,0.08574922708709735,0.3798365122615804,0.05080150067806244,0.0521126314997673,0.0,0.05183614790439606,0.46432471403386444,"[0.7329700589179993, 0.782016396522522]",0.5659,0.28010899182561305,0.28174386920980926,0.25122615803814713,0.2615803814713896,0.246866485013624,0.246866485013624,0.28010899182561305
135,0.335149863760218,0.15561476389876872,0.08185843943165998,0.11275347789900966,0.3901907356948229,0.0502137616276741,0.052095359191298485,0.0,0.05181588605046272,0.4873109710169956,"[0.7329700589179993, 0.782016396522522]",0.5244,0.2899182561307902,0.29155313351498635,0.2615803814713896,0.27029972752043596,0.25885558583106266,0.25885558583106266,0.2899182561307902
136,0.3449591280653951,0.13974254718765666,0.07185201937050224,0.10363283121779268,0.3869209809264305,0.04606509953737259,0.05207795090973377,0.0,0.051795246079564095,0.4979645749554038,"[0.7329700589179993, 0.782016396522522]",0.5633,0.29373297002724796,0.2953678474114441,0.28174386920980926,0.29155313351498635,0.28610354223433243,0.28610354223433243,0.29373297002724796
137,0.3465940054495913,0.14050884311009326,0.07116494070321674,0.10171656003441065,0.3874659400544959,0.04587756097316742,0.05205937847495079,0.0,0.05177490785717964,0.5031236459035426,"[0.7329700589179993, 0.782016396522522]",0.4778,0.29427792915531337,0.2959128065395095,0.28119891008174386,0.291008174386921,0.28610354223433243,0.28610354223433243,0.29427792915531337
138,0.3427792915531335,0.15378323718320075,0.08421762283657361,0.09713160136983565,0.4016348773841962,0.05238994210958481,0.05204041488468647,0.0,0.05175272189080715,0.5492047490552068,"[0.7329700589179993, 0.782016396522522]",0.5463,0.29427792915531337,0.2959128065395095,0.28174386920980926,0.2899182561307902,0.2839237057220708,0.2839237057220708,0.29427792915531337
139,0.3547683923705722,0.16285625443830987,0.08383432962308039,0.10890392689337779,0.3912806539509537,0.049746062606573105,0.05202029459178448,0.0,0.05173806473612785,0.4778814659221098,"[0.7329700589179993, 0.782016396522522]",0.5163,0.29318801089918256,0.29482288828337877,0.30626702997275207,0.3356948228882834,0.33242506811989103,0.33242506811989103,0.29318801089918256
140,0.3564032697547684,0.16649936154828382,0.08325092241374828,0.10721623809360883,0.39346049046321524,0.04776852950453758,0.05200035683810711,0.0,0.051744066178798676,0.4913863529218361,"[0.7329700589179993, 0.782016396522522]",0.5328,0.27520435967302453,0.2768392370572207,0.2844686648501362,0.2730245231607629,0.291008174386921,0.291008174386921,0.27520435967302453
141,0.3416893732970027,0.15660624452590022,0.08716776632805265,0.10038756106278884,0.4021798365122616,0.052409276366233826,0.05198659002780914,0.0,0.05177886411547661,0.464223119080998,"[0.7329700589179993, 0.782016396522522]",0.4791,0.2893732970027248,0.29155313351498635,0.2795640326975477,0.3188010899182561,0.3073569482288828,0.3073569482288828,0.2893732970027248
142,0.2681198910081744,0.09403569809730972,0.07803848452173984,0.03362431509633425,0.38419618528610355,0.04951086640357971,0.05195757374167442,0.0,0.05179576203227043,0.5208018959965557,"[0.7329700589179993, 0.782016396522522]",0.4649,0.2779291553133515,0.28065395095367845,0.2899182561307902,0.2904632152588556,0.30517711171662126,0.30517711171662126,0.2779291553133515
143,0.33787465940054495,0.15649037342900707,0.08246950639792415,0.06075223676779092,0.37057220708446864,0.050725460052490234,0.05193283222615719,0.0,0.051808012649416924,0.469551079091616,"[0.7329700589179993, 0.782016396522522]",0.5354,0.27411444141689373,0.27138964577656677,0.29809264305177113,0.2795640326975477,0.28664850136239783,0.28664850136239783,0.27411444141689373
144,0.3329700272479564,0.1413612965748725,0.08676482116739552,0.08406818340581368,0.4010899182561308,0.05506245419383049,0.05191192962229252,0.0,0.051816556602716446,0.5325799370184541,"[0.7329700589179993, 0.782016396522522]",0.483,0.2888283378746594,0.29155313351498635,0.25940054495912807,0.25994550408719347,0.2501362397820163,0.2501362397820163,0.2888283378746594
145,0.33242506811989103,0.13926494959365532,0.06853333756245326,0.0596570018921923,0.37329700272479566,0.05443049967288971,0.051887573674321175,0.0,0.05181206576526165,0.49116595496889204,"[0.7329700589179993, 0.782016396522522]",0.4851,0.3008174386920981,0.3013623978201635,0.2844686648501362,0.2501362397820163,0.2566757493188011,0.2566757493188011,0.3008174386920981
146,0.29482288828337877,0.1125962899679046,0.07889360675608639,0.07229244199391394,0.3967302452316076,0.057370927184820175,0.05186678282916546,0.0,0.05179978534579277,0.4657338389661163,"[0.7329700589179993, 0.782016396522522]",0.5212,0.2904632152588556,0.29318801089918256,0.2610354223433243,0.2686648501362398,0.2653950953678474,0.2653950953678474,0.2904632152588556
147,0.3002724795640327,0.1184453232861028,0.07897434024000527,0.07529830944868553,0.397275204359673,0.05521174520254135,0.05184883251786232,0.0,0.051787709817290306,0.6898579619592056,"[0.7329700589179993, 0.782016396522522]",0.5369,0.291008174386921,0.29373297002724796,0.25994550408719347,0.2686648501362398,0.26321525885558583,0.26321525885558583,0.291008174386921
148,0.2991825613079019,0.11744928290720646,0.07953243277925535,0.07522987205117289,0.3978201634877384,0.05518312379717827,0.051833100616931915,0.0,0.05177422985434532,0.4615777940489352,"[0.7329700589179993, 0.782016396522522]",0.5728,0.2893732970027248,0.29209809264305175,0.2572207084468665,0.2653950953678474,0.2561307901907357,0.2561307901907357,0.2893732970027248
149,0.2997275204359673,0.11898828294301389,0.07954343146307163,0.07572089783803443,0.3989100817438692,0.055233269929885864,0.05181906186044216,0.0,0.051760109141469,0.44724443601444364,"[0.7329700589179993, 0.782016396522522]",0.4987,0.3002724795640327,0.3008174386920981,0.27411444141689373,0.25340599455040874,0.24577656675749318,0.24577656675749318,0.3002724795640327
150,0.3177111716621253,0.12375925138401289,0.08859748079396551,0.08088466074095284,0.4016348773841962,0.05379994958639145,0.05180574208498001,0.0,0.051746344193816185,0.4531051809899509,"[0.7329700589179993, 0.782016396522522]",0.4833,0.2850136239782016,0.2877384196185286,0.27629427792915534,0.30517711171662126,0.30572207084468667,0.30572207084468667,0.2850136239782016
151,0.3220708446866485,0.12482095700207652,0.0857055803966425,0.07681280883958247,0.397275204359673,0.05434562638401985,0.05179267004132271,0.0,0.05173305235803127,0.5620142569532618,"[0.7329700589179993, 0.782016396522522]",0.6224,0.28719346049046324,0.2893732970027248,0.2615803814713896,0.2681198910081744,0.26321525885558583,0.26321525885558583,0.28719346049046324
152,0.3133514986376022,0.11135077296071139,0.08759454501809985,0.07736289522329985,0.39346049046321524,0.052878037095069885,0.051779383793473244,0.0,0.05172060988843441,0.5469092349521816,"[0.7329700589179993, 0.782016396522522]",0.501,0.2844686648501362,0.28664850136239783,0.2610354223433243,0.26920980926430516,0.26485013623978204,0.26485013623978204,0.2844686648501362
153,0.32697547683923706,0.13498834678561378,0.09000457910005112,0.07758305661581016,0.4010899182561308,0.05348026007413864,0.05176683887839317,0.0,0.05170787312090397,0.47175110201351345,"[0.7329700589179993, 0.782016396522522]",0.4853,0.288283378746594,0.2899182561307902,0.2795640326975477,0.2844686648501362,0.29318801089918256,0.29318801089918256,0.288283378746594
154,0.28065395095367845,0.10000824862392899,0.07614883660112719,0.012351840136200252,0.355858310626703,0.05241023004055023,0.05175400152802467,0.0,0.05169648490846157,0.44678912800736725,"[0.7329700589179993, 0.782016396522522]",0.5322,0.26975476839237056,0.27465940054495913,0.23814713896457765,0.24632152588555858,0.24959128065395095,0.24959128065395095,0.26975476839237056
155,0.30354223433242505,0.12505955421177462,0.08425916185768641,0.07471163349370528,0.3863760217983651,0.05486029386520386,0.051740409806370735,0.0,0.05168442614376545,0.48012317495886236,"[0.7329700589179993, 0.782016396522522]",0.4995,0.2888283378746594,0.2904632152588556,0.2566757493188011,0.25122615803814713,0.2572207084468665,0.2572207084468665,0.2888283378746594
156,0.30626702997275207,0.12702318889324893,0.08526816440944557,0.07411461859434544,0.3858310626702997,0.05394002050161362,0.05172666907310486,0.0,0.05167212523519993,0.4554799839388579,"[0.7329700589179993, 0.782016396522522]",0.4934,0.29809264305177113,0.2991825613079019,0.29155313351498635,0.33732970027247955,0.3242506811989101,0.3242506811989101,0.29809264305177113
157,0.3013623978201635,0.12410012007707283,0.08892333312415386,0.07905729039153477,0.3874659400544959,0.05374285951256752,0.05171356908977032,0.0,0.05165976844727993,0.4561187250073999,"[0.7329700589179993, 0.782016396522522]",0.5128,0.3013623978201635,0.30299727520435965,0.2844686648501362,0.3362397820163488,0.3215258855585831,0.3215258855585831,0.3013623978201635
158,0.3340599455040872,0.15494704027772865,0.0897473237386673,0.07091365463160428,0.3907356948228883,0.0506894513964653,0.05170024745166302,0.0,0.05164779908955097,0.485445077996701,"[0.7329700589179993, 0.782016396522522]",0.5767,0.28174386920980926,0.28337874659400547,0.2566757493188011,0.2506811989100817,0.25885558583106266,0.25885558583106266,0.28174386920980926
159,0.3460490463215259,0.15383586721448295,0.08412454651025351,0.0960889621703825,0.3863760217983651,0.04901432991027832,0.051687419414520264,0.0,0.05163604021072388,0.49418656504713,"[0.7329700589179993, 0.782016396522522]",0.5144,0.2877384196185286,0.2888283378746594,0.3215258855585831,0.34386920980926433,0.33732970027247955,0.33732970027247955,0.2877384196185286
160,0.3476839237057221,0.15293419404002118,0.08415799007909844,0.09534616249921299,0.3863760217983651,0.048222027719020844,0.05167507007718086,0.0,0.051624057814478874,0.5028940350748599,"[0.7329700589179993, 0.782016396522522]",0.5248,0.2877384196185286,0.2893732970027248,0.32098092643051773,0.3449591280653951,0.33678474114441415,0.33678474114441415,0.2877384196185286
161,0.32861035422343327,0.1479241411568184,0.07437322346287831,0.09025146585956906,0.3814713896457766,0.047448720782995224,0.05166310630738735,0.0,0.05161227658390999,0.5142546310089529,"[0.7329700589179993, 0.782016396522522]",0.5614,0.2904632152588556,0.29264305177111716,0.3128065395095368,0.3471389645776567,0.32697547683923706,0.32697547683923706,0.2904632152588556
162,0.3291553133514986,0.14800338251202072,0.07595437051250403,0.08871832058851728,0.38256130790190734,0.04841866344213486,0.05165126919746399,0.0,0.051600152626633644,0.508823337033391,"[0.7329700589179993, 0.782016396522522]",0.5884,0.2904632152588556,0.291008174386921,0.30626702997275207,0.3422343324250681,0.3231607629427793,0.3231607629427793,0.2904632152588556
163,0.30463215258855586,0.11343124440560437,0.0850505772526127,0.07792864494550329,0.39618528610354226,0.0580335333943367,0.05164005048573017,0.0,0.05158761329948902,0.558085564058274,"[0.7329700589179993, 0.782016396522522]",0.6424,0.28010899182561305,0.28119891008174386,0.27193460490463217,0.2566757493188011,0.27193460490463217,0.27193460490463217,0.28010899182561305
164,0.3226158038147139,0.14128404653146753,0.07927030838261254,0.05710418899487783,0.3678474114441417,0.0506381131708622,0.05162820219993591,0.0,0.05157488398253918,0.5123259829124436,"[0.7329700589179993, 0.782016396522522]",0.5221,0.30899182561307903,0.3111716621253406,0.29863760217983654,0.28228882833787466,0.2730245231607629,0.2730245231607629,0.30899182561307903
165,0.379291553133515,0.18761252577015042,0.10406137979584451,0.1291358414181603,0.4141689373297003,0.04864506050944328,0.05161551758646965,0.0,0.05156203173100948,0.5059359960723668,"[0.7329700589179993, 0.782016396522522]",0.5086,0.2730245231607629,0.2768392370572207,0.32806539509536786,0.3128065395095368,0.3242506811989101,0.3242506811989101,0.2730245231607629
166,0.36130790190735695,0.18437083058690928,0.09919061228044952,0.12135474418092475,0.4016348773841962,0.05328799784183502,0.05160454474389553,0.0,0.051550118252635,0.46144525695126504,"[0.7329700589179993, 0.782016396522522]",0.51,0.2790190735694823,0.28010899182561305,0.3329700272479564,0.3335149863760218,0.3411444141689373,0.3411444141689373,0.2790190735694823
167,0.34931880108991825,0.15393508864607364,0.08299611062303222,0.1034830712697976,0.39346049046321524,0.05165683478116989,0.051593221724033356,0.0,0.051537277176976204,0.4786467739613727,"[0.7329700589179993, 0.782016396522522]",0.5365,0.2795640326975477,0.28119891008174386,0.3313351498637602,0.3335149863760218,0.3422343324250681,0.3422343324250681,0.2795640326975477
168,0.3651226158038147,0.18381297957943232,0.09096960766507854,0.13069357951842403,0.39346049046321524,0.0492105633020401,0.05158153362572193,0.0,0.0515255331993103,0.4639866679208353,"[0.7329700589179993, 0.782016396522522]",0.5318,0.27574931880108994,0.2779291553133515,0.32643051771117165,0.32697547683923706,0.3340599455040872,0.3340599455040872,0.27574931880108994
169,0.3700272479564033,0.18375749525456064,0.088016391110298,0.11767675966594442,0.3989100817438692,0.04800520837306976,0.0515693761408329,0.0,0.05151461809873581,0.5140060520498082,"[0.7329700589179993, 0.782016396522522]",0.5242,0.2773841961852861,0.28065395095367845,0.28119891008174386,0.26485013623978204,0.2959128065395095,0.2959128065395095,0.2773841961852861
170,0.3678474114441417,0.1814244967352735,0.08562576718558386,0.11613936237007814,0.397275204359673,0.048066068440675735,0.051556408405303955,0.0,0.05150433070957661,0.4678419840056449,"[0.7329700589179993, 0.782016396522522]",0.6348,0.26430517711171664,0.27084468664850136,0.27520435967302453,0.2561307901907357,0.2904632152588556,0.2904632152588556,0.26430517711171664
171,0.3662125340599455,0.17984020353104846,0.08402509380963515,0.11706957652286508,0.39618528610354226,0.048119209706783295,0.05154017172753811,0.0,0.051492538303136826,0.5078566420124844,"[0.7329700589179993, 0.782016396522522]",0.563,0.2659400544959128,0.26975476839237056,0.2991825613079019,0.2768392370572207,0.3002724795640327,0.3002724795640327,0.2664850136239782
172,0.3177111716621253,0.13796299284156033,0.08993271643106016,0.09897232534288333,0.3912806539509537,0.053115114569664,0.051526403054594994,0.0,0.051481038331985474,0.5329437489854172,"[0.7329700589179993, 0.782016396522522]",0.5315,0.2790190735694823,0.28065395095367845,0.3329700272479564,0.32534059945504085,0.33732970027247955,0.33732970027247955,0.28337874659400547
173,0.32861035422343327,0.1443349928957004,0.08673831229159482,0.09781118218544717,0.39455040871934605,0.05280168354511261,0.0515122264623642,0.0,0.051469625905156136,0.487299892003648,"[0.7329700589179993, 0.782016396522522]",0.5096,0.2877384196185286,0.2899182561307902,0.3138964577656676,0.34386920980926433,0.3302452316076294,0.3302452316076294,0.2877384196185286
174,0.25940054495912807,0.07734665177357414,0.09602275800486458,0.06858939545667872,0.4010899182561308,0.053178105503320694,0.051498766988515854,0.0,0.0514594130218029,0.4558887640014291,"[0.7329700589179993, 0.782016396522522]",0.5207,0.285558583106267,0.2877384196185286,0.3111716621253406,0.3416893732970027,0.32752043596730246,0.32752043596730246,0.285558583106267
175,0.26267029972752043,0.10658072010294595,0.09663512267095083,0.0678625129771354,0.40054495912806537,0.05011151358485222,0.05148553289473057,0.0,0.05144933611154556,0.4614254949847236,"[0.7329700589179993, 0.782016396522522]",0.5266,0.26920980926430516,0.27029972752043596,0.3084468664850136,0.30572207084468667,0.3193460490463215,0.3193460490463215,0.26920980926430516
176,0.26376021798365124,0.10732251306562801,0.0979155653910958,0.06967383978151923,0.4021798365122616,0.049582935869693756,0.05147472955286503,0.0,0.05143919587135315,0.4518010390456766,"[0.7329700589179993, 0.782016396522522]",0.5175,0.291008174386921,0.29209809264305175,0.3106267029972752,0.3215258855585831,0.3247956403269755,0.3247956403269755,0.291008174386921
177,0.26376021798365124,0.10709841426259625,0.09884521676375858,0.07044933045289727,0.4032697547683924,0.04946963116526604,0.05146417021751404,0.0,0.05142901837825775,0.49520480493083596,"[0.7329700589179993, 0.782016396522522]",0.5498,0.2686648501362398,0.27029972752043596,0.30899182561307903,0.3073569482288828,0.32043596730245233,0.32043596730245233,0.2686648501362398
178,0.26920980926430516,0.073750359943764,0.09000002416365065,0.052194092740450775,0.3923705722070845,0.05916532129049301,0.05145304463803768,0.0,0.051418403163552284,0.4656743999803439,"[0.7329700589179993, 0.782016396522522]",0.6354,0.27138964577656677,0.2730245231607629,0.3133514986376022,0.3111716621253406,0.3242506811989101,0.3242506811989101,0.27138964577656677
179,0.2724795640326976,0.11677253366195495,0.09425763979378887,0.06396958894751238,0.39346049046321524,0.05192040652036667,0.05144196003675461,0.0,0.05140776187181473,0.45293760602362454,"[0.7329700589179993, 0.782016396522522]",0.5813,0.26920980926430516,0.27193460490463217,0.3106267029972752,0.30899182561307903,0.3215258855585831,0.3215258855585831,0.26920980926430516
180,0.3008174386920981,0.12871994676776255,0.08934591665787628,0.04326429275844647,0.37220708446866485,0.056295134127140045,0.05143142491579056,0.0,0.05139653757214546,0.6583591399248689,"[0.7329700589179993, 0.782016396522522]",0.5427,0.27193460490463217,0.27465940054495913,0.3128065395095368,0.3111716621253406,0.3215258855585831,0.3215258855585831,0.27193460490463217
181,0.3024523160762943,0.13139210612637053,0.0905173768759144,0.04192843586501208,0.37384196185286106,0.05545554310083389,0.051420919597148895,0.0,0.05138607509434223,0.45541527192108333,"[0.7329700589179993, 0.782016396522522]",0.5063,0.27520435967302453,0.28337874659400547,0.3362397820163488,0.34332425068119893,0.3335149863760218,0.3335149863760218,0.27574931880108994
182,0.30299727520435965,0.1320520894853957,0.0924367470760477,0.042534208937790974,0.3743869209809264,0.05549474060535431,0.051410550251603127,0.0,0.05137571878731251,0.46756123402155936,"[0.7329700589179993, 0.782016396522522]",0.5101,0.2724795640326976,0.27193460490463217,0.3073569482288828,0.3111716621253406,0.3182561307901907,0.3182561307901907,0.2724795640326976
183,0.3220708446866485,0.15230156101227388,0.08604575396445419,0.05580523966451989,0.3678474114441417,0.05308707058429718,0.05140038579702377,0.0,0.05136551707983017,0.5229200060712174,"[0.7329700589179993, 0.782016396522522]",0.5457,0.27138964577656677,0.2730245231607629,0.3079019073569482,0.30572207084468667,0.31662125340599456,0.31662125340599456,0.27138964577656677
184,0.3569482288828338,0.16975234440573062,0.10804747426311637,0.12130235434907573,0.40490463215258854,0.05765002965927124,0.051390137523412704,0.0,0.05135559104382992,0.48022828495595604,"[0.7329700589179993, 0.782016396522522]",0.5071,0.27193460490463217,0.2735694822888283,0.30899182561307903,0.3073569482288828,0.3177111716621253,0.3177111716621253,0.27193460490463217
185,0.3547683923705722,0.16754823598649615,0.10838606666961323,0.11964430873915935,0.40653950953678475,0.055433597415685654,0.05138001963496208,0.0,0.05134543776512146,0.49260800692718476,"[0.7329700589179993, 0.782016396522522]",0.5129,0.27629427792915534,0.2779291553133515,0.3138964577656676,0.31444141689373295,0.3215258855585831,0.3215258855585831,0.27629427792915534
186,0.3564032697547684,0.16921088768139547,0.10955548627199477,0.12004192520771345,0.40708446866485015,0.05462655425071716,0.05137063190340996,0.0,0.051334699615836143,0.47736225195694715,"[0.7329700589179993, 0.782016396522522]",0.5325,0.27520435967302453,0.2768392370572207,0.3138964577656676,0.31553133514986376,0.3226158038147139,0.3226158038147139,0.27520435967302453
187,0.3542234332425068,0.16678130181333006,0.10905903567328788,0.11824678053485092,0.40762942779291556,0.054450228810310364,0.05136118829250336,0.0,0.051324136555194855,0.5053634709911421,"[0.7329700589179993, 0.782016396522522]",0.5379,0.2790190735694823,0.2795640326975477,0.2959128065395095,0.3106267029972752,0.3073569482288828,0.3073569482288828,0.2790190735694823
188,0.3542234332425068,0.1673846118501161,0.10932498564779575,0.11799440431590291,0.40762942779291556,0.05461415275931358,0.05135162174701691,0.0,0.05131382867693901,0.4996283350046724,"[0.7329700589179993, 0.782016396522522]",0.5023,0.291008174386921,0.29209809264305175,0.28228882833787466,0.24032697547683923,0.24577656675749318,0.24577656675749318,0.291008174386921
189,0.32806539509536786,0.1421032954566135,0.10005126703923255,0.10378461596936571,0.40544959128065394,0.055746935307979584,0.05134187638759613,0.0,0.0513040516525507,0.4207160359947011,"[0.7329700589179993, 0.782016396522522]",0.8034,0.2953678474114441,0.2959128065395095,0.29209809264305175,0.25177111716621253,0.2539509536784741,0.2539509536784741,0.2953678474114441
190,0.3237057220708447,0.13984028440888152,0.09909119849147155,0.1045802331971536,0.40599455040871935,0.05409255623817444,0.0513322688639164,0.0,0.05129343271255493,0.4912289270432666,"[0.7329700589179993, 0.782016396522522]",0.4963,0.28174386920980926,0.2839237057220708,0.28010899182561305,0.311716621253406,0.30299727520435965,0.30299727520435965,0.28174386920980926
191,0.32534059945504085,0.14021172531798354,0.09903471430956506,0.10305761014976855,0.40544959128065394,0.05395562946796417,0.051323071122169495,0.0,0.05128197744488716,0.46676780201960355,"[0.7329700589179993, 0.782016396522522]",0.521,0.29863760217983654,0.2991825613079019,0.29754768392370573,0.2566757493188011,0.25994550408719347,0.25994550408719347,0.29863760217983654
192,0.3313351498637602,0.14042728480856326,0.0964305343622778,0.10027553712806032,0.40490463215258854,0.05442389100790024,0.05131392367184162,0.0,0.05127045325934887,0.47907593101263046,"[0.7329700589179993, 0.782016396522522]",0.6074,0.28174386920980926,0.2839237057220708,0.2795640326975477,0.3122615803814714,0.30408719346049046,0.30408719346049046,0.28174386920980926
193,0.3422343324250681,0.1648532848072224,0.09937655023262003,0.11795584030174242,0.40490463215258854,0.05227752774953842,0.05130516737699509,0.0,0.05125892721116543,0.4783816550625488,"[0.7329700589179993, 0.782016396522522]",0.5553,0.28337874659400547,0.285558583106267,0.2735694822888283,0.3133514986376022,0.30299727520435965,0.30299727520435965,0.28337874659400547
194,0.3340599455040872,0.145001313552391,0.0956703145894314,0.10315881731603294,0.40708446866485015,0.056459806859493256,0.05129529908299446,0.0,0.05124966613948345,0.47348321392200887,"[0.7329700589179993, 0.782016396522522]",0.5217,0.285558583106267,0.2877384196185286,0.27029972752043596,0.3133514986376022,0.3019073569482289,0.3019073569482289,0.285558583106267
195,0.3340599455040872,0.14501761346760167,0.09762897490613891,0.10309841968207713,0.4092643051771117,0.05494650453329086,0.05128593370318413,0.0,0.05123984068632126,0.48442240501753986,"[0.7329700589179993, 0.782016396522522]",0.8901,0.2686648501362398,0.29318801089918256,0.3329700272479564,0.311716621253406,0.33678474114441415,0.33678474114441415,0.27084468664850136
196,0.33242506811989103,0.14296438719880566,0.09734127526076652,0.10226389420219092,0.4087193460490463,0.05487982928752899,0.051276760175824165,0.0,0.05123007297515869,0.6504740060772747,"[0.7329700589179993, 0.782016396522522]",0.8162,0.2795640326975477,0.32806539509536786,0.36130790190735695,0.3362397820163488,0.35095367847411446,0.35095367847411446,0.28010899182561305
197,0.3335149863760218,0.1444063622292202,0.09839535659816091,0.10380153716279178,0.4098092643051771,0.05485103279352188,0.05126757547259331,0.0,0.05121951550245285,0.5306903100572526,"[0.7329700589179993, 0.782016396522522]",0.6372,0.2795640326975477,0.32697547683923706,0.36130790190735695,0.3362397820163488,0.35095367847411446,0.35095367847411446,0.28010899182561305
198,0.3525885558583106,0.16118675463256182,0.08956886398104855,0.09029335263867604,0.3814713896457766,0.05329415202140808,0.051259737461805344,0.0,0.051208846271038055,0.6733942340360954,"[0.7329700589179993, 0.782016396522522]",0.6255,0.28283378746594007,0.3444141689373297,0.3634877384196185,0.3356948228882834,0.35095367847411446,0.35095367847411446,0.2784741144414169
199,0.35967302452316074,0.1696205817402603,0.09212996688041437,0.09347027201218212,0.38310626702997275,0.04907087981700897,0.05125238187611103,0.0,0.05119707994163036,0.4313860450638458,"[0.7329700589179993, 0.782016396522522]",0.5076,0.2839237057220708,0.3455040871934605,0.3645776566757493,0.33732970027247955,0.3520435967302452,0.3520435967302452,0.2784741144414169
200,0.34931880108991825,0.16024390215857776,0.09663629477372225,0.10473265264531852,0.39509536784741145,0.05249512195587158,0.051245350390672684,0.0,0.051186373457312584,0.4298276189947501,"[0.7329700589179993, 0.782016396522522]",0.5145,0.28610354223433243,0.3460490463215259,0.3640326975476839,0.33732970027247955,0.3542234332425068,0.3542234332425068,0.2779291553133515
201,0.34822888283378745,0.15912636744552444,0.09757448217265426,0.10462203855136534,0.39400544959128064,0.05176595598459244,0.051238954067230225,0.0,0.0511751975864172,0.46576683199964464,"[0.7329700589179993, 0.782016396522522]",0.5462,0.30354223433242505,0.34986376021798365,0.353133514986376,0.3128065395095368,0.33787465940054495,0.33787465940054495,0.2899182561307902
202,0.3471389645776567,0.1578712280363035,0.09769758938924289,0.10405165005293339,0.39346049046321524,0.05166703835129738,0.05123244225978851,0.0,0.051164841279387474,0.4838195970514789,"[0.7329700589179993, 0.782016396522522]",0.5181,0.2795640326975477,0.28119891008174386,0.33841961852861036,0.31553133514986376,0.33732970027247955,0.33732970027247955,0.28010899182561305
203,0.3476839237057221,0.15882293919767643,0.09731354431767947,0.10522468529665485,0.39291553133514984,0.051793985068798065,0.051225487142801285,0.0,0.051155002787709236,0.4674246369395405,"[0.7329700589179993, 0.782016396522522]",0.5799,0.28065395095367845,0.28283378746594007,0.329700272479564,0.3079019073569482,0.3356948228882834,0.3356948228882834,0.28065395095367845
204,0.3476839237057221,0.15892762166092733,0.09781115614372321,0.10557058075115355,0.39346049046321524,0.051828205585479736,0.05121837742626667,0.0,0.051145004108548164,0.43064289703033864,"[0.7329700589179993, 0.782016396522522]",0.5608,0.2795640326975477,0.28174386920980926,0.32861035422343327,0.3068119891008174,0.3346049046321526,0.3346049046321526,0.2795640326975477
205,0.34005449591280656,0.15279138099902068,0.09256142051727587,0.08465965105406344,0.3874659400544959,0.051469750702381134,0.05121124908328056,0.0,0.05113525688648224,0.42967591795604676,"[0.7329700589179993, 0.782016396522522]",0.7525,0.28610354223433243,0.2877384196185286,0.2899182561307902,0.28174386920980926,0.291008174386921,0.291008174386921,0.28610354223433243
206,0.3416893732970027,0.15535097813578835,0.0933427335532182,0.08601054496730748,0.38910081743869207,0.051340848207473755,0.0512042585760355,0.0,0.051125284284353256,0.5984425089554861,"[0.7329700589179993, 0.782016396522522]",0.8127,0.2888283378746594,0.2991825613079019,0.3574931880108992,0.37220708446866485,0.3673024523160763,0.3673024523160763,0.2904632152588556
207,0.34822888283378745,0.159324459480631,0.09860418856453206,0.10756759552651893,0.39564032697547685,0.05239029601216316,0.05119725130498409,0.0,0.05111558549106121,0.44535460509359837,"[0.7329700589179993, 0.782016396522522]",0.5444,0.2681198910081744,0.29754768392370573,0.34005449591280656,0.2959128065395095,0.3182561307901907,0.3182561307901907,0.267574931880109
208,0.34877384196185285,0.1600650091852478,0.09872899837526922,0.1079443994034972,0.39455040871934605,0.05216415971517563,0.05119026079773903,0.0,0.05110589228570461,0.4171931550372392,"[0.7329700589179993, 0.782016396522522]",0.5486,0.29482288828337877,0.29209809264305175,0.3302452316076294,0.35149863760217986,0.3427792915531335,0.3427792915531335,0.29482288828337877
209,0.35040871934604906,0.16137474546827124,0.0983218712575071,0.10916465787325344,0.39618528610354226,0.051868852227926254,0.05118360184133053,0.0,0.05109603330492973,0.4351537609472871,"[0.7329700589179993, 0.782016396522522]",0.5327,0.29373297002724796,0.291008174386921,0.3291553133514986,0.35095367847411446,0.3416893732970027,0.3416893732970027,0.29373297002724796
210,0.2730245231607629,0.11536191743801949,0.09447797886911168,0.0543922325246564,0.3923705722070845,0.05548291653394699,0.05117681063711643,0.0,0.05108635686337948,0.43832288100384176,"[0.7329700589179993, 0.782016396522522]",0.5322,0.29209809264305175,0.2893732970027248,0.3247956403269755,0.3542234332425068,0.3405994550408719,0.3405994550408719,0.29209809264305175
211,0.37057220708446864,0.17626334076970307,0.10404330131968408,0.1317196498238436,0.4114441416893733,0.053230416029691696,0.051170241087675095,0.0,0.05107598379254341,0.4990499059204012,"[0.7329700589179993, 0.782016396522522]",0.56,0.2877384196185286,0.28337874659400547,0.355858310626703,0.34822888283378745,0.3574931880108992,0.3574931880108992,0.2877384196185286
212,0.33950953678474116,0.15289079131248573,0.1019510115947997,0.07148659688366187,0.39346049046321524,0.05387679487466812,0.05116342939436436,0.0,0.051065655425190926,0.5041878069750965,"[0.7329700589179993, 0.782016396522522]",0.5608,0.2839237057220708,0.285558583106267,0.30953678474114443,0.3079019073569482,0.2997275204359673,0.2997275204359673,0.2839237057220708
213,0.3405994550408719,0.15524718060631526,0.10482669436269022,0.07218497342378784,0.39455040871934605,0.054557833820581436,0.051156140863895416,0.0,0.051055533811450005,0.5900293519953266,"[0.7329700589179993, 0.782016396522522]",0.6209,0.288283378746594,0.28010899182561305,0.3564032697547684,0.34931880108991825,0.35967302452316074,0.35967302452316074,0.288283378746594
214,0.3536784741144414,0.17487378428752776,0.10119601272107419,0.10455758829783783,0.4,0.05224144458770752,0.05114877223968506,0.0,0.05104524455964565,0.6248214250663295,"[0.7329700589179993, 0.782016396522522]",0.8106,0.29427792915531337,0.29155313351498635,0.3547683923705722,0.376566757493188,0.3640326975476839,0.3640326975476839,0.29427792915531337
215,0.3553133514986376,0.16437918497518134,0.0955569493253834,0.12380637115586704,0.397275204359673,0.04931558668613434,0.0511424895375967,0.0,0.05103432945907116,0.6193497159983963,"[0.7329700589179993, 0.782016396522522]",0.8195,0.29318801089918256,0.2899182561307902,0.355858310626703,0.3749318801089918,0.3656675749318801,0.3656675749318801,0.29318801089918256
216,0.353133514986376,0.16180316538700712,0.09034968735078673,0.10284051735602132,0.3885558583106267,0.04933460056781769,0.05113632418215275,0.0,0.051024192944169044,0.622000472038053,"[0.7329700589179993, 0.782016396522522]",0.8302,0.29427792915531337,0.291008174386921,0.3569482288828338,0.3760217983651226,0.3678474114441417,0.3678474114441417,0.29427792915531337
217,0.34822888283378745,0.17014478395843646,0.09946920164043525,0.09758925986692693,0.397275204359673,0.048790864646434784,0.05113101936876774,0.0,0.05101409740746021,0.6215066169388592,"[0.7329700589179993, 0.782016396522522]",0.809,0.29427792915531337,0.291008174386921,0.35967302452316074,0.3760217983651226,0.3689373297002725,0.3689373297002725,0.29427792915531337
218,0.353133514986376,0.16265320542539996,0.09614387983296299,0.11035424577753024,0.3923705722070845,0.04925405979156494,0.051125237718224525,0.0,0.051004696637392044,0.6293631789740175,"[0.7329700589179993, 0.782016396522522]",0.7791,0.2953678474114441,0.29264305177111716,0.3564032697547684,0.3798365122615804,0.3700272479564033,0.3700272479564033,0.2953678474114441
219,0.3465940054495913,0.1672262234421863,0.09653300162299658,0.09836612686140914,0.39455040871934605,0.050165969878435135,0.051119644194841385,0.0,0.05099497362971306,0.6675134550314397,"[0.7329700589179993, 0.782016396522522]",0.9726,0.29318801089918256,0.2899182561307902,0.355858310626703,0.3749318801089918,0.3651226158038147,0.3651226158038147,0.29318801089918256
220,0.28719346049046324,0.11744785059512652,0.07866182666676692,0.035016664290502604,0.36076294277929155,0.05411641299724579,0.051114385947585106,0.0,0.05098376423120499,0.6837832930032164,"[0.7329700589179993, 0.782016396522522]",0.5134,0.29373297002724796,0.291008174386921,0.3547683923705722,0.3771117166212534,0.3651226158038147,0.3651226158038147,0.29373297002724796
221,0.27520435967302453,0.10191682827294091,0.07770318398413209,0.018910420843118152,0.35149863760217986,0.056412018835544586,0.0511100385338068,0.0,0.050974518060684204,0.45162864006124437,"[0.7329700589179993, 0.782016396522522]",0.5151,0.27574931880108994,0.288283378746594,0.3422343324250681,0.3106267029972752,0.3182561307901907,0.3182561307901907,0.27574931880108994
222,0.288283378746594,0.11589721946869946,0.0800493736659511,0.03508345897416649,0.35858310626703,0.0548352412879467,0.05110602267086506,0.0,0.05096539109945297,0.4564142230665311,"[0.7329700589179993, 0.782016396522522]",0.5836,0.27411444141689373,0.29264305177111716,0.3411444141689373,0.30899182561307903,0.31716621253405997,0.31716621253405997,0.2735694822888283
223,0.30899182561307903,0.1350321317433073,0.08094507330772317,0.04525662387177096,0.355858310626703,0.05198296159505844,0.05110245570540428,0.0,0.05095558613538742,0.44765340199228376,"[0.7329700589179993, 0.782016396522522]",0.4962,0.28065395095367845,0.2839237057220708,0.3449591280653951,0.33188010899182563,0.3460490463215259,0.3460490463215259,0.28119891008174386
224,0.27029972752043596,0.10665663181738028,0.07202589801744913,0.018274066132567792,0.3553133514986376,0.0553121417760849,0.05109898000955582,0.0,0.05094577372074127,0.45029460499063134,"[0.7329700589179993, 0.782016396522522]",0.4879,0.28228882833787466,0.28610354223433243,0.34986376021798365,0.3362397820163488,0.35095367847411446,0.35095367847411446,0.28283378746594007
225,0.2724795640326976,0.10827096899601518,0.07384196639242084,0.018923273978696493,0.3564032697547684,0.054168932139873505,0.05109523609280586,0.0,0.050936274230480194,0.44243256095796824,"[0.7329700589179993, 0.782016396522522]",0.4889,0.27193460490463217,0.3068119891008174,0.34332425068119893,0.31008174386920984,0.3237057220708447,0.3237057220708447,0.27193460490463217
226,0.288283378746594,0.11411051744010225,0.08134968858859128,0.037669101481602886,0.36130790190735695,0.05436291918158531,0.051090916618704796,0.0,0.050926828756928444,0.44308486592490226,"[0.7329700589179993, 0.782016396522522]",0.5156,0.27084468664850136,0.30354223433242505,0.34386920980926433,0.31553133514986376,0.3247956403269755,0.3247956403269755,0.27029972752043596
227,0.26975476839237056,0.1069943453991451,0.07437642195072318,0.01814992226630893,0.3564032697547684,0.0541364811360836,0.05108634941279888,0.0,0.050917696207761765,0.4652532920008525,"[0.7329700589179993, 0.782016396522522]",0.4996,0.27193460490463217,0.30517711171662126,0.3416893732970027,0.31008174386920984,0.32534059945504085,0.32534059945504085,0.27138964577656677
228,0.2768392370572207,0.11459412799496194,0.07601180526530574,0.020757123776381337,0.3564032697547684,0.053748778998851776,0.05108186416327953,0.0,0.050908537581562996,0.5477792650926858,"[0.7329700589179993, 0.782016396522522]",0.4993,0.2735694822888283,0.3068119891008174,0.3427792915531335,0.3106267029972752,0.3231607629427793,0.3231607629427793,0.2730245231607629
229,0.2888283378746594,0.11295191880278543,0.0799737643378223,0.03632467812239788,0.36130790190735695,0.05421138554811478,0.051076099276542664,0.0,0.050900256261229515,0.45986110100056976,"[0.7329700589179993, 0.782016396522522]",0.6012,0.27138964577656677,0.3019073569482289,0.34332425068119893,0.31553133514986376,0.3242506811989101,0.3242506811989101,0.27084468664850136
230,0.2686648501362398,0.10742233798318346,0.07244635373481303,0.017903260241803855,0.3553133514986376,0.05407185107469559,0.05107147432863712,0.0,0.050891948863863945,0.4800911049824208,"[0.7329700589179993, 0.782016396522522]",0.6046,0.28337874659400547,0.28610354223433243,0.35040871934604906,0.3356948228882834,0.34822888283378745,0.34822888283378745,0.2839237057220708
231,0.2730245231607629,0.11268307624272544,0.07468222566475642,0.018944404683940912,0.3547683923705722,0.05366373434662819,0.05106780305504799,0.0,0.05088295042514801,0.4716214711079374,"[0.7329700589179993, 0.782016396522522]",0.5404,0.28010899182561305,0.2893732970027248,0.35095367847411446,0.3411444141689373,0.3471389645776567,0.3471389645776567,0.28065395095367845
232,0.27520435967302453,0.11551586421444338,0.07591781009117926,0.019718437805585975,0.3547683923705722,0.053623948246240616,0.05106406472623348,0.0,0.050873927772045135,0.48322297795675695,"[0.7329700589179993, 0.782016396522522]",0.5517,0.28065395095367845,0.2904632152588556,0.35095367847411446,0.3411444141689373,0.34822888283378745,0.34822888283378745,0.28119891008174386
233,0.2768392370572207,0.11734268147425331,0.07626167986731361,0.0198000521564037,0.3542234332425068,0.05344891920685768,0.0510600320994854,0.0,0.050865672528743744,0.5045912560308352,"[0.7329700589179993, 0.782016396522522]",0.5457,0.28065395095367845,0.291008174386921,0.35040871934604906,0.3411444141689373,0.34822888283378745,0.34822888283378745,0.28119891008174386
234,0.2779291553133515,0.11868384804987675,0.07647431563511271,0.019797363337112482,0.3536784741144414,0.05349375680088997,0.05105671286582947,0.0,0.050856320187449455,0.4615894809830934,"[0.7329700589179993, 0.782016396522522]",0.5309,0.28010899182561305,0.29264305177111716,0.34986376021798365,0.3405994550408719,0.3471389645776567,0.3471389645776567,0.28065395095367845
235,0.2779291553133515,0.11868384804987675,0.07647431563511271,0.019797363337112482,0.3536784741144414,0.053652502596378326,0.05105321854352951,0.0,0.050846826285123825,0.44499366998206824,"[0.7329700589179993, 0.782016396522522]",0.5298,0.2790190735694823,0.29209809264305175,0.34986376021798365,0.3405994550408719,0.34822888283378745,0.34822888283378745,0.2795640326975477
236,0.2779291553133515,0.1186340100426152,0.0765120674845842,0.019733890927759668,0.3542234332425068,0.053491510450839996,0.05104953981935978,0.0,0.05083774961531162,0.48265707900281996,"[0.7329700589179993, 0.782016396522522]",0.5234,0.2795640326975477,0.29264305177111716,0.35040871934604906,0.3422343324250681,0.34822888283378745,0.34822888283378745,0.28010899182561305
237,0.2784741144414169,0.11900314644323551,0.0767351966927617,0.020129813639362493,0.3542234332425068,0.05370747298002243,0.05104507505893707,0.0,0.05082899518311024,0.4459809740073979,"[0.7329700589179993, 0.782016396522522]",0.4717,0.3013623978201635,0.3525885558583106,0.36076294277929155,0.3356948228882834,0.34822888283378745,0.34822888283378745,0.2795640326975477
238,0.2779291553133515,0.11828402686588713,0.07663455747483511,0.019944437137850313,0.3536784741144414,0.053668420761823654,0.05104059912264347,0.0,0.050820618867874146,0.4471485000103712,"[0.7329700589179993, 0.782016396522522]",0.4978,0.2844686648501362,0.311716621253406,0.36076294277929155,0.3346049046321526,0.3460490463215259,0.3460490463215259,0.2839237057220708
239,0.2779291553133515,0.11828402686588713,0.07663455747483511,0.019944437137850313,0.3536784741144414,0.053632475435733795,0.05103657394647598,0.0,0.050811996683478355,0.46100406802725047,"[0.7329700589179993, 0.782016396522522]",0.5437,0.2844686648501362,0.311716621253406,0.36076294277929155,0.3346049046321526,0.3460490463215259,0.3460490463215259,0.2839237057220708
240,0.2773841961852861,0.11770080999171084,0.07656016031736343,0.019811925920764164,0.3542234332425068,0.05348700284957886,0.051032913848757744,0.0,0.05080316588282585,0.537810395937413,"[0.7329700589179993, 0.782016396522522]",0.4907,0.28065395095367845,0.28337874659400547,0.29155313351498635,0.28010899182561305,0.2670299727520436,0.2670299727520436,0.28065395095367845
241,0.2779291553133515,0.11828402686588713,0.07663455747483511,0.019944437137850313,0.3536784741144414,0.05350606143474579,0.05102892778813839,0.0,0.050794120877981186,0.4904251979896799,"[0.7329700589179993, 0.782016396522522]",0.5668,0.28119891008174386,0.31662125340599456,0.3629427792915531,0.3427792915531335,0.355858310626703,0.355858310626703,0.28119891008174386
242,0.311716621253406,0.15259384118115926,0.09507288222677687,0.0620673582940422,0.3782016348773842,0.05377435311675072,0.05102402903139591,0.0,0.05078538507223129,0.4516972139244899,"[0.7329700589179993, 0.782016396522522]",0.4851,0.2790190735694823,0.28174386920980926,0.29264305177111716,0.2735694822888283,0.2659400544959128,0.2659400544959128,0.2790190735694823
243,0.30463215258855586,0.1451546068063868,0.08782159757003516,0.05734905319392147,0.37166212534059945,0.053228750824928284,0.05101853236556053,0.0,0.05077719874680042,0.5752241950249299,"[0.7329700589179993, 0.782016396522522]",0.5844,0.27520435967302453,0.32534059945504085,0.3547683923705722,0.3313351498637602,0.3444141689373297,0.3444141689373297,0.27520435967302453
244,0.29809264305177113,0.13825327364436446,0.0844402091592999,0.05499224654709088,0.3645776566757493,0.053280577063560486,0.0510129127651453,0.0,0.05076889507472515,0.5831998359644786,"[0.7329700589179993, 0.782016396522522]",0.53,0.27465940054495913,0.32098092643051773,0.34931880108991825,0.329700272479564,0.33678474114441415,0.33678474114441415,0.27629427792915534
245,0.285558583106267,0.11860105210167537,0.08151563812276338,0.048830411557736215,0.36185286103542236,0.05381258577108383,0.05100833438336849,0.0,0.050760431215167046,0.4765569689916447,"[0.7329700589179993, 0.782016396522522]",0.4817,0.27629427792915534,0.31662125340599456,0.3476839237057221,0.32752043596730246,0.3356948228882834,0.3356948228882834,0.2779291553133515
246,0.244141689373297,0.10708885450762884,0.08997274011816447,0.044508724008517915,0.37275204359673025,0.05819596350193024,0.05100275203585625,0.0,0.05075339786708355,0.5077118199551478,"[0.7329700589179993, 0.782016396522522]",0.4823,0.2681198910081744,0.30463215258855586,0.33841961852861036,0.3231607629427793,0.33188010899182563,0.33188010899182563,0.27084468664850136
247,0.24904632152588557,0.11330804132329642,0.09164619403284419,0.04499140697373396,0.37329700272479566,0.05684881657361984,0.05099688097834587,0.0,0.05074477940797806,0.4322473289212212,"[0.7329700589179993, 0.782016396522522]",0.4962,0.267574931880109,0.2959128065395095,0.3405994550408719,0.32098092643051773,0.3231607629427793,0.3231607629427793,0.26975476839237056
248,0.2544959128065395,0.1197994628921144,0.09412253675758239,0.04547703205347852,0.37384196185286106,0.056423671543598175,0.05099322460591793,0.0,0.05073616839945316,0.45383810496423393,"[0.7329700589179993, 0.782016396522522]",0.506,0.26376021798365124,0.2964577656675749,0.3335149863760218,0.3111716621253406,0.3193460490463215,0.3193460490463215,0.2670299727520436
249,0.2561307901907357,0.1213643403238791,0.09643987078515832,0.045825243767314484,0.3743869209809264,0.05621212720870972,0.05098988674581051,0.0,0.05072749778628349,0.44050294102635235,"[0.7329700589179993, 0.782016396522522]",0.496,0.285558583106267,0.2904632152588556,0.3226158038147139,0.29809264305177113,0.3138964577656676,0.3138964577656676,0.285558583106267
250,0.2555858310626703,0.12064168414021537,0.09797144904942598,0.045531103540095035,0.3743869209809264,0.0560961589217186,0.050986941903829575,0.0,0.05071885325014591,0.40978412493132055,"[0.7329700589179993, 0.782016396522522]",0.4927,0.288283378746594,0.28719346049046324,0.29863760217983654,0.29809264305177113,0.2779291553133515,0.2779291553133515,0.288283378746594
251,0.2964577656675749,0.12901088614603817,0.09057923805932977,0.05376485697956494,0.3645776566757493,0.05518824979662895,0.05098464898765087,0.0,0.05071006529033184,0.4186990079469979,"[0.7329700589179993, 0.782016396522522]",0.5161,0.28065395095367845,0.2844686648501362,0.31498637602179835,0.2904632152588556,0.2991825613079019,0.2991825613079019,0.28065395095367845
252,0.29754768392370573,0.12656574090041484,0.08329010149753929,0.03663713786402201,0.3564032697547684,0.056744880974292755,0.050982482731342316,0.0,0.050701141357421875,0.4687339630909264,"[0.7329700589179993, 0.782016396522522]",0.5137,0.27465940054495913,0.27465940054495913,0.30517711171662126,0.28174386920980926,0.2850136239782016,0.2850136239782016,0.27465940054495913
253,0.29318801089918256,0.12267434487965134,0.08164628867144444,0.035538615560970835,0.3569482288828338,0.055212028324604034,0.050980374217033386,0.0,0.05069218575954437,0.46263056504540145,"[0.7329700589179993, 0.782016396522522]",0.5974,0.2768392370572207,0.2773841961852861,0.28610354223433243,0.28610354223433243,0.27029972752043596,0.27029972752043596,0.2768392370572207
254,0.29318801089918256,0.12286737468862641,0.08055774954878621,0.03401441114383728,0.3564032697547684,0.05486463010311127,0.05097808875143528,0.0,0.050683459267020226,0.523034926969558,"[0.7329700589179993, 0.782016396522522]",0.5282,0.27629427792915534,0.27520435967302453,0.28610354223433243,0.285558583106267,0.27138964577656677,0.27138964577656677,0.27629427792915534
255,0.2904632152588556,0.11985836216890666,0.07934079436170946,0.03232552737660137,0.3553133514986376,0.054703906178474426,0.050974901765584946,0.0,0.05067534185945988,0.602346564992331,"[0.7329700589179993, 0.782016396522522]",0.8033,0.2839237057220708,0.28664850136239783,0.31008174386920984,0.29318801089918256,0.2970027247956403,0.2970027247956403,0.28337874659400547
256,0.32534059945504085,0.14134135246494928,0.09318932053349364,0.07715647065876512,0.3814713896457766,0.05394017696380615,0.05097160302102566,0.0,0.05066722072660923,0.7221015610266477,"[0.7329700589179993, 0.782016396522522]",0.4897,0.2779291553133515,0.2724795640326976,0.32806539509536786,0.3068119891008174,0.3220708446866485,0.3220708446866485,0.2773841961852861
257,0.3329700272479564,0.15699220475641595,0.10177468079185527,0.0814016708353044,0.3901907356948229,0.05215954780578613,0.0509687215089798,0.0,0.050658928230404854,0.47489608102478087,"[0.7329700589179993, 0.782016396522522]",0.5291,0.2768392370572207,0.2773841961852861,0.32697547683923706,0.3008174386920981,0.3291553133514986,0.3291553133514986,0.2784741144414169
258,0.33732970027247955,0.15590949601816984,0.1025704143441172,0.0817473447918032,0.3912806539509537,0.051622405648231506,0.050965433940291405,0.0,0.050650523975491524,0.45773115404881537,"[0.7329700589179993, 0.782016396522522]",0.4994,0.29373297002724796,0.29209809264305175,0.3471389645776567,0.3689373297002725,0.35912806539509534,0.35912806539509534,0.29427792915531337
259,0.33732970027247955,0.15595291953076895,0.10336304868642117,0.08100158757462071,0.3912806539509537,0.051538124680519104,0.05096088722348213,0.0,0.050642555579543114,0.4357905100332573,"[0.7329700589179993, 0.782016396522522]",0.5525,0.29427792915531337,0.29264305177111716,0.3476839237057221,0.3694822888283379,0.36076294277929155,0.36076294277929155,0.29482288828337877
260,0.30626702997275207,0.1505642892675222,0.11160307665505331,0.09662083897678611,0.41634877384196184,0.05186391621828079,0.05095491744577885,0.0,0.050632767379283905,0.5157695499947295,"[0.7329700589179993, 0.782016396522522]",0.5343,0.29318801089918256,0.29264305177111716,0.34986376021798365,0.3689373297002725,0.3569482288828338,0.3569482288828338,0.29373297002724796
261,0.3574931880108992,0.16612545206675877,0.09399788315104511,0.08044082259167658,0.38365122615803815,0.050548404455184937,0.05094943568110466,0.0,0.05062359571456909,0.43770606897305697,"[0.7329700589179993, 0.782016396522522]",0.5234,0.29318801089918256,0.29373297002724796,0.34986376021798365,0.3569482288828338,0.3465940054495913,0.3465940054495913,0.29373297002724796
262,0.355858310626703,0.1646147642228325,0.09420217914683371,0.07634111778382296,0.3803814713896458,0.05026250332593918,0.05094531551003456,0.0,0.05061563663184643,0.47212411696091294,"[0.7329700589179993, 0.782016396522522]",0.5185,0.27520435967302453,0.27193460490463217,0.31716621253405997,0.29209809264305175,0.3177111716621253,0.3177111716621253,0.27520435967302453
263,0.353133514986376,0.16227576599742932,0.09504047856719643,0.07074684090640151,0.3782016348773842,0.04984106868505478,0.050941940397024155,0.0,0.050607362762093544,0.49074256198946387,"[0.7329700589179993, 0.782016396522522]",0.6329,0.2724795640326976,0.2735694822888283,0.32098092643051773,0.29482288828337877,0.3182561307901907,0.3182561307901907,0.2730245231607629
264,0.2839237057220708,0.11149311562760844,0.10134268046188538,0.045722400845084055,0.38474114441416896,0.048176657408475876,0.050938401371240616,0.0,0.050599776208400726,0.44656408892478794,"[0.7329700589179993, 0.782016396522522]",0.5223,0.2844686648501362,0.2773841961852861,0.3449591280653951,0.3242506811989101,0.35040871934604906,0.35040871934604906,0.2844686648501362
265,0.3416893732970027,0.1624645309010947,0.11894497871763073,0.09953670631576814,0.4087193460490463,0.05410192906856537,0.050939783453941345,0.0,0.05058995820581913,0.4325746960239485,"[0.7329700589179993, 0.782016396522522]",0.4972,0.28228882833787466,0.27629427792915534,0.3455040871934605,0.32534059945504085,0.34386920980926433,0.34386920980926433,0.28228882833787466
266,0.2893732970027248,0.12254627475268853,0.0964425237125981,0.04580583569854914,0.3771117166212534,0.05112604796886444,0.050940025597810745,0.0,0.050579722970724106,0.4262820089934394,"[0.7329700589179993, 0.782016396522522]",0.5122,0.2844686648501362,0.2768392370572207,0.34332425068119893,0.3231607629427793,0.34986376021798365,0.34986376021798365,0.2844686648501362
267,0.28664850136239783,0.11990472167069033,0.09606817230062656,0.04678789213545662,0.3760217983651226,0.04699145630002022,0.050941312685608864,0.0,0.05056932382285595,0.43767583707813174,"[0.7329700589179993, 0.782016396522522]",0.5004,0.2452316076294278,0.28174386920980926,0.267574931880109,0.25885558583106266,0.2790190735694823,0.2790190735694823,0.2446866485013624
268,0.28174386920980926,0.1148884996585493,0.09593793468447118,0.04525465367708094,0.3743869209809264,0.04679855704307556,0.05094417184591293,0.0,0.05055816099047661,0.49665996397379786,"[0.7329700589179993, 0.782016396522522]",0.4974,0.30463215258855586,0.33950953678474116,0.35912806539509534,0.32588555858310625,0.33841961852861036,0.33841961852861036,0.2681198910081744
269,0.31716621253405997,0.15208518183340236,0.11847864553302545,0.09031992468569418,0.4125340599455041,0.050747595727443695,0.05094522051513195,0.0,0.05054754391312599,0.4480032139690593,"[0.7329700589179993, 0.782016396522522]",0.4981,0.30408719346049046,0.3411444141689373,0.35912806539509534,0.32643051771117165,0.34005449591280656,0.34005449591280656,0.2681198910081744
270,0.31716621253405997,0.1516174488397931,0.11688468483846233,0.09065088215359378,0.4108991825613079,0.049280524253845215,0.05094393342733383,0.0,0.05053647980093956,0.442187509033829,"[0.7329700589179993, 0.782016396522522]",0.4965,0.31716621253405997,0.3525885558583106,0.3749318801089918,0.3476839237057221,0.3536784741144414,0.3536784741144414,0.288283378746594
271,0.31716621253405997,0.1516409259998569,0.1163467319580023,0.09148362552950931,0.4103542234332425,0.049130648374557495,0.05094277113676071,0.0,0.0505260955542326,0.450594175956212,"[0.7329700589179993, 0.782016396522522]",0.4802,0.3188010899182561,0.3520435967302452,0.37384196185286106,0.3471389645776567,0.3542234332425068,0.3542234332425068,0.2877384196185286
272,0.30572207084468667,0.13162165465079168,0.0764828263782985,0.03786768018087987,0.3564032697547684,0.04850055277347565,0.05094165913760662,0.0,0.050516463816165924,0.4474069180432707,"[0.7329700589179993, 0.782016396522522]",0.4833,0.31607629427792916,0.35149863760217986,0.37384196185286106,0.3449591280653951,0.3536784741144414,0.3536784741144414,0.28610354223433243
273,0.32752043596730246,0.14487945027937676,0.11577745972470178,0.0851824999104358,0.40653950953678475,0.05580884963274002,0.0509405042976141,0.0,0.050506770610809326,0.4745601509930566,"[0.7329700589179993, 0.782016396522522]",0.5755,0.3177111716621253,0.3525885558583106,0.3754768392370572,0.3476839237057221,0.3553133514986376,0.3553133514986376,0.2888283378746594
274,0.3335149863760218,0.15489661420901757,0.11662527985911395,0.09086214835900788,0.40544959128065394,0.05145182088017464,0.050940459594130516,0.0,0.05049533769488335,0.485049340990372,"[0.7329700589179993, 0.782016396522522]",0.5263,0.30299727520435965,0.34931880108991825,0.3656675749318801,0.33950953678474116,0.3580381471389646,0.3580381471389646,0.27520435967302453
275,0.33841961852861036,0.15959123589723867,0.118376501370963,0.09293564972683986,0.40653950953678475,0.05135174095630646,0.050941791385412216,0.0,0.050484536215662956,0.6275980250211433,"[0.7329700589179993, 0.782016396522522]",0.637,0.30463215258855586,0.35095367847411446,0.3662125340599455,0.3416893732970027,0.35858310626703,0.35858310626703,0.27520435967302453
276,0.34005449591280656,0.16005704484135763,0.11758522545295683,0.09276763700464115,0.40490463215258854,0.051217470318078995,0.05094465799629688,0.0,0.05047415941953659,0.5356459639733657,"[0.7329700589179993, 0.782016396522522]",0.8429,0.3193460490463215,0.3542234332425068,0.376566757493188,0.3525885558583106,0.35967302452316074,0.35967302452316074,0.2904632152588556
277,0.3427792915531335,0.1617024371506951,0.11664527375492918,0.09398847524302087,0.40435967302452314,0.0512637123465538,0.05094769038259983,0.0,0.050463177263736725,0.4980526049621403,"[0.7329700589179993, 0.782016396522522]",0.5075,0.32043596730245233,0.3564032697547684,0.3782016348773842,0.3542234332425068,0.36239782016348776,0.36239782016348776,0.29209809264305175
278,0.3465940054495913,0.16444565126576982,0.11686312218603227,0.09723423412194579,0.4021798365122616,0.05128338187932968,0.05095063894987106,0.0,0.05045169219374657,0.5255301560973749,"[0.7329700589179993, 0.782016396522522]",0.6493,0.32043596730245233,0.3564032697547684,0.3782016348773842,0.3547683923705722,0.36239782016348776,0.36239782016348776,0.29264305177111716
279,0.34822888283378745,0.1648273531542832,0.11533535077094391,0.09922207129767133,0.4016348773841962,0.05133919045329094,0.050953181460499763,0.0,0.050441524013876915,0.5032548269955441,"[0.7329700589179993, 0.782016396522522]",0.5744,0.3215258855585831,0.3574931880108992,0.379291553133515,0.355858310626703,0.3645776566757493,0.3645776566757493,0.29318801089918256
280,0.31662125340599456,0.15829598364502484,0.09888678697952122,0.06200298612784716,0.3776566757493188,0.051329463720321655,0.05095277354121208,0.0,0.050431182608008385,0.4870842209784314,"[0.7329700589179993, 0.782016396522522]",0.6054,0.3193460490463215,0.3536784741144414,0.3749318801089918,0.34877384196185285,0.3547683923705722,0.3547683923705722,0.2888283378746594
281,0.30953678474114443,0.15475755510111333,0.09886336741634266,0.059297730793528174,0.376566757493188,0.05036076158285141,0.05095441825687885,0.0,0.0504216980189085,0.4848817540332675,"[0.7329700589179993, 0.782016396522522]",0.6149,0.3198910081743869,0.3525885558583106,0.3743869209809264,0.3476839237057221,0.3536784741144414,0.3536784741144414,0.291008174386921
282,0.31444141689373295,0.15984256897615967,0.10071298570530984,0.06275065508504436,0.3776566757493188,0.05010046064853668,0.05095595121383667,0.0,0.05041252449154854,0.5020913189509884,"[0.7329700589179993, 0.782016396522522]",0.6089,0.3193460490463215,0.3520435967302452,0.37057220708446864,0.3422343324250681,0.34931880108991825,0.34931880108991825,0.2877384196185286
283,0.3182561307901907,0.16299163533090966,0.1026442474448043,0.06411817455385013,0.376566757493188,0.050057265907526016,0.05095687322318554,0.0,0.05040384829044342,0.508118059951812,"[0.7329700589179993, 0.782016396522522]",0.5734,0.3193460490463215,0.3520435967302452,0.37057220708446864,0.3416893732970027,0.35040871934604906,0.35040871934604906,0.28719346049046324
284,0.3198910081743869,0.16320816972614838,0.10144589614286294,0.06509902874930426,0.3771117166212534,0.050157055258750916,0.05095791071653366,0.0,0.050395265221595764,0.4761382940923795,"[0.7329700589179993, 0.782016396522522]",0.5715,0.3188010899182561,0.35149863760217986,0.37057220708446864,0.3411444141689373,0.34986376021798365,0.34986376021798365,0.28719346049046324
285,0.3215258855585831,0.16402165385448575,0.10128160796376474,0.06586606415909385,0.3782016348773842,0.050229646265506744,0.05095931701362133,0.0,0.05038643628358841,0.4874184599611908,"[0.7329700589179993, 0.782016396522522]",0.5975,0.31716621253405997,0.34986376021798365,0.3694822888283379,0.33896457765667576,0.34931880108991825,0.34931880108991825,0.28610354223433243
286,0.30299727520435965,0.13140322107283486,0.0773043374493625,0.0352886810090101,0.35912806539509534,0.05126054584980011,0.050959864631295204,0.0,0.05037805065512657,0.46926625492051244,"[0.7329700589179993, 0.782016396522522]",0.5496,0.31662125340599456,0.34931880108991825,0.3683923705722071,0.33841961852861036,0.34986376021798365,0.34986376021798365,0.285558583106267
287,0.30354223433242505,0.13201745343966675,0.07799711718623951,0.03540539095719669,0.35912806539509534,0.05110351741313934,0.05096033588051796,0.0,0.050369422882795334,0.4574438940035179,"[0.7329700589179993, 0.782016396522522]",0.5336,0.31662125340599456,0.34986376021798365,0.3683923705722071,0.33896457765667576,0.34986376021798365,0.34986376021798365,0.28610354223433243
288,0.30299727520435965,0.13142090113002092,0.07792342633308266,0.0352834673324544,0.35967302452316074,0.051083244383335114,0.050959860906004906,0.0,0.050361452624201775,0.5270275280345231,"[0.7329700589179993, 0.782016396522522]",0.7724,0.31662125340599456,0.34986376021798365,0.3689373297002725,0.34005449591280656,0.34986376021798365,0.34986376021798365,0.28610354223433243
289,0.3002724795640327,0.13246820957380068,0.10297980795569121,0.06253001896309546,0.38256130790190734,0.05072849988937378,0.05095864459872246,0.0,0.05035429261624813,0.4821732079144567,"[0.7329700589179993, 0.782016396522522]",0.5407,0.27520435967302453,0.2850136239782016,0.3193460490463215,0.29863760217983654,0.33188010899182563,0.33188010899182563,0.27520435967302453
290,0.32861035422343327,0.14715750605664835,0.11798639666868421,0.08214496474088315,0.40544959128065394,0.052776724100112915,0.05095607228577137,0.0,0.05034728720784187,0.47423454106319696,"[0.7329700589179993, 0.782016396522522]",0.543,0.27411444141689373,0.2850136239782016,0.3198910081743869,0.29863760217983654,0.32752043596730246,0.32752043596730246,0.27411444141689373
291,0.3340599455040872,0.15666928048530515,0.11966317646099711,0.08693987048389348,0.40490463215258854,0.05155109986662865,0.05095459520816803,0.0,0.050340430811047554,0.509025207022205,"[0.7329700589179993, 0.782016396522522]",0.5626,0.2735694822888283,0.2839237057220708,0.31662125340599456,0.2970027247956403,0.32588555858310625,0.32588555858310625,0.2735694822888283
292,0.3346049046321526,0.15474761848532992,0.11667845741940833,0.0853139683722979,0.4021798365122616,0.051528673619031906,0.050953423604369164,0.0,0.05033230036497116,0.4910906469449401,"[0.7329700589179993, 0.782016396522522]",0.5366,0.27411444141689373,0.2839237057220708,0.31716621253405997,0.2970027247956403,0.32643051771117165,0.32643051771117165,0.27411444141689373
293,0.3362397820163488,0.1546727625225891,0.11494287727321073,0.0851077244965574,0.4,0.05154650658369064,0.05095043405890465,0.0,0.05032573640346527,0.48380504606757313,"[0.7329700589179993, 0.782016396522522]",0.5489,0.2735694822888283,0.28337874659400547,0.31498637602179835,0.29482288828337877,0.3237057220708447,0.3237057220708447,0.2735694822888283
294,0.3008174386920981,0.13326576578234894,0.09762411550489271,0.05077412983735857,0.376566757493188,0.0505213662981987,0.050948893651366234,0.0,0.050318412482738495,0.470496466034092,"[0.7329700589179993, 0.782016396522522]",0.5142,0.27574931880108994,0.28228882833787466,0.31498637602179835,0.29482288828337877,0.3237057220708447,0.3237057220708447,0.27574931880108994
295,0.29809264305177113,0.13113422224182858,0.09865137658589855,0.05088718747032299,0.3760217983651226,0.05049825832247734,0.05094711296260357,0.0,0.050310513004660606,0.4776471940567717,"[0.7329700589179993, 0.782016396522522]",0.5404,0.3073569482288828,0.3079019073569482,0.3079019073569482,0.33950953678474116,0.32697547683923706,0.32697547683923706,0.3073569482288828
296,0.2959128065395095,0.12907494197677893,0.09955794405158772,0.050533465649780236,0.3749318801089918,0.05024876818060875,0.050944993272423744,0.0,0.05030231177806854,0.598481417982839,"[0.7329700589179993, 0.782016396522522]",0.6032,0.3073569482288828,0.3079019073569482,0.30953678474114443,0.3411444141689373,0.32806539509536786,0.32806539509536786,0.3073569482288828
297,0.3405994550408719,0.1670933702455374,0.08668584017541674,0.06118553799705542,0.36021798365122615,0.05002151429653168,0.05094372108578682,0.0,0.05029378645122051,0.5079610079992563,"[0.7329700589179993, 0.782016396522522]",0.5891,0.3068119891008174,0.3073569482288828,0.31008174386920984,0.3416893732970027,0.3307901907356948,0.3307901907356948,0.3068119891008174
298,0.33841961852861036,0.17036108466920807,0.09853344949924554,0.06878710644219657,0.376566757493188,0.052997082471847534,0.05094227381050587,0.0,0.05028643272817135,0.5712012139847502,"[0.7329700589179993, 0.782016396522522]",0.5182,0.30572207084468667,0.30626702997275207,0.3084468664850136,0.3411444141689373,0.3302452316076294,0.3302452316076294,0.30572207084468667
299,0.3444141689373297,0.1708767503099582,0.1006041329158695,0.09023369735977468,0.38201634877384194,0.05186253786087036,0.050939785316586494,0.0,0.050279462710022926,0.4730997590813786,"[0.7329700589179993, 0.782016396522522]",0.5527,0.3024523160762943,0.30354223433242505,0.3013623978201635,0.2964577656675749,0.2964577656675749,0.2964577656675749,0.3024523160762943
300,0.33841961852861036,0.16420608413578952,0.09643928355002901,0.08619793050048602,0.38365122615803815,0.050164155662059784,0.050936637446284294,0.0,0.0502732265740633,0.49237947596702725,"[0.7329700589179993, 0.782016396522522]",,,,,,,,
