round,ACC,Kappa,NMI,ARI,PURITY,alignment_loss,mean_reconstruction_loss,mean_consensus_loss,mean_local_total_loss,round_seconds,observed_rates,completion_eval_seconds,C025_ACC,C050_ACC,C075_ACC,C100_ACC,D0_ACC,E0_ACC,G0_ACC
1,0.47702589807852963,0.3699618608155194,0.30683638073611397,0.2233876109120919,0.568922305764411,0.148138165473938,0.26269375532865524,0.0,0.24806223064661026,1.1934066020185128,"[0.6817042827606201, 0.7652464509010315]",0.3621,0.3333333333333333,0.3642439431913116,0.42857142857142855,0.48203842940685043,0.47451963241436923,0.47451963241436923,0.3316624895572264
2,0.5029239766081871,0.39648115759289015,0.3131792025434641,0.26192614168161343,0.5806182121971596,0.13366128504276276,0.24449361115694046,0.0,0.23226486891508102,0.2939080629730597,"[0.6817042827606201, 0.7652464509010315]",0.3153,0.36758563074352546,0.4018379281537176,0.49373433583959897,0.5263157894736842,0.4979114452798663,0.4979114452798663,0.36006683375104426
3,0.49624060150375937,0.3895243508223508,0.3173330277007631,0.24709895454748995,0.568922305764411,0.1257726550102234,0.2292395979166031,0.0,0.21901080757379532,0.30894043494481593,"[0.6817042827606201, 0.7652464509010315]",0.3211,0.3617376775271512,0.39515455304928987,0.44862155388471175,0.46365914786967416,0.48370927318295737,0.48370927318295737,0.3533834586466165
4,0.47869674185463656,0.379310860614018,0.32663231224285594,0.2465867216495312,0.5764411027568922,0.12438219040632248,0.21644270420074463,0.0,0.2079211324453354,0.4135945829330012,"[0.6817042827606201, 0.7652464509010315]",0.3447,0.3592314118629908,0.3617376775271512,0.4853801169590643,0.5112781954887218,0.4778613199665831,0.4778613199665831,0.3517126148705096
5,0.4753550543024227,0.36919642857142854,0.28863823366701835,0.22077634874872776,0.556390977443609,0.13449737429618835,0.20564569532871246,0.0,0.19846563786268234,0.4277835820103064,"[0.6817042827606201, 0.7652464509010315]",0.5867,0.3742690058479532,0.39598997493734334,0.4728487886382623,0.5229741019214703,0.49707602339181284,0.49707602339181284,0.37343358395989973
6,0.454469507101086,0.3141779428874262,0.26670141731146063,0.20610034875056382,0.5396825396825397,0.13760733604431152,0.196321539580822,0.0,0.19010017812252045,0.43837673496454954,"[0.6817042827606201, 0.7652464509010315]",0.3425,0.3157894736842105,0.3483709273182957,0.4527986633249791,0.4553049289891395,0.4452798663324979,0.4452798663324979,0.31746031746031744
7,0.43107769423558895,0.32252434494904114,0.26042056484463233,0.18708948111612267,0.52046783625731,0.1336154043674469,0.18803764134645462,0.0,0.18248845636844635,0.291537647950463,"[0.6817042827606201, 0.7652464509010315]",0.3848,0.3091060985797828,0.3366750208855472,0.39598997493734334,0.4319131161236424,0.42355889724310775,0.42355889724310775,0.31244778613199664
8,0.441938178780284,0.30292674591744584,0.2589981129316544,0.20211433517826807,0.5396825396825397,0.140251025557518,0.18046817183494568,0.0,0.17541466280817986,0.3773586379829794,"[0.6817042827606201, 0.7652464509010315]",0.329,0.36257309941520466,0.39348370927318294,0.49874686716791977,0.5229741019214703,0.531328320802005,0.531328320802005,0.3592314118629908
9,0.4101921470342523,0.27667215885990626,0.27717445106032257,0.17316966910898265,0.5355054302422724,0.13043788075447083,0.17338398098945618,0.0,0.16872809082269669,0.47499282099306583,"[0.6817042827606201, 0.7652464509010315]",0.3556,0.4628237259816207,0.46616541353383456,0.5346700083542189,0.5238095238095238,0.5246449456975772,0.5246449456975772,0.4594820384294068
10,0.4519632414369256,0.3156769136648139,0.20783859060738635,0.16349063791176652,0.4778613199665831,0.12536096572875977,0.16669819504022598,0.0,0.16237451881170273,0.3144293329678476,"[0.6817042827606201, 0.7652464509010315]",0.345,0.4093567251461988,0.41687552213868,0.47368421052631576,0.4753550543024227,0.49373433583959897,0.49373433583959897,0.4076858813700919
11,0.518796992481203,0.3800420275741889,0.2785242870192491,0.26317929022786496,0.5321637426900585,0.12324534356594086,0.16033846139907837,0.0,0.15629924461245537,0.34219975292216986,"[0.6817042827606201, 0.7652464509010315]",0.3386,0.3634085213032581,0.39598997493734334,0.48872180451127817,0.5196324143692564,0.5029239766081871,0.5029239766081871,0.36257309941520466
12,0.40350877192982454,0.2733105574535456,0.20146730227053372,0.11834954427801925,0.4644945697577276,0.11722620576620102,0.15428635105490685,0.0,0.1505003459751606,0.3238589159445837,"[0.6817042827606201, 0.7652464509010315]",0.3394,0.32497911445279865,0.3391812865497076,0.37593984962406013,0.42355889724310775,0.39515455304928987,0.39515455304928987,0.3208020050125313
13,0.4628237259816207,0.32754689089021916,0.2472050919981262,0.1791029139554569,0.5121136173767753,0.12225306034088135,0.1485176868736744,0.0,0.14499102905392647,0.32556829904206097,"[0.6817042827606201, 0.7652464509010315]",0.3366,0.3433583959899749,0.3266499582289056,0.3943191311612364,0.49373433583959897,0.47201336675020883,0.47201336675020883,0.3458646616541353
14,0.506265664160401,0.36561256315384516,0.24587212136902858,0.2590355459955391,0.5288220551378446,0.11848410964012146,0.14304344728589058,0.0,0.13978077471256256,0.2917500410694629,"[0.6817042827606201, 0.7652464509010315]",0.3077,0.341687552213868,0.3258145363408521,0.39097744360902253,0.49624060150375937,0.47117794486215536,0.47117794486215536,0.3441938178780284
15,0.4703425229741019,0.32338030780972216,0.2464937181764549,0.21190901149014327,0.5279866332497911,0.12372038513422012,0.1378403827548027,0.0,0.13478931039571762,0.3127561620203778,"[0.6817042827606201, 0.7652464509010315]",0.3389,0.38596491228070173,0.39348370927318294,0.42606516290726815,0.5238095238095238,0.5004177109440268,0.5004177109440268,0.38512949039264827
16,0.4828738512949039,0.3432858441952107,0.2462362631385447,0.2377844575570594,0.5213032581453634,0.12109946459531784,0.1328408308327198,0.0,0.12996280193328857,0.308781323954463,"[0.6817042827606201, 0.7652464509010315]",0.3137,0.3558897243107769,0.3692564745196324,0.5071010860484545,0.5154553049289892,0.5087719298245614,0.5087719298245614,0.35756056808688386
17,0.4828738512949039,0.34420479378035274,0.23949152625862785,0.22771725639652693,0.5146198830409356,0.11145053803920746,0.12803958728909492,0.0,0.1253015622496605,0.3013188709737733,"[0.6817042827606201, 0.7652464509010315]",0.5166,0.36507936507936506,0.3968253968253968,0.49206349206349204,0.5246449456975772,0.5146198830409356,0.5146198830409356,0.3642439431913116
18,0.48955722639933164,0.3523214840778489,0.24523725453588707,0.2251830706035273,0.5179615705931495,0.11197541654109955,0.12340031564235687,0.0,0.12082880735397339,0.3844438319792971,"[0.6817042827606201, 0.7652464509010315]",0.4771,0.3508771929824561,0.3684210526315789,0.4068504594820384,0.4903926482873851,0.48955722639933164,0.48955722639933164,0.3391812865497076
19,0.4878863826232247,0.34795520930435075,0.2509921326544285,0.22962452773692657,0.5246449456975772,0.10997031629085541,0.1189543604850769,0.0,0.11651270091533661,0.46163859392981976,"[0.6817042827606201, 0.7652464509010315]",0.3971,0.3408521303258145,0.3533834586466165,0.4427736006683375,0.49373433583959897,0.48621553884711777,0.48621553884711777,0.34001670843776105
20,0.48872180451127817,0.34807750836968654,0.2454600747772326,0.22877278183471234,0.5238095238095238,0.11114174872636795,0.11468663066625595,0.0,0.1123814508318901,0.309976095915772,"[0.6817042827606201, 0.7652464509010315]",0.5624,0.3842940685045948,0.39097744360902253,0.4243943191311612,0.5137844611528822,0.5087719298245614,0.5087719298245614,0.38763575605680867
21,0.5004177109440268,0.3624381415200887,0.2541861074296406,0.25061353167729744,0.5396825396825397,0.11777321994304657,0.11060934886336327,0.0,0.1084294319152832,0.3234107600292191,"[0.6817042827606201, 0.7652464509010315]",0.3169,0.36507936507936506,0.37510442773600666,0.4093567251461988,0.48120300751879697,0.47368421052631576,0.47368421052631576,0.3508771929824561
22,0.5012531328320802,0.36392807297378116,0.2454193391599224,0.24230947688114618,0.5363408521303258,0.11655181646347046,0.1067299135029316,0.0,0.1046687439084053,0.34541039809118956,"[0.6817042827606201, 0.7652464509010315]",0.341,0.3567251461988304,0.3617376775271512,0.39515455304928987,0.47201336675020883,0.45864661654135336,0.45864661654135336,0.3483709273182957
23,0.4452798663324979,0.3016158099654941,0.20909635325408168,0.18507327189218215,0.49122807017543857,0.13751868903636932,0.10305308178067207,0.0,0.10111648961901665,0.28871362505014986,"[0.6817042827606201, 0.7652464509010315]",0.332,0.38262322472848787,0.4177109440267335,0.43107769423558895,0.5196324143692564,0.4979114452798663,0.4979114452798663,0.3659147869674185
24,0.4653299916457811,0.30316834276898896,0.19292495171862747,0.17646876002641915,0.48955722639933164,0.1413463056087494,0.09957246109843254,0.0,0.0977473109960556,0.2827084281016141,"[0.6817042827606201, 0.7652464509010315]",0.3163,0.391812865497076,0.4202172096908939,0.4319131161236424,0.5304928989139516,0.5154553049289892,0.5154553049289892,0.38011695906432746
25,0.38596491228070173,0.2220502867147398,0.14716519982388865,0.10255211825340854,0.4394319131161236,0.14669911563396454,0.09628401324152946,0.0,0.09457333758473396,0.29870954796206206,"[0.6817042827606201, 0.7652464509010315]",0.3387,0.3717627401837928,0.40016708437761067,0.4344193817878028,0.52046783625731,0.5054302422723476,0.5054302422723476,0.3659147869674185
26,0.3868003341687552,0.25028799041567906,0.15961523618118864,0.11222443974667709,0.4352548036758563,0.14377664029598236,0.09318175911903381,0.0,0.09159354120492935,0.3108725940110162,"[0.6817042827606201, 0.7652464509010315]",0.55,0.329156223893066,0.3341687552213868,0.4101921470342523,0.49373433583959897,0.4678362573099415,0.4678362573099415,0.3408521303258145
27,0.48203842940685043,0.34049997023034617,0.23497191694039624,0.23128305159574733,0.5087719298245614,0.12812811136245728,0.09027984738349915,0.0,0.08880558609962463,0.29522766498848796,"[0.6817042827606201, 0.7652464509010315]",0.3309,0.37593984962406013,0.40016708437761067,0.46950710108604843,0.5154553049289892,0.506265664160401,0.506265664160401,0.36758563074352546
28,0.39598997493734334,0.2573581466712318,0.17616627467353377,0.13205160300923696,0.46867167919799496,0.1413712203502655,0.08755990490317345,0.0,0.0862056091427803,0.29619043704587966,"[0.6817042827606201, 0.7652464509010315]",0.3199,0.3617376775271512,0.3742690058479532,0.40100250626566414,0.5004177109440268,0.4828738512949039,0.4828738512949039,0.3458646616541353
29,0.48370927318295737,0.34224102517592214,0.23904722550450838,0.23563758801437168,0.5104427736006684,0.1280166357755661,0.08503800258040428,0.0,0.08379112184047699,0.2746589289745316,"[0.6817042827606201, 0.7652464509010315]",0.3091,0.37761069340016706,0.38512949039264827,0.48370927318295737,0.5087719298245614,0.504594820384294,0.504594820384294,0.36257309941520466
30,0.4778613199665831,0.334688338448322,0.23288618732293578,0.22741428593907412,0.506265664160401,0.11894640326499939,0.0826997309923172,0.0,0.08154281601309776,0.30655731796287,"[0.6817042827606201, 0.7652464509010315]",0.3395,0.39598997493734334,0.41102756892230574,0.4319131161236424,0.5246449456975772,0.506265664160401,0.506265664160401,0.3817878028404344
31,0.4903926482873851,0.3533368463469825,0.25308979463208214,0.24440610042808425,0.5229741019214703,0.13383875787258148,0.08054094016551971,0.0,0.07946846261620522,0.4056682529626414,"[0.6817042827606201, 0.7652464509010315]",0.3212,0.38095238095238093,0.3868003341687552,0.48370927318295737,0.5087719298245614,0.5071010860484545,0.5071010860484545,0.3717627401837928
32,0.4519632414369256,0.31329685407977925,0.2046490978376244,0.16839017629488282,0.46616541353383456,0.13716256618499756,0.07854175567626953,0.0,0.07755114510655403,0.30103109998162836,"[0.6817042827606201, 0.7652464509010315]",0.3308,0.35004177109440265,0.39849624060150374,0.4928989139515455,0.4928989139515455,0.5029239766081871,0.5029239766081871,0.34252297410192145
33,0.49456975772765244,0.36009949501420413,0.2356182625898963,0.2371559353953397,0.5121136173767753,0.13532312214374542,0.07670349255204201,0.0,0.07578198611736298,0.329181305016391,"[0.6817042827606201, 0.7652464509010315]",0.3901,0.35004177109440265,0.38596491228070173,0.5020885547201337,0.49624060150375937,0.49874686716791977,0.49874686716791977,0.341687552213868
34,0.48872180451127817,0.3543410491283705,0.234524149504578,0.22714129465993477,0.5112781954887218,0.130784809589386,0.07500685006380081,0.0,0.07415536791086197,0.3613358379807323,"[0.6817042827606201, 0.7652464509010315]",0.3555,0.3517126148705096,0.3817878028404344,0.5054302422723476,0.49874686716791977,0.49874686716791977,0.49874686716791977,0.3467000835421888
35,0.5129490392648287,0.3764405021351197,0.2553817856926519,0.26216837221164035,0.5329991645781119,0.1337261199951172,0.07345784269273281,0.0,0.07267146930098534,0.40680733998306096,"[0.6817042827606201, 0.7652464509010315]",0.5048,0.3508771929824561,0.3684210526315789,0.5096073517126148,0.49707602339181284,0.49958228905597324,0.49958228905597324,0.3467000835421888
36,0.48621553884711777,0.35074287246371194,0.22913370605329567,0.21380806756445517,0.5087719298245614,0.129656583070755,0.07203884236514568,0.0,0.07131950370967388,0.32677684107329696,"[0.6817042827606201, 0.7652464509010315]",0.4159,0.35254803675856305,0.3742690058479532,0.5012531328320802,0.49958228905597324,0.49373433583959897,0.49373433583959897,0.3483709273182957
37,0.4703425229741019,0.3374858793067024,0.23061092517070197,0.19332252355807458,0.5071010860484545,0.1251697838306427,0.07075328752398491,0.0,0.0700916089117527,0.3215783890336752,"[0.6817042827606201, 0.7652464509010315]",0.359,0.3533834586466165,0.3742690058479532,0.5020885547201337,0.5004177109440268,0.49456975772765244,0.49456975772765244,0.3492063492063492
38,0.46115288220551376,0.32525779187353665,0.2342977910205452,0.1924018689644855,0.5121136173767753,0.12242601811885834,0.0695789810270071,0.0,0.06897244229912758,0.3110052860574797,"[0.6817042827606201, 0.7652464509010315]",0.3426,0.35254803675856305,0.3817878028404344,0.504594820384294,0.49874686716791977,0.49958228905597324,0.49958228905597324,0.3483709273182957
39,0.47451963241436923,0.3391471116162924,0.22319876984068796,0.21065717975773549,0.4979114452798663,0.13255015015602112,0.06851851381361485,0.0,0.06796244159340858,0.46287819102872163,"[0.6817042827606201, 0.7652464509010315]",0.334,0.32999164578111945,0.3433583959899749,0.4394319131161236,0.4803675856307435,0.4619883040935672,0.4619883040935672,0.3383458646616541
40,0.48872180451127817,0.35194726151973443,0.225249627252528,0.21688974586427653,0.5020885547201337,0.13127738237380981,0.06756111234426498,0.0,0.06705277599394321,0.363478593993932,"[0.6817042827606201, 0.7652464509010315]",0.3498,0.3742690058479532,0.37844611528822053,0.47702589807852963,0.52046783625731,0.5179615705931495,0.5179615705931495,0.379281537176274
41,0.48955722639933164,0.35184392505722806,0.22404514728465943,0.2174628055235782,0.5029239766081871,0.12381303310394287,0.06669798865914345,0.0,0.06623980216681957,0.35587146505713463,"[0.6817042827606201, 0.7652464509010315]",0.3438,0.3341687552213868,0.3467000835421888,0.4227234753550543,0.4878863826232247,0.4728487886382623,0.4728487886382623,0.3467000835421888
42,0.4878863826232247,0.3497125041210105,0.22383690041278917,0.21641640553275807,0.5029239766081871,0.12322801351547241,0.0659233033657074,0.0,0.06551360711455345,0.3526205029338598,"[0.6817042827606201, 0.7652464509010315]",0.335,0.3408521303258145,0.35004177109440265,0.4051796157059315,0.48872180451127817,0.47368421052631576,0.47368421052631576,0.35004177109440265
43,0.4352548036758563,0.3028808420856749,0.19147339689122822,0.14216572506665937,0.4578111946532999,0.13816243410110474,0.06523494981229305,0.0,0.06486614979803562,0.32668771292082965,"[0.6817042827606201, 0.7652464509010315]",0.3358,0.3742690058479532,0.3993316624895572,0.49874686716791977,0.5104427736006684,0.504594820384294,0.504594820384294,0.3592314118629908
44,0.4594820384294068,0.3248713308366633,0.21577024745944526,0.17405230816490633,0.47368421052631576,0.12491665780544281,0.06461835280060768,0.0,0.06428738124668598,0.3166168589377776,"[0.6817042827606201, 0.7652464509010315]",0.3699,0.37259816207184626,0.39766081871345027,0.4903926482873851,0.5087719298245614,0.5012531328320802,0.5012531328320802,0.3609022556390977
45,0.39264828738512947,0.2586164152134519,0.16609182016452267,0.11649713687614982,0.4494569757727652,0.12458480894565582,0.06406447663903236,0.0,0.06377354450523853,0.32841273804660887,"[0.6817042827606201, 0.7652464509010315]",0.3653,0.37593984962406013,0.40852130325814534,0.5004177109440268,0.5037593984962406,0.5020885547201337,0.5020885547201337,0.37009189640768586
46,0.48621553884711777,0.3523536460266993,0.24268840625036425,0.23695374864034294,0.5154553049289892,0.13614755868911743,0.06357007287442684,0.0,0.06331329420208931,0.32613791001494974,"[0.6817042827606201, 0.7652464509010315]",0.336,0.31746031746031744,0.3308270676691729,0.38262322472848787,0.4628237259816207,0.4469507101086048,0.4469507101086048,0.32247284878863824
47,0.47117794486215536,0.33411285177197636,0.22007723382352104,0.20057784339128548,0.48454469507101083,0.136431485414505,0.06313044391572475,0.0,0.06290998496115208,0.32692676095757633,"[0.6817042827606201, 0.7652464509010315]",0.3107,0.3208020050125313,0.33500417710944025,0.38512949039264827,0.46115288220551376,0.44360902255639095,0.44360902255639095,0.32748538011695905
48,0.4728487886382623,0.34450690070842593,0.23649419123757773,0.19245319714478723,0.49624060150375937,0.12006077170372009,0.06273791007697582,0.0,0.06255609355866909,0.30284403800033033,"[0.6817042827606201, 0.7652464509010315]",0.3148,0.3241436925647452,0.3433583959899749,0.404344193817878,0.46365914786967416,0.4527986633249791,0.4527986633249791,0.3308270676691729
49,0.47451963241436923,0.34568961246965957,0.23473405239746958,0.1946648866079228,0.49874686716791977,0.10814209282398224,0.062394879758358,0.0,0.06224571727216244,0.3014846870210022,"[0.6817042827606201, 0.7652464509010315]",0.3332,0.3717627401837928,0.3767752715121136,0.41604010025062654,0.5087719298245614,0.4828738512949039,0.4828738512949039,0.37343358395989973
50,0.47953216374269003,0.3433275714344839,0.22376209168275657,0.19782822465612215,0.49624060150375937,0.11399143934249878,0.062096770852804184,0.0,0.061974624171853065,0.30084509507287294,"[0.6817042827606201, 0.7652464509010315]",0.3292,0.37510442773600666,0.3842940685045948,0.41353383458646614,0.49707602339181284,0.48203842940685043,0.48203842940685043,0.37510442773600666
51,0.4269005847953216,0.29031048084601796,0.20239845011367621,0.1509525935278936,0.4728487886382623,0.11175117641687393,0.06183425709605217,0.0,0.06173335760831833,0.28097727708518505,"[0.6817042827606201, 0.7652464509010315]",0.3362,0.37510442773600666,0.40016708437761067,0.4319131161236424,0.49122807017543857,0.47368421052631576,0.47368421052631576,0.37343358395989973
52,0.47451963241436923,0.3290484308345446,0.21229635869184568,0.19599705901789066,0.49874686716791977,0.11192463338375092,0.06160124950110912,0.0,0.06152387708425522,0.43633099796716124,"[0.6817042827606201, 0.7652464509010315]",0.5806,0.3817878028404344,0.40852130325814534,0.4252297410192147,0.47117794486215536,0.46867167919799496,0.46867167919799496,0.38345864661654133
53,0.47619047619047616,0.3269708806818181,0.21237339759625923,0.19693262507691017,0.4954051796157059,0.12229397147893906,0.061398597434163094,0.0,0.06134398840367794,0.4928739960305393,"[0.6817042827606201, 0.7652464509010315]",0.4357,0.3634085213032581,0.4051796157059315,0.43609022556390975,0.5162907268170426,0.49958228905597324,0.49958228905597324,0.3567251461988304
54,0.4954051796157059,0.35328492878412865,0.2351104332490159,0.24854446174886463,0.5279866332497911,0.12586744129657745,0.06122114881873131,0.0,0.06118352338671684,0.33415232796687633,"[0.6817042827606201, 0.7652464509010315]",0.3204,0.35756056808688386,0.37593984962406013,0.404344193817878,0.5029239766081871,0.49456975772765244,0.49456975772765244,0.3433583959899749
55,0.5171261487050961,0.3719444444444445,0.23833095891232856,0.24909215958519115,0.5380116959064327,0.11976154148578644,0.06106614135205746,0.0,0.061043521389365196,0.31465666892472655,"[0.6817042827606201, 0.7652464509010315]",0.3613,0.3492063492063492,0.3592314118629908,0.45614035087719296,0.5004177109440268,0.4979114452798663,0.4979114452798663,0.3391812865497076
56,0.4828738512949039,0.3392101482298655,0.22666892501705954,0.2351006598186274,0.5346700083542189,0.12291477620601654,0.06093196012079716,0.0,0.06091828644275665,0.32544129504822195,"[0.6817042827606201, 0.7652464509010315]",0.3607,0.32497911445279865,0.37009189640768586,0.43107769423558895,0.47368421052631576,0.47702589807852963,0.47702589807852963,0.3216374269005848
57,0.5104427736006684,0.37964793988941525,0.22319264188386553,0.2419941320193047,0.5196324143692564,0.11443281918764114,0.06081460043787956,0.0,0.060808783397078514,0.5290640880120918,"[0.6817042827606201, 0.7652464509010315]",0.53,0.32497911445279865,0.3717627401837928,0.4302422723475355,0.47368421052631576,0.4778613199665831,0.4778613199665831,0.3233082706766917
58,0.5054302422723476,0.36108483867623,0.21752497065592058,0.24898713443660178,0.5254803675856308,0.11305171251296997,0.060711570084095,0.0,0.060711607336997986,0.4286558339372277,"[0.6817042827606201, 0.7652464509010315]",0.5084,0.3717627401837928,0.37259816207184626,0.4076858813700919,0.518796992481203,0.5112781954887218,0.5112781954887218,0.37343358395989973
59,0.5263157894736842,0.39681923213650916,0.22611641049791525,0.24214725438342605,0.5263157894736842,0.12244733422994614,0.06062133423984051,0.0,0.06062655709683895,0.3839835929684341,"[0.6817042827606201, 0.7652464509010315]",0.3876,0.366750208855472,0.3993316624895572,0.47451963241436923,0.5346700083542189,0.5371762740183793,0.5371762740183793,0.3583959899749373
60,0.5196324143692564,0.3996032684122972,0.23438840542575853,0.21823612316477808,0.5405179615705932,0.1131458431482315,0.060541173443198204,0.0,0.060547394677996635,0.29051746893674135,"[0.6817042827606201, 0.7652464509010315]",0.3333,0.39097744360902253,0.41353383458646614,0.467000835421888,0.5388471177944862,0.5371762740183793,0.5371762740183793,0.38011695906432746
61,0.5179615705931495,0.3895394161164586,0.2379412311944964,0.22825539177881488,0.5405179615705932,0.11146939545869827,0.06047293171286583,0.0,0.06047694757580757,0.2884102639509365,"[0.6817042827606201, 0.7652464509010315]",0.3375,0.40016708437761067,0.41854636591478694,0.46616541353383456,0.5430242272347535,0.5371762740183793,0.5371762740183793,0.3943191311612364
62,0.5421888053467001,0.4181424014589993,0.24292696360044969,0.23980893822850766,0.5446950710108605,0.10125406086444855,0.06041322462260723,0.0,0.06041443534195423,0.28880424494855106,"[0.6817042827606201, 0.7652464509010315]",0.3279,0.3842940685045948,0.39598997493734334,0.4619883040935672,0.5171261487050961,0.5279866332497911,0.5279866332497911,0.36006683375104426
63,0.5363408521303258,0.4099541346331481,0.23816236499066426,0.2347185172145137,0.5388471177944862,0.10024449229240417,0.060358425602316856,0.0,0.0603563766926527,0.3116155620664358,"[0.6817042827606201, 0.7652464509010315]",0.3462,0.33500417710944025,0.3842940685045948,0.4519632414369256,0.4903926482873851,0.49206349206349204,0.49206349206349204,0.32999164578111945
64,0.5371762740183793,0.4082934111165937,0.2369232772951469,0.24215348082180135,0.5396825396825397,0.10048659890890121,0.06031165085732937,0.0,0.060302870348095894,0.3103894259547815,"[0.6817042827606201, 0.7652464509010315]",0.3409,0.3717627401837928,0.41102756892230574,0.4954051796157059,0.5263157894736842,0.5196324143692564,0.5196324143692564,0.3684210526315789
65,0.5321637426900585,0.4006705708793419,0.23634088486259086,0.23931913735862725,0.5346700083542189,0.09936607629060745,0.06026853621006012,0.0,0.06025316193699837,0.3113161150831729,"[0.6817042827606201, 0.7652464509010315]",0.4395,0.3993316624895572,0.40350877192982454,0.45363408521303256,0.5329991645781119,0.5321637426900585,0.5321637426900585,0.39598997493734334
66,0.5346700083542189,0.40338677593212846,0.2400818588542159,0.24522725356102404,0.5371762740183793,0.09823502600193024,0.06022806279361248,0.0,0.06020735949277878,0.3032704129582271,"[0.6817042827606201, 0.7652464509010315]",0.3304,0.4051796157059315,0.42355889724310775,0.47953216374269003,0.5472013366750209,0.5421888053467001,0.5421888053467001,0.40350877192982454
67,0.5279866332497911,0.3880550827788952,0.24454876703050576,0.2591327031997645,0.5488721804511278,0.10568201541900635,0.06019142456352711,0.0,0.06016391143202782,0.30929693405050784,"[0.6817042827606201, 0.7652464509010315]",0.3921,0.38262322472848787,0.38847117794486213,0.47702589807852963,0.518796992481203,0.5146198830409356,0.5146198830409356,0.38095238095238093
68,0.5304928989139516,0.3908308687565313,0.2501530143339839,0.2667086183983634,0.5505430242272348,0.10109119862318039,0.06015738286077976,0.0,0.06012355163693428,0.33556566399056464,"[0.6817042827606201, 0.7652464509010315]",0.3427,0.4068504594820384,0.4327485380116959,0.48370927318295737,0.5488721804511278,0.5396825396825397,0.5396825396825397,0.40267335004177107
69,0.529657477025898,0.39140631702526363,0.25859094770099295,0.26800097695755193,0.5480367585630743,0.10065746307373047,0.06012626923620701,0.0,0.06008313596248627,0.34870671399403363,"[0.6817042827606201, 0.7652464509010315]",0.3466,0.4068504594820384,0.4093567251461988,0.441938178780284,0.5497076023391813,0.5421888053467001,0.5421888053467001,0.4068504594820384
70,0.5304928989139516,0.39236822423828566,0.266909055711364,0.27164139890446004,0.5497076023391813,0.10076677799224854,0.06009587459266186,0.0,0.060040246695280075,0.4476268090074882,"[0.6817042827606201, 0.7652464509010315]",0.4915,0.3717627401837928,0.3968253968253968,0.4519632414369256,0.5246449456975772,0.47953216374269003,0.47953216374269003,0.3617376775271512
71,0.5288220551378446,0.4003149841308755,0.25563474067290015,0.23966568101591842,0.5338345864661654,0.09721629321575165,0.060068000108003616,0.0,0.05999923497438431,0.4341926299966872,"[0.6817042827606201, 0.7652464509010315]",0.5175,0.3483709273182957,0.36758563074352546,0.4177109440267335,0.4553049289891395,0.4603174603174603,0.4603174603174603,0.3366750208855472
72,0.5304928989139516,0.40199425919324683,0.24862430693657028,0.23994064189182493,0.5338345864661654,0.0961819589138031,0.060042303055524826,0.0,0.05995740182697773,0.4565301570110023,"[0.6817042827606201, 0.7652464509010315]",0.5324,0.3492063492063492,0.37009189640768586,0.4202172096908939,0.4628237259816207,0.4527986633249791,0.4527986633249791,0.33500417710944025
73,0.5555555555555556,0.43734592935413585,0.26559102589233835,0.25513057103710496,0.5580618212197159,0.10762719810009003,0.06001689471304417,0.0,0.059917403385043144,0.400505332974717,"[0.6817042827606201, 0.7652464509010315]",0.5148,0.34502923976608185,0.3767752715121136,0.4269005847953216,0.467000835421888,0.4553049289891395,0.4553049289891395,0.3241436925647452
74,0.556390977443609,0.4221071581186867,0.2631203733797702,0.26172983286179224,0.5572263993316625,0.1066969633102417,0.05999373085796833,0.0,0.05987854488193989,0.4682734749512747,"[0.6817042827606201, 0.7652464509010315]",0.5153,0.3366750208855472,0.37343358395989973,0.42606516290726815,0.4603174603174603,0.4569757727652464,0.4569757727652464,0.32247284878863824
75,0.5547201336675021,0.43775429901378027,0.26447529208324594,0.25730805479283503,0.5647451963241437,0.10342900454998016,0.059972016140818596,0.0,0.059839993715286255,0.3929116380168125,"[0.6817042827606201, 0.7652464509010315]",0.5036,0.3517126148705096,0.4093567251461988,0.47368421052631576,0.5146198830409356,0.5154553049289892,0.5154553049289892,0.3391812865497076
76,0.5497076023391813,0.4320597180470157,0.2618002280356701,0.25097606241314085,0.5639097744360902,0.10209108144044876,0.05995090305805206,0.0,0.059803396463394165,0.36182658397592604,"[0.6817042827606201, 0.7652464509010315]",0.3812,0.3483709273182957,0.404344193817878,0.47117794486215536,0.5137844611528822,0.5146198830409356,0.5146198830409356,0.3358395989974937
77,0.5446950710108605,0.4254133476136287,0.2569865150859067,0.24495102853253176,0.5630743525480367,0.10142411291599274,0.05993078835308552,0.0,0.05976754240691662,0.31924701295793056,"[0.6817042827606201, 0.7652464509010315]",0.3628,0.32497911445279865,0.35756056808688386,0.4101921470342523,0.44611528822055135,0.4603174603174603,0.4603174603174603,0.3208020050125313
78,0.5421888053467001,0.4217630885564,0.25810128010313843,0.2442207305039888,0.5647451963241437,0.10089198499917984,0.059911664575338364,0.0,0.05973210744559765,0.3308621139731258,"[0.6817042827606201, 0.7652464509010315]",0.3193,0.3508771929824561,0.404344193817878,0.4728487886382623,0.52046783625731,0.5179615705931495,0.5179615705931495,0.33751044277360065
79,0.545530492898914,0.4251420883410756,0.25886760553055427,0.2450312087457272,0.5664160401002506,0.10041581839323044,0.05989266186952591,0.0,0.05969884619116783,0.29662221402395517,"[0.6817042827606201, 0.7652464509010315]",0.4012,0.35421888053467,0.4068504594820384,0.4753550543024227,0.5238095238095238,0.52046783625731,0.52046783625731,0.3391812865497076
80,0.543859649122807,0.4228824178182169,0.25971185979095307,0.24432881234195372,0.568922305764411,0.09989617764949799,0.059873927384614944,0.0,0.05966619960963726,0.3248029180103913,"[0.6817042827606201, 0.7652464509010315]",0.4914,0.35505430242272346,0.4076858813700919,0.4803675856307435,0.5238095238095238,0.5229741019214703,0.5229741019214703,0.34001670843776105
81,0.5446950710108605,0.42346798546750286,0.2603791414658168,0.24606171408836078,0.570593149540518,0.09933938086032867,0.05985559523105621,0.0,0.05963445454835892,0.4877649580594152,"[0.6817042827606201, 0.7652464509010315]",0.5604,0.3258145363408521,0.3692564745196324,0.43358395989974935,0.4703425229741019,0.47953216374269003,0.47953216374269003,0.3216374269005848
82,0.545530492898914,0.42441342441342444,0.25999073045647075,0.24524098210738382,0.568922305764411,0.09883701801300049,0.0598370973020792,0.0,0.05960341356694698,0.38446053001098335,"[0.6817042827606201, 0.7652464509010315]",0.3247,0.3266499582289056,0.3692564745196324,0.43859649122807015,0.4728487886382623,0.47869674185463656,0.47869674185463656,0.32247284878863824
83,0.5488721804511278,0.42799647442364264,0.2622242231623897,0.24893291922597677,0.5697577276524645,0.09837822616100311,0.05981926620006561,0.0,0.05957341007888317,0.3544137260178104,"[0.6817042827606201, 0.7652464509010315]",0.3242,0.34753550543024225,0.40350877192982454,0.47869674185463656,0.5229741019214703,0.5129490392648287,0.5129490392648287,0.3383458646616541
84,0.5488721804511278,0.4278638231279752,0.26145653752352116,0.24911989300827897,0.568922305764411,0.0979766845703125,0.059801939874887466,0.0,0.05954395607113838,0.30684063700027764,"[0.6817042827606201, 0.7652464509010315]",0.3178,0.4093567251461988,0.45864661654135336,0.4728487886382623,0.5522138680033417,0.556390977443609,0.556390977443609,0.4018379281537176
85,0.5505430242272348,0.4294434826676401,0.2615539105699877,0.24915530312401474,0.568922305764411,0.09758608043193817,0.059784188866615295,0.0,0.05951534025371075,0.3119288649177179,"[0.6817042827606201, 0.7652464509010315]",0.3159,0.3508771929824561,0.3717627401837928,0.44360902255639095,0.5371762740183793,0.5288220551378446,0.5288220551378446,0.34502923976608185
86,0.5497076023391813,0.4285718081502403,0.2606232120546917,0.2472861239808923,0.5680868838763575,0.09740086644887924,0.05976691655814648,0.0,0.05948619544506073,0.28848265996202826,"[0.6817042827606201, 0.7652464509010315]",0.3343,0.37343358395989973,0.3868003341687552,0.4619883040935672,0.5355054302422724,0.5196324143692564,0.5196324143692564,0.36507936507936506
87,0.5497076023391813,0.4284528487751986,0.259978476266262,0.24690650922470084,0.5680868838763575,0.09724602103233337,0.059750188142061234,0.0,0.05945754423737526,0.3457891499856487,"[0.6817042827606201, 0.7652464509010315]",0.3629,0.3742690058479532,0.38847117794486213,0.4653299916457811,0.5363408521303258,0.52046783625731,0.52046783625731,0.366750208855472
88,0.5513784461152882,0.43075767733113945,0.2640284951205482,0.2496328540360953,0.570593149540518,0.09694410115480423,0.059733059257268906,0.0,0.05942945182323456,0.3416363330325112,"[0.6817042827606201, 0.7652464509010315]",0.3305,0.40267335004177107,0.4152046783625731,0.467000835421888,0.5572263993316625,0.556390977443609,0.556390977443609,0.40016708437761067
89,0.4803675856307435,0.36599900199430835,0.24866031594479301,0.19867906170143704,0.5488721804511278,0.10013139247894287,0.05971567519009113,0.0,0.059401849284768105,0.3823605510406196,"[0.6817042827606201, 0.7652464509010315]",0.3314,0.39598997493734334,0.3993316624895572,0.45614035087719296,0.5472013366750209,0.5505430242272348,0.5505430242272348,0.39348370927318294
90,0.47201336675020883,0.32241985742678547,0.2554777814657866,0.19850196989723776,0.5463659147869674,0.10137313604354858,0.05969888158142567,0.0,0.059375377371907234,0.3277283690404147,"[0.6817042827606201, 0.7652464509010315]",0.3981,0.35756056808688386,0.3868003341687552,0.4828738512949039,0.467000835421888,0.4578111946532999,0.4578111946532999,0.3517126148705096
91,0.4903926482873851,0.34331501938568376,0.25731343811809443,0.2091732313772208,0.5480367585630743,0.10202644765377045,0.059682223945856094,0.0,0.05934891849756241,0.3250150110106915,"[0.6817042827606201, 0.7652464509010315]",0.4579,0.37259816207184626,0.4018379281537176,0.49707602339181284,0.5121136173767753,0.47619047619047616,0.47619047619047616,0.3659147869674185
92,0.4979114452798663,0.3555903708998662,0.2559027618694715,0.21203190692116858,0.5472013366750209,0.10525169968605042,0.05966552719473839,0.0,0.05932268500328064,0.34347912995144725,"[0.6817042827606201, 0.7652464509010315]",0.4088,0.39264828738512947,0.42857142857142855,0.5213032581453634,0.5329991645781119,0.5104427736006684,0.5104427736006684,0.38345864661654133
93,0.5221386800334169,0.38166071372127564,0.25626753767345195,0.2341055454060422,0.5488721804511278,0.10606846213340759,0.059649134054780006,0.0,0.059296442195773125,0.3254645400447771,"[0.6817042827606201, 0.7652464509010315]",0.3571,0.40267335004177107,0.4076858813700919,0.454469507101086,0.5497076023391813,0.5446950710108605,0.5446950710108605,0.4018379281537176
94,0.531328320802005,0.39204637532105757,0.2576378032295967,0.24420481298511973,0.5505430242272348,0.10618115961551666,0.059630319476127625,0.0,0.05927024409174919,0.36937854799907655,"[0.6817042827606201, 0.7652464509010315]",0.405,0.3993316624895572,0.4051796157059315,0.454469507101086,0.5463659147869674,0.5446950710108605,0.5446950710108605,0.3968253968253968
95,0.5087719298245614,0.38949813554044177,0.2768772699506433,0.23784102963835865,0.5722639933166249,0.11315156519412994,0.059612052515149117,0.0,0.059244180098176,0.33930773800238967,"[0.6817042827606201, 0.7652464509010315]",0.5786,0.40100250626566414,0.404344193817878,0.5012531328320802,0.5329991645781119,0.5104427736006684,0.5104427736006684,0.40100250626566414
96,0.5355054302422724,0.40620444143075096,0.2586061323225536,0.24913491022465026,0.5355054302422724,0.12301111966371536,0.05959536135196686,0.0,0.059218479320406914,0.4529171159956604,"[0.6817042827606201, 0.7652464509010315]",0.4401,0.40267335004177107,0.4152046783625731,0.5129490392648287,0.5396825396825397,0.5329991645781119,0.5329991645781119,0.39264828738512947
97,0.5304928989139516,0.39891168376282204,0.24519342714402892,0.24101788086785247,0.5304928989139516,0.11449751257896423,0.05957929417490959,0.0,0.0591929592192173,0.41626957699190825,"[0.6817042827606201, 0.7652464509010315]",0.5616,0.39097744360902253,0.39849624060150374,0.4352548036758563,0.52046783625731,0.5213032581453634,0.5213032581453634,0.38763575605680867
98,0.5304928989139516,0.3987311677261125,0.24437768449102357,0.24049482405439973,0.5304928989139516,0.1139947772026062,0.05956386215984821,0.0,0.05916744843125343,0.46461003506556153,"[0.6817042827606201, 0.7652464509010315]",0.4663,0.4118629908103592,0.4126984126984127,0.4619883040935672,0.5104427736006684,0.5179615705931495,0.5179615705931495,0.404344193817878
99,0.529657477025898,0.3985692267738081,0.24508054477627228,0.23966362328628213,0.529657477025898,0.11182131618261337,0.059548428282141685,0.0,0.05914242006838322,0.30888053798116744,"[0.6817042827606201, 0.7652464509010315]",0.3777,0.3634085213032581,0.4051796157059315,0.4628237259816207,0.5221386800334169,0.5213032581453634,0.5213032581453634,0.3467000835421888
100,0.5321637426900585,0.40127815217245677,0.2462156332631357,0.24276477659600412,0.5321637426900585,0.11126869171857834,0.05953240022063255,0.0,0.059117769822478294,0.30968981503974646,"[0.6817042827606201, 0.7652464509010315]",0.3853,0.3558897243107769,0.40852130325814534,0.4703425229741019,0.518796992481203,0.5179615705931495,0.5179615705931495,0.3408521303258145
101,0.5238095238095238,0.3914731862549232,0.2384351463622768,0.23063918373816863,0.5238095238095238,0.11326804012060165,0.05951595865190029,0.0,0.05909360758960247,0.31525077496189624,"[0.6817042827606201, 0.7652464509010315]",0.4501,0.3567251461988304,0.4093567251461988,0.46950710108604843,0.518796992481203,0.518796992481203,0.518796992481203,0.3408521303258145
102,0.531328320802005,0.4003129188884592,0.2450256399706543,0.24131213814506283,0.531328320802005,0.11198700964450836,0.059500137344002724,0.0,0.05906939134001732,0.33671670698095113,"[0.6817042827606201, 0.7652464509010315]",0.3521,0.35421888053467,0.4018379281537176,0.4594820384294068,0.5137844611528822,0.5146198830409356,0.5146198830409356,0.3383458646616541
103,0.5229741019214703,0.3906251671689164,0.2392019073343178,0.23029442333121147,0.5229741019214703,0.11318414658308029,0.05948515795171261,0.0,0.05904492363333702,0.3447328469483182,"[0.6817042827606201, 0.7652464509010315]",0.3561,0.3609022556390977,0.4126984126984127,0.46616541353383456,0.5229741019214703,0.5221386800334169,0.5221386800334169,0.34502923976608185
104,0.5421888053467001,0.40186019367898895,0.272498795692793,0.28612642218896434,0.5622389306599833,0.11240792274475098,0.05947096832096577,0.0,0.05901947431266308,0.34968531399499625,"[0.6817042827606201, 0.7652464509010315]",0.3681,0.3717627401837928,0.39766081871345027,0.4603174603174603,0.5238095238095238,0.5238095238095238,0.5238095238095238,0.3517126148705096
105,0.5405179615705932,0.4001098910110793,0.270043352194047,0.2831142817009267,0.5597326649958229,0.1012253388762474,0.059456588700413704,0.0,0.058994755148887634,0.33821752201765776,"[0.6817042827606201, 0.7652464509010315]",0.4462,0.36006683375104426,0.404344193817878,0.45864661654135336,0.5238095238095238,0.5121136173767753,0.5121136173767753,0.3483709273182957
106,0.545530492898914,0.39639935261761616,0.25291210738149544,0.2772218423054288,0.5572263993316625,0.10936126112937927,0.05944104865193367,0.0,0.058970896527171135,0.32704225392080843,"[0.6817042827606201, 0.7652464509010315]",0.3471,0.36006683375104426,0.4101921470342523,0.4619883040935672,0.5238095238095238,0.5196324143692564,0.5196324143692564,0.34753550543024225
107,0.5480367585630743,0.3967374596863593,0.2852520421549007,0.2910276498102687,0.5672514619883041,0.11057588458061218,0.05942503549158573,0.0,0.058947525918483734,0.33978388202376664,"[0.6817042827606201, 0.7652464509010315]",0.3995,0.38512949039264827,0.39348370927318294,0.4394319131161236,0.5288220551378446,0.5338345864661654,0.5338345864661654,0.38262322472848787
108,0.5480367585630743,0.39469733791968886,0.2861999210287425,0.29059839052200853,0.5672514619883041,0.10224069654941559,0.05940834619104862,0.0,0.058924559503793716,0.3056638139532879,"[0.6817042827606201, 0.7652464509010315]",0.4009,0.4118629908103592,0.4369256474519632,0.5446950710108605,0.5530492898913951,0.5463659147869674,0.5463659147869674,0.4068504594820384
109,0.5488721804511278,0.391661247227145,0.28769091980655287,0.2840051338432152,0.5672514619883041,0.10094539076089859,0.05939178727567196,0.0,0.05890168063342571,0.327895125024952,"[0.6817042827606201, 0.7652464509010315]",0.4053,0.4269005847953216,0.45864661654135336,0.5522138680033417,0.5497076023391813,0.5497076023391813,0.5497076023391813,0.41604010025062654
110,0.5405179615705932,0.3999923443999286,0.2747964975408036,0.29446414102256363,0.5614035087719298,0.098792165517807,0.059374725446105,0.0,0.05887903459370136,0.28948354604654014,"[0.6817042827606201, 0.7652464509010315]",0.3523,0.4068504594820384,0.4093567251461988,0.49373433583959897,0.5405179615705932,0.531328320802005,0.531328320802005,0.4076858813700919
111,0.5388471177944862,0.4047882215910473,0.29178515796713433,0.2847776364698388,0.5605680868838764,0.10173306614160538,0.059357669204473495,0.0,0.05885643512010574,0.2816109290579334,"[0.6817042827606201, 0.7652464509010315]",0.3487,0.40852130325814534,0.4093567251461988,0.5162907268170426,0.5405179615705932,0.5321637426900585,0.5321637426900585,0.4051796157059315
112,0.5380116959064327,0.4032691505022632,0.28600546781157465,0.2819759800316656,0.5588972431077694,0.10412181913852692,0.05934078432619572,0.0,0.058833930641412735,0.2847787720384076,"[0.6817042827606201, 0.7652464509010315]",0.3884,0.39515455304928987,0.39849624060150374,0.49958228905597324,0.5263157894736842,0.518796992481203,0.518796992481203,0.391812865497076
113,0.5472013366750209,0.40832446422855206,0.27993510776872704,0.2874369963266277,0.5655806182121972,0.10475602746009827,0.05932311341166496,0.0,0.058811821043491364,0.3150182230165228,"[0.6817042827606201, 0.7652464509010315]",0.3438,0.39766081871345027,0.40267335004177107,0.504594820384294,0.5304928989139516,0.5254803675856308,0.5254803675856308,0.3968253968253968
114,0.5096073517126148,0.38432292424245074,0.25278396580299406,0.2114561016324941,0.518796992481203,0.11785387992858887,0.059306325390934944,0.0,0.05878940410912037,0.3268657809821889,"[0.6817042827606201, 0.7652464509010315]",0.4008,0.39264828738512947,0.40350877192982454,0.5079365079365079,0.5288220551378446,0.5213032581453634,0.5213032581453634,0.38763575605680867
115,0.5588972431077694,0.41553761317892324,0.26521493717224964,0.2862269093107389,0.5630743525480367,0.11917354166507721,0.05928993597626686,0.0,0.05876673199236393,0.3326369629940018,"[0.6817042827606201, 0.7652464509010315]",0.3473,0.3943191311612364,0.4377610693400167,0.5221386800334169,0.5380116959064327,0.5321637426900585,0.5321637426900585,0.37510442773600666
116,0.5162907268170426,0.395114223996858,0.2607401414253119,0.21760740496847947,0.5196324143692564,0.12126348912715912,0.05927432328462601,0.0,0.05874370411038399,0.3281762800179422,"[0.6817042827606201, 0.7652464509010315]",0.3413,0.39264828738512947,0.4377610693400167,0.5179615705931495,0.5388471177944862,0.531328320802005,0.531328320802005,0.38011695906432746
117,0.5580618212197159,0.414806244033355,0.26346457952660157,0.2847008642933756,0.5622389306599833,0.11760713905096054,0.05925900302827358,0.0,0.058720482513308525,0.39078989799600095,"[0.6817042827606201, 0.7652464509010315]",0.3853,0.39515455304928987,0.4394319131161236,0.5246449456975772,0.5388471177944862,0.5338345864661654,0.5338345864661654,0.3717627401837928
118,0.5363408521303258,0.403584766761231,0.25660008887075525,0.26019651555911427,0.545530492898914,0.10185705870389938,0.05924362875521183,0.0,0.05869725160300732,0.3244090180378407,"[0.6817042827606201, 0.7652464509010315]",0.3472,0.37844611528822053,0.4277360066833751,0.49206349206349204,0.5304928989139516,0.5279866332497911,0.5279866332497911,0.3533834586466165
119,0.5338345864661654,0.4008353352554177,0.2549095392049774,0.25875574281692004,0.5446950710108605,0.09499894082546234,0.059228794649243355,0.0,0.05867384001612663,0.33304859802592546,"[0.6817042827606201, 0.7652464509010315]",0.3588,0.37593984962406013,0.42606516290726815,0.4878863826232247,0.5279866332497911,0.5254803675856308,0.5254803675856308,0.3517126148705096
120,0.5346700083542189,0.40352128111650376,0.2585904063624083,0.2531597619547823,0.5446950710108605,0.10098408162593842,0.0592135451734066,0.0,0.05865090899169445,0.36476393800694495,"[0.6817042827606201, 0.7652464509010315]",0.3795,0.38262322472848787,0.42857142857142855,0.48705096073517123,0.5288220551378446,0.5254803675856308,0.5254803675856308,0.3558897243107769
121,0.5739348370927319,0.43390925040523154,0.2835671091914681,0.2776824652778481,0.5739348370927319,0.12004974484443665,0.05919663794338703,0.0,0.05862830951809883,0.30127036396879703,"[0.6817042827606201, 0.7652464509010315]",0.371,0.4352548036758563,0.4778613199665831,0.5363408521303258,0.5789473684210527,0.5730994152046783,0.5730994152046783,0.4202172096908939
122,0.5371762740183793,0.4065677401110731,0.2610216933619452,0.25506175724273994,0.5463659147869674,0.10846801102161407,0.05917858146131039,0.0,0.058605609461665154,0.31975231505930424,"[0.6817042827606201, 0.7652464509010315]",0.3816,0.35505430242272346,0.38262322472848787,0.44862155388471175,0.5179615705931495,0.5221386800334169,0.5221386800334169,0.34001670843776105
123,0.5513784461152882,0.4170623721287926,0.2663186424238646,0.25802619852611336,0.5513784461152882,0.12008440494537354,0.05916272662580013,0.0,0.05858270637691021,0.3227099410723895,"[0.6817042827606201, 0.7652464509010315]",0.3775,0.35254803675856305,0.38512949039264827,0.45112781954887216,0.5162907268170426,0.5213032581453634,0.5213032581453634,0.33751044277360065
124,0.5522138680033417,0.4182887720898435,0.26562924431795526,0.258736602387484,0.5522138680033417,0.11737464368343353,0.05914632976055145,0.0,0.05856004357337952,0.33363114402163774,"[0.6817042827606201, 0.7652464509010315]",0.3776,0.40852130325814534,0.41854636591478694,0.467000835421888,0.5530492898913951,0.5480367585630743,0.5480367585630743,0.3817878028404344
125,0.5522138680033417,0.41846593097822393,0.2657919829071293,0.25890154380002256,0.5522138680033417,0.11684655398130417,0.0591301079839468,0.0,0.058537354692816734,0.31850550801027566,"[0.6817042827606201, 0.7652464509010315]",0.3775,0.40852130325814534,0.4193817878028404,0.46867167919799496,0.5538847117794486,0.5488721804511278,0.5488721804511278,0.38262322472848787
126,0.5530492898913951,0.41961348348821903,0.26648554986608547,0.25920073608787586,0.5530492898913951,0.11655791103839874,0.05911342613399029,0.0,0.05851457826793194,0.3312325889710337,"[0.6817042827606201, 0.7652464509010315]",0.383,0.41604010025062654,0.4619883040935672,0.4928989139515455,0.5614035087719298,0.5513784461152882,0.5513784461152882,0.38847117794486213
127,0.5538847117794486,0.42068624243341546,0.26713438681733953,0.259806595144512,0.5538847117794486,0.116549551486969,0.05909648537635803,0.0,0.05849222466349602,0.32224693102762103,"[0.6817042827606201, 0.7652464509010315]",0.3721,0.41687552213868,0.4628237259816207,0.4928989139515455,0.5622389306599833,0.5530492898913951,0.5530492898913951,0.38847117794486213
128,0.5547201336675021,0.42164582298401276,0.26779274318405133,0.261422082961157,0.5547201336675021,0.11653263866901398,0.05907881073653698,0.0,0.058470215648412704,0.3344366520177573,"[0.6817042827606201, 0.7652464509010315]",0.3738,0.4277360066833751,0.5012531328320802,0.5697577276524645,0.5655806182121972,0.5588972431077694,0.5588972431077694,0.391812865497076
129,0.5472013366750209,0.3983279003231984,0.2694297415222766,0.28148408347257964,0.5622389306599833,0.1129346489906311,0.0590614452958107,0.0,0.05844824016094208,0.37834059598390013,"[0.6817042827606201, 0.7652464509010315]",0.3607,0.4227234753550543,0.5171261487050961,0.556390977443609,0.5547201336675021,0.5488721804511278,0.5488721804511278,0.3968253968253968
130,0.5505430242272348,0.4016985070938359,0.27799853461791424,0.2893001533723773,0.5664160401002506,0.10223978012800217,0.059043703600764275,0.0,0.05842635780572891,0.3165986050153151,"[0.6817042827606201, 0.7652464509010315]",0.3586,0.4126984126984127,0.4928989139515455,0.5421888053467001,0.5513784461152882,0.5463659147869674,0.5463659147869674,0.37761069340016706
131,0.5488721804511278,0.3996873894230635,0.2754825514527154,0.2876722654957688,0.5647451963241437,0.1025354191660881,0.05902513675391674,0.0,0.058404795825481415,0.3320655000861734,"[0.6817042827606201, 0.7652464509010315]",0.3677,0.4227234753550543,0.5121136173767753,0.5555555555555556,0.5547201336675021,0.5488721804511278,0.5488721804511278,0.4018379281537176
132,0.5329991645781119,0.40121131744195093,0.27833593054401967,0.2626494814979025,0.5513784461152882,0.10870552062988281,0.0590062290430069,0.0,0.05838315933942795,0.32598691899329424,"[0.6817042827606201, 0.7652464509010315]",0.3626,0.4302422723475355,0.518796992481203,0.5572263993316625,0.5588972431077694,0.5513784461152882,0.5513784461152882,0.40852130325814534
133,0.5371762740183793,0.4052776676669315,0.26942470017225456,0.26416470945044407,0.5505430242272348,0.11764058470726013,0.05898786522448063,0.0,0.058361541479825974,0.3967337249778211,"[0.6817042827606201, 0.7652464509010315]",0.3603,0.39766081871345027,0.4302422723475355,0.46950710108604843,0.543859649122807,0.5463659147869674,0.5463659147869674,0.3634085213032581
134,0.5346700083542189,0.4020689469624954,0.2663272770639555,0.2618221036085709,0.5505430242272348,0.10814724862575531,0.05896981060504913,0.0,0.05833965353667736,0.3448381890775636,"[0.6817042827606201, 0.7652464509010315]",0.3493,0.4126984126984127,0.41854636591478694,0.4728487886382623,0.5622389306599833,0.5605680868838764,0.5605680868838764,0.4093567251461988
135,0.5346700083542189,0.4024258644147398,0.2660370656979094,0.2629096471586911,0.5522138680033417,0.10788871347904205,0.058952076360583305,0.0,0.058317823335528374,0.3286733420100063,"[0.6817042827606201, 0.7652464509010315]",0.3799,0.40100250626566414,0.43358395989974935,0.4678362573099415,0.5430242272347535,0.543859649122807,0.543859649122807,0.36257309941520466
136,0.5772765246449457,0.44338730532450743,0.3034493305549114,0.3027054019866071,0.5772765246449457,0.11428284645080566,0.05893356166779995,0.0,0.058296214789152145,0.340405186987482,"[0.6817042827606201, 0.7652464509010315]",0.3853,0.4344193817878028,0.4644945697577276,0.5388471177944862,0.5772765246449457,0.5772765246449457,0.5772765246449457,0.4277360066833751
137,0.543859649122807,0.41765319124290523,0.2813336044644921,0.2770744944145146,0.5522138680033417,0.11578306555747986,0.058915384113788605,0.0,0.058274535462260246,0.3940724649000913,"[0.6817042827606201, 0.7652464509010315]",0.3567,0.4076858813700919,0.42355889724310775,0.46950710108604843,0.5547201336675021,0.5664160401002506,0.5664160401002506,0.404344193817878
138,0.5497076023391813,0.42590847572548596,0.2964298221829157,0.2941197023569943,0.5622389306599833,0.1161748617887497,0.058897512033581734,0.0,0.05825273133814335,0.34423696296289563,"[0.6817042827606201, 0.7652464509010315]",0.3829,0.41854636591478694,0.4452798663324979,0.5171261487050961,0.5614035087719298,0.5797827903091061,0.5797827903091061,0.4118629908103592
139,0.5764411027568922,0.44286992963338667,0.3037278675629949,0.3029332262077261,0.5764411027568922,0.11872872710227966,0.058879461139440536,0.0,0.058231038972735405,0.3944319769507274,"[0.6817042827606201, 0.7652464509010315]",0.4934,0.39348370927318294,0.41854636591478694,0.4678362573099415,0.529657477025898,0.529657477025898,0.529657477025898,0.3842940685045948
140,0.5781119465329991,0.4453635092432534,0.3040642088253681,0.30501411076964846,0.5781119465329991,0.11160933971405029,0.05886111222207546,0.0,0.05820944346487522,0.351630839984864,"[0.6817042827606201, 0.7652464509010315]",0.4088,0.3968253968253968,0.4018379281537176,0.4352548036758563,0.5254803675856308,0.5321637426900585,0.5321637426900585,0.39515455304928987
141,0.5630743525480367,0.43743833245568475,0.2978820626773268,0.3067498498173644,0.5714285714285714,0.11209630966186523,0.058840978890657425,0.0,0.05818758346140385,0.3610502911033109,"[0.6817042827606201, 0.7652464509010315]",0.4703,0.4218880534670008,0.4519632414369256,0.5288220551378446,0.5655806182121972,0.5847953216374269,0.5847953216374269,0.41687552213868
142,0.5488721804511278,0.42507664844181536,0.29566861380900217,0.2940287719262399,0.5630743525480367,0.11623376607894897,0.05882021598517895,0.0,0.05816583149135113,0.33120126801077276,"[0.6817042827606201, 0.7652464509010315]",0.5907,0.40016708437761067,0.41604010025062654,0.46115288220551376,0.5472013366750209,0.5697577276524645,0.5697577276524645,0.39598997493734334
143,0.5655806182121972,0.44185045530562195,0.31462029033365696,0.32332698024305545,0.581453634085213,0.11423638463020325,0.05879959091544151,0.0,0.05814408324658871,0.45774432201869786,"[0.6817042827606201, 0.7652464509010315]",0.3431,0.40100250626566414,0.4152046783625731,0.46115288220551376,0.5480367585630743,0.5714285714285714,0.5714285714285714,0.3968253968253968
144,0.545530492898914,0.4251314308415546,0.30810169702983864,0.28585586031916954,0.5639097744360902,0.11578468233346939,0.05877871997654438,0.0,0.05812300741672516,0.3383975640172139,"[0.6817042827606201, 0.7652464509010315]",0.3612,0.4152046783625731,0.429406850459482,0.4753550543024227,0.5605680868838764,0.5831244778613199,0.5831244778613199,0.41102756892230574
145,0.545530492898914,0.4154281759152114,0.28937824469589873,0.2849701216497138,0.5614035087719298,0.1162506565451622,0.05875780060887337,0.0,0.058102669194340706,0.5197476869216189,"[0.6817042827606201, 0.7652464509010315]",0.6053,0.4068504594820384,0.4377610693400167,0.5405179615705932,0.5522138680033417,0.5446950710108605,0.5446950710108605,0.3868003341687552
146,0.5430242272347535,0.4215659511763319,0.3001267670727475,0.28088907233220356,0.5605680868838764,0.11576471477746964,0.05874020978808403,0.0,0.05808147042989731,0.5179794779978693,"[0.6817042827606201, 0.7652464509010315]",0.5628,0.4093567251461988,0.4352548036758563,0.5430242272347535,0.5555555555555556,0.5488721804511278,0.5488721804511278,0.39515455304928987
147,0.5714285714285714,0.4437036956509923,0.31222491667995517,0.3271638227685197,0.5856307435254804,0.11375318467617035,0.05872432328760624,0.0,0.05806001089513302,0.5180824240669608,"[0.6817042827606201, 0.7652464509010315]",0.4236,0.40100250626566414,0.4076858813700919,0.4469507101086048,0.5271512113617377,0.5254803675856308,0.5254803675856308,0.3993316624895572
148,0.568922305764411,0.44092001466375197,0.30996873425951876,0.3247373899313396,0.5839598997493735,0.10850871354341507,0.05870789848268032,0.0,0.058038266375660896,0.36924522602930665,"[0.6817042827606201, 0.7652464509010315]",0.5812,0.40267335004177107,0.4093567251461988,0.4527986633249791,0.5096073517126148,0.5087719298245614,0.5087719298245614,0.40016708437761067
149,0.5697577276524645,0.44204087654400326,0.31006021330799177,0.32531079744086505,0.5847953216374269,0.1077580377459526,0.05869201757013798,0.0,0.05801636166870594,0.4658297470305115,"[0.6817042827606201, 0.7652464509010315]",0.5417,0.40267335004177107,0.4093567251461988,0.45363408521303256,0.5096073517126148,0.5087719298245614,0.5087719298245614,0.40016708437761067
150,0.5697577276524645,0.4422105096477934,0.30911069213263,0.32535231181258434,0.5847953216374269,0.10760229825973511,0.05867626518011093,0.0,0.05799458920955658,0.3230567129794508,"[0.6817042827606201, 0.7652464509010315]",0.4409,0.3993316624895572,0.4068504594820384,0.4452798663324979,0.5229741019214703,0.5221386800334169,0.5221386800334169,0.3968253968253968
151,0.5664160401002506,0.44126341994709817,0.31399055014209337,0.32643863348788416,0.5831244778613199,0.11166802793741226,0.05866088531911373,0.0,0.05797292850911617,0.3485865310067311,"[0.6817042827606201, 0.7652464509010315]",0.3606,0.39849624060150374,0.40601503759398494,0.4444444444444444,0.5229741019214703,0.52046783625731,0.52046783625731,0.3968253968253968
152,0.5472013366750209,0.42548189106211287,0.3179110238884809,0.29996558373346804,0.5747702589807853,0.11376287788152695,0.05864502117037773,0.0,0.05795114301145077,0.35933536500670016,"[0.6817042827606201, 0.7652464509010315]",0.3539,0.40601503759398494,0.4126984126984127,0.4619883040935672,0.5104427736006684,0.5104427736006684,0.5104427736006684,0.40267335004177107
153,0.6048454469507101,0.480109527757959,0.33828867476325464,0.35847286061084555,0.6048454469507101,0.12091558426618576,0.05862936191260815,0.0,0.05792912840843201,0.3606549050891772,"[0.6817042827606201, 0.7652464509010315]",0.4687,0.404344193817878,0.4152046783625731,0.45864661654135336,0.5171261487050961,0.5171261487050961,0.5171261487050961,0.4018379281537176
154,0.5597326649958229,0.43758324997191567,0.31507105506481736,0.31367591885089374,0.5756056808688388,0.11766982078552246,0.05861345864832401,0.0,0.05790735222399235,0.3629345059162006,"[0.6817042827606201, 0.7652464509010315]",0.3925,0.40267335004177107,0.41353383458646614,0.4594820384294068,0.5071010860484545,0.506265664160401,0.506265664160401,0.40016708437761067
155,0.5329991645781119,0.41117557558227014,0.30294712954840725,0.27420536920038235,0.5547201336675021,0.12016438692808151,0.058597905561327934,0.0,0.05788577347993851,0.32701066008303314,"[0.6817042827606201, 0.7652464509010315]",0.3687,0.4068504594820384,0.4519632414369256,0.5121136173767753,0.5472013366750209,0.5764411027568922,0.5764411027568922,0.3893065998329156
156,0.6090225563909775,0.4862990710768357,0.3445386996945398,0.37069242245642087,0.6090225563909775,0.12594935297966003,0.058581726625561714,0.0,0.05786451697349548,0.3417077020276338,"[0.6817042827606201, 0.7652464509010315]",0.4022,0.4018379281537176,0.4051796157059315,0.44611528822055135,0.5112781954887218,0.5146198830409356,0.5146198830409356,0.3993316624895572
157,0.5639097744360902,0.43897426227962666,0.31289923043895773,0.3212788649918945,0.5789473684210527,0.11555582284927368,0.058565087616443634,0.0,0.057843293994665146,0.4069717290112749,"[0.6817042827606201, 0.7652464509010315]",0.4281,0.4093567251461988,0.4553049289891395,0.5020885547201337,0.556390977443609,0.5622389306599833,0.5622389306599833,0.3943191311612364
158,0.5288220551378446,0.406637217143068,0.30201338139555556,0.2661885938069046,0.5513784461152882,0.1212601289153099,0.0585474818944931,0.0,0.05782189965248108,0.3344256039708853,"[0.6817042827606201, 0.7652464509010315]",0.3675,0.40267335004177107,0.404344193817878,0.4427736006683375,0.5037593984962406,0.506265664160401,0.506265664160401,0.3993316624895572
159,0.5446950710108605,0.422450732156453,0.3151634213569801,0.29828461763414743,0.5730994152046783,0.12021947652101517,0.05852874740958214,0.0,0.05780062638223171,0.3449280809145421,"[0.6817042827606201, 0.7652464509010315]",0.3895,0.4018379281537176,0.40350877192982454,0.45363408521303256,0.504594820384294,0.504594820384294,0.504594820384294,0.39849624060150374
160,0.5873015873015873,0.4588939371062276,0.32503651655071264,0.3713155331208325,0.6048454469507101,0.11823217570781708,0.0585086215287447,0.0,0.05778030306100845,0.32747924397699535,"[0.6817042827606201, 0.7652464509010315]",0.403,0.40016708437761067,0.40267335004177107,0.44110275689223055,0.5020885547201337,0.504594820384294,0.504594820384294,0.3968253968253968
161,0.5647451963241437,0.4400676260491374,0.32328145032474853,0.333827651363923,0.5847953216374269,0.11788786947727203,0.058483412489295006,0.0,0.05776112154126167,0.37033081194385886,"[0.6817042827606201, 0.7652464509010315]",0.3761,0.40100250626566414,0.404344193817878,0.4427736006683375,0.5012531328320802,0.5037593984962406,0.5037593984962406,0.39766081871345027
162,0.5622389306599833,0.4364340952933745,0.3212110630952537,0.3336274509177941,0.5856307435254804,0.11152713000774384,0.05845636874437332,0.0,0.05774001404643059,0.33398004597984254,"[0.6817042827606201, 0.7652464509010315]",0.3665,0.40016708437761067,0.40267335004177107,0.45363408521303256,0.5029239766081871,0.5037593984962406,0.5037593984962406,0.39766081871345027
163,0.48621553884711777,0.3435457651119883,0.26939189208421566,0.24530673585402513,0.5530492898913951,0.12036445736885071,0.058431226760149,0.0,0.05771703086793423,0.35240945394616574,"[0.6817042827606201, 0.7652464509010315]",0.4635,0.40267335004177107,0.40601503759398494,0.454469507101086,0.49122807017543857,0.49624060150375937,0.49624060150375937,0.40100250626566414
164,0.5806182121971596,0.4484417796902651,0.3231190666002139,0.3627246672561498,0.6015037593984962,0.11275880038738251,0.05840652249753475,0.0,0.057693684473633766,0.4509154709521681,"[0.6817042827606201, 0.7652464509010315]",0.3536,0.40267335004177107,0.404344193817878,0.441938178780284,0.5004177109440268,0.5037593984962406,0.5037593984962406,0.3993316624895572
165,0.5881370091896407,0.4522684893413812,0.32597858364182847,0.3670209214366097,0.6056808688387636,0.10987929999828339,0.058383164927363396,0.0,0.05767083913087845,0.41049382695928216,"[0.6817042827606201, 0.7652464509010315]",0.3625,0.404344193817878,0.4051796157059315,0.441938178780284,0.49707602339181284,0.49874686716791977,0.49874686716791977,0.40100250626566414
166,0.5914786967418546,0.45667826640663944,0.33123650144448896,0.37293310984897404,0.6090225563909775,0.1095099151134491,0.05836174078285694,0.0,0.05764823034405708,0.32971216703299433,"[0.6817042827606201, 0.7652464509010315]",0.3389,0.39766081871345027,0.4051796157059315,0.4628237259816207,0.5430242272347535,0.5588972431077694,0.5588972431077694,0.3968253968253968
167,0.5588972431077694,0.4381390783936163,0.352535462206039,0.33534762197132967,0.5923141186299081,0.11852329969406128,0.0583394318819046,0.0,0.05762632004916668,0.33233436790760607,"[0.6817042827606201, 0.7652464509010315]",0.3648,0.3993316624895572,0.4143692564745196,0.46950710108604843,0.5463659147869674,0.5580618212197159,0.5580618212197159,0.39849624060150374
168,0.5304928989139516,0.4067081941709213,0.31127992394716825,0.2691029597971804,0.5580618212197159,0.12112892419099808,0.05831719748675823,0.0,0.05760413035750389,0.34849352994933724,"[0.6817042827606201, 0.7652464509010315]",0.3528,0.3993316624895572,0.4152046783625731,0.46950710108604843,0.543859649122807,0.5605680868838764,0.5605680868838764,0.39849624060150374
169,0.5355054302422724,0.41258222791419785,0.3170029838728745,0.2786920616686464,0.5630743525480367,0.12307585030794144,0.05829698592424393,0.0,0.05758274160325527,0.3165999329648912,"[0.6817042827606201, 0.7652464509010315]",0.3469,0.40100250626566414,0.4243943191311612,0.4703425229741019,0.5430242272347535,0.5588972431077694,0.5588972431077694,0.3968253968253968
170,0.5714285714285714,0.44957032205901204,0.36123425978708973,0.36143124772579494,0.6048454469507101,0.11599498987197876,0.058275338262319565,0.0,0.057561835274100304,0.3220043539768085,"[0.6817042827606201, 0.7652464509010315]",0.3277,0.40016708437761067,0.4227234753550543,0.46950710108604843,0.5430242272347535,0.5555555555555556,0.5555555555555556,0.39598997493734334
171,0.5572263993316625,0.4353014689585375,0.3397549367460113,0.33160839526915753,0.5906432748538012,0.11399257183074951,0.058254219591617584,0.0,0.057540880516171455,0.3170535019598901,"[0.6817042827606201, 0.7652464509010315]",0.343,0.40016708437761067,0.4277360066833751,0.46950710108604843,0.5421888053467001,0.556390977443609,0.556390977443609,0.39766081871345027
172,0.5522138680033417,0.42952714003344994,0.33353784808082193,0.32206826472164785,0.5873015873015873,0.11386200040578842,0.05823718011379242,0.0,0.057520799338817596,0.3008906450122595,"[0.6817042827606201, 0.7652464509010315]",0.3209,0.40016708437761067,0.4302422723475355,0.46950710108604843,0.5421888053467001,0.5555555555555556,0.5555555555555556,0.39766081871345027
173,0.5522138680033417,0.429983288422635,0.3358151692043841,0.3207723694768383,0.5856307435254804,0.11454614251852036,0.05822322517633438,0.0,0.05750160850584507,0.3379993960261345,"[0.6817042827606201, 0.7652464509010315]",0.3223,0.4018379281537176,0.43358395989974935,0.4703425229741019,0.5430242272347535,0.5580618212197159,0.5580618212197159,0.3993316624895572
174,0.5522138680033417,0.42969194447604964,0.3350988731362009,0.32239530931921334,0.5864661654135338,0.11428464204072952,0.058208271861076355,0.0,0.05748392269015312,0.3938049559947103,"[0.6817042827606201, 0.7652464509010315]",0.3336,0.3993316624895572,0.42355889724310775,0.46867167919799496,0.543859649122807,0.5655806182121972,0.5655806182121972,0.39849624060150374
175,0.5530492898913951,0.4306466354189634,0.3355668185269924,0.32432372576910357,0.5873015873015873,0.11489475518465042,0.058194540441036224,0.0,0.05746590718626976,0.35412445303518325,"[0.6817042827606201, 0.7652464509010315]",0.3343,0.40267335004177107,0.4394319131161236,0.4703425229741019,0.545530492898914,0.5714285714285714,0.5714285714285714,0.40016708437761067
176,0.6157059314954052,0.4916709441319945,0.35924469101828393,0.37674197334354653,0.6157059314954052,0.1216118335723877,0.058180270716547966,0.0,0.0574467945843935,0.30625146301463246,"[0.6817042827606201, 0.7652464509010315]",0.32,0.40267335004177107,0.44110275689223055,0.46950710108604843,0.5446950710108605,0.570593149540518,0.570593149540518,0.39598997493734334
177,0.504594820384294,0.355989762191421,0.28045566257250354,0.25078387919876716,0.5547201336675021,0.12317027896642685,0.05816414766013622,0.0,0.05742715485394001,0.31308305100537837,"[0.6817042827606201, 0.7652464509010315]",0.3298,0.40016708437761067,0.43107769423558895,0.4703425229741019,0.545530492898914,0.5672514619883041,0.5672514619883041,0.39515455304928987
178,0.5630743525480367,0.4376818910198832,0.3399543464244674,0.33641782040465845,0.5873015873015873,0.11718149483203888,0.05815017409622669,0.0,0.05740677751600742,0.36335395800415426,"[0.6817042827606201, 0.7652464509010315]",0.3633,0.40100250626566414,0.4352548036758563,0.46950710108604843,0.545530492898914,0.570593149540518,0.570593149540518,0.39515455304928987
179,0.5739348370927319,0.4495926514979388,0.34901541744811326,0.35530814691062446,0.5989974937343359,0.11068959534168243,0.058134373277425766,0.0,0.057388726621866226,0.3159347160253674,"[0.6817042827606201, 0.7652464509010315]",0.3469,0.40100250626566414,0.43107769423558895,0.4703425229741019,0.545530492898914,0.5747702589807853,0.5747702589807853,0.3968253968253968
180,0.5756056808688388,0.4511909833283996,0.3427027910217734,0.35239491683878205,0.5973266499582289,0.11038899421691895,0.05811977945268154,0.0,0.05737951584160328,0.3070492020342499,"[0.6817042827606201, 0.7652464509010315]",0.3388,0.4753550543024227,0.5739348370927319,0.5722639933166249,0.568922305764411,0.6106934001670844,0.6106934001670844,0.4327485380116959
181,0.48872180451127817,0.34057126294100215,0.2693692124167299,0.2381026634808845,0.5480367585630743,0.12215933948755264,0.05809079669415951,0.0,0.05736406520009041,0.3252526849973947,"[0.6817042827606201, 0.7652464509010315]",0.327,0.4101921470342523,0.4469507101086048,0.5054302422723476,0.5480367585630743,0.5839598997493735,0.5839598997493735,0.3993316624895572
182,0.5931495405179615,0.4589150064231561,0.33141596632224274,0.37556226972859813,0.6098579782790309,0.1176675409078598,0.058066390454769135,0.0,0.05734662897884846,0.3172485569957644,"[0.6817042827606201, 0.7652464509010315]",0.3371,0.40601503759398494,0.4402673350041771,0.5012531328320802,0.543859649122807,0.5889724310776943,0.5889724310776943,0.39849624060150374
183,0.5964912280701754,0.46397966250664047,0.33956563702373516,0.3865042015286605,0.6131996658312447,0.11565686017274857,0.05804475583136082,0.0,0.057328421622514725,0.40739008400123566,"[0.6817042827606201, 0.7652464509010315]",0.3537,0.4177109440267335,0.4653299916457811,0.52046783625731,0.5505430242272348,0.5781119465329991,0.5781119465329991,0.38596491228070173
184,0.5881370091896407,0.45269418648543114,0.34530030883040563,0.36670086347829434,0.6081871345029239,0.11605209112167358,0.05802517384290695,0.0,0.05731058679521084,0.35079865099396557,"[0.6817042827606201, 0.7652464509010315]",0.4281,0.40016708437761067,0.404344193817878,0.43859649122807015,0.49707602339181284,0.49958228905597324,0.49958228905597324,0.39766081871345027
185,0.5964912280701754,0.46401047224290115,0.33825062503019265,0.38383829458014596,0.6115288220551378,0.1169356256723404,0.05800639092922211,0.0,0.05729350633919239,0.35414700699038804,"[0.6817042827606201, 0.7652464509010315]",0.3747,0.39348370927318294,0.42355889724310775,0.4578111946532999,0.5388471177944862,0.5831244778613199,0.5831244778613199,0.39097744360902253
186,0.48621553884711777,0.33766430069467623,0.2673413025108663,0.23834035708380574,0.5488721804511278,0.1283937394618988,0.057988254353404045,0.0,0.05727664567530155,0.3516549380728975,"[0.6817042827606201, 0.7652464509010315]",0.3779,0.3993316624895572,0.4344193817878028,0.4628237259816207,0.5405179615705932,0.5856307435254804,0.5856307435254804,0.391812865497076
187,0.5989974937343359,0.46754198750591947,0.34339279982908605,0.38850971985103144,0.6140350877192983,0.11911320686340332,0.05797083303332329,0.0,0.05726105906069279,0.3486143519403413,"[0.6817042827606201, 0.7652464509010315]",0.403,0.39097744360902253,0.4018379281537176,0.45363408521303256,0.5388471177944862,0.581453634085213,0.581453634085213,0.38847117794486213
188,0.5505430242272348,0.42942376749753464,0.34820262662940843,0.3241790576206906,0.5797827903091061,0.13160663843154907,0.05795381963253021,0.0,0.05724548362195492,0.38473578402772546,"[0.6817042827606201, 0.7652464509010315]",0.4267,0.39264828738512947,0.41604010025062654,0.45614035087719296,0.5380116959064327,0.5789473684210527,0.5789473684210527,0.38847117794486213
189,0.5505430242272348,0.42898260043784864,0.3452514460229164,0.326649177682568,0.5806182121971596,0.12490236759185791,0.057937707751989365,0.0,0.05723028630018234,0.34735273697879165,"[0.6817042827606201, 0.7652464509010315]",0.3994,0.391812865497076,0.4202172096908939,0.454469507101086,0.5363408521303258,0.5747702589807853,0.5747702589807853,0.3893065998329156
190,0.5522138680033417,0.43098475630305755,0.34600049250238196,0.3282180150359445,0.581453634085213,0.12529748678207397,0.05792238190770149,0.0,0.05721495486795902,0.3588480370817706,"[0.6817042827606201, 0.7652464509010315]",0.3706,0.4527986633249791,0.5572263993316625,0.570593149540518,0.570593149540518,0.6106934001670844,0.6106934001670844,0.4218880534670008
191,0.5522138680033417,0.4307201976177969,0.343757117003061,0.32742494249459475,0.5822890559732665,0.1255224645137787,0.05790823511779308,0.0,0.057199710980057716,0.37546907097566873,"[0.6817042827606201, 0.7652464509010315]",0.4323,0.4502923976608187,0.47117794486215536,0.5388471177944862,0.5856307435254804,0.6324143692564745,0.6324143692564745,0.4402673350041771
192,0.5580618212197159,0.42670960522360757,0.33278341787781984,0.3306755871285632,0.5847953216374269,0.12007120251655579,0.057894207537174225,0.0,0.05718432553112507,0.3818933659931645,"[0.6817042827606201, 0.7652464509010315]",0.3677,0.4076858813700919,0.4327485380116959,0.48621553884711777,0.5463659147869674,0.5831244778613199,0.5831244778613199,0.40601503759398494
193,0.556390977443609,0.42496281660170876,0.3300117197809204,0.3276108219355214,0.5831244778613199,0.11556395143270493,0.057879311963915825,0.0,0.05717008002102375,0.3550130940275267,"[0.6817042827606201, 0.7652464509010315]",0.3694,0.454469507101086,0.5630743525480367,0.568922305764411,0.5680868838763575,0.6123642439431913,0.6123642439431913,0.41604010025062654
194,0.556390977443609,0.4250013117352358,0.3317501369197099,0.3295196222997605,0.5839598997493735,0.11513034254312515,0.05786483362317085,0.0,0.05715603195130825,0.39777497202157974,"[0.6817042827606201, 0.7652464509010315]",0.3642,0.4553049289891395,0.5630743525480367,0.568922305764411,0.5680868838763575,0.6123642439431913,0.6123642439431913,0.41604010025062654
195,0.5488721804511278,0.42668905344888597,0.3449704189830984,0.32574245116220496,0.5806182121971596,0.12422502785921097,0.05785045772790909,0.0,0.05714268051087856,0.34582483500707895,"[0.6817042827606201, 0.7652464509010315]",0.3637,0.4653299916457811,0.5664160401002506,0.5647451963241437,0.5664160401002506,0.6098579782790309,0.6098579782790309,0.4269005847953216
196,0.5488721804511278,0.42657003930920134,0.34312601712830604,0.3258261896687626,0.581453634085213,0.12635710835456848,0.05783662013709545,0.0,0.05712938494980335,0.35026189300697297,"[0.6817042827606201, 0.7652464509010315]",0.3821,0.4678362573099415,0.5672514619883041,0.5664160401002506,0.5672514619883041,0.6090225563909775,0.6090225563909775,0.4277360066833751
197,0.5480367585630743,0.42559221275486037,0.34262378041578084,0.32493414452834746,0.581453634085213,0.12707820534706116,0.057822927832603455,0.0,0.05711653083562851,0.4441957779927179,"[0.6817042827606201, 0.7652464509010315]",0.5835,0.4703425229741019,0.5680868838763575,0.5672514619883041,0.5672514619883041,0.6098579782790309,0.6098579782790309,0.42857142857142855
198,0.5488721804511278,0.4267261716823766,0.34477818338135935,0.3267449997093664,0.5822890559732665,0.12739358842372894,0.05780964903533459,0.0,0.05710374563932419,0.5167216639965773,"[0.6817042827606201, 0.7652464509010315]",0.3939,0.46867167919799496,0.5680868838763575,0.5664160401002506,0.5672514619883041,0.6115288220551378,0.6115288220551378,0.42857142857142855
199,0.5547201336675021,0.4283483234862455,0.34034930045606476,0.3364921810865878,0.5847953216374269,0.12643744051456451,0.05779672786593437,0.0,0.057091159746050835,0.3971488430397585,"[0.6817042827606201, 0.7652464509010315]",0.3709,0.4477861319966583,0.5037593984962406,0.5304928989139516,0.5898078529657477,0.5847953216374269,0.5847953216374269,0.38763575605680867
200,0.5547201336675021,0.42837444461467755,0.3407006400453922,0.3381986462711109,0.5856307435254804,0.12442699074745178,0.057784149423241615,0.0,0.057078707963228226,0.33740494900848716,"[0.6817042827606201, 0.7652464509010315]",0.3733,0.4477861319966583,0.5054302422723476,0.529657477025898,0.5898078529657477,0.5839598997493735,0.5839598997493735,0.38596491228070173
201,0.6073517126148705,0.48814226731712995,0.36129262435766923,0.3729238360470777,0.6073517126148705,0.13123010098934174,0.05777129717171192,0.0,0.05706651508808136,0.36204059596639127,"[0.6817042827606201, 0.7652464509010315]",0.4547,0.4469507101086048,0.5020885547201337,0.5254803675856308,0.5898078529657477,0.5839598997493735,0.5839598997493735,0.38763575605680867
202,0.5647451963241437,0.43600032557382384,0.33880026117844486,0.3381928130207657,0.5873015873015873,0.12132151424884796,0.057758741080760956,0.0,0.057054366916418076,0.365158919012174,"[0.6817042827606201, 0.7652464509010315]",0.3708,0.44862155388471175,0.5029239766081871,0.5279866332497911,0.5914786967418546,0.5847953216374269,0.5847953216374269,0.39014202172096907
203,0.606516290726817,0.4871754522565528,0.3609830980620473,0.37214575185804794,0.606516290726817,0.12909796833992004,0.057746196165680885,0.0,0.05704220198094845,0.3751444750232622,"[0.6817042827606201, 0.7652464509010315]",0.5369,0.4477861319966583,0.5004177109440268,0.5288220551378446,0.5906432748538012,0.5839598997493735,0.5839598997493735,0.39014202172096907
204,0.5923141186299081,0.46347225309396045,0.35329025227769756,0.3815171364018137,0.6115288220551378,0.12465383857488632,0.05773335509002209,0.0,0.05703015439212322,0.4195925729582086,"[0.6817042827606201, 0.7652464509010315]",0.5276,0.4444444444444444,0.49958228905597324,0.5304928989139516,0.5864661654135338,0.5839598997493735,0.5839598997493735,0.3893065998329156
205,0.5939849624060151,0.4659531868367929,0.3611691126034553,0.3890776315814768,0.6131996658312447,0.12132486701011658,0.057719601318240166,0.0,0.05701880902051926,0.4102048119530082,"[0.6817042827606201, 0.7652464509010315]",0.4521,0.4469507101086048,0.5012531328320802,0.5304928989139516,0.5881370091896407,0.5839598997493735,0.5839598997493735,0.3968253968253968
206,0.5931495405179615,0.46492407643849976,0.36295407912801214,0.3887626997808544,0.6123642439431913,0.12213774770498276,0.05770519748330116,0.0,0.057007746770977974,0.33004516002256423,"[0.6817042827606201, 0.7652464509010315]",0.3696,0.4202172096908939,0.4603174603174603,0.5213032581453634,0.5555555555555556,0.5939849624060151,0.5939849624060151,0.4068504594820384
207,0.5939849624060151,0.4663265053377258,0.36785887655948396,0.39254402461144405,0.6131996658312447,0.12258592247962952,0.057692790403962135,0.0,0.0569969117641449,0.3388905950123444,"[0.6817042827606201, 0.7652464509010315]",0.3534,0.4202172096908939,0.4603174603174603,0.5213032581453634,0.5555555555555556,0.5931495405179615,0.5931495405179615,0.4068504594820384
208,0.5939849624060151,0.4663265053377258,0.36785887655948396,0.39254402461144405,0.6131996658312447,0.12290001660585403,0.05768042244017124,0.0,0.056985579431056976,0.3213423219276592,"[0.6817042827606201, 0.7652464509010315]",0.3563,0.4177109440267335,0.4603174603174603,0.5196324143692564,0.5530492898913951,0.5923141186299081,0.5923141186299081,0.4051796157059315
209,0.5948203842940685,0.4673552130459875,0.368569118790046,0.39399085218069213,0.6140350877192983,0.12306290119886398,0.057669587433338165,0.0,0.056974299252033234,0.32396719697862864,"[0.6817042827606201, 0.7652464509010315]",0.3591,0.46867167919799496,0.5730994152046783,0.5772765246449457,0.5739348370927319,0.6198830409356725,0.6198830409356725,0.4369256474519632
210,0.606516290726817,0.48660759816420196,0.3599329939545324,0.36920806706000153,0.606516290726817,0.13809533417224884,0.057659268379211426,0.0,0.0569636020809412,0.31338959804270416,"[0.6817042827606201, 0.7652464509010315]",0.3694,0.45363408521303256,0.5580618212197159,0.5622389306599833,0.5639097744360902,0.606516290726817,0.606516290726817,0.41854636591478694
211,0.6073517126148705,0.4885880196932564,0.36191976104610246,0.3728076754965611,0.6073517126148705,0.13092797994613647,0.05764864198863506,0.0,0.056953076273202896,0.3269818419357762,"[0.6817042827606201, 0.7652464509010315]",0.3774,0.45614035087719296,0.5580618212197159,0.5605680868838764,0.5639097744360902,0.606516290726817,0.606516290726817,0.4177109440267335
212,0.5672514619883041,0.43994587749453995,0.35636057404088983,0.35681855782220323,0.5964912280701754,0.12282393872737885,0.05763845890760422,0.0,0.056942300871014595,0.43460024194791913,"[0.6817042827606201, 0.7652464509010315]",0.3383,0.4578111946532999,0.5605680868838764,0.5605680868838764,0.5647451963241437,0.6098579782790309,0.6098579782790309,0.41854636591478694
213,0.5664160401002506,0.43890523646177115,0.3561454356344392,0.35887148966458027,0.5973266499582289,0.12029393017292023,0.05762949772179127,0.0,0.05693132430315018,0.46834648901131004,"[0.6817042827606201, 0.7652464509010315]",0.4623,0.4578111946532999,0.5597326649958229,0.5614035087719298,0.5647451963241437,0.6098579782790309,0.6098579782790309,0.41854636591478694
214,0.504594820384294,0.35142639939914144,0.2956388576819252,0.2611636162673403,0.5605680868838764,0.12837380170822144,0.05762084014713764,0.0,0.05692063830792904,0.3762629710836336,"[0.6817042827606201, 0.7652464509010315]",0.4572,0.45614035087719296,0.5588972431077694,0.5614035087719298,0.5639097744360902,0.6098579782790309,0.6098579782790309,0.41854636591478694
215,0.5096073517126148,0.3567143900844666,0.30131164871321453,0.26702225282093656,0.5639097744360902,0.1260349452495575,0.05761258490383625,0.0,0.05691017583012581,0.3663063331041485,"[0.6817042827606201, 0.7652464509010315]",0.424,0.4569757727652464,0.5588972431077694,0.5614035087719298,0.5639097744360902,0.6098579782790309,0.6098579782790309,0.41854636591478694
216,0.5572263993316625,0.4340279109767772,0.33995065683641446,0.3362875535622912,0.5806182121971596,0.13552746176719666,0.05760514736175537,0.0,0.05689958855509758,0.4972451840294525,"[0.6817042827606201, 0.7652464509010315]",0.4073,0.4494569757727652,0.4703425229741019,0.5405179615705932,0.5864661654135338,0.6357560568086884,0.6357560568086884,0.4402673350041771
217,0.556390977443609,0.43268319329081184,0.33933309713774573,0.3370857467704072,0.581453634085213,0.1319139152765274,0.05759781040251255,0.0,0.05688919499516487,0.34446912293788046,"[0.6817042827606201, 0.7652464509010315]",0.407,0.39766081871345027,0.42105263157894735,0.4828738512949039,0.531328320802005,0.5271512113617377,0.5271512113617377,0.39014202172096907
218,0.6031746031746031,0.48129013541239973,0.37792758463647913,0.4114043538426308,0.620718462823726,0.1294798105955124,0.057590244337916374,0.0,0.05687916465103626,0.423428287031129,"[0.6817042827606201, 0.7652464509010315]",0.3653,0.39515455304928987,0.4177109440267335,0.47117794486215536,0.5254803675856308,0.5221386800334169,0.5221386800334169,0.39014202172096907
219,0.6006683375104428,0.4781849753577774,0.3753248847034956,0.40686357052280187,0.6182121971595655,0.1237194761633873,0.05758281797170639,0.0,0.0568692684173584,0.35536992899142206,"[0.6817042827606201, 0.7652464509010315]",0.4099,0.3968253968253968,0.41854636591478694,0.46950710108604843,0.5246449456975772,0.52046783625731,0.52046783625731,0.39097744360902253
220,0.5630743525480367,0.4356374591961748,0.35245093317825915,0.35332948005746195,0.5939849624060151,0.12783849239349365,0.057575538754463196,0.0,0.05685952119529247,0.32764209096785635,"[0.6817042827606201, 0.7652464509010315]",0.3652,0.3968253968253968,0.4202172096908939,0.4803675856307435,0.531328320802005,0.5263157894736842,0.5263157894736842,0.39097744360902253
221,0.5639097744360902,0.43589373206229753,0.3556726366231174,0.3579100064526019,0.5964912280701754,0.12260827422142029,0.057568568736314774,0.0,0.05684990435838699,0.3830725990701467,"[0.6817042827606201, 0.7652464509010315]",0.4784,0.39766081871345027,0.4227234753550543,0.48454469507101083,0.5288220551378446,0.5246449456975772,0.5246449456975772,0.38847117794486213
222,0.5555555555555556,0.4317101597234245,0.33689548518866025,0.3342051829030713,0.5806182121971596,0.13085044920444489,0.057562071830034256,0.0,0.056840358301997185,0.6222563299816102,"[0.6817042827606201, 0.7652464509010315]",0.5331,0.3968253968253968,0.4218880534670008,0.48621553884711777,0.529657477025898,0.5254803675856308,0.5254803675856308,0.3893065998329156
223,0.6031746031746031,0.48129013541239973,0.37792758463647913,0.4114043538426308,0.620718462823726,0.12990331649780273,0.05755608715116978,0.0,0.056830717250704765,0.32254017691593617,"[0.6817042827606201, 0.7652464509010315]",0.5302,0.39515455304928987,0.4193817878028404,0.47201336675020883,0.5254803675856308,0.5213032581453634,0.5213032581453634,0.39014202172096907
224,0.6006683375104428,0.4780712116637309,0.3756995495762019,0.4069345915931453,0.6182121971595655,0.12429915368556976,0.05755019560456276,0.0,0.056821106001734734,0.4193524660076946,"[0.6817042827606201, 0.7652464509010315]",0.6368,0.39598997493734334,0.41854636591478694,0.47201336675020883,0.5246449456975772,0.52046783625731,0.52046783625731,0.39097744360902253
225,0.5639097744360902,0.4367688444113528,0.3541543642277548,0.35718024053372854,0.595655806182122,0.1284290850162506,0.05754448287189007,0.0,0.056811610236763954,0.45818998699542135,"[0.6817042827606201, 0.7652464509010315]",0.5931,0.39766081871345027,0.42105263157894735,0.48120300751879697,0.5304928989139516,0.5263157894736842,0.5263157894736842,0.391812865497076
226,0.6015037593984962,0.479379196650339,0.3756749334857313,0.4082060108479688,0.6190476190476191,0.1254083216190338,0.05753926746547222,0.0,0.05680202320218086,0.42107606097124517,"[0.6817042827606201, 0.7652464509010315]",0.5525,0.39515455304928987,0.4193817878028404,0.47201336675020883,0.5246449456975772,0.52046783625731,0.52046783625731,0.39014202172096907
227,0.6031746031746031,0.4814032098594272,0.3818465330914002,0.4122870336869344,0.620718462823726,0.12463675439357758,0.05753395892679691,0.0,0.05679257959127426,0.45173529197927564,"[0.6817042827606201, 0.7652464509010315]",0.6433,0.39598997493734334,0.41854636591478694,0.47201336675020883,0.5246449456975772,0.5213032581453634,0.5213032581453634,0.39097744360902253
228,0.5639097744360902,0.4367688444113528,0.3541543642277548,0.35718024053372854,0.595655806182122,0.12892776727676392,0.057528410106897354,0.0,0.05678329989314079,0.4482273400062695,"[0.6817042827606201, 0.7652464509010315]",0.5455,0.3968253968253968,0.4202172096908939,0.48203842940685043,0.5288220551378446,0.5246449456975772,0.5246449456975772,0.39097744360902253
229,0.5614035087719298,0.431877252760267,0.3516328506365516,0.352874467595004,0.5939849624060151,0.12233899533748627,0.05752326361835003,0.0,0.056773923337459564,0.44074550003279,"[0.6817042827606201, 0.7652464509010315]",0.5515,0.39598997493734334,0.42105263157894735,0.48454469507101083,0.5288220551378446,0.5246449456975772,0.5246449456975772,0.39014202172096907
230,0.5630743525480367,0.4346793499315057,0.35564857512793335,0.35753030061903945,0.5964912280701754,0.12219472229480743,0.05751805379986763,0.0,0.05676467716693878,0.43795771000441164,"[0.6817042827606201, 0.7652464509010315]",0.5411,0.39598997493734334,0.4202172096908939,0.48621553884711777,0.529657477025898,0.5254803675856308,0.5254803675856308,0.39014202172096907
231,0.5639097744360902,0.435882018363533,0.3568863294352843,0.358646541973057,0.5973266499582289,0.1231011375784874,0.05751291662454605,0.0,0.056755440309643745,0.4247191089671105,"[0.6817042827606201, 0.7652464509010315]",0.5601,0.39598997493734334,0.4202172096908939,0.48621553884711777,0.529657477025898,0.5254803675856308,0.5254803675856308,0.39014202172096907
232,0.5630743525480367,0.4346793499315057,0.35564857512793335,0.35753030061903945,0.5964912280701754,0.12328843027353287,0.057507554069161415,0.0,0.05674641765654087,0.4267611450050026,"[0.6817042827606201, 0.7652464509010315]",0.6383,0.39598997493734334,0.4202172096908939,0.4853801169590643,0.529657477025898,0.5254803675856308,0.5254803675856308,0.39014202172096907
233,0.5630743525480367,0.4346793499315057,0.35564857512793335,0.35753030061903945,0.5964912280701754,0.12343715131282806,0.05750253610312939,0.0,0.056737376376986504,0.4973408500663936,"[0.6817042827606201, 0.7652464509010315]",0.5541,0.39598997493734334,0.4202172096908939,0.4853801169590643,0.529657477025898,0.5254803675856308,0.5254803675856308,0.39014202172096907
234,0.5630743525480367,0.4346793499315057,0.35564857512793335,0.35753030061903945,0.5964912280701754,0.12356886267662048,0.05749779753386974,0.0,0.05672828294336796,0.4367003079969436,"[0.6817042827606201, 0.7652464509010315]",0.5653,0.39598997493734334,0.4202172096908939,0.48621553884711777,0.529657477025898,0.5254803675856308,0.5254803675856308,0.39014202172096907
235,0.5672514619883041,0.4396553593892336,0.35097668271846344,0.35392312722764735,0.595655806182122,0.1257331818342209,0.0574933085590601,0.0,0.0567192155867815,0.45098536100704223,"[0.6817042827606201, 0.7652464509010315]",0.5665,0.3968253968253968,0.4227234753550543,0.48454469507101083,0.5279866332497911,0.5238095238095238,0.5238095238095238,0.38763575605680867
236,0.5672514619883041,0.4396553593892336,0.35097668271846344,0.35392312722764735,0.595655806182122,0.12631499767303467,0.05748896300792694,0.0,0.05671018734574318,0.5497990380972624,"[0.6817042827606201, 0.7652464509010315]",0.7962,0.39598997493734334,0.4202172096908939,0.48621553884711777,0.529657477025898,0.5254803675856308,0.5254803675856308,0.39014202172096907
237,0.5647451963241437,0.4361543232535472,0.34884857053908197,0.35207423873357807,0.595655806182122,0.12818995118141174,0.05748480558395386,0.0,0.05670122988522053,0.4541786389891058,"[0.6817042827606201, 0.7652464509010315]",0.5687,0.48955722639933164,0.5756056808688388,0.5714285714285714,0.5655806182121972,0.6081871345029239,0.6081871345029239,0.43358395989974935
238,0.5614035087719298,0.43152624246919824,0.34185375227488574,0.34456611974829354,0.5931495405179615,0.12891528010368347,0.05748060531914234,0.0,0.05669248104095459,0.43298979103565216,"[0.6817042827606201, 0.7652464509010315]",0.5644,0.4903926482873851,0.5756056808688388,0.5714285714285714,0.5655806182121972,0.6073517126148705,0.6073517126148705,0.4344193817878028
239,0.5605680868838764,0.4303934544579472,0.33999458146633876,0.34263067984823453,0.5923141186299081,0.12899847328662872,0.05747685395181179,0.0,0.05668364651501179,0.42790538806002587,"[0.6817042827606201, 0.7652464509010315]",0.423,0.49122807017543857,0.5764411027568922,0.5714285714285714,0.5664160401002506,0.6081871345029239,0.6081871345029239,0.4352548036758563
240,0.5639097744360902,0.4343084824665995,0.34146467343229875,0.3450225992194102,0.5939849624060151,0.1291085183620453,0.05747274309396744,0.0,0.056675251573324203,0.34595444588921964,"[0.6817042827606201, 0.7652464509010315]",0.404,0.49958228905597324,0.581453634085213,0.5797827903091061,0.5772765246449457,0.6140350877192983,0.6140350877192983,0.441938178780284
241,0.6023391812865497,0.470733800760219,0.34987918251066374,0.3954985850270014,0.6173767752715121,0.12719511985778809,0.0574683528393507,0.0,0.056667510420084,0.408115862053819,"[0.6817042827606201, 0.7652464509010315]",0.3888,0.4979114452798663,0.5822890559732665,0.5789473684210527,0.5697577276524645,0.6148705096073517,0.6148705096073517,0.441938178780284
242,0.6023391812865497,0.471192594476299,0.3488486397682068,0.3973959421501903,0.6173767752715121,0.12503895163536072,0.05746355280280113,0.0,0.0566593874245882,0.37997991999145597,"[0.6817042827606201, 0.7652464509010315]",0.4587,0.49874686716791977,0.5822890559732665,0.5789473684210527,0.5697577276524645,0.6173767752715121,0.6173767752715121,0.441938178780284
243,0.6015037593984962,0.47038689827444347,0.3484498851392882,0.39685020295315043,0.6165413533834586,0.12528464198112488,0.05745780095458031,0.0,0.05665138550102711,0.3259228119859472,"[0.6817042827606201, 0.7652464509010315]",0.4067,0.4979114452798663,0.5822890559732665,0.5789473684210527,0.5697577276524645,0.6148705096073517,0.6148705096073517,0.441938178780284
244,0.5647451963241437,0.43492561412855857,0.34232352257616505,0.34555520307764875,0.595655806182122,0.13213452696800232,0.057451870292425156,0.0,0.056643642485141754,0.4884177119238302,"[0.6817042827606201, 0.7652464509010315]",0.5456,0.4979114452798663,0.5806182121971596,0.5781119465329991,0.5730994152046783,0.6165413533834586,0.6165413533834586,0.441938178780284
245,0.5622389306599833,0.4315837551859323,0.33710718215577745,0.33873964017414315,0.5923141186299081,0.1301272213459015,0.05744648724794388,0.0,0.05663590505719185,0.34358918596990407,"[0.6817042827606201, 0.7652464509010315]",0.4179,0.39097744360902253,0.40350877192982454,0.4519632414369256,0.5363408521303258,0.5822890559732665,0.5822890559732665,0.39097744360902253
246,0.5630743525480367,0.4329141695593255,0.34212685972523704,0.34172355388640746,0.5931495405179615,0.13001419603824615,0.05744103342294693,0.0,0.05662856064736843,0.3467170710209757,"[0.6817042827606201, 0.7652464509010315]",0.3814,0.39097744360902253,0.404344193817878,0.45112781954887216,0.5363408521303258,0.5822890559732665,0.5822890559732665,0.39097744360902253
247,0.5639097744360902,0.4340481920508388,0.34393645777294335,0.34365808269315945,0.5939849624060151,0.13007232546806335,0.057435546070337296,0.0,0.05662134848535061,0.35135227092541754,"[0.6817042827606201, 0.7652464509010315]",0.3876,0.5029239766081871,0.5939849624060151,0.5873015873015873,0.5730994152046783,0.6140350877192983,0.6140350877192983,0.44110275689223055
248,0.6023391812865497,0.47110865640330646,0.35012741157331956,0.3975777770869473,0.6182121971595655,0.12788943946361542,0.0574306845664978,0.0,0.05661427043378353,0.37447603698819876,"[0.6817042827606201, 0.7652464509010315]",0.468,0.39014202172096907,0.40016708437761067,0.44862155388471175,0.5346700083542189,0.5822890559732665,0.5822890559732665,0.3893065998329156
249,0.6006683375104428,0.4691810782702921,0.3471389685143335,0.39468703907869235,0.6157059314954052,0.1256105899810791,0.05742590315639973,0.0,0.0566075574606657,0.34873048996087164,"[0.6817042827606201, 0.7652464509010315]",0.386,0.49456975772765244,0.5756056808688388,0.5714285714285714,0.5789473684210527,0.6081871345029239,0.6081871345029239,0.4344193817878028
250,0.5405179615705932,0.4161094718245215,0.3454693472453175,0.3230863528101703,0.5839598997493735,0.14104263484477997,0.05742045119404793,0.0,0.05660114623606205,0.3482388319680467,"[0.6817042827606201, 0.7652464509010315]",0.3633,0.4277360066833751,0.454469507101086,0.5246449456975772,0.5622389306599833,0.5948203842940685,0.5948203842940685,0.4152046783625731
251,0.5413533834586466,0.41712973516177754,0.339236755483147,0.3227978430593703,0.5839598997493735,0.13721102476119995,0.057414568960666656,0.0,0.056594960391521454,0.3512231750646606,"[0.6817042827606201, 0.7652464509010315]",0.3686,0.504594820384294,0.5614035087719298,0.5881370091896407,0.5998329156223893,0.6432748538011696,0.6432748538011696,0.46115288220551376
252,0.5405179615705932,0.4158587236111616,0.33763249463937106,0.32021754299249283,0.581453634085213,0.13727866113185883,0.05740908719599247,0.0,0.05658861622214317,0.3588832040550187,"[0.6817042827606201, 0.7652464509010315]",0.3611,0.4954051796157059,0.5797827903091061,0.5764411027568922,0.5989974937343359,0.6081871345029239,0.6081871345029239,0.44110275689223055
253,0.5405179615705932,0.4158587236111616,0.33763249463937106,0.32021754299249283,0.581453634085213,0.13729450106620789,0.05740415304899216,0.0,0.05658242292702198,0.34609062096569687,"[0.6817042827606201, 0.7652464509010315]",0.3987,0.5087719298245614,0.5497076023391813,0.5781119465329991,0.5923141186299081,0.6441102756892231,0.6441102756892231,0.47117794486215536
254,0.5405179615705932,0.4158587236111616,0.33763249463937106,0.32021754299249283,0.581453634085213,0.13730448484420776,0.057398995384573936,0.0,0.05657658539712429,0.3384721289621666,"[0.6817042827606201, 0.7652464509010315]",0.5886,0.5104427736006684,0.5505430242272348,0.5789473684210527,0.5948203842940685,0.6441102756892231,0.6441102756892231,0.47201336675020883
255,0.6040100250626567,0.4755517596133315,0.3509807220455673,0.4062345765266875,0.6190476190476191,0.13407666981220245,0.05739377997815609,0.0,0.05657088942825794,0.33767021901439875,"[0.6817042827606201, 0.7652464509010315]",0.3628,0.5054302422723476,0.5363408521303258,0.5580618212197159,0.5914786967418546,0.6424394319131161,0.6424394319131161,0.4619883040935672
256,0.6048454469507101,0.48109488803572886,0.35049325250038865,0.41810617753874285,0.6173767752715121,0.12592284381389618,0.05738897621631622,0.0,0.05656512454152107,0.35917484597302973,"[0.6817042827606201, 0.7652464509010315]",0.6029,0.3993316624895572,0.46867167919799496,0.49707602339181284,0.5831244778613199,0.6023391812865497,0.6023391812865497,0.37092731829573933
257,0.5622389306599833,0.4485461681296422,0.35671651658048276,0.3368461148974026,0.606516290726817,0.14038211107254028,0.05738435685634613,0.0,0.05655941739678383,0.4571683509275317,"[0.6817042827606201, 0.7652464509010315]",0.3752,0.504594820384294,0.5906432748538012,0.5914786967418546,0.5839598997493735,0.6081871345029239,0.6081871345029239,0.4394319131161236
258,0.5998329156223893,0.47528106854091445,0.35585505832789194,0.3890693116363451,0.6165413533834586,0.13376811146736145,0.05738010257482529,0.0,0.05655365623533726,0.46884217602200806,"[0.6817042827606201, 0.7652464509010315]",0.3667,0.49122807017543857,0.5639097744360902,0.5881370091896407,0.5822890559732665,0.5856307435254804,0.5856307435254804,0.4352548036758563
259,0.6006683375104428,0.4779021405276769,0.35703824861613764,0.3932818244109719,0.6182121971595655,0.12842461466789246,0.05737547390162945,0.0,0.05654817260801792,0.3536568859126419,"[0.6817042827606201, 0.7652464509010315]",0.3837,0.4578111946532999,0.5279866332497911,0.5588972431077694,0.5430242272347535,0.5547201336675021,0.5547201336675021,0.4076858813700919
260,0.6123642439431913,0.4957771719444074,0.3498535396416864,0.42254990474070453,0.6240601503759399,0.12752866744995117,0.05737064778804779,0.0,0.05654275231063366,0.35428641794715077,"[0.6817042827606201, 0.7652464509010315]",0.4334,0.4277360066833751,0.48955722639933164,0.5179615705931495,0.504594820384294,0.49874686716791977,0.49874686716791977,0.3634085213032581
261,0.6123642439431913,0.49672522716810985,0.34846306044235176,0.41635377007962543,0.6232247284878863,0.12433349341154099,0.057365577667951584,0.0,0.05653752200305462,0.4196425840491429,"[0.6817042827606201, 0.7652464509010315]",0.4308,0.4177109440267335,0.44360902255639095,0.5171261487050961,0.5463659147869674,0.5513784461152882,0.5513784461152882,0.4076858813700919
262,0.6090225563909775,0.4933754890381301,0.3467276721379235,0.4085490299889448,0.6190476190476191,0.1229691281914711,0.057360537350177765,0.0,0.05653223395347595,0.31894523405935615,"[0.6817042827606201, 0.7652464509010315]",0.3489,0.4202172096908939,0.4477861319966583,0.5179615705931495,0.5480367585630743,0.5530492898913951,0.5530492898913951,0.40852130325814534
263,0.5914786967418546,0.4737146386836145,0.3421508228511759,0.37963766466447624,0.6173767752715121,0.1223394125699997,0.05735546909272671,0.0,0.05652713030576706,0.3655805359594524,"[0.6817042827606201, 0.7652464509010315]",0.3429,0.4193817878028404,0.44862155388471175,0.5196324143692564,0.5472013366750209,0.5538847117794486,0.5538847117794486,0.4076858813700919
264,0.5614035087719298,0.4408030261639314,0.3383019845698972,0.34207612792548925,0.6165413533834586,0.12177892029285431,0.0573506373912096,0.0,0.056522032245993614,0.33145836496260017,"[0.6817042827606201, 0.7652464509010315]",0.3221,0.4218880534670008,0.4494569757727652,0.5221386800334169,0.543859649122807,0.5555555555555556,0.5555555555555556,0.4093567251461988
265,0.5338345864661654,0.41111320751389946,0.3367965956747243,0.31868489747861783,0.6165413533834586,0.12133893370628357,0.057345807552337646,0.0,0.05651707388460636,0.3212603071006015,"[0.6817042827606201, 0.7652464509010315]",0.3499,0.42105263157894735,0.4519632414369256,0.5229741019214703,0.5446950710108605,0.5547201336675021,0.5547201336675021,0.4093567251461988
266,0.49456975772765244,0.37074011254270756,0.3391358052615519,0.3060143147600182,0.6165413533834586,0.12102410197257996,0.057341042906045914,0.0,0.05651214346289635,0.30861485295463353,"[0.6817042827606201, 0.7652464509010315]",0.3312,0.4202172096908939,0.4527986633249791,0.5254803675856308,0.5430242272347535,0.5547201336675021,0.5547201336675021,0.4093567251461988
267,0.49373433583959897,0.3865981822425323,0.34705810339295107,0.31309567690443135,0.6165413533834586,0.12073174118995667,0.05733669735491276,0.0,0.05650710687041283,0.35105361696332693,"[0.6817042827606201, 0.7652464509010315]",0.3403,0.4243943191311612,0.4603174603174603,0.5213032581453634,0.5229741019214703,0.5380116959064327,0.5380116959064327,0.4076858813700919
268,0.504594820384294,0.3981614707555656,0.3488571061993834,0.317185749111422,0.6157059314954052,0.12051770091056824,0.057332342490553856,0.0,0.056502168998122215,0.32915102399419993,"[0.6817042827606201, 0.7652464509010315]",0.3567,0.4227234753550543,0.4578111946532999,0.5221386800334169,0.5213032581453634,0.5363408521303258,0.5363408521303258,0.4068504594820384
269,0.5121136173767753,0.40630546925824707,0.34934154475601603,0.31986612970310574,0.6140350877192983,0.12036634981632233,0.057328151538968086,0.0,0.05649702064692974,0.421613831887953,"[0.6817042827606201, 0.7652464509010315]",0.4816,0.4193817878028404,0.4519632414369256,0.5254803675856308,0.5380116959064327,0.5513784461152882,0.5513784461152882,0.40852130325814534
270,0.5129490392648287,0.40655244755839437,0.3461465136202669,0.3218810207595597,0.6140350877192983,0.12026678025722504,0.05732436850667,0.0,0.05649195425212383,0.3898381959879771,"[0.6817042827606201, 0.7652464509010315]",0.3332,0.4218880534670008,0.45363408521303256,0.5271512113617377,0.5380116959064327,0.5522138680033417,0.5522138680033417,0.41102756892230574
271,0.5179615705931495,0.411919321961163,0.3489845343734142,0.32674760061175456,0.6148705096073517,0.120212621986866,0.05732027068734169,0.0,0.05648687481880188,0.3187009369721636,"[0.6817042827606201, 0.7652464509010315]",0.3284,0.41854636591478694,0.4519632414369256,0.5196324143692564,0.5171261487050961,0.5304928989139516,0.5304928989139516,0.4051796157059315
272,0.5179615705931495,0.4117430120586597,0.3490882992062905,0.32734266675097634,0.6148705096073517,0.1201891079545021,0.05731647089123726,0.0,0.05648195929825306,0.32531857897993177,"[0.6817042827606201, 0.7652464509010315]",0.3355,0.4202172096908939,0.454469507101086,0.5246449456975772,0.5355054302422724,0.5513784461152882,0.5513784461152882,0.4101921470342523
273,0.5196324143692564,0.4133718239489018,0.35019401236385284,0.32961977614631005,0.6148705096073517,0.12018894404172897,0.057312747463583946,0.0,0.05647691711783409,0.32408453908283263,"[0.6817042827606201, 0.7652464509010315]",0.3337,0.4193817878028404,0.45363408521303256,0.5238095238095238,0.5338345864661654,0.5505430242272348,0.5505430242272348,0.4093567251461988
274,0.5196324143692564,0.41321228283462097,0.34998883241911877,0.3305279816474083,0.6157059314954052,0.12020222842693329,0.057309214025735855,0.0,0.056471940129995346,0.33171644899994135,"[0.6817042827606201, 0.7652464509010315]",0.3264,0.41854636591478694,0.4527986633249791,0.5196324143692564,0.5179615705931495,0.5304928989139516,0.5304928989139516,0.404344193817878
275,0.5221386800334169,0.4159989491659004,0.3534451584668796,0.33546246326986573,0.6182121971595655,0.12028734385967255,0.0573057122528553,0.0,0.05646711029112339,0.35329305089544505,"[0.6817042827606201, 0.7652464509010315]",0.4977,0.41854636591478694,0.4519632414369256,0.5179615705931495,0.5179615705931495,0.531328320802005,0.531328320802005,0.40601503759398494
276,0.5213032581453634,0.4148611803086246,0.35334674028140817,0.3354698367168396,0.6182121971595655,0.1204007938504219,0.057302284985780716,0.0,0.056462328881025314,0.43369002803228796,"[0.6817042827606201, 0.7652464509010315]",0.5036,0.41854636591478694,0.4519632414369256,0.5179615705931495,0.5179615705931495,0.531328320802005,0.531328320802005,0.40601503759398494
277,0.5213032581453634,0.4148611803086246,0.35334674028140817,0.3354698367168396,0.6182121971595655,0.12047744542360306,0.057298922911286354,0.0,0.05645754002034664,0.4436761209508404,"[0.6817042827606201, 0.7652464509010315]",0.5071,0.41687552213868,0.4502923976608187,0.47619047619047616,0.5096073517126148,0.5446950710108605,0.5446950710108605,0.37259816207184626
278,0.5213032581453634,0.4148611803086246,0.35334674028140817,0.3354698367168396,0.6182121971595655,0.12052682042121887,0.057295938953757286,0.0,0.05645264871418476,0.4512723240768537,"[0.6817042827606201, 0.7652464509010315]",0.5819,0.4177109440267335,0.4519632414369256,0.47702589807852963,0.5096073517126148,0.5446950710108605,0.5446950710108605,0.37259816207184626
279,0.5413533834586466,0.4315069085674541,0.3479001074821936,0.30882386559453423,0.595655806182122,0.1375555843114853,0.05729327350854874,0.0,0.05644778162240982,0.4733750749146566,"[0.6817042827606201, 0.7652464509010315]",0.5343,0.4227234753550543,0.4753550543024227,0.45864661654135336,0.5087719298245614,0.5505430242272348,0.5505430242272348,0.37343358395989973
280,0.5430242272347535,0.4331135082064296,0.34421846663596606,0.30808174824942486,0.5931495405179615,0.13531139492988586,0.05729089491069317,0.0,0.05644267983734608,0.44305464799981564,"[0.6817042827606201, 0.7652464509010315]",0.5184,0.43107769423558895,0.49373433583959897,0.5497076023391813,0.5555555555555556,0.5973266499582289,0.5973266499582289,0.40016708437761067
281,0.5413533834586466,0.43110138062143544,0.343271897690459,0.30792650775394553,0.5914786967418546,0.13512291014194489,0.05728847347199917,0.0,0.056437691673636436,0.5944343470036983,"[0.6817042827606201, 0.7652464509010315]",0.6878,0.4093567251461988,0.454469507101086,0.467000835421888,0.506265664160401,0.5547201336675021,0.5547201336675021,0.37092731829573933
282,0.5154553049289892,0.4076598271594616,0.35271946367802515,0.32652285232980655,0.6182121971595655,0.1292853057384491,0.05728628300130367,0.0,0.0564329344779253,0.5019901220221072,"[0.6817042827606201, 0.7652464509010315]",0.5777,0.4319131161236424,0.4903926482873851,0.545530492898914,0.5655806182121972,0.6023391812865497,0.6023391812865497,0.4018379281537176
283,0.5154553049289892,0.40760372438461645,0.3573323629995984,0.33213475595422076,0.6182121971595655,0.12139715999364853,0.05728519707918167,0.0,0.05642974190413952,0.570073408074677,"[0.6817042827606201, 0.7652464509010315]",1.0631,0.4202172096908939,0.48454469507101083,0.531328320802005,0.5647451963241437,0.6006683375104428,0.6006683375104428,0.40100250626566414
284,0.5747702589807853,0.46052722452730954,0.36026218653314995,0.3541436016174498,0.6157059314954052,0.1298077404499054,0.05727904476225376,0.0,0.056429583579301834,0.5278456769883633,"[0.6817042827606201, 0.7652464509010315]",0.5026,0.4394319131161236,0.4653299916457811,0.48621553884711777,0.52046783625731,0.5572263993316625,0.5572263993316625,0.38847117794486213
285,0.5797827903091061,0.46692513643591493,0.36458958781005396,0.3569326404417015,0.6190476190476191,0.1287776082754135,0.05727272294461727,0.0,0.05642559938132763,0.4575286660110578,"[0.6817042827606201, 0.7652464509010315]",0.604,0.42857142857142855,0.44360902255639095,0.4703425229741019,0.5463659147869674,0.5806182121971596,0.5806182121971596,0.42355889724310775
286,0.49874686716791977,0.38883929673120077,0.3672222344437786,0.2737199961867585,0.6090225563909775,0.13044647872447968,0.057268042117357254,0.0,0.05642903223633766,0.6229844610206783,"[0.6817042827606201, 0.7652464509010315]",0.8971,0.4444444444444444,0.4703425229741019,0.47619047619047616,0.5279866332497911,0.5530492898913951,0.5530492898913951,0.40016708437761067
287,0.5137844611528822,0.401370914174792,0.3353848602365878,0.26350050809011094,0.5806182121971596,0.1384078711271286,0.05726352892816067,0.0,0.056430883705616,0.5271931620081887,"[0.6817042827606201, 0.7652464509010315]",0.5035,0.4452798663324979,0.467000835421888,0.47702589807852963,0.5271512113617377,0.5522138680033417,0.5522138680033417,0.40016708437761067
288,0.5012531328320802,0.3910307267401977,0.3675493699693537,0.2779561309235564,0.6098579782790309,0.13335153460502625,0.05725959874689579,0.0,0.05642649345099926,0.46078488102648407,"[0.6817042827606201, 0.7652464509010315]",0.493,0.4519632414369256,0.46867167919799496,0.4828738512949039,0.5346700083542189,0.5597326649958229,0.5597326649958229,0.4076858813700919
289,0.5029239766081871,0.393167010179277,0.36855409768512776,0.2767494952103783,0.6098579782790309,0.13040924072265625,0.0572546161711216,0.0,0.05641966126859188,0.4574198960326612,"[0.6817042827606201, 0.7652464509010315]",0.4933,0.4527986633249791,0.4703425229741019,0.49206349206349204,0.5388471177944862,0.5630743525480367,0.5630743525480367,0.4101921470342523
290,0.581453634085213,0.4688928348440634,0.36636777997375125,0.3620724961653641,0.620718462823726,0.13091731071472168,0.05725059099495411,0.0,0.05641203746199608,0.7608471410349011,"[0.6817042827606201, 0.7652464509010315]",0.4476,0.4477861319966583,0.46867167919799496,0.48454469507101083,0.5346700083542189,0.5580618212197159,0.5580618212197159,0.40601503759398494
291,0.5847953216374269,0.468593540503386,0.34738340695385983,0.3650338613604811,0.6131996658312447,0.1331849992275238,0.05724528059363365,0.0,0.05640485882759094,0.3697552049998194,"[0.6817042827606201, 0.7652464509010315]",0.4375,0.4469507101086048,0.5054302422723476,0.52046783625731,0.6023391812865497,0.5948203842940685,0.5948203842940685,0.37761069340016706
292,0.5839598997493735,0.46808402421036566,0.3478611194746582,0.363404453320548,0.6140350877192983,0.1318061649799347,0.05723925679922104,0.0,0.05639835260808468,0.37215743493288755,"[0.6817042827606201, 0.7652464509010315]",0.3374,0.43107769423558895,0.4628237259816207,0.47117794486215536,0.5071010860484545,0.543859649122807,0.543859649122807,0.38262322472848787
293,0.5405179615705932,0.435577278373955,0.33853278861274344,0.3183938037632251,0.6090225563909775,0.12658382952213287,0.05723155476152897,0.0,0.056392792612314224,0.32544144697021693,"[0.6817042827606201, 0.7652464509010315]",0.3437,0.4177109440267335,0.47619047619047616,0.5112781954887218,0.556390977443609,0.5864661654135338,0.5864661654135338,0.39598997493734334
294,0.5772765246449457,0.46724895438892766,0.36526753573821935,0.3504477869180489,0.6140350877192983,0.12688803672790527,0.05722408927977085,0.0,0.05638738349080086,0.3555113400798291,"[0.6817042827606201, 0.7652464509010315]",0.3642,0.41353383458646614,0.4728487886382623,0.5104427736006684,0.5588972431077694,0.5856307435254804,0.5856307435254804,0.3943191311612364
295,0.581453634085213,0.4729995500657326,0.36864283766979483,0.3520226502858315,0.6182121971595655,0.12259270250797272,0.057216884568333626,0.0,0.05638203211128712,0.3840883090160787,"[0.6817042827606201, 0.7652464509010315]",0.4402,0.4177109440267335,0.4753550543024227,0.5112781954887218,0.5622389306599833,0.5889724310776943,0.5889724310776943,0.3968253968253968
296,0.5321637426900585,0.42485696929344374,0.3688957943132087,0.3021878307097597,0.6090225563909775,0.1254069209098816,0.05720992386341095,0.0,0.05637698620557785,0.39187361602671444,"[0.6817042827606201, 0.7652464509010315]",0.3555,0.43358395989974935,0.49206349206349204,0.5129490392648287,0.5722639933166249,0.5881370091896407,0.5881370091896407,0.4076858813700919
297,0.5446950710108605,0.43963417933870885,0.3649762585509212,0.3024378278251146,0.6015037593984962,0.12328629195690155,0.057202763855457306,0.0,0.05637222155928612,0.3543856260366738,"[0.6817042827606201, 0.7652464509010315]",0.3465,0.4018379281537176,0.4628237259816207,0.48872180451127817,0.5338345864661654,0.5847953216374269,0.5847953216374269,0.37510442773600666
298,0.5463659147869674,0.44168241478834525,0.3630376834318818,0.3017035364138749,0.5981620718462823,0.12228606641292572,0.057196058332920074,0.0,0.056367505341768265,0.36610169790219516,"[0.6817042827606201, 0.7652464509010315]",0.3389,0.4277360066833751,0.46867167919799496,0.5413533834586466,0.5647451963241437,0.6048454469507101,0.6048454469507101,0.40267335004177107
299,0.5513784461152882,0.44740025223326163,0.36178512773183746,0.306002939038358,0.5939849624060151,0.12189890444278717,0.057189663872122765,0.0,0.05636316351592541,0.3613425779622048,"[0.6817042827606201, 0.7652464509010315]",0.3576,0.45864661654135336,0.47368421052631576,0.49373433583959897,0.5405179615705932,0.5664160401002506,0.5664160401002506,0.41102756892230574
300,0.5480367585630743,0.4430915878559383,0.35210267842871484,0.29829578860072054,0.5889724310776943,0.12113946676254272,0.05718458257615566,0.0,0.05635923705995083,0.4063448329688981,"[0.6817042827606201, 0.7652464509010315]",,,,,,,,
