round,ACC,Kappa,NMI,ARI,PURITY,alignment_loss,mean_reconstruction_loss,mean_consensus_loss,mean_local_total_loss,round_seconds,observed_rates,completion_eval_seconds,C025_ACC,C050_ACC,C075_ACC,C100_ACC,D0_ACC,E0_ACC,G0_ACC
1,0.49480968858131485,0.3564014368626972,0.3389135380763437,0.27711804262459355,0.6141868512110726,0.2030426561832428,0.26237567514181137,0.0,0.24617529660463333,1.2341016749851406,"[0.7015570998191833, 0.7733564376831055]",0.3662,0.5242214532871973,0.5579584775086506,0.5700692041522492,0.5605536332179931,0.5467128027681661,0.5467128027681661,0.4922145328719723
2,0.5285467128027682,0.39714754584643064,0.33547660863092926,0.29391729782680354,0.6141868512110726,0.17598433792591095,0.24220497906208038,0.0,0.2290927693247795,0.29901369207073003,"[0.7015570998191833, 0.7733564376831055]",0.3264,0.49653979238754326,0.5311418685121108,0.5346020761245674,0.48788927335640137,0.4688581314878893,0.4688581314878893,0.4515570934256055
3,0.4524221453287197,0.32391664680218857,0.3381118599962464,0.2750335158985255,0.5865051903114187,0.1700485348701477,0.22595470398664474,0.0,0.21536365896463394,0.30540355294942856,"[0.7015570998191833, 0.7733564376831055]",0.327,0.44809688581314877,0.5008650519031141,0.49653979238754326,0.4982698961937716,0.4991349480968858,0.4991349480968858,0.4411764705882353
4,0.4870242214532872,0.36647641157204436,0.3346273778614093,0.27249088971675983,0.5951557093425606,0.15989923477172852,0.21273405849933624,0.0,0.2039639800786972,0.3007101099938154,"[0.7015570998191833, 0.7733564376831055]",0.3655,0.4688581314878893,0.5216262975778547,0.523356401384083,0.5449826989619377,0.4922145328719723,0.4922145328719723,0.4195501730103806
5,0.4922145328719723,0.35845842145518525,0.2971753043586132,0.248154117877273,0.5570934256055363,0.15531784296035767,0.20161759853363037,0.0,0.19417253881692886,0.3137259050272405,"[0.7015570998191833, 0.7733564376831055]",0.338,0.4922145328719723,0.532871972318339,0.5268166089965398,0.5354671280276817,0.5121107266435986,0.5121107266435986,0.47837370242214533
6,0.40743944636678203,0.28801733516755235,0.2837021673926635,0.1906927338359,0.5406574394463668,0.1452627182006836,0.19195915758609772,0.0,0.1854608952999115,0.3214650630252436,"[0.7015570998191833, 0.7733564376831055]",0.3499,0.4108996539792388,0.41522491349480967,0.4117647058823529,0.3953287197231834,0.40484429065743943,0.40484429065743943,0.3624567474048443
7,0.5320069204152249,0.3998188120674233,0.30296983794718013,0.2843530167501202,0.5605536332179931,0.15001386404037476,0.18331187590956688,0.0,0.17745638266205788,0.3013052459573373,"[0.7015570998191833, 0.7733564376831055]",0.3505,0.4515570934256055,0.4922145328719723,0.48875432525951557,0.49567474048442905,0.4852941176470588,0.4852941176470588,0.4420415224913495
8,0.4662629757785467,0.34463146017447044,0.3018603516499965,0.2368772562795122,0.5666089965397924,0.15057557821273804,0.17533841729164124,0.0,0.1699630469083786,0.38934450200758874,"[0.7015570998191833, 0.7733564376831055]",0.4321,0.4342560553633218,0.48788927335640137,0.4844290657439446,0.4679930795847751,0.4679930795847751,0.4679930795847751,0.43166089965397925
9,0.47664359861591693,0.34010607291498607,0.2813520360569552,0.23987533596922891,0.5640138408304498,0.1460721790790558,0.1678638570010662,0.0,0.16287414729595184,0.36109410203062,"[0.7015570998191833, 0.7733564376831055]",0.317,0.5008650519031141,0.5406574394463668,0.5285467128027682,0.5363321799307958,0.5129757785467128,0.5129757785467128,0.4455017301038062
10,0.48788927335640137,0.3344989818403892,0.2657407362757601,0.22351784314781373,0.5761245674740484,0.15215376019477844,0.1607806533575058,0.0,0.15615305677056313,0.34279474103823304,"[0.7015570998191833, 0.7733564376831055]",0.3467,0.46972318339100344,0.4619377162629758,0.458477508650519,0.4740484429065744,0.4610726643598616,0.4610726643598616,0.4515570934256055
11,0.4610726643598616,0.33247071516360405,0.26453368878551314,0.21262499699118143,0.551038062283737,0.14129036664962769,0.1540715955197811,0.0,0.1497536338865757,0.35634533094707876,"[0.7015570998191833, 0.7733564376831055]",0.3102,0.4100346020761246,0.42993079584775085,0.4757785467128028,0.4472318339100346,0.43252595155709345,0.43252595155709345,0.4100346020761246
12,0.4809688581314879,0.32972036892438294,0.24569957194931832,0.2058120858128956,0.5614186851211073,0.13425153493881226,0.14769462496042252,0.0,0.1437166966497898,0.40317995205987245,"[0.7015570998191833, 0.7733564376831055]",0.336,0.3814878892733564,0.41608996539792387,0.49740484429065746,0.47923875432525953,0.4801038062283737,0.4801038062283737,0.3737024221453287
13,0.4403114186851211,0.30008104076556386,0.22553660338756817,0.18132965782983837,0.5449826989619377,0.1272640973329544,0.1416844129562378,0.0,0.13803446292877197,0.3173163759056479,"[0.7015570998191833, 0.7733564376831055]",0.3645,0.4117647058823529,0.43166089965397925,0.4455017301038062,0.4593425605536332,0.4532871972318339,0.4532871972318339,0.4100346020761246
14,0.45674740484429066,0.3235419636783794,0.2704035379836223,0.21143118244828243,0.551038062283737,0.13109610974788666,0.1360715627670288,0.0,0.13272497057914734,0.3520627039251849,"[0.7015570998191833, 0.7733564376831055]",0.37,0.458477508650519,0.4688581314878893,0.48788927335640137,0.48788927335640137,0.4809688581314879,0.4809688581314879,0.4342560553633218
15,0.4991349480968858,0.35390318065543713,0.25876811756538853,0.22360203927710962,0.5631487889273357,0.15353316068649292,0.13084235787391663,0.0,0.12781334295868874,0.32442712504416704,"[0.7015570998191833, 0.7733564376831055]",0.3496,0.379757785467128,0.4117647058823529,0.47664359861591693,0.4455017301038062,0.44896193771626297,0.44896193771626297,0.3780276816608997
16,0.4809688581314879,0.33585738169241464,0.2470659400766287,0.2115551049760278,0.5527681660899654,0.139837384223938,0.12597495689988136,0.0,0.12323346361517906,0.30575914902146906,"[0.7015570998191833, 0.7733564376831055]",0.3659,0.4679930795847751,0.46280276816608995,0.4835640138408305,0.4939446366782007,0.4844290657439446,0.4844290657439446,0.46280276816608995
17,0.43944636678200694,0.30815523579067927,0.24383847377253362,0.19108139427890602,0.527681660899654,0.13640961050987244,0.12140840291976929,0.0,0.11882330104708672,0.32343693100847304,"[0.7015570998191833, 0.7733564376831055]",0.3539,0.4195501730103806,0.4204152249134948,0.4913494809688581,0.4731833910034602,0.4671280276816609,0.4671280276816609,0.42560553633217996
18,0.4731833910034602,0.344079559715906,0.2771879276589816,0.22098147208935254,0.5458477508650519,0.14284546673297882,0.11704611778259277,0.0,0.11462770029902458,0.3114429709967226,"[0.7015570998191833, 0.7733564376831055]",0.3407,0.4333910034602076,0.43944636678200694,0.5025951557093425,0.48875432525951557,0.4801038062283737,0.4801038062283737,0.4186851211072664
19,0.46539792387543255,0.33168376572897007,0.2689749151088995,0.21117186917972075,0.5415224913494809,0.14001379907131195,0.1129014827311039,0.0,0.11060987040400505,0.32579340506345034,"[0.7015570998191833, 0.7733564376831055]",0.3775,0.4342560553633218,0.43944636678200694,0.5034602076124568,0.48961937716262977,0.4818339100346021,0.4818339100346021,0.4186851211072664
20,0.4619377162629758,0.3281606811157083,0.267933576958286,0.20828754692753457,0.5406574394463668,0.13866007328033447,0.10893234610557556,0.0,0.10676693916320801,0.42344371997751296,"[0.7015570998191833, 0.7733564376831055]",0.4061,0.435121107266436,0.43771626297577854,0.5051903114186851,0.48961937716262977,0.4835640138408305,0.4835640138408305,0.421280276816609
21,0.46280276816608995,0.3277024147893556,0.26375468577922134,0.20648718508924552,0.5389273356401384,0.13836932182312012,0.10516063496470451,0.0,0.10312803834676743,0.3597737879026681,"[0.7015570998191833, 0.7733564376831055]",0.3977,0.42214532871972316,0.4455017301038062,0.5,0.49048442906574397,0.4913494809688581,0.4913494809688581,0.40484429065743943
22,0.4602076124567474,0.3236717331155613,0.25522691145487475,0.19881888469927123,0.5354671280276817,0.13823774456977844,0.101587925106287,0.0,0.09967202320694923,0.3340998899657279,"[0.7015570998191833, 0.7733564376831055]",0.3647,0.4472318339100346,0.4472318339100346,0.49567474048442905,0.486159169550173,0.4852941176470588,0.4852941176470588,0.4403114186851211
23,0.46453287197231835,0.327186565620475,0.25003950109221534,0.19801328183327963,0.53719723183391,0.13853423297405243,0.09821901842951775,0.0,0.09639935940504074,0.3332830340368673,"[0.7015570998191833, 0.7733564376831055]",0.4291,0.4437716262975779,0.4437716262975779,0.49653979238754326,0.4852941176470588,0.4852941176470588,0.4852941176470588,0.43944636678200694
24,0.4593425605536332,0.3248887584867789,0.25461367302223853,0.1823582393182726,0.53719723183391,0.13947610557079315,0.09503550082445145,0.0,0.09332289546728134,0.36089983000420034,"[0.7015570998191833, 0.7733564376831055]",0.4019,0.48875432525951557,0.4826989619377163,0.4619377162629758,0.44982698961937717,0.45674740484429066,0.45674740484429066,0.4826989619377163
25,0.48875432525951557,0.3459416456288791,0.270019431563077,0.22398307806396703,0.5588235294117647,0.13563822209835052,0.09202942624688148,0.0,0.09042561799287796,0.345117207034491,"[0.7015570998191833, 0.7733564376831055]",0.3839,0.4801038062283737,0.4757785467128028,0.4740484429065744,0.47231833910034604,0.46972318339100344,0.46972318339100344,0.4835640138408305
26,0.486159169550173,0.34242324996121565,0.26820925556822417,0.2202550137157044,0.5588235294117647,0.13603702187538147,0.08920813724398613,0.0,0.08772792667150497,0.3655005090404302,"[0.7015570998191833, 0.7733564376831055]",0.4291,0.4359861591695502,0.43944636678200694,0.509515570934256,0.48788927335640137,0.4801038062283737,0.4801038062283737,0.42301038062283736
27,0.48875432525951557,0.3391301656150275,0.2702241730088223,0.2164152855386769,0.5588235294117647,0.13910183310508728,0.0865761898458004,0.0,0.08519930392503738,0.33396320696920156,"[0.7015570998191833, 0.7733564376831055]",0.3697,0.43252595155709345,0.43771626297577854,0.49567474048442905,0.4826989619377163,0.47923875432525953,0.47923875432525953,0.42474048442906576
28,0.48788927335640137,0.3360150736314296,0.2690724727327616,0.21378710503557244,0.5657439446366782,0.13531972467899323,0.0841214545071125,0.0,0.08287212625145912,0.29918468894902617,"[0.7015570998191833, 0.7733564376831055]",0.3846,0.421280276816609,0.4143598615916955,0.47145328719723184,0.4593425605536332,0.4619377162629758,0.4619377162629758,0.42474048442906576
29,0.4619377162629758,0.33225855581104224,0.27677359519201333,0.22367331299839321,0.5553633217993079,0.1338805854320526,0.0818507932126522,0.0,0.08072454854846,0.29847231204621494,"[0.7015570998191833, 0.7733564376831055]",0.3892,0.43252595155709345,0.45501730103806226,0.4991349480968858,0.49048442906574397,0.4688581314878893,0.4688581314878893,0.42214532871972316
30,0.45674740484429066,0.32290410463178254,0.2596263525870678,0.21008225718789864,0.5493079584775087,0.1333543211221695,0.07976004853844643,0.0,0.0787324421107769,0.319513764930889,"[0.7015570998191833, 0.7733564376831055]",0.3802,0.42560553633217996,0.45588235294117646,0.5,0.4870242214532872,0.4688581314878893,0.4688581314878893,0.4134948096885813
31,0.458477508650519,0.3257628836779416,0.28378053896157224,0.2223562030348637,0.5544982698961938,0.1337144374847412,0.0778321921825409,0.0,0.07690057530999184,0.32072796300053596,"[0.7015570998191833, 0.7733564376831055]",0.3802,0.4593425605536332,0.4532871972318339,0.44896193771626297,0.4403114186851211,0.4411764705882353,0.4411764705882353,0.4463667820069204
32,0.45588235294117646,0.32858219264096444,0.2705908998042569,0.21916183976927903,0.5519031141868512,0.13436907529830933,0.0760621428489685,0.0,0.07522570714354515,0.31835235108155757,"[0.7015570998191833, 0.7733564376831055]",0.36,0.43685121107266434,0.44896193771626297,0.4991349480968858,0.486159169550173,0.48875432525951557,0.48875432525951557,0.41695501730103807
33,0.4437716262975779,0.3144085188413416,0.24987621215021155,0.1928391758176547,0.5320069204152249,0.13479846715927124,0.07445011287927628,0.0,0.07369042560458183,0.30835837905760854,"[0.7015570998191833, 0.7733564376831055]",0.3512,0.4429065743944637,0.4463667820069204,0.4922145328719723,0.4852941176470588,0.49048442906574397,0.49048442906574397,0.43079584775086505
34,0.45588235294117646,0.31413490090137686,0.25023722144717925,0.19186193634687287,0.5596885813148789,0.13113409280776978,0.07297924160957336,0.0,0.07230541482567787,0.3059259250294417,"[0.7015570998191833, 0.7733564376831055]",0.3606,0.4463667820069204,0.4437716262975779,0.4826989619377163,0.47231833910034604,0.47923875432525953,0.47923875432525953,0.4420415224913495
35,0.44982698961937717,0.3094066869243812,0.2539050861870498,0.19523793251384153,0.5640138408304498,0.12513920664787292,0.07163835689425468,0.0,0.07104087993502617,0.31206555606331676,"[0.7015570998191833, 0.7733564376831055]",0.3627,0.4411764705882353,0.43944636678200694,0.47923875432525953,0.47231833910034604,0.4679930795847751,0.4679930795847751,0.4420415224913495
36,0.46539792387543255,0.3208345731639495,0.244346482562207,0.19280501198398325,0.5605536332179931,0.1275588721036911,0.0704263336956501,0.0,0.06990412250161171,0.32626910496037453,"[0.7015570998191833, 0.7733564376831055]",0.3803,0.42387543252595156,0.4264705882352941,0.4671280276816609,0.4662629757785467,0.4593425605536332,0.4593425605536332,0.42387543252595156
37,0.4749134948096886,0.3313359901047652,0.24935112476050209,0.20013345966566576,0.5657439446366782,0.12632706761360168,0.06932950764894485,0.0,0.06886754930019379,0.3189148949459195,"[0.7015570998191833, 0.7733564376831055]",0.3289,0.41695501730103807,0.4342560553633218,0.47837370242214533,0.4524221453287197,0.4515570934256055,0.4515570934256055,0.4117647058823529
38,0.4524221453287197,0.2923701482376173,0.22355219210549254,0.1815723850114674,0.5493079584775087,0.1403905600309372,0.06834413297474384,0.0,0.06794463843107224,0.310942530981265,"[0.7015570998191833, 0.7733564376831055]",0.3315,0.40743944636678203,0.4039792387543253,0.4437716262975779,0.435121107266436,0.444636678200692,0.444636678200692,0.40570934256055363
39,0.45588235294117646,0.29692401112353084,0.253988266560956,0.19699307069858793,0.5683391003460208,0.1343664973974228,0.06745975650846958,0.0,0.06711445562541485,0.33492368506267667,"[0.7015570998191833, 0.7733564376831055]",0.3952,0.4126297577854671,0.41608996539792387,0.421280276816609,0.4619377162629758,0.4602076124567474,0.4602076124567474,0.41782006920415227
40,0.458477508650519,0.29932067638014226,0.25634155546431137,0.19881671911543222,0.5709342560553633,0.12478068470954895,0.06667013466358185,0.0,0.06636781617999077,0.35866160900332034,"[0.7015570998191833, 0.7733564376831055]",0.3437,0.41608996539792387,0.4108996539792388,0.4083044982698962,0.45761245674740486,0.4610726643598616,0.4610726643598616,0.41782006920415227
41,0.44896193771626297,0.2988242194790306,0.208383174553098,0.16671282462155876,0.5207612456747405,0.13257604837417603,0.06596739403903484,0.0,0.06569943018257618,0.4087832849472761,"[0.7015570998191833, 0.7733564376831055]",0.3407,0.4100346020761246,0.4083044982698962,0.40657439446366783,0.4602076124567474,0.4610726643598616,0.4610726643598616,0.4143598615916955
42,0.44809688581314877,0.29860639570601744,0.18607672572700307,0.15813379261552893,0.5034602076124568,0.12632423639297485,0.06533502414822578,0.0,0.06510269455611706,0.31497075292281806,"[0.7015570998191833, 0.7733564376831055]",0.4515,0.4359861591695502,0.4290657439446367,0.42993079584775085,0.4826989619377163,0.48788927335640137,0.48788927335640137,0.435121107266436
43,0.435121107266436,0.30535302978854184,0.223263114413177,0.1820725009376749,0.5484429065743944,0.12794947624206543,0.06477103568613529,0.0,0.06457264721393585,0.4527003549737856,"[0.7015570998191833, 0.7733564376831055]",0.3863,0.4290657439446367,0.41695501730103807,0.4126297577854671,0.46366782006920415,0.47058823529411764,0.47058823529411764,0.4290657439446367
44,0.44896193771626297,0.33060377036036404,0.2534575712231716,0.19783709091778653,0.5666089965397924,0.1305898129940033,0.06426926329731941,0.0,0.06410395912826061,0.3087524079019204,"[0.7015570998191833, 0.7733564376831055]",0.3679,0.3875432525951557,0.3892733564013841,0.4117647058823529,0.44982698961937717,0.4463667820069204,0.4463667820069204,0.379757785467128
45,0.42560553633217996,0.3053324717683621,0.23957104577332466,0.17920390879518622,0.5536332179930796,0.119984470307827,0.06381974555552006,0.0,0.0636842604726553,0.35512923600617796,"[0.7015570998191833, 0.7733564376831055]",0.3457,0.3806228373702422,0.3892733564013841,0.4541522491349481,0.44809688581314877,0.4472318339100346,0.4472318339100346,0.3615916955017301
46,0.4273356401384083,0.30652738107320476,0.23803988688641387,0.17614309332451644,0.5527681660899654,0.11405200511217117,0.0634206086397171,0.0,0.0633162148296833,0.3205112100113183,"[0.7015570998191833, 0.7733564376831055]",0.3255,0.3771626297577855,0.4031141868512111,0.44982698961937717,0.4602076124567474,0.45674740484429066,0.45674740484429066,0.35034602076124566
47,0.444636678200692,0.3009480480947201,0.19375028132867914,0.16832685941052497,0.5155709342560554,0.12359604239463806,0.06306838244199753,0.0,0.06298543140292168,0.30862076790072024,"[0.7015570998191833, 0.7733564376831055]",0.3234,0.3745674740484429,0.4031141868512111,0.44809688581314877,0.47145328719723184,0.4679930795847751,0.4679930795847751,0.370242214532872
48,0.44809688581314877,0.3026320268384286,0.19250755754285725,0.1748490668181389,0.5155709342560554,0.12081468105316162,0.06275747902691364,0.0,0.06269264034926891,0.3124528620392084,"[0.7015570998191833, 0.7733564376831055]",0.3847,0.3788927335640138,0.40570934256055363,0.4463667820069204,0.4757785467128028,0.4731833910034602,0.4731833910034602,0.3685121107266436
49,0.4204152249134948,0.2574091775911148,0.21154564179563767,0.1509037322485612,0.532871972318339,0.1248602420091629,0.06247652322053909,0.0,0.0624275729060173,0.2937730390112847,"[0.7015570998191833, 0.7733564376831055]",0.3727,0.3685121107266436,0.4134948096885813,0.43858131487889274,0.4524221453287197,0.4541522491349481,0.4541522491349481,0.3555363321799308
50,0.42993079584775085,0.28378521942776447,0.22942020135731483,0.16882356735480022,0.5406574394463668,0.11561845242977142,0.06222505122423172,0.0,0.06219452619552612,0.3325922170188278,"[0.7015570998191833, 0.7733564376831055]",0.3492,0.4013840830449827,0.4282006920415225,0.4939446366782007,0.4913494809688581,0.48788927335640137,0.48788927335640137,0.3892733564013841
51,0.458477508650519,0.31114298959464726,0.19653286528405833,0.1831143480374353,0.5173010380622838,0.11685027927160263,0.0619977954775095,0.0,0.06198928877711296,0.3109934040112421,"[0.7015570998191833, 0.7733564376831055]",0.3521,0.32698961937716264,0.3875432525951557,0.40657439446366783,0.43685121107266434,0.42993079584775085,0.42993079584775085,0.328719723183391
52,0.47145328719723184,0.31367993509112024,0.24177122340201881,0.20674250137893485,0.5579584775086506,0.12198768556118011,0.061797551810741425,0.0,0.06180526129901409,0.3768534780247137,"[0.7015570998191833, 0.7733564376831055]",0.3632,0.3711072664359862,0.3961937716262976,0.42993079584775085,0.45674740484429066,0.45674740484429066,0.45674740484429066,0.36764705882352944
53,0.4913494809688581,0.3559015916544507,0.2324566609985631,0.23482509970318396,0.5570934256055363,0.11698362231254578,0.06161666475236416,0.0,0.06164143979549408,0.31296538410242647,"[0.7015570998191833, 0.7733564376831055]",0.3725,0.4282006920415225,0.4463667820069204,0.5190311418685121,0.5302768166089965,0.5155709342560554,0.5155709342560554,0.41608996539792387
54,0.45588235294117646,0.31329283679744924,0.2392094181898845,0.18802470931086376,0.5432525951557093,0.1189284473657608,0.06145215779542923,0.0,0.06149354949593544,0.31768939504399896,"[0.7015570998191833, 0.7733564376831055]",0.3728,0.4126297577854671,0.42993079584775085,0.47145328719723184,0.5077854671280276,0.5008650519031141,0.5008650519031141,0.40743944636678203
55,0.5069204152249135,0.35965450186441883,0.2548865163963993,0.23108170445016313,0.5674740484429066,0.11461730301380157,0.06130322255194187,0.0,0.06135922111570835,0.3417921530781314,"[0.7015570998191833, 0.7733564376831055]",0.5622,0.39186851211072665,0.4740484429065744,0.4757785467128028,0.4463667820069204,0.4515570934256055,0.4515570934256055,0.36418685121107264
56,0.4671280276816609,0.3172388335179033,0.26499530008615124,0.20034751306649864,0.5596885813148789,0.11343245208263397,0.06116907671093941,0.0,0.06123921647667885,0.45031946001108736,"[0.7015570998191833, 0.7733564376831055]",0.4205,0.4091695501730104,0.4472318339100346,0.45069204152249137,0.45069204152249137,0.45069204152249137,0.45069204152249137,0.39100346020761245
57,0.44982698961937717,0.29913547305896115,0.2599567887544224,0.21396256784880463,0.5743944636678201,0.11423477530479431,0.06104564480483532,0.0,0.061133796349167824,0.48148809699341655,"[0.7015570998191833, 0.7733564376831055]",0.5873,0.43166089965397925,0.44982698961937717,0.48875432525951557,0.4991349480968858,0.5025951557093425,0.5025951557093425,0.4126297577854671
58,0.48788927335640137,0.36563236354670126,0.28133080975862573,0.22170590697865314,0.5692041522491349,0.1170121282339096,0.06093892082571983,0.0,0.06103973463177681,0.34444165404420346,"[0.7015570998191833, 0.7733564376831055]",0.3207,0.41782006920415227,0.4671280276816609,0.458477508650519,0.4688581314878893,0.4602076124567474,0.4602076124567474,0.3780276816608997
59,0.5129757785467128,0.3853090653567425,0.26039625831336266,0.25100855557883234,0.5700692041522492,0.11591674387454987,0.060839880257844925,0.0,0.06095588952302933,0.32277553400490433,"[0.7015570998191833, 0.7733564376831055]",0.3463,0.4083044982698962,0.45588235294117646,0.4463667820069204,0.4403114186851211,0.45069204152249137,0.45069204152249137,0.393598615916955
60,0.4930795847750865,0.37207806292418955,0.27694709745446716,0.2259265476391911,0.5761245674740484,0.1196058988571167,0.0607512928545475,0.0,0.06088177114725113,0.33586868504062295,"[0.7015570998191833, 0.7733564376831055]",0.3587,0.4117647058823529,0.47837370242214533,0.4749134948096886,0.46453287197231835,0.4671280276816609,0.4671280276816609,0.370242214532872
61,0.5008650519031141,0.37873196538844855,0.266262705495864,0.231245463866106,0.5761245674740484,0.10840415954589844,0.06067400984466076,0.0,0.06081065535545349,0.31633805099409074,"[0.7015570998191833, 0.7733564376831055]",0.3341,0.4290657439446367,0.4818339100346021,0.4870242214532872,0.49653979238754326,0.49048442906574397,0.49048442906574397,0.41608996539792387
62,0.5207612456747405,0.4031290745585381,0.2724774956206556,0.24497114251693916,0.578719723183391,0.11247201263904572,0.06060091592371464,0.0,0.06074413098394871,0.33880982594564557,"[0.7015570998191833, 0.7733564376831055]",0.4286,0.41695501730103807,0.4731833910034602,0.4662629757785467,0.4749134948096886,0.47664359861591693,0.47664359861591693,0.3944636678200692
63,0.53719723183391,0.4239327862591864,0.2827149216358549,0.2590425396873077,0.5778546712802768,0.11410900950431824,0.060534512624144554,0.0,0.06068025901913643,0.39621237199753523,"[0.7015570998191833, 0.7733564376831055]",0.3911,0.4515570934256055,0.4662629757785467,0.5259515570934256,0.5337370242214533,0.5397923875432526,0.5397923875432526,0.4342560553633218
64,0.48788927335640137,0.3473218194251184,0.22886188295821727,0.20633775543660113,0.5285467128027682,0.12624162435531616,0.060473036020994186,0.0,0.060620250180363655,0.3963787460234016,"[0.7015570998191833, 0.7733564376831055]",0.3521,0.44896193771626297,0.5190311418685121,0.5467128027681661,0.5423875432525952,0.5311418685121108,0.5311418685121108,0.42560553633217996
65,0.5155709342560554,0.3700358305745154,0.2877314005950699,0.27623827448183425,0.5761245674740484,0.13384075462818146,0.06041453219950199,0.0,0.06056007742881775,0.32202659803442657,"[0.7015570998191833, 0.7733564376831055]",0.3731,0.4463667820069204,0.47664359861591693,0.551038062283737,0.5415224913494809,0.5337370242214533,0.5337370242214533,0.4108996539792388
66,0.5423875432525952,0.3956012567837761,0.2881141626963585,0.28306423830616906,0.5795847750865052,0.11951643228530884,0.06035888008773327,0.0,0.06050213985145092,0.3566657629562542,"[0.7015570998191833, 0.7733564376831055]",0.338,0.4420415224913495,0.48788927335640137,0.5250865051903114,0.527681660899654,0.5415224913494809,0.5415224913494809,0.43771626297577854
67,0.5432525951557093,0.4002723676530987,0.2829793129394353,0.2866410146041877,0.5795847750865052,0.11536004394292831,0.060304492712020874,0.0,0.06044493615627289,0.46598200500011444,"[0.7015570998191833, 0.7733564376831055]",0.3396,0.43944636678200694,0.4740484429065744,0.5121107266435986,0.5380622837370242,0.5173010380622838,0.5173010380622838,0.40743944636678203
68,0.5242214532871973,0.389553667526617,0.2723494658284444,0.2587313002583578,0.5570934256055363,0.11624127626419067,0.06025080196559429,0.0,0.06038900278508663,0.37307601899374276,"[0.7015570998191833, 0.7733564376831055]",0.3848,0.4602076124567474,0.4740484429065744,0.5311418685121108,0.5320069204152249,0.5415224913494809,0.5415224913494809,0.43858131487889274
69,0.4602076124567474,0.3100639584208096,0.3044155944322918,0.22360277753481825,0.5873702422145328,0.13353610038757324,0.06019770912826061,0.0,0.060337116941809654,0.415184993064031,"[0.7015570998191833, 0.7733564376831055]",0.4492,0.4031141868512111,0.5025951557093425,0.513840830449827,0.5051903114186851,0.49567474048442905,0.49567474048442905,0.370242214532872
70,0.5346020761245674,0.3983663077083809,0.2719044543620223,0.27090892104779446,0.5666089965397924,0.12431639432907104,0.06014758720993996,0.0,0.060286758467555046,0.5036372089525685,"[0.7015570998191833, 0.7733564376831055]",0.3774,0.38581314878892736,0.4472318339100346,0.45588235294117646,0.46366782006920415,0.47664359861591693,0.47664359861591693,0.38581314878892736
71,0.4922145328719723,0.3376101832238414,0.27323074567052474,0.22151699799654717,0.583044982698962,0.12762653827667236,0.06009909696877003,0.0,0.060237279161810875,0.3175366120412946,"[0.7015570998191833, 0.7733564376831055]",0.3566,0.4679930795847751,0.5449826989619377,0.5415224913494809,0.5536332179930796,0.5285467128027682,0.5285467128027682,0.444636678200692
72,0.53719723183391,0.39410504948380487,0.27836595300972344,0.2798927238519643,0.5761245674740484,0.11903552711009979,0.060051167383790016,0.0,0.06018802151083946,0.3080160010140389,"[0.7015570998191833, 0.7733564376831055]",0.3522,0.444636678200692,0.5173010380622838,0.5173010380622838,0.5155709342560554,0.5034602076124568,0.5034602076124568,0.42301038062283736
73,0.5017301038062284,0.3660295440804725,0.2690269644199746,0.25504389237159997,0.5804498269896193,0.11723926663398743,0.06000426784157753,0.0,0.060140080749988556,0.3443533219397068,"[0.7015570998191833, 0.7733564376831055]",0.3677,0.4420415224913495,0.5121107266435986,0.5077854671280276,0.513840830449827,0.5017301038062284,0.5017301038062284,0.4186851211072664
74,0.4801038062283737,0.34680730441290253,0.2668901073350165,0.23553573745549064,0.5821799307958477,0.11449606716632843,0.05995748192071915,0.0,0.060093725100159645,0.34271638200152665,"[0.7015570998191833, 0.7733564376831055]",0.3983,0.43252595155709345,0.49480968858131485,0.4852941176470588,0.4835640138408305,0.504325259515571,0.504325259515571,0.4083044982698962
75,0.47231833910034604,0.342435811119545,0.268803316084888,0.23154025814284684,0.5839100346020761,0.11344950646162033,0.05991090089082718,0.0,0.06004926934838295,0.36756017489824444,"[0.7015570998191833, 0.7733564376831055]",0.4799,0.4264705882352941,0.4662629757785467,0.46366782006920415,0.46539792387543255,0.47664359861591693,0.47664359861591693,0.4005190311418685
76,0.47231833910034604,0.34317814741885655,0.27242294865121397,0.23390954681377357,0.5873702422145328,0.11217930912971497,0.0598649587482214,0.0,0.06000673770904541,0.4600239379797131,"[0.7015570998191833, 0.7733564376831055]",0.4155,0.43252595155709345,0.4930795847750865,0.4757785467128028,0.4913494809688581,0.49567474048442905,0.49567474048442905,0.4108996539792388
77,0.4757785467128028,0.33974546870007694,0.2764755459105132,0.2387443328746947,0.5856401384083045,0.11255842447280884,0.059819333255290985,0.0,0.059964703395962715,0.3520644250093028,"[0.7015570998191833, 0.7733564376831055]",0.353,0.4013840830449827,0.42214532871972316,0.43685121107266434,0.46539792387543255,0.47145328719723184,0.47145328719723184,0.3737024221453287
78,0.43944636678200694,0.3003336334664629,0.2809273610917825,0.21924355272518273,0.5839100346020761,0.12488356977701187,0.05977359227836132,0.0,0.05992257222533226,0.3805855360114947,"[0.7015570998191833, 0.7733564376831055]",0.3521,0.4091695501730104,0.4282006920415225,0.45761245674740486,0.4679930795847751,0.47837370242214533,0.47837370242214533,0.38321799307958476
79,0.4826989619377163,0.3554075651643631,0.29236964543197613,0.24701103521599455,0.5908304498269896,0.1226549968123436,0.059727469459176064,0.0,0.0598797257989645,0.3327254729811102,"[0.7015570998191833, 0.7733564376831055]",0.3452,0.41522491349480967,0.4282006920415225,0.4671280276816609,0.48961937716262977,0.49567474048442905,0.49567474048442905,0.39100346020761245
80,0.46280276816608995,0.33466978443470063,0.2726901327630736,0.2243038531608644,0.5847750865051903,0.11418038606643677,0.05968043394386768,0.0,0.059838173910975456,0.36990890302695334,"[0.7015570998191833, 0.7733564376831055]",0.4122,0.4126297577854671,0.43944636678200694,0.4740484429065744,0.48961937716262977,0.49740484429065746,0.49740484429065746,0.39013840830449825
81,0.4662629757785467,0.34008619333731793,0.2740330586216308,0.22415625752227505,0.5847750865051903,0.10701066255569458,0.05963326059281826,0.0,0.059797948226332664,0.398295296006836,"[0.7015570998191833, 0.7733564376831055]",0.3383,0.4126297577854671,0.4403114186851211,0.4731833910034602,0.48875432525951557,0.49567474048442905,0.49567474048442905,0.3884083044982699
82,0.46366782006920415,0.33823617670549233,0.27689845205211117,0.22346780503546212,0.5847750865051903,0.10591607540845871,0.05958619527518749,0.0,0.059757523238658905,0.47475660301279277,"[0.7015570998191833, 0.7733564376831055]",0.3549,0.4108996539792388,0.43858131487889274,0.4801038062283737,0.4870242214532872,0.4922145328719723,0.4922145328719723,0.3884083044982699
83,0.4688581314878893,0.3181729543526771,0.27896601503201857,0.23748020622659174,0.5865051903114187,0.10836546868085861,0.05953887477517128,0.0,0.05971718579530716,0.3519233090337366,"[0.7015570998191833, 0.7733564376831055]",0.3702,0.4100346020761246,0.43944636678200694,0.4809688581314879,0.48788927335640137,0.4930795847750865,0.4930795847750865,0.3892733564013841
84,0.45761245674740486,0.31357689838113656,0.28394257135645073,0.2245843548280041,0.5882352941176471,0.11352477967739105,0.05949160270392895,0.0,0.0596779752522707,0.3459964880021289,"[0.7015570998191833, 0.7733564376831055]",0.3493,0.43858131487889274,0.4801038062283737,0.4731833910034602,0.47231833910034604,0.47058823529411764,0.47058823529411764,0.40484429065743943
85,0.4359861591695502,0.3144283385725929,0.28806940178859985,0.21311000331994223,0.5891003460207612,0.12265221774578094,0.05944468267261982,0.0,0.05963842198252678,0.3182573199737817,"[0.7015570998191833, 0.7733564376831055]",0.3411,0.4455017301038062,0.5060553633217993,0.5051903114186851,0.5086505190311419,0.5034602076124568,0.5034602076124568,0.4031141868512111
86,0.4671280276816609,0.32481181192475694,0.2834711319725584,0.22718853683896623,0.5891003460207612,0.11203691363334656,0.059397853910923004,0.0,0.05959954485297203,0.32432934001553804,"[0.7015570998191833, 0.7733564376831055]",0.3365,0.41782006920415227,0.4541522491349481,0.45588235294117646,0.4610726643598616,0.4844290657439446,0.4844290657439446,0.3745674740484429
87,0.4852941176470588,0.3415047681595508,0.30524694821271464,0.23968678772836588,0.5934256055363322,0.11325009167194366,0.05935264565050602,0.0,0.05956226773560047,0.41986659599933773,"[0.7015570998191833, 0.7733564376831055]",0.4696,0.40570934256055363,0.44896193771626297,0.4515570934256055,0.45761245674740486,0.4852941176470588,0.4852941176470588,0.3693771626297578
88,0.43252595155709345,0.28239117145522985,0.2926615754223515,0.21329491634370995,0.5882352941176471,0.12058033794164658,0.05930718407034874,0.0,0.05952593684196472,0.4824296530568972,"[0.7015570998191833, 0.7733564376831055]",0.6227,0.421280276816609,0.46539792387543255,0.44982698961937717,0.47750865051903113,0.4913494809688581,0.4913494809688581,0.3884083044982699
89,0.4913494809688581,0.3453635601047452,0.30316706130377,0.23878619396002282,0.5908304498269896,0.11022546887397766,0.05926179513335228,0.0,0.05948938429355621,0.4218087699264288,"[0.7015570998191833, 0.7733564376831055]",0.6004,0.42214532871972316,0.4532871972318339,0.4524221453287197,0.458477508650519,0.49740484429065746,0.49740484429065746,0.3892733564013841
90,0.48961937716262977,0.34320079350558064,0.3043785879086134,0.2406331273014857,0.5916955017301038,0.1078837662935257,0.059216491878032684,0.0,0.05945231951773167,0.5051653499249369,"[0.7015570998191833, 0.7733564376831055]",0.5577,0.4282006920415225,0.4610726643598616,0.46280276816608995,0.46453287197231835,0.5025951557093425,0.5025951557093425,0.3961937716262976
91,0.4801038062283737,0.34117124942628574,0.29646264986247345,0.237149203249553,0.5934256055363322,0.11198538541793823,0.05917073041200638,0.0,0.05941592715680599,0.5120364760514349,"[0.7015570998191833, 0.7733564376831055]",0.5766,0.4429065743944637,0.48961937716262977,0.47837370242214533,0.4844290657439446,0.4982698961937716,0.4982698961937716,0.4342560553633218
92,0.4740484429065744,0.3420911237042571,0.28798338551636343,0.26044401480983165,0.5977508650519031,0.11244311183691025,0.05912538431584835,0.0,0.059378648176789284,0.49043859797529876,"[0.7015570998191833, 0.7733564376831055]",0.5645,0.47058823529411764,0.5363321799307958,0.5423875432525952,0.5467128027681661,0.5432525951557093,0.5432525951557093,0.444636678200692
93,0.47058823529411764,0.3290313769674621,0.2864331765947618,0.2342315836865707,0.592560553633218,0.11143243312835693,0.05907989293336868,0.0,0.05934119038283825,0.3431460279971361,"[0.7015570998191833, 0.7733564376831055]",0.4434,0.46366782006920415,0.5,0.5493079584775087,0.5501730103806228,0.5614186851211073,0.5614186851211073,0.421280276816609
94,0.4429065743944637,0.29473865701136626,0.3001062242747256,0.21726083298567925,0.5873702422145328,0.12068440020084381,0.05903403274714947,0.0,0.05930446833372116,0.48442041501402855,"[0.7015570998191833, 0.7733564376831055]",0.3791,0.5397923875432526,0.5778546712802768,0.5761245674740484,0.5908304498269896,0.5700692041522492,0.5700692041522492,0.5017301038062284
95,0.4835640138408305,0.3335953379908363,0.29043295869105434,0.25211163483377763,0.5977508650519031,0.11349382996559143,0.05898834392428398,0.0,0.05926854349672794,0.32102953107096255,"[0.7015570998191833, 0.7733564376831055]",0.345,0.41522491349480967,0.4671280276816609,0.4913494809688581,0.49048442906574397,0.5103806228373703,0.5103806228373703,0.39186851211072665
96,0.42301038062283736,0.2890299463258419,0.2801844835952339,0.20744579700493102,0.5804498269896193,0.12345167994499207,0.05894297733902931,0.0,0.0592339001595974,0.3147928499383852,"[0.7015570998191833, 0.7733564376831055]",0.3414,0.4463667820069204,0.4835640138408305,0.4852941176470588,0.4852941176470588,0.527681660899654,0.527681660899654,0.4134948096885813
97,0.48788927335640137,0.3402418061906318,0.3062073998187342,0.24292185742854264,0.5934256055363322,0.11201028525829315,0.05889785476028919,0.0,0.05919894203543663,0.3292870969744399,"[0.7015570998191833, 0.7733564376831055]",0.4074,0.44982698961937717,0.4801038062283737,0.47750865051903113,0.4922145328719723,0.5302768166089965,0.5302768166089965,0.41608996539792387
98,0.44982698961937717,0.3110116718755126,0.2923072876985526,0.21977942829058378,0.5882352941176471,0.12078302353620529,0.05885310098528862,0.0,0.05916438810527325,0.4568718400551006,"[0.7015570998191833, 0.7733564376831055]",0.5216,0.40657439446366783,0.43944636678200694,0.44809688581314877,0.43685121107266434,0.43771626297577854,0.43771626297577854,0.39878892733564014
99,0.4913494809688581,0.3493726112180503,0.30937899775409894,0.2590601846836424,0.6012110726643599,0.11555583029985428,0.058808330446481705,0.0,0.05913029797375202,0.306650692014955,"[0.7015570998191833, 0.7733564376831055]",0.4987,0.42993079584775085,0.5,0.4913494809688581,0.504325259515571,0.5077854671280276,0.5077854671280276,0.3961937716262976
100,0.5060553633217993,0.36393543724403754,0.3049512528518456,0.2783412269459476,0.6089965397923875,0.11415254324674606,0.05876341089606285,0.0,0.059096986427903175,0.46851926401723176,"[0.7015570998191833, 0.7733564376831055]",0.4652,0.4091695501730104,0.4524221453287197,0.47837370242214533,0.47837370242214533,0.504325259515571,0.504325259515571,0.38235294117647056
101,0.5060553633217993,0.3639869189099605,0.3071545347498491,0.2783830592540513,0.6098615916955017,0.11145170032978058,0.0587187260389328,0.0,0.05906388536095619,0.3124441149411723,"[0.7015570998191833, 0.7733564376831055]",0.4152,0.43771626297577854,0.5017301038062284,0.5129757785467128,0.5198961937716263,0.5224913494809689,0.5224913494809689,0.4126297577854671
102,0.5086505190311419,0.3673516580079239,0.3068214263677159,0.2797644829449239,0.6089965397923875,0.11124758422374725,0.0586740393191576,0.0,0.059031443670392036,0.35112301795743406,"[0.7015570998191833, 0.7733564376831055]",0.3628,0.43771626297577854,0.4982698961937716,0.5147058823529411,0.5198961937716263,0.5224913494809689,0.5224913494809689,0.4126297577854671
103,0.509515570934256,0.36852145161103855,0.3078742861293988,0.2816552943333664,0.610726643598616,0.11150318384170532,0.05862904340028763,0.0,0.05899951420724392,0.35968260397203267,"[0.7015570998191833, 0.7733564376831055]",0.3801,0.43771626297577854,0.49567474048442905,0.5129757785467128,0.5207612456747405,0.5224913494809689,0.5224913494809689,0.4126297577854671
104,0.5285467128027682,0.3864859811627962,0.31618834967094744,0.2607222310354153,0.5977508650519031,0.12949997186660767,0.05858331546187401,0.0,0.05896884948015213,0.44185932993423194,"[0.7015570998191833, 0.7733564376831055]",0.3629,0.4455017301038062,0.49567474048442905,0.4922145328719723,0.5077854671280276,0.5337370242214533,0.5337370242214533,0.4186851211072664
105,0.5025951557093425,0.3698104406491701,0.3035976845580895,0.2872377901281052,0.6098615916955017,0.11672522872686386,0.05853833444416523,0.0,0.058938249945640564,0.355073147919029,"[0.7015570998191833, 0.7733564376831055]",0.3632,0.47664359861591693,0.49567474048442905,0.49740484429065746,0.5164359861591695,0.5406574394463668,0.5406574394463668,0.4472318339100346
106,0.5259515570934256,0.37761167341629376,0.3238808742708678,0.24944368316757218,0.5934256055363322,0.12908998131752014,0.058492833748459816,0.0,0.058907438069581985,0.3659986810525879,"[0.7015570998191833, 0.7733564376831055]",0.3854,0.4740484429065744,0.4939446366782007,0.49567474048442905,0.5147058823529411,0.5389273356401384,0.5389273356401384,0.4455017301038062
107,0.5,0.36146939789662813,0.30659259961732777,0.2658586382837246,0.6046712802768166,0.12010698020458221,0.05844634957611561,0.0,0.05887707509100437,0.3007385559612885,"[0.7015570998191833, 0.7733564376831055]",0.3544,0.4013840830449827,0.43858131487889274,0.47231833910034604,0.4532871972318339,0.4610726643598616,0.4610726643598616,0.39705882352941174
108,0.5034602076124568,0.36540617050171187,0.3087801095155698,0.27134420004052096,0.606401384083045,0.11777037382125854,0.05839685536921024,0.0,0.058844441547989845,0.42007055901922286,"[0.7015570998191833, 0.7733564376831055]",0.3238,0.4403114186851211,0.46453287197231835,0.5103806228373703,0.5380622837370242,0.5302768166089965,0.5302768166089965,0.41522491349480967
109,0.5484429065743944,0.41333945175327724,0.2974956461142263,0.3086867612779257,0.5743944636678201,0.12051191926002502,0.05834747105836868,0.0,0.05881069600582123,0.32590642396826297,"[0.7015570998191833, 0.7733564376831055]",0.3432,0.4022491349480969,0.444636678200692,0.46280276816608995,0.45588235294117646,0.4688581314878893,0.4688581314878893,0.3953287197231834
110,0.5493079584775087,0.4150433951562147,0.30325880317304715,0.3116701886845313,0.5761245674740484,0.1216699481010437,0.058299753814935684,0.0,0.05877649039030075,0.3082491779932752,"[0.7015570998191833, 0.7733564376831055]",0.3253,0.40743944636678203,0.4342560553633218,0.4731833910034602,0.4809688581314879,0.5060553633217993,0.5060553633217993,0.38408304498269896
111,0.5501730103806228,0.4160816506534014,0.30381843376777845,0.31266110840135913,0.5761245674740484,0.1215120330452919,0.05825354903936386,0.0,0.058742864057421684,0.30643875000532717,"[0.7015570998191833, 0.7733564376831055]",0.3277,0.4143598615916955,0.43944636678200694,0.49048442906574397,0.4913494809688581,0.5173010380622838,0.5173010380622838,0.39100346020761245
112,0.5501730103806228,0.4160243569292704,0.30454935415784157,0.3127821148548243,0.5761245674740484,0.12154514342546463,0.05820896290242672,0.0,0.05871014855802059,0.32501316792331636,"[0.7015570998191833, 0.7733564376831055]",0.4482,0.4411764705882353,0.5103806228373703,0.5164359861591695,0.5207612456747405,0.527681660899654,0.527681660899654,0.4126297577854671
113,0.551038062283737,0.41716890292948483,0.30633532739797736,0.3154120892652914,0.5761245674740484,0.12172608077526093,0.05816619098186493,0.0,0.058678535744547844,0.35430399293545634,"[0.7015570998191833, 0.7733564376831055]",0.3429,0.45761245674740486,0.5216262975778547,0.5527681660899654,0.5631487889273357,0.5804498269896193,0.5804498269896193,0.43166089965397925
114,0.5484429065743944,0.41377431022071187,0.3026839951778356,0.31069878573207943,0.5743944636678201,0.12198732793331146,0.0581255704164505,0.0,0.05864761769771576,0.28736518998630345,"[0.7015570998191833, 0.7733564376831055]",0.3624,0.4524221453287197,0.4930795847750865,0.47750865051903113,0.47837370242214533,0.5207612456747405,0.5207612456747405,0.4108996539792388
115,0.5501730103806228,0.4164433058245971,0.30654873354124934,0.3147887155672735,0.5761245674740484,0.12184116989374161,0.05808615870773792,0.0,0.058616237714886665,0.30455979192629457,"[0.7015570998191833, 0.7733564376831055]",0.3406,0.4463667820069204,0.4852941176470588,0.47923875432525953,0.4809688581314879,0.523356401384083,0.523356401384083,0.4108996539792388
116,0.5164359861591695,0.378160899630671,0.31240998943921144,0.2992318481633113,0.6115916955017301,0.11874718964099884,0.058046989142894745,0.0,0.05858679488301277,0.31066946405917406,"[0.7015570998191833, 0.7733564376831055]",0.3359,0.444636678200692,0.46453287197231835,0.48788927335640137,0.5519031141868512,0.5493079584775087,0.5493079584775087,0.42474048442906576
117,0.5129757785467128,0.37441498109772564,0.31500996798112013,0.2977140247959432,0.6133217993079585,0.11553007364273071,0.058007823303341866,0.0,0.05855719931423664,0.3695172159932554,"[0.7015570998191833, 0.7733564376831055]",0.3327,0.4602076124567474,0.5198961937716263,0.5562283737024222,0.5622837370242214,0.5761245674740484,0.5761245674740484,0.43771626297577854
118,0.5147058823529411,0.3770660293717888,0.3153889519310566,0.2993626656026746,0.6141868512110726,0.11538638919591904,0.05797002092003822,0.0,0.058527758345007896,0.31315773900132626,"[0.7015570998191833, 0.7733564376831055]",0.3868,0.4455017301038062,0.47058823529411764,0.48961937716262977,0.5294117647058824,0.5406574394463668,0.5406574394463668,0.40743944636678203
119,0.5173010380622838,0.38074579538483544,0.31876847635570216,0.30374922303170776,0.615916955017301,0.11554128676652908,0.05793374218046665,0.0,0.05849866196513176,0.3183006109902635,"[0.7015570998191833, 0.7733564376831055]",0.3404,0.4524221453287197,0.4740484429065744,0.49480968858131485,0.532871972318339,0.5493079584775087,0.5493079584775087,0.4143598615916955
120,0.5164359861591695,0.3802393285679896,0.3210867006747503,0.30483898919675473,0.6176470588235294,0.11574820429086685,0.05790027230978012,0.0,0.05846916139125824,0.29578765004407614,"[0.7015570998191833, 0.7733564376831055]",0.3516,0.4532871972318339,0.47837370242214533,0.5103806228373703,0.5406574394463668,0.5449826989619377,0.5449826989619377,0.4134948096885813
121,0.4991349480968858,0.36686534381299307,0.32054070758292347,0.2804719537197856,0.6124567474048442,0.12201334536075592,0.057865604758262634,0.0,0.058438777923583984,0.3012569359270856,"[0.7015570998191833, 0.7733564376831055]",0.3497,0.44896193771626297,0.4740484429065744,0.5025951557093425,0.5389273356401384,0.5657439446366782,0.5657439446366782,0.4282006920415225
122,0.47145328719723184,0.3290402253264242,0.3197873496485595,0.2417857793091989,0.6012110726643599,0.12673602998256683,0.057832399383187294,0.0,0.05840769037604332,0.3234984449809417,"[0.7015570998191833, 0.7733564376831055]",0.3562,0.46972318339100344,0.49480968858131485,0.523356401384083,0.5726643598615917,0.5467128027681661,0.5467128027681661,0.4463667820069204
123,0.5008650519031141,0.36645561564778983,0.3215275698336429,0.2888878298258613,0.6150519031141869,0.115989550948143,0.05780051276087761,0.0,0.0583768580108881,0.322852247976698,"[0.7015570998191833, 0.7733564376831055]",0.3522,0.45501730103806226,0.47750865051903113,0.49740484429065746,0.5648788927335641,0.5337370242214533,0.5337370242214533,0.4342560553633218
124,0.5077854671280276,0.37472884104619364,0.3253881778369258,0.2939069493423474,0.615916955017301,0.11403388530015945,0.05776901915669441,0.0,0.05834728106856346,0.3221171610057354,"[0.7015570998191833, 0.7733564376831055]",0.344,0.486159169550173,0.5121107266435986,0.551038062283737,0.5700692041522492,0.5657439446366782,0.5657439446366782,0.47058823529411764
125,0.509515570934256,0.3769378840953055,0.32501930353230635,0.2945240263560016,0.615916955017301,0.1138603463768959,0.057737648487091064,0.0,0.05831759423017502,0.32317630702164024,"[0.7015570998191833, 0.7733564376831055]",0.3592,0.5034602076124568,0.5441176470588235,0.5648788927335641,0.5951557093425606,0.5839100346020761,0.5839100346020761,0.4740484429065744
126,0.46972318339100344,0.3284738213693438,0.31643814674593373,0.23570717713543848,0.5986159169550173,0.12719999253749847,0.057707224041223526,0.0,0.058289386332035065,0.3043622620170936,"[0.7015570998191833, 0.7733564376831055]",0.3674,0.5112456747404844,0.5501730103806228,0.5562283737024222,0.5916955017301038,0.5865051903114187,0.5865051903114187,0.47664359861591693
127,0.5250865051903114,0.39126439604013585,0.32069230924132447,0.30786023159967013,0.6115916955017301,0.12522947788238525,0.05767780728638172,0.0,0.058261601254343987,0.32230887503828853,"[0.7015570998191833, 0.7733564376831055]",0.3623,0.45674740484429066,0.4852941176470588,0.5562283737024222,0.5769896193771626,0.5916955017301038,0.5916955017301038,0.43685121107266434
128,0.5242214532871973,0.38810726119774286,0.3050548557479279,0.2893085784981793,0.5648788927335641,0.12785206735134125,0.057649483904242516,0.0,0.058234697207808495,0.29846928897313774,"[0.7015570998191833, 0.7733564376831055]",0.5651,0.4602076124567474,0.4852941176470588,0.5389273356401384,0.5882352941176471,0.5865051903114187,0.5865051903114187,0.4420415224913495
129,0.523356401384083,0.38720998695446374,0.3045503317049655,0.2886187835485799,0.5657439446366782,0.12613818049430847,0.057620901614427567,0.0,0.058208268135786057,0.30108059104532003,"[0.7015570998191833, 0.7733564376831055]",0.3615,0.4619377162629758,0.486159169550173,0.5397923875432526,0.5882352941176471,0.5865051903114187,0.5865051903114187,0.4429065743944637
130,0.5207612456747405,0.38545451056030555,0.3054792930835091,0.284278785181024,0.5640138408304498,0.12381616979837418,0.057593027129769325,0.0,0.05818044766783714,0.31221061607357115,"[0.7015570998191833, 0.7733564376831055]",0.3711,0.46453287197231835,0.48961937716262977,0.5596885813148789,0.5847750865051903,0.5891003460207612,0.5891003460207612,0.4463667820069204
131,0.5207612456747405,0.3851878447628684,0.30599745002781825,0.28439480011076335,0.5648788927335641,0.12267987430095673,0.05756541155278683,0.0,0.058153098449110985,0.3161746810656041,"[0.7015570998191833, 0.7733564376831055]",0.4125,0.4602076124567474,0.48961937716262977,0.5700692041522492,0.5839100346020761,0.5908304498269896,0.5908304498269896,0.4420415224913495
132,0.5250865051903114,0.38876742989997126,0.30487000169989004,0.2904620031925554,0.5674740484429066,0.12534749507904053,0.057538917288184166,0.0,0.05812667869031429,0.32603065099101514,"[0.7015570998191833, 0.7733564376831055]",0.3437,0.46453287197231835,0.48961937716262977,0.5596885813148789,0.5847750865051903,0.5899653979238755,0.5899653979238755,0.44809688581314877
133,0.5302768166089965,0.395715865890487,0.31519807100064984,0.320836079576388,0.615916955017301,0.12267701327800751,0.05751235410571098,0.0,0.05810125917196274,0.31372887606266886,"[0.7015570998191833, 0.7733564376831055]",0.3445,0.5268166089965398,0.5415224913494809,0.5397923875432526,0.578719723183391,0.6072664359861591,0.6072664359861591,0.48788927335640137
134,0.5294117647058824,0.39570366740178053,0.31461454010833245,0.31884975262198384,0.615916955017301,0.12125048041343689,0.057484595105051994,0.0,0.05807708203792572,0.3207602199399844,"[0.7015570998191833, 0.7733564376831055]",0.3458,0.4679930795847751,0.49740484429065746,0.5380622837370242,0.5380622837370242,0.5216262975778547,0.5216262975778547,0.46453287197231835
135,0.5285467128027682,0.3945148632271718,0.3136857011505982,0.31802997457542864,0.6150519031141869,0.12136918306350708,0.05745748616755009,0.0,0.05805337615311146,0.32418331503868103,"[0.7015570998191833, 0.7733564376831055]",0.371,0.4619377162629758,0.48875432525951557,0.5320069204152249,0.523356401384083,0.5155709342560554,0.5155709342560554,0.45674740484429066
136,0.509515570934256,0.37299820638526837,0.31869750408437364,0.3008725942268044,0.6089965397923875,0.11484529078006744,0.05742937885224819,0.0,0.058029623702168465,0.31750792695675045,"[0.7015570998191833, 0.7733564376831055]",0.3437,0.5320069204152249,0.5458477508650519,0.5614186851211073,0.6089965397923875,0.5916955017301038,0.5916955017301038,0.48788927335640137
137,0.4922145328719723,0.3524433722430469,0.30720422324634805,0.2659129848034267,0.5934256055363322,0.119991235435009,0.05740080773830414,0.0,0.058005763217806816,0.3172898000339046,"[0.7015570998191833, 0.7733564376831055]",0.3533,0.527681660899654,0.5519031141868512,0.5657439446366782,0.6046712802768166,0.5813148788927336,0.5813148788927336,0.4844290657439446
138,0.49740484429065746,0.3578404095221158,0.3094062047002953,0.27191424962976685,0.5960207612456747,0.11934810876846313,0.05737169645726681,0.0,0.05798160657286644,0.33082927798386663,"[0.7015570998191833, 0.7733564376831055]",0.3375,0.5285467128027682,0.5527681660899654,0.5666089965397924,0.6055363321799307,0.583044982698962,0.583044982698962,0.4852941176470588
139,0.5,0.3536458076380242,0.32363173341357226,0.26185070014330003,0.6012110726643599,0.11859625577926636,0.057343434542417526,0.0,0.057959217578172684,0.3305740120122209,"[0.7015570998191833, 0.7733564376831055]",0.3388,0.5320069204152249,0.551038062283737,0.5657439446366782,0.606401384083045,0.5891003460207612,0.5891003460207612,0.4930795847750865
140,0.5363321799307958,0.4000114262142531,0.32926983882494676,0.3089713025019775,0.6012110726643599,0.11920209974050522,0.057313719764351845,0.0,0.057937802746891975,0.4637607290642336,"[0.7015570998191833, 0.7733564376831055]",0.3354,0.5337370242214533,0.5519031141868512,0.5666089965397924,0.6219723183391004,0.5908304498269896,0.5908304498269896,0.4930795847750865
141,0.5354671280276817,0.3986637877171927,0.32793675368252706,0.3083753034936698,0.6003460207612457,0.12176945060491562,0.0572851188480854,0.0,0.05791602097451687,0.32334604498464614,"[0.7015570998191833, 0.7733564376831055]",0.3554,0.5294117647058824,0.5484429065743944,0.5657439446366782,0.5977508650519031,0.5873702422145328,0.5873702422145328,0.49048442906574397
142,0.5346020761245674,0.3976309239009366,0.32755228107034395,0.30768800830413473,0.6003460207612457,0.12205240875482559,0.0572583694010973,0.0,0.057893263176083565,0.3767711039399728,"[0.7015570998191833, 0.7733564376831055]",0.3536,0.5363321799307958,0.5467128027681661,0.5605536332179931,0.6081314878892734,0.5882352941176471,0.5882352941176471,0.4870242214532872
143,0.4515570934256055,0.31343373065090885,0.2836252397099104,0.22060392099613782,0.578719723183391,0.12746141850948334,0.057232750579714775,0.0,0.057871557772159576,0.3382284459657967,"[0.7015570998191833, 0.7733564376831055]",0.3387,0.5432525951557093,0.5527681660899654,0.5648788927335641,0.6150519031141869,0.5977508650519031,0.5977508650519031,0.4982698961937716
144,0.5406574394463668,0.4039194513040075,0.3356647720421921,0.3162428141165386,0.6081314878892734,0.12233167886734009,0.05720769986510277,0.0,0.0578498151153326,0.32079801394138485,"[0.7015570998191833, 0.7733564376831055]",0.3388,0.53719723183391,0.5458477508650519,0.5605536332179931,0.6081314878892734,0.5882352941176471,0.5882352941176471,0.48961937716262977
145,0.46539792387543255,0.32416654605104456,0.31787292917253257,0.2376968497163776,0.5977508650519031,0.13129159808158875,0.05718390271067619,0.0,0.05782872997224331,0.3237301359185949,"[0.7015570998191833, 0.7733564376831055]",0.3453,0.5458477508650519,0.5579584775086506,0.5726643598615917,0.6254325259515571,0.592560553633218,0.592560553633218,0.5025951557093425
146,0.5415224913494809,0.4048842463531336,0.338468775952453,0.3187594092196684,0.610726643598616,0.12449552118778229,0.05716111697256565,0.0,0.05780770257115364,0.32748380198609084,"[0.7015570998191833, 0.7733564376831055]",0.3549,0.5354671280276817,0.5432525951557093,0.5553633217993079,0.6003460207612457,0.5908304498269896,0.5908304498269896,0.4922145328719723
147,0.5363321799307958,0.3994927414735696,0.3294969000352064,0.31109058553115265,0.6029411764705882,0.12271910905838013,0.05713910982012749,0.0,0.057786792516708374,0.3348450839985162,"[0.7015570998191833, 0.7733564376831055]",0.3599,0.5389273356401384,0.5467128027681661,0.5648788927335641,0.6089965397923875,0.5908304498269896,0.5908304498269896,0.4913494809688581
148,0.4541522491349481,0.316488457058684,0.28533389514781765,0.21802629940336238,0.5778546712802768,0.12629996240139008,0.05711782164871693,0.0,0.05776607245206833,0.3554555319715291,"[0.7015570998191833, 0.7733564376831055]",0.3896,0.5493079584775087,0.5588235294117647,0.5743944636678201,0.6271626297577855,0.5960207612456747,0.5960207612456747,0.5034602076124568
149,0.5389273356401384,0.4025399528158724,0.32905004615648703,0.31172520948865673,0.6003460207612457,0.12171189486980438,0.057097142562270164,0.0,0.05774565041065216,0.4050566740334034,"[0.7015570998191833, 0.7733564376831055]",0.4048,0.5389273356401384,0.5527681660899654,0.5709342560553633,0.6219723183391004,0.592560553633218,0.592560553633218,0.4991349480968858
150,0.5363321799307958,0.4000056163291865,0.32975982482480226,0.3104643476839986,0.6012110726643599,0.12232042104005814,0.05707690306007862,0.0,0.05772565118968487,0.33884956303518265,"[0.7015570998191833, 0.7733564376831055]",0.3489,0.5380622837370242,0.5527681660899654,0.5709342560553633,0.6228373702422145,0.592560553633218,0.592560553633218,0.49740484429065746
151,0.5380622837370242,0.40231963928340786,0.3305054172821053,0.31107350268376116,0.6012110726643599,0.12236759811639786,0.057057036086916924,0.0,0.05770569480955601,0.3215933149913326,"[0.7015570998191833, 0.7733564376831055]",0.3468,0.5432525951557093,0.5501730103806228,0.5640138408304498,0.6262975778546713,0.596885813148789,0.596885813148789,0.4991349480968858
152,0.5389273356401384,0.40287578050877115,0.3322101271898298,0.31339015299575856,0.6029411764705882,0.12310554087162018,0.05703759379684925,0.0,0.05768638662993908,0.32534857699647546,"[0.7015570998191833, 0.7733564376831055]",0.3545,0.5389273356401384,0.5458477508650519,0.5622837370242214,0.620242214532872,0.5942906574394463,0.5942906574394463,0.49567474048442905
153,0.5397923875432526,0.40413179419704015,0.33348711339797404,0.31461349354368545,0.6038062283737025,0.12313571572303772,0.05701853148639202,0.0,0.05766700208187103,0.3207359400112182,"[0.7015570998191833, 0.7733564376831055]",0.3444,0.5363321799307958,0.551038062283737,0.5692041522491349,0.6219723183391004,0.5899653979238755,0.5899653979238755,0.49480968858131485
154,0.5389273356401384,0.40302041741715255,0.3326642730647835,0.31402501794344195,0.6029411764705882,0.12333033233880997,0.0569999311119318,0.0,0.057647375389933586,0.30904580699279904,"[0.7015570998191833, 0.7733564376831055]",0.3474,0.53719723183391,0.5527681660899654,0.5709342560553633,0.6228373702422145,0.5908304498269896,0.5908304498269896,0.49567474048442905
155,0.5389273356401384,0.40302041741715255,0.3326642730647835,0.31402501794344195,0.6029411764705882,0.12351443618535995,0.05698210746049881,0.0,0.057627374306321144,0.31270306406077,"[0.7015570998191833, 0.7733564376831055]",0.3388,0.5380622837370242,0.5449826989619377,0.5614186851211073,0.6211072664359861,0.5942906574394463,0.5942906574394463,0.49567474048442905
156,0.5077854671280276,0.37846349808700286,0.3191603777446474,0.2834020357132926,0.6115916955017301,0.12211871147155762,0.056965172290802,0.0,0.05760735087096691,0.3407330058980733,"[0.7015570998191833, 0.7733564376831055]",0.3857,0.5458477508650519,0.5614186851211073,0.5778546712802768,0.6323529411764706,0.6029411764705882,0.6029411764705882,0.5034602076124568
157,0.5086505190311419,0.37951654665381485,0.32043621305035525,0.28394200804948416,0.610726643598616,0.12025325000286102,0.05694873072206974,0.0,0.0575862992554903,0.31626389804296196,"[0.7015570998191833, 0.7733564376831055]",0.3513,0.5475778546712803,0.5631487889273357,0.578719723183391,0.6323529411764706,0.6020761245674741,0.6020761245674741,0.504325259515571
158,0.5588235294117647,0.4332870332543509,0.3289838643982161,0.3412078954749915,0.6046712802768166,0.13604141771793365,0.056932855397462845,0.0,0.05756661109626293,0.3466606120346114,"[0.7015570998191833, 0.7733564376831055]",0.5161,0.5692041522491349,0.5726643598615917,0.606401384083045,0.6565743944636678,0.6522491349480969,0.6522491349480969,0.5259515570934256
159,0.5847750865051903,0.4591670541037629,0.3561577502987928,0.37197692561380297,0.6271626297577855,0.13280072808265686,0.05691743083298206,0.0,0.057546550408005714,0.3477629489498213,"[0.7015570998191833, 0.7733564376831055]",0.5612,0.6055363321799307,0.6375432525951558,0.653114186851211,0.6565743944636678,0.6505190311418685,0.6505190311418685,0.5432525951557093
160,0.5977508650519031,0.482437398842094,0.36275498896068675,0.38824504635395995,0.6288927335640139,0.13340161740779877,0.05690256133675575,0.0,0.057526545599102974,0.4800744110252708,"[0.7015570998191833, 0.7733564376831055]",0.337,0.592560553633218,0.6193771626297578,0.634083044982699,0.6548442906574394,0.6565743944636678,0.6565743944636678,0.5250865051903114
161,0.5908304498269896,0.48199789497816814,0.36208818671665916,0.36083051104574365,0.634083044982699,0.12721607089042664,0.05688781104981899,0.0,0.0575067475438118,0.29305638500954956,"[0.7015570998191833, 0.7733564376831055]",0.3369,0.615916955017301,0.6427335640138409,0.6557093425605537,0.6634948096885813,0.6557093425605537,0.6557093425605537,0.551038062283737
162,0.5865051903114187,0.4772679757482188,0.3613806439925126,0.353721928603739,0.6306228373702422,0.12147457152605057,0.05687326192855835,0.0,0.0574877243489027,0.29437749297358096,"[0.7015570998191833, 0.7733564376831055]",0.3293,0.615916955017301,0.6427335640138409,0.6539792387543253,0.6634948096885813,0.6548442906574394,0.6548442906574394,0.551038062283737
163,0.5873702422145328,0.46542704798836654,0.35747256869771354,0.38033830216675485,0.6288927335640139,0.12904280424118042,0.05685887485742569,0.0,0.05746956542134285,0.29488859395496547,"[0.7015570998191833, 0.7733564376831055]",0.495,0.6003460207612457,0.6358131487889274,0.6479238754325259,0.653114186851211,0.653114186851211,0.653114186851211,0.5380622837370242
164,0.5873702422145328,0.4656684425649682,0.3569484621379479,0.37917155112880957,0.6288927335640139,0.12933318316936493,0.056844841688871384,0.0,0.05745156481862068,0.4294750529807061,"[0.7015570998191833, 0.7733564376831055]",0.3668,0.5986159169550173,0.6245674740484429,0.6349480968858131,0.653114186851211,0.6557093425605537,0.6557093425605537,0.5259515570934256
165,0.5847750865051903,0.4604580972124447,0.35475922138559174,0.3759568493736464,0.6262975778546713,0.1316661238670349,0.056830720975995064,0.0,0.057434117421507835,0.3261197400279343,"[0.7015570998191833, 0.7733564376831055]",0.3558,0.6020761245674741,0.6332179930795848,0.6505190311418685,0.653114186851211,0.653114186851211,0.653114186851211,0.5406574394463668
166,0.6176470588235294,0.5106100325747873,0.389129438407505,0.4127402504061488,0.6513840830449827,0.13492722809314728,0.05681699514389038,0.0,0.05741688795387745,0.31383094703778625,"[0.7015570998191833, 0.7733564376831055]",0.3465,0.6003460207612457,0.634083044982699,0.6513840830449827,0.6548442906574394,0.6539792387543253,0.6539792387543253,0.5406574394463668
167,0.6124567474048442,0.5034673718059959,0.3829524991460299,0.4059355966870177,0.6470588235294118,0.13487139344215393,0.056803932413458824,0.0,0.057399431243538857,0.3092654430074617,"[0.7015570998191833, 0.7733564376831055]",0.3387,0.6029411764705882,0.6358131487889274,0.6505190311418685,0.653114186851211,0.653114186851211,0.653114186851211,0.5406574394463668
168,0.6133217993079585,0.5044569262888164,0.3840006250473593,0.4077038733699778,0.6479238754325259,0.13483686745166779,0.05679137632250786,0.0,0.05738271586596966,0.34295637905597687,"[0.7015570998191833, 0.7733564376831055]",0.3359,0.6029411764705882,0.6358131487889274,0.6505190311418685,0.653114186851211,0.653114186851211,0.653114186851211,0.5415224913494809
169,0.5856401384083045,0.46089176340239757,0.3558831529450329,0.3740088716121954,0.6271626297577855,0.13665610551834106,0.05677901208400726,0.0,0.05736665800213814,0.3136001129169017,"[0.7015570998191833, 0.7733564376831055]",0.3366,0.6038062283737025,0.6349480968858131,0.6513840830449827,0.653114186851211,0.6539792387543253,0.6539792387543253,0.5423875432525952
170,0.5847750865051903,0.4598898521043544,0.3532715176293407,0.37380220348504617,0.6262975778546713,0.13230744004249573,0.05676694214344025,0.0,0.05735128000378609,0.3302731489529833,"[0.7015570998191833, 0.7733564376831055]",0.3401,0.6038062283737025,0.6349480968858131,0.6522491349480969,0.6539792387543253,0.6539792387543253,0.6539792387543253,0.5423875432525952
171,0.5839100346020761,0.4588962977668267,0.35211883962704854,0.3720509197588461,0.6254325259515571,0.13216792047023773,0.05675532668828964,0.0,0.057336144149303436,0.33976000803522766,"[0.7015570998191833, 0.7733564376831055]",0.4459,0.6038062283737025,0.6349480968858131,0.6522491349480969,0.6539792387543253,0.6539792387543253,0.6539792387543253,0.5423875432525952
172,0.5908304498269896,0.4700167101544236,0.3604457353969177,0.38405871783635553,0.6323529411764706,0.13041046261787415,0.056744104251265526,0.0,0.05732091888785362,0.3414521989179775,"[0.7015570998191833, 0.7733564376831055]",0.4125,0.6055363321799307,0.6358131487889274,0.6522491349480969,0.6548442906574394,0.6548442906574394,0.6548442906574394,0.5441176470588235
173,0.5847750865051903,0.4601956557268604,0.3547156749775314,0.37507938291571574,0.6262975778546713,0.13172271847724915,0.05673215538263321,0.0,0.05730775371193886,0.3322110880399123,"[0.7015570998191833, 0.7733564376831055]",0.4377,0.6055363321799307,0.6358131487889274,0.653114186851211,0.6539792387543253,0.6548442906574394,0.6548442906574394,0.5458477508650519
174,0.5942906574394463,0.4710368054823817,0.3648866162554194,0.3851064399685281,0.6323529411764706,0.1329372227191925,0.05672108195722103,0.0,0.057294078171253204,0.31727339792996645,"[0.7015570998191833, 0.7733564376831055]",0.3498,0.6020761245674741,0.6366782006920415,0.6479238754325259,0.653114186851211,0.6539792387543253,0.6539792387543253,0.5432525951557093
175,0.5934256055363322,0.46954046106201264,0.3623553722334315,0.3820547150621034,0.6306228373702422,0.1344345062971115,0.05670999363064766,0.0,0.05728134140372276,0.3263929890235886,"[0.7015570998191833, 0.7733564376831055]",0.3488,0.6020761245674741,0.6366782006920415,0.6470588235294118,0.653114186851211,0.6539792387543253,0.6539792387543253,0.5423875432525952
176,0.5934256055363322,0.4696699053386355,0.3636270099382099,0.38334148370110205,0.6314878892733564,0.134568989276886,0.05669929087162018,0.0,0.057268520817160606,0.32069850398693234,"[0.7015570998191833, 0.7733564376831055]",0.4692,0.5899653979238755,0.6306228373702422,0.6427335640138409,0.6548442906574394,0.6513840830449827,0.6513840830449827,0.527681660899654
177,0.6124567474048442,0.5053803902991568,0.38953162738994435,0.4031789516279988,0.653114186851211,0.1267397701740265,0.056688809767365456,0.0,0.05725576542317867,0.30715293902903795,"[0.7015570998191833, 0.7733564376831055]",0.3511,0.596885813148789,0.6306228373702422,0.6410034602076125,0.653114186851211,0.6496539792387543,0.6496539792387543,0.5302768166089965
178,0.5960207612456747,0.4867624465706333,0.3747681819418353,0.3727380933890645,0.6358131487889274,0.12403175234794617,0.05667859874665737,0.0,0.0572433415800333,0.30122468096669763,"[0.7015570998191833, 0.7733564376831055]",0.3406,0.5951557093425606,0.6254325259515571,0.6358131487889274,0.6496539792387543,0.6505190311418685,0.6505190311418685,0.5268166089965398
179,0.5942906574394463,0.48490379070238065,0.3752501074000708,0.37061276747387867,0.634083044982699,0.12413302063941956,0.05666850320994854,0.0,0.057231949642300606,0.3301807719981298,"[0.7015570998191833, 0.7733564376831055]",0.3435,0.5951557093425606,0.6254325259515571,0.6358131487889274,0.6496539792387543,0.6496539792387543,0.6496539792387543,0.5268166089965398
180,0.5934256055363322,0.4840319806725667,0.375141763124939,0.3697099563569485,0.6332179930795848,0.12424075603485107,0.05665902979671955,0.0,0.05722099542617798,0.3129399319877848,"[0.7015570998191833, 0.7733564376831055]",0.357,0.5942906574394463,0.6254325259515571,0.6358131487889274,0.6479238754325259,0.6487889273356401,0.6487889273356401,0.5268166089965398
181,0.5942906574394463,0.48505692103998443,0.37548292280659623,0.3704980111627607,0.6332179930795848,0.12431854009628296,0.056649770587682724,0.0,0.05720880441367626,0.29567890404723585,"[0.7015570998191833, 0.7733564376831055]",0.3369,0.5951557093425606,0.6254325259515571,0.6358131487889274,0.6479238754325259,0.6487889273356401,0.6487889273356401,0.5268166089965398
182,0.5942906574394463,0.48505496467709797,0.37379975556627043,0.3700877448532489,0.6332179930795848,0.12437812238931656,0.05664151534438133,0.0,0.05719783715903759,0.28777458099648356,"[0.7015570998191833, 0.7733564376831055]",0.352,0.592560553633218,0.6219723183391004,0.6358131487889274,0.6487889273356401,0.6487889273356401,0.6487889273356401,0.527681660899654
183,0.5942906574394463,0.48505496467709797,0.37379975556627043,0.3700877448532489,0.6332179930795848,0.12443084269762039,0.0566334780305624,0.0,0.0571864265948534,0.30914828495588154,"[0.7015570998191833, 0.7733564376831055]",0.3448,0.5916955017301038,0.6193771626297578,0.6349480968858131,0.6496539792387543,0.6479238754325259,0.6479238754325259,0.5259515570934256
184,0.5942906574394463,0.48505496467709797,0.37379975556627043,0.3700877448532489,0.6332179930795848,0.12448586523532867,0.05662556551396847,0.0,0.057175833731889725,0.30578045500442386,"[0.7015570998191833, 0.7733564376831055]",0.353,0.5916955017301038,0.6193771626297578,0.6349480968858131,0.6496539792387543,0.6479238754325259,0.6479238754325259,0.5259515570934256
185,0.5942906574394463,0.48505496467709797,0.37379975556627043,0.3700877448532489,0.6332179930795848,0.12454644590616226,0.05661754496395588,0.0,0.05716541036963463,0.29130641801748425,"[0.7015570998191833, 0.7733564376831055]",0.353,0.5916955017301038,0.6193771626297578,0.6349480968858131,0.6496539792387543,0.6479238754325259,0.6479238754325259,0.5259515570934256
186,0.5847750865051903,0.46382914578691137,0.3391250103317493,0.37368308829331953,0.6124567474048442,0.1367483139038086,0.05660945363342762,0.0,0.05715586431324482,0.3157134409993887,"[0.7015570998191833, 0.7733564376831055]",0.3604,0.5899653979238755,0.6211072664359861,0.6332179930795848,0.6479238754325259,0.6513840830449827,0.6513840830449827,0.5198961937716263
187,0.5813148788927336,0.4621710447264782,0.3386904558172784,0.36056617728472723,0.6046712802768166,0.13878926634788513,0.05660148896276951,0.0,0.05714673362672329,0.4516471909591928,"[0.7015570998191833, 0.7733564376831055]",0.5222,0.592560553633218,0.6237024221453287,0.6314878892733564,0.6505190311418685,0.653114186851211,0.653114186851211,0.5190311418685121
188,0.5813148788927336,0.4622981950839318,0.3408518970024149,0.362019615848624,0.6029411764705882,0.1382170021533966,0.05659388191998005,0.0,0.05713781528174877,0.46214296808466315,"[0.7015570998191833, 0.7733564376831055]",0.4324,0.592560553633218,0.6245674740484429,0.6280276816608996,0.6522491349480969,0.6557093425605537,0.6557093425605537,0.5190311418685121
189,0.5813148788927336,0.4622981950839318,0.3408518970024149,0.362019615848624,0.6029411764705882,0.13813647627830505,0.056586308404803276,0.0,0.057129016146063805,0.3420771339442581,"[0.7015570998191833, 0.7733564376831055]",0.3932,0.5951557093425606,0.6271626297577855,0.629757785467128,0.6539792387543253,0.657439446366782,0.657439446366782,0.5207612456747405
190,0.5683391003460208,0.4541581779660616,0.3633265895659634,0.3594001078289971,0.6280276816608996,0.14533764123916626,0.0565788596868515,0.0,0.057120420038700104,0.33200547203887254,"[0.7015570998191833, 0.7733564376831055]",0.4044,0.6046712802768166,0.6271626297577855,0.6444636678200693,0.657439446366782,0.6557093425605537,0.6557093425605537,0.5337370242214533
191,0.5640138408304498,0.4487122956884757,0.3594437421448646,0.3562901968135489,0.6254325259515571,0.14033296704292297,0.056571658700704575,0.0,0.05711169354617596,0.3128157990286127,"[0.7015570998191833, 0.7733564376831055]",0.3433,0.6081314878892734,0.6262975778546713,0.6453287197231834,0.6557093425605537,0.6548442906574394,0.6548442906574394,0.5354671280276817
192,0.5596885813148789,0.4429448363874593,0.3556226661102761,0.3500507338662655,0.6219723183391004,0.13950634002685547,0.056564534083008766,0.0,0.05710306204855442,0.34157616598531604,"[0.7015570998191833, 0.7733564376831055]",0.4228,0.610726643598616,0.629757785467128,0.6444636678200693,0.6557093425605537,0.6548442906574394,0.6548442906574394,0.5354671280276817
193,0.5553633217993079,0.43745893491124266,0.3519854874676554,0.34418709708765044,0.6176470588235294,0.13949640095233917,0.056557586416602135,0.0,0.0570945143699646,0.31367543200030923,"[0.7015570998191833, 0.7733564376831055]",0.3482,0.6072664359861591,0.6280276816608996,0.6427335640138409,0.6539792387543253,0.653114186851211,0.653114186851211,0.5337370242214533
194,0.5519031141868512,0.4330672281637229,0.3495333719992064,0.3410415982739973,0.6150519031141869,0.13961642980575562,0.056550873443484306,0.0,0.05708576738834381,0.3018682539695874,"[0.7015570998191833, 0.7733564376831055]",0.3498,0.6072664359861591,0.6271626297577855,0.6427335640138409,0.6539792387543253,0.6522491349480969,0.6522491349480969,0.5337370242214533
195,0.5519031141868512,0.4328089317191779,0.3483851184851427,0.33976886786674304,0.6150519031141869,0.1397262066602707,0.056544333696365356,0.0,0.05707704834640026,0.31120978994295,"[0.7015570998191833, 0.7733564376831055]",0.3503,0.606401384083045,0.6262975778546713,0.6418685121107266,0.653114186851211,0.6513840830449827,0.6513840830449827,0.532871972318339
196,0.551038062283737,0.43171396826689834,0.3483516486586312,0.3396930557207703,0.6141868512110726,0.13980215787887573,0.056537942960858345,0.0,0.05706850439310074,0.32943701301701367,"[0.7015570998191833, 0.7733564376831055]",0.3604,0.606401384083045,0.6262975778546713,0.6418685121107266,0.653114186851211,0.6513840830449827,0.6513840830449827,0.5337370242214533
197,0.551038062283737,0.43171396826689834,0.3483516486586312,0.3396930557207703,0.6141868512110726,0.13988232612609863,0.056531794369220734,0.0,0.057059986516833305,0.30932195496279746,"[0.7015570998191833, 0.7733564376831055]",0.3585,0.5908304498269896,0.6055363321799307,0.6038062283737025,0.6617647058823529,0.6704152249134948,0.6704152249134948,0.5588235294117647
198,0.551038062283737,0.43171396826689834,0.3483516486586312,0.3396930557207703,0.6141868512110726,0.1399601250886917,0.05652575008571148,0.0,0.057051271200180054,0.36713324510492384,"[0.7015570998191833, 0.7733564376831055]",0.3549,0.5908304498269896,0.6055363321799307,0.6038062283737025,0.6617647058823529,0.671280276816609,0.671280276816609,0.5588235294117647
199,0.551038062283737,0.43171396826689834,0.3483516486586312,0.3396930557207703,0.6141868512110726,0.14003318548202515,0.056519847363233566,0.0,0.057042885571718216,0.29767213203012943,"[0.7015570998191833, 0.7733564376831055]",0.3467,0.5891003460207612,0.6038062283737025,0.6020761245674741,0.6600346020761245,0.6686851211072664,0.6686851211072664,0.5570934256055363
200,0.551038062283737,0.4318302131048649,0.34914278915765434,0.34059974172677054,0.6150519031141869,0.1401163935661316,0.05651412531733513,0.0,0.05703488364815712,0.32108828297350556,"[0.7015570998191833, 0.7733564376831055]",0.4755,0.5899653979238755,0.6038062283737025,0.6029411764705882,0.6608996539792388,0.6704152249134948,0.6704152249134948,0.5579584775086506
201,0.551038062283737,0.4318302131048649,0.34914278915765434,0.34059974172677054,0.6150519031141869,0.14019200205802917,0.05650845170021057,0.0,0.05702667683362961,0.3658627539407462,"[0.7015570998191833, 0.7733564376831055]",0.4589,0.5899653979238755,0.6038062283737025,0.6029411764705882,0.6608996539792388,0.6704152249134948,0.6704152249134948,0.5579584775086506
202,0.606401384083045,0.5010515311944768,0.37581522058232075,0.38312103158673716,0.6314878892733564,0.1364496946334839,0.05650275573134422,0.0,0.05701870284974575,0.3090691709658131,"[0.7015570998191833, 0.7733564376831055]",0.3581,0.5916955017301038,0.6089965397923875,0.6115916955017301,0.6686851211072664,0.6756055363321799,0.6756055363321799,0.5605536332179931
203,0.6038062283737025,0.49765978502091635,0.3763120464371772,0.38083522250414725,0.6306228373702422,0.13292017579078674,0.05649701692163944,0.0,0.05701091326773167,0.366112400079146,"[0.7015570998191833, 0.7733564376831055]",0.3376,0.5960207612456747,0.6115916955017301,0.6185121107266436,0.6704152249134948,0.6773356401384083,0.6773356401384083,0.5657439446366782
204,0.5769896193771626,0.45592303205650164,0.337411409791337,0.3614664179259766,0.6029411764705882,0.1384083330631256,0.05649144761264324,0.0,0.057003241032361984,0.34265330294147134,"[0.7015570998191833, 0.7733564376831055]",0.3451,0.592560553633218,0.610726643598616,0.6150519031141869,0.6686851211072664,0.6643598615916955,0.6643598615916955,0.5666089965397924
205,0.6375432525951558,0.5366392175470283,0.3712575949882737,0.39904615741105653,0.6375432525951558,0.152642160654068,0.05648588389158249,0.0,0.05699603445827961,0.34628669498488307,"[0.7015570998191833, 0.7733564376831055]",0.3654,0.596885813148789,0.615916955017301,0.6245674740484429,0.6721453287197232,0.6807958477508651,0.6807958477508651,0.5692041522491349
206,0.6487889273356401,0.5513662064054219,0.3753670071185636,0.4074096906667949,0.6487889273356401,0.1492227464914322,0.056480396538972855,0.0,0.056989511474967,0.3278044370235875,"[0.7015570998191833, 0.7733564376831055]",0.3703,0.5397923875432526,0.5441176470588235,0.5441176470588235,0.6029411764705882,0.6306228373702422,0.6306228373702422,0.5086505190311419
207,0.6496539792387543,0.5522876192006243,0.38331701431244186,0.4130846219660176,0.6496539792387543,0.1488519161939621,0.0564788393676281,0.0,0.056987153366208076,0.3238497470738366,"[0.7015570998191833, 0.7733564376831055]",0.3375,0.4939446366782007,0.5173010380622838,0.5752595155709342,0.6055363321799307,0.6046712802768166,0.6046712802768166,0.4809688581314879
208,0.643598615916955,0.5461097806084183,0.3784510904497322,0.4013206765788924,0.643598615916955,0.14909550547599792,0.056474970653653145,0.0,0.056984495371580124,0.32835010800044984,"[0.7015570998191833, 0.7733564376831055]",0.3498,0.49653979238754326,0.5173010380622838,0.578719723183391,0.6055363321799307,0.6038062283737025,0.6038062283737025,0.4818339100346021
209,0.634083044982699,0.5284158143706512,0.401850073754314,0.44584565191340836,0.6608996539792388,0.13974709808826447,0.056470999494194984,0.0,0.05697895400226116,0.32171907799784094,"[0.7015570998191833, 0.7733564376831055]",0.3618,0.4826989619377163,0.5069204152249135,0.5873702422145328,0.5891003460207612,0.5899653979238755,0.5899653979238755,0.46539792387543255
210,0.6306228373702422,0.5228012509727908,0.40339607237629826,0.4489338168237484,0.6591695501730104,0.12884122133255005,0.05646139197051525,0.0,0.05696852132678032,0.32181409490294755,"[0.7015570998191833, 0.7733564376831055]",0.3343,0.4852941176470588,0.5077854671280276,0.5847750865051903,0.5856401384083045,0.5891003460207612,0.5891003460207612,0.4662629757785467
211,0.6254325259515571,0.5156491759084456,0.39693021165322123,0.4413999683357152,0.6539792387543253,0.12797203660011292,0.05645572952926159,0.0,0.056957973167300224,0.46998014801647514,"[0.7015570998191833, 0.7733564376831055]",0.366,0.4870242214532872,0.5086505190311419,0.5839100346020761,0.5856401384083045,0.5891003460207612,0.5891003460207612,0.4662629757785467
212,0.6228373702422145,0.5120790484294575,0.39136738010707156,0.43861482773720145,0.6513840830449827,0.127883642911911,0.05645066872239113,0.0,0.05694797821342945,0.30758167093154043,"[0.7015570998191833, 0.7733564376831055]",0.3621,0.486159169550173,0.5086505190311419,0.583044982698962,0.5847750865051903,0.5882352941176471,0.5882352941176471,0.46539792387543255
213,0.6211072664359861,0.5098427769457818,0.3905077463808835,0.43798731409300123,0.6496539792387543,0.12788119912147522,0.05644610896706581,0.0,0.05693797394633293,0.2932323729619384,"[0.7015570998191833, 0.7733564376831055]",0.3625,0.486159169550173,0.5086505190311419,0.5821799307958477,0.5847750865051903,0.5882352941176471,0.5882352941176471,0.46539792387543255
214,0.6193771626297578,0.5076046161099177,0.3889181842660964,0.43546831216148085,0.6479238754325259,0.12793317437171936,0.056441742926836014,0.0,0.056928183883428574,0.3210949649801478,"[0.7015570998191833, 0.7733564376831055]",0.3465,0.5709342560553633,0.5795847750865052,0.5891003460207612,0.643598615916955,0.6453287197231834,0.6453287197231834,0.5294117647058824
215,0.6167820069204152,0.5040879903240083,0.38804647649599633,0.433554369831321,0.6453287197231834,0.1280173808336258,0.05643753707408905,0.0,0.056918540969491005,0.300347686978057,"[0.7015570998191833, 0.7733564376831055]",0.3388,0.5692041522491349,0.5795847750865052,0.5882352941176471,0.6427335640138409,0.6453287197231834,0.6453287197231834,0.5294117647058824
216,0.6228373702422145,0.5219647384310128,0.36137840681712036,0.3727643367347084,0.6228373702422145,0.15366460382938385,0.05643383227288723,0.0,0.05690903402864933,0.2970426849788055,"[0.7015570998191833, 0.7733564376831055]",0.3518,0.5891003460207612,0.6012110726643599,0.6167820069204152,0.6591695501730104,0.6591695501730104,0.6591695501730104,0.5475778546712803
217,0.6288927335640139,0.5307318393305089,0.37019950800440865,0.37602821634222977,0.6288927335640139,0.1506958305835724,0.05643025413155556,0.0,0.05689980648458004,0.4334118659608066,"[0.7015570998191833, 0.7733564376831055]",0.3332,0.5882352941176471,0.5994809688581315,0.6288927335640139,0.6591695501730104,0.657439446366782,0.657439446366782,0.5467128027681661
218,0.6418685121107266,0.5458803346136911,0.37725091347547113,0.39513045435548794,0.6418685121107266,0.14983698725700378,0.05642677843570709,0.0,0.05689090117812157,0.31330997101031244,"[0.7015570998191833, 0.7733564376831055]",0.4294,0.592560553633218,0.6003460207612457,0.629757785467128,0.6583044982698962,0.6557093425605537,0.6557093425605537,0.5467128027681661
219,0.6444636678200693,0.5485035835311514,0.3784831472005365,0.39870858494396566,0.6444636678200693,0.15001562237739563,0.056423457339406013,0.0,0.05688190273940563,0.30601451091933995,"[0.7015570998191833, 0.7733564376831055]",0.336,0.5847750865051903,0.6020761245674741,0.6288927335640139,0.6557093425605537,0.6548442906574394,0.6548442906574394,0.5458477508650519
220,0.6479238754325259,0.5523655575355617,0.38251838179708375,0.40479606721237343,0.6479238754325259,0.15019360184669495,0.05642019957304001,0.0,0.056873077526688576,0.47810722596477717,"[0.7015570998191833, 0.7733564376831055]",0.3443,0.592560553633218,0.6003460207612457,0.6306228373702422,0.657439446366782,0.6557093425605537,0.6557093425605537,0.5475778546712803
221,0.6600346020761245,0.5624809196695215,0.40879272856218657,0.44107004278639256,0.6600346020761245,0.14891710877418518,0.05641721189022064,0.0,0.0568647813051939,0.3031686709728092,"[0.7015570998191833, 0.7733564376831055]",0.3528,0.592560553633218,0.6038062283737025,0.6306228373702422,0.6557093425605537,0.6539792387543253,0.6539792387543253,0.5475778546712803
222,0.6608996539792388,0.5633132730400259,0.4106906400381627,0.44387551216429255,0.6608996539792388,0.14547878503799438,0.05641436390578747,0.0,0.0568565409630537,0.29998889099806547,"[0.7015570998191833, 0.7733564376831055]",0.3454,0.5916955017301038,0.6029411764705882,0.6288927335640139,0.6548442906574394,0.653114186851211,0.653114186851211,0.5467128027681661
223,0.6608996539792388,0.5634024685981635,0.4091517773141714,0.44424982330549895,0.6608996539792388,0.14527177810668945,0.05641157925128937,0.0,0.05684841796755791,0.2966251390753314,"[0.7015570998191833, 0.7733564376831055]",0.3304,0.5017301038062284,0.5198961937716263,0.5700692041522492,0.5683391003460208,0.5709342560553633,0.5709342560553633,0.47837370242214533
224,0.6608996539792388,0.5632770795446114,0.4086449329673585,0.4446657261005815,0.6608996539792388,0.14531607925891876,0.05640879273414612,0.0,0.05684026703238487,0.3160622470313683,"[0.7015570998191833, 0.7733564376831055]",0.3292,0.5017301038062284,0.5207612456747405,0.5700692041522492,0.5683391003460208,0.5709342560553633,0.5709342560553633,0.47837370242214533
225,0.6608996539792388,0.5632770795446114,0.4086449329673585,0.4446657261005815,0.6608996539792388,0.14539459347724915,0.05640616454184055,0.0,0.0568318497389555,0.3052285989979282,"[0.7015570998191833, 0.7733564376831055]",0.3219,0.5008650519031141,0.5207612456747405,0.5683391003460208,0.5683391003460208,0.5709342560553633,0.5709342560553633,0.47837370242214533
226,0.6608996539792388,0.5634916277264194,0.4126599833656934,0.44670305751710077,0.6608996539792388,0.14547660946846008,0.05640360340476036,0.0,0.05682353302836418,0.3078450539615005,"[0.7015570998191833, 0.7733564376831055]",0.3224,0.504325259515571,0.523356401384083,0.5692041522491349,0.5709342560553633,0.5735294117647058,0.5735294117647058,0.4809688581314879
227,0.6626297577854672,0.5657266593973114,0.41491065530097887,0.4496031201105874,0.6626297577854672,0.1454979032278061,0.05640100874006748,0.0,0.056815847754478455,0.37576029205229133,"[0.7015570998191833, 0.7733564376831055]",0.3223,0.504325259515571,0.523356401384083,0.5692041522491349,0.5709342560553633,0.5735294117647058,0.5735294117647058,0.4809688581314879
228,0.6617647058823529,0.5646051694924235,0.4121512347742812,0.44917226190102466,0.6617647058823529,0.14557698369026184,0.05639835633337498,0.0,0.0568076204508543,0.3284626080421731,"[0.7015570998191833, 0.7733564376831055]",0.3781,0.5008650519031141,0.5207612456747405,0.5683391003460208,0.5683391003460208,0.5709342560553633,0.5709342560553633,0.47837370242214533
229,0.6626297577854672,0.5650130976559297,0.41180818393972846,0.44923667966273867,0.6626297577854672,0.14566479623317719,0.05639583058655262,0.0,0.05679941363632679,0.3430402029771358,"[0.7015570998191833, 0.7733564376831055]",0.3612,0.49653979238754326,0.5320069204152249,0.5908304498269896,0.5813148788927336,0.6167820069204152,0.6167820069204152,0.486159169550173
230,0.6617647058823529,0.563308297409004,0.409984734403856,0.4452714351072168,0.6617647058823529,0.1457756906747818,0.05639337748289108,0.0,0.0567921195179224,0.3113319929689169,"[0.7015570998191833, 0.7733564376831055]",0.3316,0.5778546712802768,0.5891003460207612,0.6176470588235294,0.6401384083044983,0.639273356401384,0.639273356401384,0.532871972318339
231,0.6600346020761245,0.5608785753500922,0.40861822036462264,0.44323073821248987,0.6600346020761245,0.14579743146896362,0.056390898302197456,0.0,0.05678489990532398,0.30594034306705,"[0.7015570998191833, 0.7733564376831055]",0.435,0.578719723183391,0.606401384083045,0.6038062283737025,0.6133217993079585,0.6358131487889274,0.6358131487889274,0.49480968858131485
232,0.6600346020761245,0.5608785753500922,0.40861822036462264,0.44323073821248987,0.6600346020761245,0.14585275948047638,0.05638778582215309,0.0,0.056778065860271454,0.5118155940435827,"[0.7015570998191833, 0.7733564376831055]",0.3803,0.578719723183391,0.606401384083045,0.6038062283737025,0.6124567474048442,0.6358131487889274,0.6358131487889274,0.49480968858131485
233,0.6600346020761245,0.5608785753500922,0.40861822036462264,0.44323073821248987,0.6600346020761245,0.14591819047927856,0.05638495832681656,0.0,0.056771423667669296,0.3071196679957211,"[0.7015570998191833, 0.7733564376831055]",0.328,0.578719723183391,0.606401384083045,0.6038062283737025,0.6124567474048442,0.6358131487889274,0.6358131487889274,0.49480968858131485
234,0.6608996539792388,0.5618981140867769,0.40971249308724117,0.44497620429164125,0.6608996539792388,0.14598232507705688,0.05638214386999607,0.0,0.056764693930745125,0.28515533497557044,"[0.7015570998191833, 0.7733564376831055]",0.3324,0.49653979238754326,0.5320069204152249,0.5908304498269896,0.5813148788927336,0.6176470588235294,0.6176470588235294,0.486159169550173
235,0.6617647058823529,0.5631132899793538,0.41039312687198715,0.44599665649487064,0.6617647058823529,0.14604613184928894,0.0563792958855629,0.0,0.05675807408988476,0.2882788709830493,"[0.7015570998191833, 0.7733564376831055]",0.331,0.5008650519031141,0.5207612456747405,0.5700692041522492,0.5683391003460208,0.5717993079584776,0.5717993079584776,0.47837370242214533
236,0.6617647058823529,0.5631052664646494,0.4100912856696288,0.44611031111239424,0.6617647058823529,0.14611157774925232,0.0563765000551939,0.0,0.05675152875483036,0.2994716960238293,"[0.7015570998191833, 0.7733564376831055]",0.3451,0.49653979238754326,0.532871972318339,0.5908304498269896,0.5813148788927336,0.6176470588235294,0.6176470588235294,0.486159169550173
237,0.6617647058823529,0.5631052664646494,0.4100912856696288,0.44611031111239424,0.6617647058823529,0.14617440104484558,0.056373801082372665,0.0,0.05674503743648529,0.30165915307588875,"[0.7015570998191833, 0.7733564376831055]",0.3388,0.49653979238754326,0.532871972318339,0.5908304498269896,0.5804498269896193,0.6176470588235294,0.6176470588235294,0.486159169550173
238,0.6617647058823529,0.5631052664646494,0.4100912856696288,0.44611031111239424,0.6617647058823529,0.14623582363128662,0.056371282786130905,0.0,0.05673840828239918,0.30787024495657533,"[0.7015570998191833, 0.7733564376831055]",0.3381,0.49653979238754326,0.532871972318339,0.5908304498269896,0.5804498269896193,0.6176470588235294,0.6176470588235294,0.486159169550173
239,0.6626297577854672,0.5642104286366061,0.4106731646834072,0.447764886459681,0.6626297577854672,0.14629657566547394,0.05636850371956825,0.0,0.056731998920440674,0.3006594160106033,"[0.7015570998191833, 0.7733564376831055]",0.3358,0.49653979238754326,0.5337370242214533,0.5908304498269896,0.5804498269896193,0.6176470588235294,0.6176470588235294,0.486159169550173
240,0.6626297577854672,0.5638474375408131,0.40832166131472436,0.4467669909129888,0.6626297577854672,0.14641976356506348,0.05636601895093918,0.0,0.05672590434551239,0.29990729794371873,"[0.7015570998191833, 0.7733564376831055]",0.3377,0.49653979238754326,0.5337370242214533,0.5908304498269896,0.5804498269896193,0.6176470588235294,0.6176470588235294,0.4870242214532872
241,0.6608996539792388,0.5617252368356149,0.4102017588085613,0.4446467707822523,0.6608996539792388,0.14650703966617584,0.05636348016560078,0.0,0.05672008916735649,0.30391465697903186,"[0.7015570998191833, 0.7733564376831055]",0.3259,0.49653979238754326,0.5346020761245674,0.5908304498269896,0.5795847750865052,0.6176470588235294,0.6176470588235294,0.4870242214532872
242,0.6600346020761245,0.5605089995878938,0.4095429454137468,0.44364224310655703,0.6600346020761245,0.14642730355262756,0.05636109597980976,0.0,0.05671411566436291,0.30996282410342246,"[0.7015570998191833, 0.7733564376831055]",0.3116,0.49740484429065746,0.5354671280276817,0.5916955017301038,0.5804498269896193,0.6185121107266436,0.6185121107266436,0.48788927335640137
243,0.6600346020761245,0.5605089995878938,0.4095429454137468,0.44364224310655703,0.6600346020761245,0.14644339680671692,0.056358641013503075,0.0,0.05670814961194992,0.35637994203716516,"[0.7015570998191833, 0.7733564376831055]",0.3499,0.49740484429065746,0.5354671280276817,0.5916955017301038,0.5804498269896193,0.6185121107266436,0.6185121107266436,0.48788927335640137
244,0.6617647058823529,0.5629409307506652,0.41087424597756045,0.44566371681776873,0.6617647058823529,0.14646080136299133,0.056356197223067284,0.0,0.05670242942869663,0.3340438159648329,"[0.7015570998191833, 0.7733564376831055]",0.3289,0.49740484429065746,0.5363321799307958,0.592560553633218,0.5804498269896193,0.6193771626297578,0.6193771626297578,0.48788927335640137
245,0.6617647058823529,0.5627375579837379,0.4108329268696776,0.4462588568350115,0.6617647058823529,0.14645490050315857,0.05635379068553448,0.0,0.056696800515055656,0.31635863904375583,"[0.7015570998191833, 0.7733564376831055]",0.343,0.4991349480968858,0.53719723183391,0.5942906574394463,0.5813148788927336,0.620242214532872,0.620242214532872,0.48961937716262977
246,0.5302768166089965,0.41729489775173567,0.3558098481968206,0.31623014334906235,0.6288927335640139,0.1470143049955368,0.056351350620388985,0.0,0.05669130012392998,0.32353321299888194,"[0.7015570998191833, 0.7733564376831055]",0.3394,0.5,0.5484429065743944,0.5942906574394463,0.583044982698962,0.6193771626297578,0.6193771626297578,0.48788927335640137
247,0.6410034602076125,0.5399942468117748,0.4011290799465449,0.41506915308837683,0.6626297577854672,0.1501084268093109,0.056349147111177444,0.0,0.0566856823861599,0.3135464860824868,"[0.7015570998191833, 0.7733564376831055]",0.3279,0.5017301038062284,0.5406574394463668,0.5960207612456747,0.5847750865051903,0.6167820069204152,0.6167820069204152,0.48961937716262977
248,0.6418685121107266,0.5415172588214895,0.40271577307555606,0.41594579818992483,0.6643598615916955,0.14652356505393982,0.05634753778576851,0.0,0.05667947605252266,0.2962386510334909,"[0.7015570998191833, 0.7733564376831055]",0.3243,0.5008650519031141,0.5389273356401384,0.5960207612456747,0.5821799307958477,0.5942906574394463,0.5942906574394463,0.49048442906574397
249,0.6366782006920415,0.5361288658316374,0.40152249799624784,0.41297693980015376,0.6652249134948097,0.1461218148469925,0.05634585581719875,0.0,0.05667362920939922,0.29450217401608825,"[0.7015570998191833, 0.7733564376831055]",0.3581,0.49048442906574397,0.5294117647058824,0.5865051903114187,0.5717993079584776,0.5847750865051903,0.5847750865051903,0.4809688581314879
250,0.6358131487889274,0.5350759372020643,0.40225270893580595,0.41214581165348274,0.666955017301038,0.1459439992904663,0.05634407326579094,0.0,0.05666750483214855,0.33971829793881625,"[0.7015570998191833, 0.7733564376831055]",0.45,0.486159169550173,0.5268166089965398,0.5847750865051903,0.5683391003460208,0.5726643598615917,0.5726643598615917,0.47750865051903113
251,0.6245674740484429,0.5227230350653551,0.3926438590257116,0.39789240233712625,0.6608996539792388,0.14432738721370697,0.05634227581322193,0.0,0.056661561131477356,0.3015696459915489,"[0.7015570998191833, 0.7733564376831055]",0.3684,0.4749134948096886,0.49740484429065746,0.5692041522491349,0.5519031141868512,0.5493079584775087,0.5493079584775087,0.4679930795847751
252,0.6254325259515571,0.5240708624283084,0.4000355028289051,0.4028519027145851,0.6660899653979239,0.14333921670913696,0.05634014680981636,0.0,0.05665568821132183,0.3192752239992842,"[0.7015570998191833, 0.7733564376831055]",0.3551,0.4731833910034602,0.4982698961937716,0.5648788927335641,0.5320069204152249,0.5484429065743944,0.5484429065743944,0.4679930795847751
253,0.6245674740484429,0.5232033787000863,0.39954896743408364,0.40316702493625683,0.666955017301038,0.1431150585412979,0.05633809603750706,0.0,0.05664977803826332,0.4529701790306717,"[0.7015570998191833, 0.7733564376831055]",0.5737,0.4731833910034602,0.4991349480968858,0.5622837370242214,0.5285467128027682,0.5458477508650519,0.5458477508650519,0.4679930795847751
254,0.6237024221453287,0.5222604984694779,0.3994071017646432,0.40200038589093134,0.666955017301038,0.14302223920822144,0.056336138397455215,0.0,0.05664394609630108,0.3020874389912933,"[0.7015570998191833, 0.7733564376831055]",0.3506,0.4731833910034602,0.4991349480968858,0.5614186851211073,0.527681660899654,0.5449826989619377,0.5449826989619377,0.4679930795847751
255,0.6314878892733564,0.5303201833488635,0.4063919641786903,0.40994940223832615,0.6695501730103807,0.1445799469947815,0.05633433721959591,0.0,0.05663801729679108,0.29208239796571434,"[0.7015570998191833, 0.7733564376831055]",0.3482,0.4740484429065744,0.4982698961937716,0.5614186851211073,0.5294117647058824,0.5475778546712803,0.5475778546712803,0.46972318339100344
256,0.6314878892733564,0.5302207158263463,0.4052607597563742,0.40920787240891654,0.6695501730103807,0.1452684849500656,0.05633268877863884,0.0,0.05663185007870197,0.38316670001950115,"[0.7015570998191833, 0.7733564376831055]",0.5806,0.4740484429065744,0.4982698961937716,0.5631487889273357,0.5285467128027682,0.5484429065743944,0.5484429065743944,0.4688581314878893
257,0.6323529411764706,0.5310935646337843,0.4039565647115403,0.4101080570235789,0.6704152249134948,0.14536818861961365,0.056331124156713486,0.0,0.05662570334970951,0.3624713229946792,"[0.7015570998191833, 0.7733564376831055]",0.3421,0.4731833910034602,0.49740484429065746,0.5622837370242214,0.5285467128027682,0.5484429065743944,0.5484429065743944,0.46972318339100344
258,0.6323529411764706,0.5310935646337843,0.4039565647115403,0.4101080570235789,0.6704152249134948,0.14544281363487244,0.056329112499952316,0.0,0.05662006698548794,0.3739912520395592,"[0.7015570998191833, 0.7733564376831055]",0.3466,0.4731833910034602,0.4982698961937716,0.5640138408304498,0.5285467128027682,0.5484429065743944,0.5484429065743944,0.46972318339100344
259,0.629757785467128,0.52793141777623,0.40161326756647986,0.4061334585186833,0.6686851211072664,0.144575834274292,0.056327201426029205,0.0,0.05661459639668465,0.3118417030200362,"[0.7015570998191833, 0.7733564376831055]",0.3413,0.47231833910034604,0.49740484429065746,0.5614186851211073,0.527681660899654,0.5475778546712803,0.5475778546712803,0.4679930795847751
260,0.6306228373702422,0.5288802014236329,0.4017424275000217,0.4073153422655706,0.6686851211072664,0.14427489042282104,0.056325215846300125,0.0,0.05660959146916866,0.28939506004098803,"[0.7015570998191833, 0.7733564376831055]",0.3325,0.47145328719723184,0.49653979238754326,0.5605536332179931,0.5268166089965398,0.5467128027681661,0.5467128027681661,0.4671280276816609
261,0.6211072664359861,0.5181949152058525,0.39408838268654955,0.39908669134059815,0.6634948096885813,0.14388523995876312,0.056323155760765076,0.0,0.05660484917461872,0.2907658249605447,"[0.7015570998191833, 0.7733564376831055]",0.3328,0.4740484429065744,0.5,0.5605536332179931,0.527681660899654,0.5467128027681661,0.5467128027681661,0.4688581314878893
262,0.6211072664359861,0.5181435611056866,0.39468519715283445,0.39894038037725993,0.6634948096885813,0.143378347158432,0.0563211590051651,0.0,0.05660037510097027,0.29763923690188676,"[0.7015570998191833, 0.7733564376831055]",0.342,0.4740484429065744,0.5,0.5605536332179931,0.527681660899654,0.5467128027681661,0.5467128027681661,0.4688581314878893
263,0.6228373702422145,0.52035888197682,0.3969025172435387,0.4011569398081048,0.6643598615916955,0.14328359067440033,0.0563190933316946,0.0,0.05659577064216137,0.3372401730157435,"[0.7015570998191833, 0.7733564376831055]",0.3357,0.46453287197231835,0.4826989619377163,0.5147058823529411,0.4826989619377163,0.5242214532871973,0.5242214532871973,0.444636678200692
264,0.6228373702422145,0.52035888197682,0.3969025172435387,0.4011569398081048,0.6643598615916955,0.1432744264602661,0.05631696246564388,0.0,0.05659119971096516,0.4082396070007235,"[0.7015570998191833, 0.7733564376831055]",0.3513,0.46453287197231835,0.4870242214532872,0.5121107266435986,0.4826989619377163,0.5207612456747405,0.5207612456747405,0.444636678200692
265,0.6332179930795848,0.5323673673052906,0.40785414896625133,0.4122478954497675,0.671280276816609,0.1448523998260498,0.05631486885249615,0.0,0.056586870923638344,0.3208832169184461,"[0.7015570998191833, 0.7733564376831055]",0.3426,0.4610726643598616,0.4844290657439446,0.5103806228373703,0.4818339100346021,0.5198961937716263,0.5198961937716263,0.4429065743944637
266,0.6323529411764706,0.5307814260882854,0.4018895095182984,0.4084224525299242,0.6695501730103807,0.1455894559621811,0.05631293170154095,0.0,0.05658242106437683,0.30081042600795627,"[0.7015570998191833, 0.7733564376831055]",0.3165,0.4342560553633218,0.46280276816608995,0.4818339100346021,0.46539792387543255,0.5,0.5,0.421280276816609
267,0.6332179930795848,0.5317302832772689,0.40195994760869463,0.409654522182278,0.6695501730103807,0.14572080969810486,0.05631113611161709,0.0,0.056577928364276886,0.3844625820638612,"[0.7015570998191833, 0.7733564376831055]",0.3637,0.47231833910034604,0.4982698961937716,0.5605536332179931,0.5224913494809689,0.5458477508650519,0.5458477508650519,0.4671280276816609
268,0.634083044982699,0.5327297850504263,0.4032113725035427,0.4113963974866057,0.6704152249134948,0.14580246806144714,0.056309422478079796,0.0,0.056573301553726196,0.29771588009316474,"[0.7015570998191833, 0.7733564376831055]",0.3341,0.47231833910034604,0.4982698961937716,0.5605536332179931,0.5224913494809689,0.5458477508650519,0.5458477508650519,0.4671280276816609
269,0.6358131487889274,0.5349755389084239,0.40434425375023253,0.4133494308617317,0.6721453287197232,0.14587266743183136,0.05630785785615444,0.0,0.05656863562762737,0.33214436296839267,"[0.7015570998191833, 0.7733564376831055]",0.3726,0.47145328719723184,0.4982698961937716,0.5614186851211073,0.5224913494809689,0.5458477508650519,0.5458477508650519,0.4671280276816609
270,0.6323529411764706,0.5311884225583008,0.40412892011744717,0.40985460881057867,0.6704152249134948,0.1449950635433197,0.056306201964616776,0.0,0.05656378157436848,0.31249162007588893,"[0.7015570998191833, 0.7733564376831055]",0.3468,0.4731833910034602,0.5008650519031141,0.5596885813148789,0.523356401384083,0.5475778546712803,0.5475778546712803,0.4679930795847751
271,0.6323529411764706,0.531296656875381,0.40646145029831937,0.4108625717701625,0.671280276816609,0.1447150558233261,0.0563045609742403,0.0,0.056558458134531975,0.431585468002595,"[0.7015570998191833, 0.7733564376831055]",0.3603,0.4731833910034602,0.5017301038062284,0.5596885813148789,0.523356401384083,0.5475778546712803,0.5475778546712803,0.4679930795847751
272,0.6349480968858131,0.5339907472949259,0.40348863686829656,0.41133020202670667,0.671280276816609,0.14629122614860535,0.05630294233560562,0.0,0.0565531887114048,0.3698799640405923,"[0.7015570998191833, 0.7733564376831055]",0.3429,0.4749134948096886,0.5017301038062284,0.5640138408304498,0.5250865051903114,0.5484429065743944,0.5484429065743944,0.46972318339100344
273,0.6349480968858131,0.533940883734572,0.4023955884492117,0.41084110612471275,0.6704152249134948,0.146743044257164,0.05630132742226124,0.0,0.05654800683259964,0.3360655070282519,"[0.7015570998191833, 0.7733564376831055]",0.3284,0.4749134948096886,0.5025951557093425,0.5648788927335641,0.5242214532871973,0.5484429065743944,0.5484429065743944,0.46972318339100344
274,0.6280276816608996,0.5263021972419406,0.40190752488306075,0.4070201878359738,0.666955017301038,0.14504863321781158,0.056299638003110886,0.0,0.05654304102063179,0.41190622304566205,"[0.7015570998191833, 0.7733564376831055]",0.4825,0.4740484429065744,0.5034602076124568,0.5622837370242214,0.5242214532871973,0.5475778546712803,0.5475778546712803,0.4688581314878893
275,0.6280276816608996,0.5263441751615603,0.4021120755163674,0.40722137628303245,0.6678200692041523,0.14430037140846252,0.05629814602434635,0.0,0.05653810314834118,0.40294735005591065,"[0.7015570998191833, 0.7733564376831055]",0.5421,0.4731833910034602,0.504325259515571,0.5605536332179931,0.523356401384083,0.5458477508650519,0.5458477508650519,0.4679930795847751
276,0.6280276816608996,0.5263441751615603,0.4021120755163674,0.40722137628303245,0.6678200692041523,0.14427006244659424,0.05629687197506428,0.0,0.05653293989598751,0.4736480510327965,"[0.7015570998191833, 0.7733564376831055]",0.337,0.4757785467128028,0.5034602076124568,0.5674740484429066,0.5224913494809689,0.5449826989619377,0.5449826989619377,0.46972318339100344
277,0.6288927335640139,0.5274524545270036,0.402599070274752,0.4075124417024925,0.6686851211072664,0.14428511261940002,0.05629570223391056,0.0,0.05652785673737526,0.3208544210065156,"[0.7015570998191833, 0.7733564376831055]",0.3343,0.4757785467128028,0.5034602076124568,0.5674740484429066,0.5224913494809689,0.5449826989619377,0.5449826989619377,0.46972318339100344
278,0.6288927335640139,0.5272893994606842,0.40323276243627887,0.40669373670466685,0.6686851211072664,0.1442953646183014,0.05629459396004677,0.0,0.056522538885474205,0.3219085510354489,"[0.7015570998191833, 0.7733564376831055]",0.3301,0.4749134948096886,0.5017301038062284,0.5666089965397924,0.5198961937716263,0.5458477508650519,0.5458477508650519,0.4688581314878893
279,0.6288927335640139,0.5272893994606842,0.40323276243627887,0.40669373670466685,0.6686851211072664,0.1443309783935547,0.05629289522767067,0.0,0.056517815217375755,0.3079456889536232,"[0.7015570998191833, 0.7733564376831055]",0.3957,0.4749134948096886,0.5017301038062284,0.5657439446366782,0.5198961937716263,0.5458477508650519,0.5458477508650519,0.4688581314878893
280,0.6288927335640139,0.5272808382137628,0.4029918124467989,0.40679718635823886,0.6686851211072664,0.14436358213424683,0.05629090033471584,0.0,0.056514209136366844,0.34018600394483656,"[0.7015570998191833, 0.7733564376831055]",0.3498,0.4749134948096886,0.5017301038062284,0.5648788927335641,0.5198961937716263,0.5458477508650519,0.5458477508650519,0.4688581314878893
281,0.6349480968858131,0.5340686377511452,0.4054500048110446,0.4128095819567848,0.6730103806228374,0.14572769403457642,0.056288767606019974,0.0,0.05651051737368107,0.3170860040700063,"[0.7015570998191833, 0.7733564376831055]",0.3808,0.4757785467128028,0.5008650519031141,0.5674740484429066,0.5216262975778547,0.5458477508650519,0.5458477508650519,0.46972318339100344
282,0.6193771626297578,0.5110664660844656,0.3912052359898406,0.41369431597427975,0.639273356401384,0.1420850306749344,0.05628645420074463,0.0,0.05650709941983223,0.36285673605743796,"[0.7015570998191833, 0.7733564376831055]",0.3521,0.4757785467128028,0.4982698961937716,0.5717993079584776,0.5311418685121108,0.5458477508650519,0.5458477508650519,0.47058823529411764
283,0.6306228373702422,0.5243408049969982,0.39819508419329325,0.4345442370821486,0.6522491349480969,0.1385459303855896,0.056283850222826004,0.0,0.056502560153603554,0.3052562880329788,"[0.7015570998191833, 0.7733564376831055]",0.4365,0.47923875432525953,0.5008650519031141,0.5778546712802768,0.5527681660899654,0.5501730103806228,0.5501730103806228,0.4731833910034602
284,0.6271626297577855,0.5197567920298111,0.3937911207962815,0.426052391651488,0.6479238754325259,0.13800883293151855,0.056282076984643936,0.0,0.05650349333882332,0.31276173901278526,"[0.7015570998191833, 0.7733564376831055]",0.3633,0.421280276816609,0.4463667820069204,0.458477508650519,0.4749134948096886,0.4731833910034602,0.4731833910034602,0.3944636678200692
285,0.45674740484429066,0.34302311375522276,0.38088327118577453,0.2913524286205384,0.653114186851211,0.13706982135772705,0.056277986615896225,0.0,0.05650068446993828,0.32184801797848195,"[0.7015570998191833, 0.7733564376831055]",0.3608,0.4420415224913495,0.4749134948096886,0.5164359861591695,0.5674740484429066,0.5527681660899654,0.5527681660899654,0.4264705882352941
286,0.4662629757785467,0.35286923322590946,0.38456360800654327,0.29827507824506855,0.6565743944636678,0.13030458986759186,0.05627349205315113,0.0,0.056496843695640564,0.32411471102386713,"[0.7015570998191833, 0.7733564376831055]",0.4752,0.43079584775086505,0.4593425605536332,0.5207612456747405,0.5250865051903114,0.5242214532871973,0.5242214532871973,0.421280276816609
287,0.6185121107266436,0.5203116399203964,0.3873467151881507,0.3952925200697552,0.6643598615916955,0.16000866889953613,0.056270331144332886,0.0,0.056497327983379364,0.3180596260353923,"[0.7015570998191833, 0.7733564376831055]",0.4487,0.5051903114186851,0.53719723183391,0.5882352941176471,0.578719723183391,0.6211072664359861,0.6211072664359861,0.49048442906574397
288,0.5285467128027682,0.42085286360782503,0.36612303421961045,0.30462628535294417,0.6323529411764706,0.14952920377254486,0.056270208209753036,0.0,0.05651063099503517,0.380839811055921,"[0.7015570998191833, 0.7733564376831055]",0.5169,0.513840830449827,0.5579584775086506,0.5839100346020761,0.5769896193771626,0.6211072664359861,0.6211072664359861,0.4982698961937716
289,0.5207612456747405,0.41120832000235363,0.36305109874117775,0.30338578453818366,0.6306228373702422,0.1346837282180786,0.05626773275434971,0.0,0.05651703476905823,0.39974579005502164,"[0.7015570998191833, 0.7733564376831055]",0.5217,0.5164359861591695,0.5449826989619377,0.5865051903114187,0.5761245674740484,0.6167820069204152,0.6167820069204152,0.49653979238754326
290,0.5181660899653979,0.40898222335223866,0.3664054998228391,0.3025293350023152,0.6332179930795848,0.13401564955711365,0.0562640056014061,0.0,0.056512417271733284,0.3477342400001362,"[0.7015570998191833, 0.7733564376831055]",0.3685,0.41782006920415227,0.47058823529411764,0.49740484429065746,0.5147058823529411,0.504325259515571,0.504325259515571,0.3961937716262976
291,0.5173010380622838,0.40823075998616554,0.3661235055437927,0.300427695664891,0.6332179930795848,0.1337794065475464,0.05625989846885204,0.0,0.05650631710886955,0.31453659606631845,"[0.7015570998191833, 0.7733564376831055]",0.379,0.41608996539792387,0.47145328719723184,0.4913494809688581,0.5103806228373703,0.5017301038062284,0.5017301038062284,0.393598615916955
292,0.5181660899653979,0.4090283310143289,0.36615132803933437,0.30152379148395564,0.634083044982699,0.13374373316764832,0.0562557652592659,0.0,0.056500308215618134,0.3215130049502477,"[0.7015570998191833, 0.7733564376831055]",0.3961,0.4204152249134948,0.4688581314878893,0.48961937716262977,0.5069204152249135,0.4982698961937716,0.4982698961937716,0.3892733564013841
293,0.5181660899653979,0.40908907365600267,0.3669372397221335,0.302170891940575,0.6349480968858131,0.13374099135398865,0.056251246482133865,0.0,0.056494103744626045,0.3160625279415399,"[0.7015570998191833, 0.7733564376831055]",0.4019,0.43079584775086505,0.45501730103806226,0.46539792387543255,0.4593425605536332,0.4844290657439446,0.4844290657439446,0.4013840830449827
294,0.6271626297577855,0.5294039862703945,0.38706600124390605,0.3982916635118262,0.6686851211072664,0.1561998426914215,0.05624668300151825,0.0,0.05648822896182537,0.2957447769585997,"[0.7015570998191833, 0.7733564376831055]",0.3891,0.41782006920415227,0.4463667820069204,0.4826989619377163,0.5025951557093425,0.4913494809688581,0.4913494809688581,0.3884083044982699
295,0.6280276816608996,0.5301719086128218,0.38674351556229514,0.3976635421814696,0.6686851211072664,0.1552983820438385,0.056242313235998154,0.0,0.05648258700966835,0.322297252016142,"[0.7015570998191833, 0.7733564376831055]",0.3813,0.4039792387543253,0.42387543252595156,0.45761245674740486,0.47231833910034604,0.49740484429065746,0.49740484429065746,0.3814878892733564
296,0.6271626297577855,0.5297641912330293,0.38596353509048636,0.3972192227027525,0.6704152249134948,0.15202978253364563,0.056238116696476936,0.0,0.05647702515125275,0.31441348895896226,"[0.7015570998191833, 0.7733564376831055]",0.3782,0.42387543252595156,0.4429065743944637,0.46972318339100344,0.4922145328719723,0.486159169550173,0.486159169550173,0.39100346020761245
297,0.6262975778546713,0.5286108711965679,0.38707105852217705,0.3973545509460398,0.6721453287197232,0.15127423405647278,0.05623428709805012,0.0,0.05647122301161289,0.319397417944856,"[0.7015570998191833, 0.7733564376831055]",0.5105,0.40484429065743943,0.42474048442906576,0.45674740484429066,0.4679930795847751,0.49653979238754326,0.49653979238754326,0.38494809688581316
298,0.6271626297577855,0.5295866005126777,0.3854369515126762,0.3981884797428795,0.6730103806228374,0.15099643170833588,0.0562305822968483,0.0,0.0564653929322958,0.37955656403210014,"[0.7015570998191833, 0.7733564376831055]",0.3666,0.4273356401384083,0.444636678200692,0.46972318339100344,0.4870242214532872,0.4801038062283737,0.4801038062283737,0.39705882352941174
299,0.6280276816608996,0.5306319585360718,0.38484710622312435,0.39910861202315673,0.6747404844290658,0.15088242292404175,0.05622681975364685,0.0,0.05645992420613766,0.2939008070388809,"[0.7015570998191833, 0.7733564376831055]",0.372,0.4264705882352941,0.444636678200692,0.46972318339100344,0.4852941176470588,0.4801038062283737,0.4801038062283737,0.39705882352941174
300,0.6288927335640139,0.5316129434420958,0.3855963967357722,0.400643630058504,0.6756055363321799,0.15085625648498535,0.056223491206765175,0.0,0.056454120203852654,0.2950268860440701,"[0.7015570998191833, 0.7733564376831055]",,,,,,,,
