round,ACC,Kappa,NMI,ARI,PURITY,alignment_loss,mean_reconstruction_loss,mean_consensus_loss,mean_local_total_loss,round_seconds,observed_rates,completion_eval_seconds,C025_ACC,C050_ACC,C075_ACC,C100_ACC,D0_ACC,E0_ACC,G0_ACC
1,0.3520485584218513,0.2967073890049685,0.3513247169810083,0.08027388340641799,0.37329286798179057,0.0823313295841217,0.3024504780769348,0.0,0.29579683765769005,3.468609792063944,"[0.6616085171699524, 0.7086494565010071, 0.7420333623886108, 0.7283763289451599]",1.0265,0.38543247344461307,0.40364188163884673,0.4385432473444613,0.4400606980273141,0.4658573596358118,0.4658573596358118,0.38391502276176026
2,0.3990895295902883,0.34975855521834687,0.4490786392667035,0.17191363114433283,0.4279210925644917,0.06813590228557587,0.2939287833869457,0.0,0.28795142099261284,1.4810316059738398,"[0.6616085171699524, 0.7086494565010071, 0.7420333623886108, 0.7283763289451599]",1.1244,0.3899848254931715,0.3990895295902883,0.44461305007587254,0.464339908952959,0.45220030349013657,0.45220030349013657,0.3915022761760243
3,0.40667678300455234,0.3493354949003684,0.4497824931168458,0.23182158204291953,0.4370257966616085,0.06417037546634674,0.28574924170970917,0.0,0.27939482405781746,0.9747459630016237,"[0.6616085171699524, 0.7086494565010071, 0.7420333623886108, 0.7283763289451599]",0.9143,0.3975720789074355,0.40212443095599393,0.4400606980273141,0.44461305007587254,0.44916540212443096,0.44916540212443096,0.40212443095599393
4,0.44764795144157815,0.3933916315579181,0.4562991261163313,0.2771280771288889,0.4628224582701062,0.061384912580251694,0.276838805526495,0.0,0.2701370567083359,1.320534787955694,"[0.6616085171699524, 0.7086494565010071, 0.7420333623886108, 0.7283763289451599]",0.9708,0.33839150227617604,0.34446130500758726,0.4142640364188164,0.40971168437025796,0.4279210925644917,0.4279210925644917,0.33687405159332323
5,0.40212443095599393,0.3457013186973801,0.43347564875622135,0.23503325637550146,0.4188163884673748,0.06092076003551483,0.2675054781138897,0.0,0.26073574274778366,1.046454182942398,"[0.6616085171699524, 0.7086494565010071, 0.7420333623886108, 0.7283763289451599]",0.9871,0.30652503793626706,0.3156297420333839,0.37784522003034904,0.4142640364188164,0.4157814871016692,0.4157814871016692,0.30652503793626706
6,0.38694992412746587,0.32308005237665427,0.3858997141699937,0.22970612731767823,0.417298937784522,0.06237068027257919,0.25770195201039314,0.0,0.25095728039741516,1.017406118917279,"[0.6616085171699524, 0.7086494565010071, 0.7420333623886108, 0.7283763289451599]",0.9805,0.3110773899848255,0.3323216995447648,0.3960546282245827,0.4006069802731411,0.424886191198786,0.424886191198786,0.3110773899848255
7,0.40819423368740515,0.34317258299470976,0.3803352852846789,0.24987863437791272,0.417298937784522,0.06365387886762619,0.24795858189463615,0.0,0.24105777218937874,1.0119273460004479,"[0.6616085171699524, 0.7086494565010071, 0.7420333623886108, 0.7283763289451599]",1.0296,0.2701062215477997,0.2746585735963581,0.33839150227617604,0.34597875569044007,0.38391502276176026,0.38391502276176026,0.26858877086494687
8,0.36874051593323215,0.30244499461841656,0.34985412316086434,0.2073145359928526,0.4006069802731411,0.06392429023981094,0.23819386214017868,0.0,0.23124507069587708,1.1082325279712677,"[0.6616085171699524, 0.7086494565010071, 0.7420333623886108, 0.7283763289451599]",1.1114,0.2306525037936267,0.26100151745068284,0.2959028831562974,0.2959028831562974,0.34294385432473445,0.34294385432473445,0.2306525037936267
9,0.3581183611532625,0.2973475061819265,0.3487225888066476,0.184938963855673,0.40212443095599393,0.0657072365283966,0.2282714694738388,0.0,0.22136536985635757,1.1317872310755774,"[0.6616085171699524, 0.7086494565010071, 0.7420333623886108, 0.7283763289451599]",0.9877,0.27921092564491656,0.3125948406676783,0.37329286798179057,0.38391502276176026,0.41122913505311076,0.41122913505311076,0.2746585735963581
10,0.33687405159332323,0.2652576470017938,0.2931489264523135,0.1623317473382275,0.3566009104704097,0.06509928405284882,0.21860716491937637,0.0,0.21174350753426552,1.2487283629598096,"[0.6616085171699524, 0.7086494565010071, 0.7420333623886108, 0.7283763289451599]",1.0035,0.2473444613050076,0.2943854324734446,0.34142640364188165,0.3915022761760243,0.3945371775417299,0.3945371775417299,0.24430955993930198
11,0.3353566009104704,0.271120785438678,0.3119558214236673,0.1379351411700436,0.37481031866464337,0.0651950091123581,0.20906829461455345,0.0,0.20229241997003555,1.0109687130898237,"[0.6616085171699524, 0.7086494565010071, 0.7420333623886108, 0.7283763289451599]",1.0616,0.2276176024279211,0.2701062215477997,0.32473444613050073,0.3353566009104704,0.3520485584218513,0.3520485584218513,0.22306525037936267
12,0.30652503793626706,0.2398309854888826,0.27941464502852875,0.12077097803960334,0.33687405159332323,0.06445686519145966,0.19980595260858536,0.0,0.19315039180219173,1.0076583160553128,"[0.6616085171699524, 0.7086494565010071, 0.7420333623886108, 0.7283763289451599]",0.951,0.19878603945371776,0.22610015174506828,0.2746585735963581,0.2959028831562974,0.3277693474962064,0.3277693474962064,0.20182094081942337
13,0.3505311077389985,0.28114343386974283,0.3007051927313205,0.15528568116390076,0.3550834597875569,0.06386026740074158,0.19078801199793816,0.0,0.18431864492595196,1.0046897480497137,"[0.6616085171699524, 0.7086494565010071, 0.7420333623886108, 0.7283763289451599]",0.9618,0.20485584218512898,0.24430955993930198,0.28072837632776937,0.3125948406676783,0.3262518968133536,0.3262518968133536,0.20485584218512898
14,0.2867981790591806,0.1989603269021879,0.2509411828516383,0.08686994290243016,0.3216995447647951,0.06525155156850815,0.18205543980002403,0.0,0.1758382897824049,0.9764536248985678,"[0.6616085171699524, 0.7086494565010071, 0.7420333623886108, 0.7283763289451599]",0.9801,0.22003034901365706,0.23672230652503792,0.2928679817905918,0.3125948406676783,0.3338391502276176,0.3338391502276176,0.21851289833080426
15,0.3141122913505311,0.2433292011299205,0.29585738094143943,0.15856874456731607,0.3535660091047041,0.06517307460308075,0.17370218224823475,0.0,0.1677623651921749,1.1198901580646634,"[0.6616085171699524, 0.7086494565010071, 0.7420333623886108, 0.7283763289451599]",1.1481,0.18816388467374812,0.20182094081942337,0.2746585735963581,0.2928679817905918,0.3292867981790592,0.3292867981790592,0.18664643399089528
16,0.3156297420333839,0.2424457149265793,0.25329675953625863,0.1101083338095475,0.33839150227617604,0.0640668123960495,0.1657242812216282,0.0,0.16006821021437645,1.0326270010555163,"[0.6616085171699524, 0.7086494565010071, 0.7420333623886108, 0.7283763289451599]",0.9792,0.18361153262518967,0.22003034901365706,0.25948406676783003,0.27617602427921095,0.30045523520485584,0.30045523520485584,0.18057663125948406
17,0.29893778452200304,0.2193004274567223,0.23140649962812634,0.10889847964368782,0.3125948406676783,0.06251774728298187,0.15817794390022755,0.0,0.15285958163440228,1.0458694039843976,"[0.6616085171699524, 0.7086494565010071, 0.7420333623886108, 0.7283763289451599]",0.9849,0.19119878603945373,0.20030349013657056,0.25796661608497723,0.2488619119878604,0.26555386949924126,0.26555386949924126,0.18968133535660092
18,0.30652503793626706,0.22870877361921405,0.23148696240154282,0.11376232460587556,0.3201820940819423,0.06175430119037628,0.15109244734048843,0.0,0.14611434936523438,0.9572359670419246,"[0.6616085171699524, 0.7086494565010071, 0.7420333623886108, 0.7283763289451599]",1.2975,0.18816388467374812,0.19119878603945373,0.2321699544764795,0.283763277693475,0.2822458270106222,0.2822458270106222,0.18664643399089528
19,0.27769347496206376,0.20378102734492987,0.2064768617420658,0.09164434451661523,0.30804248861911987,0.062049008905887604,0.14445902034640312,0.0,0.13982979208230972,1.035349347977899,"[0.6616085171699524, 0.7086494565010071, 0.7420333623886108, 0.7283763289451599]",1.1056,0.21699544764795145,0.23672230652503792,0.29893778452200304,0.3171471927162367,0.3125948406676783,0.3125948406676783,0.20637329286798178
20,0.27617602427921095,0.20909852584859945,0.21993940292685416,0.07449704966579093,0.3156297420333839,0.05941494554281235,0.13828515820205212,0.0,0.1340097337961197,0.9367823830107227,"[0.6616085171699524, 0.7086494565010071, 0.7420333623886108, 0.7283763289451599]",1.0065,0.18968133535660092,0.19726858877086495,0.26251896813353565,0.25796661608497723,0.2928679817905918,0.2928679817905918,0.18968133535660092
21,0.30804248861911987,0.23326537850160867,0.24705245633103715,0.10479684385232471,0.3323216995447648,0.0602421797811985,0.13258169032633305,0.0,0.12867102771997452,1.0238367579877377,"[0.6616085171699524, 0.7086494565010071, 0.7420333623886108, 0.7283763289451599]",0.983,0.18361153262518967,0.18209408194233687,0.2488619119878604,0.2503793626707132,0.26858877086494687,0.26858877086494687,0.18209408194233687
22,0.26707132018209406,0.18579541094313556,0.19948263049722745,0.06714911100256139,0.29742033383915023,0.0601654089987278,0.1273472774773836,0.0,0.12377429753541946,1.0289535420015454,"[0.6616085171699524, 0.7086494565010071, 0.7420333623886108, 0.7283763289451599]",0.9995,0.19119878603945373,0.19726858877086495,0.23823975720789076,0.2473444613050076,0.27921092564491656,0.27921092564491656,0.19271623672230653
23,0.2503793626707132,0.1669519868778292,0.21576300082804045,0.06056185226209413,0.291350531107739,0.05958326533436775,0.12257199548184872,0.0,0.119339095428586,1.1160826600389555,"[0.6616085171699524, 0.7086494565010071, 0.7420333623886108, 0.7283763289451599]",1.2361,0.18361153262518967,0.18816388467374812,0.23520485584218512,0.26403641881638845,0.2746585735963581,0.2746585735963581,0.18209408194233687
24,0.3095599393019727,0.23369547161035242,0.23673358285198096,0.10717005698050203,0.3171471927162367,0.05883709341287613,0.11823891568928957,0.0,0.1153299743309617,1.15080941200722,"[0.6616085171699524, 0.7086494565010071, 0.7420333623886108, 0.7283763289451599]",0.9441,0.20485584218512898,0.22306525037936267,0.2746585735963581,0.30197268588770865,0.30197268588770865,0.30197268588770865,0.19878603945371776
25,0.2883156297420334,0.20718296527540858,0.2175476588163667,0.09754382482699069,0.3125948406676783,0.057314030826091766,0.11432591080665588,0.0,0.1117244940251112,1.210854408913292,"[0.6616085171699524, 0.7086494565010071, 0.7420333623886108, 0.7283763289451599]",1.1128,0.20030349013657056,0.21396054628224584,0.2731411229135053,0.2928679817905918,0.30197268588770865,0.30197268588770865,0.20030349013657056
26,0.26707132018209406,0.18104841199596566,0.17859558472069995,0.09436996767596002,0.2746585735963581,0.057297952473163605,0.11080255452543497,0.0,0.10847992822527885,1.067184065002948,"[0.6616085171699524, 0.7086494565010071, 0.7420333623886108, 0.7283763289451599]",1.1051,0.18664643399089528,0.20030349013657056,0.2534142640364188,0.27617602427921095,0.2716236722306525,0.2716236722306525,0.18512898330804248
27,0.2928679817905918,0.21618703658801153,0.226633393516136,0.09448400514510631,0.3171471927162367,0.056293800473213196,0.10763912182301283,0.0,0.10557524487376213,1.120194255025126,"[0.6616085171699524, 0.7086494565010071, 0.7420333623886108, 0.7283763289451599]",1.082,0.19119878603945373,0.20333839150227617,0.2564491654021244,0.27921092564491656,0.27617602427921095,0.27617602427921095,0.19119878603945373
28,0.283763277693475,0.2112427475960562,0.19907183122499642,0.0744672865947501,0.29893778452200304,0.05692001432180405,0.10480520781129599,0.0,0.10296973492950201,1.0845422679558396,"[0.6616085171699524, 0.7086494565010071, 0.7420333623886108, 0.7283763289451599]",1.1229,0.20485584218512898,0.21396054628224584,0.26100151745068284,0.26251896813353565,0.2928679817905918,0.2928679817905918,0.20182094081942337
29,0.26858877086494687,0.1939083408831942,0.19863731755072872,0.0815089121174522,0.2943854324734446,0.05643242970108986,0.10226462502032518,0.0,0.10062893945723772,1.2745724699925631,"[0.6616085171699524, 0.7086494565010071, 0.7420333623886108, 0.7283763289451599]",1.1631,0.19119878603945373,0.19575113808801214,0.2564491654021244,0.26555386949924126,0.27921092564491656,0.27921092564491656,0.19119878603945373
30,0.23975720789074356,0.17003353460801707,0.19657686839255611,0.06478046410067669,0.283763277693475,0.055304914712905884,0.09999010153114796,0.0,0.09853215143084526,1.1239714010152966,"[0.6616085171699524, 0.7086494565010071, 0.7420333623886108, 0.7283763289451599]",0.976,0.18361153262518967,0.19119878603945373,0.23823975720789076,0.2534142640364188,0.26555386949924126,0.26555386949924126,0.18209408194233687
31,0.30045523520485584,0.22739329574556288,0.23644794842276423,0.10459746398832145,0.3232169954476479,0.054244935512542725,0.0979540990665555,0.0,0.09665849339216948,0.9954763819696382,"[0.6616085171699524, 0.7086494565010071, 0.7420333623886108, 0.7283763289451599]",0.9481,0.18816388467374812,0.18361153262518967,0.2321699544764795,0.23823975720789076,0.26555386949924126,0.26555386949924126,0.18816388467374812
32,0.23672230652503792,0.15288269869665216,0.1729634050240644,0.07570930481334796,0.2716236722306525,0.04993140697479248,0.09613085817545652,0.0,0.09497611504048109,1.0274637880502269,"[0.6616085171699524, 0.7086494565010071, 0.7420333623886108, 0.7283763289451599]",1.0403,0.19271623672230653,0.20333839150227617,0.2473444613050076,0.27617602427921095,0.2928679817905918,0.2928679817905918,0.19119878603945373
33,0.26858877086494687,0.1939656156822941,0.2122348812192736,0.07738113307154502,0.30197268588770865,0.0583726242184639,0.09449632279574871,0.0,0.09346970729529858,0.9795238939113915,"[0.6616085171699524, 0.7086494565010071, 0.7420333623886108, 0.7283763289451599]",0.992,0.19423368740515934,0.21547799696509864,0.2716236722306525,0.26707132018209406,0.2822458270106222,0.2822458270106222,0.19271623672230653
34,0.2488619119878604,0.17495200783050113,0.20362419889356936,0.07129679498911666,0.2943854324734446,0.0521744079887867,0.09303564392030239,0.0,0.09212577436119318,0.9777505620149896,"[0.6616085171699524, 0.7086494565010071, 0.7420333623886108, 0.7283763289451599]",1.8717,0.18816388467374812,0.19119878603945373,0.2549317147192716,0.26858877086494687,0.27921092564491656,0.27921092564491656,0.18816388467374812
35,0.28072837632776937,0.20809735074153868,0.22975502340168819,0.08760042891211921,0.3141122913505311,0.05731123685836792,0.09173364751040936,0.0,0.09092127904295921,1.2640524950111285,"[0.6616085171699524, 0.7086494565010071, 0.7420333623886108, 0.7283763289451599]",0.9572,0.18816388467374812,0.20182094081942337,0.26100151745068284,0.26707132018209406,0.2731411229135053,0.2731411229135053,0.18816388467374812
36,0.2746585735963581,0.20049036279740318,0.24786695376317167,0.10687818286397141,0.3232169954476479,0.05366693437099457,0.09056081715971231,0.0,0.0898393876850605,0.992590946960263,"[0.6616085171699524, 0.7086494565010071, 0.7420333623886108, 0.7283763289451599]",0.9653,0.19271623672230653,0.19878603945371776,0.26251896813353565,0.27617602427921095,0.2716236722306525,0.2716236722306525,0.18968133535660092
37,0.22610015174506828,0.14031605387956392,0.13816292933670116,0.0657078298429926,0.23823975720789076,0.05146589130163193,0.089527677744627,0.0,0.08888012170791626,0.9850075900321826,"[0.6616085171699524, 0.7086494565010071, 0.7420333623886108, 0.7283763289451599]",0.9933,0.20485584218512898,0.21851289833080426,0.2701062215477997,0.30197268588770865,0.30045523520485584,0.30045523520485584,0.20182094081942337
38,0.26100151745068284,0.18536033120365936,0.19771949020525828,0.0792884858953216,0.28072837632776937,0.04877959191799164,0.08860106952488422,0.0,0.08802197687327862,1.2280460089677945,"[0.6616085171699524, 0.7086494565010071, 0.7420333623886108, 0.7283763289451599]",1.218,0.19726858877086495,0.212443095599393,0.27921092564491656,0.2867981790591806,0.27617602427921095,0.27617602427921095,0.19423368740515934
39,0.2549317147192716,0.1808773755186459,0.20203524057276398,0.08533656047184233,0.2701062215477997,0.05104001984000206,0.0877782916650176,0.0,0.08725701086223125,1.2338379259454086,"[0.6616085171699524, 0.7086494565010071, 0.7420333623886108, 0.7283763289451599]",1.001,0.19726858877086495,0.22003034901365706,0.27921092564491656,0.283763277693475,0.2852807283763278,0.2852807283763278,0.19575113808801214
40,0.2883156297420334,0.2141336988001129,0.2262866241706864,0.09762438286814401,0.29893778452200304,0.052846867591142654,0.0870462991297245,0.0,0.08657391276210546,0.9745786889689043,"[0.6616085171699524, 0.7086494565010071, 0.7420333623886108, 0.7283763289451599]",1.0338,0.19726858877086495,0.2094081942336874,0.27617602427921095,0.27617602427921095,0.2928679817905918,0.2928679817905918,0.19575113808801214
41,0.27617602427921095,0.2113783812261978,0.25936150280803816,0.09254372536694981,0.3141122913505311,0.05062362924218178,0.0863916790112853,0.0,0.08596466295421124,1.0335222010035068,"[0.6616085171699524, 0.7086494565010071, 0.7420333623886108, 0.7283763289451599]",1.0401,0.18512898330804248,0.19423368740515934,0.24430955993930198,0.25796661608497723,0.26707132018209406,0.26707132018209406,0.18361153262518967
42,0.2928679817905918,0.21197533493627163,0.27465354695007205,0.1218256488544968,0.34294385432473445,0.055152393877506256,0.08581471722573042,0.0,0.08542363438755274,1.0528965239645913,"[0.6616085171699524, 0.7086494565010071, 0.7420333623886108, 0.7283763289451599]",0.9651,0.19119878603945373,0.20333839150227617,0.22306525037936267,0.2716236722306525,0.26555386949924126,0.26555386949924126,0.18968133535660092
43,0.2716236722306525,0.208402465483975,0.24324683458082938,0.08651575488463464,0.30349013657056145,0.05441142991185188,0.08529742248356342,0.0,0.0849415473639965,0.9738370060222223,"[0.6616085171699524, 0.7086494565010071, 0.7420333623886108, 0.7283763289451599]",1.0173,0.19271623672230653,0.20030349013657056,0.25948406676783003,0.2716236722306525,0.2822458270106222,0.2822458270106222,0.19119878603945373
44,0.2701062215477997,0.19904839634822724,0.23626594750765556,0.08800524213831945,0.3110773899848255,0.05211341381072998,0.08483180776238441,0.0,0.08450871706008911,1.4342749579809606,"[0.6616085171699524, 0.7086494565010071, 0.7420333623886108, 0.7283763289451599]",0.9576,0.18512898330804248,0.19878603945371776,0.251896813353566,0.2701062215477997,0.27617602427921095,0.27617602427921095,0.18816388467374812
45,0.2731411229135053,0.2011090189408895,0.23179005715741977,0.10412488589269915,0.30652503793626706,0.04996132105588913,0.08442190196365118,0.0,0.0841249218210578,1.0877108490094543,"[0.6616085171699524, 0.7086494565010071, 0.7420333623886108, 0.7283763289451599]",0.994,0.18664643399089528,0.19575113808801214,0.23975720789074356,0.27769347496206376,0.27617602427921095,0.27617602427921095,0.18512898330804248
46,0.2852807283763278,0.22100108923166495,0.28227251325367503,0.10979976210230048,0.3171471927162367,0.0499391183257103,0.08406098932027817,0.0,0.083782815374434,1.0360377780161798,"[0.6616085171699524, 0.7086494565010071, 0.7420333623886108, 0.7283763289451599]",0.9867,0.18664643399089528,0.19575113808801214,0.2731411229135053,0.27769347496206376,0.2883156297420334,0.2883156297420334,0.18209408194233687
47,0.28072837632776937,0.216471933899555,0.27605622646817496,0.09390878928975843,0.3110773899848255,0.052264273166656494,0.08373629488050938,0.0,0.08347774762660265,1.015869036084041,"[0.6616085171699524, 0.7086494565010071, 0.7420333623886108, 0.7283763289451599]",1.451,0.19726858877086495,0.20637329286798178,0.2716236722306525,0.3232169954476479,0.3125948406676783,0.3125948406676783,0.19575113808801214
48,0.3186646433990895,0.2574340416241081,0.3202426777645239,0.1400662352725707,0.3323216995447648,0.05067991465330124,0.08343769796192646,0.0,0.08319794293493032,1.1153326339554042,"[0.6616085171699524, 0.7086494565010071, 0.7420333623886108, 0.7283763289451599]",1.0076,0.18361153262518967,0.18968133535660092,0.2336874051593323,0.27769347496206376,0.2746585735963581,0.2746585735963581,0.18512898330804248
49,0.2852807283763278,0.20750800435069028,0.2519914123932156,0.137737522939595,0.2943854324734446,0.0505894273519516,0.08316839672625065,0.0,0.08294371794909239,1.02530084294267,"[0.6616085171699524, 0.7086494565010071, 0.7420333623886108, 0.7283763289451599]",1.0038,0.212443095599393,0.21547799696509864,0.30500758725341426,0.3095599393019727,0.3186646433990895,0.3186646433990895,0.2109256449165402
50,0.283763277693475,0.20534660446674458,0.2501022799745694,0.115913359883394,0.29893778452200304,0.0523313470184803,0.08293432835489511,0.0,0.08271675743162632,1.2720125679625198,"[0.6616085171699524, 0.7086494565010071, 0.7420333623886108, 0.7283763289451599]",1.1506,0.21699544764795145,0.21396054628224584,0.2867981790591806,0.2928679817905918,0.3141122913505311,0.3141122913505311,0.2109256449165402
51,0.2883156297420334,0.22158558576710352,0.27319459532106005,0.10507751501841682,0.29893778452200304,0.047185931354761124,0.08272464852780104,0.0,0.08250796049833298,1.354356892989017,"[0.6616085171699524, 0.7086494565010071, 0.7420333623886108, 0.7283763289451599]",1.3362,0.19575113808801214,0.20182094081942337,0.2534142640364188,0.30197268588770865,0.30197268588770865,0.30197268588770865,0.19575113808801214
52,0.2503793626707132,0.16305197342711997,0.21979850256455022,0.09143872282139637,0.26100151745068284,0.053108640015125275,0.08252723049372435,0.0,0.08231868222355843,1.307318344945088,"[0.6616085171699524, 0.7086494565010071, 0.7420333623886108, 0.7283763289451599]",1.6653,0.18209408194233687,0.18664643399089528,0.22458270106221548,0.26403641881638845,0.2564491654021244,0.2564491654021244,0.17754172989377845
53,0.24430955993930198,0.1631532645697602,0.2377840217055591,0.06727922350348142,0.29742033383915023,0.05315898731350899,0.08233558014035225,0.0,0.08214516844600439,1.2537543730577454,"[0.6616085171699524, 0.7086494565010071, 0.7420333623886108, 0.7283763289451599]",1.0788,0.19119878603945373,0.18968133535660092,0.3125948406676783,0.3110773899848255,0.3110773899848255,0.3110773899848255,0.19119878603945373
54,0.25948406676783003,0.16542446073037564,0.20415199121030891,0.023981445040700936,0.26555386949924126,0.05332982540130615,0.08217650651931763,0.0,0.0819978965446353,1.0119616879383102,"[0.6616085171699524, 0.7086494565010071, 0.7420333623886108, 0.7283763289451599]",1.0866,0.2094081942336874,0.20637329286798178,0.2701062215477997,0.283763277693475,0.30045523520485584,0.30045523520485584,0.2094081942336874
55,0.24430955993930198,0.1482119775958638,0.18537447569808838,0.05700662204556034,0.2564491654021244,0.05594088137149811,0.0820015724748373,0.0,0.08186203334480524,0.9914000950520858,"[0.6616085171699524, 0.7086494565010071, 0.7420333623886108, 0.7283763289451599]",0.9751,0.21396054628224584,0.22306525037936267,0.3095599393019727,0.3262518968133536,0.3125948406676783,0.3125948406676783,0.2109256449165402
56,0.2701062215477997,0.1717882459298664,0.22577343060173585,0.11927583564172427,0.29742033383915023,0.054017938673496246,0.08185748290270567,0.0,0.0817401660606265,1.0029762199847028,"[0.6616085171699524, 0.7086494565010071, 0.7420333623886108, 0.7283763289451599]",1.0007,0.19423368740515934,0.19575113808801214,0.2306525037936267,0.2822458270106222,0.2731411229135053,0.2731411229135053,0.19423368740515934
57,0.2731411229135053,0.18536574035841114,0.23331114567742425,0.12228782254684094,0.30197268588770865,0.0523536391556263,0.08167117647826672,0.0,0.08155140094459057,1.0247290700208396,"[0.6616085171699524, 0.7086494565010071, 0.7420333623886108, 0.7283763289451599]",0.9958,0.18816388467374812,0.19271623672230653,0.25796661608497723,0.2898330804248862,0.28072837632776937,0.28072837632776937,0.19119878603945373
58,0.19575113808801214,0.09859758332171975,0.15869769647446164,0.002596166404787283,0.2336874051593323,0.054913055151700974,0.08152681309729815,0.0,0.08150869607925415,1.0756327440030873,"[0.6616085171699524, 0.7086494565010071, 0.7420333623886108, 0.7283763289451599]",1.2248,0.2109256449165402,0.21396054628224584,0.26251896813353565,0.30500758725341426,0.3110773899848255,0.3110773899848255,0.2094081942336874
59,0.23672230652503792,0.16284807984685234,0.20522689157819696,0.07428092268375237,0.2564491654021244,0.05549313500523567,0.08415228314697742,0.0,0.08136595319956541,1.012535703019239,"[0.6616085171699524, 0.7086494565010071, 0.7420333623886108, 0.7283763289451599]",0.9925,0.2109256449165402,0.212443095599393,0.2943854324734446,0.32473444613050073,0.3262518968133536,0.3262518968133536,0.21396054628224584
60,0.21699544764795145,0.11817516998864153,0.18023858879626378,0.03541073392507529,0.2488619119878604,0.04984850436449051,0.08362827636301517,0.0,0.08128252439200878,1.000828790012747,"[0.6616085171699524, 0.7086494565010071, 0.7420333623886108, 0.7283763289451599]",1.1195,0.212443095599393,0.21396054628224584,0.2943854324734446,0.3110773899848255,0.30652503793626706,0.30652503793626706,0.212443095599393
61,0.2291350531107739,0.13225192719430579,0.20615694756800593,0.028866865164941146,0.25796661608497723,0.05762443691492081,0.08347919303923845,0.0,0.08119155652821064,0.9726496080402285,"[0.6616085171699524, 0.7086494565010071, 0.7420333623886108, 0.7283763289451599]",0.9933,0.21851289833080426,0.2276176024279211,0.283763277693475,0.2959028831562974,0.2867981790591806,0.2867981790591806,0.21396054628224584
62,0.23823975720789076,0.14219185541481372,0.21340970513117666,0.029148295657003467,0.2701062215477997,0.05777948349714279,0.08335575554519892,0.0,0.0811036229133606,1.0313423949992284,"[0.6616085171699524, 0.7086494565010071, 0.7420333623886108, 0.7283763289451599]",1.0154,0.23520485584218512,0.23520485584218512,0.2852807283763278,0.3141122913505311,0.3216995447647951,0.3216995447647951,0.2321699544764795
63,0.2473444613050076,0.18170666372926492,0.23215605126576636,0.05450714565046924,0.283763277693475,0.05691790580749512,0.08322593849152327,0.0,0.08101843763142824,1.2374129180097952,"[0.6616085171699524, 0.7086494565010071, 0.7420333623886108, 0.7283763289451599]",0.9486,0.23672230652503792,0.23672230652503792,0.3201820940819423,0.3186646433990895,0.33687405159332323,0.33687405159332323,0.23823975720789076
64,0.2503793626707132,0.15334181172254346,0.23033358871644896,0.03974796582135621,0.2746585735963581,0.05517764016985893,0.08309323154389858,0.0,0.08093509916216135,0.9831179589964449,"[0.6616085171699524, 0.7086494565010071, 0.7420333623886108, 0.7283763289451599]",1.1037,0.2276176024279211,0.2276176024279211,0.2822458270106222,0.3201820940819423,0.34142640364188165,0.34142640364188165,0.2276176024279211
65,0.23823975720789076,0.1374390530075874,0.20217857488731455,0.024548896777306296,0.26100151745068284,0.055713918060064316,0.08300155308097601,0.0,0.08085213135927916,1.3442090050084516,"[0.6616085171699524, 0.7086494565010071, 0.7420333623886108, 0.7283763289451599]",1.6424,0.22610015174506828,0.2306525037936267,0.28072837632776937,0.283763277693475,0.3110773899848255,0.3110773899848255,0.22458270106221548
66,0.23520485584218512,0.1309685471400427,0.21833216496198998,0.058823636572921195,0.27769347496206376,0.05722011998295784,0.08282321784645319,0.0,0.08077589515596628,1.9220066259149462,"[0.6616085171699524, 0.7086494565010071, 0.7420333623886108, 0.7283763289451599]",0.979,0.2336874051593323,0.23520485584218512,0.283763277693475,0.29742033383915023,0.3141122913505311,0.3141122913505311,0.23672230652503792
67,0.2306525037936267,0.1450821748508878,0.21178421565109073,0.02950743706467812,0.2731411229135053,0.05797929689288139,0.08266898896545172,0.0,0.08070642035454512,1.062226636102423,"[0.6616085171699524, 0.7086494565010071, 0.7420333623886108, 0.7283763289451599]",1.0509,0.26251896813353565,0.26707132018209406,0.3596358118361153,0.37481031866464337,0.37481031866464337,0.37481031866464337,0.25948406676783003
68,0.3156297420333839,0.24894876226865192,0.2770254693106323,0.13116120589407515,0.3338391502276176,0.05931519344449043,0.08254642132669687,0.0,0.08064047433435917,1.0030295550823212,"[0.6616085171699524, 0.7086494565010071, 0.7420333623886108, 0.7283763289451599]",1.1945,0.25948406676783003,0.25796661608497723,0.30500758725341426,0.34446130500758726,0.37177541729893776,0.37177541729893776,0.25948406676783003
69,0.2731411229135053,0.21553273076550306,0.29793776538641287,0.05222081264856826,0.3338391502276176,0.05866948142647743,0.08240673411637545,0.0,0.08057727478444576,1.0034672250039876,"[0.6616085171699524, 0.7086494565010071, 0.7420333623886108, 0.7283763289451599]",0.9588,0.2822458270106222,0.2928679817905918,0.36722306525037934,0.38239757207890746,0.40667678300455234,0.40667678300455234,0.27921092564491656
70,0.251896813353566,0.13194021396432487,0.2430807662813022,0.02805934999237588,0.2959028831562974,0.05858117341995239,0.08216611202806234,0.0,0.08051542937755585,1.1033316800603643,"[0.6616085171699524, 0.7086494565010071, 0.7420333623886108, 0.7283763289451599]",1.247,0.2701062215477997,0.2822458270106222,0.3915022761760243,0.4006069802731411,0.4203338391502276,0.4203338391502276,0.26707132018209406
71,0.3141122913505311,0.24397833469545205,0.28021502798780784,0.12551641603220043,0.3277693474962064,0.06094905734062195,0.08213868550956249,0.0,0.08045608922839165,1.9093370479531586,"[0.6616085171699524, 0.7086494565010071, 0.7420333623886108, 0.7283763289451599]",1.3877,0.26858877086494687,0.27921092564491656,0.3596358118361153,0.3566009104704097,0.3581183611532625,0.3581183611532625,0.2701062215477997
72,0.3338391502276176,0.24900382375922514,0.292634167188545,0.16310084955545417,0.34294385432473445,0.05794563889503479,0.0820079892873764,0.0,0.08039990998804569,1.1379923280328512,"[0.6616085171699524, 0.7086494565010071, 0.7420333623886108, 0.7283763289451599]",1.0292,0.26858877086494687,0.2701062215477997,0.3490136570561457,0.36570561456752654,0.38239757207890746,0.38239757207890746,0.2701062215477997
73,0.2959028831562974,0.2347871350063565,0.30898912261487127,0.06907097620232144,0.33990895295902884,0.059042710810899734,0.08192828204482794,0.0,0.0803404776379466,1.0858626030385494,"[0.6616085171699524, 0.7086494565010071, 0.7420333623886108, 0.7283763289451599]",1.2925,0.30500758725341426,0.3338391502276176,0.4309559939301973,0.41274658573596357,0.4218512898330804,0.4218512898330804,0.30349013657056145
74,0.27617602427921095,0.2208973202335749,0.2879148140388864,0.05359906436983005,0.330804248861912,0.05757252126932144,0.08186753652989864,0.0,0.08027905505150557,0.9889920839341357,"[0.6616085171699524, 0.7086494565010071, 0.7420333623886108, 0.7283763289451599]",0.9125,0.26403641881638845,0.2822458270106222,0.3262518968133536,0.34294385432473445,0.3581183611532625,0.3581183611532625,0.26251896813353565
75,0.32473444613050073,0.24939402238597763,0.308687180184196,0.1439970807779806,0.3535660091047041,0.05784017592668533,0.08177390322089195,0.0,0.08021877706050873,0.9621112659806386,"[0.6616085171699524, 0.7086494565010071, 0.7420333623886108, 0.7283763289451599]",0.9184,0.2822458270106222,0.30197268588770865,0.38239757207890746,0.38543247344461307,0.3990895295902883,0.3990895295902883,0.283763277693475
76,0.2959028831562974,0.23231461001383358,0.29235829492658166,0.06833520423616875,0.3353566009104704,0.0594913512468338,0.08161460794508457,0.0,0.08016002178192139,1.0290428929729387,"[0.6616085171699524, 0.7086494565010071, 0.7420333623886108, 0.7283763289451599]",0.9785,0.29893778452200304,0.3186646433990895,0.3596358118361153,0.37784522003034904,0.3915022761760243,0.3915022761760243,0.2943854324734446
77,0.30045523520485584,0.21899960667065999,0.2956258198104806,0.0933890595914659,0.3490136570561457,0.061587318778038025,0.08152367267757654,0.0,0.08010680507868528,1.0370135339908302,"[0.6616085171699524, 0.7086494565010071, 0.7420333623886108, 0.7283763289451599]",1.0549,0.3171471927162367,0.33687405159332323,0.38239757207890746,0.3899848254931715,0.3930197268588771,0.3930197268588771,0.3141122913505311
78,0.3353566009104704,0.25788097484721406,0.30230350360215813,0.16466040100214624,0.36874051593323215,0.061338312923908234,0.08145711664110422,0.0,0.08006166387349367,1.395998116931878,"[0.6616085171699524, 0.7086494565010071, 0.7420333623886108, 0.7283763289451599]",1.1046,0.291350531107739,0.3125948406676783,0.3611532625189681,0.36570561456752654,0.3945371775417299,0.3945371775417299,0.291350531107739
79,0.3232169954476479,0.24785550505670884,0.289692934339667,0.1341271379204107,0.34294385432473445,0.06132390350103378,0.08145785424858332,0.0,0.08001176919788122,1.0242664000252262,"[0.6616085171699524, 0.7086494565010071, 0.7420333623886108, 0.7283763289451599]",0.9898,0.29742033383915023,0.3156297420333839,0.36418816388467373,0.37936267071320184,0.3915022761760243,0.3915022761760243,0.2943854324734446
80,0.3292867981790592,0.26217079515777264,0.3101418872536505,0.1391825521304784,0.3581183611532625,0.06188496947288513,0.0813012644648552,0.0,0.07995802536606789,0.9827198960119858,"[0.6616085171699524, 0.7086494565010071, 0.7420333623886108, 0.7283763289451599]",0.9588,0.3125948406676783,0.3292867981790592,0.4006069802731411,0.38543247344461307,0.3990895295902883,0.3990895295902883,0.3095599393019727
81,0.30500758725341426,0.22972955729266364,0.2818781835324429,0.1636986381131489,0.33839150227617604,0.061802275478839874,0.0811019279062748,0.0,0.07990201562643051,1.0494402330368757,"[0.6616085171699524, 0.7086494565010071, 0.7420333623886108, 0.7283763289451599]",0.9722,0.3171471927162367,0.34142640364188165,0.38239757207890746,0.38543247344461307,0.3960546282245827,0.3960546282245827,0.30804248861911987
82,0.23975720789074356,0.12951347417877523,0.2087864316860758,0.030533322240035358,0.27769347496206376,0.06059675291180611,0.08080620970577002,0.0,0.07987400144338608,1.024256553966552,"[0.6616085171699524, 0.7086494565010071, 0.7420333623886108, 0.7283763289451599]",1.1024,0.30197268588770865,0.3277693474962064,0.36874051593323215,0.37329286798179057,0.3899848254931715,0.3899848254931715,0.2943854324734446
83,0.330804248861912,0.2630766187925998,0.30562763464639436,0.16323062909604885,0.3626707132018209,0.06199011206626892,0.0811636047437787,0.0,0.07983947545289993,1.2724761419231072,"[0.6616085171699524, 0.7086494565010071, 0.7420333623886108, 0.7283763289451599]",1.1601,0.3125948406676783,0.330804248861912,0.36874051593323215,0.36570561456752654,0.37177541729893776,0.37177541729893776,0.3095599393019727
84,0.34294385432473445,0.26606016646604314,0.33780693869453843,0.1878247580027763,0.37784522003034904,0.061120033264160156,0.08103429712355137,0.0,0.07980666123330593,1.3004833810264245,"[0.6616085171699524, 0.7086494565010071, 0.7420333623886108, 0.7283763289451599]",1.1339,0.30500758725341426,0.3141122913505311,0.3490136570561457,0.3550834597875569,0.37329286798179057,0.37329286798179057,0.30349013657056145
85,0.2928679817905918,0.2249093901121645,0.31033534546118235,0.13452446070050664,0.32473444613050073,0.06268447637557983,0.0809525940567255,0.0,0.07980561722069979,1.0604559970088303,"[0.6616085171699524, 0.7086494565010071, 0.7420333623886108, 0.7283763289451599]",1.0014,0.3095599393019727,0.3323216995447648,0.36874051593323215,0.38694992412746587,0.4006069802731411,0.4006069802731411,0.30804248861911987
86,0.3125948406676783,0.23623622599222727,0.3066803004374733,0.12700495701177258,0.33990895295902884,0.06340286135673523,0.0809014942497015,0.0,0.0797847006469965,2.1400981430197135,"[0.6616085171699524, 0.7086494565010071, 0.7420333623886108, 0.7283763289451599]",0.9999,0.3141122913505311,0.32473444613050073,0.37632776934749623,0.37481031866464337,0.38543247344461307,0.38543247344461307,0.3125948406676783
87,0.30197268588770865,0.22326564601883292,0.2986558284679244,0.13215327069965885,0.34597875569044007,0.06230167672038078,0.08080691657960415,0.0,0.07975301332771778,0.9681937289424241,"[0.6616085171699524, 0.7086494565010071, 0.7420333623886108, 0.7283763289451599]",0.9518,0.30197268588770865,0.3232169954476479,0.36874051593323215,0.37025796661608495,0.38239757207890746,0.38239757207890746,0.29742033383915023
88,0.2943854324734446,0.21928979791494685,0.2984591033009651,0.09692842963592195,0.34142640364188165,0.06293454766273499,0.08074760437011719,0.0,0.07971660699695349,0.984257537056692,"[0.6616085171699524, 0.7086494565010071, 0.7420333623886108, 0.7283763289451599]",1.0021,0.30197268588770865,0.3232169954476479,0.3581183611532625,0.37936267071320184,0.37329286798179057,0.37329286798179057,0.30045523520485584
89,0.283763277693475,0.20902638799533124,0.3018030875835562,0.10826625548875987,0.330804248861912,0.06162238121032715,0.08066602610051632,0.0,0.07967978902161121,1.0192434269702062,"[0.6616085171699524, 0.7086494565010071, 0.7420333623886108, 0.7283763289451599]",0.9449,0.29893778452200304,0.3171471927162367,0.36722306525037934,0.38694992412746587,0.3960546282245827,0.3960546282245827,0.291350531107739
90,0.32473444613050073,0.2650103260215745,0.2951307194332756,0.12727272171211312,0.36418816388467373,0.06233244761824608,0.08062465116381645,0.0,0.07964291516691446,1.0676893879426643,"[0.6616085171699524, 0.7086494565010071, 0.7420333623886108, 0.7283763289451599]",1.009,0.3171471927162367,0.3323216995447648,0.3915022761760243,0.3915022761760243,0.4157814871016692,0.4157814871016692,0.3095599393019727
91,0.2822458270106222,0.19443898858749598,0.2828726831569681,0.07735150957640455,0.33687405159332323,0.060809314250946045,0.08054067380726337,0.0,0.07960425782948732,1.002512971055694,"[0.6616085171699524, 0.7086494565010071, 0.7420333623886108, 0.7283763289451599]",0.9329,0.3292867981790592,0.3338391502276176,0.3626707132018209,0.38694992412746587,0.38543247344461307,0.38543247344461307,0.3216995447647951
92,0.330804248861912,0.26671914858185297,0.2782156242277284,0.1505532763393919,0.34294385432473445,0.06272265315055847,0.0805008914321661,0.0,0.0795682854950428,0.975479080923833,"[0.6616085171699524, 0.7086494565010071, 0.7420333623886108, 0.7283763289451599]",0.9672,0.3110773899848255,0.330804248861912,0.3960546282245827,0.40971168437025796,0.4157814871016692,0.4157814871016692,0.3110773899848255
93,0.3186646433990895,0.2565590122662701,0.3225407746880131,0.1623792810767942,0.3566009104704097,0.0618165023624897,0.08045141398906708,0.0,0.07953013200312853,1.0169815720291808,"[0.6616085171699524, 0.7086494565010071, 0.7420333623886108, 0.7283763289451599]",1.2704,0.2867981790591806,0.3110773899848255,0.34446130500758726,0.3505311077389985,0.36874051593323215,0.36874051593323215,0.2852807283763278
94,0.29893778452200304,0.20600131960182444,0.29424707113140636,0.11806888182706145,0.34446130500758726,0.06150142103433609,0.08041493035852909,0.0,0.0794938588514924,1.191934437956661,"[0.6616085171699524, 0.7086494565010071, 0.7420333623886108, 0.7283763289451599]",0.9264,0.2716236722306525,0.30045523520485584,0.37329286798179057,0.3899848254931715,0.3945371775417299,0.3945371775417299,0.2701062215477997
95,0.33839150227617604,0.2701121540435153,0.30797611664364516,0.15302529271402632,0.36570561456752654,0.060328852385282516,0.08034966979175806,0.0,0.07946082204580307,1.0108845330541953,"[0.6616085171699524, 0.7086494565010071, 0.7420333623886108, 0.7283763289451599]",0.9711,0.2898330804248862,0.3095599393019727,0.37177541729893776,0.3899848254931715,0.3899848254931715,0.3899848254931715,0.2898330804248862
96,0.34597875569044007,0.27725231242922754,0.32534378367194755,0.1693191582759229,0.36874051593323215,0.06059800833463669,0.0802739942446351,0.0,0.07942670118063688,0.9895695019513369,"[0.6616085171699524, 0.7086494565010071, 0.7420333623886108, 0.7283763289451599]",1.0905,0.3292867981790592,0.3490136570561457,0.37329286798179057,0.38391502276176026,0.38088012139605465,0.38088012139605465,0.32473444613050073
97,0.3125948406676783,0.2514180395696983,0.2995865377712628,0.10811684212828959,0.34749620637329287,0.060248419642448425,0.08021849766373634,0.0,0.07939275540411472,1.2522681549889967,"[0.6616085171699524, 0.7086494565010071, 0.7420333623886108, 0.7283763289451599]",1.0715,0.3186646433990895,0.33839150227617604,0.3626707132018209,0.37481031866464337,0.37936267071320184,0.37936267071320184,0.3156297420333839
98,0.283763277693475,0.21834077595977208,0.2846832490668292,0.09468098241118768,0.3232169954476479,0.0614507831633091,0.08015779964625835,0.0,0.07935697585344315,0.9784542910056189,"[0.6616085171699524, 0.7086494565010071, 0.7420333623886108, 0.7283763289451599]",0.9591,0.3323216995447648,0.330804248861912,0.38543247344461307,0.40212443095599393,0.3975720789074355,0.3975720789074355,0.3262518968133536
99,0.30349013657056145,0.23740697041205283,0.2998584446384425,0.1266027353797261,0.34142640364188165,0.061025362461805344,0.08010996412485838,0.0,0.07932156138122082,0.8227397699374706,"[0.6616085171699524, 0.7086494565010071, 0.7420333623886108, 0.7283763289451599]",0.6671,0.3125948406676783,0.3323216995447648,0.38239757207890746,0.37177541729893776,0.3975720789074355,0.3975720789074355,0.30804248861911987
100,0.32473444613050073,0.25517810654644746,0.3120253059808513,0.12358472892368229,0.3611532625189681,0.06177915632724762,0.08004595711827278,0.0,0.0792817622423172,0.7660113630117849,"[0.6616085171699524, 0.7086494565010071, 0.7420333623886108, 0.7283763289451599]",0.6964,0.2928679817905918,0.3186646433990895,0.36722306525037934,0.38391502276176026,0.3884673748103187,0.3884673748103187,0.2867981790591806
101,0.33839150227617604,0.26932143865279523,0.3074987146036671,0.13078398283240594,0.36418816388467373,0.06091735512018204,0.08009475190192461,0.0,0.07924594916403294,0.863283380982466,"[0.6616085171699524, 0.7086494565010071, 0.7420333623886108, 0.7283763289451599]",0.6877,0.3277693474962064,0.3520485584218513,0.3899848254931715,0.36722306525037934,0.37784522003034904,0.37784522003034904,0.3232169954476479
102,0.33687405159332323,0.2737275611441483,0.31902639701360536,0.1359512735774444,0.3550834597875569,0.05907469242811203,0.07997587136924267,0.0,0.07921004667878151,0.7751553400885314,"[0.6616085171699524, 0.7086494565010071, 0.7420333623886108, 0.7283763289451599]",0.6868,0.29893778452200304,0.3262518968133536,0.3626707132018209,0.37025796661608495,0.37329286798179057,0.37329286798179057,0.2959028831562974
103,0.30045523520485584,0.2486843276716557,0.31966383497699424,0.10275976220361828,0.3535660091047041,0.060620635747909546,0.07982947677373886,0.0,0.07917385268956423,0.7908429629169405,"[0.6616085171699524, 0.7086494565010071, 0.7420333623886108, 0.7283763289451599]",0.6977,0.330804248861912,0.34142640364188165,0.3945371775417299,0.40971168437025796,0.3945371775417299,0.3945371775417299,0.32473444613050073
104,0.3186646433990895,0.25634039986428236,0.33052234229120314,0.12434153224915814,0.3596358118361153,0.060957856476306915,0.07982191909104586,0.0,0.07915735337883234,0.7490562320454046,"[0.6616085171699524, 0.7086494565010071, 0.7420333623886108, 0.7283763289451599]",0.7051,0.3277693474962064,0.3550834597875569,0.3884673748103187,0.4006069802731411,0.40212443095599393,0.40212443095599393,0.32473444613050073
105,0.3141122913505311,0.25079732380904474,0.30591894513969303,0.12453419515450519,0.33839150227617604,0.06095924973487854,0.07978799659758806,0.0,0.0791224492713809,0.7527704040985554,"[0.6616085171699524, 0.7086494565010071, 0.7420333623886108, 0.7283763289451599]",0.696,0.3125948406676783,0.33839150227617604,0.40667678300455234,0.41122913505311076,0.40364188163884673,0.40364188163884673,0.30652503793626706
106,0.27617602427921095,0.2154350707209871,0.2729126376783568,0.06791883021036749,0.3216995447647951,0.060720860958099365,0.07974787056446075,0.0,0.0790887102484703,0.723896341980435,"[0.6616085171699524, 0.7086494565010071, 0.7420333623886108, 0.7283763289451599]",0.6882,0.29742033383915023,0.3292867981790592,0.38088012139605465,0.37784522003034904,0.40364188163884673,0.40364188163884673,0.2943854324734446
107,0.3125948406676783,0.2568853242524719,0.31745832464019896,0.11478505769562979,0.3535660091047041,0.06113705039024353,0.0796967726200819,0.0,0.07905433885753155,0.9691436880966648,"[0.6616085171699524, 0.7086494565010071, 0.7420333623886108, 0.7283763289451599]",0.8791,0.30804248861911987,0.3338391502276176,0.3960546282245827,0.40364188163884673,0.417298937784522,0.417298937784522,0.30197268588770865
108,0.30349013657056145,0.24229914656232687,0.3034605065562589,0.10862250206826594,0.34446130500758726,0.06131904199719429,0.07964503113180399,0.0,0.0790205504745245,0.7392119050491601,"[0.6616085171699524, 0.7086494565010071, 0.7420333623886108, 0.7283763289451599]",0.6889,0.32473444613050073,0.33990895295902884,0.3990895295902883,0.41122913505311076,0.40667678300455234,0.40667678300455234,0.3232169954476479
109,0.30197268588770865,0.24437531469821394,0.31331578800133775,0.10137571183233454,0.34749620637329287,0.06116260215640068,0.07959267869591713,0.0,0.07898639421910048,0.7409032629802823,"[0.6616085171699524, 0.7086494565010071, 0.7420333623886108, 0.7283763289451599]",0.743,0.33687405159332323,0.34749620637329287,0.3945371775417299,0.38391502276176026,0.3915022761760243,0.3915022761760243,0.3292867981790592
110,0.3186646433990895,0.26317742300978386,0.3210297997466916,0.10108475009466576,0.3550834597875569,0.061288896948099136,0.07952726911753416,0.0,0.0789518365636468,0.8138560850638896,"[0.6616085171699524, 0.7086494565010071, 0.7420333623886108, 0.7283763289451599]",0.6894,0.3262518968133536,0.3581183611532625,0.4203338391502276,0.40971168437025796,0.40971168437025796,0.40971168437025796,0.3171471927162367
111,0.34142640364188165,0.2810884996682018,0.34022673916161295,0.16128182187833912,0.37025796661608495,0.06094430759549141,0.07948401384055614,0.0,0.07891641929745674,0.7643789219437167,"[0.6616085171699524, 0.7086494565010071, 0.7420333623886108, 0.7283763289451599]",0.8746,0.3110773899848255,0.3338391502276176,0.37784522003034904,0.38239757207890746,0.38391502276176026,0.38391502276176026,0.30500758725341426
112,0.3156297420333839,0.2511740992693373,0.3089197534773169,0.11719583643026857,0.3566009104704097,0.060977570712566376,0.07941353879868984,0.0,0.07888021226972342,0.8599718631012365,"[0.6616085171699524, 0.7086494565010071, 0.7420333623886108, 0.7283763289451599]",0.8548,0.30500758725341426,0.3277693474962064,0.4006069802731411,0.3960546282245827,0.4006069802731411,0.4006069802731411,0.29742033383915023
113,0.30197268588770865,0.24746104368419863,0.30872855892441853,0.0989113199825654,0.3505311077389985,0.061853714287281036,0.07939446996897459,0.0,0.0788295166566968,0.7560971319908276,"[0.6616085171699524, 0.7086494565010071, 0.7420333623886108, 0.7283763289451599]",0.9102,0.34446130500758726,0.37481031866464337,0.3930197268588771,0.38239757207890746,0.3930197268588771,0.3930197268588771,0.34294385432473445
114,0.330804248861912,0.2726323930231336,0.3356256640222356,0.1416266187557026,0.37025796661608495,0.06107492744922638,0.07931272592395544,0.0,0.07871297840029001,0.7517274589044973,"[0.6616085171699524, 0.7086494565010071, 0.7420333623886108, 0.7283763289451599]",0.7231,0.3216995447647951,0.3505311077389985,0.40515933232169954,0.4142640364188164,0.4157814871016692,0.4157814871016692,0.3171471927162367
115,0.3566009104704097,0.2964525006735441,0.3261559321636752,0.1545413812990426,0.37481031866464337,0.06089981645345688,0.07916064467281103,0.0,0.0785873495042324,0.758104840060696,"[0.6616085171699524, 0.7086494565010071, 0.7420333623886108, 0.7283763289451599]",0.6562,0.3338391502276176,0.3550834597875569,0.38694992412746587,0.3899848254931715,0.3945371775417299,0.3945371775417299,0.3277693474962064
116,0.3125948406676783,0.2547258837627321,0.3167909175133698,0.10644058389224996,0.3490136570561457,0.0613117441534996,0.07905351556837559,0.0,0.07851243950426579,0.7196504710009322,"[0.6616085171699524, 0.7086494565010071, 0.7420333623886108, 0.7283763289451599]",0.7113,0.3262518968133536,0.34294385432473445,0.38543247344461307,0.37936267071320184,0.40667678300455234,0.40667678300455234,0.3232169954476479
117,0.30500758725341426,0.24736797482432382,0.31246442826990534,0.11197824254793547,0.34749620637329287,0.06213219091296196,0.07899298332631588,0.0,0.0788298612460494,0.7234671220649034,"[0.6616085171699524, 0.7086494565010071, 0.7420333623886108, 0.7283763289451599]",0.835,0.34142640364188165,0.3490136570561457,0.40971168437025796,0.40364188163884673,0.40212443095599393,0.40212443095599393,0.3338391502276176
118,0.30804248861911987,0.2265497112147512,0.31757991683234915,0.12335778708543772,0.33687405159332323,0.06196252256631851,0.07904492132365704,0.0,0.07879635691642761,0.759442490991205,"[0.6616085171699524, 0.7086494565010071, 0.7420333623886108, 0.7283763289451599]",0.7403,0.3520485584218513,0.37481031866464337,0.44309559939301973,0.4324734446130501,0.4294385432473445,0.4294385432473445,0.3490136570561457
119,0.34597875569044007,0.2545483654229743,0.3272313061540852,0.11483445634865651,0.36874051593323215,0.0610366016626358,0.078806028701365,0.0,0.07875218614935875,0.7419944698922336,"[0.6616085171699524, 0.7086494565010071, 0.7420333623886108, 0.7283763289451599]",0.8077,0.3095599393019727,0.3262518968133536,0.36418816388467373,0.3581183611532625,0.36418816388467373,0.36418816388467373,0.30652503793626706
120,0.3505311077389985,0.26526763293078126,0.3232519339395524,0.13938155871189115,0.37784522003034904,0.061164237558841705,0.07925067190080881,0.0,0.0787156131118536,0.8887644900241867,"[0.6616085171699524, 0.7086494565010071, 0.7420333623886108, 0.7283763289451599]",0.7665,0.3262518968133536,0.34597875569044007,0.38239757207890746,0.38239757207890746,0.3945371775417299,0.3945371775417299,0.3201820940819423
121,0.3338391502276176,0.24612903057687996,0.3094008610001791,0.11549366079286251,0.37177541729893776,0.06212932616472244,0.07895869109779596,0.0,0.07868461683392525,1.0289665960008278,"[0.6616085171699524, 0.7086494565010071, 0.7420333623886108, 0.7283763289451599]",0.7675,0.3262518968133536,0.34749620637329287,0.37936267071320184,0.3960546282245827,0.40667678300455234,0.40667678300455234,0.3171471927162367
122,0.34446130500758726,0.25246759112166095,0.3249089934022942,0.10512981191704536,0.37784522003034904,0.059587910771369934,0.07852608151733875,0.0,0.07864056248217821,0.8651211479445919,"[0.6616085171699524, 0.7086494565010071, 0.7420333623886108, 0.7283763289451599]",0.7083,0.3292867981790592,0.3505311077389985,0.40971168437025796,0.3975720789074355,0.41122913505311076,0.41122913505311076,0.3292867981790592
123,0.2959028831562974,0.2071851567604568,0.31143355118148464,0.11351523972934421,0.330804248861912,0.06226177513599396,0.08145005162805319,0.0,0.07855254225432873,0.803215321036987,"[0.6616085171699524, 0.7086494565010071, 0.7420333623886108, 0.7283763289451599]",0.6966,0.32473444613050073,0.34597875569044007,0.3945371775417299,0.40212443095599393,0.417298937784522,0.417298937784522,0.32473444613050073
124,0.33990895295902884,0.25639482551549,0.34812664281927147,0.13040027785748545,0.37784522003034904,0.06208127737045288,0.07846200373023748,0.0,0.07861528359353542,0.7263024430721998,"[0.6616085171699524, 0.7086494565010071, 0.7420333623886108, 0.7283763289451599]",0.657,0.34446130500758726,0.3505311077389985,0.3975720789074355,0.40515933232169954,0.41122913505311076,0.41122913505311076,0.34294385432473445
125,0.3262518968133536,0.24440656956925932,0.3472407059114954,0.1194394056013491,0.37329286798179057,0.061741989105939865,0.08032715786248446,0.0,0.07857022807002068,0.7441580420127138,"[0.6616085171699524, 0.7086494565010071, 0.7420333623886108, 0.7283763289451599]",0.8429,0.3201820940819423,0.33839150227617604,0.37936267071320184,0.37632776934749623,0.3975720789074355,0.3975720789074355,0.3156297420333839
126,0.3216995447647951,0.23853628399564697,0.3389981220868847,0.12861444599488417,0.37177541729893776,0.06259985268115997,0.08009284641593695,0.0,0.07850217632949352,0.8347725110361353,"[0.6616085171699524, 0.7086494565010071, 0.7420333623886108, 0.7283763289451599]",0.8799,0.38391502276176026,0.40819423368740515,0.4203338391502276,0.40819423368740515,0.4203338391502276,0.4203338391502276,0.38391502276176026
127,0.33687405159332323,0.2808246032439722,0.3623340833883386,0.15358235597186148,0.37784522003034904,0.061448585242033005,0.07989085093140602,0.0,0.07846121955662966,0.8198212559800595,"[0.6616085171699524, 0.7086494565010071, 0.7420333623886108, 0.7283763289451599]",0.7072,0.4142640364188164,0.4294385432473445,0.4324734446130501,0.40971168437025796,0.417298937784522,0.417298937784522,0.41274658573596357
128,0.330804248861912,0.2406762921506841,0.3189608157353997,0.11425330932875546,0.37936267071320184,0.06225058436393738,0.0797910075634718,0.0,0.07842248119413853,0.7385566520970315,"[0.6616085171699524, 0.7086494565010071, 0.7420333623886108, 0.7283763289451599]",0.6932,0.3930197268588771,0.4218512898330804,0.4142640364188164,0.41122913505311076,0.4218512898330804,0.4218512898330804,0.3960546282245827
129,0.3505311077389985,0.26044753029770673,0.33349915823981524,0.12968981670243246,0.38543247344461307,0.062443770468235016,0.07981912419199944,0.0,0.07838388159871101,0.7337885240558535,"[0.6616085171699524, 0.7086494565010071, 0.7420333623886108, 0.7283763289451599]",0.7087,0.3945371775417299,0.40971168437025796,0.4339908952959029,0.4264036418816389,0.4264036418816389,0.4264036418816389,0.3945371775417299
130,0.3505311077389985,0.2551056789040981,0.3218893081797069,0.10765951479311452,0.37784522003034904,0.06061289459466934,0.07969682663679123,0.0,0.07835064642131329,0.7535741040483117,"[0.6616085171699524, 0.7086494565010071, 0.7420333623886108, 0.7283763289451599]",0.6459,0.3262518968133536,0.33990895295902884,0.37784522003034904,0.38694992412746587,0.4142640364188164,0.4142640364188164,0.3232169954476479
131,0.34749620637329287,0.2879703498963503,0.34620294532510826,0.14334967428974368,0.38694992412746587,0.061343856155872345,0.07964293286204338,0.0,0.07831478491425514,0.8771453750086948,"[0.6616085171699524, 0.7086494565010071, 0.7420333623886108, 0.7283763289451599]",0.8904,0.3581183611532625,0.36722306525037934,0.41122913505311076,0.40819423368740515,0.417298937784522,0.417298937784522,0.3535660091047041
132,0.33839150227617604,0.2529607375649022,0.34577904371942536,0.1295443468202471,0.38391502276176026,0.06141851842403412,0.07961528655141592,0.0,0.07828112505376339,0.7132079469738528,"[0.6616085171699524, 0.7086494565010071, 0.7420333623886108, 0.7283763289451599]",0.761,0.37025796661608495,0.3884673748103187,0.4233687405159332,0.4309559939301973,0.4370257966616085,0.4370257966616085,0.37329286798179057
133,0.3353566009104704,0.25161012642474134,0.3385171619191219,0.12180976902407747,0.38543247344461307,0.06098482757806778,0.07953071128576994,0.0,0.07824829872697592,0.7860152500215918,"[0.6616085171699524, 0.7086494565010071, 0.7420333623886108, 0.7283763289451599]",0.6775,0.3490136570561457,0.37025796661608495,0.4355083459787557,0.4324734446130501,0.4188163884673748,0.4188163884673748,0.34142640364188165
134,0.3292867981790592,0.24926222135163623,0.3370440699508674,0.15041908071646995,0.3505311077389985,0.06265478581190109,0.07943731267005205,0.0,0.07821688614785671,0.7388672749511898,"[0.6616085171699524, 0.7086494565010071, 0.7420333623886108, 0.7283763289451599]",0.7499,0.34597875569044007,0.36418816388467373,0.40819423368740515,0.40515933232169954,0.41122913505311076,0.41122913505311076,0.34446130500758726
135,0.3262518968133536,0.27004837305378904,0.32764644284939715,0.12232984395536514,0.37329286798179057,0.06088291108608246,0.07936527207493782,0.0,0.0781834414228797,0.7893103319220245,"[0.6616085171699524, 0.7086494565010071, 0.7420333623886108, 0.7283763289451599]",0.6728,0.3550834597875569,0.37329286798179057,0.4339908952959029,0.4218512898330804,0.45068285280728376,0.45068285280728376,0.3520485584218513
136,0.3505311077389985,0.2621519739027841,0.33558274269567295,0.11170794721334076,0.38088012139605465,0.06076189875602722,0.0793754430487752,0.0,0.07815291453152895,0.7849546349607408,"[0.6616085171699524, 0.7086494565010071, 0.7420333623886108, 0.7283763289451599]",0.6429,0.34597875569044007,0.36722306525037934,0.44157814871016693,0.4385432473444613,0.44764795144157815,0.44764795144157815,0.34142640364188165
137,0.3262518968133536,0.2647140864714086,0.3234728763446365,0.10682444533945364,0.38239757207890746,0.060684408992528915,0.07929847948253155,0.0,0.07812123093754053,0.995038722991012,"[0.6616085171699524, 0.7086494565010071, 0.7420333623886108, 0.7283763289451599]",0.9229,0.37177541729893776,0.3915022761760243,0.4142640364188164,0.424886191198786,0.4218512898330804,0.4218512898330804,0.37481031866464337
138,0.3110773899848255,0.22028297338361413,0.32047217522190863,0.1084321566637361,0.38543247344461307,0.05958627536892891,0.07923528458923101,0.0,0.07809197530150414,1.0462632280541584,"[0.6616085171699524, 0.7086494565010071, 0.7420333623886108, 0.7283763289451599]",0.6692,0.3535660091047041,0.36874051593323215,0.4233687405159332,0.424886191198786,0.4324734446130501,0.4324734446130501,0.3490136570561457
139,0.3292867981790592,0.24771106617181793,0.3333826870256378,0.1350651069811559,0.37481031866464337,0.05944173038005829,0.07913035433739424,0.0,0.07806271594017744,0.9041762769920751,"[0.6616085171699524, 0.7086494565010071, 0.7420333623886108, 0.7283763289451599]",0.6779,0.3566009104704097,0.37025796661608495,0.40971168437025796,0.4142640364188164,0.4188163884673748,0.4188163884673748,0.3490136570561457
140,0.34294385432473445,0.2527053216006706,0.3283935517776101,0.12161109222313186,0.38543247344461307,0.05829358100891113,0.07908920105546713,0.0,0.07803516276180744,0.7565263590076938,"[0.6616085171699524, 0.7086494565010071, 0.7420333623886108, 0.7283763289451599]",0.7069,0.34597875569044007,0.36418816388467373,0.40364188163884673,0.3930197268588771,0.40971168437025796,0.40971168437025796,0.33839150227617604
141,0.33687405159332323,0.2551823488486973,0.31853896428289485,0.13035703896622283,0.36722306525037934,0.06050819158554077,0.07903665956109762,0.0,0.07800711691379547,0.7693267239956185,"[0.6616085171699524, 0.7086494565010071, 0.7420333623886108, 0.7283763289451599]",0.6665,0.38088012139605465,0.4006069802731411,0.4355083459787557,0.44764795144157815,0.44157814871016693,0.44157814871016693,0.37329286798179057
142,0.33839150227617604,0.2569905069265044,0.32670078838005445,0.12962557412338,0.37025796661608495,0.058291710913181305,0.07904007006436586,0.0,0.0779718030244112,0.7877681299578398,"[0.6616085171699524, 0.7086494565010071, 0.7420333623886108, 0.7283763289451599]",0.7356,0.38543247344461307,0.40971168437025796,0.4203338391502276,0.4203338391502276,0.4339908952959029,0.4339908952959029,0.38239757207890746
143,0.3535660091047041,0.26563444168033457,0.3213821362633462,0.11757325606176165,0.38088012139605465,0.0579892173409462,0.07894428074359894,0.0,0.07794612646102905,0.7075615971116349,"[0.6616085171699524, 0.7086494565010071, 0.7420333623886108, 0.7283763289451599]",0.7688,0.38239757207890746,0.3975720789074355,0.4264036418816389,0.44461305007587254,0.45068285280728376,0.45068285280728376,0.38694992412746587
144,0.3505311077389985,0.26841781722636227,0.3546164797948308,0.15209024211115685,0.38239757207890746,0.058069176971912384,0.07883338164538145,0.0,0.0779276518151164,0.7286020299652591,"[0.6616085171699524, 0.7086494565010071, 0.7420333623886108, 0.7283763289451599]",0.7322,0.3490136570561457,0.37481031866464337,0.4157814871016692,0.4294385432473445,0.4324734446130501,0.4324734446130501,0.34749620637329287
145,0.3490136570561457,0.28752268145161297,0.35386498538053385,0.15321772665892106,0.3945371775417299,0.05948425084352493,0.07865232322365046,0.0,0.07789732981473207,0.7709604530828074,"[0.6616085171699524, 0.7086494565010071, 0.7420333623886108, 0.7283763289451599]",0.7392,0.36418816388467373,0.3884673748103187,0.4613050075872534,0.45220030349013657,0.45220030349013657,0.45220030349013657,0.3596358118361153
146,0.32473444613050073,0.2352436486535825,0.3405463332907345,0.1065042117601225,0.37936267071320184,0.061619456857442856,0.07860894873738289,0.0,0.07790231425315142,0.7823791969567537,"[0.6616085171699524, 0.7086494565010071, 0.7420333623886108, 0.7283763289451599]",0.8517,0.3975720789074355,0.4324734446130501,0.4552352048558422,0.44461305007587254,0.4597875569044006,0.4597875569044006,0.3960546282245827
147,0.3277693474962064,0.2689109932434801,0.34755904350710465,0.15235471202288478,0.38543247344461307,0.06044532731175423,0.07861428894102573,0.0,0.07786641921848059,0.7674335690680891,"[0.6616085171699524, 0.7086494565010071, 0.7420333623886108, 0.7283763289451599]",0.8362,0.3171471927162367,0.33687405159332323,0.40515933232169954,0.40667678300455234,0.417298937784522,0.417298937784522,0.3186646433990895
148,0.33687405159332323,0.2609605001129155,0.35102661816726227,0.15815189452145823,0.38239757207890746,0.060120049864053726,0.07864877488464117,0.0,0.07783655449748039,1.0036279389169067,"[0.6616085171699524, 0.7086494565010071, 0.7420333623886108, 0.7283763289451599]",0.7266,0.34446130500758726,0.3550834597875569,0.40667678300455234,0.3990895295902883,0.4157814871016692,0.4157814871016692,0.33839150227617604
149,0.2959028831562974,0.21255681598702092,0.3127312978169203,0.10640796006723312,0.3535660091047041,0.059312328696250916,0.07866440806537867,0.0,0.0778100211173296,0.7529770309338346,"[0.6616085171699524, 0.7086494565010071, 0.7420333623886108, 0.7283763289451599]",0.779,0.33839150227617604,0.3626707132018209,0.4157814871016692,0.41122913505311076,0.4218512898330804,0.4218512898330804,0.33687405159332323
150,0.3156297420333839,0.22970720948374845,0.32172458073818805,0.11893113787884972,0.37025796661608495,0.060964204370975494,0.07864036597311497,0.0,0.07778579834848642,0.7612091640476137,"[0.6616085171699524, 0.7086494565010071, 0.7420333623886108, 0.7283763289451599]",0.7343,0.37936267071320184,0.38694992412746587,0.4355083459787557,0.417298937784522,0.44157814871016693,0.44157814871016693,0.37177541729893776
151,0.3171471927162367,0.25784573802492616,0.3357889602755797,0.1338600330505518,0.38694992412746587,0.06026116758584976,0.07862655073404312,0.0,0.07776058372110128,0.8785206429893151,"[0.6616085171699524, 0.7086494565010071, 0.7420333623886108, 0.7283763289451599]",0.8731,0.38239757207890746,0.40212443095599393,0.4203338391502276,0.3899848254931715,0.4006069802731411,0.4006069802731411,0.37784522003034904
152,0.3171471927162367,0.2617937503267225,0.34211967377874586,0.12925765114663085,0.38239757207890746,0.060519732534885406,0.078564977273345,0.0,0.07773821614682674,1.0102778599830344,"[0.6616085171699524, 0.7086494565010071, 0.7420333623886108, 0.7283763289451599]",0.7095,0.34446130500758726,0.38543247344461307,0.4339908952959029,0.4339908952959029,0.4233687405159332,0.4233687405159332,0.33687405159332323
153,0.3277693474962064,0.24564082687338495,0.335244860104755,0.12462736249963725,0.37481031866464337,0.05982702970504761,0.07851314917206764,0.0,0.07771649118512869,0.8289012479363009,"[0.6616085171699524, 0.7086494565010071, 0.7420333623886108, 0.7283763289451599]",0.7054,0.34294385432473445,0.37025796661608495,0.3960546282245827,0.3884673748103187,0.3899848254931715,0.3899848254931715,0.34446130500758726
154,0.3277693474962064,0.23611096574317325,0.33146232342915644,0.11268738369030674,0.38239757207890746,0.058897994458675385,0.07852997072041035,0.0,0.07769379112869501,0.6982598170870915,"[0.6616085171699524, 0.7086494565010071, 0.7420333623886108, 0.7283763289451599]",0.7135,0.36570561456752654,0.38694992412746587,0.4309559939301973,0.41122913505311076,0.4309559939301973,0.4309559939301973,0.3626707132018209
155,0.33839150227617604,0.24356172894760408,0.3310409567486522,0.10932056300131678,0.38088012139605465,0.058539979159832,0.07845479156821966,0.0,0.07767058536410332,0.8899603240424767,"[0.6616085171699524, 0.7086494565010071, 0.7420333623886108, 0.7283763289451599]",1.0515,0.38088012139605465,0.41274658573596357,0.4385432473444613,0.4324734446130501,0.45068285280728376,0.45068285280728376,0.37632776934749623
156,0.3232169954476479,0.23675353948748845,0.3472141460657085,0.12657421707189628,0.3975720789074355,0.059823743999004364,0.07838666811585426,0.0,0.07764928415417671,1.412698568077758,"[0.6616085171699524, 0.7086494565010071, 0.7420333623886108, 0.7283763289451599]",1.688,0.3505311077389985,0.36874051593323215,0.38694992412746587,0.3930197268588771,0.3960546282245827,0.3960546282245827,0.34749620637329287
157,0.33839150227617604,0.24676434580407014,0.3029948138021169,0.10789681092957495,0.3626707132018209,0.05844971537590027,0.07835048343986273,0.0,0.07762565091252327,1.02709211606998,"[0.6616085171699524, 0.7086494565010071, 0.7420333623886108, 0.7283763289451599]",1.014,0.3490136570561457,0.36570561456752654,0.40971168437025796,0.40515933232169954,0.41122913505311076,0.41122913505311076,0.3505311077389985
158,0.33687405159332323,0.2752774492286787,0.34245327239400675,0.13127075947883357,0.3915022761760243,0.06037430465221405,0.07838120497763157,0.0,0.07760060485452414,1.1590700310189277,"[0.6616085171699524, 0.7086494565010071, 0.7420333623886108, 0.7283763289451599]",0.9917,0.38088012139605465,0.4142640364188164,0.44309559939301973,0.4279210925644917,0.4370257966616085,0.4370257966616085,0.37481031866464337
159,0.33839150227617604,0.27701045013852166,0.36313807756506383,0.1429305985058446,0.4006069802731411,0.06046540290117264,0.07818083837628365,0.0,0.07758763432502747,1.0074035719735548,"[0.6616085171699524, 0.7086494565010071, 0.7420333623886108, 0.7283763289451599]",0.9944,0.36874051593323215,0.38239757207890746,0.4218512898330804,0.424886191198786,0.4355083459787557,0.4355083459787557,0.37177541729893776
160,0.33990895295902884,0.2559509132390462,0.338518801862418,0.13445025646696407,0.3899848254931715,0.05859359726309776,0.07824522443115711,0.0,0.07757105957716703,1.021872473997064,"[0.6616085171699524, 0.7086494565010071, 0.7420333623886108, 0.7283763289451599]",0.9614,0.40667678300455234,0.4309559939301973,0.4582701062215478,0.44613050075872535,0.44613050075872535,0.44613050075872535,0.3975720789074355
161,0.32473444613050073,0.24473707254006116,0.3484602510208325,0.13923957726213831,0.38694992412746587,0.060716573148965836,0.07786708045750856,0.0,0.07753222156316042,0.9381218949565664,"[0.6616085171699524, 0.7086494565010071, 0.7420333623886108, 0.7283763289451599]",0.8004,0.37025796661608495,0.37784522003034904,0.424886191198786,0.4264036418816389,0.4157814871016692,0.4157814871016692,0.3581183611532625
162,0.3596358118361153,0.2741495142691591,0.35222226142797586,0.1438364337179616,0.3960546282245827,0.0610225647687912,0.07791082002222538,0.0,0.07758580334484577,0.7694926460972056,"[0.6616085171699524, 0.7086494565010071, 0.7420333623886108, 0.7283763289451599]",0.7152,0.37025796661608495,0.38543247344461307,0.4385432473444613,0.4188163884673748,0.44309559939301973,0.44309559939301973,0.37632776934749623
163,0.3171471927162367,0.22657423635453167,0.33081944630030097,0.1136514949622932,0.38088012139605465,0.05992210656404495,0.07800965383648872,0.0,0.07754976488649845,1.025835100095719,"[0.6616085171699524, 0.7086494565010071, 0.7420333623886108, 0.7283763289451599]",0.7287,0.3596358118361153,0.38088012139605465,0.4157814871016692,0.4294385432473445,0.4279210925644917,0.4279210925644917,0.3611532625189681
164,0.34142640364188165,0.2791442664186571,0.3702826314977429,0.17177300009078303,0.3884673748103187,0.06038300693035126,0.07802069373428822,0.0,0.07752668671309948,0.8995732719777152,"[0.6616085171699524, 0.7086494565010071, 0.7420333623886108, 0.7283763289451599]",0.6706,0.32473444613050073,0.3520485584218513,0.41274658573596357,0.4142640364188164,0.4188163884673748,0.4188163884673748,0.3216995447647951
165,0.3520485584218513,0.29382875297695976,0.3689864838969895,0.16836545186566154,0.41122913505311076,0.05904550105333328,0.07803975231945515,0.0,0.0774987218901515,0.8125267989234999,"[0.6616085171699524, 0.7086494565010071, 0.7420333623886108, 0.7283763289451599]",1.0225,0.3505311077389985,0.38088012139605465,0.41274658573596357,0.4142640364188164,0.417298937784522,0.417298937784522,0.3505311077389985
166,0.3520485584218513,0.26739841864509606,0.36408695359900933,0.14830115196385643,0.40212443095599393,0.05951591953635216,0.07797529082745314,0.0,0.07747421972453594,0.7774452130543068,"[0.6616085171699524, 0.7086494565010071, 0.7420333623886108, 0.7283763289451599]",0.8004,0.38239757207890746,0.40212443095599393,0.44613050075872535,0.417298937784522,0.44461305007587254,0.44461305007587254,0.38239757207890746
167,0.3581183611532625,0.26751225818657676,0.3269192304921701,0.12328807759188078,0.3915022761760243,0.059181079268455505,0.07784989848732948,0.0,0.07744506653398275,1.1067059970228001,"[0.6616085171699524, 0.7086494565010071, 0.7420333623886108, 0.7283763289451599]",0.7119,0.34294385432473445,0.37025796661608495,0.4157814871016692,0.41122913505311076,0.40819423368740515,0.40819423368740515,0.33687405159332323
168,0.37632776934749623,0.3203099709151318,0.3896642660802014,0.188444242494552,0.417298937784522,0.058505475521087646,0.07776695024222136,0.0,0.07744872570037842,0.7816303259460256,"[0.6616085171699524, 0.7086494565010071, 0.7420333623886108, 0.7283763289451599]",0.6713,0.37025796661608495,0.38391502276176026,0.4203338391502276,0.40364188163884673,0.417298937784522,0.417298937784522,0.3611532625189681
169,0.34446130500758726,0.2632507873740655,0.3598577254266578,0.14544671555965624,0.40819423368740515,0.05807124450802803,0.07924893219023943,0.0,0.07736981753259897,0.8212901420192793,"[0.6616085171699524, 0.7086494565010071, 0.7420333623886108, 0.7283763289451599]",0.7012,0.38239757207890746,0.40819423368740515,0.4294385432473445,0.424886191198786,0.4279210925644917,0.4279210925644917,0.37936267071320184
170,0.34294385432473445,0.2580218214345149,0.3666532579821047,0.15295755196135016,0.40667678300455234,0.05840512737631798,0.07750387024134398,0.0,0.07732157967984676,0.8589661250589415,"[0.6616085171699524, 0.7086494565010071, 0.7420333623886108, 0.7283763289451599]",1.1294,0.37632776934749623,0.3899848254931715,0.417298937784522,0.4006069802731411,0.4309559939301973,0.4309559939301973,0.37481031866464337
171,0.34142640364188165,0.257728801594552,0.35237598543163107,0.12325667634144233,0.3915022761760243,0.05751705914735794,0.07713284809142351,0.0,0.0776601443067193,1.124996555969119,"[0.6616085171699524, 0.7086494565010071, 0.7420333623886108, 0.7283763289451599]",1.007,0.3566009104704097,0.37936267071320184,0.40667678300455234,0.417298937784522,0.417298937784522,0.417298937784522,0.3596358118361153
172,0.3550834597875569,0.29348209961252825,0.36883107243368907,0.15894355020756046,0.3915022761760243,0.057962290942668915,0.07758835330605507,0.0,0.07746543921530247,1.165507061057724,"[0.6616085171699524, 0.7086494565010071, 0.7420333623886108, 0.7283763289451599]",0.6934,0.34446130500758726,0.37025796661608495,0.3915022761760243,0.38088012139605465,0.41274658573596357,0.41274658573596357,0.34142640364188165
173,0.34142640364188165,0.28422627985664806,0.34655257378793175,0.15871360534597317,0.3960546282245827,0.05817606300115585,0.07807593327015638,0.0,0.07740911189466715,0.7753805830143392,"[0.6616085171699524, 0.7086494565010071, 0.7420333623886108, 0.7283763289451599]",0.7122,0.3915022761760243,0.40819423368740515,0.4339908952959029,0.40819423368740515,0.4264036418816389,0.4264036418816389,0.3960546282245827
174,0.3581183611532625,0.2754947953892737,0.358205695458813,0.1518424425828796,0.40364188163884673,0.056990187615156174,0.07818049378693104,0.0,0.07736006379127502,0.8610056448960677,"[0.6616085171699524, 0.7086494565010071, 0.7420333623886108, 0.7283763289451599]",0.7175,0.38543247344461307,0.40667678300455234,0.4294385432473445,0.4218512898330804,0.4294385432473445,0.4294385432473445,0.3899848254931715
175,0.3596358118361153,0.29878768318389504,0.3693204069034951,0.15302552557566604,0.40515933232169954,0.05655239522457123,0.07826220151036978,0.0,0.07733200863003731,0.7743754520779476,"[0.6616085171699524, 0.7086494565010071, 0.7420333623886108, 0.7283763289451599]",0.7887,0.3899848254931715,0.4142640364188164,0.44157814871016693,0.44461305007587254,0.44613050075872535,0.44613050075872535,0.3915022761760243
176,0.3277693474962064,0.2655395801099413,0.342855732027755,0.1339604247165716,0.3915022761760243,0.057583846151828766,0.0782326441258192,0.0,0.07731003873050213,1.0491305649047717,"[0.6616085171699524, 0.7086494565010071, 0.7420333623886108, 0.7283763289451599]",0.9751,0.34294385432473445,0.36722306525037934,0.3960546282245827,0.3930197268588771,0.40667678300455234,0.40667678300455234,0.34294385432473445
177,0.34294385432473445,0.25997878592194357,0.37325050301096385,0.14288481222351826,0.4142640364188164,0.05851750820875168,0.07820831146091223,0.0,0.07728492189198732,0.7352080610580742,"[0.6616085171699524, 0.7086494565010071, 0.7420333623886108, 0.7283763289451599]",0.6601,0.3581183611532625,0.37936267071320184,0.417298937784522,0.4264036418816389,0.4385432473444613,0.4385432473444613,0.3520485584218513
178,0.37329286798179057,0.31507742174150477,0.3956172188541832,0.17557884477496952,0.4157814871016692,0.05737091228365898,0.0781722804531455,0.0,0.07726192660629749,0.7193796610226855,"[0.6616085171699524, 0.7086494565010071, 0.7420333623886108, 0.7283763289451599]",0.9975,0.34142640364188165,0.3566009104704097,0.40515933232169954,0.40971168437025796,0.4339908952959029,0.4339908952959029,0.3338391502276176
179,0.3611532625189681,0.3016361668386739,0.3638178194754692,0.13655363369526424,0.3930197268588771,0.055731967091560364,0.07815753296017647,0.0,0.07723911851644516,0.9097800380550325,"[0.6616085171699524, 0.7086494565010071, 0.7420333623886108, 0.7283763289451599]",0.7947,0.38088012139605465,0.40819423368740515,0.4355083459787557,0.424886191198786,0.44461305007587254,0.44461305007587254,0.37481031866464337
180,0.3277693474962064,0.2358650330193247,0.3345623233440961,0.11214237496532058,0.3930197268588771,0.05550169199705124,0.07811327185481787,0.0,0.07721714302897453,0.847593878977932,"[0.6616085171699524, 0.7086494565010071, 0.7420333623886108, 0.7283763289451599]",0.8486,0.3975720789074355,0.4203338391502276,0.4370257966616085,0.41122913505311076,0.4355083459787557,0.4355083459787557,0.38694992412746587
181,0.3323216995447648,0.24556578663218342,0.33873500320424654,0.11358768086972494,0.3975720789074355,0.05672789365053177,0.0780662763863802,0.0,0.07719218637794256,1.0571939799701795,"[0.6616085171699524, 0.7086494565010071, 0.7420333623886108, 0.7283763289451599]",1.091,0.33839150227617604,0.36570561456752654,0.40364188163884673,0.4142640364188164,0.40667678300455234,0.40667678300455234,0.33990895295902884
182,0.37329286798179057,0.3152652473847609,0.3811645998937733,0.17086361752170298,0.41274658573596357,0.0567324236035347,0.078096610493958,0.0,0.07716704811900854,1.1453966170083731,"[0.6616085171699524, 0.7086494565010071, 0.7420333623886108, 0.7283763289451599]",1.1342,0.37936267071320184,0.3975720789074355,0.4339908952959029,0.4203338391502276,0.4355083459787557,0.4355083459787557,0.37936267071320184
183,0.3262518968133536,0.23765603382915024,0.3262726702096174,0.10618893294073554,0.38543247344461307,0.05698104947805405,0.07806410826742649,0.0,0.07714621722698212,1.0955311260186136,"[0.6616085171699524, 0.7086494565010071, 0.7420333623886108, 0.7283763289451599]",1.2175,0.3581183611532625,0.36722306525037934,0.41122913505311076,0.40364188163884673,0.417298937784522,0.417298937784522,0.3566009104704097
184,0.32473444613050073,0.24031925476136196,0.3440613288009286,0.10977421315445195,0.38391502276176026,0.05591423064470291,0.07798975985497236,0.0,0.07712472230195999,1.3834679900901392,"[0.6616085171699524, 0.7086494565010071, 0.7420333623886108, 0.7283763289451599]",0.9605,0.3566009104704097,0.37784522003034904,0.3945371775417299,0.3915022761760243,0.4218512898330804,0.4218512898330804,0.3505311077389985
185,0.36418816388467373,0.30888198073727,0.40151462062464616,0.19222414232025392,0.4264036418816389,0.05849813297390938,0.0779597694054246,0.0,0.07710007391870022,0.7353243249235675,"[0.6616085171699524, 0.7086494565010071, 0.7420333623886108, 0.7283763289451599]",0.6735,0.40667678300455234,0.4203338391502276,0.4203338391502276,0.4233687405159332,0.4203338391502276,0.4203338391502276,0.40515933232169954
186,0.3277693474962064,0.23141910125079312,0.3148153623442627,0.07695337234815111,0.38391502276176026,0.056674398481845856,0.07791782263666391,0.0,0.07707962580025196,0.8875081330770627,"[0.6616085171699524, 0.7086494565010071, 0.7420333623886108, 0.7283763289451599]",1.0206,0.37784522003034904,0.38239757207890746,0.4264036418816389,0.4233687405159332,0.4385432473444613,0.4385432473444613,0.37784522003034904
187,0.38543247344461307,0.3311287820501576,0.40851952255810586,0.18357651568155786,0.4339908952959029,0.05578938499093056,0.07788837980479002,0.0,0.07705736067146063,1.012573323911056,"[0.6616085171699524, 0.7086494565010071, 0.7420333623886108, 0.7283763289451599]",0.8402,0.3990895295902883,0.40971168437025796,0.44764795144157815,0.4339908952959029,0.4370257966616085,0.4370257966616085,0.3915022761760243
188,0.3581183611532625,0.27050834151128555,0.34178918763891036,0.13723790812256575,0.3915022761760243,0.05732297897338867,0.0779235502704978,0.0,0.07703572325408459,0.8578008729964495,"[0.6616085171699524, 0.7086494565010071, 0.7420333623886108, 0.7283763289451599]",0.7282,0.3596358118361153,0.38239757207890746,0.41274658573596357,0.3945371775417299,0.4142640364188164,0.4142640364188164,0.3520485584218513
189,0.3125948406676783,0.230901811661411,0.34080765369195226,0.1351762900979295,0.37936267071320184,0.056563179939985275,0.07789617218077183,0.0,0.07701488304883242,1.128552736947313,"[0.6616085171699524, 0.7086494565010071, 0.7420333623886108, 0.7283763289451599]",1.1377,0.33687405159332323,0.3550834597875569,0.40819423368740515,0.41122913505311076,0.40971168437025796,0.40971168437025796,0.3338391502276176
190,0.36722306525037934,0.31137595505449045,0.376067275967233,0.15912010926324466,0.4157814871016692,0.05690953508019447,0.07793846819549799,0.0,0.07699327263981104,1.0824072669493034,"[0.6616085171699524, 0.7086494565010071, 0.7420333623886108, 0.7283763289451599]",1.0477,0.3535660091047041,0.37177541729893776,0.4188163884673748,0.424886191198786,0.44613050075872535,0.44613050075872535,0.3505311077389985
191,0.36570561456752654,0.28176446968393276,0.3557508382093602,0.14129263617437182,0.40819423368740515,0.058452628552913666,0.07783231977373362,0.0,0.07697259075939655,0.9003668760415167,"[0.6616085171699524, 0.7086494565010071, 0.7420333623886108, 0.7283763289451599]",0.9757,0.37936267071320184,0.3884673748103187,0.40971168437025796,0.4006069802731411,0.4142640364188164,0.4142640364188164,0.37632776934749623
192,0.36874051593323215,0.3061121179293518,0.3671669542125541,0.16523152538626087,0.4006069802731411,0.05583309382200241,0.07792393397539854,0.0,0.07695441134274006,0.9411632510600612,"[0.6616085171699524, 0.7086494565010071, 0.7420333623886108, 0.7283763289451599]",0.904,0.3930197268588771,0.417298937784522,0.4370257966616085,0.424886191198786,0.4385432473444613,0.4385432473444613,0.3899848254931715
193,0.33839150227617604,0.26282381857693005,0.35694852100168983,0.16567694157032217,0.3945371775417299,0.055171456187963486,0.07806003652513027,0.0,0.07691733632236719,0.7324629880022258,"[0.6616085171699524, 0.7086494565010071, 0.7420333623886108, 0.7283763289451599]",0.6699,0.36722306525037934,0.3899848254931715,0.4188163884673748,0.40364188163884673,0.4142640364188164,0.4142640364188164,0.3581183611532625
194,0.37025796661608495,0.3076644608600114,0.3796371131928493,0.18292678158416203,0.40819423368740515,0.05575842782855034,0.07770192343741655,0.0,0.07689544931054115,0.7227495859842747,"[0.6616085171699524, 0.7086494565010071, 0.7420333623886108, 0.7283763289451599]",0.687,0.36570561456752654,0.3884673748103187,0.4324734446130501,0.424886191198786,0.4370257966616085,0.4370257966616085,0.36418816388467373
195,0.3626707132018209,0.28775273352358843,0.34932399740264775,0.16090552848692907,0.3945371775417299,0.057528305798769,0.07800357975065708,0.0,0.07689100131392479,0.8201215520966798,"[0.6616085171699524, 0.7086494565010071, 0.7420333623886108, 0.7283763289451599]",0.6641,0.3232169954476479,0.3550834597875569,0.40515933232169954,0.40212443095599393,0.4142640364188164,0.4142640364188164,0.3232169954476479
196,0.3216995447647951,0.24937505892665568,0.3488541919122549,0.09943398707603061,0.3626707132018209,0.055444665253162384,0.07797721400856972,0.0,0.07695082761347294,0.8913126420229673,"[0.6616085171699524, 0.7086494565010071, 0.7420333623886108, 0.7283763289451599]",0.8374,0.3535660091047041,0.36874051593323215,0.4339908952959029,0.4309559939301973,0.4355083459787557,0.4355083459787557,0.3505311077389985
197,0.33990895295902884,0.2665488020796021,0.3614911229197607,0.08543386589690238,0.36722306525037934,0.054888173937797546,0.07794464752078056,0.0,0.07694474048912525,0.8291249859612435,"[0.6616085171699524, 0.7086494565010071, 0.7420333623886108, 0.7283763289451599]",0.7013,0.40819423368740515,0.4157814871016692,0.4370257966616085,0.4264036418816389,0.44916540212443096,0.44916540212443096,0.40667678300455234
198,0.37936267071320184,0.3130220240962628,0.3927012537023099,0.13666611225672673,0.4157814871016692,0.05462004244327545,0.07791608944535255,0.0,0.07691132463514805,0.7749366939533502,"[0.6616085171699524, 0.7086494565010071, 0.7420333623886108, 0.7283763289451599]",0.7321,0.4006069802731411,0.424886191198786,0.456752655538695,0.44157814871016693,0.45068285280728376,0.45068285280728376,0.40364188163884673
199,0.37329286798179057,0.3049481840144237,0.38805733332097453,0.12446316161198717,0.40364188163884673,0.05697595328092575,0.07787682954221964,0.0,0.07688407879322767,0.7620418800506741,"[0.6616085171699524, 0.7086494565010071, 0.7420333623886108, 0.7283763289451599]",0.7365,0.38543247344461307,0.40364188163884673,0.44461305007587254,0.44764795144157815,0.4537177541729894,0.4537177541729894,0.3884673748103187
200,0.3596358118361153,0.2857414370543878,0.37704717563411383,0.09574503899180765,0.36874051593323215,0.05726137012243271,0.07786729745566845,0.0,0.0768596725538373,0.8198957970598713,"[0.6616085171699524, 0.7086494565010071, 0.7420333623886108, 0.7283763289451599]",0.6989,0.40212443095599393,0.4309559939301973,0.4673748103186646,0.44309559939301973,0.4628224582701062,0.4628224582701062,0.3975720789074355
201,0.3323216995447648,0.25744197004773517,0.3736335778443277,0.09613261460912957,0.3566009104704097,0.05573941394686699,0.07784779276698828,0.0,0.07683607842773199,0.7526104189455509,"[0.6616085171699524, 0.7086494565010071, 0.7420333623886108, 0.7283763289451599]",0.8553,0.3930197268588771,0.3960546282245827,0.4324734446130501,0.44157814871016693,0.44157814871016693,0.44157814871016693,0.3884673748103187
202,0.34142640364188165,0.26659674693759294,0.36710167331615623,0.09341515846492152,0.3596358118361153,0.055288512259721756,0.07781435549259186,0.0,0.07681351527571678,0.9420614689588547,"[0.6616085171699524, 0.7086494565010071, 0.7420333623886108, 0.7283763289451599]",0.9306,0.37784522003034904,0.3960546282245827,0.4355083459787557,0.4385432473444613,0.44309559939301973,0.44309559939301973,0.38088012139605465
203,0.3505311077389985,0.2772160008200293,0.3728006383915159,0.10985287267205417,0.36874051593323215,0.054181888699531555,0.07777152210474014,0.0,0.07676225900650024,0.8802183939842507,"[0.6616085171699524, 0.7086494565010071, 0.7420333623886108, 0.7283763289451599]",0.9028,0.37329286798179057,0.38088012139605465,0.4279210925644917,0.4309559939301973,0.4400606980273141,0.4400606980273141,0.37025796661608495
204,0.3323216995447648,0.2625054365934242,0.34940262041215486,0.12365315667981096,0.36570561456752654,0.05434463173151016,0.07768049649894238,0.0,0.07671645935624838,0.7759089780738577,"[0.6616085171699524, 0.7086494565010071, 0.7420333623886108, 0.7283763289451599]",0.8384,0.3884673748103187,0.41122913505311076,0.4400606980273141,0.4355083459787557,0.4582701062215478,0.4582701062215478,0.38088012139605465
205,0.3262518968133536,0.2525443472574185,0.3562214751201005,0.11654849209325566,0.36418816388467373,0.05394740402698517,0.07762090303003788,0.0,0.07667869701981544,0.7537060730392113,"[0.6616085171699524, 0.7086494565010071, 0.7420333623886108, 0.7283763289451599]",0.6758,0.34446130500758726,0.37784522003034904,0.4188163884673748,0.4218512898330804,0.4279210925644917,0.4279210925644917,0.33990895295902884
206,0.3277693474962064,0.2573618445821504,0.3626760698832029,0.13234585245117705,0.3581183611532625,0.053881920874118805,0.07748975045979023,0.0,0.07665430288761854,0.7343959000427276,"[0.6616085171699524, 0.7086494565010071, 0.7420333623886108, 0.7283763289451599]",0.6553,0.3353566009104704,0.3611532625189681,0.3990895295902883,0.40515933232169954,0.4339908952959029,0.4339908952959029,0.33687405159332323
207,0.3323216995447648,0.2613537941083566,0.3619445292300824,0.10465582554821617,0.37329286798179057,0.055397775024175644,0.07741846796125174,0.0,0.07663569040596485,0.7383074089884758,"[0.6616085171699524, 0.7086494565010071, 0.7420333623886108, 0.7283763289451599]",0.6701,0.3292867981790592,0.33990895295902884,0.38543247344461307,0.3915022761760243,0.4188163884673748,0.4188163884673748,0.3292867981790592
208,0.3550834597875569,0.28811082163055224,0.36848477679640906,0.1349785402544844,0.3915022761760243,0.05511189624667168,0.07737614586949348,0.0,0.07662268914282322,0.8317657340085134,"[0.6616085171699524, 0.7086494565010071, 0.7420333623886108, 0.7283763289451599]",0.8319,0.3626707132018209,0.38239757207890746,0.4142640364188164,0.4294385432473445,0.4339908952959029,0.4339908952959029,0.3611532625189681
209,0.36722306525037934,0.292507041383252,0.377560544954069,0.13436139632006477,0.4006069802731411,0.05330156162381172,0.07739077042788267,0.0,0.07660087384283543,0.7189033429604024,"[0.6616085171699524, 0.7086494565010071, 0.7420333623886108, 0.7283763289451599]",0.6748,0.33839150227617604,0.3520485584218513,0.40819423368740515,0.4188163884673748,0.4370257966616085,0.4370257966616085,0.3323216995447648
210,0.36874051593323215,0.30052815553797885,0.3840282762989562,0.1297548159876627,0.3960546282245827,0.05393534526228905,0.07739205192774534,0.0,0.07655862718820572,1.079192423960194,"[0.6616085171699524, 0.7086494565010071, 0.7420333623886108, 0.7283763289451599]",0.6662,0.3626707132018209,0.3915022761760243,0.4355083459787557,0.4339908952959029,0.4400606980273141,0.4400606980273141,0.36418816388467373
211,0.36570561456752654,0.2842967862960951,0.35986598309449935,0.13790341945030632,0.3990895295902883,0.05390521138906479,0.0773345185443759,0.0,0.07654319517314434,0.807275451021269,"[0.6616085171699524, 0.7086494565010071, 0.7420333623886108, 0.7283763289451599]",0.7829,0.38239757207890746,0.40364188163884673,0.4370257966616085,0.4355083459787557,0.4537177541729894,0.4537177541729894,0.37936267071320184
212,0.3626707132018209,0.2814473858423483,0.3630078157862928,0.1371318770856963,0.3960546282245827,0.0536947175860405,0.07730522006750107,0.0,0.07651976868510246,0.8269725820282474,"[0.6616085171699524, 0.7086494565010071, 0.7420333623886108, 0.7283763289451599]",0.8545,0.38088012139605465,0.40667678300455234,0.417298937784522,0.424886191198786,0.4597875569044006,0.4597875569044006,0.37936267071320184
213,0.34597875569044007,0.27416786987465325,0.3730370261994459,0.12270116138531324,0.38543247344461307,0.05211108177900314,0.07727561797946692,0.0,0.07650072686374187,0.8869523369939998,"[0.6616085171699524, 0.7086494565010071, 0.7420333623886108, 0.7283763289451599]",0.726,0.38391502276176026,0.4142640364188164,0.4203338391502276,0.4188163884673748,0.4233687405159332,0.4233687405159332,0.38391502276176026
214,0.36418816388467373,0.28631540857338555,0.36714513155739725,0.14386686068615467,0.40364188163884673,0.05388277769088745,0.07723805587738752,0.0,0.0764777772128582,0.7359891580417752,"[0.6616085171699524, 0.7086494565010071, 0.7420333623886108, 0.7283763289451599]",0.8025,0.3990895295902883,0.4157814871016692,0.44764795144157815,0.44309559939301973,0.45068285280728376,0.45068285280728376,0.3975720789074355
215,0.3899848254931715,0.31940376730277154,0.3860902223778798,0.18342973052687866,0.41122913505311076,0.053538672626018524,0.07722002360969782,0.0,0.07645650766789913,0.7501103749964386,"[0.6616085171699524, 0.7086494565010071, 0.7420333623886108, 0.7283763289451599]",0.8631,0.4233687405159332,0.44157814871016693,0.48558421851289835,0.47040971168437024,0.4779969650986343,0.4779969650986343,0.4233687405159332
216,0.37481031866464337,0.3054604802030093,0.4108609860127617,0.17587953098514705,0.4157814871016692,0.054226815700531006,0.07718856539577246,0.0,0.07643308211117983,0.9385629730531946,"[0.6616085171699524, 0.7086494565010071, 0.7420333623886108, 0.7283763289451599]",0.914,0.4006069802731411,0.4218512898330804,0.4233687405159332,0.40364188163884673,0.4279210925644917,0.4279210925644917,0.3960546282245827
217,0.37025796661608495,0.30725409337764453,0.40327870614645517,0.1688133995727353,0.40515933232169954,0.05401790142059326,0.07716300617903471,0.0,0.07641178648918867,0.9871264410903677,"[0.6616085171699524, 0.7086494565010071, 0.7420333623886108, 0.7283763289451599]",0.9095,0.38694992412746587,0.3990895295902883,0.41274658573596357,0.3960546282245827,0.417298937784522,0.417298937784522,0.3899848254931715
218,0.37177541729893776,0.29748839987846265,0.3850287746332746,0.1648748448414374,0.40971168437025796,0.055146828293800354,0.0771091841161251,0.0,0.0763909611850977,1.056750247022137,"[0.6616085171699524, 0.7086494565010071, 0.7420333623886108, 0.7283763289451599]",1.0445,0.37784522003034904,0.3990895295902883,0.3960546282245827,0.38694992412746587,0.40667678300455234,0.40667678300455234,0.37481031866464337
219,0.3535660091047041,0.2749226453982405,0.36652596252098285,0.1523229061688995,0.3915022761760243,0.05474712699651718,0.07705609500408173,0.0,0.07637321390211582,1.0550766040105373,"[0.6616085171699524, 0.7086494565010071, 0.7420333623886108, 0.7283763289451599]",0.9802,0.37632776934749623,0.4006069802731411,0.40364188163884673,0.40971168437025796,0.4218512898330804,0.4218512898330804,0.37177541729893776
220,0.3596358118361153,0.28317498285896936,0.3700028135100668,0.15780233051844125,0.40819423368740515,0.05306101590394974,0.07702607940882444,0.0,0.07634854130446911,0.9779959619045258,"[0.6616085171699524, 0.7086494565010071, 0.7420333623886108, 0.7283763289451599]",0.8284,0.3596358118361153,0.38088012139605465,0.4218512898330804,0.417298937784522,0.4157814871016692,0.4157814871016692,0.3581183611532625
221,0.38239757207890746,0.307832060635308,0.3876319639549789,0.17436840032394002,0.4157814871016692,0.052790552377700806,0.07699177786707878,0.0,0.0763298450037837,1.0269076629774645,"[0.6616085171699524, 0.7086494565010071, 0.7420333623886108, 0.7283763289451599]",0.9827,0.36570561456752654,0.37025796661608495,0.4294385432473445,0.4203338391502276,0.424886191198786,0.424886191198786,0.3611532625189681
222,0.3611532625189681,0.28436819677881986,0.38389781521485894,0.14176208917509095,0.3990895295902883,0.055857717990875244,0.07696402724832296,0.0,0.07630958035588264,1.3336183049250394,"[0.6616085171699524, 0.7086494565010071, 0.7420333623886108, 0.7283763289451599]",0.7331,0.3490136570561457,0.38239757207890746,0.4233687405159332,0.4218512898330804,0.4294385432473445,0.4294385432473445,0.33839150227617604
223,0.3884673748103187,0.3245460765089031,0.4082945627436247,0.21603564518446494,0.4324734446130501,0.05516735464334488,0.07693687174469233,0.0,0.0762890912592411,0.8207780349766836,"[0.6616085171699524, 0.7086494565010071, 0.7420333623886108, 0.7283763289451599]",1.0285,0.37784522003034904,0.3899848254931715,0.41274658573596357,0.40819423368740515,0.4203338391502276,0.4203338391502276,0.37632776934749623
224,0.34597875569044007,0.27967548128742326,0.3707218521140698,0.13080546694889664,0.3960546282245827,0.05325041338801384,0.07695989683270454,0.0,0.0762675479054451,0.7776180290384218,"[0.6616085171699524, 0.7086494565010071, 0.7420333623886108, 0.7283763289451599]",0.7331,0.36570561456752654,0.38694992412746587,0.40971168437025796,0.40971168437025796,0.4157814871016692,0.4157814871016692,0.36570561456752654
225,0.3535660091047041,0.27777106031566345,0.3754080552174469,0.15887563785489428,0.38543247344461307,0.055138129740953445,0.07694550044834614,0.0,0.07625824399292469,0.7930750589584932,"[0.6616085171699524, 0.7086494565010071, 0.7420333623886108, 0.7283763289451599]",0.6963,0.3960546282245827,0.40667678300455234,0.40819423368740515,0.40212443095599393,0.4218512898330804,0.4218512898330804,0.3884673748103187
226,0.36570561456752654,0.3026384409350745,0.3770599065725859,0.1783836027053469,0.3884673748103187,0.05357047915458679,0.07691286318004131,0.0,0.07626083306968212,0.9260002931114286,"[0.6616085171699524, 0.7086494565010071, 0.7420333623886108, 0.7283763289451599]",0.7415,0.37481031866464337,0.38239757207890746,0.40212443095599393,0.3960546282245827,0.4142640364188164,0.4142640364188164,0.37177541729893776
227,0.33990895295902884,0.26981260395678974,0.37087491548289786,0.13727048518633736,0.3611532625189681,0.054583583027124405,0.07684623915702105,0.0,0.07621546741575003,1.0160854639252648,"[0.6616085171699524, 0.7086494565010071, 0.7420333623886108, 0.7283763289451599]",0.9932,0.37784522003034904,0.3975720789074355,0.44309559939301973,0.4264036418816389,0.4658573596358118,0.4658573596358118,0.37481031866464337
228,0.33990895295902884,0.27038129586125625,0.378011459038553,0.13959871942907198,0.37025796661608495,0.05329766124486923,0.07688968535512686,0.0,0.07616573758423328,0.8444765899330378,"[0.6616085171699524, 0.7086494565010071, 0.7420333623886108, 0.7283763289451599]",0.7651,0.37784522003034904,0.3884673748103187,0.40212443095599393,0.3899848254931715,0.4188163884673748,0.4188163884673748,0.37784522003034904
229,0.36874051593323215,0.3073953554176688,0.39925887194120474,0.19628773148672313,0.3930197268588771,0.05385212600231171,0.07678458001464605,0.0,0.07610949408262968,0.8708272189833224,"[0.6616085171699524, 0.7086494565010071, 0.7420333623886108, 0.7283763289451599]",0.9396,0.3626707132018209,0.37632776934749623,0.3975720789074355,0.3960546282245827,0.4203338391502276,0.4203338391502276,0.3566009104704097
230,0.34446130500758726,0.2711651352894341,0.37661172571872426,0.14984609845603722,0.3611532625189681,0.05403236299753189,0.07677955832332373,0.0,0.0760767962783575,0.9298316109925508,"[0.6616085171699524, 0.7086494565010071, 0.7420333623886108, 0.7283763289451599]",0.7596,0.3626707132018209,0.36570561456752654,0.417298937784522,0.424886191198786,0.4294385432473445,0.4294385432473445,0.36418816388467373
231,0.34446130500758726,0.2732675238744363,0.3738266449151254,0.1488669709633533,0.3581183611532625,0.054394111037254333,0.07677913643419743,0.0,0.07603301387280226,0.8287182200001553,"[0.6616085171699524, 0.7086494565010071, 0.7420333623886108, 0.7283763289451599]",0.7139,0.34749620637329287,0.36874051593323215,0.3930197268588771,0.4006069802731411,0.4188163884673748,0.4188163884673748,0.34749620637329287
232,0.33687405159332323,0.2705154315358582,0.3678754860721985,0.17403004490289778,0.3550834597875569,0.05573638528585434,0.07674119807779789,0.0,0.0760111603885889,0.8142324249492958,"[0.6616085171699524, 0.7086494565010071, 0.7420333623886108, 0.7283763289451599]",0.8409,0.3596358118361153,0.38239757207890746,0.417298937784522,0.40515933232169954,0.4264036418816389,0.4264036418816389,0.3566009104704097
233,0.3338391502276176,0.2699267910453411,0.3426142680750818,0.15278473408689955,0.3566009104704097,0.05622897297143936,0.07677273824810982,0.0,0.07596750278025866,0.996544103953056,"[0.6616085171699524, 0.7086494565010071, 0.7420333623886108, 0.7283763289451599]",0.6911,0.3535660091047041,0.37784522003034904,0.417298937784522,0.40971168437025796,0.4309559939301973,0.4309559939301973,0.3550834597875569
234,0.33839150227617604,0.26563306701017764,0.3591344139086335,0.12469394565490287,0.36418816388467373,0.05508650466799736,0.07658944465219975,0.0,0.07597996946424246,0.8519382639788091,"[0.6616085171699524, 0.7086494565010071, 0.7420333623886108, 0.7283763289451599]",0.6833,0.36418816388467373,0.38239757207890746,0.4157814871016692,0.4203338391502276,0.4339908952959029,0.4339908952959029,0.3626707132018209
235,0.34749620637329287,0.27587414106361186,0.3740079335729355,0.11221494672271551,0.3611532625189681,0.054358549416065216,0.07657535374164581,0.0,0.07599868439137936,0.857928135083057,"[0.6616085171699524, 0.7086494565010071, 0.7420333623886108, 0.7283763289451599]",0.7202,0.3292867981790592,0.3581183611532625,0.40971168437025796,0.3990895295902883,0.4188163884673748,0.4188163884673748,0.3216995447647951
236,0.3596358118361153,0.2929436232259901,0.3863001941538254,0.13052005807889536,0.40515933232169954,0.0538884773850441,0.07658266462385654,0.0,0.07600180990993977,0.7538031650474295,"[0.6616085171699524, 0.7086494565010071, 0.7420333623886108, 0.7283763289451599]",0.6802,0.34597875569044007,0.36570561456752654,0.4157814871016692,0.40971168437025796,0.4324734446130501,0.4324734446130501,0.34446130500758726
237,0.3884673748103187,0.3227184396692865,0.41147835028731405,0.18645913508550196,0.4157814871016692,0.053765904158353806,0.07662300020456314,0.0,0.07597315963357687,0.7534774399828166,"[0.6616085171699524, 0.7086494565010071, 0.7420333623886108, 0.7283763289451599]",0.7257,0.3626707132018209,0.37632776934749623,0.4157814871016692,0.40364188163884673,0.44764795144157815,0.44764795144157815,0.3596358118361153
238,0.36418816388467373,0.2956402400916287,0.3836462296187288,0.14964375263530075,0.40212443095599393,0.05590246617794037,0.07667889632284641,0.0,0.07593203336000443,0.8160284149926156,"[0.6616085171699524, 0.7086494565010071, 0.7420333623886108, 0.7283763289451599]",0.6816,0.36722306525037934,0.38239757207890746,0.4188163884673748,0.4233687405159332,0.44157814871016693,0.44157814871016693,0.36418816388467373
239,0.36874051593323215,0.30478004295926986,0.4063055398032335,0.15938886162507895,0.4142640364188164,0.0549536794424057,0.0767628513276577,0.0,0.07591406907886267,0.7821971859084442,"[0.6616085171699524, 0.7086494565010071, 0.7420333623886108, 0.7283763289451599]",0.7075,0.37481031866464337,0.3960546282245827,0.44613050075872535,0.44764795144157815,0.4613050075872534,0.4613050075872534,0.36874051593323215
240,0.37025796661608495,0.29749370021500177,0.3802098365015839,0.15537763779715102,0.3990895295902883,0.057218704372644424,0.07665491569787264,0.0,0.07587519008666277,0.7589739259565249,"[0.6616085171699524, 0.7086494565010071, 0.7420333623886108, 0.7283763289451599]",0.9024,0.33687405159332323,0.3581183611532625,0.40819423368740515,0.41274658573596357,0.4294385432473445,0.4294385432473445,0.3323216995447648
241,0.37329286798179057,0.31181808757304286,0.40429961147079024,0.1705112961615778,0.40971168437025796,0.05479811504483223,0.07657479215413332,0.0,0.07585010956972837,0.8463888230035082,"[0.6616085171699524, 0.7086494565010071, 0.7420333623886108, 0.7283763289451599]",0.832,0.3960546282245827,0.41122913505311076,0.44916540212443096,0.4370257966616085,0.44916540212443096,0.44916540212443096,0.3930197268588771
242,0.36874051593323215,0.3049351571314478,0.4096783189373647,0.17919631584701273,0.4264036418816389,0.053551025688648224,0.07652584929019213,0.0,0.07582243997603655,0.757895185961388,"[0.6616085171699524, 0.7086494565010071, 0.7420333623886108, 0.7283763289451599]",0.8525,0.36722306525037934,0.38543247344461307,0.40515933232169954,0.40667678300455234,0.4324734446130501,0.4324734446130501,0.37177541729893776
243,0.3535660091047041,0.2931018419429161,0.3999827435225887,0.179093443922412,0.4279210925644917,0.05290874466300011,0.07638104073703289,0.0,0.07585602812469006,0.7663883429486305,"[0.6616085171699524, 0.7086494565010071, 0.7420333623886108, 0.7283763289451599]",0.7198,0.37784522003034904,0.38239757207890746,0.3945371775417299,0.40515933232169954,0.4264036418816389,0.4264036418816389,0.37784522003034904
244,0.3899848254931715,0.33238914859569324,0.41954166402524,0.23343099886801916,0.4309559939301973,0.052201539278030396,0.07641248870640993,0.0,0.07578462455421686,0.7512804329162464,"[0.6616085171699524, 0.7086494565010071, 0.7420333623886108, 0.7283763289451599]",0.7059,0.37329286798179057,0.3930197268588771,0.3884673748103187,0.38088012139605465,0.40971168437025796,0.40971168437025796,0.37177541729893776
245,0.4142640364188164,0.358320363050207,0.4308774275803976,0.2569667235435539,0.45068285280728376,0.05365035682916641,0.0770915960893035,0.0,0.07575118541717529,0.8329366251127794,"[0.6616085171699524, 0.7086494565010071, 0.7420333623886108, 0.7283763289451599]",0.8117,0.37936267071320184,0.40364188163884673,0.4370257966616085,0.4355083459787557,0.44461305007587254,0.44461305007587254,0.37784522003034904
246,0.4006069802731411,0.33260946481588793,0.39730760160495715,0.23205746019278414,0.44309559939301973,0.05312884598970413,0.07668730989098549,0.0,0.07572966907173395,1.0463058969471604,"[0.6616085171699524, 0.7086494565010071, 0.7420333623886108, 0.7283763289451599]",0.9725,0.3323216995447648,0.3611532625189681,0.3915022761760243,0.3990895295902883,0.4142640364188164,0.4142640364188164,0.3216995447647951
247,0.3990895295902883,0.33223473779560997,0.39930341607778436,0.23621017137400088,0.4385432473444613,0.05347698926925659,0.07636260148137808,0.0,0.07569167017936707,0.8425290730083361,"[0.6616085171699524, 0.7086494565010071, 0.7420333623886108, 0.7283763289451599]",0.9046,0.3626707132018209,0.3884673748103187,0.4233687405159332,0.4188163884673748,0.4385432473444613,0.4385432473444613,0.3490136570561457
248,0.41274658573596357,0.34450444522693924,0.4139039456400421,0.22004115340562336,0.4324734446130501,0.05625816434621811,0.07657924573868513,0.0,0.0756519353017211,0.7601658049970865,"[0.6616085171699524, 0.7086494565010071, 0.7420333623886108, 0.7283763289451599]",0.6787,0.33839150227617604,0.3550834597875569,0.38391502276176026,0.3930197268588771,0.4188163884673748,0.4188163884673748,0.33839150227617604
249,0.3990895295902883,0.33331630202638485,0.41013871608917146,0.23550538595076997,0.4309559939301973,0.05451083928346634,0.07646280527114868,0.0,0.07563688606023788,0.751045992015861,"[0.6616085171699524, 0.7086494565010071, 0.7420333623886108, 0.7283763289451599]",0.7539,0.40515933232169954,0.41122913505311076,0.4294385432473445,0.4294385432473445,0.4355083459787557,0.4355083459787557,0.40515933232169954
250,0.37936267071320184,0.316895946959713,0.3999315600374079,0.21182819460247412,0.41122913505311076,0.05517558008432388,0.07681931369006634,0.0,0.07564451359212399,0.8544899000553414,"[0.6616085171699524, 0.7086494565010071, 0.7420333623886108, 0.7283763289451599]",0.7671,0.3899848254931715,0.4142640364188164,0.4294385432473445,0.40515933232169954,0.4188163884673748,0.4188163884673748,0.3899848254931715
251,0.3520485584218513,0.2737664174424278,0.3467910551749424,0.12535473855225795,0.38239757207890746,0.05451001971960068,0.07637593057006598,0.0,0.075663429684937,0.743072968092747,"[0.6616085171699524, 0.7086494565010071, 0.7420333623886108, 0.7283763289451599]",0.6935,0.38239757207890746,0.3975720789074355,0.4142640364188164,0.41122913505311076,0.4339908952959029,0.4339908952959029,0.37936267071320184
252,0.34142640364188165,0.26894379931650236,0.3654987866608563,0.14035396165611347,0.36722306525037934,0.05720127373933792,0.07642251718789339,0.0,0.07561552990227938,0.7164595270296559,"[0.6616085171699524, 0.7086494565010071, 0.7420333623886108, 0.7283763289451599]",0.7331,0.38391502276176026,0.40667678300455234,0.44613050075872535,0.44309559939301973,0.44764795144157815,0.44764795144157815,0.37481031866464337
253,0.3323216995447648,0.2566900713419621,0.34228394699000547,0.1436045054815088,0.36570561456752654,0.0548226535320282,0.07639372907578945,0.0,0.07558076456189156,0.9753069159341976,"[0.6616085171699524, 0.7086494565010071, 0.7420333623886108, 0.7283763289451599]",1.0482,0.3535660091047041,0.38391502276176026,0.417298937784522,0.424886191198786,0.44613050075872535,0.44613050075872535,0.3505311077389985
254,0.3338391502276176,0.26106734914894036,0.3472757229261053,0.1428576494121279,0.37632776934749623,0.053114742040634155,0.07632061373442411,0.0,0.07555751968175173,0.9088658429682255,"[0.6616085171699524, 0.7086494565010071, 0.7420333623886108, 0.7283763289451599]",0.7003,0.34749620637329287,0.37936267071320184,0.4385432473444613,0.4264036418816389,0.44309559939301973,0.44309559939301973,0.34749620637329287
255,0.37025796661608495,0.28669608717651784,0.35441147334807027,0.15149678052585075,0.3899848254931715,0.05253966897726059,0.07630030252039433,0.0,0.07553007826209068,0.7587181149283424,"[0.6616085171699524, 0.7086494565010071, 0.7420333623886108, 0.7283763289451599]",0.6986,0.3930197268588771,0.417298937784522,0.4324734446130501,0.417298937784522,0.4385432473444613,0.4385432473444613,0.3884673748103187
256,0.3186646433990895,0.24810495849077707,0.3546198718672326,0.11260056031943479,0.3520485584218513,0.05671818554401398,0.07630361802875996,0.0,0.07550861220806837,0.7219767069909722,"[0.6616085171699524, 0.7086494565010071, 0.7420333623886108, 0.7283763289451599]",0.6718,0.3611532625189681,0.37784522003034904,0.41274658573596357,0.41274658573596357,0.4309559939301973,0.4309559939301973,0.36418816388467373
257,0.3353566009104704,0.2618493532531698,0.3626785168572158,0.14319436377360611,0.36874051593323215,0.053801096975803375,0.07627792470157146,0.0,0.07548145949840546,0.7081098319031298,"[0.6616085171699524, 0.7086494565010071, 0.7420333623886108, 0.7283763289451599]",0.6763,0.3581183611532625,0.38543247344461307,0.4309559939301973,0.4385432473444613,0.4537177541729894,0.4537177541729894,0.3581183611532625
258,0.34142640364188165,0.2699570662078895,0.37337682668230754,0.1303223667505345,0.38088012139605465,0.053429778665304184,0.07624430768191814,0.0,0.07545421924442053,0.7446506470441818,"[0.6616085171699524, 0.7086494565010071, 0.7420333623886108, 0.7283763289451599]",0.7997,0.3884673748103187,0.40364188163884673,0.44764795144157815,0.44764795144157815,0.456752655538695,0.456752655538695,0.37784522003034904
259,0.34749620637329287,0.26459863959701757,0.3435717796533132,0.14250270105358903,0.37632776934749623,0.05473371595144272,0.07628023903816938,0.0,0.07542717922478914,0.896955210948363,"[0.6616085171699524, 0.7086494565010071, 0.7420333623886108, 0.7283763289451599]",0.6762,0.3292867981790592,0.34749620637329287,0.37481031866464337,0.38239757207890746,0.40819423368740515,0.40819423368740515,0.3338391502276176
260,0.3353566009104704,0.2546788820260696,0.3453803471935541,0.14548506190272606,0.37025796661608495,0.05267077311873436,0.07619161531329155,0.0,0.07540509942919016,0.7133603820111603,"[0.6616085171699524, 0.7086494565010071, 0.7420333623886108, 0.7283763289451599]",0.6814,0.38391502276176026,0.40212443095599393,0.4279210925644917,0.40971168437025796,0.417298937784522,0.417298937784522,0.37784522003034904
261,0.34749620637329287,0.26765477405765814,0.3486986711625266,0.15273215487851388,0.37936267071320184,0.053390100598335266,0.07634546421468258,0.0,0.07538810931146145,0.7280087500112131,"[0.6616085171699524, 0.7086494565010071, 0.7420333623886108, 0.7283763289451599]",0.6637,0.4385432473444613,0.45068285280728376,0.45068285280728376,0.456752655538695,0.4582701062215478,0.4582701062215478,0.4339908952959029
262,0.34446130500758726,0.26133727718533506,0.34035737872619304,0.15345738215276497,0.37936267071320184,0.05460599809885025,0.07609182130545378,0.0,0.07537163700908422,0.7644553440622985,"[0.6616085171699524, 0.7086494565010071, 0.7420333623886108, 0.7283763289451599]",0.6875,0.4355083459787557,0.44764795144157815,0.44461305007587254,0.4324734446130501,0.44461305007587254,0.44461305007587254,0.4324734446130501
263,0.3550834597875569,0.2987430832018829,0.35611498164502536,0.1713727019543301,0.3945371775417299,0.05342072248458862,0.07596715912222862,0.0,0.07537096180021763,0.843024572939612,"[0.6616085171699524, 0.7086494565010071, 0.7420333623886108, 0.7283763289451599]",0.6987,0.3960546282245827,0.4006069802731411,0.4370257966616085,0.4294385432473445,0.4324734446130501,0.4324734446130501,0.3960546282245827
264,0.34446130500758726,0.2648185210531073,0.3526209581444378,0.1268848313306078,0.37329286798179057,0.05480949580669403,0.07648398913443089,0.0,0.07531482633203268,0.7494416469708085,"[0.6616085171699524, 0.7086494565010071, 0.7420333623886108, 0.7283763289451599]",0.6923,0.3990895295902883,0.40971168437025796,0.4324734446130501,0.4324734446130501,0.44764795144157815,0.44764795144157815,0.3945371775417299
265,0.3611532625189681,0.28756756756756763,0.37257316266360235,0.16419990647143234,0.4006069802731411,0.05346401035785675,0.07616349495947361,0.0,0.0753095094114542,0.7659476549597457,"[0.6616085171699524, 0.7086494565010071, 0.7420333623886108, 0.7283763289451599]",0.669,0.37936267071320184,0.4006069802731411,0.40515933232169954,0.3930197268588771,0.40971168437025796,0.40971168437025796,0.38088012139605465
266,0.34597875569044007,0.27015415134532317,0.3604069455503148,0.14809965267767414,0.38543247344461307,0.05287399888038635,0.07616378180682659,0.0,0.07527795061469078,0.7334277150221169,"[0.6616085171699524, 0.7086494565010071, 0.7420333623886108, 0.7283763289451599]",0.7669,0.3990895295902883,0.4188163884673748,0.44157814871016693,0.4339908952959029,0.4370257966616085,0.4370257966616085,0.3899848254931715
267,0.3611532625189681,0.29677000717325563,0.3829710448165213,0.15428076361747733,0.37177541729893776,0.05478411912918091,0.0761224552989006,0.0,0.07526120729744434,1.1115051410160959,"[0.6616085171699524, 0.7086494565010071, 0.7420333623886108, 0.7283763289451599]",0.708,0.38391502276176026,0.3990895295902883,0.40971168437025796,0.41122913505311076,0.4309559939301973,0.4309559939301973,0.38088012139605465
268,0.33990895295902884,0.27414637851798407,0.362440650304152,0.15489613702533672,0.36722306525037934,0.05479700118303299,0.07613575551658869,0.0,0.07525226380676031,0.7340254070004448,"[0.6616085171699524, 0.7086494565010071, 0.7420333623886108, 0.7283763289451599]",0.7355,0.4006069802731411,0.40971168437025796,0.4142640364188164,0.40364188163884673,0.4355083459787557,0.4355083459787557,0.3990895295902883
269,0.3550834597875569,0.2925898422897787,0.3746532033450771,0.172059797701762,0.37329286798179057,0.05349801480770111,0.07606852427124977,0.0,0.07521926052868366,0.792361079948023,"[0.6616085171699524, 0.7086494565010071, 0.7420333623886108, 0.7283763289451599]",0.6729,0.41122913505311076,0.4294385432473445,0.4264036418816389,0.4142640364188164,0.4400606980273141,0.4400606980273141,0.41274658573596357
270,0.3216995447647951,0.25685504317750085,0.3438428646785912,0.13739384508071298,0.3611532625189681,0.055597759783267975,0.07593548018485308,0.0,0.07521600276231766,0.7456418139627203,"[0.6616085171699524, 0.7086494565010071, 0.7420333623886108, 0.7283763289451599]",0.8092,0.4218512898330804,0.4324734446130501,0.424886191198786,0.44309559939301973,0.44613050075872535,0.44613050075872535,0.4203338391502276
271,0.3596358118361153,0.29455962295069493,0.37502097462651285,0.168304803690365,0.38543247344461307,0.05478290468454361,0.07619637250900269,0.0,0.07517024595290422,0.7695677529554814,"[0.6616085171699524, 0.7086494565010071, 0.7420333623886108, 0.7283763289451599]",0.7162,0.3899848254931715,0.4142640364188164,0.45220030349013657,0.4355083459787557,0.456752655538695,0.456752655538695,0.3930197268588771
272,0.36418816388467373,0.2853974399453414,0.3685983529654296,0.16676739198287727,0.3990895295902883,0.05589686706662178,0.07601451687514782,0.0,0.07519858051091433,0.7523278680164367,"[0.6616085171699524, 0.7086494565010071, 0.7420333623886108, 0.7283763289451599]",0.6775,0.4355083459787557,0.45220030349013657,0.47344461305007585,0.47040971168437024,0.47496206373292865,0.47496206373292865,0.4385432473444613
273,0.34597875569044007,0.28220764320264446,0.3656786682422515,0.1557777800357181,0.3915022761760243,0.056884393095970154,0.07610919140279293,0.0,0.07520461920648813,0.8645663470961154,"[0.6616085171699524, 0.7086494565010071, 0.7420333623886108, 0.7283763289451599]",0.7127,0.37481031866464337,0.3930197268588771,0.41122913505311076,0.40971168437025796,0.4385432473444613,0.4385432473444613,0.37632776934749623
274,0.3596358118361153,0.3008203666131153,0.3899052549088913,0.1877201052561043,0.3915022761760243,0.05467447265982628,0.07608482055366039,0.0,0.07517753168940544,0.715642882976681,"[0.6616085171699524, 0.7086494565010071, 0.7420333623886108, 0.7283763289451599]",0.7388,0.4006069802731411,0.40667678300455234,0.417298937784522,0.424886191198786,0.4203338391502276,0.4203338391502276,0.3990895295902883
275,0.34294385432473445,0.2780740680770535,0.3802598920223536,0.16672906317970765,0.37936267071320184,0.05471540242433548,0.07602545525878668,0.0,0.07515294849872589,0.7900333629222587,"[0.6616085171699524, 0.7086494565010071, 0.7420333623886108, 0.7283763289451599]",0.6816,0.3626707132018209,0.37936267071320184,0.4233687405159332,0.40667678300455234,0.4279210925644917,0.4279210925644917,0.36722306525037934
276,0.33839150227617604,0.273597880387517,0.36612600007152074,0.13929164563761728,0.38239757207890746,0.05413960665464401,0.07600741740316153,0.0,0.07510862220078707,0.7054291809909046,"[0.6616085171699524, 0.7086494565010071, 0.7420333623886108, 0.7283763289451599]",0.653,0.37177541729893776,0.37481031866464337,0.3975720789074355,0.40212443095599393,0.4309559939301973,0.4309559939301973,0.36570561456752654
277,0.33990895295902884,0.2780182998239529,0.3524496469758741,0.14537101185132068,0.37025796661608495,0.05281400308012962,0.07594682835042477,0.0,0.07507490832358599,0.7719539270037785,"[0.6616085171699524, 0.7086494565010071, 0.7420333623886108, 0.7283763289451599]",0.6921,0.4006069802731411,0.40364188163884673,0.4370257966616085,0.4157814871016692,0.424886191198786,0.424886191198786,0.3975720789074355
278,0.3626707132018209,0.30222708502452955,0.40611086577801186,0.19090698783778765,0.40212443095599393,0.054515887051820755,0.07586044352501631,0.0,0.07504463754594326,0.8125582509674132,"[0.6616085171699524, 0.7086494565010071, 0.7420333623886108, 0.7283763289451599]",0.6829,0.38694992412746587,0.3930197268588771,0.4370257966616085,0.4142640364188164,0.4370257966616085,0.4370257966616085,0.38239757207890746
279,0.38088012139605465,0.32276614233719125,0.4201916263977501,0.22715439399065848,0.4142640364188164,0.05420156568288803,0.07586909644305706,0.0,0.07501599751412868,0.7517912350594997,"[0.6616085171699524, 0.7086494565010071, 0.7420333623886108, 0.7283763289451599]",0.7253,0.37936267071320184,0.38694992412746587,0.4006069802731411,0.3975720789074355,0.4370257966616085,0.4370257966616085,0.37481031866464337
280,0.37784522003034904,0.3144491158806558,0.40684710368176025,0.20853146551986518,0.41274658573596357,0.05381222441792488,0.07579918950796127,0.0,0.07498297933489084,0.7571459979517385,"[0.6616085171699524, 0.7086494565010071, 0.7420333623886108, 0.7283763289451599]",0.7077,0.40364188163884673,0.40819423368740515,0.4233687405159332,0.424886191198786,0.44461305007587254,0.44461305007587254,0.3990895295902883
281,0.38088012139605465,0.31794036620447175,0.4067743294885754,0.19189257785744288,0.40819423368740515,0.05405037850141525,0.07599544525146484,0.0,0.07495440263301134,0.7921361119952053,"[0.6616085171699524, 0.7086494565010071, 0.7420333623886108, 0.7283763289451599]",0.8593,0.4370257966616085,0.44157814871016693,0.4294385432473445,0.4264036418816389,0.44157814871016693,0.44157814871016693,0.424886191198786
282,0.36418816388467373,0.3058763493029125,0.3947149383125662,0.19717194401979443,0.3945371775417299,0.05517296493053436,0.07585385721176863,0.0,0.07493265066295862,0.9898236400913447,"[0.6616085171699524, 0.7086494565010071, 0.7420333623886108, 0.7283763289451599]",0.9503,0.40667678300455234,0.424886191198786,0.44157814871016693,0.417298937784522,0.4370257966616085,0.4370257966616085,0.41122913505311076
283,0.3884673748103187,0.32432611212171325,0.40722603471001595,0.2154479408801558,0.4157814871016692,0.056002840399742126,0.07576718926429749,0.0,0.07490626815706491,0.699485887074843,"[0.6616085171699524, 0.7086494565010071, 0.7420333623886108, 0.7283763289451599]",0.674,0.4142640364188164,0.4264036418816389,0.44157814871016693,0.44764795144157815,0.4355083459787557,0.4355083459787557,0.41274658573596357
284,0.38694992412746587,0.32705470795798075,0.4010619808329807,0.21222203893371946,0.41274658573596357,0.054326582700014114,0.07585388608276844,0.0,0.07488062418997288,0.7995695190038532,"[0.6616085171699524, 0.7086494565010071, 0.7420333623886108, 0.7283763289451599]",0.7424,0.37177541729893776,0.3930197268588771,0.41122913505311076,0.4188163884673748,0.44309559939301973,0.44309559939301973,0.36874051593323215
285,0.38239757207890746,0.3233744872577561,0.4170069463256948,0.24954484168471283,0.41274658573596357,0.05486755818128586,0.07571307197213173,0.0,0.07485790178179741,0.8102221380686387,"[0.6616085171699524, 0.7086494565010071, 0.7420333623886108, 0.7283763289451599]",0.7297,0.3596358118361153,0.36418816388467373,0.40364188163884673,0.4006069802731411,0.4370257966616085,0.4370257966616085,0.3581183611532625
286,0.37025796661608495,0.30859737429560286,0.40602276016324773,0.20256590159565346,0.40819423368740515,0.05357706919312477,0.07576945796608925,0.0,0.07483259867876768,0.9096357090165839,"[0.6616085171699524, 0.7086494565010071, 0.7420333623886108, 0.7283763289451599]",0.717,0.38543247344461307,0.4006069802731411,0.4233687405159332,0.4218512898330804,0.44309559939301973,0.44309559939301973,0.38239757207890746
287,0.38543247344461307,0.32088823071403494,0.4167017082859411,0.22013714575330046,0.41274658573596357,0.05347161740064621,0.07566096726804972,0.0,0.0748114176094532,0.7353594050509855,"[0.6616085171699524, 0.7086494565010071, 0.7420333623886108, 0.7283763289451599]",0.7956,0.40819423368740515,0.417298937784522,0.4339908952959029,0.4309559939301973,0.4385432473444613,0.4385432473444613,0.40515933232169954
288,0.3990895295902883,0.3364118577436924,0.4236545987332037,0.22620045446026685,0.4264036418816389,0.05375760421156883,0.0756477415561676,0.0,0.07478805631399155,0.8180715190246701,"[0.6616085171699524, 0.7086494565010071, 0.7420333623886108, 0.7283763289451599]",0.8238,0.417298937784522,0.4309559939301973,0.4385432473444613,0.4339908952959029,0.4537177541729894,0.4537177541729894,0.4157814871016692
289,0.37632776934749623,0.316181204444523,0.4168101481139731,0.19777550078586095,0.40971168437025796,0.053763002157211304,0.07561827450990677,0.0,0.0747649697586894,0.7727041860343888,"[0.6616085171699524, 0.7086494565010071, 0.7420333623886108, 0.7283763289451599]",0.8601,0.3915022761760243,0.417298937784522,0.4218512898330804,0.41274658573596357,0.417298937784522,0.417298937784522,0.3930197268588771
290,0.40212443095599393,0.3395113860680926,0.4150993995214379,0.23236159640460233,0.4294385432473445,0.05694831907749176,0.07560245785862207,0.0,0.07473957166075706,0.8171318949898705,"[0.6616085171699524, 0.7086494565010071, 0.7420333623886108, 0.7283763289451599]",0.8449,0.37177541729893776,0.3884673748103187,0.3915022761760243,0.37936267071320184,0.417298937784522,0.417298937784522,0.36874051593323215
291,0.41122913505311076,0.34974823254157983,0.4218837090378109,0.2351368382276198,0.4324734446130501,0.05680675804615021,0.07557541131973267,0.0,0.07471573818475008,0.7496747439727187,"[0.6616085171699524, 0.7086494565010071, 0.7420333623886108, 0.7283763289451599]",0.6522,0.4188163884673748,0.4294385432473445,0.44764795144157815,0.4355083459787557,0.45220030349013657,0.45220030349013657,0.4157814871016692
292,0.3930197268588771,0.33137853714958254,0.4047828310799259,0.1820268481242886,0.40971168437025796,0.05570419132709503,0.07555777858942747,0.0,0.07469282299280167,0.7229553400538862,"[0.6616085171699524, 0.7086494565010071, 0.7420333623886108, 0.7283763289451599]",0.6954,0.41122913505311076,0.4264036418816389,0.4552352048558422,0.4279210925644917,0.4537177541729894,0.4537177541729894,0.40971168437025796
293,0.3930197268588771,0.3343047702265536,0.4262845895965147,0.2382791022178554,0.4218512898330804,0.05476824939250946,0.07556058093905449,0.0,0.07466931454837322,0.8268866729922593,"[0.6616085171699524, 0.7086494565010071, 0.7420333623886108, 0.7283763289451599]",0.6985,0.3915022761760243,0.40364188163884673,0.4218512898330804,0.4233687405159332,0.4324734446130501,0.4324734446130501,0.3884673748103187
294,0.3975720789074355,0.34741082564230474,0.42425011596491496,0.2185288003285436,0.44461305007587254,0.055178508162498474,0.07549766171723604,0.0,0.07466110121458769,0.7291569620138034,"[0.6616085171699524, 0.7086494565010071, 0.7420333623886108, 0.7283763289451599]",0.6715,0.4142640364188164,0.4233687405159332,0.4339908952959029,0.40819423368740515,0.4370257966616085,0.4370257966616085,0.4142640364188164
295,0.37177541729893776,0.3141956517913925,0.3871504548576336,0.21766990250354348,0.40819423368740515,0.0598556250333786,0.07565280515700579,0.0,0.07510908879339695,0.7158665450988337,"[0.6616085171699524, 0.7086494565010071, 0.7420333623886108, 0.7283763289451599]",0.778,0.4324734446130501,0.44613050075872535,0.4400606980273141,0.4218512898330804,0.4370257966616085,0.4370257966616085,0.4309559939301973
296,0.3338391502276176,0.25350346411384483,0.3654742980925547,0.1884663183098744,0.37936267071320184,0.05568096041679382,0.07565024588257074,0.0,0.07506556995213032,0.7262042689835653,"[0.6616085171699524, 0.7086494565010071, 0.7420333623886108, 0.7283763289451599]",0.6715,0.3960546282245827,0.3990895295902883,0.44764795144157815,0.4324734446130501,0.4370257966616085,0.4370257966616085,0.3990895295902883
297,0.3490136570561457,0.26134395159077906,0.3725564051339898,0.1620855107351836,0.38391502276176026,0.05705010145902634,0.07562894560396671,0.0,0.07502028811722994,0.8951634329278022,"[0.6616085171699524, 0.7086494565010071, 0.7420333623886108, 0.7283763289451599]",0.6913,0.4157814871016692,0.4324734446130501,0.4400606980273141,0.41122913505311076,0.44461305007587254,0.44461305007587254,0.417298937784522
298,0.3505311077389985,0.2936710065335907,0.37832975569486116,0.17186080829824546,0.38694992412746587,0.055967118591070175,0.07564101833850145,0.0,0.07497660722583532,0.7622622539056465,"[0.6616085171699524, 0.7086494565010071, 0.7420333623886108, 0.7283763289451599]",0.6793,0.41274658573596357,0.4324734446130501,0.456752655538695,0.45220030349013657,0.4582701062215478,0.4582701062215478,0.41122913505311076
299,0.3353566009104704,0.27745026622308666,0.3811942991047582,0.15334860794028254,0.37481031866464337,0.0562114492058754,0.07559224124997854,0.0,0.07495554350316525,0.83717621199321,"[0.6616085171699524, 0.7086494565010071, 0.7420333623886108, 0.7283763289451599]",0.7098,0.40212443095599393,0.4203338391502276,0.44613050075872535,0.4294385432473445,0.4537177541729894,0.4537177541729894,0.3990895295902883
300,0.32473444613050073,0.2631265516166966,0.3662739420956614,0.15970422817471355,0.37025796661608495,0.058196425437927246,0.07558773271739483,0.0,0.0749353701248765,0.8175298949936405,"[0.6616085171699524, 0.7086494565010071, 0.7420333623886108, 0.7283763289451599]",,,,,,,,
