round,ACC,Kappa,NMI,ARI,PURITY,alignment_loss,mean_reconstruction_loss,mean_consensus_loss,mean_local_total_loss,round_seconds,observed_rates,completion_eval_seconds,C025_ACC,C050_ACC,C075_ACC,C100_ACC,D0_ACC,E0_ACC,G0_ACC
1,0.44714038128249567,0.3209272810786181,0.38095063631094433,0.2813357960552639,0.6317157712305026,0.1895207017660141,0.254449263215065,0.0,0.23859021067619324,1.28336987295188,"[0.7218371033668518, 0.7720970511436462]",0.3423,0.3682842287694974,0.41074523396880414,0.4341421143847487,0.4506065857885615,0.41161178509532065,0.41161178509532065,0.3561525129982669
2,0.44280762564991333,0.2978715351176834,0.36130002013516294,0.2806681527202187,0.6230502599653379,0.14169606566429138,0.23498020321130753,0.0,0.22192344814538956,0.41807874804362655,"[0.7218371033668518, 0.7720970511436462]",0.4112,0.4020797227036395,0.4124783362218371,0.41421143847487,0.4038128249566724,0.4341421143847487,0.4341421143847487,0.3968804159445407
3,0.44540727902946275,0.29896500140480375,0.34596003781767914,0.26464599926511306,0.6048526863084922,0.12741719186306,0.21897611767053604,0.0,0.20843621343374252,0.3014342850074172,"[0.7218371033668518, 0.7720970511436462]",0.3044,0.3951473136915078,0.4038128249566724,0.42807625649913345,0.44194107452339687,0.42980935875216636,0.42980935875216636,0.39081455805892545
4,0.45667244367417675,0.331358836075451,0.3078792833309666,0.2732156714626544,0.6022530329289428,0.12280312925577164,0.20593583583831787,0.0,0.19722755998373032,0.29539527907036245,"[0.7218371033668518, 0.7720970511436462]",0.3642,0.4393414211438475,0.4488734835355286,0.4462738301559792,0.48700173310225303,0.4584055459272097,0.4584055459272097,0.43500866551126516
5,0.41161178509532065,0.2926993950313498,0.291064861976454,0.23156951506496398,0.5831889081455806,0.12451161444187164,0.19496410340070724,0.0,0.18754033744335175,0.31553854094818234,"[0.7218371033668518, 0.7720970511436462]",0.3664,0.3986135181975737,0.4540727902946274,0.46533795493934144,0.4748700173310225,0.47227036395147315,0.47227036395147315,0.3968804159445407
6,0.4679376083188908,0.3425477624265819,0.28562322004601576,0.27172928498553034,0.5901213171577123,0.12606647610664368,0.18534426391124725,0.0,0.1788291558623314,0.29434272996149957,"[0.7218371033668518, 0.7720970511436462]",0.369,0.36568457538994803,0.4488734835355286,0.4584055459272097,0.46880415944540726,0.46880415944540726,0.46880415944540726,0.3466204506065858
7,0.4055459272097054,0.2745882674197725,0.2728190433955821,0.21453204555510003,0.5736568457538995,0.13004091382026672,0.17665571719408035,0.0,0.1708623245358467,0.40727485006209463,"[0.7218371033668518, 0.7720970511436462]",0.3454,0.3847487001733102,0.41074523396880414,0.45753899480069327,0.46533795493934144,0.4558058925476603,0.4558058925476603,0.37694974003466203
8,0.4592720970537262,0.3275912299704925,0.2938656126233401,0.2574208886750635,0.5883882149046794,0.13229377567768097,0.16872739791870117,0.0,0.16352465748786926,0.3208948380779475,"[0.7218371033668518, 0.7720970511436462]",0.3459,0.354419410745234,0.36395147313691506,0.378682842287695,0.3804159445407279,0.37608318890814557,0.37608318890814557,0.35181975736568455
9,0.41161178509532065,0.28146369152583717,0.27841405242616285,0.21657475462801706,0.5788561525129983,0.1281280219554901,0.16138432919979095,0.0,0.156642384827137,0.3254826740594581,"[0.7218371033668518, 0.7720970511436462]",0.3532,0.39168110918544197,0.4393414211438475,0.4532062391681109,0.451473136915078,0.4480069324090121,0.4480069324090121,0.37694974003466203
10,0.4462738301559792,0.29152935796211144,0.2578718332161619,0.22424697186902773,0.561525129982669,0.13078086078166962,0.1545042097568512,0.0,0.15016407892107964,0.5134239629842341,"[0.7218371033668518, 0.7720970511436462]",0.3486,0.4090121317157712,0.4289428076256499,0.45493934142114384,0.4610051993067591,0.44974003466204504,0.44974003466204504,0.4090121317157712
11,0.4488734835355286,0.29323261932183675,0.2844499143650733,0.23748513732434826,0.574523396880416,0.12810637056827545,0.1480492316186428,0.0,0.14411015063524246,0.31246212299447507,"[0.7218371033668518, 0.7720970511436462]",0.3341,0.3717504332755633,0.3734835355285962,0.40467937608318894,0.40467937608318894,0.39428076256499134,0.39428076256499134,0.3708838821490468
12,0.4341421143847487,0.29442288821806584,0.2422027410611435,0.21710762247201243,0.5554592720970537,0.12770360708236694,0.1420157626271248,0.0,0.1384338177740574,0.33162812993396074,"[0.7218371033668518, 0.7720970511436462]",0.4165,0.33708838821490467,0.3578856152512998,0.4055459272097054,0.4220103986135182,0.3847487001733102,0.3847487001733102,0.3379549393414211
13,0.4462738301559792,0.3128103813806118,0.2369234504706944,0.18997963135172333,0.5459272097053726,0.14049340784549713,0.13644252717494965,0.0,0.13316401466727257,0.3321193779120222,"[0.7218371033668518, 0.7720970511436462]",0.3411,0.35701906412478335,0.3821490467937608,0.4202772963604853,0.4237435008665511,0.42114384748700173,0.42114384748700173,0.3561525129982669
14,0.4358752166377816,0.30758085477017794,0.24873510885485833,0.1840728296728563,0.5415944540727903,0.1388883888721466,0.13123302161693573,0.0,0.12820961698889732,0.3201289549469948,"[0.7218371033668518, 0.7720970511436462]",0.3705,0.3882149046793761,0.3986135181975737,0.4532062391681109,0.44974003466204504,0.43500866551126516,0.43500866551126516,0.3873483535528596
15,0.4220103986135182,0.2916134031671881,0.23686701397624232,0.1790359463264874,0.5363951473136915,0.13161799311637878,0.12635412067174911,0.0,0.12355244532227516,0.30634003202430904,"[0.7218371033668518, 0.7720970511436462]",0.3782,0.38128249566724437,0.3925476603119584,0.4410745233968804,0.4436741767764298,0.4202772963604853,0.4202772963604853,0.38128249566724437
16,0.43847487001733104,0.30286724317309743,0.22679742900676234,0.16556141944423353,0.5216637781629117,0.13879603147506714,0.12171430513262749,0.0,0.11905662715435028,0.34309883101377636,"[0.7218371033668518, 0.7720970511436462]",0.3882,0.37261698440207974,0.4202772963604853,0.4480069324090121,0.46360485268630847,0.44020797227036396,0.44020797227036396,0.36221837088388215
17,0.42287694974003465,0.2532224871596056,0.21923270983420334,0.16990699179951013,0.524263431542461,0.1347683072090149,0.1172618456184864,0.0,0.11472197994589806,0.35802775993943214,"[0.7218371033668518, 0.7720970511436462]",0.4018,0.3951473136915078,0.42634315424610053,0.46187175043327555,0.46187175043327555,0.44714038128249567,0.44714038128249567,0.389948006932409
18,0.4358752166377816,0.2925478969597377,0.2203890206904728,0.18969168888312704,0.5337954939341422,0.13731649518013,0.11300518363714218,0.0,0.11057886481285095,0.3519279620377347,"[0.7218371033668518, 0.7720970511436462]",0.3844,0.39081455805892545,0.3986135181975737,0.4194107452339688,0.4324090121317158,0.44194107452339687,0.44194107452339687,0.38908145580589254
19,0.4237435008665511,0.28691164472791675,0.21147044105524415,0.17573762025506962,0.5346620450606586,0.13892945647239685,0.10893472656607628,0.0,0.10662487149238586,0.3118699210463092,"[0.7218371033668518, 0.7720970511436462]",0.337,0.3535528596187175,0.37694974003466203,0.41854419410745236,0.4246100519930676,0.4341421143847487,0.4341421143847487,0.35528596187175043
20,0.41421143847487,0.2797196082197042,0.23497860757945602,0.1970793825279482,0.5424610051993067,0.14618751406669617,0.10505925118923187,0.0,0.10284994170069695,0.2854684939375147,"[0.7218371033668518, 0.7720970511436462]",0.3428,0.3509532062391681,0.3752166377816291,0.41421143847487,0.4220103986135182,0.43327556325823224,0.43327556325823224,0.3509532062391681
21,0.4506065857885615,0.3080723443050234,0.21961059024012033,0.18921792787551664,0.5303292894280762,0.1486755907535553,0.10138050839304924,0.0,0.09927162900567055,0.3241293689934537,"[0.7218371033668518, 0.7720970511436462]",0.4442,0.36915077989601386,0.40814558058925476,0.4150779896013865,0.43154246100519933,0.4254766031195841,0.4254766031195841,0.36741767764298094
22,0.4393414211438475,0.3078366407033639,0.22233833237854272,0.19671657792105135,0.537261698440208,0.14008334279060364,0.09789320454001427,0.0,0.09588338062167168,0.2883961229817942,"[0.7218371033668518, 0.7720970511436462]",0.4173,0.36395147313691506,0.3804159445407279,0.4202772963604853,0.43500866551126516,0.40121317157712305,0.40121317157712305,0.3630849220103986
23,0.4436741767764298,0.31425112321798476,0.22367771283873353,0.19970556655673014,0.5398613518197574,0.1374586522579193,0.0946066565811634,0.0,0.09267788380384445,0.294011446996592,"[0.7218371033668518, 0.7720970511436462]",0.3284,0.3613518197573657,0.3778162911611785,0.4246100519930676,0.4410745233968804,0.40294627383015597,0.40294627383015597,0.36221837088388215
24,0.45753899480069327,0.3200628354841655,0.2267814689029749,0.19235699052384692,0.5381282495667244,0.1427116096019745,0.09150098636746407,0.0,0.08965927734971046,0.2948098430642858,"[0.7218371033668518, 0.7720970511436462]",0.3172,0.3804159445407279,0.389948006932409,0.4237435008665511,0.4220103986135182,0.41334488734835356,0.41334488734835356,0.38128249566724437
25,0.4410745233968804,0.3039351375614866,0.24776629968625494,0.19424170347033853,0.5528596187175043,0.14433833956718445,0.08858803659677505,0.0,0.08683003857731819,0.33316982304677367,"[0.7218371033668518, 0.7720970511436462]",0.3294,0.3440207972270364,0.37694974003466203,0.40294627383015597,0.41421143847487,0.39601386481802425,0.39601386481802425,0.3440207972270364
26,0.43847487001733104,0.29704526482819826,0.22252958621331959,0.20143425772099238,0.5424610051993067,0.14570489525794983,0.08585574477910995,0.0,0.08417614549398422,0.4071429070318118,"[0.7218371033668518, 0.7720970511436462]",0.3575,0.34575389948006935,0.39081455805892545,0.42807625649913345,0.45493934142114384,0.44280762564991333,0.44280762564991333,0.34228769497400346
27,0.41767764298093585,0.29176138153875086,0.2396467909736048,0.1990798498780628,0.5519930675909879,0.14337384700775146,0.08330214396119118,0.0,0.08171150460839272,0.3799903430044651,"[0.7218371033668518, 0.7720970511436462]",0.403,0.3708838821490468,0.3925476603119584,0.41594454072790293,0.42114384748700173,0.41334488734835356,0.41334488734835356,0.3700173310225303
28,0.4168110918544194,0.29210971979415223,0.24415994382100856,0.20243616560135003,0.5554592720970537,0.13797248899936676,0.08093665167689323,0.0,0.07941737771034241,0.3365530719747767,"[0.7218371033668518, 0.7720970511436462]",0.3506,0.3934142114384749,0.4098786828422877,0.42287694974003465,0.4306759098786828,0.4038128249566724,0.4038128249566724,0.37954939341421146
29,0.4124783362218371,0.2885676095910963,0.24477176682389584,0.19931959260848592,0.5545927209705372,0.1384817510843277,0.07875105738639832,0.0,0.0772983506321907,0.4595101560698822,"[0.7218371033668518, 0.7720970511436462]",0.4306,0.37608318890814557,0.42807625649913345,0.47053726169844023,0.48180242634315423,0.4592720970537262,0.4592720970537262,0.35701906412478335
30,0.39168110918544197,0.2665699150873617,0.22926177710043025,0.1834516032436267,0.5467937608318891,0.13659855723381042,0.07672358304262161,0.0,0.07535327970981598,0.3183406089665368,"[0.7218371033668518, 0.7720970511436462]",0.3241,0.33708838821490467,0.34055459272097055,0.389948006932409,0.40641247833622185,0.3830155979202773,0.3830155979202773,0.33535528596187175
31,0.43500866551126516,0.2786981426003595,0.24162492229219482,0.1983013713339554,0.5433275563258232,0.1398003250360489,0.07486984133720398,0.0,0.07357452064752579,0.3308273359434679,"[0.7218371033668518, 0.7720970511436462]",0.3237,0.354419410745234,0.35701906412478335,0.40641247833622185,0.42287694974003465,0.39168110918544197,0.39168110918544197,0.35268630849220106
32,0.4202772963604853,0.2857133605036848,0.2237177856494354,0.18748150890308124,0.5389948006932409,0.1414504051208496,0.07317282259464264,0.0,0.07195120677351952,0.3348107869969681,"[0.7218371033668518, 0.7720970511436462]",0.3595,0.37261698440207974,0.38648180242634317,0.39428076256499134,0.39774696707105717,0.3951473136915078,0.3951473136915078,0.3717504332755633
33,0.41421143847487,0.2769993169481205,0.23289721937786934,0.19153893408466713,0.5450606585788561,0.14415746927261353,0.07162656635046005,0.0,0.0704810880124569,0.3307317739818245,"[0.7218371033668518, 0.7720970511436462]",0.3156,0.3847487001733102,0.40641247833622185,0.4341421143847487,0.41767764298093585,0.4246100519930676,0.4246100519930676,0.3847487001733102
34,0.4246100519930676,0.28225831379561306,0.23331518136019927,0.18703080545062867,0.548526863084922,0.1416730433702469,0.07022799178957939,0.0,0.0691457986831665,0.35436950891744345,"[0.7218371033668518, 0.7720970511436462]",0.3151,0.3821490467937608,0.42634315424610053,0.4679376083188908,0.46707105719237435,0.4540727902946274,0.4540727902946274,0.3535528596187175
35,0.40294627383015597,0.2646901336420915,0.23250200480990627,0.17759062779500956,0.5433275563258232,0.1419379860162735,0.06895704194903374,0.0,0.06793979927897453,0.32012058701366186,"[0.7218371033668518, 0.7720970511436462]",0.3208,0.3821490467937608,0.4246100519930676,0.464471403812825,0.4662045060658579,0.4584055459272097,0.4584055459272097,0.35268630849220106
36,0.4289428076256499,0.2718720079659914,0.23216915532582064,0.18585507223212663,0.5398613518197574,0.13893017172813416,0.06780502200126648,0.0,0.0668477863073349,0.3216955760726705,"[0.7218371033668518, 0.7720970511436462]",0.3093,0.3873483535528596,0.4055459272097054,0.41594454072790293,0.43500866551126516,0.4341421143847487,0.4341421143847487,0.38648180242634317
37,0.40294627383015597,0.2758795297031956,0.23804216742024206,0.16980494890410433,0.5363951473136915,0.1401982456445694,0.06677038595080376,0.0,0.06586680933833122,0.3106814050115645,"[0.7218371033668518, 0.7720970511436462]",0.3054,0.3968804159445407,0.4289428076256499,0.45753899480069327,0.4558058925476603,0.4462738301559792,0.4462738301559792,0.39428076256499134
38,0.43847487001733104,0.2760098985744658,0.2371443179901508,0.20200825289527882,0.5424610051993067,0.1440192461013794,0.06584075465798378,0.0,0.06498884782195091,0.30012167303357273,"[0.7218371033668518, 0.7720970511436462]",0.3212,0.39774696707105717,0.42980935875216636,0.4540727902946274,0.45667244367417675,0.44974003466204504,0.44974003466204504,0.39168110918544197
39,0.44020797227036396,0.3011515544672889,0.21743036714544076,0.1763641897899556,0.5294627383015598,0.14565716683864594,0.06500286236405373,0.0,0.06419792957603931,0.32314712193328887,"[0.7218371033668518, 0.7720970511436462]",0.3809,0.3734835355285962,0.3882149046793761,0.4150779896013865,0.4376083188908146,0.4254766031195841,0.4254766031195841,0.34488734835355284
40,0.44540727902946275,0.2845566888273011,0.2029536805458852,0.170926456505,0.5303292894280762,0.14089497923851013,0.06425436213612556,0.0,0.0634923055768013,0.2686370969749987,"[0.7218371033668518, 0.7720970511436462]",0.3394,0.41074523396880414,0.44194107452339687,0.475736568457539,0.48180242634315423,0.4662045060658579,0.4662045060658579,0.40814558058925476
41,0.43154246100519933,0.29354015681604817,0.24146166195150223,0.1932424114443203,0.5493934142114385,0.14850611984729767,0.06358971446752548,0.0,0.06286311894655228,0.2752512330189347,"[0.7218371033668518, 0.7720970511436462]",0.343,0.4098786828422877,0.4393414211438475,0.4852686308492201,0.4965337954939341,0.47920277296360486,0.47920277296360486,0.40121317157712305
42,0.4532062391681109,0.32241011749839243,0.2241542722236261,0.20464024290664,0.5277296360485269,0.13931536674499512,0.06299572810530663,0.0,0.06230100803077221,0.3000401200260967,"[0.7218371033668518, 0.7720970511436462]",0.4139,0.3682842287694974,0.3986135181975737,0.41074523396880414,0.39168110918544197,0.40814558058925476,0.40814558058925476,0.36741767764298094
43,0.43847487001733104,0.3100397760142607,0.22261373500692988,0.1926314878680361,0.5337954939341422,0.1324264407157898,0.062466099858284,0.0,0.0618025753647089,0.2873094290262088,"[0.7218371033668518, 0.7720970511436462]",0.3268,0.3986135181975737,0.464471403812825,0.4861351819757366,0.5,0.48873483535528595,0.48873483535528595,0.3613518197573657
44,0.4714038128249567,0.3262223311248642,0.256850456382811,0.25046525977035816,0.5476603119584056,0.13241350650787354,0.06199187599122524,0.0,0.061356425285339355,0.30206040397752076,"[0.7218371033668518, 0.7720970511436462]",0.4575,0.4592720970537262,0.4488734835355286,0.5069324090121318,0.5233968804159446,0.5060658578856152,0.5060658578856152,0.43674176776429807
45,0.42114384748700173,0.2762390478944542,0.23334518785959005,0.21061703170474927,0.5251299826689775,0.12392426282167435,0.06157439388334751,0.0,0.06095855310559273,0.3342108210781589,"[0.7218371033668518, 0.7720970511436462]",0.3417,0.37954939341421146,0.41594454072790293,0.46013864818024264,0.48873483535528595,0.451473136915078,0.451473136915078,0.3700173310225303
46,0.4376083188908146,0.2953331508029924,0.23960897139154466,0.2187770340731793,0.5268630849220104,0.12220358848571777,0.06120310164988041,0.0,0.060606490820646286,0.3501935099484399,"[0.7218371033668518, 0.7720970511436462]",0.3802,0.4714038128249567,0.5060658578856152,0.512998266897747,0.5337954939341422,0.5190641247833622,0.5190641247833622,0.44280762564991333
47,0.4324090121317158,0.3102979459585724,0.22440526712564135,0.18645696386761812,0.5355285961871751,0.14075371623039246,0.06087671034038067,0.0,0.06028858944773674,0.3753577310126275,"[0.7218371033668518, 0.7720970511436462]",0.3654,0.46533795493934144,0.4913344887348354,0.5069324090121318,0.524263431542461,0.5173310225303293,0.5173310225303293,0.43847487001733104
48,0.4090121317157712,0.2584742449096116,0.2560673426545114,0.18774381356913578,0.5537261698440208,0.14030981063842773,0.060584940016269684,0.0,0.06000229902565479,0.28387606993783265,"[0.7218371033668518, 0.7720970511436462]",0.3449,0.37261698440207974,0.37608318890814557,0.40467937608318894,0.41421143847487,0.4038128249566724,0.4038128249566724,0.37261698440207974
49,0.5285961871750433,0.3895545464269392,0.2894742928017354,0.27001607062620075,0.5667244367417678,0.12183569371700287,0.060323312878608704,0.0,0.05974084325134754,0.27981141896452755,"[0.7218371033668518, 0.7720970511436462]",0.3775,0.42634315424610053,0.4393414211438475,0.4558058925476603,0.46533795493934144,0.4714038128249567,0.4714038128249567,0.4090121317157712
50,0.42980935875216636,0.2525686027076882,0.231211131823293,0.15573387905822983,0.5207972270363952,0.1291181743144989,0.060092777013778687,0.0,0.05950128100812435,0.3671750540379435,"[0.7218371033668518, 0.7720970511436462]",0.5003,0.3986135181975737,0.42287694974003465,0.44540727902946275,0.4540727902946274,0.4480069324090121,0.4480069324090121,0.39948006932409014
51,0.4532062391681109,0.2750873818689714,0.22606661646070003,0.1765576501604916,0.5389948006932409,0.12189851701259613,0.05988168716430664,0.0,0.05927837826311588,0.4750468200072646,"[0.7218371033668518, 0.7720970511436462]",0.5578,0.5103986135181976,0.5190641247833622,0.5528596187175043,0.550259965337955,0.5441941074523396,0.5441941074523396,0.49566724436741766
52,0.5121317157712305,0.3756851394878654,0.3006514647374941,0.26334282290429245,0.57105719237435,0.1357542723417282,0.05968979187309742,0.0,0.05907255597412586,0.4055605110479519,"[0.7218371033668518, 0.7720970511436462]",0.4371,0.41074523396880414,0.43327556325823224,0.45233968804159447,0.4714038128249567,0.4731369150779896,0.4731369150779896,0.40121317157712305
53,0.46360485268630847,0.3416708215866603,0.25597803555329707,0.20984221697772523,0.5554592720970537,0.12119217962026596,0.05951545014977455,0.0,0.05888047255575657,0.31092955893836915,"[0.7218371033668518, 0.7720970511436462]",0.3389,0.5077989601386482,0.5008665511265165,0.5268630849220104,0.5459272097053726,0.5415944540727903,0.5415944540727903,0.4904679376083189
54,0.4220103986135182,0.30185004956866646,0.25132271771164205,0.19235233337780935,0.5389948006932409,0.12337295711040497,0.05935177579522133,0.0,0.058698808774352074,0.31671004102099687,"[0.7218371033668518, 0.7720970511436462]",0.3297,0.41334488734835356,0.41334488734835356,0.45233968804159447,0.4532062391681109,0.4506065857885615,0.4506065857885615,0.41334488734835356
55,0.451473136915078,0.30438633078316313,0.28136586743379927,0.22631795392052156,0.5381282495667244,0.13342657685279846,0.059201449155807495,0.0,0.05852989852428436,0.30079554207623005,"[0.7218371033668518, 0.7720970511436462]",0.3325,0.42114384748700173,0.4237435008665511,0.4488734835355286,0.4532062391681109,0.4445407279029463,0.4445407279029463,0.4220103986135182
56,0.475736568457539,0.33213056824910636,0.24560137654732137,0.24183111479824587,0.5294627383015598,0.11962459236383438,0.05906015448272228,0.0,0.05837518163025379,0.34727182891219854,"[0.7218371033668518, 0.7720970511436462]",0.3434,0.40467937608318894,0.427209705372617,0.44280762564991333,0.4436741767764298,0.4540727902946274,0.4540727902946274,0.40294627383015597
57,0.5181975736568457,0.3827671889925801,0.27172015841812297,0.273638332195982,0.5771230502599654,0.12447964400053024,0.058926746249198914,0.0,0.058237722143530846,0.31809987407177687,"[0.7218371033668518, 0.7720970511436462]",0.3349,0.49220103986135183,0.4965337954939341,0.5233968804159446,0.5303292894280762,0.5363951473136915,0.5363951473136915,0.464471403812825
58,0.4194107452339688,0.2992940195571988,0.24194392058966965,0.1844550108275812,0.5311958405545927,0.12477000802755356,0.05880947597324848,0.0,0.058112071827054024,0.3030870120273903,"[0.7218371033668518, 0.7720970511436462]",0.3616,0.4289428076256499,0.44194107452339687,0.44020797227036396,0.46360485268630847,0.4679376083188908,0.4679376083188908,0.427209705372617
59,0.3778162911611785,0.23464339421169111,0.29700782058513336,0.2360429954158077,0.5953206239168111,0.13818225264549255,0.05871148966252804,0.0,0.058004340156912804,0.42512160795740783,"[0.7218371033668518, 0.7720970511436462]",1.1055,0.49220103986135183,0.475736568457539,0.48873483535528595,0.5017331022530329,0.5060658578856152,0.5060658578856152,0.44194107452339687
60,0.4696707105719237,0.320318048746687,0.27921299503761393,0.2352058632677932,0.5736568457538995,0.12590821087360382,0.05861950293183327,0.0,0.05791727639734745,0.27524573204573244,"[0.7218371033668518, 0.7720970511436462]",0.3466,0.4436741767764298,0.46880415944540726,0.4592720970537262,0.4748700173310225,0.4852686308492201,0.4852686308492201,0.4168110918544194
61,0.4592720970537262,0.29657173279150517,0.25993025093676936,0.23048992843616695,0.5649913344887348,0.12545382976531982,0.05852900259196758,0.0,0.05783701129257679,0.2897130539640784,"[0.7218371033668518, 0.7720970511436462]",0.3469,0.44714038128249567,0.47053726169844023,0.46880415944540726,0.4826689774696707,0.49566724436741766,0.49566724436741766,0.4220103986135182
62,0.5138648180242634,0.38882715845421123,0.3147354605853842,0.33492550527298537,0.5823223570190641,0.13604986667633057,0.05845152214169502,0.0,0.05775873363018036,0.3183087049983442,"[0.7218371033668518, 0.7720970511436462]",0.3233,0.4324090121317158,0.45753899480069327,0.44194107452339687,0.464471403812825,0.47746967071057195,0.47746967071057195,0.41161178509532065
63,0.4532062391681109,0.29633194372773786,0.25896118028214343,0.2230101390557383,0.5528596187175043,0.1205873042345047,0.05838202312588692,0.0,0.057683128863573074,0.29886864905711263,"[0.7218371033668518, 0.7720970511436462]",0.4813,0.46013864818024264,0.4896013864818024,0.4809358752166378,0.47746967071057195,0.4904679376083189,0.4904679376083189,0.4324090121317158
64,0.4878682842287695,0.33868515465916793,0.2820284381180801,0.2457249625874968,0.5675909878682842,0.1191987544298172,0.05831964872777462,0.0,0.05761178769171238,0.38424486899748445,"[0.7218371033668518, 0.7720970511436462]",0.4916,0.44540727902946275,0.47400346620450606,0.48180242634315423,0.475736568457539,0.49220103986135183,0.49220103986135183,0.42287694974003465
65,0.4826689774696707,0.33277484112026434,0.28407944061918144,0.2426363639747017,0.5675909878682842,0.11565519124269485,0.0582632590085268,0.0,0.057545147836208344,0.4088310949737206,"[0.7218371033668518, 0.7720970511436462]",0.4737,0.4358752166377816,0.4592720970537262,0.4592720970537262,0.4558058925476603,0.46360485268630847,0.46360485268630847,0.4124783362218371
66,0.4809358752166378,0.3305389325944441,0.2843525019570559,0.2416895454828013,0.5667244367417678,0.1148645207285881,0.058210182934999466,0.0,0.0574814397841692,0.37529887701384723,"[0.7218371033668518, 0.7720970511436462]",0.3694,0.4358752166377816,0.4592720970537262,0.4592720970537262,0.4558058925476603,0.462738301559792,0.462738301559792,0.4124783362218371
67,0.5207972270363952,0.38634610909496536,0.33576623353494867,0.33901911951480057,0.6057192374350087,0.13901793956756592,0.05816107988357544,0.0,0.0574199091643095,0.3877608970506117,"[0.7218371033668518, 0.7720970511436462]",0.3454,0.48440207972270366,0.5155979202772963,0.5268630849220104,0.5207972270363952,0.5381282495667244,0.5381282495667244,0.4584055459272097
68,0.5103986135181976,0.3613699384201591,0.2732283619536087,0.28131462241454125,0.5693240901213171,0.12380711734294891,0.05811508558690548,0.0,0.0573604591190815,0.31174661102704704,"[0.7218371033668518, 0.7720970511436462]",0.3339,0.40294627383015597,0.4220103986135182,0.42287694974003465,0.4558058925476603,0.4488734835355286,0.4488734835355286,0.39948006932409014
69,0.4809358752166378,0.3381095053291471,0.31251833747036184,0.2945066767735069,0.58578856152513,0.13642366230487823,0.058071086183190346,0.0,0.057303788140416145,0.4112826220225543,"[0.7218371033668518, 0.7720970511436462]",0.4891,0.39948006932409014,0.4194107452339688,0.41594454072790293,0.4488734835355286,0.4462738301559792,0.4462738301559792,0.3968804159445407
70,0.4896013864818024,0.3397233021120508,0.3035040911475994,0.25682534187622624,0.5909878682842288,0.12929761409759521,0.05802975781261921,0.0,0.0572491530328989,0.41148569295182824,"[0.7218371033668518, 0.7720970511436462]",0.5193,0.4480069324090121,0.4731369150779896,0.5095320623916811,0.5069324090121318,0.49566724436741766,0.49566724436741766,0.4410745233968804
71,0.5069324090121318,0.36108908299577613,0.2980954394381508,0.25837787886045666,0.5866551126516465,0.12638065218925476,0.05798759497702122,0.0,0.05719562992453575,0.4359611729159951,"[0.7218371033668518, 0.7720970511436462]",0.5302,0.5043327556325823,0.5225303292894281,0.5363951473136915,0.5415944540727903,0.5459272097053726,0.5459272097053726,0.4748700173310225
72,0.5311958405545927,0.39192050632220965,0.31316665067656263,0.26605548400654666,0.584055459272097,0.1262189745903015,0.057947155088186264,0.0,0.05714360252022743,0.4296465259976685,"[0.7218371033668518, 0.7720970511436462]",0.5357,0.4878682842287695,0.5034662045060658,0.5346620450606586,0.5225303292894281,0.5320623916811091,0.5320623916811091,0.4592720970537262
73,0.5580589254766031,0.426740797306985,0.33327367799076957,0.29650533888849895,0.5927209705372617,0.12553495168685913,0.05790811404585838,0.0,0.05709221959114075,0.41407571907620877,"[0.7218371033668518, 0.7720970511436462]",0.6382,0.5017331022530329,0.5233968804159446,0.5467937608318891,0.548526863084922,0.5563258232235702,0.5563258232235702,0.4731369150779896
74,0.5866551126516465,0.46631828471983205,0.34603571338913935,0.3346851083406436,0.608318890814558,0.12458673119544983,0.05786999501287937,0.0,0.05704173445701599,0.4181857539806515,"[0.7218371033668518, 0.7720970511436462]",0.5467,0.5060658578856152,0.5259965337954939,0.5476603119584056,0.5684575389948007,0.5797227036395147,0.5797227036395147,0.4714038128249567
75,0.6091854419410745,0.49827489639256206,0.3695548773854958,0.40727168501485234,0.6239168110918544,0.13365188241004944,0.057831957936286926,0.0,0.056991731747984886,0.5969379129819572,"[0.7218371033668518, 0.7720970511436462]",0.7172,0.5025996533795494,0.524263431542461,0.5433275563258232,0.5589254766031195,0.574523396880416,0.574523396880416,0.4679376083188908
76,0.5155979202772963,0.3896196181325985,0.3165001640669478,0.27583797505261765,0.6074523396880416,0.12184688448905945,0.05779649503529072,0.0,0.056942202150821686,0.5238496389938518,"[0.7218371033668518, 0.7720970511436462]",0.3924,0.5216637781629117,0.5589254766031195,0.5554592720970537,0.5519930675909879,0.5658578856152513,0.5658578856152513,0.48440207972270366
77,0.5753899480069324,0.4568269340682458,0.35355505141274596,0.35006295923837955,0.6195840554592721,0.12271878868341446,0.057758284732699394,0.0,0.05689327418804169,0.4938383219996467,"[0.7218371033668518, 0.7720970511436462]",0.6023,0.5225303292894281,0.550259965337955,0.5467937608318891,0.561525129982669,0.5736568457538995,0.5736568457538995,0.49393414211438474
78,0.5953206239168111,0.4752814097702084,0.35395286846377955,0.3773538298805679,0.6204506065857885,0.11902113258838654,0.05772355943918228,0.0,0.05684467777609825,0.3584748189896345,"[0.7218371033668518, 0.7720970511436462]",0.3645,0.4289428076256499,0.45493934142114384,0.462738301559792,0.49566724436741766,0.4714038128249567,0.4714038128249567,0.3821490467937608
79,0.6187175043327556,0.5038009418557039,0.3743804418963502,0.41547661069806874,0.6438474870017331,0.12032096087932587,0.05768571421504021,0.0,0.05679662711918354,0.3528655950212851,"[0.7218371033668518, 0.7720970511436462]",0.3986,0.4610051993067591,0.5008665511265165,0.5346620450606586,0.5459272097053726,0.5251299826689775,0.5251299826689775,0.4480069324090121
80,0.6239168110918544,0.5108287769840385,0.38352642099263956,0.42568813725560795,0.6499133448873483,0.11920781433582306,0.057650912553071976,0.0,0.05674935132265091,0.4268320279661566,"[0.7218371033668518, 0.7720970511436462]",0.4399,0.46360485268630847,0.5034662045060658,0.5363951473136915,0.5467937608318891,0.5303292894280762,0.5303292894280762,0.4488734835355286
81,0.6013864818024264,0.4814182357434954,0.3938648194438177,0.39949258734049614,0.6507798960138648,0.1321609914302826,0.057611243799328804,0.0,0.056702831760048866,0.31261984701268375,"[0.7218371033668518, 0.7720970511436462]",0.3451,0.46707105719237435,0.5086655112651647,0.5407279029462738,0.5511265164644714,0.5311958405545927,0.5311958405545927,0.4506065857885615
82,0.6074523396880416,0.49201083296650117,0.37769984080458824,0.40591790603581485,0.6351819757365684,0.11909234523773193,0.057576609775424004,0.0,0.05665688030421734,0.29938857397064567,"[0.7218371033668518, 0.7720970511436462]",0.3286,0.4289428076256499,0.4393414211438475,0.4592720970537262,0.5077989601386482,0.4896013864818024,0.4896013864818024,0.4289428076256499
83,0.5719237435008665,0.4582051494061484,0.346432718984747,0.324343168467589,0.6126516464471404,0.1308135688304901,0.05753667652606964,0.0,0.056611690670251846,0.3379604039946571,"[0.7218371033668518, 0.7720970511436462]",0.4888,0.5121317157712305,0.5762564991334489,0.584055459272097,0.5805892547660312,0.5901213171577123,0.5901213171577123,0.4393414211438475
84,0.5467937608318891,0.42892044615856273,0.400877519317888,0.3484412532169019,0.6291161178509532,0.13135139644145966,0.0574987418949604,0.0,0.05656725727021694,0.3162496539298445,"[0.7218371033668518, 0.7720970511436462]",0.3763,0.5181975736568457,0.574523396880416,0.5849220103986135,0.5779896013864818,0.5892547660311959,0.5892547660311959,0.4506065857885615
85,0.5736568457538995,0.44746914343158717,0.36266687889360355,0.352251892117965,0.6109185441941074,0.1233617514371872,0.05745481513440609,0.0,0.056524137035012245,0.2927430330310017,"[0.7218371033668518, 0.7720970511436462]",0.3693,0.5147313691507799,0.5658578856152513,0.5823223570190641,0.5736568457538995,0.5909878682842288,0.5909878682842288,0.46533795493934144
86,0.6117850953206239,0.49555259799310736,0.4080892560910845,0.4416106978204817,0.6516464471403813,0.12885682284832,0.05741436034440994,0.0,0.05648123845458031,0.3007667959900573,"[0.7218371033668518, 0.7720970511436462]",0.4274,0.5164644714038128,0.5701906412478336,0.5814558058925476,0.5719237435008665,0.5935875216637782,0.5935875216637782,0.4532062391681109
87,0.6395147313691508,0.5310020076299709,0.3700673726892887,0.410379363892703,0.6421143847487002,0.13192148506641388,0.05737379379570484,0.0,0.05643853358924389,0.3149612119887024,"[0.7218371033668518, 0.7720970511436462]",0.3561,0.5095320623916811,0.5797227036395147,0.5849220103986135,0.5779896013864818,0.5935875216637782,0.5935875216637782,0.4341421143847487
88,0.6074523396880416,0.4914148121123678,0.37152165064851467,0.4062151196541069,0.6377816291161178,0.1266559511423111,0.057333771139383316,0.0,0.05639723688364029,0.32897450192831457,"[0.7218371033668518, 0.7720970511436462]",0.4428,0.5173310225303293,0.5831889081455806,0.58578856152513,0.5762564991334489,0.5979202772963604,0.5979202772963604,0.4376083188908146
89,0.6117850953206239,0.49663215411667794,0.3849171793657231,0.41872584557561593,0.6438474870017331,0.12173900753259659,0.05729315057396889,0.0,0.05635565333068371,0.36021442397031933,"[0.7218371033668518, 0.7720970511436462]",0.3437,0.5233968804159446,0.58578856152513,0.587521663778163,0.5788561525129983,0.6005199306759099,0.6005199306759099,0.44540727902946275
90,0.6317157712305026,0.523380543391855,0.3728754648085186,0.4063940760669913,0.645580589254766,0.12936075031757355,0.05724920704960823,0.0,0.05631487816572189,0.3244111370295286,"[0.7218371033668518, 0.7720970511436462]",0.3321,0.5181975736568457,0.587521663778163,0.5918544194107452,0.5849220103986135,0.6013864818024264,0.6013864818024264,0.43847487001733104
91,0.6282495667244368,0.5177775137001113,0.3664428180705091,0.39411481115878566,0.6325823223570191,0.12684443593025208,0.05720856413245201,0.0,0.056274374946951866,0.32489529997110367,"[0.7218371033668518, 0.7720970511436462]",0.3478,0.5164644714038128,0.58578856152513,0.587521663778163,0.5805892547660312,0.6022530329289428,0.6022530329289428,0.4393414211438475
92,0.6317157712305026,0.5230375443216717,0.3684930576809125,0.3988844155827302,0.6351819757365684,0.1243995800614357,0.05716457776725292,0.0,0.05623415485024452,0.3312397600384429,"[0.7218371033668518, 0.7720970511436462]",0.3437,0.5181975736568457,0.5866551126516465,0.5892547660311959,0.5823223570190641,0.6048526863084922,0.6048526863084922,0.4393414211438475
93,0.6256499133448874,0.5144899801619185,0.36646836313296766,0.39530144766298886,0.6308492201039861,0.12464627623558044,0.05712391808629036,0.0,0.05619426444172859,0.30680034100078046,"[0.7218371033668518, 0.7720970511436462]",0.3682,0.4800693240901213,0.5294627383015598,0.5476603119584056,0.5545927209705372,0.5528596187175043,0.5528596187175043,0.45667244367417675
94,0.6195840554592721,0.5098132939072817,0.3697176587199605,0.4057904604492776,0.6438474870017331,0.1166469007730484,0.05708167143166065,0.0,0.0561541635543108,0.3108811230631545,"[0.7218371033668518, 0.7720970511436462]",0.3515,0.5051993067590987,0.5658578856152513,0.587521663778163,0.587521663778163,0.5996533795493935,0.5996533795493935,0.43500866551126516
95,0.587521663778163,0.47126332781146196,0.3757226905708611,0.3994786850592894,0.6473136915077989,0.11576707661151886,0.05704334005713463,0.0,0.056113895028829575,0.3241670880233869,"[0.7218371033668518, 0.7720970511436462]",0.3676,0.57105719237435,0.6126516464471404,0.6421143847487002,0.6516464471403813,0.6447140381282496,0.6447140381282496,0.5329289428076257
96,0.5849220103986135,0.4678689768169908,0.3773469794293247,0.3999476152174,0.6481802426343154,0.11442622542381287,0.05700458213686943,0.0,0.0560737457126379,0.3137992030242458,"[0.7218371033668518, 0.7720970511436462]",0.3537,0.512998266897747,0.5883882149046794,0.5961871750433275,0.5996533795493935,0.6178509532062392,0.6178509532062392,0.4445407279029463
97,0.58578856152513,0.4686438286095743,0.3779363057479571,0.40057114229809593,0.6473136915077989,0.11449515074491501,0.05696559138596058,0.0,0.05603370815515518,0.3239397469442338,"[0.7218371033668518, 0.7720970511436462]",0.3433,0.5450606585788561,0.5658578856152513,0.610051993067591,0.6048526863084922,0.6239168110918544,0.6239168110918544,0.512998266897747
98,0.6195840554592721,0.5118433908848963,0.3911793986965798,0.4189433011210836,0.6533795493934142,0.11893859505653381,0.05692690797150135,0.0,0.05599371902644634,0.29131628305185586,"[0.7218371033668518, 0.7720970511436462]",0.3495,0.5450606585788561,0.5684575389948007,0.6065857885615251,0.6057192374350087,0.6265164644714039,0.6265164644714039,0.5181975736568457
99,0.6143847487001733,0.5088826321970552,0.39437868158620665,0.4198296779265716,0.6533795493934142,0.12021758407354355,0.05688675306737423,0.0,0.05595308542251587,0.33765283005777746,"[0.7218371033668518, 0.7720970511436462]",0.3422,0.5450606585788561,0.57105719237435,0.6048526863084922,0.6109185441941074,0.621317157712305,0.621317157712305,0.5173310225303293
100,0.6369150779896013,0.5302220516582221,0.40811229003956123,0.44706614809191914,0.6603119584055459,0.1235700324177742,0.0568457767367363,0.0,0.05591314844787121,0.2950726110721007,"[0.7218371033668518, 0.7720970511436462]",0.3468,0.5329289428076257,0.5935875216637782,0.5909878682842288,0.5892547660311959,0.6117850953206239,0.6117850953206239,0.49393414211438474
101,0.6126516464471404,0.509166996528835,0.3766501466588937,0.3753600128549781,0.6646447140381283,0.12800121307373047,0.05680648982524872,0.0,0.055873047560453415,0.30066238006111234,"[0.7218371033668518, 0.7720970511436462]",0.3652,0.5303292894280762,0.5944540727902946,0.5944540727902946,0.5927209705372617,0.6117850953206239,0.6117850953206239,0.48180242634315423
102,0.6178509532062392,0.5166393444179981,0.3771166962730562,0.3760974365743435,0.6655112651646448,0.12295544147491455,0.056765906512737274,0.0,0.05583312548696995,0.29372026200871915,"[0.7218371033668518, 0.7720970511436462]",0.3488,0.5563258232235702,0.6143847487001733,0.6117850953206239,0.6109185441941074,0.6325823223570191,0.6325823223570191,0.5138648180242634
103,0.6334488734835355,0.5266299846975289,0.4015830523475893,0.4420122331003419,0.6559792027729636,0.12339997291564941,0.05672554671764374,0.0,0.055793365463614464,0.30681661202106625,"[0.7218371033668518, 0.7720970511436462]",0.3358,0.5303292894280762,0.5823223570190641,0.5901213171577123,0.5901213171577123,0.6074523396880416,0.6074523396880416,0.4965337954939341
104,0.6282495667244368,0.519845207093705,0.3981371991119561,0.43315235677851377,0.6507798960138648,0.12222208082675934,0.05668509751558304,0.0,0.05575327202677727,0.31540982995647937,"[0.7218371033668518, 0.7720970511436462]",0.3469,0.5389948006932409,0.5736568457538995,0.608318890814558,0.6048526863084922,0.6273830155979203,0.6273830155979203,0.511265164644714
105,0.4679376083188908,0.35366180712274997,0.4006652502299413,0.30356875137070327,0.6559792027729636,0.13260681927204132,0.056644320487976074,0.0,0.055713213980197906,0.29415549198165536,"[0.7218371033668518, 0.7720970511436462]",0.3897,0.5537261698440208,0.608318890814558,0.5979202772963604,0.5935875216637782,0.6091854419410745,0.6091854419410745,0.5190641247833622
106,0.48873483535528595,0.37481176219964596,0.4061294703640271,0.31121588279659135,0.6525129982668978,0.12862713634967804,0.056605374440550804,0.0,0.055673493072390556,0.32822950498666614,"[0.7218371033668518, 0.7720970511436462]",0.3585,0.4150779896013865,0.46707105719237435,0.4826689774696707,0.5233968804159446,0.46880415944540726,0.46880415944540726,0.3830155979202773
107,0.6291161178509532,0.5202343693843335,0.36328125454924254,0.39307192361580967,0.6291161178509532,0.1367521733045578,0.056566499173641205,0.0,0.055633874610066414,0.29404452396556735,"[0.7218371033668518, 0.7720970511436462]",0.3598,0.5398613518197574,0.5953206239168111,0.5866551126516465,0.587521663778163,0.6065857885615251,0.6065857885615251,0.5
108,0.6074523396880416,0.492707381120123,0.36854247274897733,0.40713467892157207,0.6429809358752167,0.12736184895038605,0.05652756989002228,0.0,0.05559459328651428,0.2996059530414641,"[0.7218371033668518, 0.7720970511436462]",0.5102,0.5398613518197574,0.5849220103986135,0.5753899480069324,0.5667244367417678,0.6057192374350087,0.6057192374350087,0.5077989601386482
109,0.6065857885615251,0.49204742555701964,0.37000855294667345,0.41105452528335695,0.6464471403812825,0.11865581572055817,0.05648890137672424,0.0,0.05555560439825058,0.4491760180098936,"[0.7218371033668518, 0.7720970511436462]",0.4074,0.5415944540727903,0.5849220103986135,0.5753899480069324,0.5606585788561526,0.6057192374350087,0.6057192374350087,0.5077989601386482
110,0.6039861351819757,0.4885758755618482,0.3703031168650092,0.41140887387893244,0.6464471403812825,0.11811520159244537,0.05644845776259899,0.0,0.05551728792488575,0.31146085797809064,"[0.7218371033668518, 0.7720970511436462]",0.33,0.537261698440208,0.5814558058925476,0.5719237435008665,0.5580589254766031,0.6031195840554593,0.6031195840554593,0.5043327556325823
111,0.6039861351819757,0.4886522409000251,0.3729729383985078,0.4154703408864975,0.6481802426343154,0.11806042492389679,0.05640917457640171,0.0,0.05547933652997017,0.3069757840130478,"[0.7218371033668518, 0.7720970511436462]",0.3292,0.5571923743500866,0.5961871750433275,0.5814558058925476,0.5823223570190641,0.6230502599653379,0.6230502599653379,0.5181975736568457
112,0.6031195840554593,0.4874776603244453,0.37320010723811237,0.4149737860503307,0.6464471403812825,0.11796945333480835,0.05637067370116711,0.0,0.055441757664084435,0.3142397360643372,"[0.7218371033668518, 0.7720970511436462]",0.3333,0.5519930675909879,0.6005199306759099,0.5927209705372617,0.5979202772963604,0.6256499133448874,0.6256499133448874,0.5225303292894281
113,0.6048526863084922,0.48968011908860376,0.37708741276466956,0.4222229790273755,0.6481802426343154,0.11732938140630722,0.056331681087613106,0.0,0.055404454469680786,0.3374947279226035,"[0.7218371033668518, 0.7720970511436462]",0.3414,0.5519930675909879,0.6005199306759099,0.5927209705372617,0.5979202772963604,0.6273830155979203,0.6273830155979203,0.5225303292894281
114,0.6048526863084922,0.48968011908860376,0.37708741276466956,0.4222229790273755,0.6481802426343154,0.11740987747907639,0.056293150410056114,0.0,0.05536768585443497,0.3531354760052636,"[0.7218371033668518, 0.7720970511436462]",0.4763,0.5363951473136915,0.5961871750433275,0.5979202772963604,0.5961871750433275,0.6117850953206239,0.6117850953206239,0.4878682842287695
115,0.6464471403812825,0.5421636838343616,0.38075722214934343,0.44582776203312646,0.6473136915077989,0.13080832362174988,0.05625571310520172,0.0,0.055330995470285416,0.4830359009793028,"[0.7218371033668518, 0.7720970511436462]",0.4061,0.5346620450606586,0.5944540727902946,0.598786828422877,0.597053726169844,0.608318890814558,0.608318890814558,0.4896013864818024
116,0.6152512998266898,0.5025485387407014,0.41518334759313996,0.4517534555056035,0.6533795493934142,0.1361725628376007,0.05621801316738129,0.0,0.05529511719942093,0.3395826880587265,"[0.7218371033668518, 0.7720970511436462]",0.4208,0.5069324090121318,0.5511265164644714,0.5727902946273831,0.57105719237435,0.5831889081455806,0.5831889081455806,0.475736568457539
117,0.6299826689774697,0.5174730195661391,0.42949071678710926,0.47794859154748925,0.6542461005199307,0.11830247193574905,0.056181445717811584,0.0,0.05525934882462025,0.33942468697205186,"[0.7218371033668518, 0.7720970511436462]",0.3575,0.5060658578856152,0.5459272097053726,0.5719237435008665,0.5684575389948007,0.5797227036395147,0.5797227036395147,0.47746967071057195
118,0.6239168110918544,0.5116048886708866,0.4147463459440401,0.46010342918655583,0.6481802426343154,0.11871522665023804,0.0561448335647583,0.0,0.05522376298904419,0.5145139150554314,"[0.7218371033668518, 0.7720970511436462]",0.5518,0.5528596187175043,0.5996533795493935,0.5866551126516465,0.5883882149046794,0.621317157712305,0.621317157712305,0.5121317157712305
119,0.6065857885615251,0.48999142386268835,0.37666162658589547,0.4173807249270053,0.6291161178509532,0.11815591156482697,0.05610904470086098,0.0,0.05518832989037037,0.47893106401897967,"[0.7218371033668518, 0.7720970511436462]",0.5809,0.5259965337954939,0.5866551126516465,0.5866551126516465,0.5831889081455806,0.6074523396880416,0.6074523396880416,0.4904679376083189
120,0.6256499133448874,0.5159363072044246,0.4294176668977608,0.4657720843032852,0.6542461005199307,0.11844103038311005,0.05607212707400322,0.0,0.05515342950820923,0.502176112961024,"[0.7218371033668518, 0.7720970511436462]",0.5607,0.5329289428076257,0.5892547660311959,0.587521663778163,0.587521663778163,0.6126516464471404,0.6126516464471404,0.5008665511265165
121,0.608318890814558,0.49223370909020114,0.3807679558319732,0.4219203663078157,0.6317157712305026,0.12458662688732147,0.05603615567088127,0.0,0.05511855147778988,0.321551245986484,"[0.7218371033668518, 0.7720970511436462]",0.351,0.5294627383015598,0.5901213171577123,0.587521663778163,0.584055459272097,0.6117850953206239,0.6117850953206239,0.49393414211438474
122,0.6221837088388215,0.5072032532906561,0.4315660665027698,0.4719634093697851,0.658578856152513,0.11609788984060287,0.056000156328082085,0.0,0.05508398078382015,0.32887264306191355,"[0.7218371033668518, 0.7720970511436462]",0.3912,0.5285961871750433,0.5918544194107452,0.5866551126516465,0.584055459272097,0.6126516464471404,0.6126516464471404,0.4930675909878683
123,0.6152512998266898,0.5015273978200046,0.4003548235886764,0.44416604493701034,0.6412478336221837,0.12032121419906616,0.05596353858709335,0.0,0.05504903756082058,0.31580433691851795,"[0.7218371033668518, 0.7720970511436462]",0.3849,0.584055459272097,0.6308492201039861,0.6395147313691508,0.6403812824956673,0.6421143847487002,0.6421143847487002,0.550259965337955
124,0.6299826689774697,0.5168442376215101,0.43068581793663024,0.4792760293871332,0.6577123050259965,0.11663112044334412,0.0559279453009367,0.0,0.05501415580511093,0.4611519909230992,"[0.7218371033668518, 0.7720970511436462]",0.4555,0.584055459272097,0.634315424610052,0.6412478336221837,0.6421143847487002,0.6421143847487002,0.6421143847487002,0.5519930675909879
125,0.6256499133448874,0.5138683568990736,0.4299951582894623,0.46749841601807496,0.6759098786828422,0.11912816017866135,0.055892519652843475,0.0,0.05497875064611435,0.34743991401046515,"[0.7218371033668518, 0.7720970511436462]",0.3841,0.5849220103986135,0.6334488734835355,0.6386481802426344,0.6412478336221837,0.6429809358752167,0.6429809358752167,0.550259965337955
126,0.6031195840554593,0.4915111067069329,0.4158154145280654,0.43971807439398053,0.6672443674176777,0.12243646383285522,0.05585785582661629,0.0,0.05494383163750172,0.37162715196609497,"[0.7218371033668518, 0.7720970511436462]",0.4514,0.58578856152513,0.6334488734835355,0.6369150779896013,0.6403812824956673,0.6403812824956673,0.6403812824956673,0.550259965337955
127,0.5996533795493935,0.48871358455173686,0.4119330257289748,0.4408663868555645,0.6672443674176777,0.12228742241859436,0.05582437291741371,0.0,0.05490916967391968,0.5467574939830229,"[0.7218371033668518, 0.7720970511436462]",0.4729,0.5849220103986135,0.6308492201039861,0.6325823223570191,0.6317157712305026,0.6386481802426344,0.6386481802426344,0.5493934142114385
128,0.6074523396880416,0.49730411177045863,0.4207288164687186,0.4593555866317918,0.6750433275563258,0.12033504247665405,0.055789949372410774,0.0,0.0548760574311018,0.4316738140769303,"[0.7218371033668518, 0.7720970511436462]",0.3558,0.58578856152513,0.6317157712305026,0.634315424610052,0.6325823223570191,0.6395147313691508,0.6395147313691508,0.550259965337955
129,0.597053726169844,0.480725963701815,0.3650071638065491,0.3908918014437527,0.621317157712305,0.1287434697151184,0.055756524205207825,0.0,0.05484397150576115,0.4235582100227475,"[0.7218371033668518, 0.7720970511436462]",0.3632,0.5849220103986135,0.6325823223570191,0.6412478336221837,0.6403812824956673,0.6421143847487002,0.6421143847487002,0.550259965337955
130,0.6230502599653379,0.5109407271735318,0.408985317881876,0.4576296993022667,0.6473136915077989,0.11899814009666443,0.05572269670665264,0.0,0.05481262691318989,0.33038926392327994,"[0.7218371033668518, 0.7720970511436462]",0.4691,0.5849220103986135,0.6377816291161178,0.6421143847487002,0.6438474870017331,0.6438474870017331,0.6438474870017331,0.5528596187175043
131,0.6256499133448874,0.5140474793299008,0.4164925821001296,0.4658183404302491,0.6499133448873483,0.11796413362026215,0.05568789131939411,0.0,0.054782554507255554,0.37700256903190166,"[0.7218371033668518, 0.7720970511436462]",0.3725,0.5866551126516465,0.6377816291161178,0.6421143847487002,0.6447140381282496,0.6447140381282496,0.6447140381282496,0.5537261698440208
132,0.5901213171577123,0.47187705299496585,0.35638212202896563,0.37871355108357346,0.6143847487001733,0.12056974321603775,0.055652787908911705,0.0,0.054754188284277916,0.34508195298258215,"[0.7218371033668518, 0.7720970511436462]",0.3849,0.5849220103986135,0.6360485268630849,0.6412478336221837,0.6421143847487002,0.6438474870017331,0.6438474870017331,0.5519930675909879
133,0.5814558058925476,0.4620036234367052,0.34549137923870543,0.3595036499760054,0.6057192374350087,0.123250812292099,0.0556156262755394,0.0,0.05472475662827492,0.3447726999875158,"[0.7218371033668518, 0.7720970511436462]",0.3605,0.5849220103986135,0.6360485268630849,0.6395147313691508,0.6421143847487002,0.6429809358752167,0.6429809358752167,0.5519930675909879
134,0.621317157712305,0.5088170752731321,0.4129697180729913,0.45895986571587816,0.645580589254766,0.12117661535739899,0.055583756417036057,0.0,0.05469629913568497,0.35423053603153676,"[0.7218371033668518, 0.7720970511436462]",0.3646,0.5866551126516465,0.6360485268630849,0.6395147313691508,0.6412478336221837,0.6438474870017331,0.6438474870017331,0.5528596187175043
135,0.5918544194107452,0.4739528590591555,0.35868879477905535,0.3823375906602271,0.6161178509532063,0.1208774745464325,0.05555017106235027,0.0,0.05466931872069836,0.3394742530072108,"[0.7218371033668518, 0.7720970511436462]",0.3816,0.5866551126516465,0.6351819757365684,0.6395147313691508,0.6412478336221837,0.6429809358752167,0.6429809358752167,0.5519930675909879
136,0.6395147313691508,0.5300507183881322,0.4311783515822545,0.48656482335024404,0.6533795493934142,0.11879406124353409,0.055514320731163025,0.0,0.054642509669065475,0.5216377009637654,"[0.7218371033668518, 0.7720970511436462]",0.4646,0.5,0.5554592720970537,0.5667244367417678,0.5675909878682842,0.561525129982669,0.561525129982669,0.47227036395147315
137,0.608318890814558,0.4886717432732348,0.41980728442668824,0.4480346727366722,0.6447140381282496,0.12778624892234802,0.05548241175711155,0.0,0.054617833346128464,0.35449512698687613,"[0.7218371033668518, 0.7720970511436462]",0.3493,0.4965337954939341,0.5563258232235702,0.57105719237435,0.5701906412478336,0.5649913344887348,0.5649913344887348,0.4714038128249567
138,0.6273830155979203,0.5154882269946737,0.4211466182995191,0.47424934430579463,0.6499133448873483,0.12075014412403107,0.05544288083910942,0.0,0.054593775421381,0.49290430604014546,"[0.7218371033668518, 0.7720970511436462]",0.36,0.49740034662045063,0.5563258232235702,0.5684575389948007,0.5719237435008665,0.5641247833622184,0.5641247833622184,0.4714038128249567
139,0.6282495667244368,0.5167211706478978,0.42176622607412745,0.4750493170728149,0.6507798960138648,0.11865931749343872,0.05540807172656059,0.0,0.054569415748119354,0.33922951004933566,"[0.7218371033668518, 0.7720970511436462]",0.3431,0.5051993067590987,0.548526863084922,0.5684575389948007,0.5649913344887348,0.5537261698440208,0.5537261698440208,0.48180242634315423
140,0.6265164644714039,0.5151326679625734,0.419456995305366,0.46820228730215213,0.6507798960138648,0.11944063007831573,0.05537412688136101,0.0,0.05454544723033905,0.3600890819216147,"[0.7218371033668518, 0.7720970511436462]",0.3423,0.5069324090121318,0.5511265164644714,0.5667244367417678,0.5675909878682842,0.5693240901213171,0.5693240901213171,0.48180242634315423
141,0.6256499133448874,0.5140834774268632,0.4193161556111913,0.46727884381413654,0.6507798960138648,0.11882640421390533,0.055342257022857666,0.0,0.05452165566384792,0.3426262988941744,"[0.7218371033668518, 0.7720970511436462]",0.3679,0.5069324090121318,0.550259965337955,0.5667244367417678,0.5675909878682842,0.5701906412478336,0.5701906412478336,0.4826689774696707
142,0.6256499133448874,0.5140834774268632,0.4193161556111913,0.46727884381413654,0.6507798960138648,0.11882301419973373,0.05531099811196327,0.0,0.05449935793876648,0.36507897602859885,"[0.7218371033668518, 0.7720970511436462]",0.3427,0.5069324090121318,0.550259965337955,0.5667244367417678,0.5658578856152513,0.5667244367417678,0.5667244367417678,0.4809358752166378
143,0.6377816291161178,0.5321350873466426,0.42370233549324804,0.4444956014376839,0.645580589254766,0.1260662078857422,0.05527867190539837,0.0,0.05447751469910145,0.35544236097484827,"[0.7218371033668518, 0.7720970511436462]",0.3537,0.5060658578856152,0.5537261698440208,0.5675909878682842,0.5684575389948007,0.5701906412478336,0.5701906412478336,0.4826689774696707
144,0.6386481802426344,0.531060706461999,0.42427472145840356,0.4386005242613752,0.6403812824956673,0.1234380379319191,0.055245256051421165,0.0,0.05445547588169575,0.41977107792627066,"[0.7218371033668518, 0.7720970511436462]",0.348,0.5051993067590987,0.550259965337955,0.5675909878682842,0.5684575389948007,0.5684575389948007,0.5684575389948007,0.4826689774696707
145,0.645580589254766,0.543167587940428,0.42145066088252964,0.4422533939257495,0.645580589254766,0.12345898151397705,0.05521564185619354,0.0,0.054433541372418404,0.34948731400072575,"[0.7218371033668518, 0.7720970511436462]",0.3486,0.5051993067590987,0.5407279029462738,0.5649913344887348,0.5675909878682842,0.5658578856152513,0.5658578856152513,0.48180242634315423
146,0.6473136915077989,0.5446332657248011,0.42387542120014543,0.4465734706829582,0.6473136915077989,0.12395970523357391,0.055188922211527824,0.0,0.054412029683589935,0.48775536101311445,"[0.7218371033668518, 0.7720970511436462]",0.5679,0.5051993067590987,0.5424610051993067,0.5658578856152513,0.5684575389948007,0.5675909878682842,0.5675909878682842,0.48180242634315423
147,0.6377816291161178,0.5289115114771005,0.4225904535375798,0.4363431894439075,0.6377816291161178,0.12254633009433746,0.055163370445370674,0.0,0.054391076788306236,0.5204519149847329,"[0.7218371033668518, 0.7720970511436462]",0.3464,0.5051993067590987,0.5519930675909879,0.5667244367417678,0.5684575389948007,0.5684575389948007,0.5684575389948007,0.4826689774696707
148,0.6412478336221837,0.533634510710409,0.4253196447969043,0.4398874392709483,0.6412478336221837,0.12134699523448944,0.05513767525553703,0.0,0.054370781406760216,0.3318949380191043,"[0.7218371033668518, 0.7720970511436462]",0.3832,0.5051993067590987,0.5528596187175043,0.5675909878682842,0.5693240901213171,0.5693240901213171,0.5693240901213171,0.4826689774696707
149,0.6412478336221837,0.533634510710409,0.4253196447969043,0.4398874392709483,0.6412478336221837,0.1212431862950325,0.055112339556217194,0.0,0.054350389167666435,0.45862006302922964,"[0.7218371033668518, 0.7720970511436462]",0.5468,0.5051993067590987,0.5545927209705372,0.5675909878682842,0.5684575389948007,0.5701906412478336,0.5701906412478336,0.4826689774696707
150,0.6490467937608319,0.5464659628707035,0.42630921958481915,0.4459296218342984,0.6490467937608319,0.12332098186016083,0.05508895218372345,0.0,0.05433056131005287,0.3932920750230551,"[0.7218371033668518, 0.7720970511436462]",0.3327,0.5060658578856152,0.5493934142114385,0.5675909878682842,0.5701906412478336,0.5701906412478336,0.5701906412478336,0.4826689774696707
151,0.6369150779896013,0.5272498665420406,0.43679137982587973,0.49274939719678024,0.6516464471403813,0.11640259623527527,0.05506626516580582,0.0,0.0543111190199852,0.3525798070477322,"[0.7218371033668518, 0.7720970511436462]",0.3363,0.5103986135181976,0.5667244367417678,0.5719237435008665,0.574523396880416,0.5762564991334489,0.5762564991334489,0.4826689774696707
152,0.6490467937608319,0.54697196163845,0.4308994083453077,0.449842544942585,0.6490467937608319,0.1310797929763794,0.055042777210474014,0.0,0.05429214797914028,0.30803987698163837,"[0.7218371033668518, 0.7720970511436462]",0.332,0.45233968804159447,0.46013864818024264,0.4809358752166378,0.5441941074523396,0.5337954939341422,0.5337954939341422,0.4532062391681109
153,0.6551126516464472,0.5548214941703185,0.42648164433034397,0.45969255920538704,0.6551126516464472,0.12244307994842529,0.055018823593854904,0.0,0.05427384749054909,0.31290739693213254,"[0.7218371033668518, 0.7720970511436462]",0.3993,0.49740034662045063,0.550259965337955,0.5667244367417678,0.5693240901213171,0.5658578856152513,0.5658578856152513,0.4714038128249567
154,0.6421143847487002,0.5354548059659594,0.42471425223198345,0.4411987155152604,0.6421143847487002,0.12321220338344574,0.0549933984875679,0.0,0.05425679683685303,0.3310719180153683,"[0.7218371033668518, 0.7720970511436462]",0.3376,0.49566724436741766,0.5450606585788561,0.5675909878682842,0.5701906412478336,0.5649913344887348,0.5649913344887348,0.4714038128249567
155,0.6403812824956673,0.532940695727311,0.42397697659518985,0.43940583486573015,0.6403812824956673,0.12224628776311874,0.05496821366250515,0.0,0.054240185767412186,0.32714411499910057,"[0.7218371033668518, 0.7720970511436462]",0.3444,0.5225303292894281,0.57105719237435,0.587521663778163,0.5918544194107452,0.6126516464471404,0.6126516464471404,0.4610051993067591
156,0.6403812824956673,0.532940695727311,0.42397697659518985,0.43940583486573015,0.6403812824956673,0.12223230302333832,0.05494407378137112,0.0,0.05422371067106724,0.3626271690009162,"[0.7218371033668518, 0.7720970511436462]",0.3448,0.5225303292894281,0.5727902946273831,0.5892547660311959,0.5935875216637782,0.6161178509532063,0.6161178509532063,0.4662045060658579
157,0.6412478336221837,0.5339934238055897,0.42433909102088735,0.44013661097664025,0.6412478336221837,0.12230321764945984,0.05492200888693333,0.0,0.054207416251301765,0.32984291098546237,"[0.7218371033668518, 0.7720970511436462]",0.3376,0.5225303292894281,0.57105719237435,0.587521663778163,0.5918544194107452,0.6135181975736569,0.6135181975736569,0.4610051993067591
158,0.6334488734835355,0.5265675463353604,0.41906119459147745,0.43569143465757637,0.6403812824956673,0.12381128966808319,0.05490077659487724,0.0,0.05419120192527771,0.3813894159393385,"[0.7218371033668518, 0.7720970511436462]",0.3738,0.5225303292894281,0.57105719237435,0.587521663778163,0.5927209705372617,0.6169844020797227,0.6169844020797227,0.4714038128249567
159,0.6317157712305026,0.5233485819025044,0.42161336482992934,0.4337252016850973,0.6403812824956673,0.12387699633836746,0.05488045886158943,0.0,0.05417545698583126,0.346034949994646,"[0.7218371033668518, 0.7720970511436462]",0.3424,0.5233968804159446,0.5719237435008665,0.5892547660311959,0.5927209705372617,0.6161178509532063,0.6161178509532063,0.4731369150779896
160,0.6308492201039861,0.5259432120075409,0.4207067979318709,0.43537905618315625,0.6447140381282496,0.12421755492687225,0.05486026033759117,0.0,0.054160160943865776,0.30155681201722473,"[0.7218371033668518, 0.7720970511436462]",0.3546,0.5225303292894281,0.5727902946273831,0.5883882149046794,0.5927209705372617,0.6178509532062392,0.6178509532062392,0.4679376083188908
161,0.6299826689774697,0.5249339353149365,0.41932683568837864,0.4334545796003328,0.6438474870017331,0.1231771931052208,0.05484072118997574,0.0,0.05414510518312454,0.31783309089951217,"[0.7218371033668518, 0.7720970511436462]",0.3461,0.5207972270363952,0.5727902946273831,0.5901213171577123,0.5935875216637782,0.6187175043327556,0.6187175043327556,0.4662045060658579
162,0.6291161178509532,0.5239250983404773,0.4179878821027764,0.4315390179291106,0.6429809358752167,0.12312614917755127,0.0548214390873909,0.0,0.0541303139179945,0.4458873320836574,"[0.7218371033668518, 0.7720970511436462]",0.3884,0.5225303292894281,0.5719237435008665,0.5892547660311959,0.5927209705372617,0.6169844020797227,0.6169844020797227,0.4662045060658579
163,0.6299826689774697,0.5249339353149365,0.41932683568837864,0.4334545796003328,0.6438474870017331,0.12318401038646698,0.05480210855603218,0.0,0.05411593057215214,0.3912698670756072,"[0.7218371033668518, 0.7720970511436462]",0.4953,0.5225303292894281,0.5719237435008665,0.5892547660311959,0.5927209705372617,0.6169844020797227,0.6169844020797227,0.4662045060658579
164,0.6299826689774697,0.5249339353149365,0.41932683568837864,0.4334545796003328,0.6438474870017331,0.12323899567127228,0.054781507700681686,0.0,0.054102031514048576,0.3072754479944706,"[0.7218371033668518, 0.7720970511436462]",0.506,0.5225303292894281,0.5727902946273831,0.5892547660311959,0.5927209705372617,0.6187175043327556,0.6187175043327556,0.4662045060658579
165,0.6308492201039861,0.5259733810570244,0.41961081685706253,0.4340271857087762,0.6438474870017331,0.12327935546636581,0.05476199835538864,0.0,0.05408867076039314,0.4043367839185521,"[0.7218371033668518, 0.7720970511436462]",0.4859,0.5225303292894281,0.57105719237435,0.5883882149046794,0.5927209705372617,0.6178509532062392,0.6178509532062392,0.46187175043327555
166,0.6325823223570191,0.5280614287133516,0.4223956782510596,0.4350701433986809,0.6438474870017331,0.12331604957580566,0.054742803797125816,0.0,0.05407615751028061,0.4154642700450495,"[0.7218371033668518, 0.7720970511436462]",0.5129,0.5225303292894281,0.5719237435008665,0.5883882149046794,0.5927209705372617,0.6178509532062392,0.6178509532062392,0.46187175043327555
167,0.6325823223570191,0.5280614287133516,0.4223956782510596,0.4350701433986809,0.6438474870017331,0.12338627874851227,0.05472184903919697,0.0,0.05406526103615761,0.4156918521039188,"[0.7218371033668518, 0.7720970511436462]",0.5086,0.5086655112651647,0.5597920277296361,0.5736568457538995,0.5771230502599654,0.5901213171577123,0.5901213171577123,0.4462738301559792
168,0.6317157712305026,0.5269401530343059,0.42197405435286484,0.4347272703094464,0.6438474870017331,0.12345907837152481,0.05470132827758789,0.0,0.05406012944877148,0.38865755102597177,"[0.7218371033668518, 0.7720970511436462]",0.3414,0.5086655112651647,0.5589254766031195,0.5736568457538995,0.5771230502599654,0.5901213171577123,0.5901213171577123,0.4462738301559792
169,0.6317157712305026,0.5269401530343059,0.42197405435286484,0.4347272703094464,0.6438474870017331,0.12348683178424835,0.05467555858194828,0.0,0.05405487306416035,0.3314164000330493,"[0.7218371033668518, 0.7720970511436462]",0.5614,0.5190641247833622,0.5667244367417678,0.5918544194107452,0.5944540727902946,0.6091854419410745,0.6091854419410745,0.46013864818024264
170,0.6308492201039861,0.5259299546956275,0.4211627729112728,0.43294358993048454,0.6429809358752167,0.12354099750518799,0.054647983983159065,0.0,0.05404773727059364,0.44947067904286087,"[0.7218371033668518, 0.7720970511436462]",0.5345,0.5181975736568457,0.5667244367417678,0.5918544194107452,0.5944540727902946,0.6091854419410745,0.6091854419410745,0.4610051993067591
171,0.6317157712305026,0.5271453927889311,0.4215882874209312,0.43367698381793307,0.6438474870017331,0.12359952181577682,0.05462854541838169,0.0,0.054039180278778076,0.4631556870881468,"[0.7218371033668518, 0.7720970511436462]",0.3859,0.5181975736568457,0.5667244367417678,0.5918544194107452,0.5944540727902946,0.6091854419410745,0.6091854419410745,0.4610051993067591
172,0.6308492201039861,0.526136044887545,0.42024886531985345,0.43176235823001097,0.6429809358752167,0.12365470081567764,0.054611606523394585,0.0,0.054029496386647224,0.29985621699597687,"[0.7218371033668518, 0.7720970511436462]",0.3825,0.5199306759098787,0.5641247833622184,0.5909878682842288,0.5944540727902946,0.6074523396880416,0.6074523396880416,0.46533795493934144
173,0.6308492201039861,0.526136044887545,0.42024886531985345,0.43176235823001097,0.6429809358752167,0.12370675802230835,0.054596515372395515,0.0,0.054020337760448456,0.31222578696906567,"[0.7218371033668518, 0.7720970511436462]",0.3652,0.5216637781629117,0.5658578856152513,0.5918544194107452,0.5953206239168111,0.608318890814558,0.608318890814558,0.4662045060658579
174,0.6291161178509532,0.5238374357451634,0.4175258162224939,0.4305427204591106,0.6421143847487002,0.12376277893781662,0.05458035506308079,0.0,0.054011270403862,0.2944935200503096,"[0.7218371033668518, 0.7720970511436462]",0.3666,0.5,0.550259965337955,0.5693240901213171,0.57105719237435,0.5883882149046794,0.5883882149046794,0.4436741767764298
175,0.6291161178509532,0.5238374357451634,0.4175258162224939,0.4305427204591106,0.6421143847487002,0.12381196022033691,0.05456610955297947,0.0,0.054002152755856514,0.31160964095033705,"[0.7218371033668518, 0.7720970511436462]",0.3677,0.5199306759098787,0.5649913344887348,0.5918544194107452,0.5944540727902946,0.6074523396880416,0.6074523396880416,0.46360485268630847
176,0.6291161178509532,0.5238374357451634,0.4175258162224939,0.4305427204591106,0.6421143847487002,0.12386071681976318,0.05455286428332329,0.0,0.05399284511804581,0.3859986630268395,"[0.7218371033668518, 0.7720970511436462]",0.5536,0.5017331022530329,0.5511265164644714,0.5701906412478336,0.5719237435008665,0.5892547660311959,0.5892547660311959,0.44540727902946275
177,0.6291161178509532,0.5238374357451634,0.4175258162224939,0.4305427204591106,0.6421143847487002,0.1240159273147583,0.05454021692276001,0.0,0.05398321710526943,0.3939458760432899,"[0.7218371033668518, 0.7720970511436462]",0.5602,0.5017331022530329,0.550259965337955,0.5701906412478336,0.5719237435008665,0.5892547660311959,0.5892547660311959,0.44540727902946275
178,0.6291161178509532,0.5238374357451634,0.4175258162224939,0.4305427204591106,0.6421143847487002,0.12406647205352783,0.054529013112187386,0.0,0.05397328920662403,0.3940340200206265,"[0.7218371033668518, 0.7720970511436462]",0.385,0.5017331022530329,0.550259965337955,0.5701906412478336,0.5719237435008665,0.5892547660311959,0.5892547660311959,0.44540727902946275
179,0.6291161178509532,0.5238374357451634,0.4175258162224939,0.4305427204591106,0.6421143847487002,0.12411178648471832,0.0545192863792181,0.0,0.05396379716694355,0.3068345880601555,"[0.7218371033668518, 0.7720970511436462]",0.3629,0.5017331022530329,0.550259965337955,0.5701906412478336,0.5719237435008665,0.5892547660311959,0.5892547660311959,0.44540727902946275
180,0.6291161178509532,0.5238374357451634,0.4175258162224939,0.4305427204591106,0.6421143847487002,0.1241607591509819,0.05450885370373726,0.0,0.05395464599132538,0.39543272904120386,"[0.7218371033668518, 0.7720970511436462]",0.3782,0.5017331022530329,0.550259965337955,0.5701906412478336,0.5719237435008665,0.5892547660311959,0.5892547660311959,0.44540727902946275
181,0.6299826689774697,0.52516511747576,0.4166197263072143,0.43187317348576093,0.6429809358752167,0.12421064078807831,0.054499147459864616,0.0,0.053945517167449,0.3617401299998164,"[0.7218371033668518, 0.7720970511436462]",0.5913,0.5017331022530329,0.5511265164644714,0.5701906412478336,0.5719237435008665,0.5892547660311959,0.5892547660311959,0.44540727902946275
182,0.6421143847487002,0.5338773689903589,0.4079361496828619,0.4788306104434854,0.6421143847487002,0.12829846143722534,0.054490113630890846,0.0,0.05393656715750694,0.3743555190740153,"[0.7218371033668518, 0.7720970511436462]",0.4623,0.5025996533795494,0.5493934142114385,0.57105719237435,0.5719237435008665,0.587521663778163,0.587521663778163,0.44540727902946275
183,0.6291161178509532,0.5182587119024953,0.4382199294249668,0.4841831059113071,0.6577123050259965,0.12061581015586853,0.05448177456855774,0.0,0.05392776057124138,0.41787931008730084,"[0.7218371033668518, 0.7720970511436462]",0.5055,0.5043327556325823,0.5597920277296361,0.5719237435008665,0.574523396880416,0.587521663778163,0.587521663778163,0.44714038128249567
184,0.6377816291161178,0.5284016639862344,0.3991420290295281,0.46725654625587226,0.6377816291161178,0.13109374046325684,0.05447390489280224,0.0,0.05391910672187805,0.4020768170012161,"[0.7218371033668518, 0.7720970511436462]",0.5015,0.5025996533795494,0.5528596187175043,0.5701906412478336,0.57105719237435,0.587521663778163,0.587521663778163,0.4462738301559792
185,0.6412478336221837,0.5327866688181191,0.40618705105067227,0.47673223192795444,0.6412478336221837,0.12395887076854706,0.054466262459754944,0.0,0.05391071178019047,0.42020030901767313,"[0.7218371033668518, 0.7720970511436462]",0.5067,0.5017331022530329,0.5537261698440208,0.57105719237435,0.5701906412478336,0.5866551126516465,0.5866551126516465,0.4445407279029463
186,0.6481802426343154,0.5405366178951085,0.4320680371629194,0.49961785169831247,0.6481802426343154,0.12686383724212646,0.05445881746709347,0.0,0.05390237830579281,0.42538356501609087,"[0.7218371033668518, 0.7720970511436462]",0.5089,0.49740034662045063,0.5355285961871751,0.5667244367417678,0.5658578856152513,0.5797227036395147,0.5797227036395147,0.44540727902946275
187,0.6117850953206239,0.505365007046505,0.41013252296687724,0.4269688201591212,0.6447140381282496,0.13246101140975952,0.05445127747952938,0.0,0.05389440059661865,0.4102817369857803,"[0.7218371033668518, 0.7720970511436462]",0.5256,0.49913344887348354,0.5459272097053726,0.5701906412478336,0.5701906412478336,0.58578856152513,0.58578856152513,0.4445407279029463
188,0.6265164644714039,0.522168358475086,0.4090327577726768,0.4329738506274184,0.6421143847487002,0.12718160450458527,0.05444354936480522,0.0,0.05388675257563591,0.3940474159317091,"[0.7218371033668518, 0.7720970511436462]",0.5319,0.5025996533795494,0.5537261698440208,0.5719237435008665,0.5719237435008665,0.5892547660311959,0.5892547660311959,0.4445407279029463
189,0.6282495667244368,0.5240939765058735,0.4094592103443835,0.431856743100409,0.6412478336221837,0.1253039538860321,0.05443692393600941,0.0,0.053878627717494965,0.3731644060462713,"[0.7218371033668518, 0.7720970511436462]",0.6257,0.5025996533795494,0.5537261698440208,0.5719237435008665,0.5719237435008665,0.5901213171577123,0.5901213171577123,0.4445407279029463
190,0.6291161178509532,0.5248383537237087,0.41357418389116646,0.4328665043624332,0.6421143847487002,0.12493183463811874,0.05443059653043747,0.0,0.053870582953095436,0.5269027699250728,"[0.7218371033668518, 0.7720970511436462]",0.5647,0.5025996533795494,0.5528596187175043,0.5719237435008665,0.5719237435008665,0.5901213171577123,0.5901213171577123,0.4462738301559792
191,0.6291161178509532,0.5246924866861316,0.4167217320346616,0.43304648154691106,0.6421143847487002,0.12483923882246017,0.05442397482693195,0.0,0.05386266112327576,0.31949804397299886,"[0.7218371033668518, 0.7720970511436462]",0.4908,0.5025996533795494,0.5528596187175043,0.5719237435008665,0.5719237435008665,0.5901213171577123,0.5901213171577123,0.4462738301559792
192,0.6291161178509532,0.5246924866861316,0.4167217320346616,0.43304648154691106,0.6421143847487002,0.12484153360128403,0.0544178057461977,0.0,0.05385508015751839,0.4261223969515413,"[0.7218371033668518, 0.7720970511436462]",0.5495,0.5025996533795494,0.5519930675909879,0.57105719237435,0.5736568457538995,0.5909878682842288,0.5909878682842288,0.44714038128249567
193,0.6317157712305026,0.5285390333536164,0.42228022693250844,0.43644847481872306,0.6438474870017331,0.12487906217575073,0.05441120080649853,0.0,0.05384780466556549,0.3233160979580134,"[0.7218371033668518, 0.7720970511436462]",0.3853,0.5927209705372617,0.6360485268630849,0.6403812824956673,0.6447140381282496,0.6724436741767764,0.6724436741767764,0.561525129982669
194,0.6299826689774697,0.5265979880621047,0.41812144222936076,0.43360161126450253,0.6421143847487002,0.12494537979364395,0.05440434440970421,0.0,0.05384102277457714,0.44650674203876406,"[0.7218371033668518, 0.7720970511436462]",0.6168,0.5944540727902946,0.6369150779896013,0.6395147313691508,0.6438474870017331,0.6724436741767764,0.6724436741767764,0.5623916811091855
195,0.6282495667244368,0.5246500882880756,0.42078812142392397,0.4320747235371359,0.6412478336221837,0.1251457929611206,0.05439566820859909,0.0,0.05383528955280781,0.31726904900278896,"[0.7218371033668518, 0.7720970511436462]",0.3843,0.5996533795493935,0.6429809358752167,0.6464471403812825,0.6464471403812825,0.6750433275563258,0.6750433275563258,0.5675909878682842
196,0.6265164644714039,0.5227396597783032,0.41900909250031093,0.42979048105158557,0.6403812824956673,0.12529654800891876,0.05438794568181038,0.0,0.053831614553928375,0.32596005604136735,"[0.7218371033668518, 0.7720970511436462]",0.5403,0.608318890814558,0.6559792027729636,0.6568457538994801,0.6655112651646448,0.6568457538994801,0.6568457538994801,0.5727902946273831
197,0.6247833622183708,0.5208789986518544,0.41524447132739,0.4269640948058467,0.6386481802426344,0.12541013956069946,0.05438365042209625,0.0,0.05382382310926914,0.363496191916056,"[0.7218371033668518, 0.7720970511436462]",0.3867,0.6057192374350087,0.6533795493934142,0.6542461005199307,0.6620450606585788,0.6551126516464472,0.6551126516464472,0.57105719237435
198,0.6230502599653379,0.5187693286985998,0.4139420117360744,0.424568430559754,0.6369150779896013,0.12559537589550018,0.05437638610601425,0.0,0.05381625145673752,0.2954139949288219,"[0.7218371033668518, 0.7720970511436462]",0.3849,0.5528596187175043,0.5727902946273831,0.6005199306759099,0.6161178509532063,0.6230502599653379,0.6230502599653379,0.5051993067590987
199,0.6412478336221837,0.5381027791796461,0.42138932147619357,0.4455710994594864,0.6412478336221837,0.12294094264507294,0.054369308054447174,0.0,0.05380864627659321,0.30449578003026545,"[0.7218371033668518, 0.7720970511436462]",0.4046,0.5528596187175043,0.57105719237435,0.6005199306759099,0.6152512998266898,0.6230502599653379,0.6230502599653379,0.5017331022530329
200,0.6403812824956673,0.5370877832970378,0.4205723994543499,0.4437593414292524,0.6403812824956673,0.12220866978168488,0.054361676797270775,0.0,0.053801657631993294,0.3354108080966398,"[0.7218371033668518, 0.7720970511436462]",0.3755,0.5528596187175043,0.57105719237435,0.5996533795493935,0.6152512998266898,0.6230502599653379,0.6230502599653379,0.5017331022530329
201,0.6403812824956673,0.5370877832970378,0.4205723994543499,0.4437593414292524,0.6403812824956673,0.12217330187559128,0.05435379780828953,0.0,0.053795019164681435,0.29672663006931543,"[0.7218371033668518, 0.7720970511436462]",0.3666,0.5528596187175043,0.5701906412478336,0.6013864818024264,0.6161178509532063,0.6230502599653379,0.6230502599653379,0.5025996533795494
202,0.6403812824956673,0.5370877832970378,0.4205723994543499,0.4437593414292524,0.6403812824956673,0.12218629568815231,0.0543458741158247,0.0,0.0537889264523983,0.29869280999992043,"[0.7218371033668518, 0.7720970511436462]",0.3712,0.5528596187175043,0.5701906412478336,0.6013864818024264,0.6161178509532063,0.6230502599653379,0.6230502599653379,0.5025996533795494
203,0.6403812824956673,0.5370215513949486,0.42077333609605044,0.44449009811716406,0.6403812824956673,0.12260919064283371,0.054338445886969566,0.0,0.05378345213830471,0.3030566460220143,"[0.7218371033668518, 0.7720970511436462]",0.3886,0.5528596187175043,0.5701906412478336,0.6013864818024264,0.6169844020797227,0.6230502599653379,0.6230502599653379,0.5025996533795494
204,0.6412478336221837,0.5380741972599031,0.4217659329542871,0.4457732826438552,0.6412478336221837,0.12272293120622635,0.054331718012690544,0.0,0.053777655586600304,0.29209070303477347,"[0.7218371033668518, 0.7720970511436462]",0.3743,0.5528596187175043,0.5701906412478336,0.6005199306759099,0.6169844020797227,0.6230502599653379,0.6230502599653379,0.5043327556325823
205,0.6412478336221837,0.5378011510565864,0.4214761102083993,0.44402213746713914,0.6412478336221837,0.12271896749734879,0.054325658828020096,0.0,0.05377226881682873,0.37389526097103953,"[0.7218371033668518, 0.7720970511436462]",0.4713,0.5623916811091855,0.5762564991334489,0.608318890814558,0.6308492201039861,0.6265164644714039,0.6265164644714039,0.5251299826689775
206,0.6421143847487002,0.5386792498487598,0.421611268622443,0.4446192262368862,0.6421143847487002,0.1227116659283638,0.05432084575295448,0.0,0.05376709997653961,0.3743653040146455,"[0.7218371033668518, 0.7720970511436462]",0.4146,0.5537261698440208,0.5693240901213171,0.6013864818024264,0.6178509532062392,0.6239168110918544,0.6239168110918544,0.5051993067590987
207,0.6429809358752167,0.5397249664799872,0.4219644458848806,0.44537322556734993,0.6429809358752167,0.12268056720495224,0.054315660148859024,0.0,0.053763117641210556,0.3451301949098706,"[0.7218371033668518, 0.7720970511436462]",0.371,0.5537261698440208,0.5684575389948007,0.6013864818024264,0.6178509532062392,0.6239168110918544,0.6239168110918544,0.5051993067590987
208,0.6429809358752167,0.5397249664799872,0.4219644458848806,0.44537322556734993,0.6429809358752167,0.12266211211681366,0.054310206323862076,0.0,0.05375872366130352,0.3586843939265236,"[0.7218371033668518, 0.7720970511436462]",0.5028,0.5537261698440208,0.5684575389948007,0.6022530329289428,0.6178509532062392,0.6239168110918544,0.6239168110918544,0.5051993067590987
209,0.6438474870017331,0.5407794551637065,0.4229712657366965,0.44666056465428233,0.6438474870017331,0.12267773598432541,0.05430454574525356,0.0,0.05375446565449238,0.5028044609352946,"[0.7218371033668518, 0.7720970511436462]",0.5289,0.5537261698440208,0.5684575389948007,0.6022530329289428,0.6178509532062392,0.6239168110918544,0.6239168110918544,0.5051993067590987
210,0.6438474870017331,0.5407794551637065,0.4229712657366965,0.44666056465428233,0.6438474870017331,0.12270647287368774,0.054299233481287956,0.0,0.05375055596232414,0.3826442880090326,"[0.7218371033668518, 0.7720970511436462]",0.5282,0.5537261698440208,0.5675909878682842,0.6013864818024264,0.6169844020797227,0.6230502599653379,0.6230502599653379,0.5060658578856152
211,0.6438474870017331,0.5407794551637065,0.4229712657366965,0.44666056465428233,0.6438474870017331,0.12273634970188141,0.05429370142519474,0.0,0.0537466686218977,0.4305588169954717,"[0.7218371033668518, 0.7720970511436462]",0.4629,0.5537261698440208,0.5675909878682842,0.6013864818024264,0.6169844020797227,0.6230502599653379,0.6230502599653379,0.5060658578856152
212,0.6447140381282496,0.5418342318020148,0.42399732549230934,0.4479589307529051,0.6447140381282496,0.12276070564985275,0.05428830347955227,0.0,0.05374295264482498,0.3986751700285822,"[0.7218371033668518, 0.7720970511436462]",0.5131,0.5528596187175043,0.5701906412478336,0.6005199306759099,0.6169844020797227,0.6230502599653379,0.6230502599653379,0.5069324090121318
213,0.6490467937608319,0.5469464908879411,0.4255839900809218,0.4529333379411787,0.6490467937608319,0.12233313173055649,0.05428314581513405,0.0,0.05373912677168846,0.5440578289562836,"[0.7218371033668518, 0.7720970511436462]",0.5502,0.5632582322357019,0.5797227036395147,0.6265164644714039,0.6360485268630849,0.6308492201039861,0.6308492201039861,0.5571923743500866
214,0.6481802426343154,0.5457657551099946,0.42504689028085685,0.45253452088185403,0.6481802426343154,0.12225326895713806,0.054277077317237854,0.0,0.05373603291809559,0.39362044201698154,"[0.7218371033668518, 0.7720970511436462]",0.4129,0.5632582322357019,0.5797227036395147,0.6265164644714039,0.6360485268630849,0.6308492201039861,0.6308492201039861,0.5571923743500866
215,0.6481802426343154,0.5457657551099946,0.42504689028085685,0.45253452088185403,0.6481802426343154,0.12225651741027832,0.054269930347800255,0.0,0.05373445525765419,0.2935912759276107,"[0.7218371033668518, 0.7720970511436462]",0.3685,0.5632582322357019,0.5797227036395147,0.6265164644714039,0.6360485268630849,0.6308492201039861,0.6308492201039861,0.5571923743500866
216,0.6481802426343154,0.5457657551099946,0.42504689028085685,0.45253452088185403,0.6481802426343154,0.1222778856754303,0.05426166206598282,0.0,0.053736576810479164,0.4324050199938938,"[0.7218371033668518, 0.7720970511436462]",0.5443,0.5667244367417678,0.5805892547660312,0.6265164644714039,0.6351819757365684,0.6317157712305026,0.6317157712305026,0.5623916811091855
217,0.6481802426343154,0.5457115818705058,0.424527008065003,0.4530890342961445,0.6481802426343154,0.12230102717876434,0.054252149537205696,0.0,0.053741345182061195,0.4059182850178331,"[0.7218371033668518, 0.7720970511436462]",0.4978,0.5355285961871751,0.5554592720970537,0.584055459272097,0.6403812824956673,0.6221837088388215,0.6221837088388215,0.5329289428076257
218,0.6490467937608319,0.5468226095152029,0.4260773253384798,0.4538171051270363,0.6490467937608319,0.12231379002332687,0.05424118973314762,0.0,0.053741687908768654,0.4167244719574228,"[0.7218371033668518, 0.7720970511436462]",0.3545,0.5355285961871751,0.5554592720970537,0.584055459272097,0.6403812824956673,0.6221837088388215,0.6221837088388215,0.5329289428076257
219,0.6490467937608319,0.5445393841823987,0.42498647807554935,0.4516192988992668,0.6490467937608319,0.12271098792552948,0.05422714725136757,0.0,0.05374081805348396,0.31119485199451447,"[0.7218371033668518, 0.7720970511436462]",0.4899,0.5363951473136915,0.5563258232235702,0.584055459272097,0.6438474870017331,0.6230502599653379,0.6230502599653379,0.5337954939341422
220,0.6109185441941074,0.4974525696894103,0.40610399098692906,0.44916866704472524,0.6360485268630849,0.13207030296325684,0.05421547405421734,0.0,0.05373844876885414,0.3948886370053515,"[0.7218371033668518, 0.7720970511436462]",0.3729,0.5519930675909879,0.5589254766031195,0.587521663778163,0.6377816291161178,0.6195840554592721,0.6195840554592721,0.5363951473136915
221,0.6377816291161178,0.5264823073351402,0.4333148187776757,0.5043791223272142,0.6551126516464472,0.12098755687475204,0.05420337803661823,0.0,0.05373617447912693,0.4138536100508645,"[0.7218371033668518, 0.7720970511436462]",0.3934,0.5597920277296361,0.5641247833622184,0.5918544194107452,0.6395147313691508,0.621317157712305,0.621317157712305,0.5415944540727903
222,0.6360485268630849,0.5244818089862617,0.4298660623302619,0.5010333437512692,0.6551126516464472,0.11872508376836777,0.054192667827010155,0.0,0.05373368412256241,0.3171877999557182,"[0.7218371033668518, 0.7720970511436462]",0.359,0.5606585788561526,0.5658578856152513,0.5927209705372617,0.6403812824956673,0.6204506065857885,0.6204506065857885,0.5433275563258232
223,0.634315424610052,0.5221203854532609,0.42860457585651146,0.499955077063773,0.6533795493934142,0.1176040917634964,0.05418257229030132,0.0,0.0537314023822546,0.31388441601302475,"[0.7218371033668518, 0.7720970511436462]",0.355,0.5597920277296361,0.5658578856152513,0.5935875216637782,0.6403812824956673,0.621317157712305,0.621317157712305,0.5433275563258232
224,0.634315424610052,0.5221954043288006,0.4280959852890691,0.5005772427215645,0.6533795493934142,0.1172713190317154,0.05417283996939659,0.0,0.05372931249439716,0.3695812919177115,"[0.7218371033668518, 0.7720970511436462]",0.5368,0.5597920277296361,0.5675909878682842,0.5944540727902946,0.6395147313691508,0.6204506065857885,0.6204506065857885,0.5433275563258232
225,0.6074523396880416,0.49359586632593955,0.3962944929114513,0.4444080626551528,0.634315424610052,0.12507162988185883,0.05416285991668701,0.0,0.05372779071331024,0.3186186800012365,"[0.7218371033668518, 0.7720970511436462]",0.3387,0.5597920277296361,0.5632582322357019,0.5953206239168111,0.6395147313691508,0.6204506065857885,0.6204506065857885,0.5424610051993067
226,0.6143847487001733,0.5011113831279606,0.4007482668557927,0.45551122931980603,0.6351819757365684,0.12331350147724152,0.05415227636694908,0.0,0.05372683331370354,0.3355117009487003,"[0.7218371033668518, 0.7720970511436462]",0.3284,0.5580589254766031,0.5632582322357019,0.5953206239168111,0.6403812824956673,0.621317157712305,0.621317157712305,0.5398613518197574
227,0.6126516464471404,0.49928800854972144,0.39853607155247917,0.4487316313339296,0.6317157712305026,0.12323695421218872,0.054141489788889885,0.0,0.05372633412480354,0.3183150419499725,"[0.7218371033668518, 0.7720970511436462]",0.3394,0.5606585788561526,0.5779896013864818,0.6161178509532063,0.6351819757365684,0.6273830155979203,0.6273830155979203,0.5554592720970537
228,0.6143847487001733,0.5016057354209995,0.40061959460146107,0.4513484905280883,0.6308492201039861,0.12340225279331207,0.05413133651018143,0.0,0.053727757185697556,0.30933928105514497,"[0.7218371033668518, 0.7720970511436462]",0.3357,0.5563258232235702,0.5623916811091855,0.5944540727902946,0.6377816291161178,0.621317157712305,0.621317157712305,0.5407279029462738
229,0.6369150779896013,0.5239222366082636,0.42848064998388236,0.500325615881967,0.6542461005199307,0.12041403353214264,0.0541238896548748,0.0,0.053725775331258774,0.31377126404549927,"[0.7218371033668518, 0.7720970511436462]",0.3708,0.5597920277296361,0.5649913344887348,0.5935875216637782,0.6386481802426344,0.6221837088388215,0.6221837088388215,0.5407279029462738
230,0.6403812824956673,0.5293693346645807,0.43466340315359986,0.4963259658439801,0.6516464471403813,0.12219443172216415,0.054115816950798035,0.0,0.05372465029358864,0.45812067901715636,"[0.7218371033668518, 0.7720970511436462]",0.5635,0.5381282495667244,0.5589254766031195,0.5866551126516465,0.6429809358752167,0.6204506065857885,0.6204506065857885,0.5337954939341422
231,0.6386481802426344,0.5271342281285651,0.4319719782885177,0.49326094737122145,0.6499133448873483,0.11964413523674011,0.05410882271826267,0.0,0.05372248776257038,0.4044989839894697,"[0.7218371033668518, 0.7720970511436462]",0.3431,0.5363951473136915,0.5563258232235702,0.5849220103986135,0.6464471403812825,0.6230502599653379,0.6230502599653379,0.5337954939341422
232,0.6369150779896013,0.5282953892500056,0.432582972784415,0.48792398992902203,0.6525129982668978,0.12726260721683502,0.0541018582880497,0.0,0.05371973663568497,0.33387138904072344,"[0.7218371033668518, 0.7720970511436462]",0.4453,0.5346620450606586,0.5537261698440208,0.5866551126516465,0.6369150779896013,0.6204506065857885,0.6204506065857885,0.5329289428076257
233,0.6351819757365684,0.522691681190574,0.4275515577352945,0.48816764824483727,0.6464471403812825,0.12154480069875717,0.05409581586718559,0.0,0.05371548980474472,0.38581282703671604,"[0.7218371033668518, 0.7720970511436462]",0.4052,0.5363951473136915,0.5554592720970537,0.587521663778163,0.6447140381282496,0.6230502599653379,0.6230502599653379,0.5346620450606586
234,0.6377816291161178,0.5257625942213218,0.4295368531588071,0.49099141604946045,0.6490467937608319,0.11913004517555237,0.05408984422683716,0.0,0.05371163226664066,0.37477912195026875,"[0.7218371033668518, 0.7720970511436462]",0.3573,0.598786828422877,0.6291161178509532,0.6291161178509532,0.6403812824956673,0.6785095320623917,0.6785095320623917,0.5649913344887348
235,0.6369150779896013,0.5244555382460778,0.4279106173801621,0.4892826297326685,0.6481802426343154,0.11893710494041443,0.054082607850432396,0.0,0.05370832048356533,0.3153220369713381,"[0.7218371033668518, 0.7720970511436462]",0.3402,0.5363951473136915,0.5563258232235702,0.58578856152513,0.6447140381282496,0.6221837088388215,0.6221837088388215,0.5346620450606586
236,0.6360485268630849,0.5229630854450001,0.4271561115974357,0.488687672263831,0.6473136915077989,0.11895765364170074,0.05407709814608097,0.0,0.05370422825217247,0.3000620190287009,"[0.7218371033668518, 0.7720970511436462]",0.3386,0.537261698440208,0.5563258232235702,0.58578856152513,0.645580589254766,0.6221837088388215,0.6221837088388215,0.5355285961871751
237,0.6369150779896013,0.5238875470055762,0.4284054846241211,0.4899648926630633,0.6481802426343154,0.11899179965257645,0.05407057888805866,0.0,0.053700875490903854,0.36401948099955916,"[0.7218371033668518, 0.7720970511436462]",0.3374,0.537261698440208,0.5563258232235702,0.58578856152513,0.645580589254766,0.6221837088388215,0.6221837088388215,0.5355285961871751
238,0.6369150779896013,0.5238481634919995,0.4285245504030235,0.48976393201121854,0.6481802426343154,0.11901269853115082,0.05406483635306358,0.0,0.053697168827056885,0.40724605799186975,"[0.7218371033668518, 0.7720970511436462]",0.4967,0.5363951473136915,0.5563258232235702,0.58578856152513,0.6447140381282496,0.6221837088388215,0.6221837088388215,0.5346620450606586
239,0.6542461005199307,0.553830530679323,0.42987390452611546,0.4567561862334889,0.6542461005199307,0.12831568717956543,0.05405905842781067,0.0,0.053693704307079315,0.4660680760862306,"[0.7218371033668518, 0.7720970511436462]",0.3642,0.5320623916811091,0.5519930675909879,0.5823223570190641,0.6386481802426344,0.6230502599653379,0.6230502599653379,0.5320623916811091
240,0.5441941074523396,0.41919384253846015,0.4144004053096736,0.4202283599407923,0.6473136915077989,0.1336006224155426,0.05405335873365402,0.0,0.05369040369987488,0.3146027310285717,"[0.7218371033668518, 0.7720970511436462]",0.3441,0.5407279029462738,0.5589254766031195,0.5892547660311959,0.6438474870017331,0.621317157712305,0.621317157712305,0.5329289428076257
241,0.6239168110918544,0.5118942851490282,0.4223250237954332,0.4676484829104307,0.6525129982668978,0.1263905167579651,0.05404751934111118,0.0,0.05368738994002342,0.3113025960046798,"[0.7218371033668518, 0.7720970511436462]",0.5562,0.5363951473136915,0.5589254766031195,0.5849220103986135,0.6438474870017331,0.621317157712305,0.621317157712305,0.5337954939341422
242,0.6351819757365684,0.5256338028169014,0.4320129347807112,0.4853196258489733,0.6516464471403813,0.12789908051490784,0.0540417842566967,0.0,0.05368444696068764,0.3331641759723425,"[0.7218371033668518, 0.7720970511436462]",0.3497,0.5337954939341422,0.5537261698440208,0.5866551126516465,0.6377816291161178,0.6195840554592721,0.6195840554592721,0.5329289428076257
243,0.5953206239168111,0.4775607779421487,0.4184853101785126,0.4433947624920268,0.6516464471403813,0.1304425746202469,0.05403590016067028,0.0,0.053681755438447,0.3424890150781721,"[0.7218371033668518, 0.7720970511436462]",0.3321,0.5381282495667244,0.5589254766031195,0.5849220103986135,0.6447140381282496,0.621317157712305,0.621317157712305,0.5346620450606586
244,0.6351819757365684,0.5255684869838306,0.4315637195781624,0.48493425856857997,0.6516464471403813,0.12697440385818481,0.05402996018528938,0.0,0.053679294884204865,0.35700500605162233,"[0.7218371033668518, 0.7720970511436462]",0.555,0.5337954939341422,0.5537261698440208,0.5866551126516465,0.6377816291161178,0.6204506065857885,0.6204506065857885,0.5329289428076257
245,0.6369150779896013,0.52461450128008,0.430687895766907,0.48998141541813556,0.6490467937608319,0.1233522891998291,0.054023878648877144,0.0,0.05367724038660526,0.46996917901560664,"[0.7218371033668518, 0.7720970511436462]",0.3687,0.5363951473136915,0.5554592720970537,0.587521663778163,0.6447140381282496,0.6230502599653379,0.6230502599653379,0.5346620450606586
246,0.5953206239168111,0.4774984754013645,0.41958826755765494,0.44409852548562073,0.6525129982668978,0.13189372420310974,0.05401827022433281,0.0,0.05367513746023178,0.2993077449500561,"[0.7218371033668518, 0.7720970511436462]",0.3725,0.5407279029462738,0.5589254766031195,0.587521663778163,0.6447140381282496,0.621317157712305,0.621317157712305,0.5346620450606586
247,0.6421143847487002,0.5381217547035598,0.4219573926340251,0.44785933035475367,0.6464471403812825,0.1296490728855133,0.05401231162250042,0.0,0.053673047572374344,0.3099141970742494,"[0.7218371033668518, 0.7720970511436462]",0.3365,0.5337954939341422,0.5537261698440208,0.5866551126516465,0.6377816291161178,0.6195840554592721,0.6195840554592721,0.5329289428076257
248,0.6499133448873483,0.5486763272303792,0.4278890370319113,0.4535723445145114,0.6499133448873483,0.12668484449386597,0.05400653928518295,0.0,0.05367106944322586,0.3769517809851095,"[0.7218371033668518, 0.7720970511436462]",0.4062,0.5320623916811091,0.5511265164644714,0.5849220103986135,0.6369150779896013,0.6221837088388215,0.6221837088388215,0.5320623916811091
249,0.6377816291161178,0.5259201309888736,0.4323214315857487,0.491576643180698,0.6499133448873483,0.11977367848157883,0.0540009718388319,0.0,0.05366896279156208,0.4428040620405227,"[0.7218371033668518, 0.7720970511436462]",0.3334,0.5363951473136915,0.5554592720970537,0.5866551126516465,0.6447140381282496,0.6230502599653379,0.6230502599653379,0.5346620450606586
250,0.6499133448873483,0.5486217072396192,0.42659626095466757,0.4528288924859009,0.6499133448873483,0.12887094914913177,0.0539957657456398,0.0,0.05366652086377144,0.31097191595472395,"[0.7218371033668518, 0.7720970511436462]",0.4814,0.5320623916811091,0.5511265164644714,0.584055459272097,0.6386481802426344,0.6230502599653379,0.6230502599653379,0.5320623916811091
251,0.6516464471403813,0.5506896441511726,0.427508011446833,0.4538518328197043,0.6516464471403813,0.12559868395328522,0.05399111099541187,0.0,0.05366377905011177,0.3159103209618479,"[0.7218371033668518, 0.7720970511436462]",0.4491,0.5320623916811091,0.550259965337955,0.584055459272097,0.6377816291161178,0.6230502599653379,0.6230502599653379,0.5320623916811091
252,0.6377816291161178,0.529070181792976,0.4325295533352568,0.48612693396157364,0.6525129982668978,0.12355995178222656,0.05398682877421379,0.0,0.05366077274084091,0.4012145970482379,"[0.7218371033668518, 0.7720970511436462]",0.3359,0.5337954939341422,0.5519930675909879,0.58578856152513,0.6377816291161178,0.6195840554592721,0.6195840554592721,0.5329289428076257
253,0.6473136915077989,0.5444490892919668,0.4229782801084847,0.45371832052556976,0.6473136915077989,0.1300864815711975,0.053982678800821304,0.0,0.05365810915827751,0.3060831379843876,"[0.7218371033668518, 0.7720970511436462]",0.3395,0.5623916811091855,0.5684575389948007,0.6065857885615251,0.6377816291161178,0.6247833622183708,0.6247833622183708,0.5511265164644714
254,0.6464471403812825,0.5437829143391454,0.42458275232305864,0.4526196007527172,0.6473136915077989,0.1255679428577423,0.053978702053427696,0.0,0.05365557782351971,0.3139718020102009,"[0.7218371033668518, 0.7720970511436462]",0.3977,0.5632582322357019,0.5675909878682842,0.6074523396880416,0.6377816291161178,0.6230502599653379,0.6230502599653379,0.5519930675909879
255,0.6377816291161178,0.5259201309888736,0.4323214315857487,0.491576643180698,0.6499133448873483,0.119867242872715,0.05397494323551655,0.0,0.05365307256579399,0.4228701340034604,"[0.7218371033668518, 0.7720970511436462]",0.3332,0.5641247833622184,0.5693240901213171,0.610051993067591,0.6377816291161178,0.6239168110918544,0.6239168110918544,0.5528596187175043
256,0.5606585788561526,0.4387924038928227,0.4199089500030899,0.42577557869628213,0.6499133448873483,0.13633692264556885,0.05397083796560764,0.0,0.053650952875614166,0.32639362302143127,"[0.7218371033668518, 0.7720970511436462]",0.3457,0.5649913344887348,0.5701906412478336,0.6126516464471404,0.6386481802426344,0.6247833622183708,0.6247833622183708,0.5606585788561526
257,0.6360485268630849,0.5267166627607218,0.43195728438497694,0.4863544489934756,0.6525129982668978,0.13285309076309204,0.05396702140569687,0.0,0.05364890769124031,0.3212127439910546,"[0.7218371033668518, 0.7720970511436462]",0.3762,0.5623916811091855,0.5701906412478336,0.6091854419410745,0.6395147313691508,0.6247833622183708,0.6247833622183708,0.5511265164644714
258,0.6377816291161178,0.5260254078491369,0.4318789769974024,0.4902300786259333,0.6499133448873483,0.12427933514118195,0.05396355502307415,0.0,0.05364672467112541,0.31503338809125125,"[0.7218371033668518, 0.7720970511436462]",0.3734,0.5554592720970537,0.5658578856152513,0.6048526863084922,0.6377816291161178,0.6221837088388215,0.6221837088388215,0.5320623916811091
259,0.597053726169844,0.4799544895973453,0.4210410509643429,0.44634840505595313,0.6533795493934142,0.1320430040359497,0.053960513323545456,0.0,0.053644586354494095,0.3626891750609502,"[0.7218371033668518, 0.7720970511436462]",0.335,0.5519930675909879,0.561525129982669,0.6048526863084922,0.6377816291161178,0.6230502599653379,0.6230502599653379,0.5303292894280762
260,0.5450606585788561,0.41581620846061274,0.4170867670182682,0.4240553326788245,0.6490467937608319,0.130055770277977,0.053956516087055206,0.0,0.05364284664392471,0.31306607206352055,"[0.7218371033668518, 0.7720970511436462]",0.3618,0.5407279029462738,0.5632582322357019,0.6065857885615251,0.6421143847487002,0.6247833622183708,0.6247833622183708,0.5320623916811091
261,0.5450606585788561,0.4153477370961065,0.40743314818731574,0.419475549904491,0.6447140381282496,0.12890522181987762,0.05395309999585152,0.0,0.05364069156348705,0.33923857496120036,"[0.7218371033668518, 0.7720970511436462]",0.345,0.537261698440208,0.5632582322357019,0.6057192374350087,0.6421143847487002,0.6256499133448874,0.6256499133448874,0.5329289428076257
262,0.6447140381282496,0.5344022184631161,0.4347839510133274,0.49373416202898757,0.6533795493934142,0.1230923980474472,0.05395021289587021,0.0,0.05363874323666096,0.44446546607650816,"[0.7218371033668518, 0.7720970511436462]",0.5405,0.5554592720970537,0.5658578856152513,0.6057192374350087,0.6395147313691508,0.6230502599653379,0.6230502599653379,0.5329289428076257
263,0.6421143847487002,0.5313680240155673,0.43435248552039385,0.49348029178567143,0.6542461005199307,0.11835142970085144,0.05394735559821129,0.0,0.05363660864531994,0.32075739500578493,"[0.7218371033668518, 0.7720970511436462]",0.3641,0.5571923743500866,0.5658578856152513,0.6057192374350087,0.6360485268630849,0.6221837088388215,0.6221837088388215,0.5355285961871751
264,0.6403812824956673,0.529222678233516,0.4397527075934151,0.49605642486186147,0.6533795493934142,0.11945459246635437,0.05394509993493557,0.0,0.053634289652109146,0.32337813707999885,"[0.7218371033668518, 0.7720970511436462]",0.4908,0.5649913344887348,0.5719237435008665,0.6126516464471404,0.6403812824956673,0.6256499133448874,0.6256499133448874,0.550259965337955
265,0.6403812824956673,0.5290439762845305,0.4389040278606301,0.495877914922854,0.6525129982668978,0.11929783225059509,0.053942929953336716,0.0,0.05363218113780022,0.4281732439994812,"[0.7218371033668518, 0.7720970511436462]",0.4893,0.5667244367417678,0.5736568457538995,0.6143847487001733,0.6395147313691508,0.6256499133448874,0.6256499133448874,0.5528596187175043
266,0.6412478336221837,0.530178810076616,0.4399996819853939,0.4965458528597463,0.6533795493934142,0.1192888468503952,0.053941020742058754,0.0,0.05362999439239502,0.36987087596207857,"[0.7218371033668518, 0.7720970511436462]",0.4063,0.5675909878682842,0.574523396880416,0.6152512998266898,0.6386481802426344,0.6247833622183708,0.6247833622183708,0.5537261698440208
267,0.6412478336221837,0.530178810076616,0.4399996819853939,0.4965458528597463,0.6533795493934142,0.11932694166898727,0.05393941327929497,0.0,0.053627608343958855,0.33804635400883853,"[0.7218371033668518, 0.7720970511436462]",0.3534,0.5658578856152513,0.5719237435008665,0.6117850953206239,0.6386481802426344,0.6247833622183708,0.6247833622183708,0.5519930675909879
268,0.6412478336221837,0.530178810076616,0.4399996819853939,0.4965458528597463,0.6533795493934142,0.11936034262180328,0.05393821559846401,0.0,0.05362515337765217,0.3166268370114267,"[0.7218371033668518, 0.7720970511436462]",0.4397,0.5658578856152513,0.5719237435008665,0.6117850953206239,0.6386481802426344,0.6247833622183708,0.6247833622183708,0.5519930675909879
269,0.6412478336221837,0.530178810076616,0.4399996819853939,0.4965458528597463,0.6533795493934142,0.1193881556391716,0.05393663048744202,0.0,0.053622910752892494,0.31925303500611335,"[0.7218371033668518, 0.7720970511436462]",0.3422,0.5658578856152513,0.5719237435008665,0.6117850953206239,0.6386481802426344,0.6247833622183708,0.6247833622183708,0.5519930675909879
270,0.6403812824956673,0.5289786653133324,0.4394010193727212,0.49595064657049687,0.6525129982668978,0.11941297352313995,0.05393512174487114,0.0,0.05362062528729439,0.3218805840006098,"[0.7218371033668518, 0.7720970511436462]",0.4369,0.5927209705372617,0.6195840554592721,0.6057192374350087,0.6169844020797227,0.6707105719237435,0.6707105719237435,0.5597920277296361
271,0.6403812824956673,0.5289786653133324,0.4394010193727212,0.49595064657049687,0.6525129982668978,0.11943720281124115,0.053933801129460335,0.0,0.05361832305788994,0.4091495049651712,"[0.7218371033668518, 0.7720970511436462]",0.4407,0.5927209705372617,0.6195840554592721,0.6057192374350087,0.6169844020797227,0.6707105719237435,0.6707105719237435,0.5597920277296361
272,0.6403812824956673,0.5289786653133324,0.4394010193727212,0.49595064657049687,0.6525129982668978,0.11946190893650055,0.05393255688250065,0.0,0.05361597798764706,0.4233427500585094,"[0.7218371033668518, 0.7720970511436462]",0.3778,0.5927209705372617,0.6187175043327556,0.6065857885615251,0.6169844020797227,0.6707105719237435,0.6707105719237435,0.5597920277296361
273,0.6403812824956673,0.5301210729773749,0.43525657068037277,0.49391055930250594,0.6533795493934142,0.11967325955629349,0.05393139086663723,0.0,0.05361362546682358,0.45317258103750646,"[0.7218371033668518, 0.7720970511436462]",0.4921,0.47746967071057195,0.4696707105719237,0.5060658578856152,0.5493934142114385,0.5849220103986135,0.5849220103986135,0.4826689774696707
274,0.6395147313691508,0.5288108476838742,0.43272649493842275,0.49205388757570845,0.6516464471403813,0.11939094960689545,0.053930021822452545,0.0,0.05361144244670868,0.35901019792072475,"[0.7218371033668518, 0.7720970511436462]",0.3801,0.4783362218370884,0.47053726169844023,0.5060658578856152,0.5493934142114385,0.5849220103986135,0.5849220103986135,0.48180242634315423
275,0.6386481802426344,0.527565038371633,0.43357494324376883,0.49193232453521796,0.6516464471403813,0.11958932876586914,0.05392914637923241,0.0,0.053608957678079605,0.37409417994786054,"[0.7218371033668518, 0.7720970511436462]",0.488,0.4800693240901213,0.4714038128249567,0.5077989601386482,0.550259965337955,0.58578856152513,0.58578856152513,0.48440207972270366
276,0.6377816291161178,0.5284417732557003,0.43202539615310936,0.4877390603735696,0.6516464471403813,0.13125276565551758,0.05392814986407757,0.0,0.05360661260783672,0.33285760099533945,"[0.7218371033668518, 0.7720970511436462]",0.3534,0.48353552859618715,0.4748700173310225,0.5086655112651647,0.5511265164644714,0.587521663778163,0.587521663778163,0.48440207972270366
277,0.6507798960138648,0.5485093572309936,0.4336099698655451,0.4564268902363035,0.6507798960138648,0.13694950938224792,0.0539271105080843,0.0,0.053604356944561005,0.42388426803518087,"[0.7218371033668518, 0.7720970511436462]",0.4109,0.4783362218370884,0.4696707105719237,0.5008665511265165,0.548526863084922,0.5823223570190641,0.5823223570190641,0.4800693240901213
278,0.6490467937608319,0.5472317752482441,0.432774864340007,0.4535258869257909,0.6490467937608319,0.13224518299102783,0.053925929591059685,0.0,0.05360223166644573,0.34969218797050416,"[0.7218371033668518, 0.7720970511436462]",0.4306,0.47920277296360486,0.47053726169844023,0.5008665511265165,0.5511265164644714,0.5814558058925476,0.5814558058925476,0.4800693240901213
279,0.6620450606585788,0.5606907753457391,0.4297530748254705,0.4873057543828937,0.6620450606585788,0.1284508854150772,0.05392465740442276,0.0,0.05360018275678158,0.4203266210388392,"[0.7218371033668518, 0.7720970511436462]",0.4078,0.5580589254766031,0.5632582322357019,0.5883882149046794,0.6256499133448874,0.6273830155979203,0.6273830155979203,0.5441941074523396
280,0.6533795493934142,0.5522793404461688,0.4346005751423861,0.456487628413162,0.6533795493934142,0.13501451909542084,0.05392340384423733,0.0,0.053598131984472275,0.3237510370090604,"[0.7218371033668518, 0.7720970511436462]",0.3547,0.5545927209705372,0.5632582322357019,0.5909878682842288,0.6273830155979203,0.6265164644714039,0.6265164644714039,0.5450606585788561
281,0.6325823223570191,0.5315159360566206,0.4165513895304844,0.43548006466519457,0.6438474870017331,0.13145828247070312,0.05392231605947018,0.0,0.053596025332808495,0.3121690129628405,"[0.7218371033668518, 0.7720970511436462]",0.3829,0.5511265164644714,0.5606585788561526,0.5883882149046794,0.6247833622183708,0.6247833622183708,0.6247833622183708,0.5441941074523396
282,0.6299826689774697,0.5283371222091938,0.4145466236875932,0.43346729869793477,0.6438474870017331,0.13022756576538086,0.0539212878793478,0.0,0.05359390377998352,0.4780696190427989,"[0.7218371033668518, 0.7720970511436462]",0.4959,0.5519930675909879,0.5597920277296361,0.5909878682842288,0.6247833622183708,0.6247833622183708,0.6247833622183708,0.5441941074523396
283,0.6499133448873483,0.5437096832600443,0.42911338889437106,0.5001123929045475,0.6499133448873483,0.1301112174987793,0.053920309990644455,0.0,0.053591834381222725,0.3391539149452001,"[0.7218371033668518, 0.7720970511436462]",0.4175,0.5476603119584056,0.5580589254766031,0.5909878682842288,0.6204506065857885,0.6230502599653379,0.6230502599653379,0.5424610051993067
284,0.6351819757365684,0.5241176516683123,0.43103272121850195,0.48503081823761374,0.6516464471403813,0.12151831388473511,0.05391955189406872,0.0,0.053589701652526855,0.42943548399489373,"[0.7218371033668518, 0.7720970511436462]",0.3599,0.550259965337955,0.5606585788561526,0.5944540727902946,0.6247833622183708,0.6265164644714039,0.6265164644714039,0.5424610051993067
285,0.6351819757365684,0.5238756047914872,0.4318698486171886,0.48609250189866393,0.6507798960138648,0.12188772857189178,0.053918858990073204,0.0,0.053587522357702255,0.33392904594074935,"[0.7218371033668518, 0.7720970511436462]",0.348,0.5537261698440208,0.5649913344887348,0.6005199306759099,0.6291161178509532,0.6308492201039861,0.6308492201039861,0.5467937608318891
286,0.6230502599653379,0.516150019614628,0.4077950440501872,0.4340537174109191,0.6421143847487002,0.13414429128170013,0.053918320685625076,0.0,0.0535852313041687,0.32081022299826145,"[0.7218371033668518, 0.7720970511436462]",0.3709,0.4826689774696707,0.4714038128249567,0.5017331022530329,0.5424610051993067,0.5675909878682842,0.5675909878682842,0.48440207972270366
287,0.6369150779896013,0.5265184378592538,0.4322885298012348,0.48652757019759046,0.6525129982668978,0.12336348742246628,0.053917912766337395,0.0,0.053582845255732536,0.34465405403170735,"[0.7218371033668518, 0.7720970511436462]",0.3515,0.4826689774696707,0.47227036395147315,0.5034662045060658,0.5450606585788561,0.5675909878682842,0.5675909878682842,0.4852686308492201
288,0.6499133448873483,0.5434053622075623,0.42783672772614595,0.4988779494588443,0.6499133448873483,0.13082890212535858,0.05391748994588852,0.0,0.05358045734465122,0.3379016750259325,"[0.7218371033668518, 0.7720970511436462]",0.4231,0.4809358752166378,0.4696707105719237,0.5008665511265165,0.537261698440208,0.5658578856152513,0.5658578856152513,0.48440207972270366
289,0.6143847487001733,0.501553006037311,0.4364754857237483,0.463671278609832,0.6577123050259965,0.12506332993507385,0.05391697213053703,0.0,0.053578104823827744,0.3531403890810907,"[0.7218371033668518, 0.7720970511436462]",0.3364,0.4826689774696707,0.4714038128249567,0.5008665511265165,0.5459272097053726,0.5675909878682842,0.5675909878682842,0.48353552859618715
290,0.6152512998266898,0.502535498434428,0.43541809583695423,0.4642694434582537,0.6559792027729636,0.12318390607833862,0.05391622893512249,0.0,0.05357591062784195,0.39906865102238953,"[0.7218371033668518, 0.7720970511436462]",0.3559,0.5571923743500866,0.5658578856152513,0.6005199306759099,0.6291161178509532,0.6308492201039861,0.6308492201039861,0.5424610051993067
291,0.6169844020797227,0.5046623510057898,0.43589776131571595,0.4662525650824204,0.6559792027729636,0.12225174903869629,0.05391547456383705,0.0,0.05357375741004944,0.31937928998377174,"[0.7218371033668518, 0.7720970511436462]",0.3552,0.5571923743500866,0.5658578856152513,0.6022530329289428,0.6291161178509532,0.6317157712305026,0.6317157712305026,0.5433275563258232
292,0.6169844020797227,0.5046623510057898,0.43589776131571595,0.4662525650824204,0.6559792027729636,0.12233477830886841,0.0539148673415184,0.0,0.05357157252728939,0.3742288420908153,"[0.7218371033668518, 0.7720970511436462]",0.5212,0.4861351819757366,0.4783362218370884,0.5060658578856152,0.5519930675909879,0.5805892547660312,0.5805892547660312,0.48440207972270366
293,0.6169844020797227,0.5048383464193906,0.43565699368700783,0.4650302804425012,0.6559792027729636,0.12253758311271667,0.053914232179522514,0.0,0.05356939509510994,0.3883939899969846,"[0.7218371033668518, 0.7720970511436462]",0.3545,0.5675909878682842,0.5736568457538995,0.6057192374350087,0.6377816291161178,0.6308492201039861,0.6308492201039861,0.5528596187175043
294,0.6161178509532063,0.5037175894061079,0.4351742962448219,0.46468424881187753,0.6551126516464472,0.12271957844495773,0.053913604468107224,0.0,0.05356720834970474,0.31726876203902066,"[0.7218371033668518, 0.7720970511436462]",0.3747,0.5589254766031195,0.5675909878682842,0.6048526863084922,0.6334488734835355,0.6334488734835355,0.6334488734835355,0.5459272097053726
295,0.6351819757365684,0.5241526091909103,0.43311730511628,0.4860595625230142,0.6507798960138648,0.12207174301147461,0.0539129301905632,0.0,0.053565025329589844,0.345201040036045,"[0.7218371033668518, 0.7720970511436462]",0.4758,0.5675909878682842,0.5727902946273831,0.6065857885615251,0.6360485268630849,0.6308492201039861,0.6308492201039861,0.5545927209705372
296,0.6308492201039861,0.5148073358638945,0.43871939831195084,0.48250110937769736,0.6551126516464472,0.12363890558481216,0.05391236953437328,0.0,0.05356278643012047,0.32130064198281616,"[0.7218371033668518, 0.7720970511436462]",0.3559,0.48180242634315423,0.47227036395147315,0.5034662045060658,0.5459272097053726,0.5658578856152513,0.5658578856152513,0.4852686308492201
297,0.6412478336221837,0.5300799173777264,0.4347549757738488,0.47109866863012895,0.6412478336221837,0.13442638516426086,0.05391179770231247,0.0,0.05356055684387684,0.32338029297534376,"[0.7218371033668518, 0.7720970511436462]",0.3608,0.5684575389948007,0.5719237435008665,0.5944540727902946,0.6334488734835355,0.6299826689774697,0.6299826689774697,0.5563258232235702
298,0.6516464471403813,0.5412361193932436,0.44262363309933994,0.5036113325772946,0.6516464471403813,0.12754739820957184,0.053911419585347176,0.0,0.053558193147182465,0.32763823901768774,"[0.7218371033668518, 0.7720970511436462]",0.3445,0.4748700173310225,0.4800693240901213,0.5155979202772963,0.57105719237435,0.5580589254766031,0.5580589254766031,0.4714038128249567
299,0.6126516464471404,0.5049368308310076,0.40224496201352133,0.41998053529904505,0.6386481802426344,0.1317291259765625,0.053911127150058746,0.0,0.05355576053261757,0.3232326329452917,"[0.7218371033668518, 0.7720970511436462]",0.405,0.4783362218370884,0.47227036395147315,0.5017331022530329,0.5467937608318891,0.5727902946273831,0.5727902946273831,0.47746967071057195
300,0.6247833622183708,0.5186534526804946,0.4096389865504322,0.4317574821344126,0.6421143847487002,0.12935064733028412,0.053910890594124794,0.0,0.05355326272547245,0.3218045730609447,"[0.7218371033668518, 0.7720970511436462]",,,,,,,,
