round,ACC,Kappa,NMI,ARI,PURITY,alignment_loss,mean_reconstruction_loss,mean_consensus_loss,mean_local_total_loss,round_seconds,observed_rates,completion_eval_seconds,C025_ACC,C050_ACC,C075_ACC,C100_ACC,D0_ACC,E0_ACC,G0_ACC
1,0.5510204081632653,0.4094684314290524,0.3670918932275165,0.3162106998415996,0.5731292517006803,0.1856856495141983,0.2711850702762604,0.0,0.2544480413198471,1.2780553209595382,"[0.6989795565605164, 0.7823129296302795]",0.4415,0.5085034013605442,0.5858843537414966,0.58078231292517,0.5841836734693877,0.5909863945578231,0.5909863945578231,0.46343537414965985
2,0.5467687074829932,0.4310455629745008,0.35747469677804095,0.323135114158526,0.6045918367346939,0.14274686574935913,0.25055696815252304,0.0,0.23693974316120148,0.4774549419526011,"[0.6989795565605164, 0.7823129296302795]",0.5117,0.47959183673469385,0.5255102040816326,0.5654761904761905,0.5935374149659864,0.6164965986394558,0.6164965986394558,0.4608843537414966
3,0.4991496598639456,0.3921739313569258,0.3701357520038136,0.28808669904984613,0.5943877551020408,0.12533971667289734,0.23383069783449173,0.0,0.22275838255882263,0.35746265400666744,"[0.6989795565605164, 0.7823129296302795]",0.377,0.4481292517006803,0.477891156462585,0.47959183673469385,0.5246598639455783,0.5212585034013606,0.5212585034013606,0.4370748299319728
4,0.5629251700680272,0.464065894119003,0.34510688156725666,0.26373952454102695,0.5671768707482994,0.1291797012090683,0.22018426656723022,0.0,0.210954450070858,0.45730183098930866,"[0.6989795565605164, 0.7823129296302795]",0.5641,0.429421768707483,0.5025510204081632,0.5178571428571429,0.5833333333333334,0.5943877551020408,0.5943877551020408,0.4107142857142857
5,0.5527210884353742,0.44191635999144696,0.31556329694091056,0.26337539082024275,0.5756802721088435,0.13414856791496277,0.2085421234369278,0.0,0.20057114213705063,0.4376979978987947,"[0.6989795565605164, 0.7823129296302795]",0.5188,0.4574829931972789,0.516156462585034,0.5238095238095238,0.5578231292517006,0.5518707482993197,0.5518707482993197,0.42857142857142855
6,0.48639455782312924,0.38534280596394976,0.2911856557999004,0.21239768724837535,0.564625850340136,0.13701871037483215,0.19823148101568222,0.0,0.19125118106603622,0.49404816201422364,"[0.6989795565605164, 0.7823129296302795]",0.5318,0.4770408163265306,0.5170068027210885,0.560374149659864,0.5459183673469388,0.5637755102040817,0.5637755102040817,0.46938775510204084
7,0.5527210884353742,0.4330732909053583,0.2699572425409958,0.2620580103437468,0.5552721088435374,0.12982556223869324,0.18895693868398666,0.0,0.18279626592993736,0.42754179309122264,"[0.6989795565605164, 0.7823129296302795]",0.7793,0.4226190476190476,0.4413265306122449,0.5051020408163265,0.5552721088435374,0.5671768707482994,0.5671768707482994,0.4039115646258503
8,0.5637755102040817,0.452144561157521,0.27510618051995644,0.26687952083873256,0.5637755102040817,0.12271160632371902,0.18054023757576942,0.0,0.175004031509161,0.4289786140434444,"[0.6989795565605164, 0.7823129296302795]",0.4806,0.4192176870748299,0.43197278911564624,0.4923469387755102,0.5459183673469388,0.5544217687074829,0.5544217687074829,0.397108843537415
9,0.5017006802721088,0.3675318787295865,0.25140527698447884,0.22458132750757126,0.5153061224489796,0.13666409254074097,0.17277543619275093,0.0,0.16777800396084785,0.4077721879584715,"[0.6989795565605164, 0.7823129296302795]",0.3567,0.4175170068027211,0.44302721088435376,0.4965986394557823,0.5195578231292517,0.5297619047619048,0.5297619047619048,0.4226190476190476
10,0.5127551020408163,0.37896311370027025,0.2506252076136577,0.2325267599120442,0.5246598639455783,0.12355805188417435,0.1655517779290676,0.0,0.16098717972636223,0.3054853610228747,"[0.6989795565605164, 0.7823129296302795]",0.3787,0.3715986394557823,0.41156462585034015,0.4897959183673469,0.5212585034013606,0.5195578231292517,0.5195578231292517,0.36394557823129253
11,0.5187074829931972,0.3862971261029513,0.23813101661913963,0.22964843249012992,0.5272108843537415,0.11190479248762131,0.15877585858106613,0.0,0.15458110347390175,0.4345218080561608,"[0.6989795565605164, 0.7823129296302795]",0.3721,0.37755102040816324,0.4141156462585034,0.49744897959183676,0.5238095238095238,0.5195578231292517,0.5195578231292517,0.36904761904761907
12,0.5034013605442177,0.36786065365541165,0.2225416193353123,0.20980297258911154,0.5127551020408163,0.11316235363483429,0.15239468216896057,0.0,0.14851662144064903,0.40076898701954633,"[0.6989795565605164, 0.7823129296302795]",0.3668,0.4217687074829932,0.4523809523809524,0.5093537414965986,0.5467687074829932,0.5450680272108843,0.5450680272108843,0.4192176870748299
13,0.5238095238095238,0.37891561095083737,0.20609960233407254,0.21985573381300072,0.5255102040816326,0.13462021946907043,0.14637544006109238,0.0,0.14279498532414436,0.3205440960591659,"[0.6989795565605164, 0.7823129296302795]",0.3757,0.38010204081632654,0.4336734693877551,0.4362244897959184,0.5170068027210885,0.516156462585034,0.516156462585034,0.3681972789115646
14,0.5025510204081632,0.3613305891232361,0.21954029214282392,0.2151861167805302,0.5170068027210885,0.1285569667816162,0.14069362357258797,0.0,0.13739606365561485,0.34447306697256863,"[0.6989795565605164, 0.7823129296302795]",0.3366,0.3843537414965986,0.40901360544217685,0.45408163265306123,0.5144557823129252,0.5255102040816326,0.5255102040816326,0.3715986394557823
15,0.5391156462585034,0.42605632534568527,0.2491976076276999,0.22029802087085343,0.5391156462585034,0.12369613349437714,0.1353512406349182,0.0,0.13231636211276054,0.32625828601885587,"[0.6989795565605164, 0.7823129296302795]",0.4221,0.34098639455782315,0.38095238095238093,0.44387755102040816,0.46258503401360546,0.47959183673469385,0.47959183673469385,0.3401360544217687
16,0.5459183673469388,0.4375705293778368,0.26518529502714394,0.2275186395869511,0.5459183673469388,0.12096868455410004,0.1302989013493061,0.0,0.1274467632174492,0.5387168310116976,"[0.6989795565605164, 0.7823129296302795]",0.6115,0.3622448979591837,0.3877551020408163,0.4098639455782313,0.4362244897959184,0.467687074829932,0.467687074829932,0.36139455782312924
17,0.5144557823129252,0.37307814396414896,0.21014853200382477,0.21340046498935425,0.5212585034013606,0.12760409712791443,0.12547798454761505,0.0,0.12278299033641815,0.36605781107209623,"[0.6989795565605164, 0.7823129296302795]",0.3486,0.3792517006802721,0.4166666666666667,0.46258503401360546,0.5102040816326531,0.5127551020408163,0.5127551020408163,0.3681972789115646
18,0.5331632653061225,0.4039346605203561,0.22773524194410646,0.2241931005840056,0.5331632653061225,0.12419967353343964,0.12088556587696075,0.0,0.1183445118367672,0.3510269729886204,"[0.6989795565605164, 0.7823129296302795]",0.4634,0.39540816326530615,0.4098639455782313,0.43962585034013607,0.49744897959183676,0.5076530612244898,0.5076530612244898,0.38860544217687076
19,0.532312925170068,0.3925939281931079,0.22447143391174093,0.2313446129941785,0.5374149659863946,0.1206788420677185,0.11648819968104362,0.0,0.1140930987894535,0.34195336198899895,"[0.6989795565605164, 0.7823129296302795]",0.3704,0.40561224489795916,0.4200680272108844,0.4608843537414966,0.5255102040816326,0.5272108843537415,0.5272108843537415,0.4030612244897959
20,0.5068027210884354,0.37373579708481564,0.21862855073870113,0.20709934043216763,0.5068027210884354,0.1275903880596161,0.11229001358151436,0.0,0.11003189161419868,0.3346052919514477,"[0.6989795565605164, 0.7823129296302795]",0.386,0.375,0.41836734693877553,0.4719387755102041,0.5059523809523809,0.5187074829931972,0.5187074829931972,0.3664965986394558
21,0.5119047619047619,0.3676293971614596,0.20063913980037787,0.20499469910614615,0.516156462585034,0.13499079644680023,0.10829160362482071,0.0,0.10616020113229752,0.3333623899379745,"[0.6989795565605164, 0.7823129296302795]",0.3723,0.3758503401360544,0.413265306122449,0.4608843537414966,0.5008503401360545,0.5136054421768708,0.5136054421768708,0.3630952380952381
22,0.5110544217687075,0.36667128722515485,0.20037549244311065,0.2047093635838874,0.516156462585034,0.137344628572464,0.1044904887676239,0.0,0.10248056426644325,0.3360300170024857,"[0.6989795565605164, 0.7823129296302795]",0.3663,0.36394557823129253,0.3877551020408163,0.4557823129251701,0.5102040816326531,0.4957482993197279,0.4957482993197279,0.35799319727891155
23,0.5127551020408163,0.37612558813889796,0.20714741127908645,0.20862127020958798,0.516156462585034,0.1309928297996521,0.10088245570659637,0.0,0.09900239482522011,0.34802023496013135,"[0.6989795565605164, 0.7823129296302795]",0.3543,0.3715986394557823,0.4064625850340136,0.5034013605442177,0.5178571428571429,0.5153061224489796,0.5153061224489796,0.3647959183673469
24,0.4906462585034014,0.34906104978348984,0.21922930985546646,0.20542182977916276,0.5102040816326531,0.13011102378368378,0.09747808054089546,0.0,0.09571888670325279,0.3241028510965407,"[0.6989795565605164, 0.7823129296302795]",0.3679,0.38605442176870747,0.4192176870748299,0.5246598639455783,0.5255102040816326,0.5272108843537415,0.5272108843537415,0.3758503401360544
25,0.4957482993197279,0.3556860955224873,0.21851484267468083,0.20583799604492875,0.5110544217687075,0.1282491534948349,0.09427221491932869,0.0,0.09263209253549576,0.3113150449935347,"[0.6989795565605164, 0.7823129296302795]",0.3925,0.38860544217687076,0.4192176870748299,0.5221088435374149,0.5263605442176871,0.5272108843537415,0.5272108843537415,0.37670068027210885
26,0.49829931972789115,0.3594203540803439,0.2182544506751424,0.20876382466873877,0.5127551020408163,0.12957093119621277,0.09125728905200958,0.0,0.08973043784499168,0.40717860392760485,"[0.6989795565605164, 0.7823129296302795]",0.411,0.3852040816326531,0.4175170068027211,0.5212585034013606,0.5221088435374149,0.5238095238095238,0.5238095238095238,0.37329931972789115
27,0.5051020408163265,0.37389700703097983,0.20667530854030441,0.19770096906343984,0.5051020408163265,0.13124367594718933,0.08843367919325829,0.0,0.08702178299427032,0.3548642740352079,"[0.6989795565605164, 0.7823129296302795]",0.3995,0.38860544217687076,0.4226190476190476,0.5255102040816326,0.5238095238095238,0.5280612244897959,0.5280612244897959,0.37670068027210885
28,0.5212585034013606,0.3839093294623416,0.2150387127406983,0.2173900018123442,0.5221088435374149,0.1254400759935379,0.08579251170158386,0.0,0.08449545875191689,0.32184873591177166,"[0.6989795565605164, 0.7823129296302795]",0.3846,0.3877551020408163,0.42091836734693877,0.5255102040816326,0.5229591836734694,0.5272108843537415,0.5272108843537415,0.3758503401360544
29,0.5212585034013606,0.3839356996238972,0.21485963819327875,0.21776771597042408,0.5221088435374149,0.1225893646478653,0.08333324640989304,0.0,0.08214712888002396,0.3436092990450561,"[0.6989795565605164, 0.7823129296302795]",0.4418,0.37670068027210885,0.40901360544217685,0.49489795918367346,0.5170068027210885,0.5178571428571429,0.5178571428571429,0.3681972789115646
30,0.5153061224489796,0.3771047525591562,0.21168263929610945,0.20905327495994316,0.5178571428571429,0.12331194430589676,0.0810406468808651,0.0,0.07997369021177292,0.33235453395172954,"[0.6989795565605164, 0.7823129296302795]",0.3568,0.38945578231292516,0.42431972789115646,0.5238095238095238,0.5238095238095238,0.5263605442176871,0.5263605442176871,0.37755102040816324
31,0.5153061224489796,0.37772405860712,0.21287536764148177,0.20868297605868977,0.5178571428571429,0.12379619479179382,0.07891786471009254,0.0,0.07796145603060722,0.31628592894412577,"[0.6989795565605164, 0.7823129296302795]",0.4,0.36139455782312924,0.3826530612244898,0.43197278911564624,0.483843537414966,0.4642857142857143,0.4642857142857143,0.358843537414966
32,0.5204081632653061,0.3837789325130233,0.21454295302809426,0.21628067535025786,0.5204081632653061,0.12340186536312103,0.07695014402270317,0.0,0.07610344514250755,0.3420612399931997,"[0.6989795565605164, 0.7823129296302795]",0.5297,0.35799319727891155,0.3741496598639456,0.4362244897959184,0.48639455782312924,0.46598639455782315,0.46598639455782315,0.35459183673469385
33,0.5042517006802721,0.36200018425100566,0.19519710936145485,0.19769797239248132,0.5085034013605442,0.13935738801956177,0.07513925805687904,0.0,0.07439358532428741,0.5299141670111567,"[0.6989795565605164, 0.7823129296302795]",0.4867,0.3520408163265306,0.3715986394557823,0.4413265306122449,0.49829931972789115,0.5034013605442177,0.5034013605442177,0.3520408163265306
34,0.47619047619047616,0.3390407178056343,0.20500434226478903,0.180416638578035,0.4846938775510204,0.13998204469680786,0.07347192615270615,0.0,0.07282285019755363,0.39261635101865977,"[0.6989795565605164, 0.7823129296302795]",0.5737,0.35799319727891155,0.3852040816326531,0.45153061224489793,0.5051020408163265,0.5076530612244898,0.5076530612244898,0.35799319727891155
35,0.5229591836734694,0.40463433981368424,0.22524273935397413,0.199828498929778,0.5229591836734694,0.13445650041103363,0.07193463295698166,0.0,0.07137812301516533,0.3622502479702234,"[0.6989795565605164, 0.7823129296302795]",0.3951,0.36904761904761907,0.4098639455782313,0.46003401360544216,0.5102040816326531,0.5076530612244898,0.5076530612244898,0.3656462585034014
36,0.5229591836734694,0.38451147039341727,0.2184930515952854,0.22006626920746103,0.5263605442176871,0.12312440574169159,0.07053135149180889,0.0,0.07005472108721733,0.45314818900078535,"[0.6989795565605164, 0.7823129296302795]",0.4061,0.3460884353741497,0.3792517006802721,0.43197278911564624,0.4744897959183674,0.47959183673469385,0.47959183673469385,0.342687074829932
37,0.5059523809523809,0.37202639993456077,0.2082356010156428,0.19911556761048466,0.5085034013605442,0.1248173788189888,0.06924992240965366,0.0,0.068846320733428,0.41054329997859895,"[0.6989795565605164, 0.7823129296302795]",0.3841,0.36989795918367346,0.41836734693877553,0.48639455782312924,0.5170068027210885,0.5136054421768708,0.5136054421768708,0.3622448979591837
38,0.4965986394557823,0.3606212753373491,0.19840819176320285,0.18806167365416904,0.5008503401360545,0.13451096415519714,0.06807484291493893,0.0,0.0677404087036848,0.39242661104071885,"[0.6989795565605164, 0.7823129296302795]",0.3843,0.3715986394557823,0.42091836734693877,0.49744897959183676,0.5212585034013606,0.5195578231292517,0.5195578231292517,0.3673469387755102
39,0.49489795918367346,0.3590786728396761,0.19902385570466463,0.18577298645608845,0.5008503401360545,0.13085973262786865,0.0670072603970766,0.0,0.06673459336161613,0.3548799220006913,"[0.6989795565605164, 0.7823129296302795]",0.3724,0.36054421768707484,0.37670068027210885,0.445578231292517,0.5102040816326531,0.5068027210884354,0.5068027210884354,0.3622448979591837
40,0.5008503401360545,0.3598911008513309,0.23462129010171434,0.21435450502437098,0.516156462585034,0.125326007604599,0.06603624671697617,0.0,0.06582142971456051,0.40646865603048354,"[0.6989795565605164, 0.7823129296302795]",0.3903,0.36989795918367346,0.4107142857142857,0.4931972789115646,0.5102040816326531,0.5068027210884354,0.5068027210884354,0.3647959183673469
41,0.5212585034013606,0.39652290264893064,0.2219112788386207,0.20333273923373013,0.5212585034013606,0.12575766444206238,0.06515005603432655,0.0,0.06499688141047955,0.36027332791127264,"[0.6989795565605164, 0.7823129296302795]",0.3721,0.35119047619047616,0.3647959183673469,0.43197278911564624,0.5017006802721088,0.5051020408163265,0.5051020408163265,0.35119047619047616
42,0.516156462585034,0.390136000481224,0.2188874902220754,0.2020415252040095,0.516156462585034,0.12126992642879486,0.06435215100646019,0.0,0.06426058150827885,0.3303975670132786,"[0.6989795565605164, 0.7823129296302795]",0.3969,0.3869047619047619,0.44387755102040816,0.5221088435374149,0.5365646258503401,0.5382653061224489,0.5382653061224489,0.3852040816326531
43,0.5127551020408163,0.38083253622808877,0.24072371734042827,0.22901124342475734,0.5170068027210885,0.13181917369365692,0.0636279433965683,0.0,0.06359453871846199,0.353970292955637,"[0.6989795565605164, 0.7823129296302795]",0.3845,0.36139455782312924,0.3784013605442177,0.45663265306122447,0.5042517006802721,0.5042517006802721,0.5042517006802721,0.36054421768707484
44,0.5255102040816326,0.3907646543824581,0.23607090493876132,0.2212629851954887,0.5382653061224489,0.13597890734672546,0.06296875514090061,0.0,0.06298705004155636,0.3721939770039171,"[0.6989795565605164, 0.7823129296302795]",0.5018,0.38605442176870747,0.4370748299319728,0.49489795918367346,0.5178571428571429,0.5144557823129252,0.5144557823129252,0.37329931972789115
45,0.5314625850340136,0.41787983624568903,0.24537280814957008,0.20249407804642272,0.5314625850340136,0.13368195295333862,0.06237276457250118,0.0,0.06244327314198017,0.3695811659563333,"[0.6989795565605164, 0.7823129296302795]",0.4198,0.3596938775510204,0.407312925170068,0.4557823129251701,0.5008503401360545,0.5034013605442177,0.5034013605442177,0.3562925170068027
46,0.5357142857142857,0.40586275816122575,0.2297707354499623,0.22396966720156428,0.5357142857142857,0.12966391444206238,0.0618317648768425,0.0,0.06195112317800522,0.3754429940599948,"[0.6989795565605164, 0.7823129296302795]",0.4018,0.4107142857142857,0.44642857142857145,0.5178571428571429,0.5195578231292517,0.5221088435374149,0.5221088435374149,0.3826530612244898
47,0.5510204081632653,0.41746621897366465,0.23615805700850698,0.244924990185221,0.5510204081632653,0.13567225635051727,0.06133702024817467,0.0,0.0615034494549036,0.4419151640031487,"[0.6989795565605164, 0.7823129296302795]",0.5234,0.41581632653061223,0.4200680272108844,0.4336734693877551,0.49744897959183676,0.5051020408163265,0.5051020408163265,0.3979591836734694
48,0.5535714285714286,0.43055574770686633,0.24622760309537073,0.23801790616377821,0.5535714285714286,0.13020426034927368,0.06088617630302906,0.0,0.061099765822291374,0.5304994250182062,"[0.6989795565605164, 0.7823129296302795]",0.573,0.3937074829931973,0.4030612244897959,0.4481292517006803,0.5204081632653061,0.5314625850340136,0.5314625850340136,0.39200680272108845
49,0.5144557823129252,0.37665491447635924,0.25637383574105066,0.2398901130373524,0.5306122448979592,0.12655746936798096,0.060473835095763206,0.0,0.060733240097761154,0.4566667270846665,"[0.6989795565605164, 0.7823129296302795]",0.4313,0.38860544217687076,0.45408163265306123,0.5178571428571429,0.5238095238095238,0.5289115646258503,0.5289115646258503,0.37244897959183676
50,0.5722789115646258,0.45360075300690095,0.27255074489713393,0.26604300037248285,0.5722789115646258,0.11637349426746368,0.060092099010944366,0.0,0.06039780378341675,0.5070759189547971,"[0.6989795565605164, 0.7823129296302795]",0.5343,0.46258503401360546,0.5527210884353742,0.5476190476190477,0.5374149659863946,0.54421768707483,0.54421768707483,0.4260204081632653
51,0.5297619047619048,0.39597364058124473,0.23074098978282523,0.22231523152974075,0.5306122448979592,0.1217406690120697,0.059740012511610985,0.0,0.060088587924838066,0.4861406199634075,"[0.6989795565605164, 0.7823129296302795]",0.5872,0.4489795918367347,0.49489795918367346,0.5229591836734694,0.5076530612244898,0.5246598639455783,0.5246598639455783,0.4413265306122449
52,0.5340136054421769,0.40152227129712514,0.23292416845592478,0.22327119706434062,0.5340136054421769,0.11960211396217346,0.059413403272628784,0.0,0.059802427887916565,0.4709586590761319,"[0.6989795565605164, 0.7823129296302795]",0.5669,0.3784013605442177,0.4302721088435374,0.47874149659863946,0.5331632653061225,0.5340136054421769,0.5340136054421769,0.37755102040816324
53,0.5314625850340136,0.3965962297042095,0.23145270599119308,0.22996314113017177,0.5314625850340136,0.11853404343128204,0.05910881422460079,0.0,0.05953897908329964,0.4391563798999414,"[0.6989795565605164, 0.7823129296302795]",0.4643,0.4039115646258503,0.43112244897959184,0.4642857142857143,0.5306122448979592,0.5331632653061225,0.5331632653061225,0.39880952380952384
54,0.5858843537414966,0.4720093371353027,0.2818538465742876,0.2811578736606297,0.5858843537414966,0.12031799554824829,0.05882187560200691,0.0,0.059295654296875,0.327069976949133,"[0.6989795565605164, 0.7823129296302795]",0.3957,0.41581632653061223,0.483843537414966,0.5399659863945578,0.5306122448979592,0.5416666666666666,0.5416666666666666,0.3826530612244898
55,0.5136054421768708,0.3862660944206009,0.2305450570033454,0.20497207986731666,0.5136054421768708,0.12474910914897919,0.0585553627461195,0.0,0.05908062495291233,0.4375555709702894,"[0.6989795565605164, 0.7823129296302795]",0.3962,0.36394557823129253,0.41836734693877553,0.46343537414965985,0.5187074829931972,0.5093537414965986,0.5093537414965986,0.36054421768707484
56,0.5280612244897959,0.3895148987435425,0.2577563052015034,0.23866527815439947,0.5391156462585034,0.13075515627861023,0.05831034667789936,0.0,0.05889779329299927,0.3245081959757954,"[0.6989795565605164, 0.7823129296302795]",0.3614,0.40221088435374147,0.46003401360544216,0.5170068027210885,0.5280612244897959,0.5374149659863946,0.5374149659863946,0.37244897959183676
57,0.5637755102040817,0.43833058063603136,0.26667081599184606,0.25832346563121084,0.5637755102040817,0.12305866181850433,0.05810192599892616,0.0,0.058767130598425865,0.4170650839805603,"[0.6989795565605164, 0.7823129296302795]",0.4132,0.3945578231292517,0.4421768707482993,0.5280612244897959,0.5306122448979592,0.5416666666666666,0.5416666666666666,0.3758503401360544
58,0.5663265306122449,0.4420447938228248,0.26461902312268887,0.2603459973686619,0.5663265306122449,0.12235156446695328,0.05793140083551407,0.0,0.058637991547584534,0.418188275070861,"[0.6989795565605164, 0.7823129296302795]",0.5886,0.4005102040816326,0.45153061224489793,0.5331632653061225,0.5391156462585034,0.5501700680272109,0.5501700680272109,0.38605442176870747
59,0.548469387755102,0.4204794443634987,0.2897335655911102,0.2768265113217559,0.5544217687074829,0.1307833045721054,0.05778750218451023,0.0,0.058507757261395454,0.36151103291194886,"[0.6989795565605164, 0.7823129296302795]",0.4012,0.43537414965986393,0.5008503401360545,0.5450680272108843,0.5637755102040817,0.5782312925170068,0.5782312925170068,0.4039115646258503
60,0.5790816326530612,0.4572277327425608,0.2754261965042664,0.2768941659804858,0.5790816326530612,0.1252719759941101,0.05766517482697964,0.0,0.05838167853653431,0.31909695407375693,"[0.6989795565605164, 0.7823129296302795]",0.4401,0.45068027210884354,0.4532312925170068,0.5527210884353742,0.5620748299319728,0.5850340136054422,0.5850340136054422,0.45918367346938777
61,0.5943877551020408,0.47737277689734103,0.2881955686322171,0.29954586246812087,0.5943877551020408,0.12547369301319122,0.05755399167537689,0.0,0.05826695263385773,0.3130821459926665,"[0.6989795565605164, 0.7823129296302795]",0.5016,0.4557823129251701,0.4914965986394558,0.5722789115646258,0.5705782312925171,0.5858843537414966,0.5858843537414966,0.42517006802721086
62,0.5680272108843537,0.4494579897099603,0.2739523346954005,0.27004687241151437,0.5680272108843537,0.1268942654132843,0.05745157226920128,0.0,0.05816594138741493,0.4536310979165137,"[0.6989795565605164, 0.7823129296302795]",0.536,0.44982993197278914,0.48894557823129253,0.5663265306122449,0.5663265306122449,0.5799319727891157,0.5799319727891157,0.4192176870748299
63,0.5637755102040817,0.4498589283662501,0.29484119216480337,0.2524827899727252,0.5637755102040817,0.12021854519844055,0.05735746771097183,0.0,0.05807436630129814,0.4490948950406164,"[0.6989795565605164, 0.7823129296302795]",0.5669,0.4030612244897959,0.43112244897959184,0.4872448979591837,0.5331632653061225,0.532312925170068,0.532312925170068,0.4005102040816326
64,0.5629251700680272,0.4491065333750136,0.2950306704461356,0.2527928443513616,0.5629251700680272,0.11357830464839935,0.057270320132374763,0.0,0.05799255520105362,0.4421842119190842,"[0.6989795565605164, 0.7823129296302795]",0.5554,0.4447278911564626,0.5068027210884354,0.564625850340136,0.5561224489795918,0.5739795918367347,0.5739795918367347,0.40476190476190477
65,0.5629251700680272,0.4490271947934754,0.2960761590767048,0.25180747910871487,0.5629251700680272,0.11320934444665909,0.05718925781548023,0.0,0.05791904032230377,0.41324536805041134,"[0.6989795565605164, 0.7823129296302795]",0.5331,0.44642857142857145,0.5076530612244898,0.5654761904761905,0.5569727891156463,0.5739795918367347,0.5739795918367347,0.40476190476190477
66,0.5629251700680272,0.44939707894358105,0.2958569085989,0.25052126514637957,0.5629251700680272,0.11287688463926315,0.057113487273454666,0.0,0.05785391852259636,0.4313648210372776,"[0.6989795565605164, 0.7823129296302795]",0.5258,0.44727891156462585,0.5059523809523809,0.564625850340136,0.5561224489795918,0.5731292517006803,0.5731292517006803,0.40476190476190477
67,0.5671768707482994,0.45494577539814784,0.30110223163143973,0.25625734659077465,0.5671768707482994,0.11227375268936157,0.05704287625849247,0.0,0.05779409222304821,0.34292173909489065,"[0.6989795565605164, 0.7823129296302795]",0.3798,0.44727891156462585,0.5068027210884354,0.5654761904761905,0.5552721088435374,0.5722789115646258,0.5722789115646258,0.40476190476190477
68,0.5306122448979592,0.4160663783363677,0.2977348959457887,0.2577557734521508,0.576530612244898,0.11734192818403244,0.05697769671678543,0.0,0.05773821473121643,0.3363638579612598,"[0.6989795565605164, 0.7823129296302795]",0.3676,0.5068027210884354,0.5297619047619048,0.5263605442176871,0.5229591836734694,0.5195578231292517,0.5195578231292517,0.4328231292517007
69,0.548469387755102,0.43257425895519075,0.2923482158026573,0.24235072945941596,0.5544217687074829,0.12615089118480682,0.05691784434020519,0.0,0.05768650770187378,0.49825047398917377,"[0.6989795565605164, 0.7823129296302795]",0.3782,0.4226190476190476,0.483843537414966,0.548469387755102,0.5459183673469388,0.5501700680272109,0.5501700680272109,0.3903061224489796
70,0.5476190476190477,0.43279211389270933,0.2817503105094708,0.23947195402681204,0.5569727891156463,0.11497274041175842,0.05686258524656296,0.0,0.05763794854283333,0.3219904020661488,"[0.6989795565605164, 0.7823129296302795]",0.3611,0.46683673469387754,0.5178571428571429,0.5714285714285714,0.5629251700680272,0.5671768707482994,0.5671768707482994,0.42857142857142855
71,0.5578231292517006,0.4432436664779007,0.2761503892080119,0.24802172787438356,0.560374149659864,0.11676998436450958,0.05681178718805313,0.0,0.057592349126935005,0.3216869439929724,"[0.6989795565605164, 0.7823129296302795]",0.3866,0.46938775510204084,0.5340136054421769,0.5739795918367347,0.5629251700680272,0.5671768707482994,0.5671768707482994,0.4260204081632653
72,0.5569727891156463,0.44307401155672144,0.28029051741219446,0.24750914339711996,0.5612244897959183,0.11316680908203125,0.0567646287381649,0.0,0.0575499814003706,0.5033309259451926,"[0.6989795565605164, 0.7823129296302795]",0.3925,0.46003401360544216,0.5178571428571429,0.5671768707482994,0.5578231292517006,0.564625850340136,0.564625850340136,0.4200680272108844
73,0.5578231292517006,0.4445191318976386,0.28114948940784207,0.24774320667853028,0.560374149659864,0.11230576038360596,0.05672048591077328,0.0,0.057509612292051315,0.39860324701294303,"[0.6989795565605164, 0.7823129296302795]",0.4894,0.4608843537414966,0.5195578231292517,0.5671768707482994,0.5578231292517006,0.5654761904761905,0.5654761904761905,0.4200680272108844
74,0.5578231292517006,0.4445191318976386,0.28114948940784207,0.24774320667853028,0.560374149659864,0.1119595617055893,0.05667944997549057,0.0,0.057470778003335,0.40860777196940035,"[0.6989795565605164, 0.7823129296302795]",0.3602,0.46343537414965985,0.5204081632653061,0.5680272108843537,0.5586734693877551,0.5671768707482994,0.5671768707482994,0.42091836734693877
75,0.5586734693877551,0.4448011279648876,0.2733986211315394,0.24686052350101106,0.560374149659864,0.11271503567695618,0.056640760973095894,0.0,0.05743357725441456,0.3166362920310348,"[0.6989795565605164, 0.7823129296302795]",0.362,0.46343537414965985,0.5187074829931972,0.5671768707482994,0.5578231292517006,0.5654761904761905,0.5654761904761905,0.4200680272108844
76,0.5663265306122449,0.4530890946096777,0.2821730090570128,0.2576821769456873,0.5680272108843537,0.11403478682041168,0.05660467967391014,0.0,0.05739779770374298,0.32730322110001,"[0.6989795565605164, 0.7823129296302795]",0.3544,0.4719387755102041,0.5272108843537415,0.5714285714285714,0.560374149659864,0.5671768707482994,0.5671768707482994,0.42346938775510207
77,0.5450680272108843,0.43650669258016994,0.28240504120289284,0.24982262779001568,0.5748299319727891,0.11569738388061523,0.05657067708671093,0.0,0.057363236322999,0.323383579030633,"[0.6989795565605164, 0.7823129296302795]",0.4475,0.467687074829932,0.5153061224489796,0.5714285714285714,0.5620748299319728,0.5697278911564626,0.5697278911564626,0.43112244897959184
78,0.58078231292517,0.4673056656336223,0.29981003076836205,0.28115095698450066,0.58078231292517,0.11674071103334427,0.05653809942305088,0.0,0.057329943403601646,0.3756542829796672,"[0.6989795565605164, 0.7823129296302795]",0.3763,0.46683673469387754,0.5204081632653061,0.5714285714285714,0.5612244897959183,0.5663265306122449,0.5663265306122449,0.4260204081632653
79,0.5450680272108843,0.43745641172368166,0.28446719846133994,0.2485127848282787,0.5722789115646258,0.11206027865409851,0.05650714039802551,0.0,0.05729818716645241,0.33098609803710133,"[0.6989795565605164, 0.7823129296302795]",0.4478,0.46683673469387754,0.5119047619047619,0.5688775510204082,0.560374149659864,0.5671768707482994,0.5671768707482994,0.43452380952380953
80,0.5450680272108843,0.43730245753116403,0.2846104604875128,0.24907730166128927,0.5722789115646258,0.11448435485363007,0.05647786892950535,0.0,0.05726696737110615,0.3268792500020936,"[0.6989795565605164, 0.7823129296302795]",0.3792,0.4719387755102041,0.5153061224489796,0.5739795918367347,0.5620748299319728,0.5671768707482994,0.5671768707482994,0.4379251700680272
81,0.5476190476190477,0.440407722980213,0.28855868085937764,0.25204851205296874,0.5739795918367347,0.11486050486564636,0.056449297815561295,0.0,0.057235827669501305,0.4860070520080626,"[0.6989795565605164, 0.7823129296302795]",0.5604,0.47534013605442177,0.5229591836734694,0.5739795918367347,0.5629251700680272,0.5654761904761905,0.5654761904761905,0.4379251700680272
82,0.5476190476190477,0.4403196169749105,0.2882362400218011,0.2516273613994814,0.5739795918367347,0.1154121682047844,0.0564227607101202,0.0,0.057205282151699066,0.4563337459694594,"[0.6989795565605164, 0.7823129296302795]",0.5534,0.477891156462585,0.5204081632653061,0.5722789115646258,0.5629251700680272,0.5663265306122449,0.5663265306122449,0.4387755102040816
83,0.5476190476190477,0.4402950825245193,0.2875014822908361,0.24983665942170258,0.5714285714285714,0.11578431725502014,0.05639714375138283,0.0,0.057175081223249435,0.35784974601119757,"[0.6989795565605164, 0.7823129296302795]",0.3526,0.44387755102040816,0.461734693877551,0.5569727891156463,0.5476190476190477,0.5527210884353742,0.5527210884353742,0.43452380952380953
84,0.5493197278911565,0.4425264121984466,0.2890469824320647,0.25048835523448315,0.5705782312925171,0.11581780016422272,0.05637257732450962,0.0,0.057144949212670326,0.3066751129226759,"[0.6989795565605164, 0.7823129296302795]",0.3472,0.47619047619047616,0.5170068027210885,0.5858843537414966,0.5756802721088435,0.5969387755102041,0.5969387755102041,0.44727891156462585
85,0.5476190476190477,0.4406063602736383,0.28834142219884734,0.24907360749678648,0.5697278911564626,0.11536341905593872,0.05634899437427521,0.0,0.057115767151117325,0.3046267870813608,"[0.6989795565605164, 0.7823129296302795]",0.3587,0.4770408163265306,0.5178571428571429,0.5867346938775511,0.576530612244898,0.5977891156462585,0.5977891156462585,0.4481292517006803
86,0.5467687074829932,0.4395628860891234,0.28714708590131355,0.2479472327654222,0.5688775510204082,0.1152525395154953,0.05632632598280907,0.0,0.05708722583949566,0.311487884959206,"[0.6989795565605164, 0.7823129296302795]",0.3359,0.47619047619047616,0.5178571428571429,0.5867346938775511,0.576530612244898,0.5977891156462585,0.5977891156462585,0.44727891156462585
87,0.5552721088435374,0.4395090664863516,0.29756457163400185,0.24028285868864077,0.5629251700680272,0.12170697748661041,0.05630427412688732,0.0,0.05705943889915943,0.3271176520502195,"[0.6989795565605164, 0.7823129296302795]",0.4699,0.4736394557823129,0.5263605442176871,0.5858843537414966,0.5739795918367347,0.5943877551020408,0.5943877551020408,0.4336734693877551
88,0.5620748299319728,0.44820473386474435,0.29420367145935694,0.24923898042461082,0.5654761904761905,0.11033300310373306,0.056283013895154,0.0,0.057031743228435516,0.3079781850101426,"[0.6989795565605164, 0.7823129296302795]",0.3568,0.4770408163265306,0.5314625850340136,0.5867346938775511,0.576530612244898,0.5977891156462585,0.5977891156462585,0.4336734693877551
89,0.5637755102040817,0.4503280967835399,0.2950072072526091,0.2514522770635,0.5663265306122449,0.10880494117736816,0.056262511759996414,0.0,0.057004498317837715,0.3270735709229484,"[0.6989795565605164, 0.7823129296302795]",0.3594,0.47619047619047616,0.5314625850340136,0.5875850340136054,0.5773809523809523,0.5977891156462585,0.5977891156462585,0.43452380952380953
90,0.560374149659864,0.4459427071704888,0.29105876116067436,0.24691933102236766,0.5637755102040817,0.10844310373067856,0.056242264807224274,0.0,0.05697781406342983,0.3168273220071569,"[0.6989795565605164, 0.7823129296302795]",0.3505,0.47619047619047616,0.5314625850340136,0.5875850340136054,0.576530612244898,0.5977891156462585,0.5977891156462585,0.43452380952380953
91,0.5612244897959183,0.44685560103187694,0.2923022988059408,0.2476260738808654,0.5637755102040817,0.1084481030702591,0.0562228299677372,0.0,0.056951696053147316,0.32334454893134534,"[0.6989795565605164, 0.7823129296302795]",0.3441,0.5042517006802721,0.5756802721088435,0.5816326530612245,0.5680272108843537,0.5875850340136054,0.5875850340136054,0.43962585034013607
92,0.5629251700680272,0.4491813317392509,0.29432824894526394,0.24999495254158421,0.5663265306122449,0.10808122158050537,0.05620366893708706,0.0,0.05692630633711815,0.3268018279923126,"[0.6989795565605164, 0.7823129296302795]",0.3896,0.45408163265306123,0.5051020408163265,0.5654761904761905,0.5586734693877551,0.576530612244898,0.576530612244898,0.40901360544217685
93,0.5629251700680272,0.4489719455776111,0.29331047550766837,0.2500149361860195,0.5654761904761905,0.1078123152256012,0.05618470534682274,0.0,0.056901656091213226,0.3385988980298862,"[0.6989795565605164, 0.7823129296302795]",0.3859,0.4685374149659864,0.5289115646258503,0.5739795918367347,0.5637755102040817,0.576530612244898,0.576530612244898,0.41496598639455784
94,0.5637755102040817,0.4499783013810532,0.29445592588708436,0.25147719471686725,0.5663265306122449,0.10760611295700073,0.056165825575590134,0.0,0.05687773786485195,0.3137114329729229,"[0.6989795565605164, 0.7823129296302795]",0.3847,0.44387755102040816,0.5,0.5663265306122449,0.5629251700680272,0.564625850340136,0.564625850340136,0.4064625850340136
95,0.5688775510204082,0.4565208077916987,0.29691496832018766,0.25914028336542905,0.5688775510204082,0.11046631634235382,0.05614717863500118,0.0,0.05685441568493843,0.30908622802235186,"[0.6989795565605164, 0.7823129296302795]",0.354,0.4489795918367347,0.5059523809523809,0.5663265306122449,0.5620748299319728,0.5705782312925171,0.5705782312925171,0.4064625850340136
96,0.5586734693877551,0.4471722039056556,0.28569682884472614,0.24880697560771203,0.5671768707482994,0.10999181866645813,0.05612880922853947,0.0,0.056831710040569305,0.34136753296479583,"[0.6989795565605164, 0.7823129296302795]",0.3937,0.44982993197278914,0.5051020408163265,0.5663265306122449,0.5620748299319728,0.5705782312925171,0.5705782312925171,0.4064625850340136
97,0.560374149659864,0.4494107802803151,0.28674153996483187,0.24922397953577424,0.5654761904761905,0.10970108211040497,0.05611078441143036,0.0,0.056808751076459885,0.30639465793501586,"[0.6989795565605164, 0.7823129296302795]",0.3568,0.5297619047619048,0.5467687074829932,0.5416666666666666,0.5263605442176871,0.5340136054421769,0.5340136054421769,0.4770408163265306
98,0.5697278911564626,0.4571102737913858,0.29548222775372557,0.258790722317604,0.5697278911564626,0.1084962785243988,0.05609322153031826,0.0,0.05678621120750904,0.31117951998021454,"[0.6989795565605164, 0.7823129296302795]",0.3533,0.5297619047619048,0.5467687074829932,0.5433673469387755,0.5272108843537415,0.5348639455782312,0.5348639455782312,0.47874149659863946
99,0.560374149659864,0.4494107802803151,0.28674153996483187,0.24922397953577424,0.5654761904761905,0.10909156501293182,0.05607602931559086,0.0,0.056763237342238426,0.3084417509380728,"[0.6989795565605164, 0.7823129296302795]",0.3751,0.5297619047619048,0.5476190476190477,0.5433673469387755,0.5272108843537415,0.5348639455782312,0.5348639455782312,0.48214285714285715
100,0.5705782312925171,0.45976530519421455,0.29794301573940607,0.2638404623297914,0.5722789115646258,0.10638292878866196,0.05605955235660076,0.0,0.056740639731287956,0.3875163060147315,"[0.6989795565605164, 0.7823129296302795]",0.4654,0.5272108843537415,0.5450680272108843,0.5416666666666666,0.5272108843537415,0.5340136054421769,0.5340136054421769,0.4812925170068027
101,0.560374149659864,0.4494536570612573,0.2871995737098416,0.25009286611694037,0.5671768707482994,0.10904839634895325,0.05604352802038193,0.0,0.05671772174537182,0.31141327298246324,"[0.6989795565605164, 0.7823129296302795]",0.347,0.3741496598639456,0.4175170068027211,0.46258503401360546,0.5238095238095238,0.5255102040816326,0.5255102040816326,0.3664965986394558
102,0.5739795918367347,0.46480290827699844,0.3052927820747216,0.26944431027357335,0.5739795918367347,0.10492142289876938,0.05602771416306496,0.0,0.05669506639242172,0.3083855409640819,"[0.6989795565605164, 0.7823129296302795]",0.455,0.3741496598639456,0.41836734693877553,0.46258503401360546,0.5238095238095238,0.5246598639455783,0.5246598639455783,0.3664965986394558
103,0.5705782312925171,0.45809319760417855,0.3007743544847563,0.2616482195623335,0.5705782312925171,0.10793101787567139,0.056012002751231194,0.0,0.05667279474437237,0.34663970104884356,"[0.6989795565605164, 0.7823129296302795]",0.3614,0.37329931972789115,0.4166666666666667,0.46598639455782315,0.5195578231292517,0.5238095238095238,0.5238095238095238,0.3656462585034014
104,0.560374149659864,0.4494760899249176,0.2879014086670772,0.24985990407707206,0.5663265306122449,0.108815997838974,0.055996380746364594,0.0,0.056650906801223755,0.34074367594439536,"[0.6989795565605164, 0.7823129296302795]",0.3711,0.3843537414965986,0.4302721088435374,0.477891156462585,0.5391156462585034,0.5357142857142857,0.5357142857142857,0.3758503401360544
105,0.560374149659864,0.4494192564526558,0.2871290469414355,0.25240045098958946,0.5654761904761905,0.10948901623487473,0.05598094128072262,0.0,0.056628890335559845,0.35253846796695143,"[0.6989795565605164, 0.7823129296302795]",0.3547,0.4481292517006803,0.49829931972789115,0.5620748299319728,0.5637755102040817,0.5697278911564626,0.5697278911564626,0.4064625850340136
106,0.560374149659864,0.4494760899249176,0.2879014086670772,0.24985990407707206,0.5663265306122449,0.10884439945220947,0.055965447798371315,0.0,0.05660661496222019,0.34310594806447625,"[0.6989795565605164, 0.7823129296302795]",0.3528,0.46003401360544216,0.5119047619047619,0.5697278911564626,0.5629251700680272,0.5705782312925171,0.5705782312925171,0.41156462585034015
107,0.5705782312925171,0.45944125515068157,0.29515697436832294,0.26445550290665293,0.5714285714285714,0.10824861377477646,0.05594961158931255,0.0,0.056585121899843216,0.3150521949864924,"[0.6989795565605164, 0.7823129296302795]",0.3523,0.45918367346938777,0.5110544217687075,0.5697278911564626,0.5629251700680272,0.5705782312925171,0.5705782312925171,0.41241496598639454
108,0.5297619047619048,0.40429188166226837,0.28599347299574734,0.2420859792675344,0.5510204081632653,0.10923078656196594,0.05593385733664036,0.0,0.05656394921243191,0.34290711500216275,"[0.6989795565605164, 0.7823129296302795]",0.36,0.5229591836734694,0.5433673469387755,0.532312925170068,0.5187074829931972,0.5289115646258503,0.5289115646258503,0.4574829931972789
109,0.5280612244897959,0.4022381723881806,0.3028102109515864,0.2503547297097678,0.5561224489795918,0.10504289716482162,0.05591817945241928,0.0,0.056543512269854546,0.3280273500131443,"[0.6989795565605164, 0.7823129296302795]",0.3438,0.5187074829931972,0.5416666666666666,0.5340136054421769,0.5187074829931972,0.5297619047619048,0.5297619047619048,0.4549319727891156
110,0.5195578231292517,0.3916493239785057,0.3051800727537277,0.24717095579436935,0.5527210884353742,0.10513821989297867,0.05590245686471462,0.0,0.05652423016726971,0.3611178550636396,"[0.6989795565605164, 0.7823129296302795]",0.368,0.5187074829931972,0.5433673469387755,0.5357142857142857,0.5212585034013606,0.5306122448979592,0.5306122448979592,0.45663265306122447
111,0.5187074829931972,0.39059045201976494,0.30617430359999087,0.24707733012793315,0.5527210884353742,0.10531605035066605,0.05588645860552788,0.0,0.05650608241558075,0.3122507380321622,"[0.6989795565605164, 0.7823129296302795]",0.4088,0.5187074829931972,0.5425170068027211,0.5357142857142857,0.5212585034013606,0.5306122448979592,0.5306122448979592,0.45663265306122447
112,0.5680272108843537,0.4563408607972772,0.2966207051212876,0.2634442798336563,0.5680272108843537,0.11756069958209991,0.05587054789066315,0.0,0.056488215923309326,0.30246555793564767,"[0.6989795565605164, 0.7823129296302795]",0.3805,0.5289115646258503,0.5476190476190477,0.5399659863945578,0.5246598639455783,0.5340136054421769,0.5340136054421769,0.4770408163265306
113,0.5858843537414966,0.4662118331282855,0.3193885790186078,0.2966492428344838,0.5884353741496599,0.10947588086128235,0.05585491098463535,0.0,0.05646991357207298,0.428593221004121,"[0.6989795565605164, 0.7823129296302795]",0.5334,0.5255102040816326,0.5467687074829932,0.5399659863945578,0.5263605442176871,0.5340136054421769,0.5340136054421769,0.4710884353741497
114,0.5535714285714286,0.4404369920633411,0.2916074648913399,0.23663715987975323,0.5561224489795918,0.11015690118074417,0.055839285254478455,0.0,0.05645200423896313,0.3262352580204606,"[0.6989795565605164, 0.7823129296302795]",0.3497,0.43112244897959184,0.4489795918367347,0.5229591836734694,0.5552721088435374,0.5688775510204082,0.5688775510204082,0.42091836734693877
115,0.5552721088435374,0.4425257143271494,0.29349207645866726,0.2394234210333785,0.5578231292517006,0.10826802253723145,0.05582359805703163,0.0,0.056434161961078644,0.46235099306795746,"[0.6989795565605164, 0.7823129296302795]",0.464,0.429421768707483,0.4489795918367347,0.5212585034013606,0.5535714285714286,0.5620748299319728,0.5620748299319728,0.4200680272108844
116,0.5561224489795918,0.4433812481921987,0.29242609725299185,0.23987349624177262,0.5578231292517006,0.10741373151540756,0.05580788291990757,0.0,0.056415967643260956,0.3125244240509346,"[0.6989795565605164, 0.7823129296302795]",0.4331,0.42857142857142855,0.4379251700680272,0.516156462585034,0.5629251700680272,0.5705782312925171,0.5705782312925171,0.4064625850340136
117,0.5561224489795918,0.44338780928339816,0.292973531938455,0.24041185694831832,0.5578231292517006,0.10715724527835846,0.05579184181988239,0.0,0.05639801174402237,0.32766124594490975,"[0.6989795565605164, 0.7823129296302795]",0.3646,0.42857142857142855,0.4379251700680272,0.5178571428571429,0.5629251700680272,0.5705782312925171,0.5705782312925171,0.4064625850340136
118,0.5127551020408163,0.39906789924179864,0.2781480461086706,0.2106846833857765,0.5527210884353742,0.11333153396844864,0.0557758416980505,0.0,0.05638054013252258,0.31123094190843403,"[0.6989795565605164, 0.7823129296302795]",0.3502,0.4268707482993197,0.4379251700680272,0.5144557823129252,0.5612244897959183,0.5688775510204082,0.5688775510204082,0.4030612244897959
119,0.5612244897959183,0.4562390621177622,0.2933094833532994,0.2605046110630826,0.5697278911564626,0.1097993478178978,0.05575999803841114,0.0,0.056363360956311226,0.31441040500067174,"[0.6989795565605164, 0.7823129296302795]",0.3553,0.40816326530612246,0.4328231292517007,0.516156462585034,0.5365646258503401,0.5408163265306123,0.5408163265306123,0.3903061224489796
120,0.5578231292517006,0.45222413019351126,0.29329291804718693,0.25866267903168827,0.5680272108843537,0.1090008020401001,0.05574420467019081,0.0,0.056346192955970764,0.3725340439705178,"[0.6989795565605164, 0.7823129296302795]",0.3939,0.3792517006802721,0.39880952380952384,0.44982993197278914,0.5144557823129252,0.5229591836734694,0.5229591836734694,0.36989795918367346
121,0.5527210884353742,0.4391830939690351,0.2893137095521218,0.23627697651799465,0.5561224489795918,0.11248333752155304,0.055728524923324585,0.0,0.05632876604795456,0.34494671097490937,"[0.6989795565605164, 0.7823129296302795]",0.3556,0.4064625850340136,0.4387755102040816,0.5229591836734694,0.5391156462585034,0.5416666666666666,0.5416666666666666,0.38860544217687076
122,0.5586734693877551,0.44638794858119357,0.29422411522317365,0.2424177975566068,0.5595238095238095,0.10778388381004333,0.05571284517645836,0.0,0.0563113521784544,0.31034477800130844,"[0.6989795565605164, 0.7823129296302795]",0.3548,0.3937074829931973,0.4030612244897959,0.4736394557823129,0.5187074829931972,0.5297619047619048,0.5297619047619048,0.3818027210884354
123,0.5586734693877551,0.44638794858119357,0.29422411522317365,0.2424177975566068,0.5595238095238095,0.107184998691082,0.05569788999855518,0.0,0.05629327334463596,0.3241489609936252,"[0.6989795565605164, 0.7823129296302795]",0.3468,0.5246598639455783,0.5552721088435374,0.5561224489795918,0.5391156462585034,0.5501700680272109,0.5501700680272109,0.4736394557823129
124,0.5595238095238095,0.44757289301286285,0.29519505094138454,0.243275696546853,0.560374149659864,0.10702528059482574,0.05568318068981171,0.0,0.056275561451911926,0.3281182929640636,"[0.6989795565605164, 0.7823129296302795]",0.3455,0.3945578231292517,0.4030612244897959,0.4744897959183674,0.5187074829931972,0.5314625850340136,0.5314625850340136,0.3826530612244898
125,0.5595238095238095,0.44757289301286285,0.29519505094138454,0.243275696546853,0.560374149659864,0.1069333404302597,0.055668944492936134,0.0,0.05625760555267334,0.33466119691729546,"[0.6989795565605164, 0.7823129296302795]",0.3441,0.3937074829931973,0.4030612244897959,0.4736394557823129,0.5170068027210885,0.532312925170068,0.532312925170068,0.3818027210884354
126,0.5748299319727891,0.46411873962185735,0.3049216896540148,0.2697172250482682,0.5748299319727891,0.11501885950565338,0.055655114352703094,0.0,0.05623938515782356,0.3319985050475225,"[0.6989795565605164, 0.7823129296302795]",0.358,0.39625850340136054,0.4064625850340136,0.46683673469387754,0.5280612244897959,0.5348639455782312,0.5348639455782312,0.3852040816326531
127,0.5586734693877551,0.44626539603277715,0.2936339031522567,0.2432215909946905,0.5595238095238095,0.10897611081600189,0.05564159341156483,0.0,0.05622105486690998,0.31982684100512415,"[0.6989795565605164, 0.7823129296302795]",0.3638,0.39540816326530615,0.40476190476190477,0.47534013605442177,0.5229591836734694,0.532312925170068,0.532312925170068,0.3835034013605442
128,0.5595238095238095,0.44765253597202215,0.29501270588242634,0.24382746704608388,0.560374149659864,0.10704036056995392,0.05562837794423103,0.0,0.05620256066322327,0.3670765800634399,"[0.6989795565605164, 0.7823129296302795]",0.3647,0.5221088435374149,0.5544217687074829,0.5510204081632653,0.5399659863945578,0.5391156462585034,0.5391156462585034,0.45153061224489793
129,0.5595238095238095,0.44765253597202215,0.29501270588242634,0.24382746704608388,0.560374149659864,0.10682797431945801,0.0556155014783144,0.0,0.05618373677134514,0.41551419405732304,"[0.6989795565605164, 0.7823129296302795]",0.4577,0.4880952380952381,0.5348639455782312,0.564625850340136,0.5501700680272109,0.5714285714285714,0.5714285714285714,0.4489795918367347
130,0.5595238095238095,0.44766054908617103,0.295487084871861,0.24419442356673188,0.5612244897959183,0.1067609116435051,0.05560260824859142,0.0,0.056164903566241264,0.3190802530152723,"[0.6989795565605164, 0.7823129296302795]",0.3923,0.4736394557823129,0.5042517006802721,0.5722789115646258,0.5637755102040817,0.5680272108843537,0.5680272108843537,0.43537414965986393
131,0.5221088435374149,0.40973293333916827,0.29379790136137895,0.2149850577571492,0.5544217687074829,0.11568686366081238,0.055589986965060234,0.0,0.05614597164094448,0.3046648110030219,"[0.6989795565605164, 0.7823129296302795]",0.3751,0.5008503401360545,0.5561224489795918,0.5688775510204082,0.5552721088435374,0.5756802721088435,0.5756802721088435,0.4549319727891156
132,0.5595238095238095,0.44765253597202215,0.29501270588242634,0.24382746704608388,0.560374149659864,0.10777588933706284,0.055577343329787254,0.0,0.056127095595002174,0.299829734954983,"[0.6989795565605164, 0.7823129296302795]",0.3702,0.4744897959183674,0.5034013605442177,0.5714285714285714,0.5629251700680272,0.5671768707482994,0.5671768707482994,0.4336734693877551
133,0.5595238095238095,0.4477561876857302,0.29547674166713545,0.2443070386331866,0.560374149659864,0.10662297904491425,0.055564919486641884,0.0,0.05610794574022293,0.2920707280281931,"[0.6989795565605164, 0.7823129296302795]",0.3775,0.48639455782312924,0.5340136054421769,0.5654761904761905,0.5501700680272109,0.5714285714285714,0.5714285714285714,0.4489795918367347
134,0.5595238095238095,0.44777370949304385,0.29707508345757055,0.24417159474604364,0.560374149659864,0.10670756548643112,0.055552368983626366,0.0,0.05608910880982876,0.28139771393034607,"[0.6989795565605164, 0.7823129296302795]",0.3606,0.4736394557823129,0.5042517006802721,0.5697278911564626,0.5629251700680272,0.5671768707482994,0.5671768707482994,0.4336734693877551
135,0.5595238095238095,0.44778021730971806,0.2976149831548874,0.24470314751169628,0.560374149659864,0.1064441129565239,0.05553975701332092,0.0,0.05607019364833832,0.2892919899895787,"[0.6989795565605164, 0.7823129296302795]",0.3603,0.48894557823129253,0.5365646258503401,0.5663265306122449,0.5518707482993197,0.5739795918367347,0.5739795918367347,0.45068027210884354
136,0.5943877551020408,0.47447963410909644,0.32061434062272615,0.29811471757148983,0.5943877551020408,0.10958616435527802,0.05552738718688488,0.0,0.056050874292850494,0.2826576540246606,"[0.6989795565605164, 0.7823129296302795]",0.4208,0.4880952380952381,0.5340136054421769,0.5654761904761905,0.5544217687074829,0.5722789115646258,0.5722789115646258,0.4489795918367347
137,0.5731292517006803,0.4639338144155777,0.2963494945668037,0.2804241269115519,0.5731292517006803,0.10828593373298645,0.05551488511264324,0.0,0.05603182688355446,0.3584261529613286,"[0.6989795565605164, 0.7823129296302795]",0.4304,0.4736394557823129,0.5187074829931972,0.5654761904761905,0.5501700680272109,0.5722789115646258,0.5722789115646258,0.44727891156462585
138,0.5680272108843537,0.45075274550995925,0.32904518251176823,0.3011961894775133,0.5824829931972789,0.10230199247598648,0.0555026289075613,0.0,0.056012341752648354,0.38170631893444806,"[0.6989795565605164, 0.7823129296302795]",0.3969,0.4685374149659864,0.5085034013605442,0.5663265306122449,0.5518707482993197,0.5731292517006803,0.5731292517006803,0.44727891156462585
139,0.5705782312925171,0.4534853331468305,0.3328976250173151,0.30750376146167935,0.5867346938775511,0.09667957574129105,0.05549036152660847,0.0,0.05599313974380493,0.3091140950564295,"[0.6989795565605164, 0.7823129296302795]",0.6309,0.4200680272108844,0.4744897959183674,0.516156462585034,0.5416666666666666,0.5535714285714286,0.5535714285714286,0.3869047619047619
140,0.5705782312925171,0.4533957974762768,0.33070429064019186,0.3052408913511858,0.5858843537414966,0.09705102443695068,0.05547812581062317,0.0,0.05597376078367233,0.5198874620255083,"[0.6989795565605164, 0.7823129296302795]",0.421,0.4744897959183674,0.5042517006802721,0.5739795918367347,0.5688775510204082,0.5705782312925171,0.5705782312925171,0.44642857142857145
141,0.5705782312925171,0.4533268652086383,0.3317268884015982,0.3066748225722475,0.5867346938775511,0.09708988666534424,0.05546568147838116,0.0,0.055955126881599426,0.34082808694802225,"[0.6989795565605164, 0.7823129296302795]",0.4197,0.47534013605442177,0.5051020408163265,0.5748299319727891,0.5705782312925171,0.5714285714285714,0.5714285714285714,0.44727891156462585
142,0.5722789115646258,0.4552682688296511,0.3325233866571558,0.30876653954701444,0.5884353741496599,0.09715085476636887,0.055453235283493996,0.0,0.05593688413500786,0.34590494201984257,"[0.6989795565605164, 0.7823129296302795]",0.4053,0.45068027210884354,0.47023809523809523,0.5569727891156463,0.5654761904761905,0.5697278911564626,0.5697278911564626,0.43197278911564624
143,0.5722789115646258,0.4552105744009902,0.3320818991086103,0.3084168848330698,0.5884353741496599,0.09714815020561218,0.055440451949834824,0.0,0.055919013917446136,0.3182933779899031,"[0.6989795565605164, 0.7823129296302795]",0.4205,0.41836734693877553,0.4744897959183674,0.5127551020408163,0.5391156462585034,0.5510204081632653,0.5510204081632653,0.3869047619047619
144,0.5731292517006803,0.45630817602533014,0.3318908060204189,0.3083624478568753,0.5884353741496599,0.09723179787397385,0.05542791076004505,0.0,0.05590149946510792,0.34205516800284386,"[0.6989795565605164, 0.7823129296302795]",0.391,0.38095238095238093,0.44642857142857145,0.4812925170068027,0.5357142857142857,0.5459183673469388,0.5459183673469388,0.37329931972789115
145,0.5799319727891157,0.4630300778357933,0.3334550441488746,0.3114465457720676,0.5909863945578231,0.09808036684989929,0.05541547201573849,0.0,0.055884141474962234,0.35295548499561846,"[0.6989795565605164, 0.7823129296302795]",0.4658,0.3843537414965986,0.42857142857142855,0.4736394557823129,0.5331632653061225,0.54421768707483,0.54421768707483,0.3715986394557823
146,0.5799319727891157,0.46309508846384184,0.33254975330022263,0.31036260443040536,0.5909863945578231,0.09792879223823547,0.05540241301059723,0.0,0.05586758628487587,0.509782019071281,"[0.6989795565605164, 0.7823129296302795]",0.6378,0.3843537414965986,0.42857142857142855,0.4736394557823129,0.5331632653061225,0.54421768707483,0.54421768707483,0.3715986394557823
147,0.5680272108843537,0.4644530304524388,0.32529119772049786,0.27614577518323924,0.5722789115646258,0.10608968138694763,0.0553890448063612,0.0,0.055851640179753304,0.3731976510025561,"[0.6989795565605164, 0.7823129296302795]",0.5131,0.3903061224489796,0.4336734693877551,0.47534013605442177,0.5306122448979592,0.5357142857142857,0.5357142857142857,0.3707482993197279
148,0.5688775510204082,0.4651721233464686,0.32396757746615756,0.276130653954524,0.5739795918367347,0.09747759997844696,0.05537586472928524,0.0,0.055835526436567307,0.30442219297401607,"[0.6989795565605164, 0.7823129296302795]",0.3572,0.38860544217687076,0.4328231292517007,0.47278911564625853,0.5289115646258503,0.5340136054421769,0.5340136054421769,0.36904761904761907
149,0.5459183673469388,0.4240100378897318,0.31780643844966217,0.2685943561525123,0.5637755102040817,0.10088890045881271,0.055362967774271965,0.0,0.05581911653280258,0.32772464503068477,"[0.6989795565605164, 0.7823129296302795]",0.3951,0.4608843537414966,0.5008503401360545,0.5782312925170068,0.5714285714285714,0.5875850340136054,0.5875850340136054,0.41836734693877553
150,0.5459183673469388,0.42401690571797024,0.3238557567640651,0.26945701041367054,0.5637755102040817,0.09444203227758408,0.05535038374364376,0.0,0.05580245703458786,0.39826829300727695,"[0.6989795565605164, 0.7823129296302795]",0.3789,0.4608843537414966,0.5,0.5773809523809523,0.5705782312925171,0.5858843537414966,0.5858843537414966,0.41836734693877553
151,0.5450680272108843,0.42283876436344026,0.3265910650072025,0.26842123764498943,0.5629251700680272,0.09476989507675171,0.055337728932499886,0.0,0.055786000564694405,0.34527753200381994,"[0.6989795565605164, 0.7823129296302795]",0.495,0.42346938775510207,0.46938775510204084,0.5102040816326531,0.5314625850340136,0.5382653061224489,0.5382653061224489,0.3826530612244898
152,0.5450680272108843,0.4228472356000771,0.3274220805297392,0.2688788804194286,0.5629251700680272,0.09492897987365723,0.05532490648329258,0.0,0.05576941557228565,0.4806871529435739,"[0.6989795565605164, 0.7823129296302795]",0.5266,0.4039115646258503,0.4217687074829932,0.4744897959183674,0.5042517006802721,0.5187074829931972,0.5187074829931972,0.3945578231292517
153,0.5459183673469388,0.4238081562584012,0.32775233993515496,0.2697591730309288,0.5637755102040817,0.09499688446521759,0.05531095899641514,0.0,0.05575435049831867,0.31126453808974475,"[0.6989795565605164, 0.7823129296302795]",0.3781,0.41581632653061223,0.429421768707483,0.4897959183673469,0.5255102040816326,0.5416666666666666,0.5416666666666666,0.40561224489795916
154,0.5476190476190477,0.42588031464847975,0.3283596641099879,0.2714369865825825,0.5654761904761905,0.09509534388780594,0.05529638193547726,0.0,0.055741725489497185,0.30797145899850875,"[0.6989795565605164, 0.7823129296302795]",0.3712,0.41581632653061223,0.42857142857142855,0.4897959183673469,0.5255102040816326,0.5416666666666666,0.5416666666666666,0.40561224489795916
155,0.5722789115646258,0.4691249996634511,0.32945821718889035,0.283271984758963,0.5739795918367347,0.10612218081951141,0.05528096854686737,0.0,0.05572790652513504,0.32314488501287997,"[0.6989795565605164, 0.7823129296302795]",0.6047,0.40901360544217685,0.43452380952380953,0.4846938775510204,0.5255102040816326,0.5391156462585034,0.5391156462585034,0.39540816326530615
156,0.5748299319727891,0.45745846973762383,0.333605606453067,0.3142942920299731,0.5918367346938775,0.10371498763561249,0.055266449227929115,0.0,0.05571428872644901,0.4449568029958755,"[0.6989795565605164, 0.7823129296302795]",0.421,0.413265306122449,0.4328231292517007,0.4897959183673469,0.5255102040816326,0.5391156462585034,0.5391156462585034,0.4013605442176871
157,0.5748299319727891,0.4578506544517099,0.33522481662589565,0.31541191006396085,0.5935374149659864,0.0975189208984375,0.05525212921202183,0.0,0.055700844153761864,0.3179695879807696,"[0.6989795565605164, 0.7823129296302795]",0.3713,0.413265306122449,0.4328231292517007,0.48894557823129253,0.5246598639455783,0.5391156462585034,0.5391156462585034,0.4013605442176871
158,0.5935374149659864,0.4927910621622573,0.35407087132877585,0.319809080757872,0.5935374149659864,0.09823596477508545,0.055238015949726105,0.0,0.05568734556436539,0.3978463929379359,"[0.6989795565605164, 0.7823129296302795]",0.4608,0.46598639455782315,0.5017006802721088,0.5374149659863946,0.576530612244898,0.5935374149659864,0.5935374149659864,0.413265306122449
159,0.592687074829932,0.49157627384826996,0.3536309979405938,0.31967443243382887,0.5935374149659864,0.09681840240955353,0.05522383563220501,0.0,0.05567398853600025,0.32878957502543926,"[0.6989795565605164, 0.7823129296302795]",0.4681,0.46598639455782315,0.49829931972789115,0.5357142857142857,0.5739795918367347,0.5909863945578231,0.5909863945578231,0.4107142857142857
160,0.5918367346938775,0.49041227964853895,0.3529050278841886,0.31898755201477086,0.5935374149659864,0.09642265737056732,0.05520958453416824,0.0,0.055660901591181755,0.31371948996093124,"[0.6989795565605164, 0.7823129296302795]",0.3754,0.46598639455782315,0.49829931972789115,0.5357142857142857,0.5739795918367347,0.5909863945578231,0.5909863945578231,0.4107142857142857
161,0.5918367346938775,0.49041227964853895,0.3529050278841886,0.31898755201477086,0.5935374149659864,0.09639771282672882,0.05519512668251991,0.0,0.05564776435494423,0.2965893120272085,"[0.6989795565605164, 0.7823129296302795]",0.3724,0.46598639455782315,0.49829931972789115,0.5340136054421769,0.5748299319727891,0.5901360544217688,0.5901360544217688,0.4107142857142857
162,0.5918367346938775,0.49041227964853895,0.3529050278841886,0.31898755201477086,0.5935374149659864,0.09645714610815048,0.05518137849867344,0.0,0.055634401738643646,0.3220477909781039,"[0.6989795565605164, 0.7823129296302795]",0.3676,0.46938775510204084,0.5025510204081632,0.5382653061224489,0.5739795918367347,0.5901360544217688,0.5901360544217688,0.413265306122449
163,0.5731292517006803,0.4555806597379123,0.3327987507659376,0.31275427666452604,0.5901360544217688,0.10151024162769318,0.055168261751532555,0.0,0.055619977414608,0.30990960903000087,"[0.6989795565605164, 0.7823129296302795]",0.4358,0.4642857142857143,0.5008503401360545,0.5365646258503401,0.5739795918367347,0.5892857142857143,0.5892857142857143,0.4098639455782313
164,0.5748299319727891,0.45779966250795323,0.3347370877523123,0.31497406303063025,0.592687074829932,0.09733704477548599,0.055155230686068535,0.0,0.05560564622282982,0.35405143606476486,"[0.6989795565605164, 0.7823129296302795]",0.3597,0.461734693877551,0.5008503401360545,0.5357142857142857,0.5739795918367347,0.5884353741496599,0.5884353741496599,0.40816326530612246
165,0.5748299319727891,0.45749651247758016,0.33583689395624433,0.3168537557196373,0.5935374149659864,0.097220279276371,0.05514132231473923,0.0,0.05559306591749191,0.3150663550477475,"[0.6989795565605164, 0.7823129296302795]",0.3801,0.4642857142857143,0.5034013605442177,0.5382653061224489,0.5756802721088435,0.5909863945578231,0.5909863945578231,0.4098639455782313
166,0.5739795918367347,0.4563653609799846,0.33423202592383416,0.3149674303226485,0.592687074829932,0.09727883338928223,0.0551273413002491,0.0,0.05558107607066631,0.37926877301651984,"[0.6989795565605164, 0.7823129296302795]",0.3877,0.461734693877551,0.5017006802721088,0.5357142857142857,0.5731292517006803,0.5884353741496599,0.5884353741496599,0.40901360544217685
167,0.5994897959183674,0.4794939430474491,0.32946625780654043,0.31617436107421937,0.5994897959183674,0.1013183444738388,0.055112363770604134,0.0,0.05556986853480339,0.3146407640306279,"[0.6989795565605164, 0.7823129296302795]",0.3531,0.4642857142857143,0.5008503401360545,0.5399659863945578,0.5739795918367347,0.5892857142857143,0.5892857142857143,0.40816326530612246
168,0.5994897959183674,0.4799494122982195,0.33011368187326035,0.31917482718336365,0.5994897959183674,0.09529127925634384,0.05509830079972744,0.0,0.05555829033255577,0.3042335920035839,"[0.6989795565605164, 0.7823129296302795]",0.4066,0.46343537414965985,0.5008503401360545,0.5391156462585034,0.5739795918367347,0.5892857142857143,0.5892857142857143,0.40816326530612246
169,0.6003401360544217,0.4811621846909425,0.33051702886201767,0.3198173360117409,0.6003401360544217,0.09490149468183517,0.055084388703107834,0.0,0.055547237396240234,0.537126658950001,"[0.6989795565605164, 0.7823129296302795]",0.5838,0.46258503401360546,0.5008503401360545,0.5374149659863946,0.5731292517006803,0.5875850340136054,0.5875850340136054,0.407312925170068
170,0.6020408163265306,0.48358620689655163,0.3313605032187292,0.32113871704626706,0.6020408163265306,0.09471936523914337,0.05507083237171173,0.0,0.05553593300282955,0.4878008069936186,"[0.6989795565605164, 0.7823129296302795]",0.5583,0.461734693877551,0.4991496598639456,0.5357142857142857,0.5714285714285714,0.5858843537414966,0.5858843537414966,0.40561224489795916
171,0.5493197278911565,0.42650667594149116,0.3152240605314121,0.26871145508696387,0.5663265306122449,0.09806220233440399,0.05505777336657047,0.0,0.05552431382238865,0.4327440120978281,"[0.6989795565605164, 0.7823129296302795]",0.4129,0.4642857142857143,0.5025510204081632,0.5357142857142857,0.5739795918367347,0.5884353741496599,0.5884353741496599,0.4098639455782313
172,0.5595238095238095,0.45406199392553814,0.3168161464479597,0.2575227969015855,0.5663265306122449,0.10426267981529236,0.05504481680691242,0.0,0.05551232770085335,0.31795028294436634,"[0.6989795565605164, 0.7823129296302795]",0.3969,0.4651360544217687,0.5025510204081632,0.5340136054421769,0.5731292517006803,0.5884353741496599,0.5884353741496599,0.4098639455782313
173,0.5569727891156463,0.45017041508052313,0.313041856688199,0.25784619254035324,0.5654761904761905,0.0963541567325592,0.0550322774797678,0.0,0.05550000257790089,0.33628129807766527,"[0.6989795565605164, 0.7823129296302795]",0.3791,0.4770408163265306,0.5102040816326531,0.5595238095238095,0.5773809523809523,0.608843537414966,0.608843537414966,0.4574829931972789
174,0.5569727891156463,0.4502241919086327,0.3117767650571017,0.2577011865130535,0.5663265306122449,0.0956832617521286,0.05501990765333176,0.0,0.055487850680947304,0.32946356397587806,"[0.6989795565605164, 0.7823129296302795]",0.4239,0.4770408163265306,0.5110544217687075,0.5595238095238095,0.5782312925170068,0.6096938775510204,0.6096938775510204,0.4574829931972789
175,0.5561224489795918,0.44928558164069976,0.31180896071653214,0.25721736498316344,0.5663265306122449,0.09537157416343689,0.05500756576657295,0.0,0.05547598376870155,0.33372414705809206,"[0.6989795565605164, 0.7823129296302795]",0.375,0.461734693877551,0.47959183673469385,0.532312925170068,0.5748299319727891,0.5977891156462585,0.5977891156462585,0.4447278911564626
176,0.54421768707483,0.43922030897614395,0.3173430392191579,0.24766986615069608,0.5722789115646258,0.09705761075019836,0.05499528348445892,0.0,0.055464133620262146,0.3194841130170971,"[0.6989795565605164, 0.7823129296302795]",0.3579,0.46258503401360546,0.47874149659863946,0.5314625850340136,0.5739795918367347,0.5977891156462585,0.5977891156462585,0.445578231292517
177,0.54421768707483,0.43925822271999837,0.31751241793426355,0.24889404047089744,0.5731292517006803,0.09779899567365646,0.05498308129608631,0.0,0.05545253865420818,0.3347848799312487,"[0.6989795565605164, 0.7823129296302795]",0.5377,0.46343537414965985,0.47959183673469385,0.5314625850340136,0.5748299319727891,0.5986394557823129,0.5986394557823129,0.44642857142857145
178,0.54421768707483,0.43925822271999837,0.31751241793426355,0.24889404047089744,0.5731292517006803,0.09792347252368927,0.054971106350421906,0.0,0.05544068478047848,0.3409189759986475,"[0.6989795565605164, 0.7823129296302795]",0.3557,0.46343537414965985,0.47959183673469385,0.5314625850340136,0.5748299319727891,0.5977891156462585,0.5977891156462585,0.44642857142857145
179,0.54421768707483,0.43925822271999837,0.31751241793426355,0.24889404047089744,0.5731292517006803,0.09796004742383957,0.05495908297598362,0.0,0.05542923882603645,0.32884906604886055,"[0.6989795565605164, 0.7823129296302795]",0.3817,0.46343537414965985,0.47959183673469385,0.532312925170068,0.5748299319727891,0.5986394557823129,0.5986394557823129,0.44642857142857145
180,0.54421768707483,0.43925822271999837,0.31751241793426355,0.24889404047089744,0.5731292517006803,0.09799177199602127,0.05494694784283638,0.0,0.05541803874075413,0.3218192158965394,"[0.6989795565605164, 0.7823129296302795]",0.3866,0.46343537414965985,0.47959183673469385,0.532312925170068,0.5748299319727891,0.5986394557823129,0.5986394557823129,0.44642857142857145
181,0.54421768707483,0.43925822271999837,0.31751241793426355,0.24889404047089744,0.5731292517006803,0.09800401329994202,0.05493495985865593,0.0,0.0554066002368927,0.330596927087754,"[0.6989795565605164, 0.7823129296302795]",0.4321,0.3707482993197279,0.41156462585034015,0.4362244897959184,0.4931972789115646,0.5093537414965986,0.5093537414965986,0.352891156462585
182,0.54421768707483,0.43925822271999837,0.31751241793426355,0.24889404047089744,0.5731292517006803,0.09802672266960144,0.05492257513105869,0.0,0.05539570935070515,0.502949471003376,"[0.6989795565605164, 0.7823129296302795]",0.6444,0.3707482993197279,0.41156462585034015,0.4362244897959184,0.4923469387755102,0.5093537414965986,0.5093537414965986,0.352891156462585
183,0.5425170068027211,0.43726302026585306,0.3168086109391413,0.2480568057766269,0.5722789115646258,0.09804980456829071,0.05491007678210735,0.0,0.05538514070212841,0.4640268769580871,"[0.6989795565605164, 0.7823129296302795]",0.5114,0.36904761904761907,0.4107142857142857,0.43537414965986393,0.4923469387755102,0.5085034013605442,0.5085034013605442,0.3520408163265306
184,0.5433673469387755,0.4381975692164807,0.3170850672186347,0.24857854560059534,0.5722789115646258,0.09812620282173157,0.05489748530089855,0.0,0.05537477694451809,0.5622448379872367,"[0.6989795565605164, 0.7823129296302795]",0.5694,0.36989795918367346,0.41156462585034015,0.4370748299319728,0.4931972789115646,0.5093537414965986,0.5093537414965986,0.352891156462585
185,0.5433673469387755,0.4381975692164807,0.3170850672186347,0.24857854560059534,0.5722789115646258,0.09814693033695221,0.05488469637930393,0.0,0.05536487512290478,0.5027612500125542,"[0.6989795565605164, 0.7823129296302795]",0.5135,0.36989795918367346,0.41156462585034015,0.4370748299319728,0.4923469387755102,0.5093537414965986,0.5093537414965986,0.352891156462585
186,0.5433673469387755,0.4381975692164807,0.3170850672186347,0.24857854560059534,0.5722789115646258,0.09817731380462646,0.054871730506420135,0.0,0.055355802178382874,0.3745959270745516,"[0.6989795565605164, 0.7823129296302795]",0.4087,0.36989795918367346,0.41156462585034015,0.4362244897959184,0.4923469387755102,0.5093537414965986,0.5093537414965986,0.352891156462585
187,0.5425170068027211,0.43726302026585306,0.3168086109391413,0.2480568057766269,0.5722789115646258,0.09821563214063644,0.05485902540385723,0.0,0.05534633621573448,0.3606434799730778,"[0.6989795565605164, 0.7823129296302795]",0.4302,0.46683673469387754,0.4812925170068027,0.5382653061224489,0.5739795918367347,0.6020408163265306,0.6020408163265306,0.44642857142857145
188,0.5425170068027211,0.43726302026585306,0.3168086109391413,0.2480568057766269,0.5722789115646258,0.09824424982070923,0.05484633706510067,0.0,0.05533687025308609,0.3491048360010609,"[0.6989795565605164, 0.7823129296302795]",0.3566,0.4098639455782313,0.45663265306122447,0.48299319727891155,0.5408163265306123,0.5680272108843537,0.5680272108843537,0.3869047619047619
189,0.5425170068027211,0.43726302026585306,0.3168086109391413,0.2480568057766269,0.5722789115646258,0.09827592968940735,0.0548336748033762,0.0,0.05532769486308098,0.3308377170469612,"[0.6989795565605164, 0.7823129296302795]",0.3628,0.4098639455782313,0.45663265306122447,0.48214285714285715,0.5408163265306123,0.5680272108843537,0.5680272108843537,0.3869047619047619
190,0.5433673469387755,0.43830100623594115,0.3178628127385951,0.24915258827240472,0.5731292517006803,0.0983305498957634,0.05482114665210247,0.0,0.0553183127194643,0.3308432629564777,"[0.6989795565605164, 0.7823129296302795]",0.3576,0.46598639455782315,0.48214285714285715,0.5382653061224489,0.5731292517006803,0.6028911564625851,0.6028911564625851,0.44727891156462585
191,0.5561224489795918,0.4492208528628544,0.31240035955284884,0.2578396468835971,0.5654761904761905,0.09825801849365234,0.05480886064469814,0.0,0.055308448150753975,0.3268117259722203,"[0.6989795565605164, 0.7823129296302795]",0.3736,0.4651360544217687,0.48299319727891155,0.5382653061224489,0.5731292517006803,0.6020408163265306,0.6020408163265306,0.44642857142857145
192,0.5569727891156463,0.45011416016887085,0.3119095316091447,0.25813468419091656,0.5654761904761905,0.09669502079486847,0.05479615740478039,0.0,0.055298637598752975,0.3408997399965301,"[0.6989795565605164, 0.7823129296302795]",0.3834,0.4107142857142857,0.46258503401360546,0.46938775510204084,0.5246598639455783,0.5620748299319728,0.5620748299319728,0.37329931972789115
193,0.5569727891156463,0.449958659100519,0.31089405068497544,0.25749399125119427,0.564625850340136,0.09647918492555618,0.054783718660473824,0.0,0.055289000272750854,0.38316804193891585,"[0.6989795565605164, 0.7823129296302795]",0.511,0.4107142857142857,0.46258503401360546,0.46938775510204084,0.5246598639455783,0.5620748299319728,0.5620748299319728,0.37329931972789115
194,0.5569727891156463,0.4498485210373482,0.310076250541387,0.2574223020161447,0.564625850340136,0.09647061675786972,0.054771583527326584,0.0,0.055279430001974106,0.45912105694878846,"[0.6989795565605164, 0.7823129296302795]",0.3686,0.4107142857142857,0.46258503401360546,0.46938775510204084,0.5246598639455783,0.5620748299319728,0.5620748299319728,0.37329931972789115
195,0.5569727891156463,0.4498485210373482,0.310076250541387,0.2574223020161447,0.564625850340136,0.09650447219610214,0.054759565740823746,0.0,0.05526948720216751,0.3555430189007893,"[0.6989795565605164, 0.7823129296302795]",0.3509,0.46598639455782315,0.48299319727891155,0.5374149659863946,0.5739795918367347,0.6011904761904762,0.6011904761904762,0.44727891156462585
196,0.5697278911564626,0.46480598569412623,0.3306157545560309,0.2785202293477013,0.5799319727891157,0.09547050297260284,0.05474753491580486,0.0,0.05525974743068218,0.3742986129363999,"[0.6989795565605164, 0.7823129296302795]",0.3526,0.46683673469387754,0.483843537414966,0.5374149659863946,0.5748299319727891,0.6020408163265306,0.6020408163265306,0.44982993197278914
197,0.5705782312925171,0.46589250398638027,0.3310524986264962,0.2798947126544602,0.5799319727891157,0.09575348347425461,0.05473567731678486,0.0,0.055249860510230064,0.3284338910598308,"[0.6989795565605164, 0.7823129296302795]",0.3508,0.46683673469387754,0.483843537414966,0.5374149659863946,0.5748299319727891,0.6028911564625851,0.6028911564625851,0.44982993197278914
198,0.5884353741496599,0.4803453262632017,0.3289504485117877,0.3098324732600099,0.5884353741496599,0.09309311211109161,0.05472395941615105,0.0,0.05523969233036041,0.32052814797498286,"[0.6989795565605164, 0.7823129296302795]",0.346,0.467687074829932,0.47959183673469385,0.5374149659863946,0.5748299319727891,0.6020408163265306,0.6020408163265306,0.44982993197278914
199,0.5892857142857143,0.48153212401795986,0.33039519035797016,0.31022746691407177,0.5892857142857143,0.09262751042842865,0.05471210740506649,0.0,0.05522981472313404,0.3267253499943763,"[0.6989795565605164, 0.7823129296302795]",0.3427,0.46683673469387754,0.47874149659863946,0.5374149659863946,0.5748299319727891,0.6011904761904762,0.6011904761904762,0.4489795918367347
200,0.5892857142857143,0.48143414306373156,0.33067561144966123,0.3106142739153411,0.5892857142857143,0.09263212978839874,0.05470029450953007,0.0,0.055219946429133415,0.32672299293335527,"[0.6989795565605164, 0.7823129296302795]",0.4412,0.4642857142857143,0.47874149659863946,0.5365646258503401,0.5731292517006803,0.6003401360544217,0.6003401360544217,0.4481292517006803
201,0.5892857142857143,0.48145686658292197,0.33088873828238224,0.31067869682553384,0.5892857142857143,0.09245473146438599,0.05468866974115372,0.0,0.055209871381521225,0.3290417829994112,"[0.6989795565605164, 0.7823129296302795]",0.3387,0.37755102040816324,0.413265306122449,0.4370748299319728,0.5068027210884354,0.5170068027210885,0.5170068027210885,0.352891156462585
202,0.5892857142857143,0.48146444064677274,0.3312293630079935,0.31070116362471073,0.5892857142857143,0.09240920841693878,0.05467718467116356,0.0,0.05519967898726463,0.30909951601643115,"[0.6989795565605164, 0.7823129296302795]",0.3466,0.37670068027210885,0.4141156462585034,0.4379251700680272,0.5059523809523809,0.516156462585034,0.516156462585034,0.3520408163265306
203,0.5884353741496599,0.48056489699071425,0.33057031810545556,0.3098024180643195,0.5884353741496599,0.09243733435869217,0.05466685816645622,0.0,0.05518939718604088,0.32410469406750053,"[0.6989795565605164, 0.7823129296302795]",0.3945,0.3758503401360544,0.4141156462585034,0.4370748299319728,0.5051020408163265,0.5153061224489796,0.5153061224489796,0.3520408163265306
204,0.5884353741496599,0.4804283391770052,0.33060033858797633,0.3103560586498334,0.5884353741496599,0.09249059855937958,0.05465715751051903,0.0,0.0551798976957798,0.3418898790841922,"[0.6989795565605164, 0.7823129296302795]",0.3756,0.375,0.41496598639455784,0.4370748299319728,0.5042517006802721,0.516156462585034,0.516156462585034,0.35119047619047616
205,0.5892857142857143,0.48143366963590395,0.33110698918651416,0.3113014652866358,0.5892857142857143,0.09255712479352951,0.054646916687488556,0.0,0.05517197400331497,0.34307337494101375,"[0.6989795565605164, 0.7823129296302795]",0.3447,0.37670068027210885,0.4141156462585034,0.4370748299319728,0.5059523809523809,0.5170068027210885,0.5170068027210885,0.3520408163265306
206,0.5892857142857143,0.481328073635766,0.33009134235970466,0.3109595782320201,0.5892857142857143,0.09263384342193604,0.05463627725839615,0.0,0.055167265236377716,0.38683518196921796,"[0.6989795565605164, 0.7823129296302795]",0.4296,0.375,0.4141156462585034,0.4362244897959184,0.5034013605442177,0.516156462585034,0.516156462585034,0.35119047619047616
207,0.5943877551020408,0.49245539604081334,0.34877893798623133,0.32646573573940063,0.5943877551020408,0.1000799760222435,0.05462450347840786,0.0,0.05516146123409271,0.45651707192882895,"[0.6989795565605164, 0.7823129296302795]",0.5762,0.37755102040816324,0.41581632653061223,0.4387755102040816,0.5059523809523809,0.516156462585034,0.516156462585034,0.352891156462585
208,0.5731292517006803,0.4683625694656447,0.331003705357894,0.28296503219777375,0.5782312925170068,0.10287132859230042,0.05461399629712105,0.0,0.055153485387563705,0.4959474760107696,"[0.6989795565605164, 0.7823129296302795]",0.4952,0.3792517006802721,0.41241496598639454,0.4387755102040816,0.5051020408163265,0.5178571428571429,0.5178571428571429,0.3520408163265306
209,0.5714285714285714,0.46618920929528807,0.33027930968271163,0.2811467837323066,0.5773809523809523,0.09673617780208588,0.05460433289408684,0.0,0.055144110694527626,0.3732961741043255,"[0.6989795565605164, 0.7823129296302795]",0.3578,0.3784013605442177,0.4107142857142857,0.4370748299319728,0.5042517006802721,0.5153061224489796,0.5153061224489796,0.35119047619047616
210,0.5688775510204082,0.4632196449985415,0.3283678754753652,0.2789160394495088,0.5773809523809523,0.09682546555995941,0.05459534004330635,0.0,0.05513766035437584,0.3344203899614513,"[0.6989795565605164, 0.7823129296302795]",0.3878,0.3784013605442177,0.40901360544217685,0.4379251700680272,0.5051020408163265,0.5153061224489796,0.5153061224489796,0.35034013605442177
211,0.5680272108843537,0.4621609066257576,0.3266435449216319,0.27719923449934497,0.576530612244898,0.09690076112747192,0.054586708545684814,0.0,0.05513515882194042,0.29324417805764824,"[0.6989795565605164, 0.7823129296302795]",0.3506,0.45918367346938777,0.5008503401360545,0.5416666666666666,0.5527210884353742,0.5773809523809523,0.5773809523809523,0.4064625850340136
212,0.5909863945578231,0.483029207420392,0.3320920467160026,0.31305123096805076,0.5909863945578231,0.0942242294549942,0.05457814410328865,0.0,0.055140480399131775,0.308159759035334,"[0.6989795565605164, 0.7823129296302795]",0.3357,0.46258503401360546,0.5008503401360545,0.5425170068027211,0.5518707482993197,0.5756802721088435,0.5756802721088435,0.407312925170068
213,0.5901360544217688,0.4822723926470024,0.3306559980962819,0.31216931480552024,0.5901360544217688,0.0937914326786995,0.05457293428480625,0.0,0.055170558393001556,0.30419085500761867,"[0.6989795565605164, 0.7823129296302795]",0.3563,0.46598639455782315,0.5,0.5425170068027211,0.5527210884353742,0.5748299319727891,0.5748299319727891,0.407312925170068
214,0.5892857142857143,0.48128402313367613,0.3310997621590127,0.31269419990997993,0.5892857142857143,0.09367997944355011,0.05456619895994663,0.0,0.0551847480237484,0.31442162103485316,"[0.6989795565605164, 0.7823129296302795]",0.3473,0.46683673469387754,0.49829931972789115,0.5391156462585034,0.5510204081632653,0.5731292517006803,0.5731292517006803,0.4064625850340136
215,0.5731292517006803,0.46837022955413854,0.33219206265616313,0.2828161447436791,0.5782312925170068,0.09905677288770676,0.05455407127737999,0.0,0.05518488958477974,0.3051433489890769,"[0.6989795565605164, 0.7823129296302795]",0.4088,0.461734693877551,0.5,0.5399659863945578,0.5527210884353742,0.5739795918367347,0.5739795918367347,0.4064625850340136
216,0.5714285714285714,0.46628582645896943,0.33016729131230094,0.2815858988403277,0.5782312925170068,0.09757690131664276,0.05454212240874767,0.0,0.05517994798719883,0.3744028969667852,"[0.6989795565605164, 0.7823129296302795]",0.3487,0.48894557823129253,0.5374149659863946,0.5518707482993197,0.5544217687074829,0.5756802721088435,0.5756802721088435,0.4175170068027211
217,0.5892857142857143,0.4811707837499132,0.330972811226822,0.31304571697117806,0.5892857142857143,0.09453418850898743,0.054530367255210876,0.0,0.055174486711621284,0.3198050719220191,"[0.6989795565605164, 0.7823129296302795]",0.3735,0.49404761904761907,0.5569727891156463,0.5680272108843537,0.5612244897959183,0.5884353741496599,0.5884353741496599,0.4336734693877551
218,0.5892857142857143,0.4813957926087159,0.3326136744169224,0.3134342616624769,0.5892857142857143,0.09397240728139877,0.054518938064575195,0.0,0.055168917402625084,0.32260395900812,"[0.6989795565605164, 0.7823129296302795]",0.3747,0.4931972789115646,0.5569727891156463,0.5671768707482994,0.560374149659864,0.5875850340136054,0.5875850340136054,0.4328231292517007
219,0.5884353741496599,0.4804430415565969,0.33193602770092673,0.3120020863619579,0.5884353741496599,0.0937194973230362,0.05450762063264847,0.0,0.055163802579045296,0.3217850769869983,"[0.6989795565605164, 0.7823129296302795]",0.3766,0.49404761904761907,0.5569727891156463,0.5654761904761905,0.5595238095238095,0.5850340136054422,0.5850340136054422,0.4336734693877551
220,0.6215986394557823,0.5148676760148176,0.3463987581224251,0.34351371743390896,0.6215986394557823,0.10487021505832672,0.054496679455041885,0.0,0.05515856482088566,0.42031081405002624,"[0.6989795565605164, 0.7823129296302795]",0.5881,0.5025510204081632,0.5629251700680272,0.5714285714285714,0.5663265306122449,0.5909863945578231,0.5909863945578231,0.4336734693877551
221,0.6215986394557823,0.5139371997053827,0.3467563650250982,0.3434874269135142,0.6215986394557823,0.09914941340684891,0.054486047476530075,0.0,0.05515346676111221,0.39623263000976294,"[0.6989795565605164, 0.7823129296302795]",0.5137,0.5042517006802721,0.5663265306122449,0.5748299319727891,0.5688775510204082,0.5943877551020408,0.5943877551020408,0.4370748299319728
222,0.625,0.5215719557195572,0.3520231570071422,0.354359269025121,0.625,0.09899474680423737,0.05447583459317684,0.0,0.05514800548553467,0.3753638530615717,"[0.6989795565605164, 0.7823129296302795]",0.3423,0.5025510204081632,0.5654761904761905,0.5739795918367347,0.5688775510204082,0.5943877551020408,0.5943877551020408,0.4370748299319728
223,0.6241496598639455,0.5205857097663489,0.351411536764516,0.35292892569992035,0.6241496598639455,0.09988272190093994,0.05446572043001652,0.0,0.05514257773756981,0.37927814899012446,"[0.6989795565605164, 0.7823129296302795]",0.3606,0.4574829931972789,0.4872448979591837,0.5093537414965986,0.576530612244898,0.6045918367346939,0.6045918367346939,0.4362244897959184
224,0.576530612244898,0.47421239324181286,0.33901406332763234,0.2966301171259875,0.5773809523809523,0.1090451329946518,0.054455896839499474,0.0,0.055136868730187416,0.32016768807079643,"[0.6989795565605164, 0.7823129296302795]",0.4046,0.45663265306122447,0.477891156462585,0.5119047619047619,0.5748299319727891,0.6028911564625851,0.6028911564625851,0.43962585034013607
225,0.5824829931972789,0.4810704714452875,0.3453002851370882,0.3045952359813308,0.5833333333333334,0.10714192688465118,0.054446110501885414,0.0,0.055131418630480766,0.33092064096126705,"[0.6989795565605164, 0.7823129296302795]",0.3672,0.4608843537414966,0.47959183673469385,0.5144557823129252,0.5799319727891157,0.6071428571428571,0.6071428571428571,0.44387755102040816
226,0.5816326530612245,0.47989626546691777,0.3434769262281203,0.3038559690460298,0.5824829931972789,0.10667724162340164,0.05443628504872322,0.0,0.05512627027928829,0.3054574179695919,"[0.6989795565605164, 0.7823129296302795]",0.3516,0.46258503401360546,0.47959183673469385,0.5153061224489796,0.5782312925170068,0.6079931972789115,0.6079931972789115,0.44387755102040816
227,0.5731292517006803,0.464826040723305,0.3175708601066902,0.2821107115310418,0.5731292517006803,0.09995441883802414,0.054426515474915504,0.0,0.05512132681906223,0.28222164197359234,"[0.6989795565605164, 0.7823129296302795]",0.3256,0.4583333333333333,0.477891156462585,0.5136054421768708,0.5756802721088435,0.6062925170068028,0.6062925170068028,0.4387755102040816
228,0.5722789115646258,0.46026595812628546,0.313014328723323,0.2797971371904897,0.5722789115646258,0.09651871025562286,0.0544169656932354,0.0,0.05511634424328804,0.30724948598071933,"[0.6989795565605164, 0.7823129296302795]",0.3376,0.5756802721088435,0.5833333333333334,0.5714285714285714,0.5722789115646258,0.5892857142857143,0.5892857142857143,0.4914965986394558
229,0.5722789115646258,0.46026595812628546,0.313014328723323,0.2797971371904897,0.5722789115646258,0.09606711566448212,0.05440763011574745,0.0,0.0551113560795784,0.3250030429335311,"[0.6989795565605164, 0.7823129296302795]",0.5374,0.5773809523809523,0.5833333333333334,0.5714285714285714,0.5714285714285714,0.5892857142857143,0.5892857142857143,0.4914965986394558
230,0.5714285714285714,0.4627635178373636,0.31670649017135344,0.28263109066989195,0.5714285714285714,0.09559647738933563,0.05439852364361286,0.0,0.05510636046528816,0.4852289769332856,"[0.6989795565605164, 0.7823129296302795]",0.5612,0.41581632653061223,0.4447278911564626,0.4914965986394558,0.5399659863945578,0.5510204081632653,0.5510204081632653,0.3852040816326531
231,0.5722789115646258,0.4637210647466101,0.31710220752413615,0.2836762142513491,0.5722789115646258,0.09578186273574829,0.05438929609954357,0.0,0.05510164797306061,0.44282482797279954,"[0.6989795565605164, 0.7823129296302795]",0.774,0.4583333333333333,0.47959183673469385,0.5127551020408163,0.5748299319727891,0.6037414965986394,0.6037414965986394,0.4387755102040816
232,0.5731292517006803,0.46477946196171016,0.3180678948761759,0.2846054820388385,0.5731292517006803,0.09588319063186646,0.05438027158379555,0.0,0.055096760392189026,0.6092529039597139,"[0.6989795565605164, 0.7823129296302795]",0.6297,0.49744897959183676,0.5459183673469388,0.5816326530612245,0.5875850340136054,0.6062925170068028,0.6062925170068028,0.467687074829932
233,0.5731292517006803,0.46477946196171016,0.3180678948761759,0.2846054820388385,0.5731292517006803,0.09595181047916412,0.05437139607965946,0.0,0.05509164743125439,0.4665532379876822,"[0.6989795565605164, 0.7823129296302795]",0.5069,0.49404761904761907,0.5212585034013606,0.5824829931972789,0.5875850340136054,0.6062925170068028,0.6062925170068028,0.4651360544217687
234,0.5731292517006803,0.46477946196171016,0.3180678948761759,0.2846054820388385,0.5731292517006803,0.09601490199565887,0.05436262860894203,0.0,0.05508657731115818,0.4091681210556999,"[0.6989795565605164, 0.7823129296302795]",0.5137,0.49404761904761907,0.5212585034013606,0.5824829931972789,0.5867346938775511,0.6062925170068028,0.6062925170068028,0.4651360544217687
235,0.5731292517006803,0.46477946196171016,0.3180678948761759,0.2846054820388385,0.5731292517006803,0.09607642143964767,0.05435412935912609,0.0,0.05508130416274071,0.4785255539463833,"[0.6989795565605164, 0.7823129296302795]",0.4337,0.49404761904761907,0.5212585034013606,0.5833333333333334,0.5875850340136054,0.6062925170068028,0.6062925170068028,0.4651360544217687
236,0.5739795918367347,0.4657376240496779,0.31846670378206066,0.2856601778849804,0.5739795918367347,0.09613560885190964,0.05434565246105194,0.0,0.055076323449611664,0.47488682600669563,"[0.6989795565605164, 0.7823129296302795]",0.409,0.4574829931972789,0.4804421768707483,0.5119047619047619,0.5756802721088435,0.6037414965986394,0.6037414965986394,0.4370748299319728
237,0.5714285714285714,0.4590799035896518,0.3124533557006419,0.27664445713374386,0.5714285714285714,0.10401955991983414,0.05433708056807518,0.0,0.0550715196877718,0.2944613399449736,"[0.6989795565605164, 0.7823129296302795]",0.3533,0.4991496598639456,0.5425170068027211,0.5833333333333334,0.5884353741496599,0.6071428571428571,0.6071428571428571,0.46598639455782315
238,0.5705782312925171,0.458194547459979,0.3122654002051315,0.27620541064372267,0.5705782312925171,0.10356665402650833,0.054328570142388344,0.0,0.05506666377186775,0.32609371398575604,"[0.6989795565605164, 0.7823129296302795]",0.3549,0.5,0.5425170068027211,0.5833333333333334,0.5892857142857143,0.608843537414966,0.608843537414966,0.46683673469387754
239,0.5705782312925171,0.45829684763572687,0.3117606971536067,0.27639036025890756,0.5705782312925171,0.10360503196716309,0.05432006157934666,0.0,0.055061934515833855,0.2950374979991466,"[0.6989795565605164, 0.7823129296302795]",0.3424,0.45663265306122447,0.47874149659863946,0.5119047619047619,0.5731292517006803,0.6045918367346939,0.6045918367346939,0.4370748299319728
240,0.6071428571428571,0.49926776555594976,0.3421740698725248,0.3249411561766673,0.6071428571428571,0.10380582511425018,0.05431198142468929,0.0,0.055056700482964516,0.290515442029573,"[0.6989795565605164, 0.7823129296302795]",0.3535,0.45918367346938777,0.4812925170068027,0.5119047619047619,0.5756802721088435,0.6037414965986394,0.6037414965986394,0.4379251700680272
241,0.6113945578231292,0.5054153518253173,0.34773919391815983,0.3307864410964477,0.6113945578231292,0.10001194477081299,0.05430406332015991,0.0,0.05505145713686943,0.421133614028804,"[0.6989795565605164, 0.7823129296302795]",0.5576,0.4583333333333333,0.48214285714285715,0.5127551020408163,0.5748299319727891,0.6037414965986394,0.6037414965986394,0.4370748299319728
242,0.6113945578231292,0.5056601031484467,0.34954337662287904,0.33189224230930736,0.6113945578231292,0.09986691176891327,0.054296307265758514,0.0,0.05504618398845196,0.43725753703620285,"[0.6989795565605164, 0.7823129296302795]",0.5583,0.4583333333333333,0.47959183673469385,0.5127551020408163,0.5756802721088435,0.6028911564625851,0.6028911564625851,0.4387755102040816
243,0.6105442176870748,0.5045127673921623,0.34896055384637836,0.3313397648500111,0.6105442176870748,0.09983451664447784,0.05428868159651756,0.0,0.05504103749990463,0.2995794470189139,"[0.6989795565605164, 0.7823129296302795]",0.3468,0.4583333333333333,0.4804421768707483,0.5136054421768708,0.5756802721088435,0.6037414965986394,0.6037414965986394,0.4387755102040816
244,0.6113945578231292,0.5057614811190791,0.34970886274336543,0.3321963351964063,0.6113945578231292,0.0998457819223404,0.05428107641637325,0.0,0.05503612756729126,0.29640618700068444,"[0.6989795565605164, 0.7823129296302795]",0.3454,0.4574829931972789,0.4804421768707483,0.5136054421768708,0.5756802721088435,0.6037414965986394,0.6037414965986394,0.4387755102040816
245,0.6105442176870748,0.5047815545362015,0.3492485067036467,0.3309918848701328,0.6105442176870748,0.09987769275903702,0.05427352525293827,0.0,0.05503129959106445,0.3078914559446275,"[0.6989795565605164, 0.7823129296302795]",0.3477,0.4583333333333333,0.47959183673469385,0.5127551020408163,0.5756802721088435,0.6037414965986394,0.6037414965986394,0.4387755102040816
246,0.5960884353741497,0.49159530403711194,0.3433336421382462,0.3274052576048424,0.5960884353741497,0.09828826785087585,0.05426597222685814,0.0,0.05502660013735294,0.29119099909439683,"[0.6989795565605164, 0.7823129296302795]",0.3798,0.461734693877551,0.47874149659863946,0.5136054421768708,0.576530612244898,0.6037414965986394,0.6037414965986394,0.4421768707482993
247,0.592687074829932,0.4874324945290426,0.34089788867372595,0.32416287482548584,0.592687074829932,0.09574830532073975,0.054258374497294426,0.0,0.055022357031702995,0.2761592010501772,"[0.6989795565605164, 0.7823129296302795]",0.4701,0.4608843537414966,0.477891156462585,0.5119047619047619,0.576530612244898,0.6028911564625851,0.6028911564625851,0.4421768707482993
248,0.5918367346938775,0.4863909244926964,0.34022151781934307,0.32263699167541393,0.5918367346938775,0.09554608166217804,0.05425078794360161,0.0,0.0550179798156023,0.36090080707799643,"[0.6989795565605164, 0.7823129296302795]",0.4898,0.46003401360544216,0.4770408163265306,0.5110544217687075,0.5756802721088435,0.6020408163265306,0.6020408163265306,0.4413265306122449
249,0.5918367346938775,0.4863909244926964,0.34022151781934307,0.32263699167541393,0.5918367346938775,0.09549381583929062,0.054243313148617744,0.0,0.05501358024775982,0.37758063501678407,"[0.6989795565605164, 0.7823129296302795]",0.4883,0.46003401360544216,0.4770408163265306,0.5102040816326531,0.5748299319727891,0.6020408163265306,0.6020408163265306,0.4413265306122449
250,0.5892857142857143,0.47014722796687725,0.3223763901842493,0.31359532126407114,0.5892857142857143,0.10786004364490509,0.05423578806221485,0.0,0.055009396746754646,0.4041875160764903,"[0.6989795565605164, 0.7823129296302795]",0.6736,0.4608843537414966,0.48214285714285715,0.5093537414965986,0.5748299319727891,0.6028911564625851,0.6028911564625851,0.4379251700680272
251,0.5892857142857143,0.4705655361660165,0.32076521374496614,0.31341242421228316,0.5892857142857143,0.10502757877111435,0.05422826111316681,0.0,0.05500532127916813,0.38602169696241617,"[0.6989795565605164, 0.7823129296302795]",0.8258,0.46003401360544216,0.4812925170068027,0.5076530612244898,0.5714285714285714,0.6011904761904762,0.6011904761904762,0.4362244897959184
252,0.5892857142857143,0.4704233756304951,0.32088788303927857,0.3140090163147482,0.5892857142857143,0.10456347465515137,0.05422067455947399,0.0,0.05500153452157974,0.586858176975511,"[0.6989795565605164, 0.7823129296302795]",0.433,0.45918367346938777,0.48214285714285715,0.5085034013605442,0.5731292517006803,0.6028911564625851,0.6028911564625851,0.4387755102040816
253,0.5901360544217688,0.47162966201308176,0.32131255655756985,0.3146407646462466,0.5901360544217688,0.10454819351434708,0.054213276132941246,0.0,0.05499756895005703,0.30537305399775505,"[0.6989795565605164, 0.7823129296302795]",0.395,0.46003401360544216,0.48214285714285715,0.5076530612244898,0.5731292517006803,0.6028911564625851,0.6028911564625851,0.4370748299319728
254,0.5901360544217688,0.47177146925534985,0.3211899816641773,0.31404356537601485,0.5901360544217688,0.1051148772239685,0.05420597456395626,0.0,0.05499347299337387,0.3187663920689374,"[0.6989795565605164, 0.7823129296302795]",0.3525,0.46003401360544216,0.483843537414966,0.5110544217687075,0.5756802721088435,0.6054421768707483,0.6054421768707483,0.44047619047619047
255,0.5909863945578231,0.47291256861661635,0.32123779184142676,0.3153160981556891,0.5909863945578231,0.10533507168292999,0.05419877544045448,0.0,0.054989324882626534,0.31099156802520156,"[0.6989795565605164, 0.7823129296302795]",0.3752,0.5119047619047619,0.532312925170068,0.5977891156462585,0.5918367346938775,0.625,0.625,0.4812925170068027
256,0.5909863945578231,0.47291256861661635,0.32123779184142676,0.3153160981556891,0.5909863945578231,0.10542204976081848,0.054191604256629944,0.0,0.05498511902987957,0.3273949770955369,"[0.6989795565605164, 0.7823129296302795]",0.3658,0.5119047619047619,0.532312925170068,0.5977891156462585,0.5918367346938775,0.625,0.625,0.4812925170068027
257,0.5901360544217688,0.4717458708012552,0.3207982171267416,0.3150299093645668,0.5901360544217688,0.10549048334360123,0.054184507578611374,0.0,0.05498069152235985,0.34337712405249476,"[0.6989795565605164, 0.7823129296302795]",0.3857,0.5119047619047619,0.532312925170068,0.5977891156462585,0.5918367346938775,0.625,0.625,0.4812925170068027
258,0.5901360544217688,0.4717458708012552,0.3207982171267416,0.3150299093645668,0.5901360544217688,0.10555671155452728,0.05417744070291519,0.0,0.054976269602775574,0.45575365191325545,"[0.6989795565605164, 0.7823129296302795]",0.6619,0.5153061224489796,0.5433673469387755,0.6028911564625851,0.5918367346938775,0.6224489795918368,0.6224489795918368,0.48554421768707484
259,0.5918367346938775,0.4738107888923069,0.32206771383199095,0.31674416423532553,0.5918367346938775,0.10547153651714325,0.054170478135347366,0.0,0.054971519857645035,0.6097552319988608,"[0.6989795565605164, 0.7823129296302795]",0.5966,0.516156462585034,0.54421768707483,0.6037414965986394,0.592687074829932,0.6232993197278912,0.6232993197278912,0.48639455782312924
260,0.5918367346938775,0.4738559106390198,0.3209356573840873,0.31719938902722294,0.5918367346938775,0.10541358590126038,0.0541637297719717,0.0,0.05496618710458279,0.4242902200203389,"[0.6989795565605164, 0.7823129296302795]",0.5617,0.516156462585034,0.54421768707483,0.6037414965986394,0.5918367346938775,0.6224489795918368,0.6224489795918368,0.4872448979591837
261,0.5501700680272109,0.4385119986714274,0.2977789869808668,0.23735442588279768,0.5501700680272109,0.12217366695404053,0.054157162085175514,0.0,0.05496050603687763,0.40273277403321117,"[0.6989795565605164, 0.7823129296302795]",0.3831,0.5102040816326531,0.5272108843537415,0.5943877551020408,0.592687074829932,0.6224489795918368,0.6224489795918368,0.477891156462585
262,0.5909863945578231,0.4727066969687366,0.322774455330952,0.3169555756459945,0.5909863945578231,0.11310921609401703,0.05415033921599388,0.0,0.054955391213297844,0.3233013720018789,"[0.6989795565605164, 0.7823129296302795]",0.3616,0.4574829931972789,0.47874149659863946,0.5110544217687075,0.5756802721088435,0.6028911564625851,0.6028911564625851,0.43962585034013607
263,0.5459183673469388,0.43330415557460644,0.2940080072650875,0.23270984551839669,0.5459183673469388,0.12203212082386017,0.05414364114403725,0.0,0.05494970083236694,0.41716371895745397,"[0.6989795565605164, 0.7823129296302795]",0.3465,0.45663265306122447,0.47619047619047616,0.5110544217687075,0.5739795918367347,0.6020408163265306,0.6020408163265306,0.43962585034013607
264,0.5382653061224489,0.4244843442163456,0.28802186103237615,0.22460504127931288,0.5416666666666666,0.12061021476984024,0.054137684404850006,0.0,0.05494343489408493,0.32407961797434837,"[0.6989795565605164, 0.7823129296302795]",0.3561,0.5085034013605442,0.5297619047619048,0.5969387755102041,0.5909863945578231,0.6224489795918368,0.6224489795918368,0.48299319727891155
265,0.5365646258503401,0.42259667532729617,0.28736027592733937,0.2228959892111849,0.5416666666666666,0.12037920206785202,0.054131776094436646,0.0,0.05493805930018425,0.3470098520629108,"[0.6989795565605164, 0.7823129296302795]",0.351,0.5085034013605442,0.5280612244897959,0.5960884353741497,0.5901360544217688,0.6232993197278912,0.6232993197278912,0.48214285714285715
266,0.5901360544217688,0.4713039066085146,0.3223394592927498,0.31783731780437197,0.5901360544217688,0.11450071632862091,0.054126372560858727,0.0,0.05493221431970596,0.3412427769508213,"[0.6989795565605164, 0.7823129296302795]",0.35,0.5144557823129252,0.5348639455782312,0.6037414965986394,0.592687074829932,0.6232993197278912,0.6232993197278912,0.4872448979591837
267,0.5892857142857143,0.47043522525764647,0.32081406585004135,0.31654095527621845,0.5892857142857143,0.10680987685918808,0.054121093824505806,0.0,0.05492661893367767,0.32457744202110916,"[0.6989795565605164, 0.7823129296302795]",0.3523,0.5144557823129252,0.5382653061224489,0.6037414965986394,0.5935374149659864,0.6232993197278912,0.6232993197278912,0.4872448979591837
268,0.5909863945578231,0.4728472377544174,0.3216442786963629,0.3177849418982339,0.5909863945578231,0.10616257786750793,0.05411583371460438,0.0,0.054921768605709076,0.3421036640647799,"[0.6989795565605164, 0.7823129296302795]",0.3648,0.5025510204081632,0.5467687074829932,0.5841836734693877,0.5858843537414966,0.6054421768707483,0.6054421768707483,0.4685374149659864
269,0.5909863945578231,0.4728472377544174,0.3216442786963629,0.3177849418982339,0.5909863945578231,0.10612377524375916,0.05410975217819214,0.0,0.0549171082675457,0.3347208119230345,"[0.6989795565605164, 0.7823129296302795]",0.3781,0.5042517006802721,0.5476190476190477,0.5850340136054422,0.5867346938775511,0.6062925170068028,0.6062925170068028,0.47023809523809523
270,0.5901360544217688,0.47164295967636694,0.32023061503891204,0.3168430308355019,0.5901360544217688,0.1061638593673706,0.05410448834300041,0.0,0.05491458438336849,0.3765278779901564,"[0.6989795565605164, 0.7823129296302795]",0.4338,0.5025510204081632,0.5476190476190477,0.5833333333333334,0.5850340136054422,0.6045918367346939,0.6045918367346939,0.4685374149659864
271,0.5901360544217688,0.47164295967636694,0.32023061503891204,0.3168430308355019,0.5901360544217688,0.10621300339698792,0.054099466651678085,0.0,0.054911479353904724,0.3264359299791977,"[0.6989795565605164, 0.7823129296302795]",0.3958,0.5017006802721088,0.5459183673469388,0.5841836734693877,0.5858843537414966,0.6054421768707483,0.6054421768707483,0.46938775510204084
272,0.5867346938775511,0.46768447552760173,0.314642289600019,0.3153723592919543,0.5867346938775511,0.10502704977989197,0.054094038903713226,0.0,0.05490894243121147,0.36855517292860895,"[0.6989795565605164, 0.7823129296302795]",0.4273,0.5025510204081632,0.5467687074829932,0.5833333333333334,0.5858843537414966,0.6062925170068028,0.6062925170068028,0.46938775510204084
273,0.5892857142857143,0.4711112559534063,0.31705364908753814,0.31840429591836017,0.5892857142857143,0.10499313473701477,0.054088979959487915,0.0,0.0549066923558712,0.3592069410951808,"[0.6989795565605164, 0.7823129296302795]",0.3896,0.5017006802721088,0.5467687074829932,0.5824829931972789,0.5850340136054422,0.6054421768707483,0.6054421768707483,0.4685374149659864
274,0.5892857142857143,0.4711112559534063,0.31705364908753814,0.31840429591836017,0.5892857142857143,0.10507546365261078,0.054083775728940964,0.0,0.054904207587242126,0.3871648770291358,"[0.6989795565605164, 0.7823129296302795]",0.378,0.5170068027210885,0.5399659863945578,0.6020408163265306,0.5935374149659864,0.6241496598639455,0.6241496598639455,0.48894557823129253
275,0.5892857142857143,0.4711112559534063,0.31705364908753814,0.31840429591836017,0.5892857142857143,0.10515330731868744,0.05407763831317425,0.0,0.05490102246403694,0.36473801801912487,"[0.6989795565605164, 0.7823129296302795]",0.3931,0.5025510204081632,0.5476190476190477,0.5850340136054422,0.5858843537414966,0.6062925170068028,0.6062925170068028,0.4710884353741497
276,0.5408163265306123,0.42726033031017985,0.29292607837118895,0.23576438236142241,0.548469387755102,0.12225797772407532,0.05407078005373478,0.0,0.05489853210747242,0.37774824106600136,"[0.6989795565605164, 0.7823129296302795]",0.4658,0.5,0.5408163265306123,0.5824829931972789,0.5850340136054422,0.6054421768707483,0.6054421768707483,0.46683673469387754
277,0.5425170068027211,0.42983256928066704,0.29631274277050385,0.23688233751804302,0.5493197278911565,0.12193562835454941,0.05406513065099716,0.0,0.05489281378686428,0.5543003699276596,"[0.6989795565605164, 0.7823129296302795]",0.5148,0.4651360544217687,0.48214285714285715,0.5289115646258503,0.5637755102040817,0.5816326530612245,0.5816326530612245,0.4217687074829932
278,0.5433673469387755,0.4309005658444095,0.29747477055243754,0.2374098052769685,0.5501700680272109,0.12208008021116257,0.054059410467743874,0.0,0.05488664656877518,0.44843987899366766,"[0.6989795565605164, 0.7823129296302795]",0.5178,0.4651360544217687,0.48214285714285715,0.5289115646258503,0.5637755102040817,0.5816326530612245,0.5816326530612245,0.4226190476190476
279,0.5433673469387755,0.43092364338919764,0.2989664140933817,0.2386625579629117,0.5510204081632653,0.12227801978588104,0.0540535394102335,0.0,0.05488062836229801,0.5274333750130609,"[0.6989795565605164, 0.7823129296302795]",0.4999,0.483843537414966,0.5025510204081632,0.5433673469387755,0.5722789115646258,0.6020408163265306,0.6020408163265306,0.4370748299319728
280,0.5501700680272109,0.4380321767644375,0.3025420205849997,0.24742496139126022,0.5527210884353742,0.11791345477104187,0.05404783599078655,0.0,0.05487525090575218,0.5282812119694427,"[0.6989795565605164, 0.7823129296302795]",0.5956,0.4812925170068027,0.5025510204081632,0.5433673469387755,0.5714285714285714,0.6011904761904762,0.6011904761904762,0.4268707482993197
281,0.548469387755102,0.43588766101370313,0.3042566618066676,0.24782833633785212,0.5527210884353742,0.11610567569732666,0.054042231291532516,0.0,0.054869865998625755,0.4713481400394812,"[0.6989795565605164, 0.7823129296302795]",0.4975,0.48299319727891155,0.5025510204081632,0.5425170068027211,0.5731292517006803,0.6020408163265306,0.6020408163265306,0.4260204081632653
282,0.5493197278911565,0.43675717879760567,0.3060946880690518,0.24942422875222175,0.5527210884353742,0.11500796675682068,0.05403667129576206,0.0,0.05486471578478813,0.4669876479310915,"[0.6989795565605164, 0.7823129296302795]",0.4955,0.48299319727891155,0.5025510204081632,0.5425170068027211,0.5722789115646258,0.6011904761904762,0.6011904761904762,0.4268707482993197
283,0.5467687074829932,0.43356389314122223,0.30639717566469193,0.2485768125857891,0.5518707482993197,0.1147235706448555,0.05403098091483116,0.0,0.054860131815075874,0.42946501809637994,"[0.6989795565605164, 0.7823129296302795]",0.5043,0.48639455782312924,0.5042517006802721,0.5459183673469388,0.5722789115646258,0.6028911564625851,0.6028911564625851,0.43537414965986393
284,0.5416666666666666,0.42551010512520493,0.31347173647166815,0.24840465022495486,0.5527210884353742,0.11609408259391785,0.05402538925409317,0.0,0.05485553294420242,0.4266254820395261,"[0.6989795565605164, 0.7823129296302795]",0.4997,0.4846938775510204,0.5059523809523809,0.5459183673469388,0.5731292517006803,0.6028911564625851,0.6028911564625851,0.43537414965986393
285,0.5348639455782312,0.4168210878260523,0.31588695602432143,0.23910554272326162,0.5399659863945578,0.12135035544633865,0.054019905626773834,0.0,0.05485088936984539,0.7331387479789555,"[0.6989795565605164, 0.7823129296302795]",0.5877,0.483843537414966,0.5042517006802721,0.5433673469387755,0.5714285714285714,0.6011904761904762,0.6011904761904762,0.43452380952380953
286,0.5314625850340136,0.41253628720061364,0.31209639074033196,0.23594942816089476,0.5357142857142857,0.11942215263843536,0.054014502093195915,0.0,0.05484628118574619,0.5473301600432023,"[0.6989795565605164, 0.7823129296302795]",0.5122,0.4846938775510204,0.5059523809523809,0.54421768707483,0.5705782312925171,0.6020408163265306,0.6020408163265306,0.43537414965986393
287,0.5535714285714286,0.43119264364596865,0.33478092590880637,0.28825068661041947,0.5637755102040817,0.1120668277144432,0.054009225219488144,0.0,0.05484166368842125,0.873895080992952,"[0.6989795565605164, 0.7823129296302795]",0.6143,0.483843537414966,0.5051020408163265,0.5399659863945578,0.5714285714285714,0.6003401360544217,0.6003401360544217,0.44047619047619047
288,0.5552721088435374,0.43294838296875837,0.336469010748078,0.29137675392181944,0.564625850340136,0.10670977830886841,0.05400392971932888,0.0,0.05483723618090153,0.6909991910215467,"[0.6989795565605164, 0.7823129296302795]",0.556,0.48214285714285715,0.5042517006802721,0.5374149659863946,0.5705782312925171,0.5986394557823129,0.5986394557823129,0.4379251700680272
289,0.5552721088435374,0.4326716864385908,0.33883509496475545,0.29210292595637216,0.564625850340136,0.10722381621599197,0.0539985578507185,0.0,0.054832927882671356,0.563456614036113,"[0.6989795565605164, 0.7823129296302795]",0.5232,0.48214285714285715,0.5051020408163265,0.5374149659863946,0.5705782312925171,0.5977891156462585,0.5977891156462585,0.4379251700680272
290,0.5552721088435374,0.43243819365173986,0.33869060875142604,0.2925327019590984,0.564625850340136,0.10741469264030457,0.05399308726191521,0.0,0.054828718304634094,0.409641740960069,"[0.6989795565605164, 0.7823129296302795]",0.5159,0.4812925170068027,0.5042517006802721,0.5365646258503401,0.5697278911564626,0.5969387755102041,0.5969387755102041,0.4370748299319728
291,0.5552721088435374,0.43243819365173986,0.33869060875142604,0.2925327019590984,0.564625850340136,0.10751985013484955,0.0539875403046608,0.0,0.05482466146349907,0.4357618970097974,"[0.6989795565605164, 0.7823129296302795]",0.6883,0.4804421768707483,0.5042517006802721,0.5348639455782312,0.5680272108843537,0.5952380952380952,0.5952380952380952,0.4336734693877551
292,0.5552721088435374,0.43257799829140886,0.33615411310173066,0.2931337479840764,0.564625850340136,0.10748687386512756,0.05398198775947094,0.0,0.05482066608965397,0.5998641090700403,"[0.6989795565605164, 0.7823129296302795]",0.8668,0.4804421768707483,0.5034013605442177,0.5348639455782312,0.5688775510204082,0.5960884353741497,0.5960884353741497,0.4336734693877551
293,0.5705782312925171,0.4549724540280994,0.3371546064008026,0.30846342215391204,0.5867346938775511,0.10295607894659042,0.05397651344537735,0.0,0.05481665022671223,0.5143577799899504,"[0.6989795565605164, 0.7823129296302795]",0.6522,0.5425170068027211,0.5671768707482994,0.5586734693877551,0.548469387755102,0.5782312925170068,0.5782312925170068,0.4685374149659864
294,0.564625850340136,0.4444292711013017,0.3284509340884993,0.299054899312113,0.5824829931972789,0.10102049261331558,0.053971067070961,0.0,0.054812777787446976,0.6964940159814432,"[0.6989795565605164, 0.7823129296302795]",0.6074,0.5493197278911565,0.5654761904761905,0.5586734693877551,0.548469387755102,0.576530612244898,0.576530612244898,0.47278911564625853
295,0.5850340136054422,0.46021913360490674,0.3281070631893831,0.31885470342151995,0.5901360544217688,0.11163964867591858,0.05396570265293121,0.0,0.0548093356192112,0.5128945440519601,"[0.6989795565605164, 0.7823129296302795]",0.3899,0.548469387755102,0.5714285714285714,0.5586734693877551,0.5493197278911565,0.5799319727891157,0.5799319727891157,0.47023809523809523
296,0.6011904761904762,0.48424187734071455,0.336777498530333,0.34378597006353473,0.6011904761904762,0.10094694048166275,0.05396037735044956,0.0,0.054805902764201164,0.34247452404815704,"[0.6989795565605164, 0.7823129296302795]",0.3554,0.548469387755102,0.5714285714285714,0.5586734693877551,0.5493197278911565,0.5790816326530612,0.5790816326530612,0.4685374149659864
297,0.5909863945578231,0.4753165320149524,0.32929971046858536,0.3270575440551527,0.6020408163265306,0.10638967156410217,0.0539554450660944,0.0,0.05480311065912247,0.3282278999686241,"[0.6989795565605164, 0.7823129296302795]",0.3556,0.548469387755102,0.5722789115646258,0.5586734693877551,0.5493197278911565,0.5782312925170068,0.5782312925170068,0.4685374149659864
298,0.5935374149659864,0.47919718274626655,0.33096568168266843,0.32885430424544904,0.6037414965986394,0.1076744794845581,0.05395049974322319,0.0,0.05479990877211094,0.36401022400241345,"[0.6989795565605164, 0.7823129296302795]",0.3587,0.5459183673469388,0.5722789115646258,0.5578231292517006,0.5476190476190477,0.5773809523809523,0.5773809523809523,0.467687074829932
299,0.592687074829932,0.4779683446996973,0.3310924694704383,0.3284596386617239,0.6037414965986394,0.10761432349681854,0.053945157676935196,0.0,0.05479712784290314,0.4213321499992162,"[0.6989795565605164, 0.7823129296302795]",0.4384,0.5459183673469388,0.5722789115646258,0.5586734693877551,0.5476190476190477,0.5773809523809523,0.5773809523809523,0.467687074829932
300,0.592687074829932,0.47481106198733136,0.3342037960155685,0.3309206076836855,0.5994897959183674,0.11008486151695251,0.05393991805613041,0.0,0.0547945573925972,0.31850014394149184,"[0.6989795565605164, 0.7823129296302795]",,,,,,,,
