round,ACC,Kappa,NMI,ARI,PURITY,alignment_loss,mean_reconstruction_loss,mean_consensus_loss,mean_local_total_loss,round_seconds,observed_rates,completion_eval_seconds,C025_ACC,C050_ACC,C075_ACC,C100_ACC,D0_ACC,E0_ACC,G0_ACC
1,0.33586626139817627,0.23702756344261777,0.3717673572228364,0.06887160101440395,0.3723404255319149,0.08759495615959167,0.29695774614810944,0.0,0.2912827581167221,1.9394680260447785,"[0.6580547094345093, 0.7537993788719177, 0.7264437675476074, 0.738601803779602]",0.883,0.34498480243161095,0.3662613981762918,0.42857142857142855,0.4209726443768997,0.43465045592705165,0.43465045592705165,0.34194528875379937
2,0.34498480243161095,0.25352053359444515,0.4395236698575767,0.15113927058716672,0.36930091185410335,0.06927411258220673,0.28852038085460663,0.0,0.2827734649181366,0.7621624850435182,"[0.6580547094345093, 0.7537993788719177, 0.7264437675476074, 0.738601803779602]",0.7112,0.35714285714285715,0.3844984802431611,0.45440729483282677,0.44984802431610943,0.45896656534954405,0.45896656534954405,0.35714285714285715
3,0.42401215805471126,0.36707807023554806,0.45871382317225345,0.29151458390506707,0.4331306990881459,0.06711637228727341,0.28022589534521103,0.0,0.2739643268287182,0.798720775055699,"[0.6580547094345093, 0.7537993788719177, 0.7264437675476074, 0.738601803779602]",0.7144,0.3282674772036474,0.35714285714285715,0.4316109422492401,0.43465045592705165,0.44376899696048633,0.44376899696048633,0.32370820668693007
4,0.41641337386018235,0.35100814219299825,0.48150079080697855,0.32379878402196816,0.425531914893617,0.0646100640296936,0.27103784307837486,0.0,0.2645562179386616,0.7639022029470652,"[0.6580547094345093, 0.7537993788719177, 0.7264437675476074, 0.738601803779602]",0.7134,0.29027355623100304,0.3100303951367781,0.378419452887538,0.4072948328267477,0.44832826747720367,0.44832826747720367,0.2826747720364742
5,0.43617021276595747,0.37604506662100035,0.49444665986649017,0.2926287176572623,0.44984802431610943,0.06440836191177368,0.2616373635828495,0.0,0.2550869882106781,0.7980370419099927,"[0.6580547094345093, 0.7537993788719177, 0.7264437675476074, 0.738601803779602]",1.0625,0.24468085106382978,0.2750759878419453,0.3161094224924012,0.3768996960486322,0.39209726443769,0.39209726443769,0.24620060790273557
6,0.44072948328267475,0.38039370219778246,0.45908997019253994,0.3156641037521208,0.45288753799392095,0.06261266767978668,0.2519646994769573,0.0,0.24527596682310104,1.1956346899969503,"[0.6580547094345093, 0.7537993788719177, 0.7264437675476074, 0.738601803779602]",0.9182,0.22340425531914893,0.2507598784194529,0.2872340425531915,0.35106382978723405,0.36930091185410335,0.36930091185410335,0.22036474164133737
7,0.41641337386018235,0.3494357461205132,0.4126169965292914,0.2640819598409631,0.43617021276595747,0.06265854090452194,0.24213099479675293,0.0,0.23519660532474518,0.955908227013424,"[0.6580547094345093, 0.7537993788719177, 0.7264437675476074, 0.738601803779602]",0.7575,0.24316109422492402,0.270516717325228,0.3161094224924012,0.3799392097264438,0.4027355623100304,0.4027355623100304,0.22796352583586627
8,0.3829787234042553,0.3188544736922623,0.38266396065606206,0.2628321045792411,0.3844984802431611,0.06551432609558105,0.232289656996727,0.0,0.22529273852705956,0.7699147349921986,"[0.6580547094345093, 0.7537993788719177, 0.7264437675476074, 0.738601803779602]",0.7431,0.24772036474164133,0.2735562310030395,0.331306990881459,0.3890577507598784,0.3951367781155015,0.3951367781155015,0.23252279635258358
9,0.38145896656534956,0.3266147180922352,0.3640602586217132,0.17231135378476903,0.3890577507598784,0.06651455909013748,0.22260526567697525,0.0,0.21554163098335266,0.9237214989261702,"[0.6580547094345093, 0.7537993788719177, 0.7264437675476074, 0.738601803779602]",0.7491,0.2507598784194529,0.2629179331306991,0.34802431610942247,0.3844984802431611,0.41033434650455924,0.41033434650455924,0.24164133738601823
10,0.34802431610942247,0.28516295677277226,0.3528107744889907,0.17605275942773213,0.3708206686930091,0.06561771780252457,0.21291840821504593,0.0,0.20592102967202663,0.9705967910122126,"[0.6580547094345093, 0.7537993788719177, 0.7264437675476074, 0.738601803779602]",0.7753,0.24620060790273557,0.25987841945288753,0.3069908814589666,0.3465045592705167,0.36930091185410335,0.36930091185410335,0.23708206686930092
11,0.36930091185410335,0.3000394748309503,0.34482627142818517,0.20857575433536382,0.3844984802431611,0.06620139628648758,0.20341810397803783,0.0,0.19653335213661194,0.810240907012485,"[0.6580547094345093, 0.7537993788719177, 0.7264437675476074, 0.738601803779602]",0.8053,0.22340425531914893,0.24316109422492402,0.303951367781155,0.331306990881459,0.3434650455927052,0.3434650455927052,0.22036474164133737
12,0.36322188449848025,0.29716983537017494,0.35216863294680734,0.19172223394698795,0.3662613981762918,0.06670194864273071,0.19414811208844185,0.0,0.1873902529478073,0.8313036150066182,"[0.6580547094345093, 0.7537993788719177, 0.7264437675476074, 0.738601803779602]",0.8559,0.2188449848024316,0.23404255319148937,0.30243161094224924,0.3601823708206687,0.37537993920972645,0.37537993920972645,0.2127659574468085
13,0.3601823708206687,0.3005991229022492,0.3398067611884858,0.16597761786435658,0.3829787234042553,0.06747089326381683,0.18507814034819603,0.0,0.17863168381154537,1.011221305001527,"[0.6580547094345093, 0.7537993788719177, 0.7264437675476074, 0.738601803779602]",1.0077,0.23860182370820668,0.24468085106382978,0.30547112462006076,0.3708206686930091,0.36930091185410335,0.36930091185410335,0.22188449848024316
14,0.31458966565349544,0.24988562169977524,0.2896792103015868,0.14162518493712142,0.34498480243161095,0.0686180591583252,0.17643967643380165,0.0,0.1702884193509817,0.9205204129684716,"[0.6580547094345093, 0.7537993788719177, 0.7264437675476074, 0.738601803779602]",0.8938,0.24012158054711247,0.24316109422492402,0.2796352583586626,0.32674772036474165,0.32674772036474165,0.32674772036474165,0.22948328267477203
15,0.31762917933130697,0.24500789639117027,0.2681950206215233,0.13592114299080663,0.3373860182370821,0.06809267401695251,0.1682235561311245,0.0,0.1624039188027382,0.964170080027543,"[0.6580547094345093, 0.7537993788719177, 0.7264437675476074, 0.738601803779602]",0.7846,0.21428571428571427,0.2188449848024316,0.25835866261398177,0.32370820668693007,0.34802431610942247,0.34802431610942247,0.20364741641337386
16,0.2507598784194529,0.19023167690544962,0.23444590733781384,0.06314814699471558,0.29635258358662614,0.06813617050647736,0.16044636815786362,0.0,0.15496959909796715,1.0876606230158359,"[0.6580547094345093, 0.7537993788719177, 0.7264437675476074, 0.738601803779602]",0.7154,0.20972644376899696,0.22492401215805471,0.24468085106382978,0.2872340425531915,0.3100303951367781,0.3100303951367781,0.2066869300911854
17,0.32066869300911854,0.2568841412730134,0.2768724536030098,0.12243037262306138,0.33282674772036475,0.06746039539575577,0.1531310547143221,0.0,0.14802580513060093,0.9413215290987864,"[0.6580547094345093, 0.7537993788719177, 0.7264437675476074, 0.738601803779602]",0.7301,0.2188449848024316,0.22188449848024316,0.2993920972644377,0.3373860182370821,0.3373860182370821,0.3373860182370821,0.20820668693009117
18,0.33586626139817627,0.26798992915276065,0.27264281053659,0.12960529387578718,0.3434650455927052,0.0662413239479065,0.14629648253321648,0.0,0.14157662354409695,1.0536969469394535,"[0.6580547094345093, 0.7537993788719177, 0.7264437675476074, 0.738601803779602]",1.031,0.2006079027355623,0.20972644376899696,0.23860182370820668,0.2765957446808511,0.2857142857142857,0.2857142857142857,0.19756838905775076
19,0.23708206686930092,0.16230637356840716,0.18740131262916054,0.06479409617269538,0.256838905775076,0.06706646084785461,0.13995101675391197,0.0,0.1356178093701601,1.0304202580591664,"[0.6580547094345093, 0.7537993788719177, 0.7264437675476074, 0.738601803779602]",0.7616,0.196048632218845,0.1945288753799392,0.23404255319148937,0.2796352583586626,0.2826747720364742,0.2826747720364742,0.196048632218845
20,0.3130699088145897,0.24226381252770657,0.2571931788896331,0.10069405409502913,0.31762917933130697,0.06760082393884659,0.1341071706265211,0.0,0.13014791533350945,1.020698476000689,"[0.6580547094345093, 0.7537993788719177, 0.7264437675476074, 0.738601803779602]",1.0729,0.1945288753799392,0.19756838905775076,0.24164133738601823,0.2872340425531915,0.2872340425531915,0.2872340425531915,0.196048632218845
21,0.26595744680851063,0.17639589304502423,0.1949281585583891,0.0938488447977749,0.30547112462006076,0.06614737957715988,0.12875332310795784,0.0,0.12516453117132187,0.8111228430643678,"[0.6580547094345093, 0.7537993788719177, 0.7264437675476074, 0.738601803779602]",0.8136,0.18541033434650456,0.1884498480243161,0.23252279635258358,0.26595744680851063,0.2948328267477204,0.2948328267477204,0.19148936170212766
22,0.23708206686930092,0.15354160206850775,0.17220435633154044,0.061090442954877665,0.26443768996960487,0.06548032909631729,0.1238840650767088,0.0,0.12063880730420351,0.9305241259280592,"[0.6580547094345093, 0.7537993788719177, 0.7264437675476074, 0.738601803779602]",0.8025,0.1778115501519757,0.17933130699088146,0.1884498480243161,0.22492401215805471,0.24772036474164133,0.24772036474164133,0.17933130699088146
23,0.26443768996960487,0.16983728944336418,0.18899497966033832,0.07452299505435958,0.29027355623100304,0.06503958255052567,0.11944610811769962,0.0,0.11653800029307604,0.8957322249189019,"[0.6580547094345093, 0.7537993788719177, 0.7264437675476074, 0.738601803779602]",0.893,0.18541033434650456,0.182370820668693,0.22036474164133737,0.25379939209726443,0.2811550151975684,0.2811550151975684,0.182370820668693
24,0.2887537993920973,0.21161492162078444,0.21095227774450293,0.12549026602846114,0.30243161094224924,0.06544500589370728,0.11546907760202885,0.0,0.11285331845283508,0.9652143319835886,"[0.6580547094345093, 0.7537993788719177, 0.7264437675476074, 0.738601803779602]",0.8398,0.1899696048632219,0.19300911854103345,0.26595744680851063,0.2887537993920973,0.30243161094224924,0.30243161094224924,0.18693009118541035
25,0.3100303951367781,0.22992728013260233,0.24932916951587145,0.12501432419478034,0.33282674772036475,0.0640517994761467,0.11187252774834633,0.0,0.1095395740121603,0.8221121761016548,"[0.6580547094345093, 0.7537993788719177, 0.7264437675476074, 0.738601803779602]",0.7173,0.2006079027355623,0.20516717325227962,0.2507598784194529,0.31458966565349544,0.3282674772036474,0.3282674772036474,0.19756838905775076
26,0.270516717325228,0.18808658970147074,0.22300190690509394,0.07760895838076691,0.3009118541033435,0.06308473646640778,0.10864467266947031,0.0,0.10656808409839869,0.9230069799814373,"[0.6580547094345093, 0.7537993788719177, 0.7264437675476074, 0.738601803779602]",0.8339,0.1899696048632219,0.18541033434650456,0.20516717325227962,0.24468085106382978,0.2750759878419453,0.2750759878419453,0.1884498480243161
27,0.26595744680851063,0.16600231451716607,0.1913262891001388,0.05841899497884317,0.2993920972644377,0.06439021974802017,0.10575200151652098,0.0,0.10390330664813519,1.0253913860069588,"[0.6580547094345093, 0.7537993788719177, 0.7264437675476074, 0.738601803779602]",0.7529,0.19756838905775076,0.1945288753799392,0.25227963525835867,0.2948328267477204,0.30547112462006076,0.30547112462006076,0.19300911854103345
28,0.29635258358662614,0.2192562978908792,0.24027869215107292,0.1060045517290992,0.31762917933130697,0.06290899217128754,0.10315772518515587,0.0,0.10151206701993942,1.0779584789415821,"[0.6580547094345093, 0.7537993788719177, 0.7264437675476074, 0.738601803779602]",0.7609,0.196048632218845,0.19908814589665655,0.22948328267477203,0.2978723404255319,0.29635258358662614,0.29635258358662614,0.1945288753799392
29,0.2826747720364742,0.19603214049039097,0.227566920070264,0.08305717203518428,0.3100303951367781,0.06281983852386475,0.10083513706922531,0.0,0.0993732726201415,0.7768379499902949,"[0.6580547094345093, 0.7537993788719177, 0.7264437675476074, 0.738601803779602]",0.7325,0.196048632218845,0.2066869300911854,0.2553191489361702,0.2978723404255319,0.30547112462006076,0.30547112462006076,0.196048632218845
30,0.2796352583586626,0.20856467149135716,0.21929918244289273,0.07599529873130045,0.3069908814589666,0.06293599307537079,0.09875235799700022,0.0,0.09745529852807522,0.7503631949657574,"[0.6580547094345093, 0.7537993788719177, 0.7264437675476074, 0.738601803779602]",0.8446,0.19148936170212766,0.19756838905775076,0.24012158054711247,0.2629179331306991,0.2765957446808511,0.2765957446808511,0.1884498480243161
31,0.2674772036474164,0.17829911263682885,0.18106431592188685,0.06644523670437415,0.2857142857142857,0.06247534975409508,0.09687820635735989,0.0,0.09572573937475681,0.9117034500231966,"[0.6580547094345093, 0.7537993788719177, 0.7264437675476074, 0.738601803779602]",0.8679,0.196048632218845,0.2066869300911854,0.24620060790273557,0.28419452887537994,0.3130699088145897,0.3130699088145897,0.196048632218845
32,0.27811550151975684,0.1975156491509148,0.230018085976283,0.08382308873335792,0.3191489361702128,0.06435410678386688,0.09519062843173742,0.0,0.09416707046329975,0.9439948339713737,"[0.6580547094345093, 0.7537993788719177, 0.7264437675476074, 0.738601803779602]",1.0079,0.18541033434650456,0.196048632218845,0.24468085106382978,0.2629179331306991,0.2765957446808511,0.2765957446808511,0.182370820668693
33,0.270516717325228,0.21136016899424948,0.2333063302965435,0.07154345025627841,0.30243161094224924,0.06371547281742096,0.09366964176297188,0.0,0.0927573973312974,1.0048670779215172,"[0.6580547094345093, 0.7537993788719177, 0.7264437675476074, 0.738601803779602]",1.0509,0.20212765957446807,0.20364741641337386,0.22644376899696048,0.2613981762917933,0.26595744680851063,0.26595744680851063,0.1945288753799392
34,0.2674772036474164,0.18329487866177752,0.2060511590377959,0.07535374245865996,0.2978723404255319,0.06240209937095642,0.09229340218007565,0.0,0.09148503560572863,1.0303857849212363,"[0.6580547094345093, 0.7537993788719177, 0.7264437675476074, 0.738601803779602]",0.8292,0.20364741641337386,0.2127659574468085,0.24620060790273557,0.2811550151975684,0.2948328267477204,0.2948328267477204,0.19300911854103345
35,0.23252279635258358,0.14537981976050363,0.20165423204102154,0.060470647314228465,0.27203647416413373,0.062437064945697784,0.09105520136654377,0.0,0.09033705107867718,0.733287587063387,"[0.6580547094345093, 0.7537993788719177, 0.7264437675476074, 0.738601803779602]",0.7152,0.19300911854103345,0.196048632218845,0.23100303951367782,0.26443768996960487,0.2689969604863222,0.2689969604863222,0.18541033434650456
36,0.2674772036474164,0.18035049271077508,0.20160077544217125,0.07390130336101347,0.2826747720364742,0.06284850835800171,0.08993789926171303,0.0,0.08929756935685873,0.7259327319916338,"[0.6580547094345093, 0.7537993788719177, 0.7264437675476074, 0.738601803779602]",0.9174,0.20820668693009117,0.19908814589665655,0.23860182370820668,0.26595744680851063,0.2917933130699088,0.2917933130699088,0.20516717325227962
37,0.24316109422492402,0.17191081369989702,0.21524147074914685,0.07361781051079445,0.2689969604863222,0.062263090163469315,0.08893957734107971,0.0,0.08836656995117664,0.8215403710491955,"[0.6580547094345093, 0.7537993788719177, 0.7264437675476074, 0.738601803779602]",0.7199,0.19756838905775076,0.19756838905775076,0.24924012158054712,0.28419452887537994,0.2993920972644377,0.2993920972644377,0.1884498480243161
38,0.3100303951367781,0.22683203321134449,0.22217540133016167,0.08728850395114256,0.31762917933130697,0.06279978156089783,0.08806280512362719,0.0,0.08753834292292595,0.7674178610322997,"[0.6580547094345093, 0.7537993788719177, 0.7264437675476074, 0.738601803779602]",0.7407,0.1945288753799392,0.2006079027355623,0.25835866261398177,0.3100303951367781,0.31762917933130697,0.31762917933130697,0.1884498480243161
39,0.26443768996960487,0.17959339289210385,0.17549535618634837,0.05939087395812628,0.2826747720364742,0.06299173831939697,0.08729685377329588,0.0,0.08678662125021219,0.7557690599933267,"[0.6580547094345093, 0.7537993788719177, 0.7264437675476074, 0.738601803779602]",0.7332,0.1778115501519757,0.1945288753799392,0.24164133738601823,0.28419452887537994,0.2993920972644377,0.2993920972644377,0.17933130699088146
40,0.270516717325228,0.18947009143610882,0.23396449760145008,0.07825594285856444,0.29027355623100304,0.062015093863010406,0.08657862711697817,0.0,0.0861084507778287,0.7852743969997391,"[0.6580547094345093, 0.7537993788719177, 0.7264437675476074, 0.738601803779602]",0.7142,0.182370820668693,0.18085106382978725,0.23860182370820668,0.24924012158054712,0.29635258358662614,0.29635258358662614,0.18085106382978725
41,0.30243161094224924,0.2345928685470995,0.2661617264056904,0.10459277897710596,0.30851063829787234,0.061956532299518585,0.08593875076621771,0.0,0.08550152648240328,0.7835014259908348,"[0.6580547094345093, 0.7537993788719177, 0.7264437675476074, 0.738601803779602]",0.7144,0.19300911854103345,0.20364741641337386,0.2613981762917933,0.3009118541033435,0.2993920972644377,0.2993920972644377,0.1899696048632219
42,0.2826747720364742,0.20658285667571874,0.25039363599297787,0.08566100489900147,0.2917933130699088,0.059403613209724426,0.08535969536751509,0.0,0.08495931979268789,0.7593951449962333,"[0.6580547094345093, 0.7537993788719177, 0.7264437675476074, 0.738601803779602]",0.7468,0.19908814589665655,0.22188449848024316,0.2674772036474164,0.32674772036474165,0.31155015197568386,0.31155015197568386,0.19756838905775076
43,0.2826747720364742,0.20373907492250865,0.2616843077305421,0.09503994182612341,0.3282674772036474,0.05918441340327263,0.08483983017504215,0.0,0.08446974214166403,0.7945958250202239,"[0.6580547094345093, 0.7537993788719177, 0.7264437675476074, 0.738601803779602]",0.7719,0.19756838905775076,0.196048632218845,0.26595744680851063,0.3069908814589666,0.303951367781155,0.303951367781155,0.19756838905775076
44,0.22644376899696048,0.1507890626584718,0.2050048287022809,0.06268087506753697,0.2613981762917933,0.05991358309984207,0.08437623362988234,0.0,0.08403465524315834,0.7712497640168294,"[0.6580547094345093, 0.7537993788719177, 0.7264437675476074, 0.738601803779602]",0.7114,0.20212765957446807,0.20212765957446807,0.29027355623100304,0.2978723404255319,0.32370820668693007,0.32370820668693007,0.2006079027355623
45,0.2750759878419453,0.1986570498500032,0.23567013223687622,0.09083489216232743,0.3130699088145897,0.0595315620303154,0.08396514784544706,0.0,0.08363974653184414,0.779773739981465,"[0.6580547094345093, 0.7537993788719177, 0.7264437675476074, 0.738601803779602]",0.7736,0.19148936170212766,0.1899696048632219,0.24468085106382978,0.30547112462006076,0.32674772036474165,0.32674772036474165,0.19148936170212766
46,0.2796352583586626,0.2084823229952063,0.25874512420322937,0.09009594659918069,0.3221884498480243,0.061381563544273376,0.08357922546565533,0.0,0.08328860066831112,0.8455710660200566,"[0.6580547094345093, 0.7537993788719177, 0.7264437675476074, 0.738601803779602]",0.9472,0.1899696048632219,0.196048632218845,0.2689969604863222,0.33282674772036475,0.2978723404255319,0.2978723404255319,0.19148936170212766
47,0.2796352583586626,0.19605725435813115,0.24905362633599312,0.0911347510418843,0.3069908814589666,0.05967514216899872,0.08323741890490055,0.0,0.08297458197921515,0.8073926330544055,"[0.6580547094345093, 0.7537993788719177, 0.7264437675476074, 0.738601803779602]",0.8541,0.19300911854103345,0.2006079027355623,0.2811550151975684,0.3434650455927052,0.3252279635258359,0.3252279635258359,0.1945288753799392
48,0.270516717325228,0.2005892313416402,0.2593475783894599,0.05988912640374366,0.3161094224924012,0.06059277057647705,0.08293089084327221,0.0,0.0826909001916647,0.8822565820300952,"[0.6580547094345093, 0.7537993788719177, 0.7264437675476074, 0.738601803779602]",0.8903,0.20516717325227962,0.22492401215805471,0.2796352583586626,0.3069908814589666,0.3130699088145897,0.3130699088145897,0.20364741641337386
49,0.22340425531914893,0.15190786553129654,0.20113360282802137,0.037046841975284905,0.270516717325228,0.06250456720590591,0.08265073038637638,0.0,0.08242944069206715,0.8865571430651471,"[0.6580547094345093, 0.7537993788719177, 0.7264437675476074, 0.738601803779602]",1.0111,0.1945288753799392,0.19908814589665655,0.2674772036474164,0.33282674772036475,0.31762917933130697,0.31762917933130697,0.19300911854103345
50,0.21732522796352582,0.13649174128643282,0.20045510718819753,0.03083590102198642,0.2629179331306991,0.061103567481040955,0.08240473922342062,0.0,0.08219068683683872,1.0172250360483304,"[0.6580547094345093, 0.7537993788719177, 0.7264437675476074, 0.738601803779602]",0.7788,0.20516717325227962,0.19908814589665655,0.2917933130699088,0.3343465045592705,0.3373860182370821,0.3373860182370821,0.20516717325227962
51,0.22796352583586627,0.16592682421692728,0.23804847039980842,0.03760553712006944,0.2796352583586626,0.06459270417690277,0.08217103779315948,0.0,0.08197662699967623,1.0183909779880196,"[0.6580547094345093, 0.7537993788719177, 0.7264437675476074, 0.738601803779602]",0.7783,0.18541033434650456,0.22188449848024316,0.2750759878419453,0.3373860182370821,0.3252279635258359,0.3252279635258359,0.18541033434650456
52,0.25379939209726443,0.18465091042158266,0.2270315599993005,0.044962006520900814,0.2765957446808511,0.06309354305267334,0.08196035493165255,0.0,0.08177775982767344,0.9557901789667085,"[0.6580547094345093, 0.7537993788719177, 0.7264437675476074, 0.738601803779602]",0.9129,0.18541033434650456,0.22340425531914893,0.3009118541033435,0.3282674772036474,0.34194528875379937,0.34194528875379937,0.18541033434650456
53,0.24620060790273557,0.17526981985055345,0.21459797165678918,0.053871004197580605,0.26595744680851063,0.06117274984717369,0.08178958762437105,0.0,0.08159852400422096,0.8343921679770574,"[0.6580547094345093, 0.7537993788719177, 0.7264437675476074, 0.738601803779602]",0.8169,0.19908814589665655,0.23708206686930092,0.3069908814589666,0.3343465045592705,0.3525835866261398,0.3525835866261398,0.2006079027355623
54,0.26443768996960487,0.19065190651906516,0.22079360975046003,0.06726286116516618,0.2811550151975684,0.06209854781627655,0.08165063336491585,0.0,0.08143630158156157,0.8509032079018652,"[0.6580547094345093, 0.7537993788719177, 0.7264437675476074, 0.738601803779602]",0.7704,0.22036474164133737,0.24620060790273557,0.34498480243161095,0.3525835866261398,0.3860182370820669,0.3860182370820669,0.22644376899696048
55,0.2613981762917933,0.18030820337731857,0.22004519547072127,0.06544800403867795,0.2811550151975684,0.06202574446797371,0.08149816002696753,0.0,0.0812862291932106,0.8417213599896058,"[0.6580547094345093, 0.7537993788719177, 0.7264437675476074, 0.738601803779602]",0.8021,0.22036474164133737,0.24620060790273557,0.3556231003039514,0.3677811550151976,0.3708206686930091,0.3708206686930091,0.22036474164133737
56,0.22796352583586627,0.1466740188757758,0.2080258706212944,0.03393690747960627,0.2613981762917933,0.06406153738498688,0.08134876005351543,0.0,0.0811450406908989,0.9007906129118055,"[0.6580547094345093, 0.7537993788719177, 0.7264437675476074, 0.738601803779602]",0.8151,0.22036474164133737,0.2629179331306991,0.3601823708206687,0.38145896656534956,0.3981762917933131,0.3981762917933131,0.22036474164133737
57,0.23708206686930092,0.16075693364635102,0.21923284289092188,0.04300267961733129,0.2674772036474164,0.0637764260172844,0.08120676130056381,0.0,0.0810075718909502,0.8747910130769014,"[0.6580547094345093, 0.7537993788719177, 0.7264437675476074, 0.738601803779602]",0.7768,0.23100303951367782,0.24924012158054712,0.2993920972644377,0.32978723404255317,0.3404255319148936,0.3404255319148936,0.22036474164133737
58,0.2553191489361702,0.18555099463214397,0.23101765910679037,0.06462679652836437,0.2765957446808511,0.06536930799484253,0.08109461795538664,0.0,0.08087684959173203,0.8586871139705181,"[0.6580547094345093, 0.7537993788719177, 0.7264437675476074, 0.738601803779602]",0.7789,0.20972644376899696,0.25835866261398177,0.3434650455927052,0.34194528875379937,0.3799392097264438,0.3799392097264438,0.20972644376899696
59,0.26595744680851063,0.19453892045598553,0.25370907131718184,0.058429750095635904,0.29635258358662614,0.06577131152153015,0.08095208927989006,0.0,0.08074872940778732,0.9989952920004725,"[0.6580547094345093, 0.7537993788719177, 0.7264437675476074, 0.738601803779602]",1.1774,0.23404255319148937,0.27811550151975684,0.34194528875379937,0.3738601823708207,0.3981762917933131,0.3981762917933131,0.23252279635258358
60,0.2887537993920973,0.20532426343646215,0.2650131289708989,0.08193621280022804,0.303951367781155,0.0651574432849884,0.08084269613027573,0.0,0.08062615897506475,1.272525559994392,"[0.6580547094345093, 0.7537993788719177, 0.7264437675476074, 0.738601803779602]",0.8659,0.22796352583586627,0.27203647416413373,0.34802431610942247,0.3708206686930091,0.4027355623100304,0.4027355623100304,0.22492401215805471
61,0.25835866261398177,0.18596149653448524,0.2253978346994976,0.054927630614184986,0.2750759878419453,0.0655023455619812,0.08071805164217949,0.0,0.08051401004195213,0.9103915019659325,"[0.6580547094345093, 0.7537993788719177, 0.7264437675476074, 0.738601803779602]",0.8368,0.24164133738601823,0.2750759878419453,0.3373860182370821,0.35106382978723405,0.38753799392097266,0.38753799392097266,0.24620060790273557
62,0.2811550151975684,0.21348155598403895,0.25106789383665995,0.08756551872621719,0.2933130699088146,0.06607264280319214,0.08059919066727161,0.0,0.08040621131658554,1.1066547449445352,"[0.6580547094345093, 0.7537993788719177, 0.7264437675476074, 0.738601803779602]",0.7996,0.24012158054711247,0.29027355623100304,0.36322188449848025,0.3708206686930091,0.4088145896656535,0.4088145896656535,0.23708206686930092
63,0.303951367781155,0.2345047436402199,0.2673223330193747,0.111361117434267,0.3100303951367781,0.0660455971956253,0.08048866596072912,0.0,0.08030063193291426,0.9177673029480502,"[0.6580547094345093, 0.7537993788719177, 0.7264437675476074, 0.738601803779602]",0.8073,0.27811550151975684,0.3282674772036474,0.38145896656534956,0.3951367781155015,0.4194528875379939,0.4194528875379939,0.2689969604863222
64,0.3100303951367781,0.23856374911744538,0.29612554448609757,0.10957716164552063,0.3252279635258359,0.06566374003887177,0.08039637375622988,0.0,0.08020055945962667,0.8831919189542532,"[0.6580547094345093, 0.7537993788719177, 0.7264437675476074, 0.738601803779602]",0.8141,0.270516717325228,0.2933130699088146,0.3525835866261398,0.3738601823708207,0.39969604863221886,0.39969604863221886,0.2689969604863222
65,0.34498480243161095,0.2790553422985992,0.3441086258104808,0.20093055370118942,0.35714285714285715,0.06750030815601349,0.08021946810185909,0.0,0.08010201994329691,0.9094438680913299,"[0.6580547094345093, 0.7537993788719177, 0.7264437675476074, 0.738601803779602]",0.8771,0.28419452887537994,0.3069908814589666,0.39361702127659576,0.3890577507598784,0.4133738601823708,0.4133738601823708,0.2826747720364742
66,0.2796352583586626,0.21378371565414678,0.2741940508407793,0.0695529022389506,0.2978723404255319,0.06627652794122696,0.08059690985828638,0.0,0.07999676279723644,1.0419080670690164,"[0.6580547094345093, 0.7537993788719177, 0.7264437675476074, 0.738601803779602]",1.1595,0.25835866261398177,0.2887537993920973,0.3465045592705167,0.3723404255319149,0.3966565349544073,0.3966565349544073,0.2553191489361702
67,0.33282674772036475,0.27202116935483867,0.34550708519113293,0.16068918082181916,0.3541033434650456,0.06751507520675659,0.08025823440402746,0.0,0.07991254143416882,0.862509696977213,"[0.6580547094345093, 0.7537993788719177, 0.7264437675476074, 0.738601803779602]",0.8088,0.27811550151975684,0.31762917933130697,0.3799392097264438,0.4088145896656535,0.4270516717325228,0.4270516717325228,0.2750759878419453
68,0.3252279635258359,0.25212534206423765,0.327517103814434,0.15566333519558845,0.33890577507598785,0.06538426131010056,0.0802258038893342,0.0,0.07981665339320898,0.8658611739519984,"[0.6580547094345093, 0.7537993788719177, 0.7264437675476074, 0.738601803779602]",0.7781,0.2933130699088146,0.33282674772036475,0.3890577507598784,0.39969604863221886,0.4133738601823708,0.4133738601823708,0.29027355623100304
69,0.31762917933130697,0.24667310923726926,0.3060820273613539,0.1622061008346338,0.32978723404255317,0.06555406749248505,0.08012648299336433,0.0,0.07972712349146605,0.8187589810695499,"[0.6580547094345093, 0.7537993788719177, 0.7264437675476074, 0.738601803779602]",0.7861,0.25379939209726443,0.2689969604863222,0.331306990881459,0.331306990881459,0.36930091185410335,0.36930091185410335,0.24924012158054712
70,0.2872340425531915,0.22290379278911776,0.28796673372485976,0.08525430630185561,0.32674772036474165,0.06509707868099213,0.08007950242608786,0.0,0.0796460909768939,0.9151775889331475,"[0.6580547094345093, 0.7537993788719177, 0.7264437675476074, 0.738601803779602]",0.8176,0.25987841945288753,0.2887537993920973,0.34194528875379937,0.378419452887538,0.3951367781155015,0.3951367781155015,0.256838905775076
71,0.30547112462006076,0.2356150037112732,0.32267103510451406,0.0983888645914345,0.3404255319148936,0.06622893363237381,0.0799500634893775,0.0,0.07957206387072802,0.8647389250108972,"[0.6580547094345093, 0.7537993788719177, 0.7264437675476074, 0.738601803779602]",0.7983,0.27203647416413373,0.30243161094224924,0.3708206686930091,0.4027355623100304,0.3951367781155015,0.3951367781155015,0.2765957446808511
72,0.3009118541033435,0.22803634870476497,0.3100797830246863,0.08711215501772217,0.3252279635258359,0.06538582593202591,0.07983517926186323,0.0,0.07949313707649708,0.8673772249603644,"[0.6580547094345093, 0.7537993788719177, 0.7264437675476074, 0.738601803779602]",1.2865,0.270516717325228,0.2993920972644377,0.3799392097264438,0.40577507598784196,0.43617021276595747,0.43617021276595747,0.26595744680851063
73,0.2765957446808511,0.19790004737697986,0.29097016147108723,0.0841549503125641,0.3100303951367781,0.06452438235282898,0.07976220920681953,0.0,0.07941859029233456,1.1608965379418805,"[0.6580547094345093, 0.7537993788719177, 0.7264437675476074, 0.738601803779602]",0.9075,0.2765957446808511,0.34194528875379937,0.38753799392097266,0.3981762917933131,0.41793313069908816,0.41793313069908816,0.2750759878419453
74,0.27203647416413373,0.19951134894612388,0.2904063403819104,0.06389247770497324,0.3191489361702128,0.06445451080799103,0.07966146152466536,0.0,0.07934716064482927,0.8512240760028362,"[0.6580547094345093, 0.7537993788719177, 0.7264437675476074, 0.738601803779602]",0.8539,0.27203647416413373,0.2993920972644377,0.3601823708206687,0.3966565349544073,0.4209726443768997,0.4209726443768997,0.2674772036474164
75,0.270516717325228,0.20214217147476377,0.29393036873753303,0.04215719688422516,0.33282674772036475,0.06434597074985504,0.07958094216883183,0.0,0.07929378096014261,0.9149851850233972,"[0.6580547094345093, 0.7537993788719177, 0.7264437675476074, 0.738601803779602]",0.7252,0.2917933130699088,0.3161094224924012,0.3966565349544073,0.4027355623100304,0.41185410334346506,0.41185410334346506,0.2978723404255319
76,0.303951367781155,0.24094643675729044,0.3127576034650155,0.0738007663425582,0.3495440729483283,0.0657602995634079,0.07948908768594265,0.0,0.0792265459895134,1.0340104589704424,"[0.6580547094345093, 0.7537993788719177, 0.7264437675476074, 0.738601803779602]",0.7535,0.2811550151975684,0.30547112462006076,0.3768996960486322,0.41033434650455924,0.4316109422492401,0.4316109422492401,0.2796352583586626
77,0.28419452887537994,0.17781421112950457,0.2881243953801038,0.05991403628609866,0.331306990881459,0.06486138701438904,0.07941793277859688,0.0,0.07915739715099335,0.7910484730964527,"[0.6580547094345093, 0.7537993788719177, 0.7264437675476074, 0.738601803779602]",0.8852,0.32370820668693007,0.3556231003039514,0.4148936170212766,0.425531914893617,0.4452887537993921,0.4452887537993921,0.3252279635258359
78,0.2978723404255319,0.23903977571403534,0.3283965368899031,0.10105563652083425,0.3404255319148936,0.06417243182659149,0.07931197248399258,0.0,0.07908328901976347,1.0946246379753575,"[0.6580547094345093, 0.7537993788719177, 0.7264437675476074, 0.738601803779602]",1.1444,0.27811550151975684,0.2872340425531915,0.3617021276595745,0.39209726443769,0.4209726443768997,0.4209726443768997,0.2765957446808511
79,0.31762917933130697,0.25105392709841134,0.33666690781025443,0.1380052618633571,0.3404255319148936,0.06392709165811539,0.07923206500709057,0.0,0.07900578435510397,1.0627071559429169,"[0.6580547094345093, 0.7537993788719177, 0.7264437675476074, 0.738601803779602]",1.0475,0.32674772036474165,0.37537993920972645,0.41033434650455924,0.4194528875379939,0.45288753799392095,0.45288753799392095,0.32674772036474165
80,0.33282674772036475,0.26388457088686956,0.3299419528683431,0.12113410873068539,0.3586626139817629,0.0628645196557045,0.07913159765303135,0.0,0.07893154583871365,1.0139631270430982,"[0.6580547094345093, 0.7537993788719177, 0.7264437675476074, 0.738601803779602]",0.8785,0.31155015197568386,0.3404255319148936,0.3738601823708207,0.37537993920972645,0.40425531914893614,0.40425531914893614,0.303951367781155
81,0.30547112462006076,0.24387594482189823,0.32515026896812266,0.09397091938548296,0.35106382978723405,0.06312678754329681,0.07906369864940643,0.0,0.07885257620364428,0.8286460459930822,"[0.6580547094345093, 0.7537993788719177, 0.7264437675476074, 0.738601803779602]",0.7634,0.30851063829787234,0.3465045592705167,0.39969604863221886,0.41185410334346506,0.43617021276595747,0.43617021276595747,0.303951367781155
82,0.3191489361702128,0.24852143410694627,0.3312663231858919,0.16777208646046404,0.35106382978723405,0.06415162980556488,0.0789728220552206,0.0,0.07877551671117544,0.8002100749872625,"[0.6580547094345093, 0.7537993788719177, 0.7264437675476074, 0.738601803779602]",0.7552,0.2811550151975684,0.31155015197568386,0.3617021276595745,0.3799392097264438,0.41185410334346506,0.41185410334346506,0.2765957446808511
83,0.3009118541033435,0.24035066144305262,0.3407737393873815,0.11189868159438131,0.331306990881459,0.0647018626332283,0.07890231255441904,0.0,0.07869961857795715,0.8368369539966807,"[0.6580547094345093, 0.7537993788719177, 0.7264437675476074, 0.738601803779602]",0.8214,0.3100303951367781,0.34194528875379937,0.3799392097264438,0.4088145896656535,0.4376899696048632,0.4376899696048632,0.303951367781155
84,0.2750759878419453,0.21485802625094752,0.31263653271530795,0.08392047210883526,0.33282674772036475,0.06453308463096619,0.07881123013794422,0.0,0.07861800584942102,0.9392521639820188,"[0.6580547094345093, 0.7537993788719177, 0.7264437675476074, 0.738601803779602]",0.8626,0.2948328267477204,0.3130699088145897,0.331306990881459,0.3617021276595745,0.3829787234042553,0.3829787234042553,0.2933130699088146
85,0.331306990881459,0.25778375953342303,0.3616281014307618,0.18855245321166775,0.3662613981762918,0.06326088309288025,0.07873525097966194,0.0,0.07854924537241459,0.8817241779761389,"[0.6580547094345093, 0.7537993788719177, 0.7264437675476074, 0.738601803779602]",0.8507,0.31155015197568386,0.3343465045592705,0.3951367781155015,0.39209726443769,0.41641337386018235,0.41641337386018235,0.303951367781155
86,0.2933130699088146,0.22072265958286752,0.32132309899679234,0.10577649970380669,0.33890577507598785,0.06366780400276184,0.0786491883918643,0.0,0.07847726996988058,0.8684091829927638,"[0.6580547094345093, 0.7537993788719177, 0.7264437675476074, 0.738601803779602]",0.8501,0.2993920972644377,0.32370820668693007,0.3662613981762918,0.3586626139817629,0.39361702127659576,0.39361702127659576,0.3009118541033435
87,0.32978723404255317,0.25630852977810603,0.3465610806497923,0.17911320275245923,0.35106382978723405,0.06375166773796082,0.0785620678216219,0.0,0.07840962242335081,0.828698271070607,"[0.6580547094345093, 0.7537993788719177, 0.7264437675476074, 0.738601803779602]",0.7817,0.3100303951367781,0.32978723404255317,0.3951367781155015,0.42401215805471126,0.44072948328267475,0.44072948328267475,0.3069908814589666
88,0.32978723404255317,0.25865500318071855,0.35366390198307057,0.19017502671173095,0.3495440729483283,0.06198295205831528,0.07848233263939619,0.0,0.07834305986762047,0.8876454390119761,"[0.6580547094345093, 0.7537993788719177, 0.7264437675476074, 0.738601803779602]",0.8639,0.2917933130699088,0.3130699088145897,0.3586626139817629,0.3844984802431611,0.3951367781155015,0.3951367781155015,0.29027355623100304
89,0.3161094224924012,0.2506567192885667,0.33330823229503564,0.12654800808451552,0.3343465045592705,0.06359077990055084,0.07842087745666504,0.0,0.07826893124729395,0.8296672629658133,"[0.6580547094345093, 0.7537993788719177, 0.7264437675476074, 0.738601803779602]",0.7588,0.31458966565349544,0.331306990881459,0.38145896656534956,0.39969604863221886,0.4331306990881459,0.4331306990881459,0.3130699088145897
90,0.32066869300911854,0.25551480359325995,0.33792324591474193,0.14146539900945498,0.3541033434650456,0.0622657835483551,0.07839418854564428,0.0,0.07819970604032278,0.8365778870647773,"[0.6580547094345093, 0.7537993788719177, 0.7264437675476074, 0.738601803779602]",0.8184,0.3069908814589666,0.33890577507598785,0.39361702127659576,0.39209726443769,0.42857142857142855,0.42857142857142855,0.30547112462006076
91,0.3586626139817629,0.28999099946815043,0.3799294995512119,0.19240318884068508,0.3586626139817629,0.06329131126403809,0.07828942686319351,0.0,0.07812999933958054,0.8275630159769207,"[0.6580547094345093, 0.7537993788719177, 0.7264437675476074, 0.738601803779602]",0.7574,0.3404255319148936,0.36930091185410335,0.41033434650455924,0.3951367781155015,0.44224924012158057,0.44224924012158057,0.331306990881459
92,0.36322188449848025,0.29472827922111144,0.36302891909428525,0.19748875398612611,0.36322188449848025,0.06149677559733391,0.07823226042091846,0.0,0.07806266937404871,0.8431416340172291,"[0.6580547094345093, 0.7537993788719177, 0.7264437675476074, 0.738601803779602]",0.7421,0.3282674772036474,0.3768996960486322,0.4088145896656535,0.39361702127659576,0.41641337386018235,0.41641337386018235,0.3161094224924012
93,0.33586626139817627,0.26024049271678573,0.3509577666745097,0.1735703430033226,0.34802431610942247,0.060569796711206436,0.07817203085869551,0.0,0.07799451239407063,0.86428292398341,"[0.6580547094345093, 0.7537993788719177, 0.7264437675476074, 0.738601803779602]",0.8236,0.3586626139817629,0.41033434650455924,0.43465045592705165,0.4316109422492401,0.45288753799392095,0.45288753799392095,0.34498480243161095
94,0.31762917933130697,0.24663661121367586,0.32817283583097834,0.11543579946455228,0.33282674772036475,0.06075074151158333,0.07809414528310299,0.0,0.07792466692626476,0.7986959429690614,"[0.6580547094345093, 0.7537993788719177, 0.7264437675476074, 0.738601803779602]",0.8833,0.30851063829787234,0.3662613981762918,0.39969604863221886,0.4148936170212766,0.4331306990881459,0.4331306990881459,0.3009118541033435
95,0.2689969604863222,0.1984998050050394,0.2674372845804387,0.04061061345770745,0.29027355623100304,0.062198735773563385,0.07802300713956356,0.0,0.07785259000957012,0.9047190189594403,"[0.6580547094345093, 0.7537993788719177, 0.7264437675476074, 0.738601803779602]",1.0631,0.3191489361702128,0.378419452887538,0.3860182370820669,0.3981762917933131,0.44680851063829785,0.44680851063829785,0.30547112462006076
96,0.3252279635258359,0.2598875208998328,0.3551897552251403,0.12221615877458741,0.3434650455927052,0.06079462543129921,0.07795959431678057,0.0,0.07778604980558157,1.162486128974706,"[0.6580547094345093, 0.7537993788719177, 0.7264437675476074, 0.738601803779602]",0.9265,0.3191489361702128,0.364741641337386,0.3890577507598784,0.4133738601823708,0.45592705167173253,0.45592705167173253,0.30851063829787234
97,0.3221884498480243,0.2573081507613738,0.346673995754266,0.10785241015499024,0.3404255319148936,0.06004637852311134,0.0778787899762392,0.0,0.07771997060626745,0.8215886020334437,"[0.6580547094345093, 0.7537993788719177, 0.7264437675476074, 0.738601803779602]",0.7543,0.3465045592705167,0.3905775075987842,0.4148936170212766,0.4072948328267477,0.4452887537993921,0.4452887537993921,0.34498480243161095
98,0.30243161094224924,0.23266573339871288,0.31377937189441113,0.10241316711014763,0.30547112462006076,0.061406806111335754,0.07779695373028517,0.0,0.07765694987028837,0.8207589810481295,"[0.6580547094345093, 0.7537993788719177, 0.7264437675476074, 0.738601803779602]",0.7454,0.3221884498480243,0.38145896656534956,0.4072948328267477,0.41185410334346506,0.4574468085106383,0.4574468085106383,0.3130699088145897
99,0.2933130699088146,0.22816320146915636,0.3203514171441421,0.056888499157197576,0.32066869300911854,0.06303196400403976,0.07776921521872282,0.0,0.0775848887860775,0.9646916550118476,"[0.6580547094345093, 0.7537993788719177, 0.7264437675476074, 0.738601803779602]",0.7887,0.331306990881459,0.3829787234042553,0.3905775075987842,0.4012158054711246,0.4331306990881459,0.4331306990881459,0.32370820668693007
100,0.32370820668693007,0.25673308795532435,0.3522946459758817,0.1094115804289393,0.3343465045592705,0.06085999310016632,0.07766533736139536,0.0,0.07752111554145813,0.9625705099897459,"[0.6580547094345093, 0.7537993788719177, 0.7264437675476074, 0.738601803779602]",1.2279,0.34194528875379937,0.39969604863221886,0.42401215805471126,0.4072948328267477,0.4331306990881459,0.4331306990881459,0.3343465045592705
101,0.2978723404255319,0.23565706699654532,0.3102500178426421,0.07906439834895214,0.3373860182370821,0.06040967255830765,0.07766562979668379,0.0,0.07745682448148727,0.835513397003524,"[0.6580547094345093, 0.7537993788719177, 0.7264437675476074, 0.738601803779602]",0.8014,0.30243161094224924,0.3677811550151976,0.41793313069908816,0.40577507598784196,0.4209726443768997,0.4209726443768997,0.2887537993920973
102,0.34194528875379937,0.27663669092146215,0.3522219847929713,0.1301136914669805,0.35106382978723405,0.06075113266706467,0.07753442786633968,0.0,0.07739725895226002,1.0692291709128767,"[0.6580547094345093, 0.7537993788719177, 0.7264437675476074, 0.738601803779602]",1.1122,0.31458966565349544,0.34194528875379937,0.41185410334346506,0.3981762917933131,0.42249240121580545,0.42249240121580545,0.30547112462006076
103,0.3252279635258359,0.26062176690321215,0.3349960050433266,0.10616784302155119,0.331306990881459,0.06007485091686249,0.07745185401290655,0.0,0.07734031416475773,0.9264752169838175,"[0.6580547094345093, 0.7537993788719177, 0.7264437675476074, 0.738601803779602]",0.7735,0.31458966565349544,0.3738601823708207,0.42401215805471126,0.43617021276595747,0.46504559270516715,0.46504559270516715,0.30851063829787234
104,0.32066869300911854,0.2578423060618906,0.3375984891132562,0.10630036275707919,0.32978723404255317,0.06319677084684372,0.07744177151471376,0.0,0.0772663140669465,0.8164497010875493,"[0.6580547094345093, 0.7537993788719177, 0.7264437675476074, 0.738601803779602]",0.8238,0.32370820668693007,0.38753799392097266,0.42249240121580545,0.4148936170212766,0.45592705167173253,0.45592705167173253,0.3221884498480243
105,0.3282674772036474,0.262174641026942,0.3421836978343627,0.12326866021542685,0.34194528875379937,0.06157093495130539,0.07737208157777786,0.0,0.07720312848687172,0.896392855909653,"[0.6580547094345093, 0.7537993788719177, 0.7264437675476074, 0.738601803779602]",1.102,0.2826747720364742,0.3465045592705167,0.37537993920972645,0.3768996960486322,0.4133738601823708,0.4133738601823708,0.27811550151975684
106,0.3221884498480243,0.25463144045798813,0.3435153971986832,0.1156558744872731,0.3434650455927052,0.06120029836893082,0.07729929033666849,0.0,0.07713789120316505,1.3154775779694319,"[0.6580547094345093, 0.7537993788719177, 0.7264437675476074, 0.738601803779602]",1.0584,0.32978723404255317,0.3890577507598784,0.4194528875379939,0.4088145896656535,0.4513677811550152,0.4513677811550152,0.31458966565349544
107,0.32066869300911854,0.24909815495140375,0.32109343704129756,0.11543272239481418,0.32978723404255317,0.05990350991487503,0.07720866240561008,0.0,0.07707714475691319,1.2084105879766867,"[0.6580547094345093, 0.7537993788719177, 0.7264437675476074, 0.738601803779602]",0.9696,0.3677811550151976,0.41641337386018235,0.44984802431610943,0.4331306990881459,0.46808510638297873,0.46808510638297873,0.3601823708206687
108,0.3069908814589666,0.23764806317362064,0.3340354255185918,0.11538833761461166,0.3404255319148936,0.06290565431118011,0.07715284172445536,0.0,0.07710712309926748,0.8036034610122442,"[0.6580547094345093, 0.7537993788719177, 0.7264437675476074, 0.738601803779602]",0.8355,0.378419452887538,0.4072948328267477,0.40425531914893614,0.3981762917933131,0.42857142857142855,0.42857142857142855,0.3677811550151976
109,0.34498480243161095,0.28350146913552177,0.3875903630182044,0.16343201211646313,0.3723404255319149,0.06100530922412872,0.0770847974345088,0.0,0.07700411044061184,0.7977155109401792,"[0.6580547094345093, 0.7537993788719177, 0.7264437675476074, 0.738601803779602]",0.9251,0.33282674772036475,0.40425531914893614,0.4316109422492401,0.4088145896656535,0.45592705167173253,0.45592705167173253,0.33282674772036475
110,0.33890577507598785,0.27099676032518993,0.3349554944056902,0.13460242301928294,0.35106382978723405,0.06111094355583191,0.07693801261484623,0.0,0.07689216081053019,1.3565543059958145,"[0.6580547094345093, 0.7537993788719177, 0.7264437675476074, 0.738601803779602]",1.0422,0.36322188449848025,0.43465045592705165,0.44072948328267475,0.43465045592705165,0.46504559270516715,0.46504559270516715,0.3495440729483283
111,0.3586626139817629,0.29414037576229013,0.3826381784304217,0.13826321426974386,0.3601823708206687,0.06082933023571968,0.07694001588970423,0.0,0.07679031416773796,0.8933820339152589,"[0.6580547094345093, 0.7537993788719177, 0.7264437675476074, 0.738601803779602]",0.7795,0.3252279635258359,0.39361702127659576,0.40577507598784196,0.39209726443769,0.44680851063829785,0.44680851063829785,0.31458966565349544
112,0.31458966565349544,0.24508267616382606,0.32560637059143954,0.09859280506149447,0.3282674772036474,0.06112479418516159,0.07691493164747953,0.0,0.07669985573738813,0.8983370210044086,"[0.6580547094345093, 0.7537993788719177, 0.7264437675476074, 0.738601803779602]",0.7863,0.3586626139817629,0.41641337386018235,0.439209726443769,0.44832826747720367,0.47112462006079026,0.47112462006079026,0.3601823708206687
113,0.37537993920972645,0.30722647744447573,0.3806556863489104,0.2058783673791481,0.3768996960486322,0.06128475442528725,0.07682282384485006,0.0,0.07662500161677599,1.0130143309943378,"[0.6580547094345093, 0.7537993788719177, 0.7264437675476074, 0.738601803779602]",0.7849,0.3282674772036474,0.3860182370820669,0.41185410334346506,0.4209726443768997,0.45896656534954405,0.45896656534954405,0.30547112462006076
114,0.3677811550151976,0.29966867508411044,0.3781994769213696,0.18379931609088107,0.36930091185410335,0.06151347607374191,0.07673660106956959,0.0,0.07655350212007761,0.78314260893967,"[0.6580547094345093, 0.7537993788719177, 0.7264437675476074, 0.738601803779602]",0.8046,0.3844984802431611,0.41793313069908816,0.4452887537993921,0.4209726443768997,0.47720364741641336,0.47720364741641336,0.3905775075987842
115,0.3905775075987842,0.32424153950960666,0.4077503516800155,0.23340175871298943,0.3951367781155015,0.06201433390378952,0.07671748474240303,0.0,0.07648784760385752,0.9086624180199578,"[0.6580547094345093, 0.7537993788719177, 0.7264437675476074, 0.738601803779602]",0.7787,0.37537993920972645,0.42857142857142855,0.4270516717325228,0.4194528875379939,0.45440729483282677,0.45440729483282677,0.3601823708206687
116,0.2811550151975684,0.20794311657640785,0.26579789875207477,0.06212792970050639,0.2872340425531915,0.06193704158067703,0.07658557873219252,0.0,0.07643091306090355,0.9760505430167541,"[0.6580547094345093, 0.7537993788719177, 0.7264437675476074, 0.738601803779602]",0.8502,0.3768996960486322,0.4133738601823708,0.43009118541033436,0.43009118541033436,0.47416413373860183,0.47416413373860183,0.364741641337386
117,0.3282674772036474,0.2562766267574298,0.33575174720949186,0.13094551080482256,0.3373860182370821,0.063149094581604,0.07662961538881063,0.0,0.07635857630521059,0.8384184499736875,"[0.6580547094345093, 0.7537993788719177, 0.7264437675476074, 0.738601803779602]",0.8897,0.36322188449848025,0.41793313069908816,0.4270516717325228,0.41641337386018235,0.4635258358662614,0.4635258358662614,0.3586626139817629
118,0.3768996960486322,0.30656193210588956,0.3802619761605777,0.1907712849802248,0.3799392097264438,0.06235785037279129,0.07665455248206854,0.0,0.076310308650136,0.8847434350755066,"[0.6580547094345093, 0.7537993788719177, 0.7264437675476074, 0.738601803779602]",1.0641,0.3434650455927052,0.4012158054711246,0.4194528875379939,0.4133738601823708,0.45288753799392095,0.45288753799392095,0.3404255319148936
119,0.32674772036474165,0.2577353714837195,0.3431878490131911,0.12328397620322182,0.34194528875379937,0.06345030665397644,0.07659519370645285,0.0,0.07626495230942965,1.0842098370194435,"[0.6580547094345093, 0.7537993788719177, 0.7264437675476074, 0.738601803779602]",1.1534,0.3601823708206687,0.4072948328267477,0.42249240121580545,0.42401215805471126,0.46048632218844987,0.46048632218844987,0.3541033434650456
120,0.32370820668693007,0.2549913619605678,0.33457044587162005,0.10051341404291352,0.33282674772036475,0.06305724382400513,0.07654726970940828,0.0,0.07625890336930752,1.3498237549792975,"[0.6580547094345093, 0.7537993788719177, 0.7264437675476074, 0.738601803779602]",1.0933,0.35714285714285715,0.4194528875379939,0.42401215805471126,0.43009118541033436,0.46504559270516715,0.46504559270516715,0.3541033434650456
121,0.35106382978723405,0.28133049241213137,0.3581218247731004,0.1382312162497688,0.36322188449848025,0.06215967983007431,0.0764617370441556,0.0,0.07620564568787813,1.09239080210682,"[0.6580547094345093, 0.7537993788719177, 0.7264437675476074, 0.738601803779602]",1.0854,0.378419452887538,0.4452887537993921,0.45440729483282677,0.44680851063829785,0.4726443768996961,0.4726443768996961,0.3617021276595745
122,0.33282674772036475,0.26337022491967155,0.35233247104063414,0.1245560097744903,0.34498480243161095,0.06273774802684784,0.07636880595237017,0.0,0.07614812161773443,1.106200450914912,"[0.6580547094345093, 0.7537993788719177, 0.7264437675476074, 0.738601803779602]",1.3838,0.38753799392097266,0.439209726443769,0.45896656534954405,0.45896656534954405,0.47112462006079026,0.47112462006079026,0.3677811550151976
123,0.3252279635258359,0.2560465696635109,0.3495554418114781,0.121372747897949,0.34194528875379937,0.06221304088830948,0.0762842046096921,0.0,0.07609913684427738,1.5753458959516138,"[0.6580547094345093, 0.7537993788719177, 0.7264437675476074, 0.738601803779602]",1.1403,0.3662613981762918,0.4270516717325228,0.4376899696048632,0.43009118541033436,0.4787234042553192,0.4787234042553192,0.3556231003039514
124,0.31458966565349544,0.2441712978763504,0.32811905381939294,0.10059738344901033,0.3282674772036474,0.06153406202793121,0.07621477544307709,0.0,0.07605037372559309,1.1155790250049904,"[0.6580547094345093, 0.7537993788719177, 0.7264437675476074, 0.738601803779602]",1.0563,0.3662613981762918,0.41033434650455924,0.439209726443769,0.4270516717325228,0.45288753799392095,0.45288753799392095,0.3525835866261398
125,0.2978723404255319,0.2293030932225949,0.30629577625408405,0.06883798510506435,0.3191489361702128,0.061781130731105804,0.07620235159993172,0.0,0.07600127812474966,1.1672689690021798,"[0.6580547094345093, 0.7537993788719177, 0.7264437675476074, 0.738601803779602]",1.1177,0.36322188449848025,0.4133738601823708,0.44680851063829785,0.4376899696048632,0.46200607902735563,0.46200607902735563,0.3541033434650456
126,0.3069908814589666,0.23708593106394238,0.32261098396882226,0.08626179995518736,0.31762917933130697,0.06176898255944252,0.07612726744264364,0.0,0.07595599442720413,1.0298086050897837,"[0.6580547094345093, 0.7537993788719177, 0.7264437675476074, 0.738601803779602]",1.0607,0.36322188449848025,0.4194528875379939,0.439209726443769,0.4452887537993921,0.4726443768996961,0.4726443768996961,0.3556231003039514
127,0.2978723404255319,0.227595529142137,0.32451696336115343,0.08694128044835363,0.3221884498480243,0.061708077788352966,0.07606917154043913,0.0,0.0759137338027358,0.8539607239654288,"[0.6580547094345093, 0.7537993788719177, 0.7264437675476074, 0.738601803779602]",0.7896,0.3723404255319149,0.4209726443768997,0.44984802431610943,0.44984802431610943,0.4635258358662614,0.4635258358662614,0.3662613981762918
128,0.32978723404255317,0.2625530509034537,0.3352311262163348,0.09952165024811378,0.34802431610942247,0.06452064216136932,0.07598812784999609,0.0,0.07587260659784079,0.9260157200042158,"[0.6580547094345093, 0.7537993788719177, 0.7264437675476074, 0.738601803779602]",0.7474,0.35106382978723405,0.4072948328267477,0.43617021276595747,0.4574468085106383,0.47112462006079026,0.47112462006079026,0.34802431610942247
129,0.3343465045592705,0.26422261935154445,0.34520429612056214,0.11510403258478709,0.3495440729483283,0.06419236958026886,0.07597752381116152,0.0,0.0758319990709424,0.8097203300567344,"[0.6580547094345093, 0.7537993788719177, 0.7264437675476074, 0.738601803779602]",0.8553,0.364741641337386,0.4088145896656535,0.44072948328267475,0.439209726443769,0.4696048632218845,0.4696048632218845,0.3465045592705167
130,0.30547112462006076,0.23725915930236108,0.3222060624227362,0.08720303253313715,0.3343465045592705,0.06213938072323799,0.07588222995400429,0.0,0.07579170446842909,0.7711929089855403,"[0.6580547094345093, 0.7537993788719177, 0.7264437675476074, 0.738601803779602]",0.8506,0.3738601823708207,0.43465045592705165,0.45288753799392095,0.4513677811550152,0.4696048632218845,0.4696048632218845,0.36322188449848025
131,0.31762917933130697,0.24581543229258396,0.32668262683481664,0.10302747028208672,0.3343465045592705,0.06201505288481712,0.07585981767624617,0.0,0.07574890460819006,0.7801396589493379,"[0.6580547094345093, 0.7537993788719177, 0.7264437675476074, 0.738601803779602]",0.7507,0.378419452887538,0.43009118541033436,0.45288753799392095,0.44832826747720367,0.4817629179331307,0.4817629179331307,0.3723404255319149
132,0.2629179331306991,0.14387962324586934,0.25468835269720486,0.04506084408728203,0.2933130699088146,0.06253793835639954,0.07579067815095186,0.0,0.07571094390004873,0.781136931036599,"[0.6580547094345093, 0.7537993788719177, 0.7264437675476074, 0.738601803779602]",0.8662,0.3951367781155015,0.4513677811550152,0.44984802431610943,0.44984802431610943,0.48328267477203646,0.48328267477203646,0.3966565349544073
133,0.31762917933130697,0.24786215991222071,0.3283343330894477,0.09716182834280444,0.331306990881459,0.062330689281225204,0.07581305131316185,0.0,0.07567147072404623,0.7682505280245095,"[0.6580547094345093, 0.7537993788719177, 0.7264437675476074, 0.738601803779602]",0.9625,0.40425531914893614,0.44680851063829785,0.46504559270516715,0.46048632218844987,0.47112462006079026,0.47112462006079026,0.39209726443769
134,0.34194528875379937,0.2758037827162251,0.3597753388631803,0.10862655791232305,0.3601823708206687,0.0624525249004364,0.07573806587606668,0.0,0.0756364343687892,0.8932758519658819,"[0.6580547094345093, 0.7537993788719177, 0.7264437675476074, 0.738601803779602]",0.7548,0.39969604863221886,0.42401215805471126,0.45288753799392095,0.45592705167173253,0.4787234042553192,0.4787234042553192,0.39209726443769
135,0.33586626139817627,0.2677681067894412,0.3488478128697034,0.11230145735685385,0.3541033434650456,0.06165161728858948,0.07571708876639605,0.0,0.07560022175312042,0.8251390339573845,"[0.6580547094345093, 0.7537993788719177, 0.7264437675476074, 0.738601803779602]",0.7551,0.3708206686930091,0.4027355623100304,0.4574468085106383,0.4574468085106383,0.46656534954407297,0.46656534954407297,0.36930091185410335
136,0.3617021276595745,0.293026968120213,0.3747166582544279,0.14544703809660725,0.3768996960486322,0.0615139901638031,0.07565699890255928,0.0,0.07556574139744043,1.1355156250065193,"[0.6580547094345093, 0.7537993788719177, 0.7264437675476074, 0.738601803779602]",1.3776,0.3541033434650456,0.3860182370820669,0.44680851063829785,0.44224924012158057,0.48024316109422494,0.48024316109422494,0.3495440729483283
137,0.31762917933130697,0.2509285998615658,0.34625928196674344,0.11373914001051497,0.3541033434650456,0.06034689396619797,0.07561563700437546,0.0,0.07551681250333786,1.016322392039001,"[0.6580547094345093, 0.7537993788719177, 0.7264437675476074, 0.738601803779602]",1.0138,0.3617021276595745,0.43617021276595747,0.45592705167173253,0.45896656534954405,0.4817629179331307,0.4817629179331307,0.35714285714285715
138,0.33890577507598785,0.2681055842651523,0.3669290603386919,0.13676465978184277,0.3601823708206687,0.060047440230846405,0.07559575140476227,0.0,0.07549845520406961,1.0415313760749996,"[0.6580547094345093, 0.7537993788719177, 0.7264437675476074, 0.738601803779602]",1.1658,0.3768996960486322,0.439209726443769,0.4635258358662614,0.44376899696048633,0.46656534954407297,0.46656534954407297,0.3677811550151976
139,0.39969604863221886,0.33120273375482145,0.42452190379815896,0.2079290652492498,0.4088145896656535,0.06253407895565033,0.07575028482824564,0.0,0.0754467062652111,0.8316862310748547,"[0.6580547094345093, 0.7537993788719177, 0.7264437675476074, 0.738601803779602]",0.9222,0.3860182370820669,0.4452887537993921,0.4513677811550152,0.44680851063829785,0.48328267477203646,0.48328267477203646,0.3768996960486322
140,0.3252279635258359,0.24905345140022372,0.37053782797467694,0.11064147778027295,0.3495440729483283,0.06259166449308395,0.07566503342241049,0.0,0.0754188559949398,1.1244159480556846,"[0.6580547094345093, 0.7537993788719177, 0.7264437675476074, 0.738601803779602]",1.2039,0.37537993920972645,0.4331306990881459,0.44832826747720367,0.44224924012158057,0.4696048632218845,0.4696048632218845,0.35714285714285715
141,0.3282674772036474,0.2587370524427045,0.34058477688764227,0.1124066204883071,0.34498480243161095,0.06197294965386391,0.07570119947195053,0.0,0.07538758311420679,1.1900043549248949,"[0.6580547094345093, 0.7537993788719177, 0.7264437675476074, 0.738601803779602]",0.8107,0.4088145896656535,0.43617021276595747,0.45440729483282677,0.4574468085106383,0.4756838905775076,0.4756838905775076,0.4027355623100304
142,0.3662613981762918,0.2980875491159135,0.3892684764686108,0.16067062614696445,0.3708206686930091,0.063738614320755,0.07561978697776794,0.0,0.07535781990736723,0.880732401041314,"[0.6580547094345093, 0.7537993788719177, 0.7264437675476074, 0.738601803779602]",0.7474,0.38145896656534956,0.41793313069908816,0.46048632218844987,0.46048632218844987,0.4908814589665654,0.4908814589665654,0.3768996960486322
143,0.303951367781155,0.23433748561353063,0.28901834898796225,0.07469479783755913,0.31458966565349544,0.06315489113330841,0.07552261184900999,0.0,0.0753269363194704,0.9353457438992336,"[0.6580547094345093, 0.7537993788719177, 0.7264437675476074, 0.738601803779602]",0.8672,0.4194528875379939,0.44984802431610943,0.46200607902735563,0.45592705167173253,0.4726443768996961,0.4726443768996961,0.41185410334346506
144,0.3905775075987842,0.32314598671215644,0.41984689211049886,0.18312859998907777,0.40425531914893614,0.06328344345092773,0.07545345928519964,0.0,0.07530474942177534,0.9401192110963166,"[0.6580547094345093, 0.7537993788719177, 0.7264437675476074, 0.738601803779602]",1.1913,0.41033434650455924,0.45440729483282677,0.4513677811550152,0.45288753799392095,0.4817629179331307,0.4817629179331307,0.3966565349544073
145,0.4012158054711246,0.337996052265351,0.41819304654518047,0.19600287905611657,0.41185410334346506,0.062229666858911514,0.07545381505042315,0.0,0.07527387607842684,1.065086986985989,"[0.6580547094345093, 0.7537993788719177, 0.7264437675476074, 0.738601803779602]",1.0806,0.425531914893617,0.4513677811550152,0.45896656534954405,0.44832826747720367,0.4787234042553192,0.4787234042553192,0.41641337386018235
146,0.3617021276595745,0.2938579232738664,0.40198689621723627,0.1453525971911989,0.3799392097264438,0.060912225395441055,0.07544481568038464,0.0,0.07524476293474436,0.8630299180513248,"[0.6580547094345093, 0.7537993788719177, 0.7264437675476074, 0.738601803779602]",0.8027,0.44832826747720367,0.45896656534954405,0.4574468085106383,0.4513677811550152,0.46504559270516715,0.46504559270516715,0.4270516717325228
147,0.39361702127659576,0.3302585426206298,0.4304963792335842,0.17549480350712948,0.4209726443768997,0.06204235926270485,0.07540158182382584,0.0,0.0752162765711546,0.8341994900256395,"[0.6580547094345093, 0.7537993788719177, 0.7264437675476074, 0.738601803779602]",0.7923,0.4270516717325228,0.45592705167173253,0.4635258358662614,0.47112462006079026,0.48632218844984804,0.48632218844984804,0.42857142857142855
148,0.4088145896656535,0.34444694866462455,0.4524814691354927,0.21702530316797886,0.43465045592705165,0.06156899780035019,0.0753422100096941,0.0,0.07518250029534101,0.8259387019788846,"[0.6580547094345093, 0.7537993788719177, 0.7264437675476074, 0.738601803779602]",0.6806,0.4316109422492401,0.46808510638297873,0.4574468085106383,0.45592705167173253,0.46656534954407297,0.46656534954407297,0.4209726443768997
149,0.39361702127659576,0.32095294504090444,0.42842247941836137,0.15128263016721777,0.40425531914893614,0.0632769837975502,0.07535406295210123,0.0,0.07511848025023937,0.7560757999308407,"[0.6580547094345093, 0.7537993788719177, 0.7264437675476074, 0.738601803779602]",0.8288,0.43009118541033436,0.44832826747720367,0.46808510638297873,0.47112462006079026,0.48328267477203646,0.48328267477203646,0.4270516717325228
150,0.3601823708206687,0.28780372426169076,0.40226084147664865,0.15561132963998878,0.378419452887538,0.06277917325496674,0.0753457322716713,0.0,0.07508937269449234,1.0524384320015088,"[0.6580547094345093, 0.7537993788719177, 0.7264437675476074, 0.738601803779602]",0.7983,0.3662613981762918,0.4331306990881459,0.44376899696048633,0.4376899696048632,0.47416413373860183,0.47416413373860183,0.364741641337386
151,0.38145896656534956,0.31632262313831006,0.40405428178501035,0.1725439616110085,0.3905775075987842,0.061645202338695526,0.07532184012234211,0.0,0.07511578034609556,0.8413043629843742,"[0.6580547094345093, 0.7537993788719177, 0.7264437675476074, 0.738601803779602]",0.7486,0.37537993920972645,0.41033434650455924,0.439209726443769,0.4376899696048632,0.4756838905775076,0.4756838905775076,0.38145896656534956
152,0.3905775075987842,0.3241272963862335,0.4152997315501222,0.18761762330180354,0.4027355623100304,0.060247018933296204,0.07530093006789684,0.0,0.07509881537407637,0.8522245540516451,"[0.6580547094345093, 0.7537993788719177, 0.7264437675476074, 0.738601803779602]",0.78,0.4088145896656535,0.42857142857142855,0.43465045592705165,0.42857142857142855,0.46048632218844987,0.46048632218844987,0.4088145896656535
153,0.3860182370820669,0.3197783020557724,0.4141432374986408,0.1786531103308573,0.41641337386018235,0.05943457782268524,0.07528967224061489,0.0,0.0750669315457344,0.8374559680232778,"[0.6580547094345093, 0.7537993788719177, 0.7264437675476074, 0.738601803779602]",0.7531,0.3966565349544073,0.439209726443769,0.45592705167173253,0.45288753799392095,0.4756838905775076,0.4756838905775076,0.40577507598784196
154,0.3677811550151976,0.3052571199419287,0.409292047724152,0.16334478541349243,0.4133738601823708,0.06116286292672157,0.07525117229670286,0.0,0.07504444103688002,1.0188985270215198,"[0.6580547094345093, 0.7537993788719177, 0.7264437675476074, 0.738601803779602]",0.9727,0.3905775075987842,0.4331306990881459,0.425531914893617,0.41793313069908816,0.48328267477203646,0.48328267477203646,0.378419452887538
155,0.3541033434650456,0.29308836837768015,0.38068569908303074,0.14689828233769703,0.3966565349544073,0.06133151799440384,0.07524662651121616,0.0,0.07501960918307304,1.081795550067909,"[0.6580547094345093, 0.7537993788719177, 0.7264437675476074, 0.738601803779602]",0.7443,0.39361702127659576,0.44072948328267475,0.4513677811550152,0.4513677811550152,0.4817629179331307,0.4817629179331307,0.3951367781155015
156,0.37537993920972645,0.3067718666851228,0.4000100052179348,0.17064956693709366,0.3951367781155015,0.0611564926803112,0.07517941109836102,0.0,0.07499981950968504,0.8281899730209261,"[0.6580547094345093, 0.7537993788719177, 0.7264437675476074, 0.738601803779602]",0.7427,0.4027355623100304,0.45440729483282677,0.46656534954407297,0.45592705167173253,0.46504559270516715,0.46504559270516715,0.37537993920972645
157,0.36322188449848025,0.292834259712878,0.3904116369101381,0.14861963236075773,0.3860182370820669,0.06134656071662903,0.07517056073993444,0.0,0.0749729722738266,0.8280839970102534,"[0.6580547094345093, 0.7537993788719177, 0.7264437675476074, 0.738601803779602]",0.822,0.439209726443769,0.46200607902735563,0.45896656534954405,0.46504559270516715,0.5015197568389058,0.5015197568389058,0.4331306990881459
158,0.35106382978723405,0.2776907988266839,0.38207201695459103,0.11687430602686877,0.3829787234042553,0.06224823743104935,0.07510729879140854,0.0,0.0749521516263485,1.0592648719903082,"[0.6580547094345093, 0.7537993788719177, 0.7264437675476074, 0.738601803779602]",0.7581,0.3829787234042553,0.425531914893617,0.44680851063829785,0.44832826747720367,0.48328267477203646,0.48328267477203646,0.3662613981762918
159,0.37537993920972645,0.30777264140801386,0.4041344116665383,0.16748076380611693,0.4012158054711246,0.060809433460235596,0.0751149021089077,0.0,0.07493068650364876,0.8440485760802403,"[0.6580547094345093, 0.7537993788719177, 0.7264437675476074, 0.738601803779602]",0.753,0.4088145896656535,0.4209726443768997,0.44376899696048633,0.44680851063829785,0.4848024316109423,0.4848024316109423,0.4148936170212766
160,0.41793313069908816,0.35174248114498563,0.44907780504425343,0.2332944618261115,0.43009118541033436,0.06110101938247681,0.07506708148866892,0.0,0.07492101099342108,0.9954244249965996,"[0.6580547094345093, 0.7537993788719177, 0.7264437675476074, 0.738601803779602]",0.9202,0.39969604863221886,0.4331306990881459,0.45288753799392095,0.46504559270516715,0.506079027355623,0.506079027355623,0.39361702127659576
161,0.4331306990881459,0.370961086492402,0.45326569993198285,0.26248033222304507,0.44224924012158057,0.061669740825891495,0.07504336349666119,0.0,0.07489534188061953,0.8674386269412935,"[0.6580547094345093, 0.7537993788719177, 0.7264437675476074, 0.738601803779602]",0.7759,0.3951367781155015,0.44224924012158057,0.46504559270516715,0.4635258358662614,0.48632218844984804,0.48632218844984804,0.38753799392097266
162,0.4088145896656535,0.3473636973255787,0.4556696280582844,0.23839082327271327,0.4148936170212766,0.06144408881664276,0.07502371910959482,0.0,0.0748884491622448,0.8084698690799996,"[0.6580547094345093, 0.7537993788719177, 0.7264437675476074, 0.738601803779602]",0.9236,0.4376899696048632,0.45896656534954405,0.4635258358662614,0.46048632218844987,0.5015197568389058,0.5015197568389058,0.43617021276595747
163,0.4513677811550152,0.39537452783123095,0.4750819783770922,0.3068792352917513,0.45896656534954405,0.062392693012952805,0.07506900746375322,0.0,0.07490356918424368,0.8078519070986658,"[0.6580547094345093, 0.7537993788719177, 0.7264437675476074, 0.738601803779602]",0.7549,0.378419452887538,0.4088145896656535,0.46048632218844987,0.4696048632218845,0.47720364741641336,0.47720364741641336,0.3723404255319149
164,0.44224924012158057,0.38238084885995993,0.45927060972285105,0.2835246157808983,0.4452887537993921,0.061848562210798264,0.07509225886315107,0.0,0.07489299029111862,0.9353620728943497,"[0.6580547094345093, 0.7537993788719177, 0.7264437675476074, 0.738601803779602]",0.8854,0.39361702127659576,0.4209726443768997,0.4574468085106383,0.44680851063829785,0.4908814589665654,0.4908814589665654,0.3860182370820669
165,0.41033434650455924,0.3488056522681767,0.4156090937139565,0.22156533998020345,0.4194528875379939,0.06014813482761383,0.07507216278463602,0.0,0.07486622128635645,0.9034814819460735,"[0.6580547094345093, 0.7537993788719177, 0.7264437675476074, 0.738601803779602]",0.7971,0.3905775075987842,0.425531914893617,0.45288753799392095,0.45440729483282677,0.47416413373860183,0.47416413373860183,0.378419452887538
166,0.4012158054711246,0.3379571699259948,0.4122542439887921,0.18587125653852948,0.40425531914893614,0.06050432473421097,0.07502920180559158,0.0,0.07483687065541744,1.2034746540011838,"[0.6580547094345093, 0.7537993788719177, 0.7264437675476074, 0.738601803779602]",0.8732,0.3799392097264438,0.41641337386018235,0.4270516717325228,0.43617021276595747,0.46656534954407297,0.46656534954407297,0.3662613981762918
167,0.3829787234042553,0.31591899027197,0.392231748384203,0.1843485369479726,0.3890577507598784,0.0620589479804039,0.07496334984898567,0.0,0.07481028139591217,0.8692928679520264,"[0.6580547094345093, 0.7537993788719177, 0.7264437675476074, 0.738601803779602]",0.805,0.3799392097264438,0.41793313069908816,0.44680851063829785,0.4452887537993921,0.48632218844984804,0.48632218844984804,0.378419452887538
168,0.36322188449848025,0.29830750044539467,0.3850592276267978,0.15218264992612424,0.37537993920972645,0.06224075332283974,0.07493846584111452,0.0,0.07478133402764797,0.8624647989636287,"[0.6580547094345093, 0.7537993788719177, 0.7264437675476074, 0.738601803779602]",0.7704,0.38753799392097266,0.4376899696048632,0.44224924012158057,0.4376899696048632,0.4696048632218845,0.4696048632218845,0.38145896656534956
169,0.40577507598784196,0.34199999999999997,0.44631318764413125,0.24444812453147544,0.4148936170212766,0.06082974001765251,0.0749093471094966,0.0,0.07475859206169844,0.8094731729943305,"[0.6580547094345093, 0.7537993788719177, 0.7264437675476074, 0.738601803779602]",0.7688,0.4133738601823708,0.46808510638297873,0.48024316109422494,0.48632218844984804,0.48936170212765956,0.48936170212765956,0.41033434650455924
170,0.42249240121580545,0.35814930139310663,0.42366125322002895,0.22949797401914762,0.43009118541033436,0.06159394606947899,0.07488528452813625,0.0,0.07473519630730152,0.838475722935982,"[0.6580547094345093, 0.7537993788719177, 0.7264437675476074, 0.738601803779602]",1.2165,0.4072948328267477,0.43617021276595747,0.46656534954407297,0.46200607902735563,0.48024316109422494,0.48024316109422494,0.39969604863221886
171,0.39361702127659576,0.3305795870910496,0.4097762418384837,0.1981989058728612,0.39361702127659576,0.06085262820124626,0.07488671317696571,0.0,0.07471167761832476,1.2337690769927576,"[0.6580547094345093, 0.7537993788719177, 0.7264437675476074, 0.738601803779602]",1.249,0.39361702127659576,0.44072948328267475,0.47112462006079026,0.4696048632218845,0.48632218844984804,0.48632218844984804,0.3890577507598784
172,0.4376899696048632,0.3761323073059606,0.44487966301147575,0.27593641897091464,0.439209726443769,0.06231338903307915,0.07487972918897867,0.0,0.07469039969146252,0.916810558992438,"[0.6580547094345093, 0.7537993788719177, 0.7264437675476074, 0.738601803779602]",0.7827,0.45288753799392095,0.45592705167173253,0.45592705167173253,0.46200607902735563,0.4817629179331307,0.4817629179331307,0.44072948328267475
173,0.3890577507598784,0.3236372562556574,0.40535393038040324,0.197075532054644,0.3951367781155015,0.06349211931228638,0.07484217081218958,0.0,0.07466623466461897,0.8356293810065836,"[0.6580547094345093, 0.7537993788719177, 0.7264437675476074, 0.738601803779602]",0.7605,0.39969604863221886,0.42401215805471126,0.44376899696048633,0.44376899696048633,0.4756838905775076,0.4756838905775076,0.3951367781155015
174,0.41641337386018235,0.35301392697746947,0.42080573921887526,0.2327664572127775,0.41641337386018235,0.06259791553020477,0.0748155452311039,0.0,0.0746367946267128,0.8027147690299898,"[0.6580547094345093, 0.7537993788719177, 0.7264437675476074, 0.738601803779602]",1.0128,0.425531914893617,0.44680851063829785,0.45440729483282677,0.45440729483282677,0.48024316109422494,0.48024316109422494,0.41033434650455924
175,0.42401215805471126,0.36129103309796207,0.45379541916195565,0.2351955754489001,0.4316109422492401,0.06309172511100769,0.07476526312530041,0.0,0.07461473345756531,0.8380443340865895,"[0.6580547094345093, 0.7537993788719177, 0.7264437675476074, 0.738601803779602]",0.7467,0.46808510638297873,0.4726443768996961,0.4696048632218845,0.46200607902735563,0.48328267477203646,0.48328267477203646,0.46656534954407297
176,0.4012158054711246,0.3334773062664218,0.40305398840775564,0.184936415987092,0.4012158054711246,0.06324952095746994,0.07486017420887947,0.0,0.07457684818655252,0.7941590748960152,"[0.6580547094345093, 0.7537993788719177, 0.7264437675476074, 0.738601803779602]",0.7366,0.46808510638297873,0.4817629179331307,0.47720364741641336,0.47416413373860183,0.4908814589665654,0.4908814589665654,0.46200607902735563
177,0.38753799392097266,0.31778737679992375,0.4142061587985306,0.20050272612094355,0.3966565349544073,0.06466160714626312,0.0749120432883501,0.0,0.07455831952393055,0.7883423719322309,"[0.6580547094345093, 0.7537993788719177, 0.7264437675476074, 0.738601803779602]",0.7478,0.46048632218844987,0.4696048632218845,0.47112462006079026,0.46808510638297873,0.4878419452887538,0.4878419452887538,0.44680851063829785
178,0.4027355623100304,0.3368313342924626,0.427243684298472,0.17537308310716918,0.41033434650455924,0.06329607963562012,0.0749156204983592,0.0,0.07453856151551008,0.8018630099250004,"[0.6580547094345093, 0.7537993788719177, 0.7264437675476074, 0.738601803779602]",0.7511,0.49240121580547114,0.4878419452887538,0.4756838905775076,0.4726443768996961,0.48632218844984804,0.48632218844984804,0.48632218844984804
179,0.3860182370820669,0.3176779201178649,0.4061808906953082,0.17761768605543699,0.3890577507598784,0.06300364434719086,0.07485498487949371,0.0,0.07452309876680374,0.8329728440148756,"[0.6580547094345093, 0.7537993788719177, 0.7264437675476074, 0.738601803779602]",0.7408,0.4969604863221885,0.4848024316109423,0.47416413373860183,0.46504559270516715,0.49544072948328266,0.49544072948328266,0.48936170212765956
180,0.38145896656534956,0.31268173873765204,0.41148586120583885,0.14673426947623258,0.3905775075987842,0.06296943873167038,0.07478365302085876,0.0,0.07450892776250839,0.771415774943307,"[0.6580547094345093, 0.7537993788719177, 0.7264437675476074, 0.738601803779602]",0.8528,0.4908814589665654,0.4908814589665654,0.4817629179331307,0.4756838905775076,0.4939209726443769,0.4939209726443769,0.4848024316109423
181,0.39361702127659576,0.3262020557173838,0.4337608883874396,0.16278266927718527,0.40577507598784196,0.06240032613277435,0.0747795756906271,0.0,0.07449645828455687,0.8108428230043501,"[0.6580547094345093, 0.7537993788719177, 0.7264437675476074, 0.738601803779602]",0.7561,0.425531914893617,0.44072948328267475,0.45288753799392095,0.44376899696048633,0.48632218844984804,0.48632218844984804,0.41641337386018235
182,0.38753799392097266,0.318576270663785,0.4030249872277783,0.1568263542084475,0.39209726443769,0.06214674562215805,0.07475706841796637,0.0,0.07447810750454664,0.8705868870019913,"[0.6580547094345093, 0.7537993788719177, 0.7264437675476074, 0.738601803779602]",0.8749,0.4376899696048632,0.44984802431610943,0.4452887537993921,0.44832826747720367,0.48328267477203646,0.48328267477203646,0.4376899696048632
183,0.4316109422492401,0.3701495975327286,0.4533592343256745,0.2552762497919579,0.43617021276595747,0.06234283000230789,0.07473830878734589,0.0,0.07445813994854689,0.933354401960969,"[0.6580547094345093, 0.7537993788719177, 0.7264437675476074, 0.738601803779602]",0.7994,0.44072948328267475,0.4635258358662614,0.4756838905775076,0.47112462006079026,0.4939209726443769,0.4939209726443769,0.44984802431610943
184,0.3905775075987842,0.3244093722075283,0.4311357415329273,0.17813947750899914,0.39969604863221886,0.06308747828006744,0.07478045579046011,0.0,0.07444033678621054,0.8699851389974356,"[0.6580547094345093, 0.7537993788719177, 0.7264437675476074, 0.738601803779602]",0.811,0.46656534954407297,0.46048632218844987,0.46656534954407297,0.4635258358662614,0.4969604863221885,0.4969604863221885,0.46504559270516715
185,0.4194528875379939,0.35602582496413215,0.4442267295375187,0.23090113224619058,0.42857142857142855,0.06364220380783081,0.07475229911506176,0.0,0.07442886661738157,0.8451653650263324,"[0.6580547094345093, 0.7537993788719177, 0.7264437675476074, 0.738601803779602]",0.8161,0.4331306990881459,0.44224924012158057,0.45440729483282677,0.45592705167173253,0.48936170212765956,0.48936170212765956,0.4316109422492401
186,0.44224924012158057,0.3826050718801852,0.4628213956945684,0.236643339541386,0.44224924012158057,0.06332501024007797,0.07472711894661188,0.0,0.07441650051623583,0.7991268390323967,"[0.6580547094345093, 0.7537993788719177, 0.7264437675476074, 0.738601803779602]",0.6709,0.425531914893617,0.4452887537993921,0.46048632218844987,0.4696048632218845,0.5030395136778115,0.5030395136778115,0.4376899696048632
187,0.4148936170212766,0.3467795377716809,0.4351137051798204,0.19351090221100092,0.42249240121580545,0.06368924677371979,0.07473652623593807,0.0,0.07439552992582321,0.9020118509652093,"[0.6580547094345093, 0.7537993788719177, 0.7264437675476074, 0.738601803779602]",0.652,0.42401215805471126,0.44376899696048633,0.47112462006079026,0.47112462006079026,0.4908814589665654,0.4908814589665654,0.4270516717325228
188,0.425531914893617,0.36245213085003314,0.4624922331560746,0.2547669128730996,0.43009118541033436,0.06314842402935028,0.07479254622012377,0.0,0.07437875960022211,0.7476238249801099,"[0.6580547094345093, 0.7537993788719177, 0.7264437675476074, 0.738601803779602]",0.6694,0.39209726443769,0.41033434650455924,0.44376899696048633,0.4452887537993921,0.4756838905775076,0.4756838905775076,0.39209726443769
189,0.41793313069908816,0.3510998504007764,0.43589441453375777,0.19264879962834178,0.42401215805471126,0.0634012296795845,0.07481702882796526,0.0,0.07436173409223557,0.7324923109263182,"[0.6580547094345093, 0.7537993788719177, 0.7264437675476074, 0.738601803779602]",0.6754,0.46656534954407297,0.46504559270516715,0.47720364741641336,0.48328267477203646,0.5045592705167173,0.5045592705167173,0.47112462006079026
190,0.425531914893617,0.36254526722076574,0.4696237816752386,0.2519835174721808,0.439209726443769,0.06251028925180435,0.07474318705499172,0.0,0.07434886414557695,0.7400079329963773,"[0.6580547094345093, 0.7537993788719177, 0.7264437675476074, 0.738601803779602]",0.7584,0.3951367781155015,0.41793313069908816,0.44984802431610943,0.46048632218844987,0.48024316109422494,0.48024316109422494,0.39361702127659576
191,0.41033434650455924,0.3450989646928453,0.4596585581795158,0.2361919389593573,0.42249240121580545,0.0643109679222107,0.07473212201148272,0.0,0.07433237787336111,0.9029537009773776,"[0.6580547094345093, 0.7537993788719177, 0.7264437675476074, 0.738601803779602]",1.0103,0.41641337386018235,0.439209726443769,0.45440729483282677,0.45288753799392095,0.49544072948328266,0.49544072948328266,0.4088145896656535
192,0.44072948328267475,0.37711994114454306,0.4671221477073138,0.2361593528396551,0.44832826747720367,0.06377532333135605,0.07472662162035704,0.0,0.07431884948164225,1.1251466320827603,"[0.6580547094345093, 0.7537993788719177, 0.7264437675476074, 0.738601803779602]",1.1275,0.4452887537993921,0.45440729483282677,0.46048632218844987,0.46656534954407297,0.48936170212765956,0.48936170212765956,0.45288753799392095
193,0.3951367781155015,0.32585611721913466,0.4224032941359923,0.1503661263392939,0.3981762917933131,0.0626266747713089,0.07468993682414293,0.0,0.07430664263665676,0.9186087260022759,"[0.6580547094345093, 0.7537993788719177, 0.7264437675476074, 0.738601803779602]",0.749,0.44072948328267475,0.44832826747720367,0.46048632218844987,0.46504559270516715,0.5015197568389058,0.5015197568389058,0.45288753799392095
194,0.4012158054711246,0.33232377861907325,0.41684684429750907,0.15025293933288422,0.40577507598784196,0.06331631541252136,0.07468579523265362,0.0,0.0742912758141756,0.8582240709802136,"[0.6580547094345093, 0.7537993788719177, 0.7264437675476074, 0.738601803779602]",1.0997,0.4270516717325228,0.42249240121580545,0.44680851063829785,0.45592705167173253,0.506079027355623,0.506079027355623,0.4270516717325228
195,0.42249240121580545,0.3589342576877126,0.459797100581436,0.25516948318802934,0.42857142857142855,0.06286025047302246,0.07465872168540955,0.0,0.07427866104990244,0.9262446420034394,"[0.6580547094345093, 0.7537993788719177, 0.7264437675476074, 0.738601803779602]",0.8197,0.44984802431610943,0.44984802431610943,0.4574468085106383,0.4635258358662614,0.5030395136778115,0.5030395136778115,0.4452887537993921
196,0.4072948328267477,0.34239624841441696,0.4440498687014697,0.19273151857600104,0.41641337386018235,0.0627063512802124,0.0746638560667634,0.0,0.07426371891051531,0.8602631099056453,"[0.6580547094345093, 0.7537993788719177, 0.7264437675476074, 0.738601803779602]",0.7632,0.4726443768996961,0.4574468085106383,0.45896656534954405,0.46656534954407297,0.5091185410334347,0.5091185410334347,0.48024316109422494
197,0.43465045592705165,0.3759900882826064,0.47132201902652326,0.24725326501634834,0.44984802431610943,0.061871640384197235,0.07462411746382713,0.0,0.07425202708691359,0.8702229380141944,"[0.6580547094345093, 0.7537993788719177, 0.7264437675476074, 0.738601803779602]",0.9119,0.48328267477203646,0.4726443768996961,0.47112462006079026,0.46808510638297873,0.5,0.5,0.4908814589665654
198,0.4027355623100304,0.33609240493654735,0.4458717915703777,0.19455440908232755,0.42249240121580545,0.06102301925420761,0.07462816033512354,0.0,0.07424123492091894,0.8551708949962631,"[0.6580547094345093, 0.7537993788719177, 0.7264437675476074, 0.738601803779602]",0.7935,0.45592705167173253,0.4574468085106383,0.46656534954407297,0.47112462006079026,0.4969604863221885,0.4969604863221885,0.45896656534954405
199,0.439209726443769,0.37457788218566224,0.46343919299315456,0.20810759317183342,0.44984802431610943,0.0617409348487854,0.07459574472159147,0.0,0.07423028163611889,0.8328329430660233,"[0.6580547094345093, 0.7537993788719177, 0.7264437675476074, 0.738601803779602]",0.7808,0.46048632218844987,0.4635258358662614,0.47720364741641336,0.4817629179331307,0.506079027355623,0.506079027355623,0.46808510638297873
200,0.41641337386018235,0.3505193593411423,0.44260270977809124,0.18167331704614018,0.425531914893617,0.06257930397987366,0.07460303418338299,0.0,0.07422102801501751,0.8806771510280669,"[0.6580547094345093, 0.7537993788719177, 0.7264437675476074, 0.738601803779602]",0.7867,0.44680851063829785,0.45440729483282677,0.46656534954407297,0.46808510638297873,0.5045592705167173,0.5045592705167173,0.46200607902735563
201,0.40425531914893614,0.33730875457640175,0.43237980836020173,0.16578007113347906,0.4133738601823708,0.06413209438323975,0.07456723973155022,0.0,0.07420264929533005,0.9393298819195479,"[0.6580547094345093, 0.7537993788719177, 0.7264437675476074, 0.738601803779602]",0.8891,0.49240121580547114,0.48328267477203646,0.48328267477203646,0.4787234042553192,0.5212765957446809,0.5212765957446809,0.4908814589665654
202,0.4148936170212766,0.34974896557388835,0.43663778603710973,0.18760056017059945,0.41641337386018235,0.06254585087299347,0.07456223852932453,0.0,0.07418864779174328,1.1457348100375384,"[0.6580547094345093, 0.7537993788719177, 0.7264437675476074, 0.738601803779602]",0.9008,0.45592705167173253,0.47112462006079026,0.4756838905775076,0.48024316109422494,0.5030395136778115,0.5030395136778115,0.45592705167173253
203,0.41793313069908816,0.3543830345385889,0.44971346072806606,0.21358806505098749,0.4270516717325228,0.06323227286338806,0.07454601302742958,0.0,0.07417930476367474,0.8257845030166209,"[0.6580547094345093, 0.7537993788719177, 0.7264437675476074, 0.738601803779602]",0.7552,0.4756838905775076,0.4726443768996961,0.4696048632218845,0.4696048632218845,0.4969604863221885,0.4969604863221885,0.4848024316109423
204,0.43465045592705165,0.3701810135213369,0.44273011474863816,0.20144736677874855,0.43465045592705165,0.06170634180307388,0.07445023767650127,0.0,0.07417099922895432,0.8156664000125602,"[0.6580547094345093, 0.7537993788719177, 0.7264437675476074, 0.738601803779602]",0.7422,0.43465045592705165,0.439209726443769,0.44832826747720367,0.45288753799392095,0.4969604863221885,0.4969604863221885,0.4331306990881459
205,0.40577507598784196,0.34168683824018586,0.43350763819728866,0.18186506081576964,0.4209726443768997,0.0607832595705986,0.07451031170785427,0.0,0.0741764772683382,0.8436781769851223,"[0.6580547094345093, 0.7537993788719177, 0.7264437675476074, 0.738601803779602]",0.7321,0.43465045592705165,0.4452887537993921,0.46656534954407297,0.46808510638297873,0.5030395136778115,0.5030395136778115,0.43009118541033436
206,0.43465045592705165,0.3725140352226409,0.4427809536097613,0.20834699044496194,0.43617021276595747,0.06135973706841469,0.07441275846213102,0.0,0.07417576108127832,0.729163751937449,"[0.6580547094345093, 0.7537993788719177, 0.7264437675476074, 0.738601803779602]",0.8401,0.4331306990881459,0.46200607902735563,0.4756838905775076,0.4817629179331307,0.5015197568389058,0.5015197568389058,0.4376899696048632
207,0.44072948328267475,0.3787834474973705,0.4563286094266667,0.23032238359774926,0.4452887537993921,0.06140794977545738,0.07441835291683674,0.0,0.07417962793260813,0.8852304010652006,"[0.6580547094345093, 0.7537993788719177, 0.7264437675476074, 0.738601803779602]",0.6716,0.41793313069908816,0.4452887537993921,0.4513677811550152,0.45896656534954405,0.5,0.5,0.42249240121580545
208,0.41793313069908816,0.35536399447485545,0.4486959683351798,0.2346327013952672,0.4194528875379939,0.06070695072412491,0.07448485307395458,0.0,0.0741558875888586,0.7562040080083534,"[0.6580547094345093, 0.7537993788719177, 0.7264437675476074, 0.738601803779602]",0.6854,0.43617021276595747,0.46200607902735563,0.4878419452887538,0.47720364741641336,0.5167173252279635,0.5167173252279635,0.43617021276595747
209,0.4148936170212766,0.3512343782011883,0.43718889290302076,0.19987563511736414,0.41793313069908816,0.060679592192173004,0.07443485129624605,0.0,0.07414265815168619,0.7524971539387479,"[0.6580547094345093, 0.7537993788719177, 0.7264437675476074, 0.738601803779602]",0.6751,0.46048632218844987,0.45592705167173253,0.46048632218844987,0.4696048632218845,0.5030395136778115,0.5030395136778115,0.45896656534954405
210,0.41641337386018235,0.3518771226003714,0.43762852992204054,0.20705395769229087,0.42249240121580545,0.06092254817485809,0.07444565277546644,0.0,0.07413055095821619,0.75309014308732,"[0.6580547094345093, 0.7537993788719177, 0.7264437675476074, 0.738601803779602]",0.8327,0.41185410334346506,0.4148936170212766,0.4316109422492401,0.45288753799392095,0.48328267477203646,0.48328267477203646,0.4148936170212766
211,0.42857142857142855,0.3663889692757245,0.44665013285539673,0.22163482193290884,0.43465045592705165,0.06014411896467209,0.0744059793651104,0.0,0.07412475347518921,0.9412811959628016,"[0.6580547094345093, 0.7537993788719177, 0.7264437675476074, 0.738601803779602]",0.8312,0.44680851063829785,0.44984802431610943,0.46808510638297873,0.46200607902735563,0.5167173252279635,0.5167173252279635,0.439209726443769
212,0.4270516717325228,0.3627781645187558,0.45313000925622293,0.22108940736510943,0.4270516717325228,0.05995134264230728,0.07437751814723015,0.0,0.07411023415625095,0.7571957970503718,"[0.6580547094345093, 0.7537993788719177, 0.7264437675476074, 0.738601803779602]",0.6817,0.4027355623100304,0.43617021276595747,0.4574468085106383,0.45592705167173253,0.48632218844984804,0.48632218844984804,0.40577507598784196
213,0.4148936170212766,0.3500742720949861,0.4471933810937424,0.1893747739893002,0.425531914893617,0.06084594875574112,0.07432871870696545,0.0,0.07409082259982824,0.7610446810722351,"[0.6580547094345093, 0.7537993788719177, 0.7264437675476074, 0.738601803779602]",0.6628,0.44376899696048633,0.4726443768996961,0.4787234042553192,0.4726443768996961,0.506079027355623,0.506079027355623,0.44376899696048633
214,0.425531914893617,0.36289959016393447,0.4494684748146579,0.20498346297834993,0.4270516717325228,0.06165388226509094,0.07431860733777285,0.0,0.07407489977777004,0.7338577939663082,"[0.6580547094345093, 0.7537993788719177, 0.7264437675476074, 0.738601803779602]",0.6823,0.42857142857142855,0.44072948328267475,0.4574468085106383,0.46200607902735563,0.5,0.5,0.43465045592705165
215,0.4012158054711246,0.3345995308224978,0.4330228393574522,0.16940894868407866,0.4088145896656535,0.06308146566152573,0.0743363555520773,0.0,0.07406343799084425,0.9841813660459593,"[0.6580547094345093, 0.7537993788719177, 0.7264437675476074, 0.738601803779602]",0.7796,0.47416413373860183,0.47720364741641336,0.4787234042553192,0.47720364741641336,0.5273556231003039,0.5273556231003039,0.46504559270516715
216,0.42857142857142855,0.36400606668209046,0.45596554948302687,0.21741958226170705,0.43617021276595747,0.06161145493388176,0.07434696238487959,0.0,0.07403729856014252,0.8192679909989238,"[0.6580547094345093, 0.7537993788719177, 0.7264437675476074, 0.738601803779602]",0.6967,0.3951367781155015,0.41793313069908816,0.43617021276595747,0.44072948328267475,0.49544072948328266,0.49544072948328266,0.39209726443769
217,0.4316109422492401,0.3681410521396863,0.45324285185622637,0.23469643938734747,0.439209726443769,0.060129135847091675,0.0743171339854598,0.0,0.07402196619659662,0.8074675350217149,"[0.6580547094345093, 0.7537993788719177, 0.7264437675476074, 0.738601803779602]",0.7491,0.3860182370820669,0.4148936170212766,0.43465045592705165,0.44072948328267475,0.4848024316109423,0.4848024316109423,0.36930091185410335
218,0.439209726443769,0.37537270236548637,0.4652535315932562,0.23924345301498637,0.44680851063829785,0.06004777178168297,0.07427062559872866,0.0,0.074011973105371,0.8515852419659495,"[0.6580547094345093, 0.7537993788719177, 0.7264437675476074, 0.738601803779602]",0.8382,0.3951367781155015,0.4331306990881459,0.45896656534954405,0.4635258358662614,0.48632218844984804,0.48632218844984804,0.39969604863221886
219,0.425531914893617,0.3615520463272893,0.4739638113994603,0.22020155376192743,0.44984802431610943,0.06201530247926712,0.0742830689996481,0.0,0.07402217760682106,0.8996260600397363,"[0.6580547094345093, 0.7537993788719177, 0.7264437675476074, 0.738601803779602]",0.7947,0.44832826747720367,0.45288753799392095,0.4513677811550152,0.46048632218844987,0.5106382978723404,0.5106382978723404,0.4574468085106383
220,0.3860182370820669,0.31770068683716113,0.4306754433637155,0.1686670578560917,0.41033434650455924,0.0636742040514946,0.07436445541679859,0.0,0.07413497380912304,0.9105848219478503,"[0.6580547094345093, 0.7537993788719177, 0.7264437675476074, 0.738601803779602]",0.9173,0.5015197568389058,0.4878419452887538,0.4878419452887538,0.4756838905775076,0.5106382978723404,0.5106382978723404,0.5075987841945289
221,0.40577507598784196,0.34391456134400633,0.43014547637381506,0.2017098862661809,0.42249240121580545,0.061397191137075424,0.07434910349547863,0.0,0.0741461580619216,1.2703243920113891,"[0.6580547094345093, 0.7537993788719177, 0.7264437675476074, 0.738601803779602]",1.0805,0.48024316109422494,0.4787234042553192,0.4817629179331307,0.47720364741641336,0.5075987841945289,0.5075987841945289,0.4848024316109423
222,0.39969604863221886,0.3357442240850542,0.4397184742018144,0.1925004004948251,0.42401215805471126,0.05927266925573349,0.07432075869292021,0.0,0.07413759361952543,0.8290628080721945,"[0.6580547094345093, 0.7537993788719177, 0.7264437675476074, 0.738601803779602]",0.9955,0.44680851063829785,0.45592705167173253,0.4696048632218845,0.46808510638297873,0.5075987841945289,0.5075987841945289,0.4513677811550152
223,0.4072948328267477,0.3474712029903121,0.4415872872641621,0.19926377672211862,0.425531914893617,0.059740833938121796,0.07427002675831318,0.0,0.0741298608481884,0.889236361021176,"[0.6580547094345093, 0.7537993788719177, 0.7264437675476074, 0.738601803779602]",0.7228,0.5030395136778115,0.48632218844984804,0.4908814589665654,0.4787234042553192,0.513677811550152,0.513677811550152,0.49240121580547114
224,0.3951367781155015,0.3363321431015127,0.4470392241349699,0.23629551866744558,0.4316109422492401,0.05871732532978058,0.07426976691931486,0.0,0.07414423488080502,0.8834774929564446,"[0.6580547094345093, 0.7537993788719177, 0.7264437675476074, 0.738601803779602]",0.7259,0.5015197568389058,0.4787234042553192,0.4756838905775076,0.4726443768996961,0.5091185410334347,0.5091185410334347,0.5075987841945289
225,0.3677811550151976,0.29755156193462795,0.4171578854385283,0.17494726074275815,0.3966565349544073,0.057926759123802185,0.07424442283809185,0.0,0.07414277829229832,0.7343386709690094,"[0.6580547094345093, 0.7537993788719177, 0.7264437675476074, 0.738601803779602]",0.7073,0.47720364741641336,0.4817629179331307,0.48632218844984804,0.4817629179331307,0.5151975683890577,0.5151975683890577,0.4756838905775076
226,0.3556231003039514,0.2964554459440376,0.41507154858783213,0.1852276074297682,0.38753799392097266,0.05776761472225189,0.07422563713043928,0.0,0.07413714472204447,0.7662712760502473,"[0.6580547094345093, 0.7537993788719177, 0.7264437675476074, 0.738601803779602]",0.6975,0.4787234042553192,0.4696048632218845,0.47720364741641336,0.47720364741641336,0.513677811550152,0.513677811550152,0.4939209726443769
227,0.3738601823708207,0.31448107398706837,0.42815746571739427,0.19701439656304245,0.3951367781155015,0.057889435440301895,0.07422598730772734,0.0,0.07412758469581604,0.7661980820121244,"[0.6580547094345093, 0.7537993788719177, 0.7264437675476074, 0.738601803779602]",0.757,0.5015197568389058,0.4848024316109423,0.4878419452887538,0.4787234042553192,0.5045592705167173,0.5045592705167173,0.506079027355623
228,0.38145896656534956,0.31698521272960056,0.4321194864399832,0.22449115009862294,0.4148936170212766,0.05801985412836075,0.07418547663837671,0.0,0.07411604560911655,0.8316832820419222,"[0.6580547094345093, 0.7537993788719177, 0.7264437675476074, 0.738601803779602]",0.7324,0.44224924012158057,0.43617021276595747,0.45896656534954405,0.46656534954407297,0.4939209726443769,0.4939209726443769,0.44832826747720367
229,0.38753799392097266,0.3270361563195521,0.44284816118646037,0.23798719310012084,0.41793313069908816,0.059682514518499374,0.0741649940609932,0.0,0.07410721480846405,0.7920678029768169,"[0.6580547094345093, 0.7537993788719177, 0.7264437675476074, 0.738601803779602]",0.7361,0.47416413373860183,0.45592705167173253,0.46656534954407297,0.4635258358662614,0.5091185410334347,0.5091185410334347,0.4817629179331307
230,0.3966565349544073,0.3355800632814806,0.45708716563753754,0.23611190962588904,0.43617021276595747,0.05985623225569725,0.07413308508694172,0.0,0.0740957260131836,0.7796614150283858,"[0.6580547094345093, 0.7537993788719177, 0.7264437675476074, 0.738601803779602]",0.7454,0.5030395136778115,0.4908814589665654,0.4939209726443769,0.4878419452887538,0.5151975683890577,0.5151975683890577,0.513677811550152
231,0.38145896656534956,0.32253152004533214,0.4382543915464686,0.20783172982087292,0.4072948328267477,0.05854487046599388,0.07414284441620111,0.0,0.07408403139561415,0.8324457569979131,"[0.6580547094345093, 0.7537993788719177, 0.7264437675476074, 0.738601803779602]",1.1514,0.48936170212765956,0.4726443768996961,0.48024316109422494,0.4756838905775076,0.513677811550152,0.513677811550152,0.5030395136778115
232,0.378419452887538,0.31424276013199304,0.42368573119747094,0.19791896552579577,0.4072948328267477,0.0578128956258297,0.07410751096904278,0.0,0.07407470140606165,1.0023923750268295,"[0.6580547094345093, 0.7537993788719177, 0.7264437675476074, 0.738601803779602]",0.809,0.47720364741641336,0.4696048632218845,0.4696048632218845,0.46808510638297873,0.4969604863221885,0.4969604863221885,0.48024316109422494
233,0.38753799392097266,0.3232214956944295,0.4420214321411736,0.1982112944167885,0.41641337386018235,0.058771125972270966,0.07406030502170324,0.0,0.07406694535166025,0.8002537379506975,"[0.6580547094345093, 0.7537993788719177, 0.7264437675476074, 0.738601803779602]",0.8038,0.47720364741641336,0.47720364741641336,0.47720364741641336,0.4756838905775076,0.5121580547112462,0.5121580547112462,0.48328267477203646
234,0.3905775075987842,0.32580416846591564,0.450211964319195,0.20573004706614703,0.4270516717325228,0.058232735842466354,0.07401793077588081,0.0,0.0740541173145175,1.1003661199938506,"[0.6580547094345093, 0.7537993788719177, 0.7264437675476074, 0.738601803779602]",0.798,0.44984802431610943,0.46048632218844987,0.47720364741641336,0.4787234042553192,0.513677811550152,0.513677811550152,0.4574468085106383
235,0.4027355623100304,0.3354355234144911,0.4573503422551883,0.2143603515659868,0.4376899696048632,0.06081937998533249,0.07405911572277546,0.0,0.07404517382383347,1.0278637270675972,"[0.6580547094345093, 0.7537993788719177, 0.7264437675476074, 0.738601803779602]",0.7537,0.47416413373860183,0.4696048632218845,0.48328267477203646,0.47720364741641336,0.5106382978723404,0.5106382978723404,0.4787234042553192
236,0.3860182370820669,0.3212164543063606,0.4475093904348845,0.19704481636852197,0.42249240121580545,0.058056097477674484,0.0740084694698453,0.0,0.07403471227735281,0.7833926039747894,"[0.6580547094345093, 0.7537993788719177, 0.7264437675476074, 0.738601803779602]",0.7451,0.47112462006079026,0.47416413373860183,0.4848024316109423,0.4878419452887538,0.5243161094224924,0.5243161094224924,0.4787234042553192
237,0.3768996960486322,0.3123418052238368,0.4480906488105867,0.20168364643156958,0.42401215805471126,0.058225903660058975,0.07405222859233618,0.0,0.07402379997074604,0.7504507190315053,"[0.6580547094345093, 0.7537993788719177, 0.7264437675476074, 0.738601803779602]",0.6543,0.48024316109422494,0.4787234042553192,0.48632218844984804,0.4848024316109423,0.5167173252279635,0.5167173252279635,0.4908814589665654
238,0.41641337386018235,0.3526459398178394,0.4656430666696342,0.2817046289643861,0.46504559270516715,0.060473185032606125,0.07398485206067562,0.0,0.07401625905185938,0.7568996849004179,"[0.6580547094345093, 0.7537993788719177, 0.7264437675476074, 0.738601803779602]",0.6749,0.4787234042553192,0.4848024316109423,0.4817629179331307,0.48024316109422494,0.5015197568389058,0.5015197568389058,0.4787234042553192
239,0.40577507598784196,0.3393353756711852,0.44448155345954854,0.2561925664918923,0.4376899696048632,0.0586976632475853,0.07398965395987034,0.0,0.07399887032806873,0.7119499740656465,"[0.6580547094345093, 0.7537993788719177, 0.7264437675476074, 0.738601803779602]",0.667,0.47112462006079026,0.48024316109422494,0.4848024316109423,0.47112462006079026,0.513677811550152,0.513677811550152,0.46656534954407297
240,0.4133738601823708,0.3548757442139273,0.4500751483843025,0.2452407978920542,0.43465045592705165,0.0575738362967968,0.0739376088604331,0.0,0.07398793380707502,0.7646311420248821,"[0.6580547094345093, 0.7537993788719177, 0.7264437675476074, 0.738601803779602]",0.74,0.45440729483282677,0.4756838905775076,0.48328267477203646,0.48632218844984804,0.513677811550152,0.513677811550152,0.45288753799392095
241,0.38753799392097266,0.3228724056218336,0.43346433721665883,0.19820503225381003,0.41793313069908816,0.05840196833014488,0.07386257499456406,0.0,0.07397241052240133,0.8188964809523895,"[0.6580547094345093, 0.7537993788719177, 0.7264437675476074, 0.738601803779602]",0.7811,0.44680851063829785,0.4787234042553192,0.49240121580547114,0.4939209726443769,0.5075987841945289,0.5075987841945289,0.45288753799392095
242,0.41033434650455924,0.34627951042146765,0.4560869359247506,0.2169669109793177,0.44072948328267475,0.05693941190838814,0.07381911389529705,0.0,0.07395787630230188,0.8079372050706297,"[0.6580547094345093, 0.7537993788719177, 0.7264437675476074, 0.738601803779602]",0.8591,0.4848024316109423,0.4726443768996961,0.46808510638297873,0.46808510638297873,0.5121580547112462,0.5121580547112462,0.5045592705167173
243,0.425531914893617,0.36525711369146363,0.4671985415541767,0.26067168554300607,0.46048632218844987,0.057822782546281815,0.07375451177358627,0.0,0.0739498995244503,0.8156196330673993,"[0.6580547094345093, 0.7537993788719177, 0.7264437675476074, 0.738601803779602]",0.8455,0.439209726443769,0.44224924012158057,0.46808510638297873,0.46808510638297873,0.5,0.5,0.4209726443768997
244,0.425531914893617,0.360925399672143,0.4925421164843656,0.3004273541292311,0.4696048632218845,0.060314688831567764,0.07424129452556372,0.0,0.07390270475298166,0.7744511800119653,"[0.6580547094345093, 0.7537993788719177, 0.7264437675476074, 0.738601803779602]",0.7113,0.49240121580547114,0.4878419452887538,0.4878419452887538,0.4817629179331307,0.513677811550152,0.513677811550152,0.4878419452887538
245,0.43009118541033436,0.3686157908742912,0.4631797422774684,0.23074516817584503,0.44072948328267475,0.060234904289245605,0.07378993928432465,0.0,0.07389645371586084,0.7762317600427195,"[0.6580547094345093, 0.7537993788719177, 0.7264437675476074, 0.738601803779602]",0.978,0.5091185410334347,0.4878419452887538,0.49848024316109424,0.48936170212765956,0.5182370820668692,0.5182370820668692,0.5121580547112462
246,0.42249240121580545,0.36480032517020633,0.4696250266457776,0.27078468923363913,0.44832826747720367,0.058360833674669266,0.07457262556999922,0.0,0.07389284390956163,0.9181752799777314,"[0.6580547094345093, 0.7537993788719177, 0.7264437675476074, 0.738601803779602]",0.7633,0.4848024316109423,0.4787234042553192,0.5030395136778115,0.4939209726443769,0.5243161094224924,0.5243161094224924,0.4817629179331307
247,0.4331306990881459,0.37378902113870927,0.465443479913404,0.269904956053617,0.44224924012158057,0.06008412316441536,0.07429349888116121,0.0,0.07388087268918753,0.8556361860828474,"[0.6580547094345093, 0.7537993788719177, 0.7264437675476074, 0.738601803779602]",0.7555,0.5045592705167173,0.49240121580547114,0.4908814589665654,0.4787234042553192,0.5091185410334347,0.5091185410334347,0.5182370820668692
248,0.43617021276595747,0.3796491121072587,0.4670110252762203,0.27732885187235196,0.44680851063829785,0.06143837794661522,0.07421602122485638,0.0,0.07386864628642797,0.856652567978017,"[0.6580547094345093, 0.7537993788719177, 0.7264437675476074, 0.738601803779602]",0.7451,0.5121580547112462,0.4908814589665654,0.49848024316109424,0.4939209726443769,0.5243161094224924,0.5243161094224924,0.5167173252279635
249,0.44376899696048633,0.38432827235704814,0.4788961619504293,0.3186861189010979,0.45896656534954405,0.06123629957437515,0.07415657583624125,0.0,0.07385882642120123,0.8073253569891676,"[0.6580547094345093, 0.7537993788719177, 0.7264437675476074, 0.738601803779602]",0.8384,0.48024316109422494,0.4817629179331307,0.4878419452887538,0.48328267477203646,0.5075987841945289,0.5075987841945289,0.46808510638297873
250,0.44832826747720367,0.390235247565194,0.491796345943237,0.31282716308955005,0.46504559270516715,0.059877365827560425,0.07419279217720032,0.0,0.07384756673127413,0.841884876950644,"[0.6580547094345093, 0.7537993788719177, 0.7264437675476074, 0.738601803779602]",0.7355,0.4848024316109423,0.47112462006079026,0.47416413373860183,0.48024316109422494,0.5197568389057751,0.5197568389057751,0.4969604863221885
251,0.41793313069908816,0.3559916283562601,0.4663276083808139,0.258908535498489,0.46048632218844987,0.059275008738040924,0.07415725290775299,0.0,0.07383760251104832,0.9258041379507631,"[0.6580547094345093, 0.7537993788719177, 0.7264437675476074, 0.738601803779602]",0.8267,0.49240121580547114,0.4817629179331307,0.4848024316109423,0.48024316109422494,0.5045592705167173,0.5045592705167173,0.5
252,0.42401215805471126,0.362502524355235,0.467728069466309,0.2468450182197551,0.46504559270516715,0.06123680621385574,0.07410658523440361,0.0,0.07382394000887871,0.8203089389717206,"[0.6580547094345093, 0.7537993788719177, 0.7264437675476074, 0.738601803779602]",0.7999,0.4817629179331307,0.4756838905775076,0.47720364741641336,0.46200607902735563,0.5106382978723404,0.5106382978723404,0.49544072948328266
253,0.425531914893617,0.36278696798358323,0.47688467644159804,0.2844950093260094,0.45896656534954405,0.06264731287956238,0.07409613020718098,0.0,0.073811249807477,0.9490841330261901,"[0.6580547094345093, 0.7537993788719177, 0.7264437675476074, 0.738601803779602]",0.7591,0.5015197568389058,0.4908814589665654,0.4787234042553192,0.4787234042553192,0.513677811550152,0.513677811550152,0.5106382978723404
254,0.40577507598784196,0.34313397587285377,0.4506315921954398,0.23703660652606892,0.4513677811550152,0.05982561409473419,0.07404507324099541,0.0,0.07379801850765944,0.8152443070430309,"[0.6580547094345093, 0.7537993788719177, 0.7264437675476074, 0.738601803779602]",1.0195,0.5,0.4878419452887538,0.4817629179331307,0.4908814589665654,0.5258358662613982,0.5258358662613982,0.5106382978723404
255,0.42401215805471126,0.36263612687881297,0.4757396624614256,0.29322964860299494,0.46656534954407297,0.05978371948003769,0.07402848172932863,0.0,0.07378164771944284,1.1068985649617389,"[0.6580547094345093, 0.7537993788719177, 0.7264437675476074, 0.738601803779602]",0.9651,0.48632218844984804,0.4908814589665654,0.4908814589665654,0.48024316109422494,0.5106382978723404,0.5106382978723404,0.4878419452887538
256,0.43465045592705165,0.37769868307316823,0.4785121856785431,0.2953582365070024,0.45592705167173253,0.06034306064248085,0.07407354842871428,0.0,0.07376658171415329,0.9242966199526563,"[0.6580547094345093, 0.7537993788719177, 0.7264437675476074, 0.738601803779602]",0.7057,0.49848024316109424,0.4878419452887538,0.4939209726443769,0.47416413373860183,0.506079027355623,0.506079027355623,0.5
257,0.4331306990881459,0.3728449322209304,0.45287851834730464,0.21959855877096948,0.4376899696048632,0.06115838885307312,0.0739739453420043,0.0,0.07375429011881351,0.757330239051953,"[0.6580547094345093, 0.7537993788719177, 0.7264437675476074, 0.738601803779602]",0.7432,0.4908814589665654,0.4817629179331307,0.4848024316109423,0.4787234042553192,0.5227963525835866,0.5227963525835866,0.4939209726443769
258,0.39209726443769,0.32774998020540413,0.4168220025818438,0.17532854469247847,0.39969604863221886,0.06031051278114319,0.07399321999400854,0.0,0.07374779507517815,0.7416716209845617,"[0.6580547094345093, 0.7537993788719177, 0.7264437675476074, 0.738601803779602]",0.6929,0.46808510638297873,0.4696048632218845,0.46656534954407297,0.47112462006079026,0.5091185410334347,0.5091185410334347,0.4574468085106383
259,0.41793313069908816,0.35169578728571127,0.45289939316198463,0.22118886982773722,0.439209726443769,0.06148887798190117,0.0739995576441288,0.0,0.07382837682962418,0.7366733759408817,"[0.6580547094345093, 0.7537993788719177, 0.7264437675476074, 0.738601803779602]",0.7179,0.48936170212765956,0.4817629179331307,0.48632218844984804,0.4848024316109423,0.5106382978723404,0.5106382978723404,0.4908814589665654
260,0.44224924012158057,0.38446676182707995,0.47287367950072257,0.30476645608098407,0.45592705167173253,0.06028709560632706,0.07395244296640158,0.0,0.07374411169439554,0.746445577009581,"[0.6580547094345093, 0.7537993788719177, 0.7264437675476074, 0.738601803779602]",0.7625,0.4908814589665654,0.48024316109422494,0.48936170212765956,0.47112462006079026,0.506079027355623,0.506079027355623,0.4848024316109423
261,0.4133738601823708,0.3559668434038,0.4709050801259619,0.2603999012126587,0.4331306990881459,0.06110795587301254,0.07392269000411034,0.0,0.07367070578038692,1.0925992500269786,"[0.6580547094345093, 0.7537993788719177, 0.7264437675476074, 0.738601803779602]",1.057,0.45440729483282677,0.4635258358662614,0.47112462006079026,0.4696048632218845,0.5106382978723404,0.5106382978723404,0.46048632218844987
262,0.40425531914893614,0.34837989278442194,0.45707054086512433,0.25276284525042414,0.4194528875379939,0.06120685115456581,0.07391204126179218,0.0,0.07363649550825357,0.8424730889964849,"[0.6580547094345093, 0.7537993788719177, 0.7264437675476074, 0.738601803779602]",0.8979,0.46808510638297873,0.45288753799392095,0.4848024316109423,0.48632218844984804,0.5091185410334347,0.5091185410334347,0.47112462006079026
263,0.45440729483282677,0.3983337281241325,0.49867185447323914,0.3312925243885691,0.46048632218844987,0.062371544539928436,0.07394407037645578,0.0,0.07362615689635277,0.8175758250290528,"[0.6580547094345093, 0.7537993788719177, 0.7264437675476074, 0.738601803779602]",0.757,0.4939209726443769,0.4939209726443769,0.49240121580547114,0.49240121580547114,0.5243161094224924,0.5243161094224924,0.4939209726443769
264,0.41793313069908816,0.36013832431567794,0.49647631192199626,0.2557943974646808,0.4270516717325228,0.059497080743312836,0.07394643872976303,0.0,0.07361217215657234,0.8411004390800372,"[0.6580547094345093, 0.7537993788719177, 0.7264437675476074, 0.738601803779602]",0.7501,0.47720364741641336,0.48024316109422494,0.4878419452887538,0.48024316109422494,0.506079027355623,0.506079027355623,0.47720364741641336
265,0.41185410334346506,0.35600970110186914,0.4885702723449799,0.27981611863884454,0.425531914893617,0.05900943651795387,0.07395487278699875,0.0,0.07359589263796806,0.7944899810245261,"[0.6580547094345093, 0.7537993788719177, 0.7264437675476074, 0.738601803779602]",0.7524,0.49544072948328266,0.49848024316109424,0.49848024316109424,0.48328267477203646,0.5075987841945289,0.5075987841945289,0.5
266,0.3966565349544073,0.34133303748379973,0.4655771803101376,0.2651707004451553,0.4133738601823708,0.05880570411682129,0.07393146865069866,0.0,0.07357969880104065,0.8362153540365398,"[0.6580547094345093, 0.7537993788719177, 0.7264437675476074, 0.738601803779602]",0.7737,0.46656534954407297,0.45896656534954405,0.4787234042553192,0.48936170212765956,0.5121580547112462,0.5121580547112462,0.4635258358662614
267,0.39361702127659576,0.33480455250276164,0.48047534781066265,0.2689681543454085,0.4088145896656535,0.059772394597530365,0.07391385268419981,0.0,0.07356354501098394,0.8326136990217492,"[0.6580547094345093, 0.7537993788719177, 0.7264437675476074, 0.738601803779602]",0.78,0.4756838905775076,0.48024316109422494,0.48632218844984804,0.48328267477203646,0.5045592705167173,0.5045592705167173,0.47416413373860183
268,0.4331306990881459,0.3757433322650714,0.4866832725428737,0.3052171198936781,0.44984802431610943,0.061591751873493195,0.07387261651456356,0.0,0.07354611158370972,0.8509372639236972,"[0.6580547094345093, 0.7537993788719177, 0.7264437675476074, 0.738601803779602]",0.8074,0.5106382978723404,0.4939209726443769,0.4878419452887538,0.48328267477203646,0.5258358662613982,0.5258358662613982,0.5151975683890577
269,0.43465045592705165,0.378003877692595,0.4887298639807789,0.31677017896932963,0.44680851063829785,0.0618281252682209,0.0738822091370821,0.0,0.07352790422737598,0.8369615190895274,"[0.6580547094345093, 0.7537993788719177, 0.7264437675476074, 0.738601803779602]",0.9494,0.4726443768996961,0.4635258358662614,0.4756838905775076,0.4756838905775076,0.5106382978723404,0.5106382978723404,0.4696048632218845
270,0.4270516717325228,0.37172077379354374,0.48225606740771354,0.29451644676874267,0.44376899696048633,0.059406034648418427,0.0738156707957387,0.0,0.0735100144520402,0.8261173489736393,"[0.6580547094345093, 0.7537993788719177, 0.7264437675476074, 0.738601803779602]",0.7233,0.48024316109422494,0.49240121580547114,0.4939209726443769,0.49240121580547114,0.5091185410334347,0.5091185410334347,0.4817629179331307
271,0.3662613981762918,0.30554880641438387,0.4556051802115165,0.2426630545401981,0.3966565349544073,0.06123374029994011,0.07381098624318838,0.0,0.0734993563964963,1.0713898249669,"[0.6580547094345093, 0.7537993788719177, 0.7264437675476074, 0.738601803779602]",0.6946,0.5121580547112462,0.513677811550152,0.49848024316109424,0.5045592705167173,0.5227963525835866,0.5227963525835866,0.513677811550152
272,0.3404255319148936,0.268319429356181,0.41855935953585455,0.20577164945040308,0.3738601823708207,0.058716025203466415,0.07374643441289663,0.0,0.07348078209906816,0.7870904620504007,"[0.6580547094345093, 0.7537993788719177, 0.7264437675476074, 0.738601803779602]",0.7802,0.5167173252279635,0.5075987841945289,0.4969604863221885,0.49544072948328266,0.5227963525835866,0.5227963525835866,0.5197568389057751
273,0.41185410334346506,0.35798080341272653,0.4961220546924893,0.29703243750046554,0.4316109422492401,0.0585675872862339,0.07375129871070385,0.0,0.0734697226434946,1.2339162710122764,"[0.6580547094345093, 0.7537993788719177, 0.7264437675476074, 0.738601803779602]",1.5533,0.49240121580547114,0.5,0.5,0.4939209726443769,0.513677811550152,0.513677811550152,0.49544072948328266
274,0.43617021276595747,0.38073965840455193,0.5030861289294652,0.30580328758534175,0.44680851063829785,0.061581309884786606,0.07367078587412834,0.0,0.07345690857619047,1.3426705199526623,"[0.6580547094345093, 0.7537993788719177, 0.7264437675476074, 0.738601803779602]",1.0192,0.4848024316109423,0.48936170212765956,0.5,0.49544072948328266,0.5258358662613982,0.5258358662613982,0.49240121580547114
275,0.425531914893617,0.37041302691496714,0.48457039631407,0.28556966363116104,0.425531914893617,0.06256103515625,0.07360467594116926,0.0,0.07344703283160925,1.594387135002762,"[0.6580547094345093, 0.7537993788719177, 0.7264437675476074, 0.738601803779602]",1.1945,0.5015197568389058,0.5045592705167173,0.4969604863221885,0.49240121580547114,0.5258358662613982,0.5258358662613982,0.5030395136778115
276,0.44072948328267475,0.3830396021188396,0.4902587886711112,0.30905003595319774,0.4452887537993921,0.06218671053647995,0.07361976336687803,0.0,0.07343742717057467,1.0423794430680573,"[0.6580547094345093, 0.7537993788719177, 0.7264437675476074, 0.738601803779602]",1.0668,0.47416413373860183,0.4756838905775076,0.4696048632218845,0.46808510638297873,0.49544072948328266,0.49544072948328266,0.4696048632218845
277,0.41033434650455924,0.35058962384135606,0.48025822579728356,0.2590890019743607,0.43465045592705165,0.06180468201637268,0.07356487214565277,0.0,0.07344013825058937,1.2116966129979119,"[0.6580547094345093, 0.7537993788719177, 0.7264437675476074, 0.738601803779602]",1.1101,0.48024316109422494,0.4787234042553192,0.47416413373860183,0.47720364741641336,0.506079027355623,0.506079027355623,0.48024316109422494
278,0.42401215805471126,0.3659854883077659,0.4864929123755399,0.285682969330328,0.4316109422492401,0.06248690187931061,0.07356284651905298,0.0,0.07344552781432867,1.6721169910160825,"[0.6580547094345093, 0.7537993788719177, 0.7264437675476074, 0.738601803779602]",1.4691,0.5091185410334347,0.4878419452887538,0.4848024316109423,0.4878419452887538,0.5121580547112462,0.5121580547112462,0.513677811550152
279,0.5075987841945289,0.45482581644943276,0.5570311346467514,0.42521775954328583,0.513677811550152,0.06201094016432762,0.07352899108082056,0.0,0.07361980434507132,1.1266915620071813,"[0.6580547094345093, 0.7537993788719177, 0.7264437675476074, 0.738601803779602]",1.2442,0.4878419452887538,0.4969604863221885,0.4817629179331307,0.47416413373860183,0.5182370820668692,0.5182370820668692,0.48328267477203646
280,0.4817629179331307,0.42847900396843597,0.542734397504179,0.39561803939706613,0.4908814589665654,0.06187798082828522,0.07355521060526371,0.0,0.0736247943714261,1.0885128329973668,"[0.6580547094345093, 0.7537993788719177, 0.7264437675476074, 0.738601803779602]",1.289,0.506079027355623,0.5106382978723404,0.5045592705167173,0.4969604863221885,0.5121580547112462,0.5121580547112462,0.4969604863221885
281,0.48632218844984804,0.4329943427926056,0.5500849626019596,0.40789912820758684,0.4908814589665654,0.059180907905101776,0.07352880295366049,0.0,0.07360328175127506,1.0537294030655175,"[0.6580547094345093, 0.7537993788719177, 0.7264437675476074, 0.738601803779602]",1.254,0.4939209726443769,0.49544072948328266,0.4908814589665654,0.4878419452887538,0.5227963525835866,0.5227963525835866,0.4908814589665654
282,0.48024316109422494,0.42467077258189456,0.538718272418492,0.39540175993790067,0.48632218844984804,0.06071857362985611,0.07346268650144339,0.0,0.07358031161129475,1.4587945149978623,"[0.6580547094345093, 0.7537993788719177, 0.7264437675476074, 0.738601803779602]",1.0091,0.5167173252279635,0.5151975683890577,0.506079027355623,0.5106382978723404,0.5227963525835866,0.5227963525835866,0.5167173252279635
283,0.48632218844984804,0.4328887982252594,0.5555481987064799,0.4046204345937502,0.4939209726443769,0.059283625334501266,0.07345686759799719,0.0,0.07355690002441406,1.0429057750152424,"[0.6580547094345093, 0.7537993788719177, 0.7264437675476074, 0.738601803779602]",1.2503,0.49544072948328266,0.5030395136778115,0.5106382978723404,0.5075987841945289,0.5243161094224924,0.5243161094224924,0.49240121580547114
284,0.4878419452887538,0.43256556640829913,0.5350822975579121,0.3902239347410543,0.4939209726443769,0.0601624958217144,0.07341733388602734,0.0,0.07354204170405865,1.291794507065788,"[0.6580547094345093, 0.7537993788719177, 0.7264437675476074, 0.738601803779602]",1.6455,0.48024316109422494,0.48632218844984804,0.48024316109422494,0.47720364741641336,0.5121580547112462,0.5121580547112462,0.4908814589665654
285,0.48024316109422494,0.4243867502238138,0.5479247937313313,0.4065662755774225,0.4848024316109423,0.06000618636608124,0.07337584719061852,0.0,0.07352261617779732,0.771474058041349,"[0.6580547094345093, 0.7537993788719177, 0.7264437675476074, 0.738601803779602]",0.7628,0.48936170212765956,0.49848024316109424,0.48936170212765956,0.48936170212765956,0.5182370820668692,0.5182370820668692,0.4848024316109423
286,0.4756838905775076,0.4209475126072284,0.5597231040101446,0.4049568272959588,0.48024316109422494,0.05937635526061058,0.07336992491036654,0.0,0.07350749801844358,0.8889526199782267,"[0.6580547094345093, 0.7537993788719177, 0.7264437675476074, 0.738601803779602]",0.7835,0.46200607902735563,0.46504559270516715,0.46048632218844987,0.4756838905775076,0.5045592705167173,0.5045592705167173,0.45592705167173253
287,0.49240121580547114,0.43921265428082246,0.53424198271837,0.3823867302344614,0.49848024316109424,0.05935386195778847,0.07337586116045713,0.0,0.07349001057446003,0.8148298780433834,"[0.6580547094345093, 0.7537993788719177, 0.7264437675476074, 0.738601803779602]",0.7396,0.4817629179331307,0.4787234042553192,0.48328267477203646,0.4908814589665654,0.5273556231003039,0.5273556231003039,0.4848024316109423
288,0.5015197568389058,0.4489478065046545,0.5389533019327093,0.40924337014096196,0.5075987841945289,0.06027001887559891,0.07340109907090664,0.0,0.07347189448773861,0.900068802991882,"[0.6580547094345093, 0.7537993788719177, 0.7264437675476074, 0.738601803779602]",0.8154,0.5182370820668692,0.5075987841945289,0.49544072948328266,0.5015197568389058,0.5197568389057751,0.5197568389057751,0.5106382978723404
289,0.48024316109422494,0.4288194444444444,0.5159675434032723,0.3627980092924013,0.4878419452887538,0.060927584767341614,0.07336648274213076,0.0,0.07346165645867586,0.8643017470603809,"[0.6580547094345093, 0.7537993788719177, 0.7264437675476074, 0.738601803779602]",0.7451,0.46200607902735563,0.45592705167173253,0.4574468085106383,0.46200607902735563,0.5151975683890577,0.5151975683890577,0.4696048632218845
290,0.48632218844984804,0.43149569667364496,0.5214694819053113,0.3826534564117785,0.4939209726443769,0.06129315495491028,0.07338653318583965,0.0,0.07344517577439547,0.8429181060055271,"[0.6580547094345093, 0.7537993788719177, 0.7264437675476074, 0.738601803779602]",0.7668,0.5075987841945289,0.5,0.48936170212765956,0.4908814589665654,0.5167173252279635,0.5167173252279635,0.5075987841945289
291,0.49848024316109424,0.4445226102372175,0.5431990077708231,0.4003574728170452,0.49848024316109424,0.06212829053401947,0.07335306890308857,0.0,0.07344091590493917,1.0228019930655137,"[0.6580547094345093, 0.7537993788719177, 0.7264437675476074, 0.738601803779602]",0.7419,0.4817629179331307,0.4817629179331307,0.47112462006079026,0.46808510638297873,0.4969604863221885,0.4969604863221885,0.48024316109422494
292,0.4969604863221885,0.4446294563285539,0.5371150886191066,0.4205528629288477,0.5030395136778115,0.06232725456357002,0.07329561468213797,0.0,0.07342800684273243,0.8263338609831408,"[0.6580547094345093, 0.7537993788719177, 0.7264437675476074, 0.738601803779602]",0.7356,0.513677811550152,0.513677811550152,0.4908814589665654,0.49240121580547114,0.506079027355623,0.506079027355623,0.5197568389057751
293,0.4969604863221885,0.44247993754079684,0.5510750355975411,0.4253933121395212,0.5045592705167173,0.06090012192726135,0.07329439371824265,0.0,0.07341423910111189,0.8064811149379238,"[0.6580547094345093, 0.7537993788719177, 0.7264437675476074, 0.738601803779602]",0.8114,0.46048632218844987,0.46048632218844987,0.46656534954407297,0.47416413373860183,0.5121580547112462,0.5121580547112462,0.46504559270516715
294,0.45288753799392095,0.4012284825964967,0.4829139737983719,0.30438532894360615,0.46808510638297873,0.06295283883810043,0.07326432690024376,0.0,0.07341425120830536,0.8221948880236596,"[0.6580547094345093, 0.7537993788719177, 0.7264437675476074, 0.738601803779602]",0.7799,0.4726443768996961,0.46200607902735563,0.4756838905775076,0.4726443768996961,0.5030395136778115,0.5030395136778115,0.48024316109422494
295,0.46048632218844987,0.40738917880818215,0.4974010585300653,0.32434042988543194,0.46808510638297873,0.05956804007291794,0.07329752575606108,0.0,0.07340495940297842,0.7992230829549953,"[0.6580547094345093, 0.7537993788719177, 0.7264437675476074, 0.738601803779602]",0.7298,0.5,0.48632218844984804,0.48936170212765956,0.4787234042553192,0.5258358662613982,0.5258358662613982,0.49240121580547114
296,0.46504559270516715,0.40929806708951477,0.5167677725093376,0.36348940320967327,0.47720364741641336,0.05919472873210907,0.07323460001498461,0.0,0.07339477725327015,0.8805604869266972,"[0.6580547094345093, 0.7537993788719177, 0.7264437675476074, 0.738601803779602]",0.9565,0.5045592705167173,0.4969604863221885,0.49240121580547114,0.48936170212765956,0.5091185410334347,0.5091185410334347,0.5167173252279635
297,0.44832826747720367,0.3936546135802844,0.5083297233746251,0.33510822636437804,0.46504559270516715,0.059787213802337646,0.07325030211359262,0.0,0.07337782997637987,0.856192197999917,"[0.6580547094345093, 0.7537993788719177, 0.7264437675476074, 0.738601803779602]",0.9018,0.506079027355623,0.5030395136778115,0.513677811550152,0.506079027355623,0.5273556231003039,0.5273556231003039,0.5091185410334347
298,0.4574468085106383,0.400235916499857,0.5209885880862382,0.35705261630421714,0.46504559270516715,0.06013083457946777,0.07315500732511282,0.0,0.0733519745990634,0.871570962946862,"[0.6580547094345093, 0.7537993788719177, 0.7264437675476074, 0.738601803779602]",0.767,0.46656534954407297,0.48024316109422494,0.4817629179331307,0.4878419452887538,0.5303951367781155,0.5303951367781155,0.4696048632218845
299,0.4817629179331307,0.4290955722580415,0.530824015986522,0.38516902256160707,0.48936170212765956,0.059772953391075134,0.07320534251630306,0.0,0.07335221115499735,0.8293051989749074,"[0.6580547094345093, 0.7537993788719177, 0.7264437675476074, 0.738601803779602]",0.7504,0.5182370820668692,0.5167173252279635,0.506079027355623,0.506079027355623,0.5288753799392097,0.5288753799392097,0.5182370820668692
300,0.4452887537993921,0.39293522906793044,0.49609422053078883,0.30606028120736073,0.46656534954407297,0.060094818472862244,0.07315777987241745,0.0,0.07336079236119986,1.0518075739964843,"[0.6580547094345093, 0.7537993788719177, 0.7264437675476074, 0.738601803779602]",,,,,,,,
