round,ACC,Kappa,NMI,ARI,PURITY,alignment_loss,mean_reconstruction_loss,mean_consensus_loss,mean_local_total_loss,round_seconds,observed_rates,completion_eval_seconds,C025_ACC,C050_ACC,C075_ACC,C100_ACC,D0_ACC,E0_ACC,G0_ACC
1,0.28430836522689995,0.13181649561023856,0.1666903398298516,0.07947701144959289,0.41170038272279935,0.11849759519100189,0.27792324125766754,0.0,0.2576385363936424,2.2856210389873013,"[0.7315472364425659, 0.7654455900192261]",0.8644,0.2957900492072171,0.30289775833788957,0.29797703663203934,0.3231273920174959,0.32586112629852376,0.32586112629852376,0.29305631492618917
2,0.3089119737561509,0.1050979305261901,0.1707066120980804,0.07520412516535945,0.4319300164024057,0.06883186101913452,0.25306784361600876,0.0,0.2360541671514511,1.0230067189550027,"[0.7315472364425659, 0.7654455900192261]",0.957,0.31656642974302895,0.3296883542919628,0.29250956806998357,0.3143794423182067,0.3285948605795517,0.3285948605795517,0.3154729360306178
3,0.3132859486057955,0.16845911349806397,0.13303797096516526,0.07646725689908766,0.40459267359212686,0.060662757605314255,0.23237749934196472,0.0,0.21865497529506683,0.7055787759600207,"[0.7315472364425659, 0.7654455900192261]",0.8119,0.3018042646254784,0.3121924548933844,0.34117003827227993,0.3564789502460361,0.3745215965008201,0.3745215965008201,0.3018042646254784
4,0.3389830508474576,0.16712580452704662,0.1415007731314634,0.11390070627178471,0.4291962821213778,0.06958815455436707,0.21565917879343033,0.0,0.2045704871416092,0.622146858018823,"[0.7315472364425659, 0.7654455900192261]",0.7691,0.30945872061235646,0.3225806451612903,0.2963367960634226,0.3280481137233461,0.3138326954620011,0.3138326954620011,0.30727173318753415
5,0.2547840349917988,0.033014240668973516,0.11847378304147187,0.03239217122163972,0.3958447238928376,0.06095903739333153,0.20196663588285446,0.0,0.19277480244636536,0.5840019199531525,"[0.7315472364425659, 0.7654455900192261]",0.7248,0.2990705303444505,0.302351011481684,0.3329688354291963,0.33406232914160744,0.3553854565336249,0.3553854565336249,0.29852378348824493
6,0.33351558228540185,0.17358045906286645,0.1288050194429896,0.08466360930054875,0.40951339529797703,0.05940217524766922,0.1904224082827568,0.0,0.1825883910059929,0.6315071779536083,"[0.7315472364425659, 0.7654455900192261]",0.7884,0.32422088572990704,0.3373428102788409,0.31984691088026246,0.3050847457627119,0.31055221432476765,0.31055221432476765,0.3236741388737015
7,0.2547840349917988,0.10330753603420839,0.09701304640460949,0.030259452049534966,0.3799890650628759,0.05424202233552933,0.1803283542394638,0.0,0.17351821064949036,0.6191392800537869,"[0.7315472364425659, 0.7654455900192261]",0.7976,0.3225806451612903,0.32586112629852376,0.32586112629852376,0.36905412793876435,0.3553854565336249,0.3553854565336249,0.3225806451612903
8,0.302351011481684,0.1361285536822373,0.15591082933606412,0.028589028431566764,0.4127938764352105,0.06749885529279709,0.17126939445734024,0.0,0.16516519337892532,0.6104160110699013,"[0.7315472364425659, 0.7654455900192261]",0.7653,0.2799343903772553,0.2892290869327501,0.30727173318753415,0.32586112629852376,0.29360306178239476,0.29360306178239476,0.2799343903772553
9,0.26571897211591033,0.013324662314286417,0.0660315842382099,0.021568899773860617,0.36030617823947514,0.06020285189151764,0.16290924698114395,0.0,0.15737035870552063,0.8684361419873312,"[0.7315472364425659, 0.7654455900192261]",1.3494,0.2799343903772553,0.29086932750136685,0.31656642974302895,0.3138326954620011,0.32695462001093495,0.32695462001093495,0.2804811372334609
10,0.3285948605795517,0.1719927109204583,0.14059590904547895,0.052803047153318725,0.4062329141607436,0.05698655918240547,0.1551644504070282,0.0,0.15010760724544525,0.8499248949810863,"[0.7315472364425659, 0.7654455900192261]",0.7831,0.2854018589393111,0.28485511208310554,0.2897758337889557,0.29141607435757244,0.30781848004373974,0.30781848004373974,0.2854018589393111
11,0.30945872061235646,0.14050464066258506,0.13441591190159008,0.036100141350608544,0.4002186987424822,0.06073040887713432,0.14791350439190865,0.0,0.14328401535749435,0.761867317953147,"[0.7315472364425659, 0.7654455900192261]",1.0287,0.2854018589393111,0.2892290869327501,0.31711317659923455,0.3324220885729907,0.33406232914160744,0.33406232914160744,0.2854018589393111
12,0.3537452159650082,0.1878849030478198,0.14213733058976463,0.08751936812272884,0.41224712957900495,0.05317786708474159,0.14110510796308517,0.0,0.13686321303248405,0.7682139939861372,"[0.7315472364425659, 0.7654455900192261]",1.1077,0.3089119737561509,0.31055221432476765,0.2875888463641334,0.2810278840896665,0.2788408966648442,0.2788408966648442,0.3089119737561509
13,0.2810278840896665,0.055770781495245614,0.07166936427110061,0.018853883312750123,0.3635866593767086,0.052004486322402954,0.13474997505545616,0.0,0.13090455532073975,0.8188093850621954,"[0.7315472364425659, 0.7654455900192261]",0.7722,0.30289775833788957,0.306178239475123,0.32914160743575727,0.3482777474029524,0.3329688354291963,0.3329688354291963,0.30289775833788957
14,0.25041006014215417,0.06890290566008306,0.054764157058798765,0.0073027185989315724,0.35210497539639146,0.054584819823503494,0.1288798227906227,0.0,0.12535129860043526,0.6349714869866148,"[0.7315472364425659, 0.7654455900192261]",0.7538,0.2733734281027884,0.27556041552761074,0.3121924548933844,0.306178239475123,0.31711317659923455,0.31711317659923455,0.2733734281027884
15,0.30125751776927284,0.1159663051934372,0.1138311579468868,0.05367089143899009,0.40240568616730454,0.05093497037887573,0.12341470643877983,0.0,0.12022155523300171,0.6423680109437555,"[0.7315472364425659, 0.7654455900192261]",0.8872,0.27009294696555497,0.26681246582832147,0.2717331875341717,0.26681246582832147,0.2689994532531438,0.2689994532531438,0.27009294696555497
16,0.2946965554948059,0.1136908156158647,0.09041881675748137,0.042856088491944236,0.3750683433570257,0.05637272447347641,0.11831207945942879,0.0,0.11529100313782692,0.7885441909311339,"[0.7315472364425659, 0.7654455900192261]",0.9788,0.3143794423182067,0.3160196828868234,0.302351011481684,0.3067249863313286,0.3056314926189174,0.3056314926189174,0.3143794423182067
17,0.29250956806998357,0.043126165908059955,0.04583968677352372,0.018075766276909978,0.3477310005467469,0.04894427955150604,0.11346225067973137,0.0,0.11061358451843262,0.7735426409635693,"[0.7315472364425659, 0.7654455900192261]",0.9359,0.2717331875341717,0.26735921268452706,0.2799343903772553,0.273920174958994,0.2684527063969382,0.2684527063969382,0.2717331875341717
18,0.2793876435210498,0.10097207951920006,0.07057600112355669,0.017242897980928245,0.35975943138326955,0.053418003022670746,0.1088603287935257,0.0,0.10617415234446526,0.7051902309758589,"[0.7315472364425659, 0.7654455900192261]",0.9477,0.29250956806998357,0.29141607435757244,0.32695462001093495,0.3417167851284855,0.3116457080371788,0.3116457080371788,0.29250956806998357
19,0.28430836522689995,0.062370859474743745,0.06834687334202946,0.04098867669128086,0.35757244395844723,0.04918934404850006,0.10450330376625061,0.0,0.10197843238711357,0.7756742569617927,"[0.7315472364425659, 0.7654455900192261]",0.8849,0.3253143794423182,0.32586112629852376,0.3231273920174959,0.3050847457627119,0.30836522689994533,0.30836522689994533,0.3253143794423182
20,0.26079825041006016,0.10324246717768526,0.0754778443479305,0.04223690583578448,0.3728813559322034,0.047589998692274094,0.10036136582493782,0.0,0.09804033115506172,1.3211770239286125,"[0.7315472364425659, 0.7654455900192261]",1.3647,0.3121924548933844,0.3121924548933844,0.2782941498086386,0.2870420995079278,0.2946965554948059,0.2946965554948059,0.3121924548933844
21,0.3039912520503007,0.13319471797296434,0.09221047108255326,0.05070568292884696,0.3805358119190815,0.04498022049665451,0.09647360816597939,0.0,0.09430878981947899,0.6767829000018537,"[0.7315472364425659, 0.7654455900192261]",0.7852,0.30071077091306725,0.3018042646254784,0.306178239475123,0.2903225806451613,0.2782941498086386,0.2782941498086386,0.30071077091306725
22,0.306178239475123,0.09540280865419692,0.05392255974234898,0.021625920256744223,0.3635866593767086,0.06170330196619034,0.09280693903565407,0.0,0.09079568460583687,0.7628409710014239,"[0.7315472364425659, 0.7654455900192261]",0.7981,0.3154729360306178,0.31656642974302895,0.2897758337889557,0.2897758337889557,0.28430836522689995,0.28430836522689995,0.3154729360306178
23,0.30071077091306725,0.09822323118194387,0.07256039938165856,0.05491146634006095,0.3657736468015309,0.04998547583818436,0.08935075998306274,0.0,0.08748183399438858,0.7501656109234318,"[0.7315472364425659, 0.7654455900192261]",0.9012,0.29360306178239476,0.29797703663203934,0.2974302897758338,0.3121924548933844,0.29086932750136685,0.29086932750136685,0.29360306178239476
24,0.2963367960634226,0.050217077284355094,0.044887784754825834,0.019853007804485276,0.3466375068343357,0.04717361927032471,0.08612044900655746,0.0,0.08437038585543633,0.6818276519188657,"[0.7315472364425659, 0.7654455900192261]",0.997,0.26790595954073265,0.26517222525970474,0.23728813559322035,0.23947512301804263,0.24330235101148168,0.24330235101148168,0.26790595954073265
25,0.2498633132859486,0.02188853514108502,0.06718427393087295,0.018474768985261736,0.36686714051394204,0.050964824855327606,0.08310631290078163,0.0,0.08148590102791786,0.7730040840106085,"[0.7315472364425659, 0.7654455900192261]",0.9054,0.2886823400765446,0.2897758337889557,0.3143794423182067,0.30781848004373974,0.29797703663203934,0.29797703663203934,0.2886823400765446
26,0.27227993439037723,0.10098089288174072,0.06343132419483286,0.014828211298726114,0.3548387096774194,0.04820956289768219,0.08029945567250252,0.0,0.07880153134465218,1.0228535099886358,"[0.7315472364425659, 0.7654455900192261]",0.92,0.29360306178239476,0.2957900492072171,0.28212137780207763,0.2990705303444505,0.28649535265172227,0.28649535265172227,0.29360306178239476
27,0.3050847457627119,0.0949781633887743,0.0748347233770808,0.06077465286804903,0.37670858392564244,0.049350567162036896,0.07770528271794319,0.0,0.07631608843803406,0.7316291589522734,"[0.7315472364425659, 0.7654455900192261]",0.8095,0.302351011481684,0.3045379989065063,0.29360306178239476,0.29086932750136685,0.2799343903772553,0.2799343903772553,0.302351011481684
28,0.3089119737561509,0.10651043538686411,0.09104130954523078,0.013031072362571993,0.38490978676872606,0.052962176501750946,0.07530214264988899,0.0,0.07402113080024719,0.6413926460081711,"[0.7315472364425659, 0.7654455900192261]",0.8611,0.27446692181519955,0.27720065609622746,0.2717331875341717,0.27556041552761074,0.26790595954073265,0.26790595954073265,0.27446692181519955
29,0.31492618917441223,0.11580331851015058,0.10831500137951883,0.01566518667992119,0.3887370147621651,0.05112256854772568,0.07308919727802277,0.0,0.07190549746155739,0.664411589037627,"[0.7315472364425659, 0.7654455900192261]",0.8615,0.30344450519409516,0.3045379989065063,0.2957900492072171,0.302351011481684,0.29086932750136685,0.29086932750136685,0.30344450519409516
30,0.3373428102788409,0.15549626044606446,0.09821060308049681,0.04110400322518843,0.39475123018042646,0.04904114827513695,0.07106021046638489,0.0,0.0699632354080677,0.9687204089714214,"[0.7315472364425659, 0.7654455900192261]",0.9255,0.28649535265172227,0.29086932750136685,0.31820667031164573,0.3253143794423182,0.31492618917441223,0.31492618917441223,0.28649535265172227
31,0.27009294696555497,0.09798463587314887,0.06282474886734508,0.016314879019107872,0.3586659376708584,0.049422893673181534,0.06919336318969727,0.0,0.06819889694452286,0.8104988079285249,"[0.7315472364425659, 0.7654455900192261]",0.7917,0.29360306178239476,0.2974302897758338,0.2963367960634226,0.3056314926189174,0.29250956806998357,0.29250956806998357,0.29360306178239476
32,0.26790595954073265,0.09452198279798407,0.06204385747468601,0.02368951802521759,0.3641334062329142,0.04579322040081024,0.067496158182621,0.0,0.06659497693181038,1.0026308150263503,"[0.7315472364425659, 0.7654455900192261]",1.9083,0.2963367960634226,0.2968835429196282,0.2799343903772553,0.30289775833788957,0.2952433023510115,0.2952433023510115,0.2963367960634226
33,0.3018042646254784,0.13260137550335416,0.08613548629536501,0.03230415175526369,0.37725533078184803,0.05206475779414177,0.06595554575324059,0.0,0.06514360383152962,1.297811347991228,"[0.7315472364425659, 0.7654455900192261]",0.9123,0.2782941498086386,0.28157463094587204,0.29852378348824493,0.30016402405686166,0.2886823400765446,0.2886823400765446,0.2782941498086386
34,0.32476763258611263,0.11259460638049212,0.08053113191775532,0.021902004743891354,0.3827227993439038,0.05320622771978378,0.06456830725073814,0.0,0.06382884830236435,0.73925290198531,"[0.7315472364425659, 0.7654455900192261]",1.1852,0.29305631492618917,0.2946965554948059,0.32586112629852376,0.320393657736468,0.30836522689994533,0.30836522689994533,0.29305631492618917
35,0.28376161837069436,0.12144046230905181,0.07701165599802202,0.020550182573680336,0.36249316566429746,0.05138420686125755,0.06330888345837593,0.0,0.06266042776405811,0.6711331809638068,"[0.7315472364425659, 0.7654455900192261]",0.8376,0.30289775833788957,0.3045379989065063,0.2963367960634226,0.2990705303444505,0.3067249863313286,0.3067249863313286,0.30289775833788957
36,0.30781848004373974,0.1126275913474527,0.07318889102944787,-0.005805414661865476,0.35702569710224163,0.05194612592458725,0.06216590479016304,0.0,0.06160600110888481,0.6731889549409971,"[0.7315472364425659, 0.7654455900192261]",0.8098,0.277747402952433,0.2793876435210498,0.27227993439037723,0.2689994532531438,0.2618917441224713,0.2618917441224713,0.277747402952433
37,0.3050847457627119,0.10719872370218542,0.07771816201443073,0.05586451039929032,0.38819026790595956,0.053744301199913025,0.06113225594162941,0.0,0.060650164261460304,0.6443131449632347,"[0.7315472364425659, 0.7654455900192261]",0.8205,0.29360306178239476,0.29797703663203934,0.28649535265172227,0.2854018589393111,0.27446692181519955,0.27446692181519955,0.29360306178239476
38,0.31055221432476765,0.10895098275945347,0.07843944234960806,0.04639212662206733,0.38490978676872606,0.05352165549993515,0.060198573395609856,0.0,0.059793002903461456,0.6615180099615827,"[0.7315472364425659, 0.7654455900192261]",0.7772,0.2875888463641334,0.2886823400765446,0.2968835429196282,0.29086932750136685,0.2974302897758338,0.2974302897758338,0.2875888463641334
39,0.2946965554948059,0.12298850232912206,0.07205191971191212,0.019417383961415253,0.3586659376708584,0.05154015123844147,0.05935417115688324,0.0,0.059021590277552605,0.6277432630304247,"[0.7315472364425659, 0.7654455900192261]",0.8336,0.2695462001093494,0.2695462001093494,0.2536905412793876,0.2706396938217605,0.2695462001093494,0.2695462001093494,0.2695462001093494
40,0.2897758337889557,0.08468932645888438,0.0799018310245522,0.006788497489964209,0.36850738108255876,0.05136410892009735,0.05859420634806156,0.0,0.05832650698721409,1.1219874779926613,"[0.7315472364425659, 0.7654455900192261]",0.7959,0.29305631492618917,0.2968835429196282,0.26790595954073265,0.2897758337889557,0.2624384909786769,0.2624384909786769,0.29305631492618917
41,0.2990705303444505,0.12461247834657418,0.0746280308852419,0.018584508269528566,0.3608529250956807,0.051013700664043427,0.05791252478957176,0.0,0.05770194157958031,0.6544195980532095,"[0.7315472364425659, 0.7654455900192261]",0.895,0.31711317659923455,0.32586112629852376,0.3132859486057955,0.3143794423182067,0.3067249863313286,0.3067249863313286,0.31711317659923455
42,0.3138326954620011,0.1493962679188956,0.1035461305119635,0.027906672379898044,0.3870967741935484,0.053978342562913895,0.05730185844004154,0.0,0.057142047211527824,0.7444629300152883,"[0.7315472364425659, 0.7654455900192261]",0.9472,0.2996172772006561,0.31055221432476765,0.29797703663203934,0.29196282121377803,0.29414980863860035,0.29414980863860035,0.2996172772006561
43,0.3067249863313286,0.13828449216617877,0.09028937007222708,0.042488243917566934,0.3892837616183707,0.0481971874833107,0.05674692429602146,0.0,0.05664120987057686,0.7453625939087942,"[0.7315472364425659, 0.7654455900192261]",0.9302,0.3067249863313286,0.3209404045926736,0.2689994532531438,0.28430836522689995,0.2733734281027884,0.2733734281027884,0.3067249863313286
44,0.3056314926189174,0.13777462013649622,0.0895463861975451,0.04586279040376441,0.3870967741935484,0.046805307269096375,0.05624479055404663,0.0,0.05618838593363762,0.714681789977476,"[0.7315472364425659, 0.7654455900192261]",0.9238,0.2875888463641334,0.2875888463641334,0.2804811372334609,0.2613449972662657,0.2553307818480044,0.2553307818480044,0.2875888463641334
45,0.3318753417167851,0.1018103738937084,0.07193333747982579,0.05689283926033109,0.3821760524876982,0.047494515776634216,0.05579056032001972,0.0,0.055779168382287025,0.7097440829966217,"[0.7315472364425659, 0.7654455900192261]",0.839,0.2799343903772553,0.29141607435757244,0.2640787315472936,0.273920174958994,0.26571897211591033,0.26571897211591033,0.2799343903772553
46,0.2859486057955167,0.028767293168118657,0.0450317799807365,0.023130057786823394,0.35210497539639146,0.05076893791556358,0.05538318492472172,0.0,0.05541539937257767,1.3233129119034857,"[0.7315472364425659, 0.7654455900192261]",0.9727,0.2854018589393111,0.2963367960634226,0.27009294696555497,0.28212137780207763,0.27227993439037723,0.27227993439037723,0.2854018589393111
47,0.25751776927282666,0.07908478799294039,0.07423215124418737,0.013281948028633257,0.3717878622197922,0.05181397497653961,0.05501379445195198,0.0,0.055096112191677094,0.7247475850163028,"[0.7315472364425659, 0.7654455900192261]",1.2221,0.2946965554948059,0.30344450519409516,0.30071077091306725,0.2974302897758338,0.2903225806451613,0.2903225806451613,0.2946965554948059
48,0.320393657736468,0.09045420739247734,0.067205228037016,0.07025783585445343,0.3750683433570257,0.051170822232961655,0.05467629060149193,0.0,0.054810961708426476,0.7477400969946757,"[0.7315472364425659, 0.7654455900192261]",0.8861,0.3018042646254784,0.31492618917441223,0.29305631492618917,0.3132859486057955,0.2952433023510115,0.2952433023510115,0.3018042646254784
49,0.2761071623838163,0.0840558660274413,0.06076874808899933,0.009008261295206103,0.3542919628212138,0.053728386759757996,0.05437665060162544,0.0,0.054564302787184715,0.8218722260789946,"[0.7315472364425659, 0.7654455900192261]",1.1309,0.28157463094587204,0.273920174958994,0.3050847457627119,0.2963367960634226,0.30289775833788957,0.30289775833788957,0.28157463094587204
50,0.2695462001093494,0.06010995380832285,0.06768185757887227,0.03357779138751781,0.3701476216511755,0.048279937356710434,0.05411343462765217,0.0,0.05435767583549023,1.0674305360298604,"[0.7315472364425659, 0.7654455900192261]",0.8663,0.29414980863860035,0.2968835429196282,0.2810278840896665,0.2968835429196282,0.28321487151448876,0.28321487151448876,0.29414980863860035
51,0.2968835429196282,0.05967130588925251,0.06428636853893133,0.037997702689515474,0.3635866593767086,0.05139089375734329,0.05388608202338219,0.0,0.05417078547179699,0.9890068669337779,"[0.7315472364425659, 0.7654455900192261]",0.8618,0.3089119737561509,0.3089119737561509,0.31000546746856206,0.31492618917441223,0.29797703663203934,0.29797703663203934,0.3089119737561509
52,0.3089119737561509,0.050586521102767956,0.045143342790041945,0.027527977869609876,0.35046473482777474,0.05132633075118065,0.053690122440457344,0.0,0.05400918051600456,0.6357299709925428,"[0.7315472364425659, 0.7654455900192261]",0.7894,0.29305631492618917,0.306178239475123,0.32695462001093495,0.31711317659923455,0.3231273920174959,0.3231273920174959,0.29305631492618917
53,0.306178239475123,0.04686576664442266,0.04510044917746545,0.02530680378280283,0.35101148168398033,0.048288024961948395,0.05351966246962547,0.0,0.05386742576956749,0.8418344180099666,"[0.7315472364425659, 0.7654455900192261]",0.8593,0.3154729360306178,0.3236741388737015,0.3089119737561509,0.30125751776927284,0.30016402405686166,0.30016402405686166,0.3154729360306178
54,0.2870420995079278,0.02922086644203903,0.062363957701295644,0.02855328457095114,0.35757244395844723,0.05092516541481018,0.05336944945156574,0.0,0.053745752200484276,0.7574067119276151,"[0.7315472364425659, 0.7654455900192261]",0.9105,0.28430836522689995,0.28430836522689995,0.2706396938217605,0.2892290869327501,0.27665390924002187,0.27665390924002187,0.28430836522689995
55,0.27501366867140514,0.08103094119479237,0.06575887670134509,0.005566195846370427,0.3586659376708584,0.06720669567584991,0.053235726431012154,0.0,0.053643813356757164,0.7009498779661953,"[0.7315472364425659, 0.7654455900192261]",0.7347,0.2996172772006561,0.3138326954620011,0.3367960634226353,0.3329688354291963,0.3329688354291963,0.3329688354291963,0.2996172772006561
56,0.3121924548933844,0.1230980427428735,0.08840909673071844,0.0071689222681667365,0.36905412793876435,0.05158796161413193,0.05311966501176357,0.0,0.05355752632021904,0.6766155860386789,"[0.7315472364425659, 0.7654455900192261]",1.2622,0.2804811372334609,0.2870420995079278,0.31492618917441223,0.3050847457627119,0.2963367960634226,0.2963367960634226,0.2804811372334609
57,0.30071077091306725,0.11142229197940923,0.08122572869455272,0.0060322053595290885,0.35921268452706395,0.04946523159742355,0.05301976390182972,0.0,0.053479114547371864,0.8198454020312056,"[0.7315472364425659, 0.7654455900192261]",1.0026,0.2875888463641334,0.3018042646254784,0.33406232914160744,0.3302351011481684,0.3373428102788409,0.3373428102788409,0.2875888463641334
58,0.2957900492072171,0.030045007191021766,0.046883679417292684,0.024057219402595982,0.34991798797156914,0.05020763725042343,0.05293340049684048,0.0,0.05341740697622299,0.6210661450168118,"[0.7315472364425659, 0.7654455900192261]",0.8137,0.2826681246582832,0.273920174958994,0.302351011481684,0.2892290869327501,0.2897758337889557,0.2897758337889557,0.28212137780207763
59,0.29141607435757244,0.11451930670248867,0.07630821708352602,0.015815918996461228,0.35757244395844723,0.049279309809207916,0.052856964990496635,0.0,0.05337041616439819,0.6209201629972085,"[0.7315472364425659, 0.7654455900192261]",0.7653,0.2870420995079278,0.2996172772006561,0.2892290869327501,0.28157463094587204,0.2793876435210498,0.2793876435210498,0.2870420995079278
60,0.31930016402405687,0.13109715961623525,0.08942983296591528,0.026675457270674916,0.38764352104975397,0.0504913255572319,0.0527897123247385,0.0,0.053325971588492393,0.8931788629852235,"[0.7315472364425659, 0.7654455900192261]",1.1547,0.263531984691088,0.2689994532531438,0.2728266812465828,0.263531984691088,0.2531437944231821,0.2531437944231821,0.2629852378348824
61,0.2870420995079278,0.11610388618903977,0.07127345096133904,0.023247580007806804,0.35702569710224163,0.049714650958776474,0.052731363102793694,0.0,0.05328115075826645,0.7539595870766789,"[0.7315472364425659, 0.7654455900192261]",0.7723,0.2799343903772553,0.2854018589393111,0.2706396938217605,0.25861126298523784,0.259704756697649,0.259704756697649,0.2799343903772553
62,0.28430836522689995,0.09970729293344083,0.06851394973211018,0.01613198736737858,0.3581191908146528,0.05373811721801758,0.05267903581261635,0.0,0.05324528180062771,0.6162562930257991,"[0.7315472364425659, 0.7654455900192261]",0.8233,0.2870420995079278,0.28649535265172227,0.31055221432476765,0.30781848004373974,0.30836522689994533,0.30836522689994533,0.2870420995079278
63,0.30289775833788957,0.12528807288243915,0.08118599217288587,0.011360700825794314,0.36030617823947514,0.05163488909602165,0.05263116955757141,0.0,0.05321384780108929,0.7221125490032136,"[0.7315472364425659, 0.7654455900192261]",0.7994,0.30071077091306725,0.31765992345544014,0.3132859486057955,0.30727173318753415,0.2946965554948059,0.2946965554948059,0.30071077091306725
64,0.32914160743575727,0.1274211214523755,0.07790866246285727,0.029431796244953994,0.3745215965008201,0.05325224995613098,0.05258755199611187,0.0,0.053182436153292656,0.6725153579609469,"[0.7315472364425659, 0.7654455900192261]",0.7908,0.2826681246582832,0.28376161837069436,0.31055221432476765,0.30945872061235646,0.3296883542919628,0.3296883542919628,0.2826681246582832
65,0.3329688354291963,0.1585039231702745,0.0962092470608752,0.07143326350433658,0.3843630399125205,0.05150056630373001,0.05254518985748291,0.0,0.05315515026450157,0.6605637499596924,"[0.7315472364425659, 0.7654455900192261]",0.8253,0.30289775833788957,0.31656642974302895,0.28212137780207763,0.306178239475123,0.29141607435757244,0.29141607435757244,0.30289775833788957
66,0.32476763258611263,0.11337067242152854,0.08609252058457459,0.07181887021774042,0.3799890650628759,0.05298720672726631,0.05250844918191433,0.0,0.05312826856970787,0.6873274279059842,"[0.7315472364425659, 0.7654455900192261]",0.7514,0.2990705303444505,0.3132859486057955,0.27720065609622746,0.2788408966648442,0.2706396938217605,0.2706396938217605,0.29797703663203934
67,0.28485511208310554,0.11398523908708702,0.07575034601778022,0.026725153915257132,0.3641334062329142,0.04956326633691788,0.052475014701485634,0.0,0.05310400016605854,0.7932606060057878,"[0.7315472364425659, 0.7654455900192261]",0.7554,0.30016402405686166,0.3143794423182067,0.2782941498086386,0.2804811372334609,0.2711864406779661,0.2711864406779661,0.2990705303444505
68,0.31711317659923455,0.1241402129588024,0.06782559998041357,0.06645571154737288,0.3728813559322034,0.05123745650053024,0.05244459584355354,0.0,0.05308181792497635,0.6457755829906091,"[0.7315472364425659, 0.7654455900192261]",0.7656,0.29086932750136685,0.3039912520503007,0.26517222525970474,0.2618917441224713,0.2553307818480044,0.2553307818480044,0.29086932750136685
69,0.32586112629852376,0.14757429006008516,0.09269845647727891,0.0723487723206525,0.3821760524876982,0.051186248660087585,0.052416494116187096,0.0,0.05305921286344528,0.6478994749486446,"[0.7315472364425659, 0.7654455900192261]",0.748,0.2968835429196282,0.30945872061235646,0.27446692181519955,0.2761071623838163,0.26681246582832147,0.26681246582832147,0.2957900492072171
70,0.26025150355385457,0.03647562334570709,0.06926051742876062,0.021545869361360395,0.36139967195188627,0.04963671788573265,0.05238996632397175,0.0,0.053039925172924995,1.0404773950576782,"[0.7315472364425659, 0.7654455900192261]",0.8486,0.2810278840896665,0.29414980863860035,0.2640787315472936,0.2788408966648442,0.26025150355385457,0.26025150355385457,0.2793876435210498
71,0.3275013668671405,0.10976822482718085,0.10189748228734821,0.061700701883830984,0.3980317113176599,0.05202924460172653,0.05236518196761608,0.0,0.05302029103040695,0.6753111719153821,"[0.7315472364425659, 0.7654455900192261]",0.8147,0.28649535265172227,0.29852378348824493,0.28157463094587204,0.27501366867140514,0.2624384909786769,0.2624384909786769,0.28485511208310554
72,0.25861126298523784,0.004140640434044385,0.06599126506450345,0.014513270962441616,0.35921268452706395,0.05038484185934067,0.05234166607260704,0.0,0.05300258658826351,0.6363605640362948,"[0.7315472364425659, 0.7654455900192261]",0.7648,0.2990705303444505,0.3116457080371788,0.28157463094587204,0.2903225806451613,0.2799343903772553,0.2799343903772553,0.29797703663203934
73,0.3296883542919628,0.1359476872331571,0.08850254967616758,0.009869692330065244,0.37561509021323125,0.05670047551393509,0.052319856360554695,0.0,0.05298249237239361,0.6746164269279689,"[0.7315472364425659, 0.7654455900192261]",0.7882,0.3050847457627119,0.31930016402405687,0.2782941498086386,0.29852378348824493,0.28212137780207763,0.28212137780207763,0.3039912520503007
74,0.3154729360306178,0.14020481219291125,0.10701892426197086,0.013700305720087486,0.381082558775287,0.051799509674310684,0.052299391478300095,0.0,0.052963243797421455,0.8955942050088197,"[0.7315472364425659, 0.7654455900192261]",0.9098,0.2963367960634226,0.31055221432476765,0.25861126298523784,0.2629852378348824,0.2498633132859486,0.2498633132859486,0.2963367960634226
75,0.3132859486057955,0.1394998123341068,0.111335305775416,0.016945135341447464,0.38819026790595956,0.05066206306219101,0.05227993614971638,0.0,0.05294318497180939,0.6412838059477508,"[0.7315472364425659, 0.7654455900192261]",0.7397,0.3121924548933844,0.3275013668671405,0.28321487151448876,0.3045379989065063,0.29086932750136685,0.29086932750136685,0.3110989611809732
76,0.30945872061235646,0.13690473744089637,0.11633517425721912,0.019680776272905147,0.39420448332422087,0.05043167620897293,0.05226191505789757,0.0,0.052925603464245796,0.6814749100012705,"[0.7315472364425659, 0.7654455900192261]",0.7126,0.31930016402405687,0.3329688354291963,0.2968835429196282,0.30781848004373974,0.29141607435757244,0.29141607435757244,0.31765992345544014
77,0.29852378348824493,0.11548392300895904,0.11332705398318084,0.025677942970069492,0.3969382176052488,0.051283665001392365,0.0522446371614933,0.0,0.05290532112121582,1.042606623028405,"[0.7315472364425659, 0.7654455900192261]",0.7328,0.2996172772006561,0.3039912520503007,0.3132859486057955,0.30945872061235646,0.3089119737561509,0.3089119737561509,0.2990705303444505
78,0.29305631492618917,0.10935086739445732,0.09866774158130041,0.025279423058973793,0.39311098961180974,0.05087133124470711,0.05222812667489052,0.0,0.05288432538509369,0.6372878539841622,"[0.7315472364425659, 0.7654455900192261]",0.7483,0.27720065609622746,0.2799343903772553,0.273920174958994,0.2629852378348824,0.26517222525970474,0.26517222525970474,0.27665390924002187
79,0.29141607435757244,0.1077995049654018,0.0958327547317786,0.024328568659111857,0.3909240021869874,0.05061408877372742,0.052212657406926155,0.0,0.05286253243684769,1.1635599540313706,"[0.7315472364425659, 0.7654455900192261]",0.7334,0.2788408966648442,0.2810278840896665,0.27501366867140514,0.2646254784034992,0.26571897211591033,0.26571897211591033,0.2782941498086386
80,0.3542919628212138,0.17495266589282044,0.12884836546711526,0.04684208222156138,0.40404592673592127,0.050987668335437775,0.05219857022166252,0.0,0.052840521559119225,0.7021507810568437,"[0.7315472364425659, 0.7654455900192261]",1.1603,0.2782941498086386,0.28157463094587204,0.306178239475123,0.29196282121377803,0.306178239475123,0.306178239475123,0.277747402952433
81,0.3701476216511755,0.19374621890606292,0.14079526576333506,0.05991141032664213,0.41880809185347184,0.050512101501226425,0.05218483880162239,0.0,0.05281832441687584,0.6198968789540231,"[0.7315472364425659, 0.7654455900192261]",0.8219,0.306178239475123,0.30836522689994533,0.29141607435757244,0.31656642974302895,0.30344450519409516,0.30344450519409516,0.306178239475123
82,0.2952433023510115,0.11165852083319994,0.10542034782136404,0.026357196305552822,0.39475123018042646,0.05126053839921951,0.0521712489426136,0.0,0.052796583622694016,0.5849694981006905,"[0.7315472364425659, 0.7654455900192261]",0.7641,0.2761071623838163,0.27665390924002187,0.2996172772006561,0.29086932750136685,0.2996172772006561,0.2996172772006561,0.27556041552761074
83,0.3110989611809732,0.14601785160423209,0.13466245494528567,0.04508889528619402,0.40951339529797703,0.05065630376338959,0.052157893776893616,0.0,0.05277407355606556,0.5751839199801907,"[0.7315472364425659, 0.7654455900192261]",0.751,0.2952433023510115,0.3067249863313286,0.31984691088026246,0.30945872061235646,0.3045379989065063,0.3045379989065063,0.29414980863860035
84,0.30945872061235646,0.14769498463101716,0.13550845853660567,0.04723320300622557,0.4127938764352105,0.0509464330971241,0.052144730463624,0.0,0.05275271646678448,0.603200750076212,"[0.7315472364425659, 0.7654455900192261]",0.8063,0.31000546746856206,0.32476763258611263,0.3056314926189174,0.30945872061235646,0.2952433023510115,0.2952433023510115,0.3089119737561509
85,0.30727173318753415,0.15519137715504583,0.1318789192797026,0.05366757857785954,0.4127938764352105,0.05092313885688782,0.05213092267513275,0.0,0.052732545882463455,0.6364065889501944,"[0.7315472364425659, 0.7654455900192261]",0.8408,0.27665390924002187,0.27665390924002187,0.30016402405686166,0.29196282121377803,0.2968835429196282,0.2968835429196282,0.2761071623838163
86,0.34554401312192456,0.13019538604626035,0.10396825683485358,0.08233709617860076,0.40295243302351014,0.04934373125433922,0.052116407081484795,0.0,0.05271241068840027,0.5988236980047077,"[0.7315472364425659, 0.7654455900192261]",0.7659,0.29414980863860035,0.31000546746856206,0.32914160743575727,0.3154729360306178,0.3089119737561509,0.3089119737561509,0.29305631492618917
87,0.34499726626571897,0.16085044650892766,0.10083745512206223,0.08306457497518892,0.3892837616183707,0.05421200394630432,0.052101267501711845,0.0,0.05269502475857735,0.9175018620444462,"[0.7315472364425659, 0.7654455900192261]",1.5896,0.3050847457627119,0.32422088572990704,0.29250956806998357,0.29360306178239476,0.288135593220339,0.288135593220339,0.3039912520503007
88,0.34554401312192456,0.17869296174096705,0.11222421359057735,0.09032689039315732,0.40459267359212686,0.05253838747739792,0.05208580009639263,0.0,0.052677787840366364,0.694268555031158,"[0.7315472364425659, 0.7654455900192261]",0.9875,0.3050847457627119,0.3236741388737015,0.2963367960634226,0.2952433023510115,0.2886823400765446,0.2886823400765446,0.3039912520503007
89,0.3329688354291963,0.14526064344669043,0.08501281646447646,0.07664239565525212,0.39365773646801533,0.052873797714710236,0.05207107961177826,0.0,0.052660226821899414,0.6074213871033862,"[0.7315472364425659, 0.7654455900192261]",0.9894,0.3056314926189174,0.31984691088026246,0.2974302897758338,0.3154729360306178,0.3039912520503007,0.3039912520503007,0.3039912520503007
90,0.32586112629852376,0.07431976474992374,0.0948510480141247,0.03807400792727653,0.3909240021869874,0.05254685878753662,0.05205651558935642,0.0,0.05264265462756157,0.5540111070731655,"[0.7315472364425659, 0.7654455900192261]",0.8705,0.306178239475123,0.31875341716785127,0.34226353198469106,0.33570256971022416,0.3460907599781301,0.3460907599781301,0.3050847457627119
91,0.33351558228540185,0.16583164439462528,0.120023743123614,0.049029391096890806,0.4007654455986878,0.051913853734731674,0.05204177089035511,0.0,0.05262456834316254,0.6026197149185464,"[0.7315472364425659, 0.7654455900192261]",0.7991,0.31875341716785127,0.3329688354291963,0.30125751776927284,0.31000546746856206,0.3050847457627119,0.3050847457627119,0.31820667031164573
92,0.3553854565336249,0.19566071242736227,0.14733492048123356,0.0912135323600592,0.4166211044286495,0.05295046418905258,0.05202675610780716,0.0,0.0526080671697855,0.5889857360161841,"[0.7315472364425659, 0.7654455900192261]",0.7881,0.30836522689994533,0.3089119737561509,0.3110989611809732,0.3138326954620011,0.2946965554948059,0.2946965554948059,0.30836522689994533
93,0.35319846910880265,0.1927641126850944,0.14650866474388965,0.08617279611359492,0.4127938764352105,0.05220222473144531,0.0520101897418499,0.0,0.052588021382689476,0.5880300250137225,"[0.7315472364425659, 0.7654455900192261]",0.9937,0.2854018589393111,0.29141607435757244,0.29797703663203934,0.2957900492072171,0.3045379989065063,0.3045379989065063,0.2854018589393111
94,0.3466375068343357,0.1857538069969168,0.142688672485275,0.07943249650066246,0.4078731547293603,0.05358056724071503,0.05199535749852657,0.0,0.052568551152944565,0.6854941259371117,"[0.7315472364425659, 0.7654455900192261]",0.7752,0.2963367960634226,0.3050847457627119,0.2706396938217605,0.27227993439037723,0.26735921268452706,0.26735921268452706,0.2957900492072171
95,0.3460907599781301,0.18515924805386663,0.14373359733539764,0.07864768629200498,0.4084199015855659,0.05366586893796921,0.05197947658598423,0.0,0.05254804715514183,0.6208344988990575,"[0.7315472364425659, 0.7654455900192261]",0.7791,0.29852378348824493,0.3045379989065063,0.32586112629852376,0.3231273920174959,0.3220338983050847,0.3220338983050847,0.29797703663203934
96,0.330781848004374,0.17371442364937095,0.1329791853367081,0.06708799156745751,0.4100601421541826,0.052759863436222076,0.051964305341243744,0.0,0.05252888239920139,0.6152096320874989,"[0.7315472364425659, 0.7654455900192261]",0.8055,0.3089119737561509,0.3116457080371788,0.36194641880809186,0.36030617823947514,0.3635866593767086,0.3635866593767086,0.30836522689994533
97,0.2903225806451613,0.09338399702128064,0.07262301477005507,0.0407648495563864,0.36741388737014763,0.0550435408949852,0.05194913223385811,0.0,0.052507176995277405,0.8094216079916805,"[0.7315472364425659, 0.7654455900192261]",0.8076,0.2968835429196282,0.30344450519409516,0.33570256971022416,0.3493712411153636,0.33624931656642976,0.33624931656642976,0.2952433023510115
98,0.31930016402405687,0.12459307180235557,0.11872787612421724,0.03425478204841949,0.3958447238928376,0.0530257485806942,0.05193384550511837,0.0,0.052486956119537354,0.6504472140222788,"[0.7315472364425659, 0.7654455900192261]",0.8359,0.31055221432476765,0.32476763258611263,0.36686714051394204,0.36850738108255876,0.36905412793876435,0.36905412793876435,0.31000546746856206
99,0.306178239475123,0.11077494340339744,0.08083334771115297,0.07456337337578205,0.38545653362493165,0.0541338175535202,0.05191953480243683,0.0,0.052462050691246986,0.680214899010025,"[0.7315472364425659, 0.7654455900192261]",0.9461,0.29797703663203934,0.306178239475123,0.34390377255330784,0.35101148168398033,0.3329688354291963,0.3329688354291963,0.2957900492072171
100,0.3050847457627119,0.0989341055599463,0.07915601740930431,0.07066693938833823,0.38490978676872606,0.0547519326210022,0.051903918385505676,0.0,0.052440594881772995,0.6667681800900027,"[0.7315472364425659, 0.7654455900192261]",0.7449,0.2963367960634226,0.2974302897758338,0.34390377255330784,0.3471842536905413,0.3460907599781301,0.3460907599781301,0.2968835429196282
101,0.30836522689994533,0.11415786829861463,0.0730071944588762,0.06615759326392111,0.3750683433570257,0.054954759776592255,0.051889173686504364,0.0,0.052415771409869194,0.9463364129187539,"[0.7315472364425659, 0.7654455900192261]",0.9693,0.30289775833788957,0.2870420995079278,0.34554401312192456,0.35155822854018587,0.34499726626571897,0.34499726626571897,0.30016402405686166
102,0.2854018589393111,0.03179852362117008,0.06007641153126881,0.03669332712155197,0.363039912520503,0.05516421049833298,0.05187299661338329,0.0,0.05239458195865154,0.7553061860380694,"[0.7315472364425659, 0.7654455900192261]",0.8611,0.31875341716785127,0.3302351011481684,0.30344450519409516,0.29141607435757244,0.2996172772006561,0.2996172772006561,0.31875341716785127
103,0.3127392017495899,0.12159698316210166,0.07431211770349809,0.06652265215966148,0.37889557135046475,0.05517134070396423,0.05185560695827007,0.0,0.05237019434571266,0.7729869759641588,"[0.7315472364425659, 0.7654455900192261]",1.1028,0.30289775833788957,0.31492618917441223,0.3116457080371788,0.306178239475123,0.30016402405686166,0.30016402405686166,0.30289775833788957
104,0.27665390924002187,0.06282358937495935,0.09036430752476625,0.043399255792794245,0.3745215965008201,0.05546750873327255,0.051839057356119156,0.0,0.05234748683869839,0.7323774910764769,"[0.7315472364425659, 0.7654455900192261]",0.8839,0.2990705303444505,0.3110989611809732,0.2946965554948059,0.29360306178239476,0.2875888463641334,0.2875888463641334,0.29852378348824493
105,0.3045379989065063,0.1079010123544748,0.12143524331554698,0.0695774938238203,0.4062329141607436,0.05170807987451553,0.05182397551834583,0.0,0.05232462100684643,0.5725045159924775,"[0.7315472364425659, 0.7654455900192261]",0.7515,0.2892290869327501,0.30071077091306725,0.30016402405686166,0.2957900492072171,0.2859486057955167,0.2859486057955167,0.2892290869327501
106,0.31000546746856206,0.04934262821859303,0.06025824865437855,0.03629957668271207,0.36030617823947514,0.05468251183629036,0.051807673647999763,0.0,0.052302081137895584,0.5971475800033659,"[0.7315472364425659, 0.7654455900192261]",0.7818,0.3056314926189174,0.3138326954620011,0.2957900492072171,0.2990705303444505,0.3110989611809732,0.3110989611809732,0.3056314926189174
107,0.3089119737561509,0.11207761047967313,0.12484816309170503,0.0717487997098982,0.40951339529797703,0.050938721746206284,0.05179255083203316,0.0,0.052281517535448074,0.6208005800144747,"[0.7315472364425659, 0.7654455900192261]",0.8201,0.288135593220339,0.3039912520503007,0.28157463094587204,0.2968835429196282,0.2870420995079278,0.2870420995079278,0.288135593220339
108,0.3039912520503007,0.14617427774821667,0.12550278926686745,0.07422477075499145,0.4127938764352105,0.05069929361343384,0.051777664572000504,0.0,0.05226030945777893,0.6194639869499952,"[0.7315472364425659, 0.7654455900192261]",0.8165,0.306178239475123,0.3143794423182067,0.29305631492618917,0.28212137780207763,0.27501366867140514,0.27501366867140514,0.306178239475123
109,0.34117003827227993,0.13688979640429666,0.11724166781149205,0.07984320458157337,0.40404592673592127,0.05145309120416641,0.051763154566287994,0.0,0.05223937891423702,0.7667420939542353,"[0.7315472364425659, 0.7654455900192261]",0.7597,0.2963367960634226,0.3039912520503007,0.29250956806998357,0.288135593220339,0.2897758337889557,0.2897758337889557,0.2963367960634226
110,0.3471842536905413,0.18421905911745184,0.1217076936258205,0.11690347302442586,0.40896664844177144,0.054312095046043396,0.051748812198638916,0.0,0.05221802182495594,0.7548823250690475,"[0.7315472364425659, 0.7654455900192261]",0.8989,0.26735921268452706,0.27720065609622746,0.263531984691088,0.28649535265172227,0.2618917441224713,0.2618917441224713,0.26626571897211593
111,0.3548387096774194,0.2007199453374836,0.1405525934326704,0.10651342202294721,0.4166211044286495,0.05299706384539604,0.05173478275537491,0.0,0.05219604633748531,0.8087683790363371,"[0.7315472364425659, 0.7654455900192261]",0.969,0.2782941498086386,0.2897758337889557,0.2870420995079278,0.2875888463641334,0.2717331875341717,0.2717331875341717,0.277747402952433
112,0.29414980863860035,0.12986380301314504,0.11231582283852716,0.051695154057354274,0.3920174958993986,0.05435815081000328,0.0517208818346262,0.0,0.05217469297349453,0.6438578879460692,"[0.7315472364425659, 0.7654455900192261]",1.0697,0.30016402405686166,0.3127392017495899,0.3236741388737015,0.3154729360306178,0.31930016402405687,0.31930016402405687,0.2996172772006561
113,0.3275013668671405,0.159280956452587,0.12922023975207228,0.06469367448082305,0.4034991798797157,0.05447671562433243,0.05170677416026592,0.0,0.052153779193758965,0.6577060300623998,"[0.7315472364425659, 0.7654455900192261]",0.7469,0.2996172772006561,0.3121924548933844,0.32640787315472936,0.31711317659923455,0.320393657736468,0.320393657736468,0.2990705303444505
114,0.3384363039912521,0.17112268420983645,0.13441059725009488,0.07013673193750115,0.4051394204483324,0.05429789423942566,0.051690470427274704,0.0,0.05213608592748642,0.645332348998636,"[0.7315472364425659, 0.7654455900192261]",0.7408,0.2952433023510115,0.29196282121377803,0.30344450519409516,0.3154729360306178,0.30016402405686166,0.30016402405686166,0.29414980863860035
115,0.3389830508474576,0.17149430024634926,0.1369261880391045,0.07081031962458309,0.4051394204483324,0.054210662841796875,0.05167510360479355,0.0,0.052118752151727676,0.6409498599823564,"[0.7315472364425659, 0.7654455900192261]",0.802,0.24166211044286495,0.2383816293056315,0.29141607435757244,0.30781848004373974,0.2974302897758338,0.2974302897758338,0.25861126298523784
116,0.3417167851284855,0.1744072222440919,0.1402282269732864,0.07223528896404983,0.4062329141607436,0.054209619760513306,0.05166013911366463,0.0,0.05210067145526409,0.6395053139422089,"[0.7315472364425659, 0.7654455900192261]",1.211,0.29141607435757244,0.2886823400765446,0.3209404045926736,0.31000546746856206,0.30727173318753415,0.30727173318753415,0.2897758337889557
117,0.25806451612903225,0.09707533451955097,0.07917388778143385,0.00874368055033633,0.36030617823947514,0.05357830971479416,0.051644790917634964,0.0,0.05208275839686394,0.6173900529975072,"[0.7315472364425659, 0.7654455900192261]",0.7578,0.2793876435210498,0.29250956806998357,0.27501366867140514,0.29360306178239476,0.2810278840896665,0.2810278840896665,0.2793876435210498
118,0.30836522689994533,0.146291470829376,0.12271265042523652,0.055115101100980605,0.4034991798797157,0.0554230660200119,0.051630087196826935,0.0,0.05206478759646416,0.6157534329686314,"[0.7315472364425659, 0.7654455900192261]",0.7576,0.29852378348824493,0.30071077091306725,0.33570256971022416,0.32586112629852376,0.3493712411153636,0.3493712411153636,0.29852378348824493
119,0.302351011481684,0.13479434625516895,0.10670834127465795,0.03743056521643657,0.3958447238928376,0.05340046435594559,0.05161530151963234,0.0,0.05204612761735916,0.6805863910121843,"[0.7315472364425659, 0.7654455900192261]",0.7423,0.30016402405686166,0.3089119737561509,0.3275013668671405,0.32914160743575727,0.35319846910880265,0.35319846910880265,0.30016402405686166
120,0.3039912520503007,0.1364968798699876,0.11015290441530824,0.03909889623062578,0.3969382176052488,0.05352097749710083,0.051600368693470955,0.0,0.05202803015708923,0.6238438190193847,"[0.7315472364425659, 0.7654455900192261]",0.7374,0.2826681246582832,0.29086932750136685,0.320393657736468,0.31055221432476765,0.31930016402405687,0.31930016402405687,0.2826681246582832
121,0.2788408966648442,0.10268838161494831,0.0876704403252599,0.02271877836670192,0.3652268999453253,0.05702193081378937,0.05158548057079315,0.0,0.05200947821140289,0.6435007869731635,"[0.7315472364425659, 0.7654455900192261]",0.7608,0.2952433023510115,0.302351011481684,0.3417167851284855,0.3384363039912521,0.35046473482777474,0.35046473482777474,0.2952433023510115
122,0.3160196828868234,0.1575450502694069,0.1454830140406046,0.07259054838043824,0.419901585565883,0.0536627471446991,0.05157055705785751,0.0,0.051990894600749016,0.5961156020639464,"[0.7315472364425659, 0.7654455900192261]",0.7457,0.2782941498086386,0.2897758337889557,0.32476763258611263,0.3154729360306178,0.3253143794423182,0.3253143794423182,0.2782941498086386
123,0.28649535265172227,0.03135732817447889,0.07136285937793972,0.018193850906299106,0.36194641880809186,0.05733063071966171,0.051555512472987175,0.0,0.05197286233305931,0.7427743190200999,"[0.7315472364425659, 0.7654455900192261]",0.9773,0.3089119737561509,0.31765992345544014,0.3564789502460361,0.3564789502460361,0.3471842536905413,0.3471842536905413,0.30781848004373974
124,0.2870420995079278,0.034112409932092636,0.07193840908342107,0.019731621654912948,0.3641334062329142,0.05403214693069458,0.051540473476052284,0.0,0.05195347033441067,0.796955700032413,"[0.7315472364425659, 0.7654455900192261]",0.8893,0.2859486057955167,0.28376161837069436,0.3384363039912521,0.3324220885729907,0.3275013668671405,0.3275013668671405,0.2854018589393111
125,0.3143794423182067,0.13987318416647165,0.0961950073561369,0.025628354833414392,0.3739748496446145,0.05420897901058197,0.051525600254535675,0.0,0.0519352313131094,0.5956739389803261,"[0.7315472364425659, 0.7654455900192261]",0.7424,0.3127392017495899,0.3209404045926736,0.3559322033898305,0.3548387096774194,0.37124111536358667,0.37124111536358667,0.3132859486057955
126,0.3280481137233461,0.15067771115634265,0.12066418740284802,0.04288443123243857,0.3969382176052488,0.051871784031391144,0.051510533317923546,0.0,0.051917506381869316,0.6281203411053866,"[0.7315472364425659, 0.7654455900192261]",0.7418,0.31000546746856206,0.3220338983050847,0.36850738108255876,0.35975943138326955,0.38381629305631493,0.38381629305631493,0.31000546746856206
127,0.32640787315472936,0.1487431338919405,0.11806682215186029,0.036165823140067874,0.39529797703663205,0.05357950180768967,0.051495347172021866,0.0,0.05189962685108185,0.6688559380127117,"[0.7315472364425659, 0.7654455900192261]",0.7436,0.3127392017495899,0.31492618917441223,0.3018042646254784,0.29852378348824493,0.2870420995079278,0.2870420995079278,0.3127392017495899
128,0.32695462001093495,0.1484377807102445,0.11969138278890745,0.04215854232167407,0.39748496446145437,0.05257852375507355,0.05148041993379593,0.0,0.05188165791332722,0.601701487088576,"[0.7315472364425659, 0.7654455900192261]",0.7791,0.2996172772006561,0.3116457080371788,0.27665390924002187,0.2968835429196282,0.27227993439037723,0.27227993439037723,0.2996172772006561
129,0.29414980863860035,0.12384582731602634,0.1187666227514982,0.0236488569949666,0.39748496446145437,0.05355190485715866,0.05146590247750282,0.0,0.0518636628985405,0.5954382269410416,"[0.7315472364425659, 0.7654455900192261]",0.7987,0.31711317659923455,0.330781848004374,0.29414980863860035,0.31765992345544014,0.2957900492072171,0.2957900492072171,0.31711317659923455
130,0.3280481137233461,0.1505467608336568,0.12713385284631784,0.0472142484979213,0.40185893931109895,0.0523177906870842,0.05145115591585636,0.0,0.05184595659375191,0.6175546549493447,"[0.7315472364425659, 0.7654455900192261]",0.7864,0.31765992345544014,0.3367960634226353,0.373428102788409,0.3991252050300711,0.3821760524876982,0.3821760524876982,0.31765992345544014
131,0.3285948605795517,0.1526005140208776,0.12837159116167546,0.0458286735115134,0.40295243302351014,0.05195383355021477,0.05143636837601662,0.0,0.05182857997715473,0.613874886999838,"[0.7315472364425659, 0.7654455900192261]",0.7912,0.3067249863313286,0.31055221432476765,0.33132859486057953,0.33406232914160744,0.3548387096774194,0.3548387096774194,0.3067249863313286
132,0.29141607435757244,0.09605095463673596,0.10958394238595325,0.012016813942064258,0.3898305084745763,0.0566202774643898,0.051421718671917915,0.0,0.05181082896888256,0.8491948760347441,"[0.7315472364425659, 0.7654455900192261]",1.3217,0.3056314926189174,0.30945872061235646,0.3378895571350465,0.34390377255330784,0.3586659376708584,0.3586659376708584,0.3056314926189174
133,0.35210497539639146,0.17484072577421306,0.11733613138764215,0.09938543359962636,0.40404592673592127,0.055618271231651306,0.05140741355717182,0.0,0.0517934150993824,0.8535694039892405,"[0.7315472364425659, 0.7654455900192261]",0.6593,0.3018042646254784,0.3050847457627119,0.33132859486057953,0.3373428102788409,0.35319846910880265,0.35319846910880265,0.3018042646254784
134,0.2897758337889557,0.11207287676352429,0.09835710843263938,0.06502440708094033,0.39529797703663205,0.056196339428424835,0.0513934101909399,0.0,0.051774971187114716,0.46095752401743084,"[0.7315472364425659, 0.7654455900192261]",0.7011,0.3110989611809732,0.31711317659923455,0.3460907599781301,0.35155822854018587,0.3635866593767086,0.3635866593767086,0.3110989611809732
135,0.29414980863860035,0.05466040080583945,0.07325721312456027,0.04803403851983909,0.36686714051394204,0.05609079450368881,0.051379136741161346,0.0,0.05175814591348171,0.4983581389533356,"[0.7315472364425659, 0.7654455900192261]",0.5073,0.302351011481684,0.30125751776927284,0.3220338983050847,0.32695462001093495,0.34499726626571897,0.34499726626571897,0.302351011481684
136,0.32586112629852376,0.10472410748597027,0.13883633599702275,0.08190659861256729,0.41607435757244393,0.05887603014707565,0.05136494338512421,0.0,0.051740849390625954,0.44757896999362856,"[0.7315472364425659, 0.7654455900192261]",0.5104,0.29305631492618917,0.2946965554948059,0.3132859486057955,0.33570256971022416,0.3542919628212138,0.3542919628212138,0.29305631492618917
137,0.3056314926189174,0.10101144581717181,0.14529344139476433,0.07015171184588245,0.42099507927829416,0.054961107671260834,0.05135120637714863,0.0,0.05172516778111458,0.44172296905890107,"[0.7315472364425659, 0.7654455900192261]",0.5322,0.29305631492618917,0.29414980863860035,0.30945872061235646,0.33515582285401857,0.35210497539639146,0.35210497539639146,0.29305631492618917
138,0.36850738108255876,0.16146842013131524,0.14591237087490141,0.1090409287438408,0.42810278840896665,0.053876928985118866,0.05133667029440403,0.0,0.05170788615942001,0.5016919629415497,"[0.7315472364425659, 0.7654455900192261]",0.5199,0.2968835429196282,0.29196282121377803,0.31984691088026246,0.33624931656642976,0.34335702569710225,0.34335702569710225,0.2968835429196282
139,0.2810278840896665,0.10728960126850551,0.08370960154162589,0.037584877043071514,0.36741388737014763,0.05242767184972763,0.05132278986275196,0.0,0.05169365368783474,0.4464500149479136,"[0.7315472364425659, 0.7654455900192261]",0.6077,0.3056314926189174,0.31656642974302895,0.35101148168398033,0.3493712411153636,0.36139967195188627,0.36139967195188627,0.3056314926189174
140,0.3127392017495899,0.09505448244725634,0.1366594336876722,0.07460273918618542,0.4078731547293603,0.05956974998116493,0.051306553184986115,0.0,0.05167757160961628,0.5640594839351252,"[0.7315472364425659, 0.7654455900192261]",0.4941,0.29414980863860035,0.29196282121377803,0.3275013668671405,0.34062329141607434,0.3581191908146528,0.3581191908146528,0.29414980863860035
141,0.35101148168398033,0.1367787596544766,0.11419072791370666,0.09809319903639731,0.38819026790595956,0.05326153337955475,0.05129191838204861,0.0,0.05167742259800434,0.44449088000692427,"[0.7315472364425659, 0.7654455900192261]",0.5862,0.302351011481684,0.3132859486057955,0.33570256971022416,0.33460907599781303,0.34062329141607434,0.34062329141607434,0.30125751776927284
142,0.3045379989065063,0.1369248918600079,0.1199496024005676,0.07144499819112092,0.38545653362493165,0.060207679867744446,0.05127492919564247,0.0,0.051671525463461876,0.4820235180668533,"[0.7315472364425659, 0.7654455900192261]",0.5152,0.30344450519409516,0.3154729360306178,0.34062329141607434,0.3400765445598688,0.3460907599781301,0.3460907599781301,0.302351011481684
143,0.29141607435757244,0.060107304875983925,0.089551414392324,0.04663812606444611,0.3701476216511755,0.05546947941184044,0.05125463753938675,0.0,0.0516640767455101,0.49577576492447406,"[0.7315472364425659, 0.7654455900192261]",0.5201,0.2804811372334609,0.288135593220339,0.30289775833788957,0.29852378348824493,0.29250956806998357,0.29250956806998357,0.2793876435210498
144,0.3154729360306178,0.05633494614505585,0.0832755659072605,0.053235161430390594,0.36850738108255876,0.05779048800468445,0.05123548395931721,0.0,0.051655808463692665,0.4807192200096324,"[0.7315472364425659, 0.7654455900192261]",0.5028,0.277747402952433,0.2854018589393111,0.3018042646254784,0.2946965554948059,0.2886823400765446,0.2886823400765446,0.27665390924002187
145,0.31765992345544014,0.13998874212457357,0.1152710251717231,0.06417876528516506,0.38381629305631493,0.0652078241109848,0.051218075677752495,0.0,0.051648519933223724,0.5194772790418938,"[0.7315472364425659, 0.7654455900192261]",0.5611,0.2799343903772553,0.2886823400765446,0.3039912520503007,0.29797703663203934,0.29360306178239476,0.29360306178239476,0.2788408966648442
146,0.3679606342263532,0.17648135662669273,0.13243892874552568,0.11643265710094955,0.4144341170038272,0.05574910342693329,0.051203299313783646,0.0,0.051635729148983955,0.5618245810037479,"[0.7315472364425659, 0.7654455900192261]",0.6694,0.30781848004373974,0.3121924548933844,0.31765992345544014,0.3154729360306178,0.3231273920174959,0.3231273920174959,0.30781848004373974
147,0.36686714051394204,0.15103558105053627,0.15287877890057924,0.10650109782214091,0.41607435757244393,0.05650673061609268,0.051189372316002846,0.0,0.051620833575725555,0.547473818063736,"[0.7315472364425659, 0.7654455900192261]",0.4891,0.3253143794423182,0.3318753417167851,0.3154729360306178,0.3548387096774194,0.3460907599781301,0.3460907599781301,0.3253143794423182
148,0.31000546746856206,0.08562281056545895,0.10379272230397914,0.07764559808114067,0.37670858392564244,0.060055844485759735,0.05117792636156082,0.0,0.0516107901930809,0.5501649740617722,"[0.7315472364425659, 0.7654455900192261]",0.4937,0.3225806451612903,0.3296883542919628,0.3143794423182067,0.3253143794423182,0.3280481137233461,0.3280481137233461,0.3225806451612903
149,0.3717878622197922,0.17834424041293906,0.13580313567085053,0.12049406912493779,0.41607435757244393,0.05575920641422272,0.05116410739719868,0.0,0.05159660428762436,0.6404528650455177,"[0.7315472364425659, 0.7654455900192261]",0.6883,0.3220338983050847,0.33132859486057953,0.3089119737561509,0.3280481137233461,0.3318753417167851,0.3318753417167851,0.3220338983050847
150,0.36850738108255876,0.17904418365514863,0.13598542066881195,0.11966754010816517,0.4155276107162384,0.053978025913238525,0.05115194991230965,0.0,0.05158472992479801,0.737704697996378,"[0.7315472364425659, 0.7654455900192261]",0.7895,0.3214871514488792,0.33351558228540185,0.31711317659923455,0.3324220885729907,0.3367960634226353,0.3367960634226353,0.3214871514488792
151,0.3723346090759978,0.16785350805160382,0.16321625510716933,0.12243777859438948,0.4291962821213778,0.05521954223513603,0.051140354946255684,0.0,0.05157046020030975,0.5770301490556449,"[0.7315472364425659, 0.7654455900192261]",0.514,0.31000546746856206,0.3067249863313286,0.3050847457627119,0.3318753417167851,0.33406232914160744,0.33406232914160744,0.31000546746856206
152,0.3493712411153636,0.14890014472345936,0.1613511236749301,0.10162626327129196,0.43028977583378897,0.05367577448487282,0.05112910643219948,0.0,0.05155596509575844,0.5328368130140007,"[0.7315472364425659, 0.7654455900192261]",0.529,0.3110989611809732,0.31055221432476765,0.30781848004373974,0.3384363039912521,0.33570256971022416,0.33570256971022416,0.3110989611809732
153,0.3039912520503007,0.15043840604828862,0.13323959554078302,0.0667039766517461,0.4073264078731547,0.053709726780653,0.05111792869865894,0.0,0.05154281668365002,0.47642605600412935,"[0.7315472364425659, 0.7654455900192261]",0.5407,0.2761071623838163,0.2859486057955167,0.3225806451612903,0.30945872061235646,0.31492618917441223,0.31492618917441223,0.27720065609622746
154,0.3089119737561509,0.15372986048118864,0.13154939389403433,0.06786414275802798,0.4062329141607436,0.05264269560575485,0.05110590159893036,0.0,0.05152931064367294,0.49446552607696503,"[0.7315472364425659, 0.7654455900192261]",0.5336,0.2788408966648442,0.288135593220339,0.3236741388737015,0.30945872061235646,0.3160196828868234,0.3160196828868234,0.2799343903772553
155,0.32695462001093495,0.17129213336331883,0.1346047053114627,0.0771078984292465,0.40459267359212686,0.052333686500787735,0.051094064489006996,0.0,0.05151617154479027,0.5903023870196193,"[0.7315472364425659, 0.7654455900192261]",0.641,0.2968835429196282,0.2990705303444505,0.2996172772006561,0.30836522689994533,0.3209404045926736,0.3209404045926736,0.2968835429196282
156,0.33624931656642976,0.180608172787733,0.13708372345900452,0.08073701839937288,0.40295243302351014,0.05230313539505005,0.051082395017147064,0.0,0.051501402631402016,0.5043772209901363,"[0.7315472364425659, 0.7654455900192261]",0.5527,0.2974302897758338,0.30016402405686166,0.30016402405686166,0.3116457080371788,0.3231273920174959,0.3231273920174959,0.2974302897758338
157,0.32640787315472936,0.19289189191125333,0.154083826427878,0.0920920881138741,0.43794423182066705,0.052304625511169434,0.05107179284095764,0.0,0.051488226279616356,0.6846341389464214,"[0.7315472364425659, 0.7654455900192261]",0.6441,0.29414980863860035,0.30727173318753415,0.3373428102788409,0.33351558228540185,0.3329688354291963,0.3329688354291963,0.29414980863860035
158,0.288135593220339,0.10544910334848323,0.11978842658333623,0.0678988938606531,0.3991252050300711,0.05432142689824104,0.05106171406805515,0.0,0.05147462710738182,0.506182624027133,"[0.7315472364425659, 0.7654455900192261]",0.5654,0.29414980863860035,0.30727173318753415,0.3329688354291963,0.33624931656642976,0.33406232914160744,0.33406232914160744,0.29414980863860035
159,0.29141607435757244,0.10599789547527194,0.11853136980495059,0.06887661681200632,0.3980317113176599,0.054937057197093964,0.051051490008831024,0.0,0.051462460309267044,0.531429257011041,"[0.7315472364425659, 0.7654455900192261]",0.5775,0.2892290869327501,0.29141607435757244,0.2717331875341717,0.2799343903772553,0.27556041552761074,0.27556041552761074,0.2892290869327501
160,0.33570256971022416,0.20497435937798503,0.15252727170476402,0.09516634988747663,0.4363039912520503,0.05433068051934242,0.05104119889438152,0.0,0.051450347527861595,0.5056422039633617,"[0.7315472364425659, 0.7654455900192261]",0.5769,0.29141607435757244,0.29360306178239476,0.26790595954073265,0.27556041552761074,0.27446692181519955,0.27446692181519955,0.29141607435757244
161,0.27556041552761074,0.04956084704848818,0.09998678078017988,0.04166182000190381,0.3821760524876982,0.052768904715776443,0.05103084444999695,0.0,0.05143841169774532,0.5084205389721319,"[0.7315472364425659, 0.7654455900192261]",0.7974,0.29141607435757244,0.29360306178239476,0.2684527063969382,0.27556041552761074,0.2728266812465828,0.2728266812465828,0.29141607435757244
162,0.36632039365773644,0.20092135950473822,0.16258209905026436,0.1236747614753415,0.4308365226899945,0.05247930437326431,0.05102023109793663,0.0,0.05142711289227009,0.5710547009948641,"[0.7315472364425659, 0.7654455900192261]",0.8382,0.29141607435757244,0.29360306178239476,0.26626571897211593,0.2706396938217605,0.27009294696555497,0.27009294696555497,0.29141607435757244
163,0.3127392017495899,0.14141396411872786,0.11361840631399502,0.03283793767808008,0.3794423182066703,0.05018450319766998,0.05100991576910019,0.0,0.051415637135505676,0.6902314319740981,"[0.7315472364425659, 0.7654455900192261]",0.5166,0.3045379989065063,0.31984691088026246,0.29196282121377803,0.32476763258611263,0.29305631492618917,0.29305631492618917,0.3045379989065063
164,0.31055221432476765,0.13819419663291865,0.1160043668472515,0.03338375517774071,0.3816293056314926,0.04812198504805565,0.050999488681554794,0.0,0.051404064521193504,0.4694234950002283,"[0.7315472364425659, 0.7654455900192261]",0.5926,0.3116457080371788,0.3275013668671405,0.2695462001093494,0.3225806451612903,0.30289775833788957,0.30289775833788957,0.3110989611809732
165,0.31000546746856206,0.13750109764869634,0.11561539988967508,0.03354282219831521,0.3816293056314926,0.04795202612876892,0.05098883993923664,0.0,0.05139284394681454,0.7906866749981418,"[0.7315472364425659, 0.7654455900192261]",0.8245,0.3110989611809732,0.320393657736468,0.26735921268452706,0.29141607435757244,0.2946965554948059,0.2946965554948059,0.3110989611809732
166,0.30836522689994533,0.13125471932966082,0.1253611115792664,0.07487303278635156,0.40240568616730454,0.05701126530766487,0.05097810551524162,0.0,0.05138123407959938,0.685235611977987,"[0.7315472364425659, 0.7654455900192261]",0.5277,0.29852378348824493,0.3110989611809732,0.2553307818480044,0.26571897211591033,0.277747402952433,0.277747402952433,0.29852378348824493
167,0.30344450519409516,0.1238336531328128,0.1217104575835995,0.07163658581617244,0.3980317113176599,0.05535523593425751,0.050967270508408546,0.0,0.05137077905237675,0.4975695910397917,"[0.7315472364425659, 0.7654455900192261]",0.6996,0.2952433023510115,0.3045379989065063,0.3138326954620011,0.3067249863313286,0.3209404045926736,0.3209404045926736,0.2952433023510115
168,0.3018042646254784,0.12210914845113985,0.11913561052549441,0.06876566864807589,0.3958447238928376,0.05552550032734871,0.05095617473125458,0.0,0.051359998062253,0.4750964269042015,"[0.7315472364425659, 0.7654455900192261]",0.5604,0.29141607435757244,0.2963367960634226,0.3302351011481684,0.3482777474029524,0.3493712411153636,0.3493712411153636,0.29141607435757244
169,0.3482777474029524,0.1789709231233304,0.1306617168690438,0.11291305155408043,0.41170038272279935,0.05530808866024017,0.05094553902745247,0.0,0.05134954862296581,0.482905579963699,"[0.7315472364425659, 0.7654455900192261]",0.7343,0.29797703663203934,0.3067249863313286,0.25751776927282666,0.27665390924002187,0.27501366867140514,0.27501366867140514,0.29797703663203934
170,0.3466375068343357,0.17665776518083798,0.13017022546322585,0.11229325531842008,0.40951339529797703,0.055393822491168976,0.05093512870371342,0.0,0.051338620483875275,0.5813452270813286,"[0.7315472364425659, 0.7654455900192261]",0.5684,0.2875888463641334,0.2886823400765446,0.263531984691088,0.2711864406779661,0.27665390924002187,0.27665390924002187,0.2875888463641334
171,0.3865500273373428,0.20884568246542878,0.16380725423370107,0.13574573757027156,0.4363039912520503,0.05846165865659714,0.05092485994100571,0.0,0.051329655572772026,0.43473675998393446,"[0.7315472364425659, 0.7654455900192261]",0.52,0.29305631492618917,0.306178239475123,0.26571897211591033,0.2717331875341717,0.2717331875341717,0.2717331875341717,0.29305631492618917
172,0.34281027884089665,0.16711162735896412,0.11815809227619202,0.09720521728430975,0.3991252050300711,0.05427151918411255,0.05091392062604427,0.0,0.05132123455405235,0.434867407893762,"[0.7315472364425659, 0.7654455900192261]",0.9725,0.29360306178239476,0.3056314926189174,0.2646254784034992,0.27009294696555497,0.2728266812465828,0.2728266812465828,0.29360306178239476
173,0.3750683433570257,0.2055719297498927,0.16475870456576877,0.1276471690763813,0.4428649535265172,0.05939629673957825,0.05090286768972874,0.0,0.051313022151589394,0.6927425409667194,"[0.7315472364425659, 0.7654455900192261]",0.8412,0.30344450519409516,0.3132859486057955,0.2804811372334609,0.29305631492618917,0.28212137780207763,0.28212137780207763,0.30344450519409516
174,0.35319846910880265,0.16976021469439473,0.13854800759293642,0.11927261961340523,0.40404592673592127,0.05741473659873009,0.050888292491436005,0.0,0.051306070759892464,0.6635327630210668,"[0.7315472364425659, 0.7654455900192261]",0.6002,0.306178239475123,0.31656642974302895,0.27556041552761074,0.29852378348824493,0.2892290869327501,0.2892290869327501,0.306178239475123
175,0.330781848004374,0.15309723264653896,0.1128114642719525,0.08191264115465112,0.3920174958993986,0.057438693940639496,0.05087606981396675,0.0,0.05129632353782654,0.5042906770249829,"[0.7315472364425659, 0.7654455900192261]",0.5412,0.2952433023510115,0.306178239475123,0.3138326954620011,0.31656642974302895,0.3285948605795517,0.3285948605795517,0.2952433023510115
176,0.3296883542919628,0.15207138719187074,0.11258779271022558,0.08110867621522112,0.391470749043193,0.05946331471204758,0.05086560174822807,0.0,0.05128803290426731,0.5764106600545347,"[0.7315472364425659, 0.7654455900192261]",0.5341,0.29250956806998357,0.302351011481684,0.2859486057955167,0.28430836522689995,0.2804811372334609,0.2804811372334609,0.29196282121377803
177,0.3367960634226353,0.15750261835376755,0.11043633230365531,0.07823946344979157,0.3887370147621651,0.0590909980237484,0.050854409113526344,0.0,0.05128188617527485,0.5372438629856333,"[0.7315472364425659, 0.7654455900192261]",0.5137,0.2963367960634226,0.30344450519409516,0.320393657736468,0.3400765445598688,0.31875341716785127,0.31875341716785127,0.2963367960634226
178,0.3220338983050847,0.14202271334427907,0.10984235808755995,0.0786287741184849,0.38545653362493165,0.05960723012685776,0.05084306560456753,0.0,0.05128329247236252,0.47071991302073,"[0.7315472364425659, 0.7654455900192261]",0.5027,0.2886823400765446,0.29414980863860035,0.31656642974302895,0.3116457080371788,0.306178239475123,0.306178239475123,0.2886823400765446
179,0.31984691088026246,0.13997081925324495,0.10920247839924203,0.07733601691998544,0.3843630399125205,0.059861358255147934,0.050831468775868416,0.0,0.051283935084939,0.44319144601467997,"[0.7315472364425659, 0.7654455900192261]",0.5811,0.26790595954073265,0.26681246582832147,0.27227993439037723,0.29797703663203934,0.27720065609622746,0.27720065609622746,0.26681246582832147
180,0.31984691088026246,0.14010440700667537,0.10985238456717981,0.07834830767473433,0.38545653362493165,0.05997295305132866,0.05081718601286411,0.0,0.051278527826070786,0.519712871988304,"[0.7315472364425659, 0.7654455900192261]",0.519,0.2684527063969382,0.2711864406779661,0.27009294696555497,0.29797703663203934,0.27720065609622746,0.27720065609622746,0.26735921268452706
181,0.3564789502460361,0.17379067944859328,0.15135575319541839,0.11757101087397417,0.42810278840896665,0.06124306842684746,0.05080624483525753,0.0,0.051269927993416786,0.4773766719736159,"[0.7315472364425659, 0.7654455900192261]",0.5291,0.31055221432476765,0.3154729360306178,0.3816293056314926,0.3969382176052488,0.391470749043193,0.391470749043193,0.31055221432476765
182,0.3641334062329142,0.18268682867226238,0.15428905854017835,0.11921301146901347,0.4291962821213778,0.05835505202412605,0.050795597955584526,0.0,0.051262903958559036,0.48883702396415174,"[0.7315472364425659, 0.7654455900192261]",0.5591,0.2968835429196282,0.3056314926189174,0.32422088572990704,0.34281027884089665,0.3220338983050847,0.3220338983050847,0.2968835429196282
183,0.3679606342263532,0.18777188569391434,0.16106936037179928,0.12149239715196888,0.4319300164024057,0.05781478434801102,0.050785232335329056,0.0,0.05125380866229534,0.7229549559997395,"[0.7315472364425659, 0.7654455900192261]",0.8135,0.2968835429196282,0.3056314926189174,0.3236741388737015,0.34226353198469106,0.3214871514488792,0.3214871514488792,0.2968835429196282
184,0.37616183706943684,0.18979459598804704,0.15727528041046748,0.12616854423229468,0.434117003827228,0.056033261120319366,0.05077516473829746,0.0,0.05124437250196934,0.6614464320009574,"[0.7315472364425659, 0.7654455900192261]",0.5315,0.32914160743575727,0.3318753417167851,0.3329688354291963,0.3067249863313286,0.3039912520503007,0.3039912520503007,0.32914160743575727
185,0.3559322033898305,0.1751565606951685,0.13734934032612278,0.12004158767086386,0.4242755604155276,0.057498931884765625,0.05076574347913265,0.0,0.05123428627848625,0.4586024599848315,"[0.7315472364425659, 0.7654455900192261]",0.5496,0.3296883542919628,0.3324220885729907,0.33351558228540185,0.306178239475123,0.3039912520503007,0.3039912520503007,0.3296883542919628
186,0.3745215965008201,0.20530451269461225,0.16199767984549898,0.14086026225395198,0.4270092946965555,0.057065971195697784,0.050756894052028656,0.0,0.05122457072138786,0.4516570419073105,"[0.7315472364425659, 0.7654455900192261]",0.5333,0.31984691088026246,0.3214871514488792,0.3231273920174959,0.34062329141607434,0.3444505194095134,0.3444505194095134,0.31984691088026246
187,0.35921268452706395,0.1697694621713539,0.15697564885165055,0.1236819636223756,0.42810278840896665,0.06073068827390671,0.05074687302112579,0.0,0.05121680721640587,0.5241646149661392,"[0.7315472364425659, 0.7654455900192261]",0.5215,0.320393657736468,0.3220338983050847,0.3253143794423182,0.3417167851284855,0.3471842536905413,0.3471842536905413,0.320393657736468
188,0.3296883542919628,0.17853523937777827,0.1327836868338039,0.11385433809814138,0.4062329141607436,0.056819990277290344,0.05073811300098896,0.0,0.05120737478137016,0.4814310809597373,"[0.7315472364425659, 0.7654455900192261]",0.5062,0.31656642974302895,0.32422088572990704,0.33515582285401857,0.3471842536905413,0.35046473482777474,0.35046473482777474,0.31656642974302895
189,0.34335702569710225,0.18156919348781198,0.13922881319092187,0.1063495403288939,0.4155276107162384,0.05600878596305847,0.05072951503098011,0.0,0.051197655498981476,0.49755645997356623,"[0.7315472364425659, 0.7654455900192261]",0.5017,0.31711317659923455,0.32422088572990704,0.33460907599781303,0.3460907599781301,0.3493712411153636,0.3493712411153636,0.31711317659923455
190,0.288135593220339,0.12419839054732495,0.13790871054034753,0.07665326985932928,0.4313832695462001,0.05847037583589554,0.050720976665616035,0.0,0.05118730664253235,0.4912844978971407,"[0.7315472364425659, 0.7654455900192261]",0.5356,0.3209404045926736,0.3296883542919628,0.3389830508474576,0.34991798797156914,0.35319846910880265,0.35319846910880265,0.3209404045926736
191,0.2547840349917988,0.09530495611755796,0.10265375896760098,0.03664024711417287,0.3739748496446145,0.05563993752002716,0.05071266181766987,0.0,0.05117744021117687,0.5309071959927678,"[0.7315472364425659, 0.7654455900192261]",0.6433,0.31765992345544014,0.32476763258611263,0.33570256971022416,0.348824494259158,0.35265172225259706,0.35265172225259706,0.31765992345544014
192,0.27501366867140514,0.06588679271444897,0.1005768486400575,0.04561514762338713,0.3728813559322034,0.05663125962018967,0.05070493742823601,0.0,0.05116766132414341,0.5345611940138042,"[0.7315472364425659, 0.7654455900192261]",0.5254,0.30781848004373974,0.31984691088026246,0.3444505194095134,0.3717878622197922,0.3384363039912521,0.3384363039912521,0.30781848004373974
193,0.273920174958994,0.06580523275715522,0.10194497904466089,0.04617712955927386,0.3723346090759978,0.056186459958553314,0.0506972074508667,0.0,0.05115816369652748,0.48965081910137087,"[0.7315472364425659, 0.7654455900192261]",0.5275,0.30727173318753415,0.31984691088026246,0.3417167851284855,0.3706943685073811,0.33624931656642976,0.33624931656642976,0.30727173318753415
194,0.3160196828868234,0.14255857981424735,0.11030784311447005,0.076835553766245,0.3892837616183707,0.058329857885837555,0.05068945698440075,0.0,0.051148805767297745,0.4695962759433314,"[0.7315472364425659, 0.7654455900192261]",0.5211,0.30945872061235646,0.31055221432476765,0.2952433023510115,0.3154729360306178,0.31055221432476765,0.31055221432476765,0.30945872061235646
195,0.3138326954620011,0.15502557310329446,0.12952451011827373,0.04703646732060873,0.41880809185347184,0.06082454323768616,0.05068160966038704,0.0,0.05113978311419487,0.4424274939810857,"[0.7315472364425659, 0.7654455900192261]",0.5169,0.3220338983050847,0.33132859486057953,0.34226353198469106,0.3559322033898305,0.3564789502460361,0.3564789502460361,0.3220338983050847
196,0.3067249863313286,0.1518162002428428,0.13104449874991256,0.043021854871548006,0.4155276107162384,0.057630591094493866,0.05067369528114796,0.0,0.05113071948289871,0.44715245498809963,"[0.7315472364425659, 0.7654455900192261]",0.4906,0.32422088572990704,0.33351558228540185,0.35046473482777474,0.3652268999453253,0.3646801530891197,0.3646801530891197,0.32422088572990704
197,0.3045379989065063,0.15439826030129244,0.13642315442074895,0.042605511474468734,0.41880809185347184,0.05689273029565811,0.05066568963229656,0.0,0.051121946424245834,0.4657688969746232,"[0.7315472364425659, 0.7654455900192261]",0.5006,0.3253143794423182,0.3389830508474576,0.3460907599781301,0.3701476216511755,0.35319846910880265,0.35319846910880265,0.3253143794423182
198,0.3056314926189174,0.1575405637818933,0.14078433434829313,0.04341263657570998,0.419901585565883,0.056654658168554306,0.05065760761499405,0.0,0.05111268348991871,0.6596614759182557,"[0.7315472364425659, 0.7654455900192261]",0.4945,0.3089119737561509,0.31984691088026246,0.31492618917441223,0.348824494259158,0.3225806451612903,0.3225806451612903,0.3089119737561509
199,0.3318753417167851,0.16392449786757612,0.14806286918649164,0.06055309298836938,0.42099507927829416,0.05641186982393265,0.05064992606639862,0.0,0.05110403895378113,0.47639705694746226,"[0.7315472364425659, 0.7654455900192261]",0.5027,0.3121924548933844,0.3231273920174959,0.31875341716785127,0.3548387096774194,0.3253143794423182,0.3253143794423182,0.3121924548933844
200,0.33132859486057953,0.17175896715867933,0.14853639148399309,0.10565149541001177,0.4144341170038272,0.056940268725156784,0.05064225569367409,0.0,0.05109531991183758,0.49296073301229626,"[0.7315472364425659, 0.7654455900192261]",0.4878,0.3110989611809732,0.3220338983050847,0.3160196828868234,0.35155822854018587,0.3236741388737015,0.3236741388737015,0.3110989611809732
201,0.33624931656642976,0.16926311772419722,0.14037055177580368,0.10641633281717704,0.4166211044286495,0.05755477398633957,0.05063529126346111,0.0,0.051085492596030235,0.4910127540351823,"[0.7315472364425659, 0.7654455900192261]",0.5054,0.31492618917441223,0.330781848004374,0.3477310005467469,0.36632039365773644,0.36741388737014763,0.36741388737014763,0.3143794423182067
202,0.31984691088026246,0.1621131043239662,0.14677295347607133,0.05968233269887466,0.42044833242208857,0.056424036622047424,0.05062869377434254,0.0,0.051076456904411316,0.5013684810837731,"[0.7315472364425659, 0.7654455900192261]",0.4854,0.3121924548933844,0.30945872061235646,0.35101148168398033,0.3482777474029524,0.36194641880809186,0.36194641880809186,0.3121924548933844
203,0.3821760524876982,0.20953271185312727,0.1812186815331126,0.13036811528048906,0.44505194095133954,0.05848870426416397,0.05062125809490681,0.0,0.051067816093564034,0.479099425021559,"[0.7315472364425659, 0.7654455900192261]",0.4898,0.3127392017495899,0.31765992345544014,0.35702569710224163,0.3471842536905413,0.35757244395844723,0.35757244395844723,0.3127392017495899
204,0.3870967741935484,0.21311776777116764,0.18089475888945977,0.13339328610437126,0.44395844723892836,0.05755714327096939,0.05061343312263489,0.0,0.051059044897556305,0.4590312489308417,"[0.7315472364425659, 0.7654455900192261]",0.5025,0.3132859486057955,0.31656642974302895,0.35757244395844723,0.35046473482777474,0.3581191908146528,0.3581191908146528,0.3132859486057955
205,0.3843630399125205,0.21106200436482647,0.17064670221395353,0.13247166323138979,0.4434117003827228,0.057832974940538406,0.05060625448822975,0.0,0.05104932002723217,0.5200198609381914,"[0.7315472364425659, 0.7654455900192261]",0.4814,0.2957900492072171,0.2946965554948059,0.2553307818480044,0.28321487151448876,0.26735921268452706,0.26735921268452706,0.2946965554948059
206,0.3471842536905413,0.1651597695749124,0.1263436390891294,0.10590091984367542,0.4034991798797157,0.05826222524046898,0.05059962347149849,0.0,0.05104045197367668,0.6381157210562378,"[0.7315472364425659, 0.7654455900192261]",0.7876,0.3018042646254784,0.2963367960634226,0.2826681246582832,0.29141607435757244,0.31055221432476765,0.31055221432476765,0.30071077091306725
207,0.348824494259158,0.16628655300891948,0.12658736751436553,0.10731161424352834,0.40295243302351014,0.058497555553913116,0.050592947751283646,0.0,0.051031799986958504,0.5272154309786856,"[0.7315472364425659, 0.7654455900192261]",0.5356,0.31055221432476765,0.3110989611809732,0.3329688354291963,0.33132859486057953,0.32586112629852376,0.32586112629852376,0.30836522689994533
208,0.3537452159650082,0.15624282843989024,0.15710865170962612,0.10986351042904559,0.4308365226899945,0.060012124478816986,0.05058661662042141,0.0,0.05102287605404854,0.6512599959969521,"[0.7315472364425659, 0.7654455900192261]",0.6531,0.3116457080371788,0.31711317659923455,0.35265172225259706,0.36850738108255876,0.3493712411153636,0.3493712411153636,0.30945872061235646
209,0.3564789502460361,0.1647384333158992,0.15813615588051336,0.11030755424983686,0.4330235101148168,0.05728701502084732,0.05058021657168865,0.0,0.0510146077722311,0.7558005549944937,"[0.7315472364425659, 0.7654455900192261]",0.6435,0.31656642974302895,0.33351558228540185,0.29305631492618917,0.2952433023510115,0.29360306178239476,0.29360306178239476,0.3154729360306178
210,0.36030617823947514,0.16599892433725927,0.16681227145399416,0.11307837142975041,0.4363039912520503,0.056982770562171936,0.05057392083108425,0.0,0.0510062649846077,0.5962867739144713,"[0.7315472364425659, 0.7654455900192261]",0.5674,0.3214871514488792,0.33515582285401857,0.3466375068343357,0.35702569710224163,0.34281027884089665,0.34281027884089665,0.3209404045926736
211,0.3477310005467469,0.1846309067163412,0.17781413587608774,0.10267966006512712,0.4384909786768726,0.05732397735118866,0.05056765861809254,0.0,0.05099819600582123,0.5758583479328081,"[0.7315472364425659, 0.7654455900192261]",0.5418,0.31820667031164573,0.33351558228540185,0.3444505194095134,0.35702569710224163,0.34226353198469106,0.34226353198469106,0.31765992345544014
212,0.2946965554948059,0.1611502652459067,0.12845782629360034,0.06079369929929224,0.4220885729907053,0.059619128704071045,0.05056143365800381,0.0,0.05098949000239372,0.47195493895560503,"[0.7315472364425659, 0.7654455900192261]",0.6349,0.3160196828868234,0.3285948605795517,0.34226353198469106,0.35702569710224163,0.3389830508474576,0.3389830508474576,0.3154729360306178
213,0.28430836522689995,0.15065193900146934,0.12433034332273925,0.05531584076487732,0.4166211044286495,0.06116648018360138,0.05055483616888523,0.0,0.050981638953089714,0.5388723560608923,"[0.7315472364425659, 0.7654455900192261]",0.5333,0.3132859486057955,0.3253143794423182,0.34062329141607434,0.3548387096774194,0.3384363039912521,0.3384363039912521,0.3127392017495899
214,0.2963367960634226,0.13469020601957715,0.11372607216715505,0.0728381234301079,0.39529797703663205,0.060248877853155136,0.050548359751701355,0.0,0.05097350478172302,0.46192297094967216,"[0.7315472364425659, 0.7654455900192261]",0.5988,0.3067249863313286,0.31930016402405687,0.3417167851284855,0.35101148168398033,0.3378895571350465,0.3378895571350465,0.3067249863313286
215,0.3679606342263532,0.18642421667813358,0.1304288214072307,0.10138010381562439,0.4084199015855659,0.06011594086885452,0.05054161138832569,0.0,0.05096537992358208,0.6003657339606434,"[0.7315472364425659, 0.7654455900192261]",0.7668,0.3285948605795517,0.32422088572990704,0.36249316566429746,0.35921268452706395,0.3493712411153636,0.3493712411153636,0.3160196828868234
216,0.3646801530891197,0.18243524737194594,0.12934334487757357,0.09917008341112372,0.40459267359212686,0.059413209557533264,0.05053478106856346,0.0,0.0509580597281456,0.8100554459961131,"[0.7315472364425659, 0.7654455900192261]",0.8553,0.32640787315472936,0.32422088572990704,0.363039912520503,0.3586659376708584,0.35210497539639146,0.35210497539639146,0.3143794423182067
217,0.36139967195188627,0.17827791133762871,0.12956918077697824,0.09770396645612904,0.4007654455986878,0.059190861880779266,0.05052799917757511,0.0,0.05095038190484047,0.7012304419185966,"[0.7315472364425659, 0.7654455900192261]",1.1382,0.32640787315472936,0.3236741388737015,0.36139967195188627,0.3581191908146528,0.35101148168398033,0.35101148168398033,0.3138326954620011
218,0.36030617823947514,0.17679422413779844,0.12818591338611018,0.09665036704951904,0.39748496446145437,0.05900903791189194,0.050521183758974075,0.0,0.05094270221889019,0.6065763960359618,"[0.7315472364425659, 0.7654455900192261]",1.2522,0.32422088572990704,0.3220338983050847,0.35975943138326955,0.3564789502460361,0.3493712411153636,0.3493712411153636,0.3121924548933844
219,0.36139967195188627,0.17898342188114913,0.12867346049440054,0.09864155337044526,0.3980317113176599,0.05895011126995087,0.05051448568701744,0.0,0.05093490891158581,0.8736210599308833,"[0.7315472364425659, 0.7654455900192261]",0.7613,0.30945872061235646,0.3220338983050847,0.34335702569710225,0.36632039365773644,0.35210497539639146,0.35210497539639146,0.30945872061235646
220,0.3608529250956807,0.17863025970653368,0.12928711853268016,0.0985987701486869,0.3985784581738655,0.058937691152095795,0.05050749145448208,0.0,0.050926804542541504,0.6030338499695063,"[0.7315472364425659, 0.7654455900192261]",0.8053,0.3143794423182067,0.3253143794423182,0.3635866593767086,0.38490978676872606,0.36960087479496995,0.36960087479496995,0.3143794423182067
221,0.29141607435757244,0.12950915574965205,0.13069579742929685,0.05804003770400675,0.3991252050300711,0.05852607637643814,0.050500400364398956,0.0,0.05091976374387741,0.6498287139693275,"[0.7315472364425659, 0.7654455900192261]",0.7598,0.31492618917441223,0.32586112629852376,0.363039912520503,0.3870967741935484,0.3706943685073811,0.3706943685073811,0.31492618917441223
222,0.32695462001093495,0.13556656601122252,0.15098261108095576,0.09992819392247934,0.4127938764352105,0.05497460812330246,0.05049342289566994,0.0,0.05091283656656742,0.5505773479817435,"[0.7315472364425659, 0.7654455900192261]",0.5106,0.31930016402405687,0.31765992345544014,0.36905412793876435,0.3805358119190815,0.37834882449425916,0.37834882449425916,0.31930016402405687
223,0.36194641880809186,0.1694431754772766,0.12586508290328674,0.13083119757164102,0.39748496446145437,0.05440523475408554,0.05048607103526592,0.0,0.05090563930571079,0.5120921350317076,"[0.7315472364425659, 0.7654455900192261]",0.5477,0.2946965554948059,0.30727173318753415,0.3056314926189174,0.3302351011481684,0.306178239475123,0.306178239475123,0.29414980863860035
224,0.33460907599781303,0.151646479506666,0.12305616571889759,0.10357841465331959,0.3920174958993986,0.076419398188591,0.050478922203183174,0.0,0.05089911073446274,0.47664625104516745,"[0.7315472364425659, 0.7654455900192261]",0.5416,0.2957900492072171,0.30836522689994533,0.3127392017495899,0.33515582285401857,0.30727173318753415,0.30727173318753415,0.2952433023510115
225,0.320393657736468,0.16401007991639538,0.13422534895220817,0.08798774019713303,0.3991252050300711,0.07193391025066376,0.050472235307097435,0.0,0.050892116501927376,0.5125498139532283,"[0.7315472364425659, 0.7654455900192261]",0.5911,0.3045379989065063,0.3154729360306178,0.2946965554948059,0.2689994532531438,0.2629852378348824,0.2629852378348824,0.3045379989065063
226,0.32695462001093495,0.1525947398748858,0.16688815149352038,0.10087020720054309,0.42044833242208857,0.062132857739925385,0.050464559346437454,0.0,0.050884295254945755,0.4778119520051405,"[0.7315472364425659, 0.7654455900192261]",0.5525,0.30781848004373974,0.320393657736468,0.3018042646254784,0.2706396938217605,0.2706396938217605,0.2706396938217605,0.30781848004373974
227,0.31930016402405687,0.1390262862777628,0.1622557278865621,0.09237005855217423,0.42810278840896665,0.058807551860809326,0.05045810528099537,0.0,0.05087675154209137,0.55498985608574,"[0.7315472364425659, 0.7654455900192261]",0.5222,0.30016402405686166,0.3138326954620011,0.27009294696555497,0.2706396938217605,0.2689994532531438,0.2689994532531438,0.2996172772006561
228,0.2996172772006561,0.14000621793076506,0.13991991811704263,0.0795316382533113,0.42099507927829416,0.08158298581838608,0.05045207403600216,0.0,0.05086843855679035,0.6179897800320759,"[0.7315472364425659, 0.7654455900192261]",0.6362,0.30071077091306725,0.3127392017495899,0.2717331875341717,0.27009294696555497,0.2706396938217605,0.2706396938217605,0.30016402405686166
229,0.3039912520503007,0.1453117296968508,0.14643337263869105,0.08036190401825832,0.4242755604155276,0.07892735302448273,0.050446346402168274,0.0,0.05086036026477814,0.4891410550335422,"[0.7315472364425659, 0.7654455900192261]",0.6094,0.3154729360306178,0.32914160743575727,0.2886823400765446,0.2859486057955167,0.2886823400765446,0.2886823400765446,0.31492618917441223
230,0.3460907599781301,0.17035260367065252,0.14529174735629594,0.10481555198189622,0.4220885729907053,0.07921972870826721,0.05044061876833439,0.0,0.05085244961082935,0.49198482104111463,"[0.7315472364425659, 0.7654455900192261]",0.566,0.2990705303444505,0.3110989611809732,0.26571897211591033,0.27446692181519955,0.26517222525970474,0.26517222525970474,0.29852378348824493
231,0.34281027884089665,0.1688950232173243,0.1481407720679601,0.10521256355567694,0.4220885729907053,0.0776018425822258,0.05043497309088707,0.0,0.05084528960287571,0.4968188120983541,"[0.7315472364425659, 0.7654455900192261]",0.5419,0.29086932750136685,0.3056314926189174,0.2689994532531438,0.26735921268452706,0.2476763258611263,0.2476763258611263,0.2897758337889557
232,0.3400765445598688,0.16425842990130568,0.1517178410437134,0.10666306935160906,0.4226353198469109,0.07690072059631348,0.05042906850576401,0.0,0.050837865099310875,0.49301857606042176,"[0.7315472364425659, 0.7654455900192261]",0.5641,0.29196282121377803,0.3067249863313286,0.277747402952433,0.2733734281027884,0.2547840349917988,0.2547840349917988,0.29086932750136685
233,0.30289775833788957,0.1483211667102493,0.1506746800131332,0.09112354433407853,0.4248223072717332,0.06047513708472252,0.05042312480509281,0.0,0.05083107389509678,0.48960827104747295,"[0.7315472364425659, 0.7654455900192261]",0.5419,0.2957900492072171,0.31000546746856206,0.28157463094587204,0.2793876435210498,0.25806451612903225,0.25806451612903225,0.2946965554948059
234,0.2629852378348824,0.0821516920963532,0.13807286343637082,0.051115859990491355,0.3963914707490432,0.058282025158405304,0.05041748471558094,0.0,0.050823694095015526,0.4622924340656027,"[0.7315472364425659, 0.7654455900192261]",0.5601,0.29196282121377803,0.30727173318753415,0.2804811372334609,0.277747402952433,0.25587752870420993,0.25587752870420993,0.29086932750136685
235,0.28212137780207763,0.08871828887622324,0.14022225569482047,0.060094063975060626,0.39420448332422087,0.05785065516829491,0.050412075594067574,0.0,0.050816481932997704,0.5191741100279614,"[0.7315472364425659, 0.7654455900192261]",0.6038,0.29141607435757244,0.30727173318753415,0.28321487151448876,0.2826681246582832,0.25861126298523784,0.25861126298523784,0.2903225806451613
236,0.2886823400765446,0.09204758612374109,0.13875956109251789,0.0633438196196927,0.39420448332422087,0.058019381016492844,0.050406742841005325,0.0,0.050809767097234726,0.4646186250029132,"[0.7315472364425659, 0.7654455900192261]",0.528,0.29360306178239476,0.3039912520503007,0.34554401312192456,0.32914160743575727,0.3214871514488792,0.3214871514488792,0.29250956806998357
237,0.38490978676872606,0.21336190417934642,0.19271538803563093,0.14561521970812877,0.4434117003827228,0.05881311744451523,0.05040133744478226,0.0,0.050802869722247124,0.4907438770169392,"[0.7315472364425659, 0.7654455900192261]",0.5581,0.2946965554948059,0.30344450519409516,0.34226353198469106,0.3253143794423182,0.31711317659923455,0.31711317659923455,0.29360306178239476
238,0.3652268999453253,0.1725252552018468,0.19606225192938934,0.1422214347902721,0.4455986878075451,0.06106136366724968,0.05039597302675247,0.0,0.05079592764377594,0.4676699419505894,"[0.7315472364425659, 0.7654455900192261]",0.5144,0.3132859486057955,0.3285948605795517,0.3679606342263532,0.3559322033898305,0.35210497539639146,0.35210497539639146,0.3132859486057955
239,0.29797703663203934,0.11894443027147072,0.13924873772604854,0.07774737403132406,0.4051394204483324,0.06202518194913864,0.05039079859852791,0.0,0.050788795575499535,0.4531274150358513,"[0.7315472364425659, 0.7654455900192261]",0.521,0.29250956806998357,0.2990705303444505,0.3296883542919628,0.32914160743575727,0.32422088572990704,0.32422088572990704,0.29196282121377803
240,0.3652268999453253,0.1858173328543128,0.18945062323074885,0.13744005557772265,0.44231820667031163,0.05989087373018265,0.050385601818561554,0.0,0.05078161135315895,0.4709902120521292,"[0.7315472364425659, 0.7654455900192261]",0.539,0.2903225806451613,0.29305631492618917,0.3395297977036632,0.34062329141607434,0.33570256971022416,0.33570256971022416,0.2903225806451613
241,0.36686714051394204,0.1873185312518585,0.1985465837705892,0.14319957503663577,0.44505194095133954,0.060663752257823944,0.050379855558276176,0.0,0.050774432718753815,0.46205731201916933,"[0.7315472364425659, 0.7654455900192261]",0.5218,0.2892290869327501,0.29141607435757244,0.3329688354291963,0.33460907599781303,0.330781848004374,0.330781848004374,0.2892290869327501
242,0.3657736468015309,0.1863426569537896,0.19622703135873504,0.14276244516800504,0.44505194095133954,0.060779690742492676,0.05037370324134827,0.0,0.05076763965189457,0.45668118307366967,"[0.7315472364425659, 0.7654455900192261]",0.5366,0.31656642974302895,0.3231273920174959,0.3706943685073811,0.3745215965008201,0.36194641880809186,0.36194641880809186,0.31656642974302895
243,0.36960087479496995,0.19339049267034003,0.15887528622441324,0.14289093798928348,0.423728813559322,0.0591275617480278,0.050368230789899826,0.0,0.05076099932193756,0.46625244803726673,"[0.7315472364425659, 0.7654455900192261]",0.5484,0.3110989611809732,0.3225806451612903,0.30125751776927284,0.32695462001093495,0.3160196828868234,0.3160196828868234,0.3110989611809732
244,0.3400765445598688,0.16249622524405039,0.17350338406265228,0.10331910685029667,0.43794423182066705,0.05942080542445183,0.05036302097141743,0.0,0.05075397714972496,0.4478727229870856,"[0.7315472364425659, 0.7654455900192261]",0.6076,0.29360306178239476,0.26025150355385457,0.23892837616183707,0.25806451612903225,0.24876981957353744,0.24876981957353744,0.28485511208310554
245,0.36741388737014763,0.19282159023247414,0.15629539379109045,0.1403793431794634,0.423728813559322,0.05837525427341461,0.05035758763551712,0.0,0.050745412707328796,0.45352166204247624,"[0.7315472364425659, 0.7654455900192261]",0.5345,0.2695462001093494,0.2711864406779661,0.30781848004373974,0.2952433023510115,0.30836522689994533,0.30836522689994533,0.26790595954073265
246,0.36194641880809186,0.1937335045255253,0.16110412614708852,0.12986882188228746,0.4149808638600328,0.0581701286137104,0.050350889563560486,0.0,0.05073556303977966,0.5434627630747855,"[0.7315472364425659, 0.7654455900192261]",0.8942,0.277747402952433,0.28212137780207763,0.29360306178239476,0.3160196828868234,0.29414980863860035,0.29414980863860035,0.27501366867140514
247,0.34281027884089665,0.16713087489865974,0.1794406257862976,0.1085083638711793,0.4406779661016949,0.0633700042963028,0.0503444392234087,0.0,0.0507261473685503,0.5349137479206547,"[0.7315472364425659, 0.7654455900192261]",0.5907,0.27665390924002187,0.28485511208310554,0.29414980863860035,0.31711317659923455,0.2968835429196282,0.2968835429196282,0.27720065609622746
248,0.36850738108255876,0.19284960488700642,0.17779823243594925,0.13917552568600955,0.42810278840896665,0.08118987828493118,0.050338903442025185,0.0,0.0507174376398325,0.4753719950094819,"[0.7315472364425659, 0.7654455900192261]",0.6222,0.2804811372334609,0.2854018589393111,0.302351011481684,0.31711317659923455,0.29852378348824493,0.29852378348824493,0.2793876435210498
249,0.34390377255330784,0.1695935329088477,0.17867177473228568,0.11228778395095787,0.4390377255330782,0.0608745813369751,0.05033353343605995,0.0,0.05070858262479305,0.4992706250632182,"[0.7315472364425659, 0.7654455900192261]",0.7905,0.2788408966648442,0.28649535265172227,0.29852378348824493,0.3143794423182067,0.29797703663203934,0.29797703663203934,0.2788408966648442
250,0.3378895571350465,0.1653566243149739,0.1522532809056082,0.08395705283094172,0.40951339529797703,0.058988407254219055,0.050328824669122696,0.0,0.05069935321807861,0.5004010889679193,"[0.7315472364425659, 0.7654455900192261]",0.5416,0.277747402952433,0.2897758337889557,0.3045379989065063,0.30727173318753415,0.29852378348824493,0.29852378348824493,0.277747402952433
251,0.34226353198469106,0.17063972652773685,0.15093583103123773,0.08200224808083202,0.4084199015855659,0.058817896991968155,0.05032402090728283,0.0,0.0506923571228981,0.5042750861030072,"[0.7315472364425659, 0.7654455900192261]",0.5012,0.2870420995079278,0.26735921268452706,0.29141607435757244,0.3121924548933844,0.2957900492072171,0.2957900492072171,0.2793876435210498
252,0.2684527063969382,0.0711091339595269,0.11980208114538822,0.050792961800299546,0.37889557135046475,0.05807488411664963,0.05031905882060528,0.0,0.05068504996597767,0.5058306590653956,"[0.7315472364425659, 0.7654455900192261]",0.5043,0.2897758337889557,0.2711864406779661,0.29196282121377803,0.30781848004373974,0.2990705303444505,0.2990705303444505,0.2793876435210498
253,0.33570256971022416,0.15304904402230957,0.14464793316267355,0.097812403079194,0.42099507927829416,0.05728329345583916,0.050314078107476234,0.0,0.05067791789770126,0.5436283320887014,"[0.7315472364425659, 0.7654455900192261]",0.6617,0.29305631492618917,0.29414980863860035,0.2957900492072171,0.33515582285401857,0.31984691088026246,0.31984691088026246,0.29305631492618917
254,0.33624931656642976,0.15564638091410044,0.15040604629939228,0.10097853362438085,0.4242755604155276,0.056956321001052856,0.05030897259712219,0.0,0.05067110247910023,0.5254816829692572,"[0.7315472364425659, 0.7654455900192261]",0.8631,0.31055221432476765,0.277747402952433,0.3378895571350465,0.3444505194095134,0.33624931656642976,0.33624931656642976,0.30289775833788957
255,0.3302351011481684,0.16577647824955377,0.169463572943821,0.10783056236573801,0.43466375068343355,0.05654512345790863,0.0503036230802536,0.0,0.050663961097598076,0.7868352100485936,"[0.7315472364425659, 0.7654455900192261]",0.5778,0.3110989611809732,0.2618917441224713,0.3384363039912521,0.3444505194095134,0.33570256971022416,0.33570256971022416,0.3067249863313286
256,0.3641334062329142,0.17362767059276918,0.14640322006031392,0.13069128609447775,0.4100601421541826,0.059136416763067245,0.050298506394028664,0.0,0.05065743438899517,0.4860994410701096,"[0.7315472364425659, 0.7654455900192261]",0.5539,0.30289775833788957,0.30344450519409516,0.33351558228540185,0.35265172225259706,0.34117003827227993,0.34117003827227993,0.3018042646254784
257,0.3646801530891197,0.17403980531058738,0.14529093067875612,0.13054019835011826,0.41115363586659376,0.058950573205947876,0.05029340088367462,0.0,0.05065145716071129,0.5103603879688308,"[0.7315472364425659, 0.7654455900192261]",0.5315,0.3160196828868234,0.3318753417167851,0.2946965554948059,0.3231273920174959,0.29797703663203934,0.29797703663203934,0.3154729360306178
258,0.3641334062329142,0.17360006029600994,0.14587924415258455,0.1304943052374365,0.41115363586659376,0.05894506722688675,0.050288157537579536,0.0,0.050645861774683,0.5063680569874123,"[0.7315472364425659, 0.7654455900192261]",0.7016,0.31711317659923455,0.3329688354291963,0.29360306178239476,0.3220338983050847,0.2968835429196282,0.2968835429196282,0.31656642974302895
259,0.3635866593767086,0.1728881989025488,0.14610165952791343,0.13021920207495333,0.41060688901038817,0.058961171656847,0.050283247604966164,0.0,0.05063986778259277,0.6639187650289387,"[0.7315472364425659, 0.7654455900192261]",0.9031,0.31711317659923455,0.3329688354291963,0.29360306178239476,0.3220338983050847,0.2968835429196282,0.2968835429196282,0.31656642974302895
260,0.3050847457627119,0.1304169411398559,0.14340772201432006,0.08874627860861242,0.3958447238928376,0.08045957237482071,0.050278376787900925,0.0,0.05063348263502121,0.6509734110441059,"[0.7315472364425659, 0.7654455900192261]",0.8894,0.3138326954620011,0.3285948605795517,0.2996172772006561,0.3302351011481684,0.30289775833788957,0.30289775833788957,0.3132859486057955
261,0.3138326954620011,0.146989800942795,0.14695618117652665,0.09230567876598109,0.39475123018042646,0.07561119645833969,0.050272949039936066,0.0,0.05062722600996494,0.4675212160218507,"[0.7315472364425659, 0.7654455900192261]",0.54,0.29852378348824493,0.3116457080371788,0.320393657736468,0.3324220885729907,0.330781848004374,0.330781848004374,0.29852378348824493
262,0.31765992345544014,0.155170665302657,0.15015166929892393,0.09644358441818088,0.3969382176052488,0.07503089308738708,0.050267187878489494,0.0,0.05062184855341911,0.6305162749486044,"[0.7315472364425659, 0.7654455900192261]",0.5543,0.3275013668671405,0.3389830508474576,0.35210497539639146,0.3865500273373428,0.36960087479496995,0.36960087479496995,0.3275013668671405
263,0.3160196828868234,0.15433359500778354,0.1502601164232442,0.09599540840547283,0.3963914707490432,0.07487207651138306,0.05026185140013695,0.0,0.05061429552733898,0.44328368501737714,"[0.7315472364425659, 0.7654455900192261]",0.531,0.32695462001093495,0.3389830508474576,0.3542919628212138,0.38764352104975397,0.3701476216511755,0.3701476216511755,0.32695462001093495
264,0.3160196828868234,0.15493951821397023,0.15009206180564866,0.09610215072464987,0.39475123018042646,0.0748261958360672,0.05025605671107769,0.0,0.050607167184352875,0.43057933601085097,"[0.7315472364425659, 0.7654455900192261]",0.5559,0.3067249863313286,0.3236741388737015,0.3728813559322034,0.38381629305631493,0.36960087479496995,0.36960087479496995,0.306178239475123
265,0.3154729360306178,0.15540507146150306,0.15032668654667056,0.09616044880361556,0.39365773646801533,0.07482895255088806,0.050250567495822906,0.0,0.050601229071617126,0.4664700130233541,"[0.7315472364425659, 0.7654455900192261]",0.586,0.3067249863313286,0.3236741388737015,0.3723346090759978,0.38490978676872606,0.36960087479496995,0.36960087479496995,0.306178239475123
266,0.3143794423182067,0.15470810535494606,0.15056908805196184,0.09631346067757648,0.39420448332422087,0.07486747950315475,0.05024503916501999,0.0,0.050595544278621674,0.4688451730180532,"[0.7315472364425659, 0.7654455900192261]",0.5533,0.32695462001093495,0.3373428102788409,0.35757244395844723,0.373428102788409,0.35319846910880265,0.35319846910880265,0.32695462001093495
267,0.3138326954620011,0.15407923457897543,0.1509551585368642,0.09603391784507405,0.39256424275560414,0.07489673048257828,0.050239719450473785,0.0,0.05058986321091652,0.4846242180792615,"[0.7315472364425659, 0.7654455900192261]",0.5815,0.32640787315472936,0.3367960634226353,0.3581191908146528,0.3745215965008201,0.3548387096774194,0.3548387096774194,0.32640787315472936
268,0.3132859486057955,0.15329473343179278,0.1509132855769163,0.09596516892946388,0.39256424275560414,0.07493088394403458,0.05023458041250706,0.0,0.05058424733579159,0.6904446450062096,"[0.7315472364425659, 0.7654455900192261]",0.8307,0.3280481137233461,0.33515582285401857,0.34335702569710225,0.348824494259158,0.34281027884089665,0.34281027884089665,0.3280481137233461
269,0.3143794423182067,0.15484204273608837,0.1515478190686948,0.09614706621854519,0.391470749043193,0.07497821003198624,0.0502295196056366,0.0,0.05057898722589016,0.8915101799648255,"[0.7315472364425659, 0.7654455900192261]",0.8229,0.32640787315472936,0.33351558228540185,0.34281027884089665,0.3460907599781301,0.3417167851284855,0.3417167851284855,0.32640787315472936
270,0.3110989611809732,0.15116606284908585,0.1508869897851587,0.09599909058039809,0.3920174958993986,0.07502716779708862,0.05022452771663666,0.0,0.05057363212108612,0.6216589349787682,"[0.7315472364425659, 0.7654455900192261]",0.807,0.3280481137233461,0.33515582285401857,0.34390377255330784,0.3477310005467469,0.34281027884089665,0.34281027884089665,0.3280481137233461
271,0.30727173318753415,0.14740624696467097,0.14873525912778768,0.09500135514753467,0.39365773646801533,0.07510774582624435,0.05021980218589306,0.0,0.05056778900325298,0.6587501569883898,"[0.7315472364425659, 0.7654455900192261]",0.8037,0.3275013668671405,0.33460907599781303,0.3444505194095134,0.3471842536905413,0.34281027884089665,0.34281027884089665,0.3275013668671405
272,0.3395297977036632,0.1735318563805155,0.15655172288421584,0.11363273137624137,0.42864953526517224,0.06396560370922089,0.05021432228386402,0.0,0.05056288279592991,0.5645772599382326,"[0.7315472364425659, 0.7654455900192261]",0.6246,0.3296883542919628,0.3373428102788409,0.3389830508474576,0.3477310005467469,0.34335702569710225,0.34335702569710225,0.3296883542919628
273,0.29086932750136685,0.10578765796207246,0.1399573816497388,0.0789617583197677,0.39475123018042646,0.0609574168920517,0.05020922049880028,0.0,0.050557803362607956,0.49282967299222946,"[0.7315472364425659, 0.7654455900192261]",0.5668,0.3296883542919628,0.3378895571350465,0.3373428102788409,0.3477310005467469,0.34281027884089665,0.34281027884089665,0.3296883542919628
274,0.28485511208310554,0.09059039938144398,0.1420228873526791,0.07870986774936227,0.39365773646801533,0.06170005351305008,0.050204161554574966,0.0,0.050552645698189735,0.48920412396546453,"[0.7315472364425659, 0.7654455900192261]",0.5302,0.3302351011481684,0.3384363039912521,0.3378895571350465,0.35210497539639146,0.34554401312192456,0.34554401312192456,0.3302351011481684
275,0.28321487151448876,0.09030486951263139,0.14311906036661806,0.07945325563236132,0.3903772553307818,0.06156419962644577,0.05019909702241421,0.0,0.05054766125977039,0.4940706680063158,"[0.7315472364425659, 0.7654455900192261]",0.6458,0.330781848004374,0.3389830508474576,0.3378895571350465,0.35210497539639146,0.34499726626571897,0.34499726626571897,0.330781848004374
276,0.2854018589393111,0.09272694701957096,0.1429919127738673,0.07985907758836198,0.391470749043193,0.06156422942876816,0.05019433796405792,0.0,0.050542207434773445,0.6276575130177662,"[0.7315472364425659, 0.7654455900192261]",0.5524,0.30945872061235646,0.3225806451612903,0.36850738108255876,0.3909240021869874,0.37834882449425916,0.37834882449425916,0.30945872061235646
277,0.28376161837069436,0.0903509984160803,0.1427731767920154,0.07942256089989147,0.3909240021869874,0.061554864048957825,0.050189945846796036,0.0,0.05053645372390747,0.5010666300076991,"[0.7315472364425659, 0.7654455900192261]",0.5491,0.31055221432476765,0.3236741388737015,0.36850738108255876,0.3920174958993986,0.37834882449425916,0.37834882449425916,0.31055221432476765
278,0.2870420995079278,0.0930611850663734,0.14360144418449663,0.08015817092512965,0.391470749043193,0.06159956753253937,0.05018533952534199,0.0,0.050531135872006416,0.500633756048046,"[0.7315472364425659, 0.7654455900192261]",0.6028,0.3121924548933844,0.3253143794423182,0.3679606342263532,0.391470749043193,0.37670858392564244,0.37670858392564244,0.3121924548933844
279,0.35921268452706395,0.2047702182627864,0.16757424208043775,0.1169864191668441,0.4434117003827228,0.058922890573740005,0.05018087476491928,0.0,0.05052570439875126,0.4707601279951632,"[0.7315472364425659, 0.7654455900192261]",0.5386,0.3132859486057955,0.32586112629852376,0.3701476216511755,0.39311098961180974,0.381082558775287,0.381082558775287,0.3132859486057955
280,0.3586659376708584,0.2046458192149878,0.17374536285220413,0.11694969276024322,0.44669218151995627,0.054767124354839325,0.050176117569208145,0.0,0.05052039213478565,0.45911462197545916,"[0.7315472364425659, 0.7654455900192261]",0.5495,0.31656642974302895,0.32914160743575727,0.3728813559322034,0.39311098961180974,0.38326954620010933,0.38326954620010933,0.31656642974302895
281,0.29086932750136685,0.14337378590817518,0.13018322934436835,0.07444864791625147,0.39420448332422087,0.0594446063041687,0.05017123743891716,0.0,0.05051589384675026,0.4682094499003142,"[0.7315472364425659, 0.7654455900192261]",0.5721,0.3132859486057955,0.3253143794423182,0.3728813559322034,0.3958447238928376,0.38545653362493165,0.38545653362493165,0.3132859486057955
282,0.2886823400765446,0.13956333235701446,0.13266350784056877,0.07887106120140064,0.3963914707490432,0.05923936888575554,0.05016638711094856,0.0,0.05051181651651859,0.4918172600446269,"[0.7315472364425659, 0.7654455900192261]",0.5447,0.3132859486057955,0.32476763258611263,0.3701476216511755,0.39365773646801533,0.381082558775287,0.381082558775287,0.3132859486057955
283,0.3564789502460361,0.2012042421204221,0.16910707075175851,0.11689083096331439,0.44395844723892836,0.05990481749176979,0.05016127787530422,0.0,0.05050782859325409,0.4734256190713495,"[0.7315472364425659, 0.7654455900192261]",0.5184,0.3220338983050847,0.3378895571350465,0.3548387096774194,0.3723346090759978,0.3564789502460361,0.3564789502460361,0.3220338983050847
284,0.3586659376708584,0.20436649287276898,0.1747504232632626,0.11728059217146208,0.448332422088573,0.055036358535289764,0.05015642195940018,0.0,0.05050337500870228,0.47832000395283103,"[0.7315472364425659, 0.7654455900192261]",0.8067,0.29414980863860035,0.3050847457627119,0.30727173318753415,0.2963367960634226,0.2854018589393111,0.2854018589393111,0.29360306178239476
285,0.36850738108255876,0.18157526890885223,0.1507357424711385,0.13416903554106824,0.4220885729907053,0.07864240556955338,0.05015166662633419,0.0,0.05049855448305607,0.5178643719991669,"[0.7315472364425659, 0.7654455900192261]",0.64,0.31000546746856206,0.3236741388737015,0.3460907599781301,0.3657736468015309,0.33406232914160744,0.33406232914160744,0.3089119737561509
286,0.3460907599781301,0.16045887830345051,0.1462159814474017,0.11778600687209793,0.41880809185347184,0.08106236159801483,0.050146207213401794,0.0,0.05049431510269642,0.536510851001367,"[0.7315472364425659, 0.7654455900192261]",0.5372,0.30125751776927284,0.3116457080371788,0.3220338983050847,0.33624931656642976,0.3132859486057955,0.3132859486057955,0.30071077091306725
287,0.3460907599781301,0.1621711473762264,0.14443816604547766,0.11813407425162166,0.42044833242208857,0.08054527640342712,0.05014140345156193,0.0,0.05049029365181923,0.4762168190209195,"[0.7315472364425659, 0.7654455900192261]",0.5356,0.30016402405686166,0.31000546746856206,0.3236741388737015,0.3367960634226353,0.3154729360306178,0.3154729360306178,0.2996172772006561
288,0.3477310005467469,0.16444905831900858,0.1444092242227251,0.11858072140406399,0.42044833242208857,0.0803423523902893,0.05013642646372318,0.0,0.05048651993274689,0.497125230031088,"[0.7315472364425659, 0.7654455900192261]",0.5476,0.30016402405686166,0.31000546746856206,0.3225806451612903,0.3395297977036632,0.31711317659923455,0.31711317659923455,0.2996172772006561
289,0.3471842536905413,0.16374483760844127,0.14619002467886044,0.12090040824058253,0.4231820667031165,0.08026956021785736,0.05013151094317436,0.0,0.0504822451621294,0.41992322297301143,"[0.7315472364425659, 0.7654455900192261]",0.5452,0.30016402405686166,0.31000546746856206,0.32422088572990704,0.3378895571350465,0.31711317659923455,0.31711317659923455,0.2996172772006561
290,0.38381629305631493,0.2198566716562239,0.1644350202582774,0.1471911739973188,0.4390377255330782,0.07859668135643005,0.050126465037465096,0.0,0.050477854907512665,0.44664434797596186,"[0.7315472364425659, 0.7654455900192261]",0.5449,0.30125751776927284,0.3110989611809732,0.3280481137233461,0.3400765445598688,0.31930016402405687,0.31930016402405687,0.30071077091306725
291,0.34335702569710225,0.16189491813455215,0.18633245811953786,0.11029495005470104,0.4401312192454893,0.057820819318294525,0.05012168549001217,0.0,0.050473328679800034,0.453950263094157,"[0.7315472364425659, 0.7654455900192261]",0.5922,0.29414980863860035,0.30836522689994533,0.3127392017495899,0.3039912520503007,0.29086932750136685,0.29086932750136685,0.29360306178239476
292,0.3378895571350465,0.16701742219507776,0.18793952421161303,0.10603676640323673,0.43794423182066705,0.05567296966910362,0.050116999074816704,0.0,0.050469228997826576,0.47364098601974547,"[0.7315472364425659, 0.7654455900192261]",0.5636,0.29414980863860035,0.3067249863313286,0.30781848004373974,0.30125751776927284,0.2897758337889557,0.2897758337889557,0.29305631492618917
293,0.3378895571350465,0.14467130041362364,0.18887578955936082,0.10500851280806599,0.43794423182066705,0.05601656064391136,0.05011245794594288,0.0,0.050464676693081856,0.45211408799514174,"[0.7315472364425659, 0.7654455900192261]",0.5594,0.3214871514488792,0.3367960634226353,0.3285948605795517,0.35975943138326955,0.33570256971022416,0.33570256971022416,0.3209404045926736
294,0.3378895571350465,0.14424632389162306,0.19166665235837133,0.10552398873921477,0.4384909786768726,0.056183550506830215,0.05010778829455376,0.0,0.050460366532206535,0.6312771700322628,"[0.7315472364425659, 0.7654455900192261]",0.6779,0.29414980863860035,0.30781848004373974,0.306178239475123,0.2957900492072171,0.28376161837069436,0.28376161837069436,0.29360306178239476
295,0.3378895571350465,0.14402143773330123,0.1929675906573207,0.10595836159745992,0.4384909786768726,0.056271180510520935,0.05010316148400307,0.0,0.05045589245855808,0.5706195009406656,"[0.7315472364425659, 0.7654455900192261]",0.6923,0.29196282121377803,0.3056314926189174,0.30344450519409516,0.29250956806998357,0.28157463094587204,0.28157463094587204,0.29141607435757244
296,0.33515582285401857,0.14056198827426414,0.1944341135203243,0.10461342180045821,0.4384909786768726,0.05646323785185814,0.05009857937693596,0.0,0.05045170709490776,0.450970727019012,"[0.7315472364425659, 0.7654455900192261]",0.5449,0.29250956806998357,0.3056314926189174,0.30289775833788957,0.29250956806998357,0.2799343903772553,0.2799343903772553,0.29196282121377803
297,0.3384363039912521,0.15664725852911998,0.1919813054068419,0.10762931032905297,0.4488791689447786,0.05607472360134125,0.0500939916819334,0.0,0.05044747516512871,0.45443128899205476,"[0.7315472364425659, 0.7654455900192261]",0.5623,0.320393657736468,0.33570256971022416,0.3280481137233461,0.3586659376708584,0.33515582285401857,0.33515582285401857,0.31984691088026246
298,0.3367960634226353,0.1545044275982127,0.19210591695980203,0.10743157775560978,0.448332422088573,0.0567304790019989,0.050089215859770775,0.0,0.05044347420334816,0.4925949579337612,"[0.7315472364425659, 0.7654455900192261]",0.5879,0.32640787315472936,0.33351558228540185,0.37561509021323125,0.3816293056314926,0.35975943138326955,0.35975943138326955,0.3154729360306178
299,0.3821760524876982,0.20655267702140434,0.19461076614655115,0.1440116781953648,0.44231820667031163,0.06138692796230316,0.05008471757173538,0.0,0.05043910816311836,0.48076088004745543,"[0.7315472364425659, 0.7654455900192261]",0.533,0.32695462001093495,0.34335702569710225,0.33351558228540185,0.3477310005467469,0.33460907599781303,0.33460907599781303,0.32640787315472936
300,0.38326954620010933,0.21010883290056948,0.1906940385336319,0.14476496501398303,0.44450519409513395,0.06034296005964279,0.05007983185350895,0.0,0.05043533258140087,0.49004301195964217,"[0.7315472364425659, 0.7654455900192261]",,,,,,,,
