round,ACC,Kappa,NMI,ARI,PURITY,alignment_loss,mean_reconstruction_loss,mean_consensus_loss,mean_local_total_loss,round_seconds,observed_rates,completion_eval_seconds,C025_ACC,C050_ACC,C075_ACC,C100_ACC,D0_ACC,E0_ACC,G0_ACC
1,0.37042459736456806,0.28709097970676767,0.3633749433582932,0.10390033399194203,0.3762811127379209,0.07563508301973343,0.299600962549448,0.0,0.29389168322086334,1.8148238030262291,"[0.6442167162895203, 0.7218155264854431, 0.7423133254051208, 0.7569546103477478]",0.6871,0.3733528550512445,0.3762811127379209,0.42020497803806733,0.4128843338213763,0.4158125915080527,0.4158125915080527,0.3733528550512445
2,0.37774524158125916,0.3060701974152893,0.4041444442777537,0.1468560697411483,0.3953147877013177,0.06263968348503113,0.2916940413415432,0.0,0.28657177090644836,0.7384420200251043,"[0.6442167162895203, 0.7218155264854431, 0.7423133254051208, 0.7569546103477478]",0.6896,0.3557833089311859,0.3689604685212299,0.43484626647144947,0.43191800878477304,0.42313323572474376,0.42313323572474376,0.35431918008784774
3,0.3601756954612006,0.2819934855927677,0.37396440122449515,0.13339356155507912,0.37481698389458273,0.05799888074398041,0.28415730595588684,0.0,0.27874698489904404,0.7215422079898417,"[0.6442167162895203, 0.7218155264854431, 0.7423133254051208, 0.7569546103477478]",0.6688,0.3557833089311859,0.3689604685212299,0.4128843338213763,0.4128843338213763,0.4172767203513909,0.4172767203513909,0.3528550512445095
4,0.37481698389458273,0.30183493925429405,0.3796969300071663,0.16992359357547263,0.3806734992679356,0.056939490139484406,0.2759244292974472,0.0,0.2700255960226059,0.8334768689237535,"[0.6442167162895203, 0.7218155264854431, 0.7423133254051208, 0.7569546103477478]",0.6591,0.35431918008784774,0.37481698389458273,0.4363103953147877,0.44216691068814057,0.4377745241581259,0.4377745241581259,0.3528550512445095
5,0.38799414348462663,0.3180017868489826,0.39592975781707507,0.14691814119527025,0.3953147877013177,0.05972658842802048,0.26706772670149803,0.0,0.26093965023756027,0.7481211919803172,"[0.6442167162895203, 0.7218155264854431, 0.7423133254051208, 0.7569546103477478]",0.7082,0.27379209370424595,0.29428989751098095,0.35724743777452417,0.3528550512445095,0.36603221083455345,0.36603221083455345,0.27379209370424595
6,0.35724743777452417,0.2797798771597332,0.38912288801199924,0.19881008646446202,0.37774524158125916,0.05929119139909744,0.2579629682004452,0.0,0.2514478415250778,0.7835005429806188,"[0.6442167162895203, 0.7218155264854431, 0.7423133254051208, 0.7569546103477478]",0.6822,0.2445095168374817,0.26500732064421667,0.3601756954612006,0.3850658857979502,0.38799414348462663,0.38799414348462663,0.2430453879941435
7,0.33821376281112736,0.27833841766307843,0.3352122786927721,0.1456699796743268,0.34260614934114203,0.060615651309490204,0.248539000749588,0.0,0.24177781865000725,0.7565796200651675,"[0.6442167162895203, 0.7218155264854431, 0.7423133254051208, 0.7569546103477478]",0.7943,0.23718887262079064,0.2430453879941435,0.33821376281112736,0.3191800878477306,0.30307467057101023,0.30307467057101023,0.2342606149341142
8,0.3279648609077599,0.2576016633670869,0.3154963917539212,0.1523832385368237,0.3279648609077599,0.060574233531951904,0.23903268948197365,0.0,0.23215801641345024,0.795878820004873,"[0.6442167162895203, 0.7218155264854431, 0.7423133254051208, 0.7569546103477478]",0.7214,0.21815519765739386,0.232796486090776,0.34260614934114203,0.4011713030746706,0.3806734992679356,0.3806734992679356,0.22108345534407028
9,0.2972181551976574,0.23229494261648231,0.3341654014190535,0.15048312804441175,0.3528550512445095,0.061078332364559174,0.2294655777513981,0.0,0.2225482538342476,0.7928625530330464,"[0.6442167162895203, 0.7218155264854431, 0.7423133254051208, 0.7569546103477478]",0.7472,0.232796486090776,0.25768667642752563,0.31478770131771594,0.33821376281112736,0.3513909224011713,0.3513909224011713,0.22693997071742314
10,0.3367496339677892,0.26184710594937877,0.3178243140140909,0.1685834480906999,0.36603221083455345,0.06054942309856415,0.21995066478848457,0.0,0.21304129995405674,0.7678194069303572,"[0.6442167162895203, 0.7218155264854431, 0.7423133254051208, 0.7569546103477478]",0.6769,0.2108345534407028,0.22547584187408493,0.26939970717423134,0.3001464128843338,0.3162518301610542,0.3162518301610542,0.20497803806734993
11,0.28550512445095166,0.19194132977756218,0.2829778730492648,0.1336701649323633,0.3074670571010249,0.06063002347946167,0.21050794795155525,0.0,0.20362225361168385,0.8526240930659696,"[0.6442167162895203, 0.7218155264854431, 0.7423133254051208, 0.7569546103477478]",0.6931,0.2005856515373353,0.21376281112737922,0.25036603221083453,0.30600292825768666,0.30161054172767204,0.30161054172767204,0.19765739385065886
12,0.28550512445095166,0.21460584667442695,0.3206679913959704,0.1390035984988489,0.32210834553440704,0.06125333905220032,0.2011989913880825,0.0,0.1943529862910509,0.7444338769419119,"[0.6442167162895203, 0.7218155264854431, 0.7423133254051208, 0.7569546103477478]",0.7052,0.2108345534407028,0.22693997071742314,0.2884333821376281,0.3294289897510981,0.3191800878477306,0.3191800878477306,0.2108345534407028
13,0.2591508052708638,0.17115228725879095,0.23241091431528133,0.11217386108241278,0.28111273792093705,0.05978779494762421,0.19217793457210064,0.0,0.18555575981736183,0.75800697109662,"[0.6442167162895203, 0.7218155264854431, 0.7423133254051208, 0.7569546103477478]",0.7013,0.20937042459736457,0.22986822840409957,0.2708638360175695,0.30161054172767204,0.3191800878477306,0.3191800878477306,0.20497803806734993
14,0.29282576866764276,0.21035170322213115,0.3071026780738819,0.11833303383817688,0.30453879941434847,0.06019175797700882,0.18343732878565788,0.0,0.17709036357700825,0.7689263899810612,"[0.6442167162895203, 0.7218155264854431, 0.7423133254051208, 0.7569546103477478]",0.745,0.21522693997071743,0.2430453879941435,0.22693997071742314,0.2913616398243045,0.2884333821376281,0.2884333821376281,0.2108345534407028
15,0.3235724743777452,0.23588099400901807,0.23945339969913043,0.1029599800831861,0.3235724743777452,0.05914389342069626,0.17506571859121323,0.0,0.1689858641475439,0.776892447960563,"[0.6442167162895203, 0.7218155264854431, 0.7423133254051208, 0.7569546103477478]",0.7078,0.19619326500732065,0.21669106881405564,0.26207906295754024,0.31478770131771594,0.30161054172767204,0.30161054172767204,0.19326500732064422
16,0.24597364568081992,0.16189729611238712,0.20647065638157724,0.09320137304475888,0.2708638360175695,0.06066926196217537,0.1670671794563532,0.0,0.16130173206329346,0.7602270019706339,"[0.6442167162895203, 0.7218155264854431, 0.7423133254051208, 0.7569546103477478]",0.6995,0.20351390922401172,0.21669106881405564,0.2430453879941435,0.2986822840409956,0.2957540263543192,0.2957540263543192,0.2020497803806735
17,0.28550512445095166,0.20057180136618313,0.24882364291395703,0.10104560887510179,0.29428989751098095,0.059203580021858215,0.15945919789373875,0.0,0.1540041659027338,0.7481382089899853,"[0.6442167162895203, 0.7218155264854431, 0.7423133254051208, 0.7569546103477478]",0.7078,0.19472913616398244,0.20644216691068815,0.23718887262079064,0.30161054172767204,0.29282576866764276,0.29282576866764276,0.1903367496339678
18,0.25036603221083453,0.15371286409881602,0.20546548323556027,0.089126626313533,0.26939970717423134,0.05767393484711647,0.15227862633764744,0.0,0.1470580641180277,0.7420883489539847,"[0.6442167162895203, 0.7218155264854431, 0.7423133254051208, 0.7569546103477478]",0.6885,0.2020497803806735,0.212298682284041,0.2342606149341142,0.2679355783308931,0.2781844802342606,0.2781844802342606,0.19765739385065886
19,0.30307467057101023,0.21861435445337996,0.25376563851974826,0.13674184004340526,0.3191800878477306,0.054750584065914154,0.14555860497057438,0.0,0.140697306022048,0.7199743509991094,"[0.6442167162895203, 0.7218155264854431, 0.7423133254051208, 0.7569546103477478]",0.7082,0.19912152269399708,0.2005856515373353,0.22986822840409957,0.2591508052708638,0.26939970717423134,0.26939970717423134,0.2005856515373353
20,0.30453879941434847,0.21740252660119797,0.2512222646417211,0.11667547303171587,0.3191800878477306,0.05431995913386345,0.13927588053047657,0.0,0.13480338640511036,0.7703218989772722,"[0.6442167162895203, 0.7218155264854431, 0.7423133254051208, 0.7569546103477478]",0.7097,0.2005856515373353,0.20351390922401172,0.21669106881405564,0.26207906295754024,0.2562225475841874,0.2562225475841874,0.19912152269399708
21,0.23133235724743778,0.11897817930756593,0.18485552703568786,0.062414285250810476,0.26207906295754024,0.05467541143298149,0.13344337418675423,0.0,0.12934862449765205,0.7763513240497559,"[0.6442167162895203, 0.7218155264854431, 0.7423133254051208, 0.7569546103477478]",0.7301,0.20351390922401172,0.20937042459736457,0.2240117130307467,0.26207906295754024,0.28550512445095166,0.28550512445095166,0.2005856515373353
22,0.2547584187408492,0.16667585532418783,0.23118991611599538,0.09082805625652518,0.27379209370424595,0.056692853569984436,0.12808112241327763,0.0,0.12435743678361177,0.8147225079592317,"[0.6442167162895203, 0.7218155264854431, 0.7423133254051208, 0.7569546103477478]",0.7851,0.19619326500732065,0.19912152269399708,0.22840409956076135,0.2986822840409956,0.2869692532942899,0.2869692532942899,0.19619326500732065
23,0.23572474377745242,0.12759866102889372,0.19079221019524137,0.082029275867277,0.25036603221083453,0.057199761271476746,0.1231652358546853,0.0,0.11981158796697855,0.7837628499837592,"[0.6442167162895203, 0.7218155264854431, 0.7423133254051208, 0.7569546103477478]",0.7042,0.18448023426061494,0.2005856515373353,0.24011713030746706,0.2664714494875549,0.2708638360175695,0.2708638360175695,0.18448023426061494
24,0.26061493411420206,0.17149678965965343,0.21809295177578297,0.08736123375157169,0.2781844802342606,0.05414978414773941,0.11869698110967875,0.0,0.11568295676261187,0.7941186029929668,"[0.6442167162895203, 0.7218155264854431, 0.7423133254051208, 0.7569546103477478]",0.7558,0.18594436310395315,0.191800878477306,0.2225475841874085,0.2635431918008785,0.2796486090775988,0.2796486090775988,0.18448023426061494
25,0.27232796486090777,0.18711505119878924,0.23297624164156827,0.11584960743851316,0.2884333821376281,0.05517628788948059,0.11465549655258656,0.0,0.11195561476051807,0.7997527309926227,"[0.6442167162895203, 0.7218155264854431, 0.7423133254051208, 0.7569546103477478]",0.7836,0.18594436310395315,0.18594436310395315,0.21522693997071743,0.26939970717423134,0.26939970717423134,0.26939970717423134,0.18594436310395315
26,0.2679355783308931,0.17346370743277595,0.1905903441757062,0.0811643005261494,0.2781844802342606,0.05240302532911301,0.1110184071585536,0.0,0.10861087497323751,0.776017484953627,"[0.6442167162895203, 0.7218155264854431, 0.7423133254051208, 0.7569546103477478]",0.7356,0.1903367496339678,0.19326500732064422,0.2240117130307467,0.24743777452415813,0.2679355783308931,0.2679355783308931,0.1903367496339678
27,0.3001464128843338,0.20474802023730343,0.22562371875462492,0.11260364233672743,0.3001464128843338,0.05087757855653763,0.10774595476686954,0.0,0.10560840927064419,0.7344822030281648,"[0.6442167162895203, 0.7218155264854431, 0.7423133254051208, 0.7569546103477478]",0.7362,0.191800878477306,0.19326500732064422,0.19765739385065886,0.2430453879941435,0.2547584187408492,0.2547584187408492,0.19472913616398244
28,0.23718887262079064,0.14076848223189709,0.15817766046871443,0.061410100743053586,0.24597364568081992,0.05216367542743683,0.10481388494372368,0.0,0.10292077902704477,0.7471006290288642,"[0.6442167162895203, 0.7218155264854431, 0.7423133254051208, 0.7569546103477478]",0.7814,0.19619326500732065,0.19912152269399708,0.23718887262079064,0.2679355783308931,0.2767203513909224,0.2767203513909224,0.19619326500732065
29,0.24011713030746706,0.13582031697583308,0.1834346626943578,0.06139131273165935,0.25036603221083453,0.052468568086624146,0.10219616815447807,0.0,0.10051407665014267,0.8238624590449035,"[0.6442167162895203, 0.7218155264854431, 0.7423133254051208, 0.7569546103477478]",0.8254,0.19326500732064422,0.2020497803806735,0.23718887262079064,0.2781844802342606,0.28550512445095166,0.28550512445095166,0.19326500732064422
30,0.22986822840409957,0.1113238444375183,0.1495780004570886,0.052555710750626566,0.2342606149341142,0.0520508773624897,0.09985395055264235,0.0,0.09836201090365648,0.7828362360596657,"[0.6442167162895203, 0.7218155264854431, 0.7423133254051208, 0.7569546103477478]",0.7091,0.20497803806734993,0.20937042459736457,0.23718887262079064,0.26939970717423134,0.2796486090775988,0.2796486090775988,0.20497803806734993
31,0.22547584187408493,0.14196591203243036,0.2184999721027209,0.07638378021960807,0.24158125915080528,0.05375838279724121,0.09776397980749607,0.0,0.09643613267689943,0.7547600729158148,"[0.6442167162895203, 0.7218155264854431, 0.7423133254051208, 0.7569546103477478]",0.7015,0.19326500732064422,0.20644216691068815,0.23718887262079064,0.27232796486090777,0.28111273792093705,0.28111273792093705,0.19326500732064422
32,0.2562225475841874,0.1810648206062636,0.22312734035976567,0.09129617962004481,0.28550512445095166,0.05110303312540054,0.09589191433042288,0.0,0.09470997471362352,0.8475537819322199,"[0.6442167162895203, 0.7218155264854431, 0.7423133254051208, 0.7569546103477478]",0.8143,0.1903367496339678,0.19472913616398244,0.21522693997071743,0.2445095168374817,0.2518301610541728,0.2518301610541728,0.1903367496339678
33,0.2240117130307467,0.12638135713889231,0.14342543627924206,0.04976067955395173,0.2445095168374817,0.050236888229846954,0.09421795420348644,0.0,0.09315431769937277,0.8086162679828703,"[0.6442167162895203, 0.7218155264854431, 0.7423133254051208, 0.7569546103477478]",0.7601,0.18594436310395315,0.19326500732064422,0.21376281112737922,0.232796486090776,0.25768667642752563,0.25768667642752563,0.18740849194729137
34,0.22547584187408493,0.10966462137453492,0.18385247970291024,0.059938546192744815,0.25036603221083453,0.05038522928953171,0.09270881675183773,0.0,0.09174675587564707,0.8417513200547546,"[0.6442167162895203, 0.7218155264854431, 0.7423133254051208, 0.7569546103477478]",0.7292,0.1903367496339678,0.19472913616398244,0.21961932650073207,0.25329428989751096,0.2591508052708638,0.2591508052708638,0.191800878477306
35,0.2591508052708638,0.1661648185143365,0.19239846791092685,0.09017077208284746,0.27232796486090777,0.051276497542858124,0.09134447015821934,0.0,0.0904737301170826,0.7741120039718226,"[0.6442167162895203, 0.7218155264854431, 0.7423133254051208, 0.7569546103477478]",0.8386,0.191800878477306,0.19472913616398244,0.21669106881405564,0.2781844802342606,0.2796486090775988,0.2796486090775988,0.19326500732064422
36,0.25036603221083453,0.15952200121134041,0.19035996200219915,0.08389070469191529,0.26939970717423134,0.05292417109012604,0.09011560119688511,0.0,0.08932757005095482,0.7633032309822738,"[0.6442167162895203, 0.7218155264854431, 0.7423133254051208, 0.7569546103477478]",0.841,0.19472913616398244,0.19765739385065886,0.23572474377745242,0.26939970717423134,0.2796486090775988,0.2796486090775988,0.19472913616398244
37,0.2518301610541728,0.17210746546227407,0.20696077261500598,0.08960799909856727,0.2767203513909224,0.05163029581308365,0.08900783862918615,0.0,0.08829235192388296,0.7368271619779989,"[0.6442167162895203, 0.7218155264854431, 0.7423133254051208, 0.7569546103477478]",0.825,0.19472913616398244,0.20644216691068815,0.2679355783308931,0.2957540263543192,0.29428989751098095,0.29428989751098095,0.19326500732064422
38,0.23865300146412885,0.1562292122018436,0.18214661484025105,0.07840471141208238,0.2562225475841874,0.053146108984947205,0.0880086375400424,0.0,0.08736190851777792,0.7856881159823388,"[0.6442167162895203, 0.7218155264854431, 0.7423133254051208, 0.7569546103477478]",0.7181,0.19326500732064422,0.20497803806734993,0.26207906295754024,0.2796486090775988,0.28989751098096633,0.28989751098096633,0.19472913616398244
39,0.2781844802342606,0.18779910076801365,0.20591540070135736,0.11354644366997962,0.28550512445095166,0.04890827834606171,0.08710342366248369,0.0,0.08651409298181534,0.8093319009058177,"[0.6442167162895203, 0.7218155264854431, 0.7423133254051208, 0.7569546103477478]",0.7339,0.1903367496339678,0.19765739385065886,0.2240117130307467,0.2752562225475842,0.2664714494875549,0.2664714494875549,0.1903367496339678
40,0.24011713030746706,0.14790821330359027,0.18313017443355678,0.08042755864131708,0.2518301610541728,0.04959797114133835,0.08628525957465172,0.0,0.08574589900672436,0.793475899961777,"[0.6442167162895203, 0.7218155264854431, 0.7423133254051208, 0.7569546103477478]",0.7488,0.19472913616398244,0.20497803806734993,0.26939970717423134,0.2840409956076135,0.2913616398243045,0.2913616398243045,0.19472913616398244
41,0.21961932650073207,0.1403611513203724,0.15302225325368707,0.05712692920313696,0.22986822840409957,0.054031677544116974,0.08553958032280207,0.0,0.08506160601973534,0.762402156018652,"[0.6442167162895203, 0.7218155264854431, 0.7423133254051208, 0.7569546103477478]",0.816,0.19765739385065886,0.2020497803806735,0.22986822840409957,0.2679355783308931,0.27379209370424595,0.27379209370424595,0.19912152269399708
42,0.26500732064421667,0.1901829768037281,0.23902386063190814,0.09809049231343216,0.2913616398243045,0.053526632487773895,0.08486798219382763,0.0,0.08444119617342949,0.8662459260085598,"[0.6442167162895203, 0.7218155264854431, 0.7423133254051208, 0.7569546103477478]",0.9167,0.19765739385065886,0.20497803806734993,0.22986822840409957,0.27379209370424595,0.2752562225475842,0.2752562225475842,0.19765739385065886
43,0.22840409956076135,0.14989560896345844,0.16802823363607802,0.05865961370272833,0.24158125915080528,0.05489044263958931,0.08425266481935978,0.0,0.08386984746903181,0.919280310976319,"[0.6442167162895203, 0.7218155264854431, 0.7423133254051208, 0.7569546103477478]",1.1555,0.2020497803806735,0.20790629575402636,0.25329428989751096,0.28989751098096633,0.29428989751098095,0.29428989751098095,0.2005856515373353
44,0.23572474377745242,0.13470443756249562,0.1759837825270266,0.08396232030819775,0.24158125915080528,0.055719759315252304,0.08369381632655859,0.0,0.08340908959507942,0.8669383089290932,"[0.6442167162895203, 0.7218155264854431, 0.7423133254051208, 0.7569546103477478]",0.7291,0.19472913616398244,0.19619326500732065,0.25329428989751096,0.28257686676427524,0.28111273792093705,0.28111273792093705,0.19326500732064422
45,0.2957540263543192,0.22109233855097754,0.2800608919951212,0.13619336106622612,0.30453879941434847,0.05325648933649063,0.08319784607738256,0.0,0.08290480729192495,0.8168992969440296,"[0.6442167162895203, 0.7218155264854431, 0.7423133254051208, 0.7569546103477478]",0.7541,0.20644216691068815,0.2108345534407028,0.25768667642752563,0.2547584187408492,0.27379209370424595,0.27379209370424595,0.2020497803806735
46,0.2547584187408492,0.19082421892275003,0.26353363111127825,0.09323605113408973,0.2781844802342606,0.053549736738204956,0.08274317067116499,0.0,0.08248246088624,0.8685977320419624,"[0.6442167162895203, 0.7218155264854431, 0.7423133254051208, 0.7569546103477478]",0.7027,0.19472913616398244,0.19912152269399708,0.232796486090776,0.26939970717423134,0.27379209370424595,0.27379209370424595,0.19326500732064422
47,0.27232796486090777,0.17449891295360476,0.24574685344136518,0.11258210644200166,0.3001464128843338,0.05400286614894867,0.082362144254148,0.0,0.08236462995409966,0.8076352600473911,"[0.6442167162895203, 0.7218155264854431, 0.7423133254051208, 0.7569546103477478]",0.9736,0.2020497803806735,0.2108345534407028,0.28111273792093705,0.30307467057101023,0.3089311859443631,0.3089311859443631,0.19619326500732065
48,0.24890190336749635,0.13127378664848455,0.19483558374470816,0.06099187838601395,0.2664714494875549,0.053077228367328644,0.08200317341834307,0.0,0.08212775737047195,1.1575695850187913,"[0.6442167162895203, 0.7218155264854431, 0.7423133254051208, 0.7569546103477478]",0.9703,0.21815519765739386,0.24158125915080528,0.30307467057101023,0.30453879941434847,0.3089311859443631,0.3089311859443631,0.21522693997071743
49,0.24158125915080528,0.1457573262571802,0.21969400856101173,0.08962726216645305,0.28257686676427524,0.05354972928762436,0.0816901158541441,0.0,0.0818071411922574,1.0388603049796075,"[0.6442167162895203, 0.7218155264854431, 0.7423133254051208, 0.7569546103477478]",0.8283,0.21669106881405564,0.232796486090776,0.27232796486090777,0.2913616398243045,0.28989751098096633,0.28989751098096633,0.20937042459736457
50,0.25036603221083453,0.1382786568131471,0.18713579267049626,0.05079482164411547,0.2664714494875549,0.053728535771369934,0.0814070189371705,0.0,0.08157605677843094,1.0077559540513903,"[0.6442167162895203, 0.7218155264854431, 0.7423133254051208, 0.7569546103477478]",0.6981,0.20351390922401172,0.21522693997071743,0.25329428989751096,0.29282576866764276,0.2913616398243045,0.2913616398243045,0.2005856515373353
51,0.24011713030746706,0.12859952309545464,0.1981631358417007,0.05346620521518907,0.2708638360175695,0.053534820675849915,0.0811569457873702,0.0,0.08133893832564354,1.1780117830494419,"[0.6442167162895203, 0.7218155264854431, 0.7423133254051208, 0.7569546103477478]",0.6962,0.19912152269399708,0.2108345534407028,0.24597364568081992,0.26207906295754024,0.26207906295754024,0.26207906295754024,0.19619326500732065
52,0.24597364568081992,0.1297684050104282,0.20931067151878377,0.02583217596200939,0.2869692532942899,0.053144894540309906,0.0809226268902421,0.0,0.08111441973596811,0.7814916810020804,"[0.6442167162895203, 0.7218155264854431, 0.7423133254051208, 0.7569546103477478]",0.8029,0.1903367496339678,0.19765739385065886,0.21669106881405564,0.23865300146412885,0.22986822840409957,0.22986822840409957,0.18594436310395315
53,0.24158125915080528,0.12980576482712647,0.1884708162093396,0.03423179109914282,0.2708638360175695,0.054789260029792786,0.08072949387133121,0.0,0.08101035375148058,0.7963158689672127,"[0.6442167162895203, 0.7218155264854431, 0.7423133254051208, 0.7569546103477478]",0.7623,0.21376281112737922,0.22840409956076135,0.2796486090775988,0.2986822840409956,0.2972181551976574,0.2972181551976574,0.20644216691068815
54,0.25329428989751096,0.13453009503695879,0.22199238866291898,0.03592126833337992,0.2781844802342606,0.055232591927051544,0.08054584078490734,0.0,0.08093919791281223,0.9856115588918328,"[0.6442167162895203, 0.7218155264854431, 0.7423133254051208, 0.7569546103477478]",0.9274,0.2020497803806735,0.21815519765739386,0.25768667642752563,0.28989751098096633,0.28257686676427524,0.28257686676427524,0.19912152269399708
55,0.23865300146412885,0.15649373474060202,0.20688836643374367,0.04790540181968234,0.28257686676427524,0.05410492420196533,0.0803856709972024,0.0,0.08083090092986822,0.955026754993014,"[0.6442167162895203, 0.7218155264854431, 0.7423133254051208, 0.7569546103477478]",0.922,0.20937042459736457,0.22108345534407028,0.26207906295754024,0.2986822840409956,0.2840409956076135,0.2840409956076135,0.20644216691068815
56,0.24597364568081992,0.1289991085578448,0.19488434523159764,0.0278848857221902,0.2708638360175695,0.05599305033683777,0.08024692721664906,0.0,0.080671152099967,0.8598263390595093,"[0.6442167162895203, 0.7218155264854431, 0.7423133254051208, 0.7569546103477478]",0.9086,0.20644216691068815,0.21522693997071743,0.2752562225475842,0.2884333821376281,0.2986822840409956,0.2986822840409956,0.20351390922401172
57,0.23865300146412885,0.11650202864228987,0.18153113320786216,0.025816388192419683,0.24597364568081992,0.056543558835983276,0.08012041356414557,0.0,0.08054875954985619,1.038236677995883,"[0.6442167162895203, 0.7218155264854431, 0.7423133254051208, 0.7569546103477478]",0.9662,0.19326500732064422,0.20644216691068815,0.26061493411420206,0.27232796486090777,0.27379209370424595,0.27379209370424595,0.191800878477306
58,0.232796486090776,0.12852530230791337,0.18956185594206856,0.04809197252066485,0.27232796486090777,0.05567369610071182,0.08000748977065086,0.0,0.08043265994638205,0.8054772969335318,"[0.6442167162895203, 0.7218155264854431, 0.7423133254051208, 0.7569546103477478]",0.9813,0.20644216691068815,0.21669106881405564,0.25329428989751096,0.2796486090775988,0.3118594436310395,0.3118594436310395,0.20351390922401172
59,0.25768667642752563,0.1325539334061463,0.21037045203981186,0.01892916049923456,0.27379209370424595,0.0567944198846817,0.07990567665547132,0.0,0.08033717982470989,1.035273905028589,"[0.6442167162895203, 0.7218155264854431, 0.7423133254051208, 0.7569546103477478]",0.9798,0.20644216691068815,0.22108345534407028,0.2781844802342606,0.3103953147877013,0.32210834553440704,0.32210834553440704,0.20497803806734993
60,0.22840409956076135,0.14841934919110233,0.1858643060317762,0.01496219755265393,0.2767203513909224,0.058283545076847076,0.07981382869184017,0.0,0.08025070745497942,0.8868328899843618,"[0.6442167162895203, 0.7218155264854431, 0.7423133254051208, 0.7569546103477478]",1.0316,0.19765739385065886,0.20937042459736457,0.2840409956076135,0.31332357247437775,0.3191800878477306,0.3191800878477306,0.19619326500732065
61,0.2635431918008785,0.1571790254601123,0.22023432959553144,0.04335005309704868,0.2972181551976574,0.05771136283874512,0.07972989976406097,0.0,0.08013188559561968,1.1561356430174783,"[0.6442167162895203, 0.7218155264854431, 0.7423133254051208, 0.7569546103477478]",1.1203,0.2225475841874085,0.22986822840409957,0.2708638360175695,0.3191800878477306,0.31478770131771594,0.31478770131771594,0.22108345534407028
62,0.21961932650073207,0.09629396096110254,0.19110297241771768,0.026873867313876178,0.2635431918008785,0.05835072696208954,0.07965639419853687,0.0,0.08011164609342813,1.1497261649928987,"[0.6442167162895203, 0.7218155264854431, 0.7423133254051208, 0.7569546103477478]",1.1425,0.21376281112737922,0.22693997071742314,0.2884333821376281,0.3206442166910688,0.3440702781844802,0.3440702781844802,0.212298682284041
63,0.27232796486090777,0.20433028692780275,0.26618602206246905,0.1200652312326971,0.30307467057101023,0.05748432129621506,0.07958503812551498,0.0,0.08007171098142862,1.1369422619463876,"[0.6442167162895203, 0.7218155264854431, 0.7423133254051208, 0.7569546103477478]",1.1452,0.22693997071742314,0.24011713030746706,0.3118594436310395,0.3191800878477306,0.3308931185944363,0.3308931185944363,0.22108345534407028
64,0.28257686676427524,0.20931705046696292,0.24857259177555868,0.11641939542241435,0.30600292825768666,0.057616762816905975,0.07951548043638468,0.0,0.08003366645425558,1.2656815089285374,"[0.6442167162895203, 0.7218155264854431, 0.7423133254051208, 0.7569546103477478]",1.1675,0.22108345534407028,0.24011713030746706,0.2884333821376281,0.30307467057101023,0.3396778916544656,0.3396778916544656,0.22108345534407028
65,0.2635431918008785,0.1496017188714459,0.24929121271767746,0.04427873004922759,0.28989751098096633,0.059214331209659576,0.07944945339113474,0.0,0.08007391542196274,1.55224652600009,"[0.6442167162895203, 0.7218155264854431, 0.7423133254051208, 0.7569546103477478]",1.3598,0.23865300146412885,0.2562225475841874,0.363103953147877,0.36749633967789164,0.3733528550512445,0.3733528550512445,0.23572474377745242
66,0.2562225475841874,0.15724480328004242,0.221784356563459,0.08627693604294316,0.28111273792093705,0.05865052342414856,0.07938340399414301,0.0,0.07992795668542385,1.484997236984782,"[0.6442167162895203, 0.7218155264854431, 0.7423133254051208, 0.7569546103477478]",1.0371,0.23572474377745242,0.2518301610541728,0.2913616398243045,0.3235724743777452,0.32210834553440704,0.32210834553440704,0.23572474377745242
67,0.2664714494875549,0.1670346469458448,0.26866339765424296,0.10955001637468174,0.30453879941434847,0.05692438408732414,0.0793360909447074,0.0,0.07999615930020809,1.2318966320017353,"[0.6442167162895203, 0.7218155264854431, 0.7423133254051208, 0.7569546103477478]",1.2963,0.26061493411420206,0.27379209370424595,0.3718887262079063,0.3733528550512445,0.3616398243045388,0.3616398243045388,0.2591508052708638
68,0.28550512445095166,0.189070958480834,0.25840702690492684,0.11460790860534532,0.3162518301610542,0.058382969349622726,0.07927998434752226,0.0,0.07993507105857134,0.9333232339704409,"[0.6442167162895203, 0.7218155264854431, 0.7423133254051208, 0.7569546103477478]",0.7364,0.2342606149341142,0.24743777452415813,0.30600292825768666,0.32210834553440704,0.3308931185944363,0.3308931185944363,0.23133235724743778
69,0.26939970717423134,0.16038795630687663,0.24920077282974282,0.07494283421663622,0.30161054172767204,0.05854209512472153,0.07922875043004751,0.0,0.07983179111033678,0.8407348480541259,"[0.6442167162895203, 0.7218155264854431, 0.7423133254051208, 0.7569546103477478]",1.1098,0.23572474377745242,0.2518301610541728,0.3367496339677892,0.33382137628111275,0.3513909224011713,0.3513909224011713,0.2342606149341142
70,0.28550512445095166,0.17871636855553874,0.24761107349539185,0.05951270200768767,0.3103953147877013,0.058142632246017456,0.07918104622513056,0.0,0.079728152602911,1.1114316770108417,"[0.6442167162895203, 0.7218155264854431, 0.7423133254051208, 0.7569546103477478]",0.8891,0.24011713030746706,0.2562225475841874,0.33382137628111275,0.34553440702781846,0.363103953147877,0.363103953147877,0.23865300146412885
71,0.2767203513909224,0.1720480768758864,0.21399932959277032,0.06723921576220289,0.29282576866764276,0.058174945414066315,0.0791390473023057,0.0,0.07967182900756598,0.9594040439696983,"[0.6442167162895203, 0.7218155264854431, 0.7423133254051208, 0.7569546103477478]",1.4045,0.23572474377745242,0.24743777452415813,0.34699853587115664,0.34260614934114203,0.35871156661786235,0.35871156661786235,0.232796486090776
72,0.28989751098096633,0.21392908501540087,0.28821211644487493,0.09161360318406594,0.34553440702781846,0.05572999268770218,0.07909566629678011,0.0,0.07972753886133432,1.3042219890048727,"[0.6442167162895203, 0.7218155264854431, 0.7423133254051208, 0.7569546103477478]",1.2171,0.24743777452415813,0.26500732064421667,0.3411420204978038,0.3367496339677892,0.34260614934114203,0.34260614934114203,0.24597364568081992
73,0.2986822840409956,0.22427770335155128,0.2574906147642773,0.12556721220493414,0.32503660322108346,0.056768618524074554,0.07905670441687107,0.0,0.07973661180585623,1.2122953510843217,"[0.6442167162895203, 0.7218155264854431, 0.7423133254051208, 0.7569546103477478]",1.3143,0.24158125915080528,0.2591508052708638,0.34699853587115664,0.33528550512445093,0.36749633967789164,0.36749633967789164,0.24011713030746706
74,0.28550512445095166,0.18318854076043667,0.255778612944137,0.08921373721252243,0.3074670571010249,0.05613512173295021,0.07901742123067379,0.0,0.07963615749031305,1.2740578999510035,"[0.6442167162895203, 0.7218155264854431, 0.7423133254051208, 0.7569546103477478]",1.1355,0.2518301610541728,0.2635431918008785,0.3396778916544656,0.34992679355783307,0.363103953147877,0.363103953147877,0.24890190336749635
75,0.2957540263543192,0.22067844858261187,0.28145600664436754,0.14079815226543785,0.3279648609077599,0.05582375079393387,0.0789805706590414,0.0,0.07961119338870049,1.1975213759578764,"[0.6442167162895203, 0.7218155264854431, 0.7423133254051208, 0.7569546103477478]",1.3293,0.2547584187408492,0.2679355783308931,0.3513909224011713,0.3411420204978038,0.37481698389458273,0.37481698389458273,0.25329428989751096
76,0.2635431918008785,0.1523106418572976,0.22959355602773932,0.04607144902339832,0.2986822840409956,0.05729076638817787,0.0789428474381566,0.0,0.07957650907337666,1.0889158010249957,"[0.6442167162895203, 0.7218155264854431, 0.7423133254051208, 0.7569546103477478]",1.1918,0.26500732064421667,0.2752562225475842,0.3323572474377745,0.3411420204978038,0.3440702781844802,0.3440702781844802,0.26207906295754024
77,0.26500732064421667,0.15860484862465252,0.2489245662756962,0.08713619964528346,0.2986822840409956,0.055844925343990326,0.07890977617353201,0.0,0.07961937412619591,1.5685064109275118,"[0.6442167162895203, 0.7218155264854431, 0.7423133254051208, 0.7569546103477478]",1.4568,0.2752562225475842,0.2884333821376281,0.3484626647144949,0.36603221083455345,0.363103953147877,0.363103953147877,0.27379209370424595
78,0.2986822840409956,0.20302801461632158,0.2968299170950736,0.09263521345417013,0.33528550512445093,0.055053792893886566,0.0788779342547059,0.0,0.07961825095117092,1.461923592025414,"[0.6442167162895203, 0.7218155264854431, 0.7423133254051208, 0.7569546103477478]",1.0948,0.2445095168374817,0.2591508052708638,0.3279648609077599,0.35871156661786235,0.3411420204978038,0.3411420204978038,0.24011713030746706
79,0.2796486090775988,0.2115902585519216,0.25782897812723915,0.10012045714017628,0.3206442166910688,0.05470060929656029,0.07884390093386173,0.0,0.07953983824700117,1.3461079209810123,"[0.6442167162895203, 0.7218155264854431, 0.7423133254051208, 0.7569546103477478]",1.3313,0.25768667642752563,0.27232796486090777,0.3206442166910688,0.34699853587115664,0.3645680819912152,0.3645680819912152,0.2591508052708638
80,0.28257686676427524,0.1929497953858731,0.28929181109329627,0.09014514657105836,0.33821376281112736,0.05342160165309906,0.07881029602140188,0.0,0.07947942800819874,1.4115285340230912,"[0.6442167162895203, 0.7218155264854431, 0.7423133254051208, 0.7569546103477478]",1.5449,0.25329428989751096,0.2796486090775988,0.34260614934114203,0.34553440702781846,0.3616398243045388,0.3616398243045388,0.2547584187408492
81,0.29282576866764276,0.21852251057126282,0.2693532928698,0.13429588327223055,0.33382137628111275,0.052931997925043106,0.07877575978636742,0.0,0.07945340871810913,1.4434153570327908,"[0.6442167162895203, 0.7218155264854431, 0.7423133254051208, 0.7569546103477478]",1.265,0.2767203513909224,0.2972181551976574,0.3821376281112738,0.37920937042459735,0.38945827232796487,0.38945827232796487,0.27379209370424595
82,0.2518301610541728,0.14406619628847572,0.2536700990168369,0.07429214112789845,0.29428989751098095,0.05340293049812317,0.07873851619660854,0.0,0.0794165013357997,1.1288246749900281,"[0.6442167162895203, 0.7218155264854431, 0.7423133254051208, 0.7569546103477478]",1.0862,0.2562225475841874,0.27232796486090777,0.3279648609077599,0.32503660322108346,0.35724743777452417,0.35724743777452417,0.25329428989751096
83,0.2840409956076135,0.18579473427596294,0.2796367095114639,0.1123780190480449,0.32210834553440704,0.05165722966194153,0.0787034872919321,0.0,0.07937300112098455,1.028711743070744,"[0.6442167162895203, 0.7218155264854431, 0.7423133254051208, 0.7569546103477478]",1.0197,0.27232796486090777,0.28257686676427524,0.3367496339677892,0.32503660322108346,0.3528550512445095,0.3528550512445095,0.27232796486090777
84,0.28989751098096633,0.19544012707603664,0.289078468734576,0.13457496261995858,0.3206442166910688,0.05230451375246048,0.078678660094738,0.0,0.07933381851762533,1.088023565011099,"[0.6442167162895203, 0.7218155264854431, 0.7423133254051208, 0.7569546103477478]",0.9953,0.28111273792093705,0.28550512445095166,0.3191800878477306,0.33382137628111275,0.33528550512445093,0.33528550512445093,0.28111273792093705
85,0.2708638360175695,0.19195024374483283,0.2656429568023881,0.12635431344705966,0.3118594436310395,0.0516681931912899,0.07864911295473576,0.0,0.07929943036288023,1.3096888599684462,"[0.6442167162895203, 0.7218155264854431, 0.7423133254051208, 0.7569546103477478]",1.1654,0.2591508052708638,0.2635431918008785,0.3206442166910688,0.32503660322108346,0.3279648609077599,0.3279648609077599,0.25036603221083453
86,0.26061493411420206,0.18781421086713368,0.2442941566204586,0.10089383100418932,0.2957540263543192,0.05204310640692711,0.07861887011677027,0.0,0.07920483592897654,1.1121999329188839,"[0.6442167162895203, 0.7218155264854431, 0.7423133254051208, 0.7569546103477478]",0.9901,0.2664714494875549,0.28257686676427524,0.30600292825768666,0.31771595900439237,0.3323572474377745,0.3323572474377745,0.26061493411420206
87,0.2752562225475842,0.17905663813513018,0.284657323487185,0.11743170618966783,0.32650073206442165,0.05035047233104706,0.07858752645552158,0.0,0.07915226928889751,0.9962747970130295,"[0.6442167162895203, 0.7218155264854431, 0.7423133254051208, 0.7569546103477478]",0.8352,0.24890190336749635,0.27232796486090777,0.3118594436310395,0.3118594436310395,0.3279648609077599,0.3279648609077599,0.24743777452415813
88,0.2869692532942899,0.21227084236228044,0.27057313457397714,0.12606939917972565,0.3074670571010249,0.05375485122203827,0.07855522446334362,0.0,0.07913093268871307,0.9573150479700416,"[0.6442167162895203, 0.7218155264854431, 0.7423133254051208, 0.7569546103477478]",1.1318,0.26061493411420206,0.27379209370424595,0.3440702781844802,0.33528550512445093,0.35871156661786235,0.35871156661786235,0.2547584187408492
89,0.3001464128843338,0.2086572279709229,0.3130551700141198,0.12280213137387153,0.3440702781844802,0.05265580862760544,0.07851347420364618,0.0,0.07915618643164635,1.0826724369544536,"[0.6442167162895203, 0.7218155264854431, 0.7423133254051208, 0.7569546103477478]",0.9808,0.27232796486090777,0.28550512445095166,0.35431918008784774,0.35724743777452417,0.37774524158125916,0.37774524158125916,0.26939970717423134
90,0.3206442166910688,0.24544043276602645,0.3062523607911711,0.17375722647857555,0.3294289897510981,0.05208465829491615,0.07847946882247925,0.0,0.07922574505209923,1.022844073944725,"[0.6442167162895203, 0.7218155264854431, 0.7423133254051208, 0.7569546103477478]",0.983,0.27379209370424595,0.2884333821376281,0.3367496339677892,0.3323572474377745,0.3484626647144949,0.3484626647144949,0.27232796486090777
91,0.2869692532942899,0.2156552496610269,0.3021296835890999,0.1334087950173138,0.31478770131771594,0.05185146629810333,0.07843666151165962,0.0,0.07913556788116693,1.1366404999280348,"[0.6442167162895203, 0.7218155264854431, 0.7423133254051208, 0.7569546103477478]",1.0227,0.26939970717423134,0.2796486090775988,0.3645680819912152,0.3557833089311859,0.3645680819912152,0.3645680819912152,0.2679355783308931
92,0.3118594436310395,0.22336979268732304,0.30422229547997337,0.17214582102547912,0.3279648609077599,0.05309354513883591,0.07839748822152615,0.0,0.07910570688545704,0.9839487139834091,"[0.6442167162895203, 0.7218155264854431, 0.7423133254051208, 0.7569546103477478]",1.0779,0.2708638360175695,0.3001464128843338,0.3616398243045388,0.37481698389458273,0.36749633967789164,0.36749633967789164,0.26939970717423134
93,0.2840409956076135,0.20961046951912155,0.28813345640959337,0.12754476763387304,0.30600292825768666,0.05327502265572548,0.07835305389016867,0.0,0.07910788431763649,1.1773411949397996,"[0.6442167162895203, 0.7218155264854431, 0.7423133254051208, 0.7569546103477478]",1.1664,0.27232796486090777,0.2869692532942899,0.3103953147877013,0.3103953147877013,0.33528550512445093,0.33528550512445093,0.2679355783308931
94,0.27232796486090777,0.19930982101578487,0.2640938992479422,0.09232749117131747,0.2869692532942899,0.05266193300485611,0.07830556109547615,0.0,0.0787498177960515,0.9035185390384868,"[0.6442167162895203, 0.7218155264854431, 0.7423133254051208, 0.7569546103477478]",0.7795,0.26061493411420206,0.2752562225475842,0.3323572474377745,0.3279648609077599,0.34699853587115664,0.34699853587115664,0.2518301610541728
95,0.3118594436310395,0.24185849883212052,0.31689259870355524,0.13404387795534048,0.32503660322108346,0.05200852453708649,0.07826876733452082,0.0,0.08086382132023573,1.2206217190250754,"[0.6442167162895203, 0.7218155264854431, 0.7423133254051208, 0.7569546103477478]",0.9017,0.28111273792093705,0.31332357247437775,0.35724743777452417,0.37042459736456806,0.383601756954612,0.383601756954612,0.2781844802342606
96,0.32503660322108346,0.2493718203620794,0.32697987611878143,0.13131947665937652,0.3279648609077599,0.052379630506038666,0.07819539774209261,0.0,0.07939899899065495,1.1612903099739924,"[0.6442167162895203, 0.7218155264854431, 0.7423133254051208, 0.7569546103477478]",0.9161,0.28550512445095166,0.30161054172767204,0.31478770131771594,0.30161054172767204,0.3294289897510981,0.3294289897510981,0.28111273792093705
97,0.2781844802342606,0.20617718200549784,0.2889053461324324,0.07650575622762162,0.2972181551976574,0.05511530116200447,0.07815315201878548,0.0,0.0836025895550847,1.0287015590583906,"[0.6442167162895203, 0.7218155264854431, 0.7423133254051208, 0.7569546103477478]",0.808,0.2635431918008785,0.2781844802342606,0.34699853587115664,0.34553440702781846,0.363103953147877,0.363103953147877,0.2591508052708638
98,0.30161054172767204,0.22163289587798074,0.28416058588271087,0.11610945758178516,0.30600292825768666,0.055188536643981934,0.07810400519520044,0.0,0.07894781976938248,0.9917142379563302,"[0.6442167162895203, 0.7218155264854431, 0.7423133254051208, 0.7569546103477478]",1.0097,0.2664714494875549,0.2913616398243045,0.33821376281112736,0.33382137628111275,0.3528550512445095,0.3528550512445095,0.26207906295754024
99,0.30453879941434847,0.22347909132034283,0.28651888125350794,0.14340379258474414,0.31771595900439237,0.05364179238677025,0.07809105422347784,0.0,0.08224528096616268,1.1553643980296329,"[0.6442167162895203, 0.7218155264854431, 0.7423133254051208, 0.7569546103477478]",0.8361,0.2752562225475842,0.3001464128843338,0.363103953147877,0.3689604685212299,0.3718887262079063,0.3718887262079063,0.27379209370424595
100,0.31771595900439237,0.23284323177786348,0.31927659393505936,0.1587701373818817,0.3308931185944363,0.05355434492230415,0.0780440280213952,0.0,0.0821304153650999,0.9667402990162373,"[0.6442167162895203, 0.7218155264854431, 0.7423133254051208, 0.7569546103477478]",0.9538,0.2679355783308931,0.3001464128843338,0.3557833089311859,0.3645680819912152,0.37481698389458273,0.37481698389458273,0.26939970717423134
101,0.31771595900439237,0.23319994314253167,0.31987554119716455,0.15796362655337207,0.3294289897510981,0.05376184731721878,0.0780022144317627,0.0,0.08198064286261797,1.193541817017831,"[0.6442167162895203, 0.7218155264854431, 0.7423133254051208, 0.7569546103477478]",0.8532,0.26500732064421667,0.2869692532942899,0.35871156661786235,0.3601756954612006,0.3733528550512445,0.3733528550512445,0.2635431918008785
102,0.30161054172767204,0.22128498697325327,0.2840645797531349,0.15246532048403003,0.31478770131771594,0.05348142609000206,0.07796194404363632,0.0,0.08159769047051668,0.9049416580237448,"[0.6442167162895203, 0.7218155264854431, 0.7423133254051208, 0.7569546103477478]",0.9748,0.2957540263543192,0.31771595900439237,0.37042459736456806,0.3601756954612006,0.3689604685212299,0.3689604685212299,0.2913616398243045
103,0.31332357247437775,0.23144822489821093,0.3157813754957137,0.15790628906301016,0.3323572474377745,0.05261769890785217,0.07792378962039948,0.0,0.08144368045032024,1.1138180679408833,"[0.6442167162895203, 0.7218155264854431, 0.7423133254051208, 0.7569546103477478]",1.2839,0.30307467057101023,0.32210834553440704,0.3645680819912152,0.37481698389458273,0.37920937042459735,0.37920937042459735,0.2957540263543192
104,0.3118594436310395,0.23817547523554117,0.30583416711850386,0.14654839694460034,0.32650073206442165,0.05261301249265671,0.07788519468158484,0.0,0.08129885047674179,1.1389799219323322,"[0.6442167162895203, 0.7218155264854431, 0.7423133254051208, 0.7569546103477478]",0.949,0.3396778916544656,0.35871156661786235,0.4055636896046852,0.40995607613469986,0.4055636896046852,0.4055636896046852,0.33528550512445093
105,0.3162518301610542,0.22404112355067707,0.30323344354299897,0.1689355650597777,0.3308931185944363,0.05499761551618576,0.07784677483141422,0.0,0.08107865508645773,0.997190422960557,"[0.6442167162895203, 0.7218155264854431, 0.7423133254051208, 0.7569546103477478]",0.9201,0.28550512445095166,0.3103953147877013,0.36749633967789164,0.3528550512445095,0.37042459736456806,0.37042459736456806,0.2840409956076135
106,0.3118594436310395,0.21506538472824022,0.2934927865911478,0.15219555944803675,0.32503660322108346,0.054568856954574585,0.07781061809509993,0.0,0.0806107446551323,0.8963605749886483,"[0.6442167162895203, 0.7218155264854431, 0.7423133254051208, 0.7569546103477478]",1.0038,0.29282576866764276,0.3235724743777452,0.37774524158125916,0.3850658857979502,0.383601756954612,0.383601756954612,0.29282576866764276
107,0.32503660322108346,0.24083115730794913,0.33038734655727336,0.16405791869197808,0.3308931185944363,0.05601676553487778,0.07777746673673391,0.0,0.08057842589914799,1.1384503759909421,"[0.6442167162895203, 0.7218155264854431, 0.7423133254051208, 0.7569546103477478]",0.905,0.27379209370424595,0.28257686676427524,0.34260614934114203,0.36603221083455345,0.3806734992679356,0.3806734992679356,0.2679355783308931
108,0.3103953147877013,0.23021720455323158,0.30269164191099296,0.1465721386721326,0.3206442166910688,0.05480659008026123,0.07773531135171652,0.0,0.08044242020696402,0.8076579140033573,"[0.6442167162895203, 0.7218155264854431, 0.7423133254051208, 0.7569546103477478]",1.1322,0.25768667642752563,0.2781844802342606,0.3323572474377745,0.35431918008784774,0.3733528550512445,0.3733528550512445,0.2547584187408492
109,0.3323572474377745,0.2553045989928795,0.32574784213452795,0.1652218203767933,0.3367496339677892,0.054621174931526184,0.07769589684903622,0.0,0.08038005977869034,1.2914409240474924,"[0.6442167162895203, 0.7218155264854431, 0.7423133254051208, 0.7569546103477478]",0.9852,0.2679355783308931,0.2972181551976574,0.3645680819912152,0.363103953147877,0.38653001464128844,0.38653001464128844,0.2635431918008785
110,0.31478770131771594,0.23602520100574576,0.3058716079881824,0.14499072857589118,0.3206442166910688,0.05487826094031334,0.0776554411277175,0.0,0.08027337584644556,0.812682916992344,"[0.6442167162895203, 0.7218155264854431, 0.7423133254051208, 0.7569546103477478]",0.9055,0.3001464128843338,0.3279648609077599,0.3953147877013177,0.39092240117130306,0.40263543191800877,0.40263543191800877,0.29282576866764276
111,0.30453879941434847,0.22937599467920866,0.3221334824312648,0.17332154327757418,0.3367496339677892,0.05573650076985359,0.07761459518224001,0.0,0.08020685240626335,1.2124072150327265,"[0.6442167162895203, 0.7218155264854431, 0.7423133254051208, 0.7569546103477478]",1.1008,0.3279648609077599,0.35431918008784774,0.404099560761347,0.39970717423133234,0.4055636896046852,0.4055636896046852,0.3308931185944363
112,0.31771595900439237,0.23488290471313944,0.2979763973024104,0.15729339885310886,0.32503660322108346,0.05370999872684479,0.0775747811421752,0.0,0.08011339325457811,1.1934140069643036,"[0.6442167162895203, 0.7218155264854431, 0.7423133254051208, 0.7569546103477478]",0.8038,0.2957540263543192,0.3103953147877013,0.35871156661786235,0.36603221083455345,0.3806734992679356,0.3806734992679356,0.29428989751098095
113,0.2972181551976574,0.2109823250799029,0.29277476337124914,0.16374283915231078,0.32650073206442165,0.054578498005867004,0.07753605954349041,0.0,0.08001274429261684,0.8383322500158101,"[0.6442167162895203, 0.7218155264854431, 0.7423133254051208, 0.7569546103477478]",0.7772,0.2884333821376281,0.3103953147877013,0.3806734992679356,0.404099560761347,0.41142020497803805,0.41142020497803805,0.28550512445095166
114,0.2957540263543192,0.21082191287219076,0.28471434503079535,0.13795168965758137,0.30453879941434847,0.05595904588699341,0.07749447226524353,0.0,0.07995175011456013,0.7977897810051218,"[0.6442167162895203, 0.7218155264854431, 0.7423133254051208, 0.7569546103477478]",0.9461,0.3074670571010249,0.32650073206442165,0.37042459736456806,0.3953147877013177,0.3967789165446559,0.3967789165446559,0.30307467057101023
115,0.3411420204978038,0.2696784066229131,0.32589878330014627,0.17709901810952355,0.3528550512445095,0.05421709269285202,0.0774515438824892,0.0,0.07975243404507637,0.8441590639995411,"[0.6442167162895203, 0.7218155264854431, 0.7423133254051208, 0.7569546103477478]",0.8496,0.31332357247437775,0.33382137628111275,0.38653001464128844,0.39824304538799415,0.4158125915080527,0.4158125915080527,0.3089311859443631
116,0.32650073206442165,0.24667552234940937,0.32245820380343576,0.15853169398945385,0.33382137628111275,0.054706115275621414,0.07742224540561438,0.0,0.07917812466621399,1.027029154007323,"[0.6442167162895203, 0.7218155264854431, 0.7423133254051208, 0.7569546103477478]",0.9857,0.2884333821376281,0.3191800878477306,0.3616398243045388,0.35431918008784774,0.37920937042459735,0.37920937042459735,0.2884333821376281
117,0.3162518301610542,0.24236212392575662,0.3012418494546067,0.1505241041292415,0.3323572474377745,0.05403301492333412,0.077397670596838,0.0,0.07960812374949455,0.9988241279497743,"[0.6442167162895203, 0.7218155264854431, 0.7423133254051208, 0.7569546103477478]",0.7998,0.2796486090775988,0.2913616398243045,0.33382137628111275,0.3440702781844802,0.3616398243045388,0.3616398243045388,0.27379209370424595
118,0.30161054172767204,0.23001420424331087,0.29172642554471384,0.15845491217798535,0.3191800878477306,0.05418424680829048,0.07734860014170408,0.0,0.07963733933866024,0.9613675710279495,"[0.6442167162895203, 0.7218155264854431, 0.7423133254051208, 0.7569546103477478]",0.9875,0.27232796486090777,0.29428989751098095,0.3440702781844802,0.3484626647144949,0.3718887262079063,0.3718887262079063,0.2679355783308931
119,0.3089311859443631,0.22695870491555636,0.3042443713711939,0.16230465429128052,0.3323572474377745,0.05510973930358887,0.07730535790324211,0.0,0.07965764217078686,1.0224919070024043,"[0.6442167162895203, 0.7218155264854431, 0.7423133254051208, 0.7569546103477478]",0.9635,0.2767203513909224,0.3001464128843338,0.3279648609077599,0.34699853587115664,0.3821376281112738,0.3821376281112738,0.2708638360175695
120,0.3191800878477306,0.24561578531065398,0.31093104911603264,0.13701501727763604,0.3367496339677892,0.05579907447099686,0.0772647112607956,0.0,0.0795233752578497,0.9119363479549065,"[0.6442167162895203, 0.7218155264854431, 0.7423133254051208, 0.7569546103477478]",0.8466,0.2913616398243045,0.31478770131771594,0.3528550512445095,0.3821376281112738,0.3850658857979502,0.3850658857979502,0.2840409956076135
121,0.3323572474377745,0.24753566044300113,0.3188904019384118,0.15699119415837326,0.3411420204978038,0.055423617362976074,0.07722444832324982,0.0,0.07944511622190475,0.9398782650241628,"[0.6442167162895203, 0.7218155264854431, 0.7423133254051208, 0.7569546103477478]",1.2145,0.2781844802342606,0.30161054172767204,0.34992679355783307,0.3806734992679356,0.37920937042459735,0.37920937042459735,0.27232796486090777
122,0.31332357247437775,0.23903246727022642,0.31454495162364654,0.1538178720655149,0.3308931185944363,0.05554668977856636,0.07718850020319223,0.0,0.07949128281325102,1.0986644099466503,"[0.6442167162895203, 0.7218155264854431, 0.7423133254051208, 0.7569546103477478]",0.8103,0.2884333821376281,0.30600292825768666,0.34260614934114203,0.36603221083455345,0.38945827232796487,0.38945827232796487,0.2840409956076135
123,0.3191800878477306,0.24442229274814797,0.31619516240778417,0.16871927779278684,0.3323572474377745,0.05644848197698593,0.07715022563934326,0.0,0.07935057114809752,1.0049107519444078,"[0.6442167162895203, 0.7218155264854431, 0.7423133254051208, 0.7569546103477478]",1.1326,0.26500732064421667,0.29282576866764276,0.3308931185944363,0.3411420204978038,0.37481698389458273,0.37481698389458273,0.2635431918008785
124,0.3323572474377745,0.2515608103236969,0.3266797310122477,0.1925486975313962,0.3323572474377745,0.05665016174316406,0.07711661141365767,0.0,0.07916659861803055,0.8786352809984237,"[0.6442167162895203, 0.7218155264854431, 0.7423133254051208, 0.7569546103477478]",0.7203,0.26939970717423134,0.2884333821376281,0.3396778916544656,0.3850658857979502,0.3938506588579795,0.3938506588579795,0.2635431918008785
125,0.3089311859443631,0.23353669264530363,0.2833760297908837,0.12328840497045479,0.3206442166910688,0.056728020310401917,0.07707605697214603,0.0,0.07903531193733215,1.0201650969684124,"[0.6442167162895203, 0.7218155264854431, 0.7423133254051208, 0.7569546103477478]",0.9967,0.25768667642752563,0.27379209370424595,0.34699853587115664,0.36603221083455345,0.38653001464128844,0.38653001464128844,0.25329428989751096
126,0.34699853587115664,0.2788382548254138,0.34208916927468574,0.18342357896058775,0.3528550512445095,0.05709546059370041,0.07703776936978102,0.0,0.07902052160352468,1.0395422970177606,"[0.6442167162895203, 0.7218155264854431, 0.7423133254051208, 0.7569546103477478]",0.7889,0.2884333821376281,0.3074670571010249,0.3616398243045388,0.3806734992679356,0.383601756954612,0.383601756954612,0.2884333821376281
127,0.33382137628111275,0.2558772681777475,0.32779137959635,0.18115607461180674,0.34553440702781846,0.05622698366641998,0.07700229063630104,0.0,0.07877816166728735,0.9401160980341956,"[0.6442167162895203, 0.7218155264854431, 0.7423133254051208, 0.7569546103477478]",1.0765,0.27379209370424595,0.2957540263543192,0.34553440702781846,0.3601756954612006,0.3762811127379209,0.3762811127379209,0.2708638360175695
128,0.3279648609077599,0.24328179876172207,0.31550871198946534,0.16904694217213442,0.33528550512445093,0.057524919509887695,0.07697467878460884,0.0,0.07898166496306658,1.2576115599367768,"[0.6442167162895203, 0.7218155264854431, 0.7423133254051208, 0.7569546103477478]",0.9639,0.3162518301610542,0.3323572474377745,0.37042459736456806,0.3967789165446559,0.39970717423133234,0.39970717423133234,0.3118594436310395
129,0.31478770131771594,0.22911406142603918,0.3036537156851782,0.16145155162723038,0.3235724743777452,0.05956004559993744,0.07693510968238115,0.0,0.07890747953206301,0.9469277799362317,"[0.6442167162895203, 0.7218155264854431, 0.7423133254051208, 0.7569546103477478]",1.1877,0.3001464128843338,0.3294289897510981,0.39092240117130306,0.40702781844802344,0.4260614934114202,0.4260614934114202,0.2957540263543192
130,0.34553440702781846,0.2660133814482063,0.3636496446298452,0.20432196788647444,0.363103953147877,0.0561373345553875,0.07689746376127005,0.0,0.07879913505166769,1.1909669310553,"[0.6442167162895203, 0.7218155264854431, 0.7423133254051208, 0.7569546103477478]",1.2367,0.3162518301610542,0.34553440702781846,0.39970717423133234,0.4055636896046852,0.42313323572474376,0.42313323572474376,0.3103953147877013
131,0.3367496339677892,0.25483013251253595,0.32309666365612894,0.17365532606578812,0.34699853587115664,0.05599643290042877,0.07686003018170595,0.0,0.07872931845486164,1.2301904920022935,"[0.6442167162895203, 0.7218155264854431, 0.7423133254051208, 0.7569546103477478]",1.1879,0.3089311859443631,0.33821376281112736,0.3923865300146413,0.3938506588579795,0.4158125915080527,0.4158125915080527,0.30453879941434847
132,0.34992679355783307,0.2744282197110173,0.33983918200844504,0.16992234255527908,0.3528550512445095,0.05674299970269203,0.07682438008487225,0.0,0.07870192546397448,1.0708024629857391,"[0.6442167162895203, 0.7218155264854431, 0.7423133254051208, 0.7569546103477478]",0.8659,0.28550512445095166,0.30307467057101023,0.3308931185944363,0.33821376281112736,0.3484626647144949,0.3484626647144949,0.2840409956076135
133,0.34260614934114203,0.2582587158537353,0.3297600147145227,0.20096836667381085,0.3513909224011713,0.055768392980098724,0.07678750809282064,0.0,0.0786677896976471,1.04163695697207,"[0.6442167162895203, 0.7218155264854431, 0.7423133254051208, 0.7569546103477478]",1.2353,0.30453879941434847,0.3089311859443631,0.3528550512445095,0.3806734992679356,0.38653001464128844,0.38653001464128844,0.2913616398243045
134,0.3103953147877013,0.22397222932517635,0.28563434109236846,0.1578342574498732,0.32503660322108346,0.05675724148750305,0.0767524465918541,0.0,0.07860014773905277,0.968737953924574,"[0.6442167162895203, 0.7218155264854431, 0.7423133254051208, 0.7569546103477478]",0.989,0.28989751098096633,0.3001464128843338,0.3308931185944363,0.3557833089311859,0.37774524158125916,0.37774524158125916,0.28257686676427524
135,0.3323572474377745,0.2566802547041023,0.30960467311367806,0.14868597121948113,0.3323572474377745,0.056178707629442215,0.07671631220728159,0.0,0.07855136133730412,1.0645035799825564,"[0.6442167162895203, 0.7218155264854431, 0.7423133254051208, 0.7569546103477478]",0.8427,0.2957540263543192,0.3235724743777452,0.38945827232796487,0.4055636896046852,0.4128843338213763,0.4128843338213763,0.2913616398243045
136,0.31771595900439237,0.24537901994442501,0.3156156155877768,0.1561877839768777,0.33382137628111275,0.054885171353816986,0.076680364087224,0.0,0.07850807346403599,1.075065367971547,"[0.6442167162895203, 0.7218155264854431, 0.7423133254051208, 0.7569546103477478]",0.9781,0.30161054172767204,0.32210834553440704,0.3806734992679356,0.39970717423133234,0.404099560761347,0.404099560761347,0.29428989751098095
137,0.3074670571010249,0.23499031480437793,0.2953009105318524,0.1639000021187571,0.32503660322108346,0.05624061077833176,0.07664593122899532,0.0,0.0784505270421505,0.9742900659330189,"[0.6442167162895203, 0.7218155264854431, 0.7423133254051208, 0.7569546103477478]",1.0185,0.30307467057101023,0.32503660322108346,0.37774524158125916,0.38799414348462663,0.38945827232796487,0.38945827232796487,0.2986822840409956
138,0.30307467057101023,0.22127955160602653,0.29771225461304623,0.15228565289666915,0.31771595900439237,0.056470438838005066,0.07661080360412598,0.0,0.07839573081582785,1.1582431979477406,"[0.6442167162895203, 0.7218155264854431, 0.7423133254051208, 0.7569546103477478]",1.2713,0.2884333821376281,0.31332357247437775,0.37042459736456806,0.37920937042459735,0.39824304538799415,0.39824304538799415,0.28989751098096633
139,0.3557833089311859,0.2802243730225451,0.3448102584004505,0.19931642834242222,0.35724743777452417,0.05763068422675133,0.07657545059919357,0.0,0.07838344760239124,1.0904645919799805,"[0.6442167162895203, 0.7218155264854431, 0.7423133254051208, 0.7569546103477478]",1.0279,0.3308931185944363,0.3484626647144949,0.4128843338213763,0.40995607613469986,0.4128843338213763,0.4128843338213763,0.32210834553440704
140,0.3396778916544656,0.26398751780099206,0.32595039906526885,0.1678448835963704,0.34553440702781846,0.05684078484773636,0.07653911970555782,0.0,0.07828839030116796,0.989335407037288,"[0.6442167162895203, 0.7218155264854431, 0.7423133254051208, 0.7569546103477478]",0.8093,0.30453879941434847,0.3367496339677892,0.41142020497803805,0.42020497803806733,0.43045387994143486,0.43045387994143486,0.3001464128843338
141,0.33382137628111275,0.2638377607534905,0.33931820430655724,0.16102699965024017,0.34992679355783307,0.0565091148018837,0.07650332059711218,0.0,0.07824632991105318,1.0109389729332179,"[0.6442167162895203, 0.7218155264854431, 0.7423133254051208, 0.7569546103477478]",0.7383,0.2957540263543192,0.31332357247437775,0.35871156661786235,0.4055636896046852,0.4333821376281113,0.4333821376281113,0.29282576866764276
142,0.35871156661786235,0.2887463415445993,0.3408622601284081,0.17698952400174447,0.3616398243045388,0.055947016924619675,0.07647121418267488,0.0,0.07826277613639832,0.9536805410170928,"[0.6442167162895203, 0.7218155264854431, 0.7423133254051208, 0.7569546103477478]",0.9741,0.3279648609077599,0.33821376281112736,0.3821376281112738,0.3967789165446559,0.4172767203513909,0.4172767203513909,0.32503660322108346
143,0.34553440702781846,0.28088328818749264,0.34431157041089894,0.1565166175718493,0.34992679355783307,0.05703401565551758,0.07644111756235361,0.0,0.07812451384961605,0.8536344899330288,"[0.6442167162895203, 0.7218155264854431, 0.7423133254051208, 0.7569546103477478]",0.8908,0.31332357247437775,0.3206442166910688,0.3601756954612006,0.40995607613469986,0.4128843338213763,0.4128843338213763,0.3074670571010249
144,0.3235724743777452,0.2542099677856219,0.322830645518653,0.15498635341611963,0.3367496339677892,0.05602572485804558,0.07640710566192865,0.0,0.07770137581974268,0.8626172649674118,"[0.6442167162895203, 0.7218155264854431, 0.7423133254051208, 0.7569546103477478]",0.9969,0.3103953147877013,0.32503660322108346,0.38945827232796487,0.37774524158125916,0.383601756954612,0.383601756954612,0.3001464128843338
145,0.3367496339677892,0.26961528383351707,0.34620224574306857,0.1534480642419375,0.34992679355783307,0.056555576622486115,0.07637918461114168,0.0,0.07845091447234154,1.036568129900843,"[0.6442167162895203, 0.7218155264854431, 0.7423133254051208, 0.7569546103477478]",1.0227,0.34553440702781846,0.36749633967789164,0.4055636896046852,0.42313323572474376,0.45095168374816985,0.45095168374816985,0.33382137628111275
146,0.3235724743777452,0.255483959256961,0.3204468520971003,0.15101303756120688,0.3308931185944363,0.056562021374702454,0.07635366916656494,0.0,0.0779897840693593,1.2239050359930843,"[0.6442167162895203, 0.7218155264854431, 0.7423133254051208, 0.7569546103477478]",1.1515,0.32650073206442165,0.3440702781844802,0.37920937042459735,0.40995607613469986,0.41874084919472915,0.41874084919472915,0.3191800878477306
147,0.3308931185944363,0.25748860533051676,0.3284859158322289,0.17792677342154808,0.33382137628111275,0.05761817842721939,0.07631885726004839,0.0,0.07840695884078741,1.2019585210364312,"[0.6442167162895203, 0.7218155264854431, 0.7423133254051208, 0.7569546103477478]",1.2261,0.3089311859443631,0.32503660322108346,0.363103953147877,0.39970717423133234,0.4260614934114202,0.4260614934114202,0.30453879941434847
148,0.3191800878477306,0.25001948185353906,0.32791857382654854,0.17151760311590697,0.3484626647144949,0.0592198483645916,0.0762863028794527,0.0,0.07828922290354967,1.1938372139120474,"[0.6442167162895203, 0.7218155264854431, 0.7423133254051208, 0.7569546103477478]",1.1243,0.3294289897510981,0.35431918008784774,0.39092240117130306,0.40702781844802344,0.42313323572474376,0.42313323572474376,0.3294289897510981
149,0.33821376281112736,0.26562633807507496,0.3351802702133807,0.16839717552203334,0.3440702781844802,0.05775183439254761,0.0762504180893302,0.0,0.0782823134213686,1.0714480290189385,"[0.6442167162895203, 0.7218155264854431, 0.7423133254051208, 0.7569546103477478]",0.9745,0.29282576866764276,0.3162518301610542,0.3953147877013177,0.39970717423133234,0.4333821376281113,0.4333821376281113,0.2840409956076135
150,0.3367496339677892,0.2688403022955749,0.3264658191565198,0.1667189423342711,0.34553440702781846,0.05641120672225952,0.07621484622359276,0.0,0.07821223698556423,0.8602853060001507,"[0.6442167162895203, 0.7218155264854431, 0.7423133254051208, 0.7569546103477478]",0.9501,0.2796486090775988,0.3074670571010249,0.3762811127379209,0.37481698389458273,0.4172767203513909,0.4172767203513909,0.2767203513909224
151,0.3074670571010249,0.23336552768278995,0.2999470901016255,0.12174782955770337,0.31332357247437775,0.056740887463092804,0.0761822136119008,0.0,0.07819808181375265,0.9936359410639852,"[0.6442167162895203, 0.7218155264854431, 0.7423133254051208, 0.7569546103477478]",0.9591,0.32650073206442165,0.34699853587115664,0.3923865300146413,0.39824304538799415,0.4055636896046852,0.4055636896046852,0.3162518301610542
152,0.34992679355783307,0.2808207482735068,0.3379958913401786,0.1643931089187074,0.35431918008784774,0.05837848037481308,0.07614957820624113,0.0,0.07812236063182354,1.1048760409466922,"[0.6442167162895203, 0.7218155264854431, 0.7423133254051208, 0.7569546103477478]",1.0774,0.28550512445095166,0.3103953147877013,0.33528550512445093,0.36749633967789164,0.38799414348462663,0.38799414348462663,0.2840409956076135
153,0.3323572474377745,0.2552102140522132,0.3285975892694562,0.17680767107244408,0.34699853587115664,0.05775279924273491,0.07611807249486446,0.0,0.07803793996572495,1.3752043360145763,"[0.6442167162895203, 0.7218155264854431, 0.7423133254051208, 0.7569546103477478]",1.966,0.2884333821376281,0.3118594436310395,0.3440702781844802,0.34699853587115664,0.3821376281112738,0.3821376281112738,0.28111273792093705
154,0.363103953147877,0.2872547655489077,0.35813977937448327,0.20183151476357217,0.36603221083455345,0.05829906091094017,0.07608554791659117,0.0,0.07795392163097858,1.6113195379730314,"[0.6442167162895203, 0.7218155264854431, 0.7423133254051208, 0.7569546103477478]",1.0472,0.30161054172767204,0.3103953147877013,0.34553440702781846,0.3733528550512445,0.40263543191800877,0.40263543191800877,0.2972181551976574
155,0.34260614934114203,0.26861104618716225,0.3322091852137405,0.17104793217297926,0.35431918008784774,0.05809357017278671,0.07605245243757963,0.0,0.07787103485316038,1.0659996359609067,"[0.6442167162895203, 0.7218155264854431, 0.7423133254051208, 0.7569546103477478]",0.9631,0.28257686676427524,0.29282576866764276,0.3440702781844802,0.383601756954612,0.40263543191800877,0.40263543191800877,0.28257686676427524
156,0.3308931185944363,0.2592981948224842,0.3467325479414788,0.1702899726070803,0.3440702781844802,0.05799736827611923,0.07602078188210726,0.0,0.07772478275001049,1.0043828579364344,"[0.6442167162895203, 0.7218155264854431, 0.7423133254051208, 0.7569546103477478]",1.5243,0.2986822840409956,0.32210834553440704,0.37481698389458273,0.3938506588579795,0.41142020497803805,0.41142020497803805,0.2957540263543192
157,0.3294289897510981,0.25311704621967124,0.3257972149211195,0.14885711293740297,0.3308931185944363,0.05812430381774902,0.07599152252078056,0.0,0.07747950032353401,1.1439247919479385,"[0.6442167162895203, 0.7218155264854431, 0.7423133254051208, 0.7569546103477478]",0.9409,0.2781844802342606,0.29282576866764276,0.3308931185944363,0.35724743777452417,0.383601756954612,0.383601756954612,0.2781844802342606
158,0.3191800878477306,0.2486230848577189,0.33621699205592875,0.14158931304116118,0.3323572474377745,0.05740544572472572,0.07596053183078766,0.0,0.07776527013629675,1.5611045729601756,"[0.6442167162895203, 0.7218155264854431, 0.7423133254051208, 0.7569546103477478]",1.3891,0.3235724743777452,0.3294289897510981,0.37920937042459735,0.3923865300146413,0.4158125915080527,0.4158125915080527,0.3162518301610542
159,0.32650073206442165,0.2519363510170456,0.32525210926508263,0.1764064480910112,0.3323572474377745,0.057689063251018524,0.07594662345945835,0.0,0.07774816825985909,1.1933341190451756,"[0.6442167162895203, 0.7218155264854431, 0.7423133254051208, 0.7569546103477478]",0.7769,0.3294289897510981,0.35871156661786235,0.404099560761347,0.42020497803806733,0.424597364568082,0.424597364568082,0.32650073206442165
160,0.33821376281112736,0.26645344941476146,0.33211337997283114,0.16748906349494172,0.34260614934114203,0.05742409825325012,0.07591620739549398,0.0,0.07775016315281391,0.9931070280726999,"[0.6442167162895203, 0.7218155264854431, 0.7423133254051208, 0.7569546103477478]",0.7584,0.3279648609077599,0.35431918008784774,0.3733528550512445,0.383601756954612,0.41142020497803805,0.41142020497803805,0.3235724743777452
161,0.36749633967789164,0.2930504474500737,0.364605200472483,0.20647378593593488,0.3718887262079063,0.05718892812728882,0.07590627949684858,0.0,0.0775850610807538,0.8102264279732481,"[0.6442167162895203, 0.7218155264854431, 0.7423133254051208, 0.7569546103477478]",0.857,0.3001464128843338,0.32210834553440704,0.38945827232796487,0.4143484626647145,0.41874084919472915,0.41874084919472915,0.29428989751098095
162,0.37481698389458273,0.3026095856179861,0.35443294948108145,0.217843674313705,0.37774524158125916,0.056493811309337616,0.07586221862584352,0.0,0.07761933002620935,0.7832693509990349,"[0.6442167162895203, 0.7218155264854431, 0.7423133254051208, 0.7569546103477478]",0.9213,0.3074670571010249,0.3308931185944363,0.3616398243045388,0.37042459736456806,0.39970717423133234,0.39970717423133234,0.30161054172767204
163,0.3616398243045388,0.2902949041216034,0.3469013041019555,0.1943321113129311,0.3718887262079063,0.05704878270626068,0.0758249294012785,0.0,0.07752406131476164,0.8916269920300692,"[0.6442167162895203, 0.7218155264854431, 0.7423133254051208, 0.7569546103477478]",1.0347,0.3074670571010249,0.3308931185944363,0.3718887262079063,0.4011713030746706,0.4289897510980966,0.4289897510980966,0.3089311859443631
164,0.3367496339677892,0.25497726878696225,0.3412677516389383,0.18965560552540653,0.3513909224011713,0.05700348690152168,0.07579280994832516,0.0,0.07746271975338459,0.8888161990325898,"[0.6442167162895203, 0.7218155264854431, 0.7423133254051208, 0.7569546103477478]",0.8472,0.2781844802342606,0.3118594436310395,0.35724743777452417,0.37774524158125916,0.3821376281112738,0.3821376281112738,0.2752562225475842
165,0.3440702781844802,0.27837536348435576,0.3564746484240267,0.17143668599900647,0.35431918008784774,0.05717460438609123,0.0757644735276699,0.0,0.07730761542916298,0.8471159859327599,"[0.6442167162895203, 0.7218155264854431, 0.7423133254051208, 0.7569546103477478]",0.8488,0.33821376281112736,0.3718887262079063,0.4011713030746706,0.4128843338213763,0.42752562225475843,0.42752562225475843,0.32503660322108346
166,0.34553440702781846,0.2749572527785693,0.3712140605031248,0.22167518098344144,0.3689604685212299,0.05665132403373718,0.07572590187191963,0.0,0.07644957769662142,0.9827699509914964,"[0.6442167162895203, 0.7218155264854431, 0.7423133254051208, 0.7569546103477478]",0.7921,0.30161054172767204,0.32503660322108346,0.3689604685212299,0.37481698389458273,0.4143484626647145,0.4143484626647145,0.2972181551976574
167,0.34260614934114203,0.2552432437683355,0.3564260178233036,0.19013369056680948,0.3601756954612006,0.055656544864177704,0.07568580377846956,0.0,0.07750455476343632,0.9284030360868201,"[0.6442167162895203, 0.7218155264854431, 0.7423133254051208, 0.7569546103477478]",1.0171,0.30161054172767204,0.3308931185944363,0.35871156661786235,0.383601756954612,0.37042459736456806,0.37042459736456806,0.2884333821376281
168,0.30600292825768666,0.22968458522099977,0.3173939106113596,0.129784396866241,0.34260614934114203,0.05651124566793442,0.07572636567056179,0.0,0.0774588892236352,0.8744098580209538,"[0.6442167162895203, 0.7218155264854431, 0.7423133254051208, 0.7569546103477478]",0.8283,0.31332357247437775,0.34699853587115664,0.3762811127379209,0.3850658857979502,0.3953147877013177,0.3953147877013177,0.2972181551976574
169,0.35431918008784774,0.28406368251915803,0.36444843326194043,0.1740151204306091,0.37481698389458273,0.055919721722602844,0.07567093800753355,0.0,0.0772593729197979,1.1480779100675136,"[0.6442167162895203, 0.7218155264854431, 0.7423133254051208, 0.7569546103477478]",0.8914,0.31771595900439237,0.3367496339677892,0.3821376281112738,0.38799414348462663,0.424597364568082,0.424597364568082,0.3089311859443631
170,0.3206442166910688,0.22115316085809988,0.32014004576394683,0.10621929906364617,0.3513909224011713,0.05685590207576752,0.0758439488708973,0.0,0.07713577337563038,0.9405868550529703,"[0.6442167162895203, 0.7218155264854431, 0.7423133254051208, 0.7569546103477478]",0.792,0.32210834553440704,0.3528550512445095,0.37920937042459735,0.3953147877013177,0.4143484626647145,0.4143484626647145,0.31478770131771594
171,0.33821376281112736,0.23849225828254006,0.3138300312068877,0.12529731288110815,0.3484626647144949,0.056604743003845215,0.07578373234719038,0.0,0.07690642587840557,1.2075860570184886,"[0.6442167162895203, 0.7218155264854431, 0.7423133254051208, 0.7569546103477478]",0.9971,0.31771595900439237,0.3323572474377745,0.3645680819912152,0.37774524158125916,0.39970717423133234,0.39970717423133234,0.3206442166910688
172,0.3396778916544656,0.2338631050092026,0.30746162517743225,0.09014976132568236,0.3484626647144949,0.057066984474658966,0.07574257906526327,0.0,0.07733048591762781,1.1652032820275053,"[0.6442167162895203, 0.7218155264854431, 0.7423133254051208, 0.7569546103477478]",1.0839,0.37042459736456806,0.404099560761347,0.4333821376281113,0.4363103953147877,0.4480234260614934,0.4480234260614934,0.363103953147877
173,0.30453879941434847,0.19393309961513516,0.28447264827005125,0.06546720482666643,0.3191800878477306,0.05857236683368683,0.07569882366806269,0.0,0.07733530085533857,1.196250851964578,"[0.6442167162895203, 0.7218155264854431, 0.7423133254051208, 0.7569546103477478]",1.1081,0.3103953147877013,0.3206442166910688,0.3484626647144949,0.3733528550512445,0.3938506588579795,0.3938506588579795,0.3089311859443631
174,0.31771595900439237,0.21975961149530665,0.3084868555433605,0.11813483722821909,0.3601756954612006,0.05782660096883774,0.07564160507172346,0.0,0.0774924773722887,0.7650921499589458,"[0.6442167162895203, 0.7218155264854431, 0.7423133254051208, 0.7569546103477478]",0.8923,0.3513909224011713,0.37042459736456806,0.38653001464128844,0.404099560761347,0.41874084919472915,0.41874084919472915,0.3513909224011713
175,0.3308931185944363,0.22323590528450732,0.31324088474836154,0.09032294230519666,0.34992679355783307,0.05758203938603401,0.07560572028160095,0.0,0.0774184912443161,1.193550935946405,"[0.6442167162895203, 0.7218155264854431, 0.7423133254051208, 0.7569546103477478]",1.0881,0.3294289897510981,0.33382137628111275,0.34992679355783307,0.37481698389458273,0.404099560761347,0.404099560761347,0.32650073206442165
176,0.33382137628111275,0.23308613945683154,0.33705498187596644,0.12315432834019939,0.36603221083455345,0.058590807020664215,0.07557639479637146,0.0,0.07737506832927465,1.1087615570286289,"[0.6442167162895203, 0.7218155264854431, 0.7423133254051208, 0.7569546103477478]",0.8018,0.3689604685212299,0.39092240117130306,0.4128843338213763,0.43191800878477304,0.4216691068814056,0.4216691068814056,0.3601756954612006
177,0.3089311859443631,0.2098956661119512,0.31585091823192696,0.08277784433696267,0.34992679355783307,0.05794772878289223,0.07553771045058966,0.0,0.07727640308439732,0.9485019670100883,"[0.6442167162895203, 0.7218155264854431, 0.7423133254051208, 0.7569546103477478]",1.1492,0.36749633967789164,0.39092240117130306,0.4055636896046852,0.4128843338213763,0.41142020497803805,0.41142020497803805,0.3557833089311859
178,0.3323572474377745,0.23175893676431414,0.3350630533872355,0.11706297396580359,0.363103953147877,0.05654752999544144,0.07550795003771782,0.0,0.07722125574946404,1.256300351000391,"[0.6442167162895203, 0.7218155264854431, 0.7423133254051208, 0.7569546103477478]",1.3676,0.3616398243045388,0.3953147877013177,0.4158125915080527,0.4158125915080527,0.43923865300146414,0.43923865300146414,0.35724743777452417
179,0.3235724743777452,0.21983578144740767,0.3114550770060959,0.10107061313006538,0.3557833089311859,0.05646195262670517,0.0754698608070612,0.0,0.07721906900405884,1.3879948490066454,"[0.6442167162895203, 0.7218155264854431, 0.7423133254051208, 0.7569546103477478]",1.418,0.3718887262079063,0.3953147877013177,0.4333821376281113,0.4363103953147877,0.4699853587115666,0.4699853587115666,0.36749633967789164
180,0.35724743777452417,0.28765596936205795,0.3715327407044505,0.16477481388414214,0.3967789165446559,0.05907200276851654,0.0754342507570982,0.0,0.07719491980969906,1.2934955189703032,"[0.6442167162895203, 0.7218155264854431, 0.7423133254051208, 0.7569546103477478]",0.9741,0.3484626647144949,0.37042459736456806,0.4011713030746706,0.4143484626647145,0.45973645680819913,0.45973645680819913,0.3484626647144949
181,0.3411420204978038,0.24150814882086424,0.33144856575501364,0.11322894245203553,0.3733528550512445,0.057028256356716156,0.07540026400238276,0.0,0.07712105475366116,1.2020531770540401,"[0.6442167162895203, 0.7218155264854431, 0.7423133254051208, 0.7569546103477478]",1.2961,0.31771595900439237,0.33821376281112736,0.3689604685212299,0.4011713030746706,0.4289897510980966,0.4289897510980966,0.31771595900439237
182,0.33382137628111275,0.2414963827896941,0.3377059094696731,0.13503888035703457,0.37481698389458273,0.05539799481630325,0.07536609657108784,0.0,0.07706013042479753,1.525015022023581,"[0.6442167162895203, 0.7218155264854431, 0.7423133254051208, 0.7569546103477478]",1.2143,0.3294289897510981,0.33821376281112736,0.3645680819912152,0.38653001464128844,0.4172767203513909,0.4172767203513909,0.3279648609077599
183,0.3308931185944363,0.22971128764378235,0.32076532891343273,0.10929420524766517,0.35431918008784774,0.057051219046115875,0.07533128187060356,0.0,0.07696949690580368,1.3364290369208902,"[0.6442167162895203, 0.7218155264854431, 0.7423133254051208, 0.7569546103477478]",0.9173,0.3235724743777452,0.33382137628111275,0.3689604685212299,0.3850658857979502,0.41874084919472915,0.41874084919472915,0.32503660322108346
184,0.3191800878477306,0.21220261792961803,0.30743104592872084,0.10155338953525882,0.34553440702781846,0.055134378373622894,0.07530041318386793,0.0,0.07693539466708899,1.1118720809463412,"[0.6442167162895203, 0.7218155264854431, 0.7423133254051208, 0.7569546103477478]",1.118,0.3411420204978038,0.36749633967789164,0.39970717423133234,0.424597364568082,0.4333821376281113,0.4333821376281113,0.3440702781844802
185,0.3396778916544656,0.24916515134526407,0.35632888934966805,0.12535086575820573,0.3850658857979502,0.05655312538146973,0.07526928000152111,0.0,0.07688496634364128,1.0079490710049868,"[0.6442167162895203, 0.7218155264854431, 0.7423133254051208, 0.7569546103477478]",0.9059,0.35724743777452417,0.39092240117130306,0.41142020497803805,0.42752562225475843,0.4480234260614934,0.4480234260614934,0.3513909224011713
186,0.2913616398243045,0.18741043182002537,0.2897005988498071,0.10025048514573778,0.33528550512445093,0.058366283774375916,0.07523800060153008,0.0,0.07680216152220964,0.975052576046437,"[0.6442167162895203, 0.7218155264854431, 0.7423133254051208, 0.7569546103477478]",0.8855,0.3323572474377745,0.3513909224011713,0.37774524158125916,0.3938506588579795,0.4289897510980966,0.4289897510980966,0.3323572474377745
187,0.28989751098096633,0.18498826400814872,0.3019336977712011,0.09106961048800737,0.3323572474377745,0.05642499774694443,0.07520508673042059,0.0,0.0768138337880373,0.8172604970168322,"[0.6442167162895203, 0.7218155264854431, 0.7423133254051208, 0.7569546103477478]",0.9849,0.3367496339677892,0.35431918008784774,0.34699853587115664,0.363103953147877,0.3953147877013177,0.3953147877013177,0.33528550512445093
188,0.3279648609077599,0.2295534808050077,0.3336414242908265,0.09523453537568143,0.35724743777452417,0.058112166821956635,0.07517422176897526,0.0,0.07674324233084917,0.8103451090864837,"[0.6442167162895203, 0.7218155264854431, 0.7423133254051208, 0.7569546103477478]",0.7789,0.38653001464128844,0.404099560761347,0.4143484626647145,0.43191800878477304,0.445095168374817,0.445095168374817,0.37481698389458273
189,0.3235724743777452,0.22496168356519686,0.3317250876213534,0.09836823766128186,0.35431918008784774,0.05539561063051224,0.07514615170657635,0.0,0.07673844695091248,0.8472727868938819,"[0.6442167162895203, 0.7218155264854431, 0.7423133254051208, 0.7569546103477478]",1.0448,0.3396778916544656,0.3601756954612006,0.39824304538799415,0.4216691068814056,0.4480234260614934,0.4480234260614934,0.3396778916544656
190,0.3191800878477306,0.22108260431305315,0.3251392344327515,0.0992790884902589,0.35724743777452417,0.055374935269355774,0.07510807365179062,0.0,0.0767139783129096,1.014964877977036,"[0.6442167162895203, 0.7218155264854431, 0.7423133254051208, 0.7569546103477478]",0.9883,0.3396778916544656,0.35871156661786235,0.39970717423133234,0.41142020497803805,0.42020497803806733,0.42020497803806733,0.33528550512445093
191,0.363103953147877,0.27054279934003767,0.3576872966340922,0.12220309846080818,0.37774524158125916,0.057337645441293716,0.07507711928337812,0.0,0.07666677795350552,0.9425929859280586,"[0.6442167162895203, 0.7218155264854431, 0.7423133254051208, 0.7569546103477478]",0.803,0.3411420204978038,0.3733528550512445,0.404099560761347,0.41874084919472915,0.4407027818448023,0.4407027818448023,0.33382137628111275
192,0.32503660322108346,0.22427283970691858,0.3256708250803249,0.10375547245331226,0.36603221083455345,0.057793185114860535,0.07504915818572044,0.0,0.0766276866197586,1.1337719120783731,"[0.6442167162895203, 0.7218155264854431, 0.7423133254051208, 0.7569546103477478]",0.8129,0.3689604685212299,0.3938506588579795,0.4084919472913616,0.42752562225475843,0.42752562225475843,0.42752562225475843,0.36603221083455345
193,0.3616398243045388,0.2894074975541079,0.3787229706110513,0.17538121277232913,0.4011713030746706,0.05685466527938843,0.07501752022653818,0.0,0.07647883333265781,1.0817645760253072,"[0.6442167162895203, 0.7218155264854431, 0.7423133254051208, 0.7569546103477478]",0.8915,0.37920937042459735,0.38945827232796487,0.38945827232796487,0.41142020497803805,0.43923865300146414,0.43923865300146414,0.37774524158125916
194,0.3821376281112738,0.3107312476982603,0.39352688520886564,0.24175418343729344,0.4055636896046852,0.05640500783920288,0.07499398663640022,0.0,0.0766877206042409,0.8485324219800532,"[0.6442167162895203, 0.7218155264854431, 0.7423133254051208, 0.7569546103477478]",0.7908,0.38799414348462663,0.4158125915080527,0.4260614934114202,0.4494875549048316,0.45241581259150804,0.45241581259150804,0.3850658857979502
195,0.35724743777452417,0.27101056393673795,0.35958911395120163,0.15210413541777162,0.38945827232796487,0.055804550647735596,0.07496050465852022,0.0,0.07666437048465014,0.8659245210001245,"[0.6442167162895203, 0.7218155264854431, 0.7423133254051208, 0.7569546103477478]",0.8521,0.37774524158125916,0.3953147877013177,0.4143484626647145,0.4333821376281113,0.4568081991215227,0.4568081991215227,0.37481698389458273
196,0.3513909224011713,0.2692434953350933,0.37093536757635714,0.16619513793976232,0.3938506588579795,0.053894076496362686,0.07493548654019833,0.0,0.07664526160806417,0.8158853579079732,"[0.6442167162895203, 0.7218155264854431, 0.7423133254051208, 0.7569546103477478]",0.7996,0.3923865300146413,0.40995607613469986,0.424597364568082,0.4377745241581259,0.46266471449487556,0.46266471449487556,0.3923865300146413
197,0.3528550512445095,0.27954790071189406,0.3729472531054336,0.1665718981238988,0.3938506588579795,0.05370688438415527,0.07490701321512461,0.0,0.07651051320135593,1.114085203036666,"[0.6442167162895203, 0.7218155264854431, 0.7423133254051208, 0.7569546103477478]",0.899,0.38653001464128844,0.39824304538799415,0.41874084919472915,0.43045387994143486,0.4494875549048316,0.4494875549048316,0.37774524158125916
198,0.3396778916544656,0.24530016929925802,0.3477460744207895,0.13493263644799375,0.37920937042459735,0.05468748137354851,0.07488537114113569,0.0,0.07658881414681673,1.0029991079354659,"[0.6442167162895203, 0.7218155264854431, 0.7423133254051208, 0.7569546103477478]",0.9644,0.36749633967789164,0.38945827232796487,0.40263543191800877,0.4055636896046852,0.4377745241581259,0.4377745241581259,0.3616398243045388
199,0.3689604685212299,0.28181563121363307,0.36920601997845687,0.16977809956932124,0.3953147877013177,0.05802756920456886,0.07485306821763515,0.0,0.07638084329664707,0.9043269079411402,"[0.6442167162895203, 0.7218155264854431, 0.7423133254051208, 0.7569546103477478]",0.8175,0.39092240117130306,0.4011713030746706,0.43923865300146414,0.43191800878477304,0.43923865300146414,0.43923865300146414,0.39092240117130306
200,0.3323572474377745,0.24482991894205186,0.3505121989487657,0.13588869654555322,0.3733528550512445,0.054916851222515106,0.07482787687331438,0.0,0.07619649637490511,0.7613287119893357,"[0.6442167162895203, 0.7218155264854431, 0.7423133254051208, 0.7569546103477478]",0.8432,0.3953147877013177,0.4172767203513909,0.3923865300146413,0.42313323572474376,0.4538799414348463,0.4538799414348463,0.3938506588579795
201,0.3513909224011713,0.26891154276435814,0.3768285131972425,0.16846771862718746,0.3953147877013177,0.05443607270717621,0.07480893470346928,0.0,0.0764249786734581,0.8615941429743543,"[0.6442167162895203, 0.7218155264854431, 0.7423133254051208, 0.7569546103477478]",0.9075,0.4084919472913616,0.41874084919472915,0.40995607613469986,0.424597364568082,0.45095168374816985,0.45095168374816985,0.39824304538799415
202,0.33528550512445093,0.24284925940938318,0.3552499054623291,0.1393959985725405,0.3850658857979502,0.055503226816654205,0.07478098850697279,0.0,0.0758704412728548,1.2001701730769128,"[0.6442167162895203, 0.7218155264854431, 0.7423133254051208, 0.7569546103477478]",0.7381,0.3762811127379209,0.4011713030746706,0.41142020497803805,0.43191800878477304,0.445095168374817,0.445095168374817,0.36749633967789164
203,0.35431918008784774,0.26611926661387575,0.3635759018984247,0.14496894794306978,0.39092240117130306,0.0548674613237381,0.0747463284060359,0.0,0.07696183398365974,1.1496610690373927,"[0.6442167162895203, 0.7218155264854431, 0.7423133254051208, 0.7569546103477478]",0.8833,0.3850658857979502,0.4011713030746706,0.4128843338213763,0.42752562225475843,0.445095168374817,0.445095168374817,0.3762811127379209
204,0.34553440702781846,0.2570269494156985,0.3537861819417971,0.13772625830516677,0.38799414348462663,0.05378565937280655,0.07471617963165045,0.0,0.07679064199328423,0.906066854018718,"[0.6442167162895203, 0.7218155264854431, 0.7423133254051208, 0.7569546103477478]",0.8579,0.3616398243045388,0.36749633967789164,0.37481698389458273,0.42313323572474376,0.4407027818448023,0.4407027818448023,0.35871156661786235
205,0.3484626647144949,0.2617848225475813,0.3851079735525357,0.16096252756096377,0.39092240117130306,0.05476352944970131,0.07468752842396498,0.0,0.07669899892061949,0.8688519640127197,"[0.6442167162895203, 0.7218155264854431, 0.7423133254051208, 0.7569546103477478]",0.8757,0.383601756954612,0.404099560761347,0.4143484626647145,0.44363103953147875,0.45095168374816985,0.45095168374816985,0.37774524158125916
206,0.34992679355783307,0.27618602075596,0.3668113549888265,0.16106776598289638,0.38799414348462663,0.05393441021442413,0.0746580334380269,0.0,0.07632364518940449,1.0826105499872938,"[0.6442167162895203, 0.7218155264854431, 0.7423133254051208, 0.7569546103477478]",1.0967,0.39970717423133234,0.4128843338213763,0.43191800878477304,0.445095168374817,0.465592972181552,0.465592972181552,0.3953147877013177
207,0.34992679355783307,0.27318308954469084,0.372844643326849,0.1686201151549191,0.38799414348462663,0.054765522480010986,0.07463663071393967,0.0,0.07636053021997213,0.9335735840722919,"[0.6442167162895203, 0.7218155264854431, 0.7423133254051208, 0.7569546103477478]",0.9396,0.41142020497803805,0.42752562225475843,0.424597364568082,0.445095168374817,0.4494875549048316,0.4494875549048316,0.4011713030746706
208,0.35431918008784774,0.2642297573594612,0.3771050328439734,0.13503061464660224,0.3923865300146413,0.05528172850608826,0.07464163191616535,0.0,0.07625189609825611,0.9456293539842591,"[0.6442167162895203, 0.7218155264854431, 0.7423133254051208, 0.7569546103477478]",0.8225,0.37481698389458273,0.3938506588579795,0.3923865300146413,0.41874084919472915,0.45095168374816985,0.45095168374816985,0.37774524158125916
209,0.3645680819912152,0.29420140434924436,0.3975021210416648,0.18991396696790197,0.39824304538799415,0.05474497005343437,0.07461021561175585,0.0,0.07646473217755556,1.1995980800129473,"[0.6442167162895203, 0.7218155264854431, 0.7423133254051208, 0.7569546103477478]",1.2058,0.3821376281112738,0.3923865300146413,0.40702781844802344,0.4377745241581259,0.46412884333821375,0.46412884333821375,0.3850658857979502
210,0.35724743777452417,0.2641314484857409,0.35957245180573577,0.13850194608754202,0.3923865300146413,0.056715983897447586,0.07455781660974026,0.0,0.07583256717771292,0.8975213159574196,"[0.6442167162895203, 0.7218155264854431, 0.7423133254051208, 0.7569546103477478]",0.789,0.3601756954612006,0.3733528550512445,0.39092240117130306,0.4084919472913616,0.43191800878477304,0.43191800878477304,0.35724743777452417
211,0.3279648609077599,0.22661124199775506,0.33887319052195547,0.12413173527674029,0.3616398243045388,0.05592716485261917,0.07454846799373627,0.0,0.07689506188035011,1.0688592339865863,"[0.6442167162895203, 0.7218155264854431, 0.7423133254051208, 0.7569546103477478]",0.8409,0.3967789165446559,0.42020497803806733,0.43484626647144947,0.45095168374816985,0.46266471449487556,0.46266471449487556,0.3953147877013177
212,0.38799414348462663,0.32397534530076033,0.4076832494214525,0.21607032134129697,0.424597364568082,0.05523751676082611,0.07450184319168329,0.0,0.07631851267069578,1.116709602996707,"[0.6442167162895203, 0.7218155264854431, 0.7423133254051208, 0.7569546103477478]",1.0255,0.3294289897510981,0.3294289897510981,0.363103953147877,0.39092240117130306,0.42752562225475843,0.42752562225475843,0.32503660322108346
213,0.35871156661786235,0.2936618122060407,0.3881116797102022,0.2091695120364063,0.40702781844802344,0.0558827742934227,0.0745104942470789,0.0,0.0762845128774643,0.9977003990206867,"[0.6442167162895203, 0.7218155264854431, 0.7423133254051208, 0.7569546103477478]",1.0271,0.33821376281112736,0.34553440702781846,0.3616398243045388,0.3938506588579795,0.42020497803806733,0.42020497803806733,0.33821376281112736
214,0.34992679355783307,0.26235082922652553,0.38879459673236944,0.20959135673443988,0.39970717423133234,0.05570221692323685,0.07448198180645704,0.0,0.07615355867892504,1.1468630080344155,"[0.6442167162895203, 0.7218155264854431, 0.7423133254051208, 0.7569546103477478]",0.8667,0.37774524158125916,0.39092240117130306,0.40702781844802344,0.4333821376281113,0.43923865300146414,0.43923865300146414,0.36749633967789164
215,0.3689604685212299,0.30239562819774546,0.393587632814192,0.21577413992931888,0.3821376281112738,0.05657992139458656,0.07445400860160589,0.0,0.07615227531641722,0.9936624199617654,"[0.6442167162895203, 0.7218155264854431, 0.7423133254051208, 0.7569546103477478]",1.1009,0.3821376281112738,0.38653001464128844,0.3967789165446559,0.4128843338213763,0.4260614934114202,0.4260614934114202,0.36749633967789164
216,0.4011713030746706,0.34055772867087974,0.43170666635376853,0.2552583966153428,0.42020497803806733,0.0565759539604187,0.07440915424376726,0.0,0.07605719938874245,0.9798018330475315,"[0.6442167162895203, 0.7218155264854431, 0.7423133254051208, 0.7569546103477478]",0.8877,0.3440702781844802,0.3616398243045388,0.38799414348462663,0.4055636896046852,0.4084919472913616,0.4084919472913616,0.3411420204978038
217,0.38799414348462663,0.32197971833661854,0.42866818305330656,0.2521506922154729,0.42313323572474376,0.057220831513404846,0.07436839956790209,0.0,0.07589076645672321,0.9892886790912598,"[0.6442167162895203, 0.7218155264854431, 0.7423133254051208, 0.7569546103477478]",1.2356,0.35724743777452417,0.36749633967789164,0.4128843338213763,0.4158125915080527,0.4465592972181552,0.4465592972181552,0.3484626647144949
218,0.42752562225475843,0.36811930947017735,0.4525656325051215,0.27115506854230637,0.43045387994143486,0.057374827563762665,0.07433573435992002,0.0,0.07593485619872808,1.0703532509505749,"[0.6442167162895203, 0.7218155264854431, 0.7423133254051208, 0.7569546103477478]",0.935,0.38945827232796487,0.40702781844802344,0.4128843338213763,0.43045387994143486,0.4699853587115666,0.4699853587115666,0.37481698389458273
219,0.3718887262079063,0.3033512048407613,0.38192647755783754,0.2305294415236002,0.38945827232796487,0.055602625012397766,0.0743023557588458,0.0,0.07597930543124676,0.8910310750361532,"[0.6442167162895203, 0.7218155264854431, 0.7423133254051208, 0.7569546103477478]",0.9435,0.4216691068814056,0.43191800878477304,0.4377745241581259,0.45241581259150804,0.4568081991215227,0.4568081991215227,0.40995607613469986
220,0.4084919472913616,0.3458397244263426,0.4147169782955752,0.25883182307128677,0.42752562225475843,0.053890325129032135,0.07430253084748983,0.0,0.0761328162625432,0.9063718320103362,"[0.6442167162895203, 0.7218155264854431, 0.7423133254051208, 0.7569546103477478]",0.7792,0.3806734992679356,0.40702781844802344,0.4055636896046852,0.4260614934114202,0.465592972181552,0.465592972181552,0.3718887262079063
221,0.4158125915080527,0.3523650864568382,0.40950424902644167,0.2835815295949195,0.4216691068814056,0.05428026616573334,0.07425905019044876,0.0,0.07614197209477425,1.238197608035989,"[0.6442167162895203, 0.7218155264854431, 0.7423133254051208, 0.7569546103477478]",1.0717,0.4011713030746706,0.41142020497803805,0.3938506588579795,0.40702781844802344,0.43923865300146414,0.43923865300146414,0.3953147877013177
222,0.42020497803806733,0.35814668736028255,0.4110970573796518,0.26462176831674883,0.42752562225475843,0.052613697946071625,0.07421752251684666,0.0,0.07632065284997225,0.9763552880613133,"[0.6442167162895203, 0.7218155264854431, 0.7423133254051208, 0.7569546103477478]",1.1271,0.3718887262079063,0.3821376281112738,0.3923865300146413,0.4143484626647145,0.4494875549048316,0.4494875549048316,0.3733528550512445
223,0.39824304538799415,0.33948328195957556,0.4170460520306074,0.22846173932271682,0.4260614934114202,0.05378226563334465,0.07416120823472738,0.0,0.07616865914314985,1.065236616996117,"[0.6442167162895203, 0.7218155264854431, 0.7423133254051208, 0.7569546103477478]",1.0784,0.3513909224011713,0.3513909224011713,0.38653001464128844,0.40702781844802344,0.4407027818448023,0.4407027818448023,0.34992679355783307
224,0.37920937042459735,0.31073812085265196,0.3976640993726387,0.2432958248940383,0.3938506588579795,0.05279481038451195,0.07413800153881311,0.0,0.07543517742305994,0.9297426029806957,"[0.6442167162895203, 0.7218155264854431, 0.7423133254051208, 0.7569546103477478]",0.8761,0.3528550512445095,0.36603221083455345,0.37920937042459735,0.404099560761347,0.44216691068814057,0.44216691068814057,0.35431918008784774
225,0.38653001464128844,0.3210977180692194,0.41491448232830846,0.23847354997314704,0.4055636896046852,0.05284959822893143,0.07413140870630741,0.0,0.07508856058120728,0.9813241920201108,"[0.6442167162895203, 0.7218155264854431, 0.7423133254051208, 0.7569546103477478]",0.778,0.3279648609077599,0.34260614934114203,0.36603221083455345,0.39970717423133234,0.4055636896046852,0.4055636896046852,0.3206442166910688
226,0.383601756954612,0.3137808006682179,0.38932388759415587,0.24317574589985816,0.40702781844802344,0.05413497984409332,0.07409125939011574,0.0,0.07540849968791008,1.0015252899611369,"[0.6442167162895203, 0.7218155264854431, 0.7423133254051208, 0.7569546103477478]",0.8696,0.34553440702781846,0.36603221083455345,0.38799414348462663,0.42313323572474376,0.43923865300146414,0.43923865300146414,0.3411420204978038
227,0.3923865300146413,0.33048547450272703,0.4026885832207221,0.23285983645459343,0.4158125915080527,0.05428475886583328,0.07433764915913343,0.0,0.07575741410255432,0.9372708200244233,"[0.6442167162895203, 0.7218155264854431, 0.7423133254051208, 0.7569546103477478]",1.0688,0.37920937042459735,0.383601756954612,0.4011713030746706,0.4143484626647145,0.45095168374816985,0.45095168374816985,0.37042459736456806
228,0.42020497803806733,0.35802328479367684,0.4285859610434765,0.27689688177460214,0.43191800878477304,0.05589601770043373,0.07425808440893888,0.0,0.07573831640183926,1.0953260540263727,"[0.6442167162895203, 0.7218155264854431, 0.7423133254051208, 0.7569546103477478]",0.7584,0.3557833089311859,0.363103953147877,0.3850658857979502,0.41874084919472915,0.45241581259150804,0.45241581259150804,0.35724743777452417
229,0.4055636896046852,0.3455615632058039,0.4299533788651721,0.23163025284087346,0.42020497803806733,0.05320461839437485,0.07420896738767624,0.0,0.07567966729402542,0.8695458909496665,"[0.6442167162895203, 0.7218155264854431, 0.7423133254051208, 0.7569546103477478]",1.0971,0.38799414348462663,0.4055636896046852,0.4172767203513909,0.43045387994143486,0.4582723279648609,0.4582723279648609,0.37042459736456806
230,0.424597364568082,0.3648150426897375,0.43369167704710904,0.2812147822093704,0.43045387994143486,0.05443551018834114,0.07416060846298933,0.0,0.07570565491914749,0.8532292919699103,"[0.6442167162895203, 0.7218155264854431, 0.7423133254051208, 0.7569546103477478]",1.008,0.37774524158125916,0.4084919472913616,0.4216691068814056,0.4363103953147877,0.46266471449487556,0.46266471449487556,0.3689604685212299
231,0.4158125915080527,0.3548167912364727,0.4192167721043092,0.24425739407350278,0.424597364568082,0.05415976792573929,0.0741286650300026,0.0,0.07566201034933329,1.078222900046967,"[0.6442167162895203, 0.7218155264854431, 0.7423133254051208, 0.7569546103477478]",0.9278,0.3645680819912152,0.37481698389458273,0.42020497803806733,0.43923865300146414,0.47291361639824303,0.47291361639824303,0.3557833089311859
232,0.3850658857979502,0.32454578847729654,0.4042111012107711,0.24339077933709227,0.404099560761347,0.055563487112522125,0.07409804780036211,0.0,0.07562604174017906,0.9175941169960424,"[0.6442167162895203, 0.7218155264854431, 0.7423133254051208, 0.7569546103477478]",0.8048,0.3718887262079063,0.37774524158125916,0.38945827232796487,0.4172767203513909,0.46412884333821375,0.46412884333821375,0.37042459736456806
233,0.39092240117130306,0.32809769409583545,0.3942096021921833,0.2265590355571892,0.404099560761347,0.05630427226424217,0.07406945992261171,0.0,0.07557747885584831,1.0691001379163936,"[0.6442167162895203, 0.7218155264854431, 0.7423133254051208, 0.7569546103477478]",1.038,0.37481698389458273,0.38653001464128844,0.4216691068814056,0.4333821376281113,0.4612005856515373,0.4612005856515373,0.37481698389458273
234,0.3821376281112738,0.3188561975658749,0.3907490096451096,0.221423067237169,0.3923865300146413,0.055806487798690796,0.074039276689291,0.0,0.07553962711244822,1.0614606180461124,"[0.6442167162895203, 0.7218155264854431, 0.7423133254051208, 0.7569546103477478]",0.8841,0.37774524158125916,0.39824304538799415,0.4143484626647145,0.4480234260614934,0.47291361639824303,0.47291361639824303,0.37481698389458273
235,0.40702781844802344,0.3438767522948837,0.4039671513686422,0.23477094272176066,0.40995607613469986,0.056703731417655945,0.07401216682046652,0.0,0.07549032103270292,1.0379947789479047,"[0.6442167162895203, 0.7218155264854431, 0.7423133254051208, 0.7569546103477478]",0.9654,0.37920937042459735,0.38945827232796487,0.4128843338213763,0.44216691068814057,0.45534407027818447,0.45534407027818447,0.3821376281112738
236,0.40702781844802344,0.34474402342306487,0.4057597317580942,0.2416148867125999,0.4158125915080527,0.05578746274113655,0.07398620247840881,0.0,0.07545849680900574,1.0092126899398863,"[0.6442167162895203, 0.7218155264854431, 0.7423133254051208, 0.7569546103477478]",1.1791,0.38945827232796487,0.39970717423133234,0.40702781844802344,0.424597364568082,0.4699853587115666,0.4699853587115666,0.3733528550512445
237,0.3938506588579795,0.33340248522467686,0.4062134316990091,0.2195102259088212,0.4011713030746706,0.055003806948661804,0.07396088540554047,0.0,0.07541659567505121,0.9045357119757682,"[0.6442167162895203, 0.7218155264854431, 0.7423133254051208, 0.7569546103477478]",0.8794,0.39970717423133234,0.4158125915080527,0.4260614934114202,0.45241581259150804,0.46266471449487556,0.46266471449487556,0.40263543191800877
238,0.3821376281112738,0.32093439668272683,0.38849206021686694,0.18172901521695656,0.3938506588579795,0.05351141840219498,0.07393393013626337,0.0,0.07551739551126957,1.0164570999331772,"[0.6442167162895203, 0.7218155264854431, 0.7423133254051208, 0.7569546103477478]",0.7713,0.38653001464128844,0.4055636896046852,0.4158125915080527,0.43191800878477304,0.45241581259150804,0.45241581259150804,0.3850658857979502
239,0.4011713030746706,0.3378410090240429,0.4001410358304789,0.24234402488764384,0.40263543191800877,0.05576609447598457,0.07387884426862001,0.0,0.07557329721748829,1.0507541550323367,"[0.6442167162895203, 0.7218155264854431, 0.7423133254051208, 0.7569546103477478]",1.0268,0.383601756954612,0.3806734992679356,0.4084919472913616,0.4333821376281113,0.45095168374816985,0.45095168374816985,0.3806734992679356
240,0.38653001464128844,0.32085604645699006,0.38130268494185593,0.21119439804010035,0.38945827232796487,0.05344543606042862,0.07383888121694326,0.0,0.07569867186248302,0.9046021760441363,"[0.6442167162895203, 0.7218155264854431, 0.7423133254051208, 0.7569546103477478]",0.9014,0.39092240117130306,0.4011713030746706,0.40995607613469986,0.43484626647144947,0.4480234260614934,0.4480234260614934,0.38799414348462663
241,0.4055636896046852,0.3411377276809687,0.39490351031662446,0.24404432747527732,0.4055636896046852,0.05369056016206741,0.07381066400557756,0.0,0.07561552245169878,0.9742337679490447,"[0.6442167162895203, 0.7218155264854431, 0.7423133254051208, 0.7569546103477478]",1.2058,0.38945827232796487,0.40263543191800877,0.4172767203513909,0.44363103953147875,0.4612005856515373,0.4612005856515373,0.38945827232796487
242,0.4055636896046852,0.3424984291455738,0.4027493401247874,0.2512350735770624,0.4158125915080527,0.05417405813932419,0.07378692738711834,0.0,0.07557330001145601,1.205450758105144,"[0.6442167162895203, 0.7218155264854431, 0.7423133254051208, 0.7569546103477478]",0.8506,0.3938506588579795,0.4260614934114202,0.4612005856515373,0.45241581259150804,0.47584187408491946,0.47584187408491946,0.383601756954612
243,0.3733528550512445,0.30725790971631417,0.3797918964023106,0.21738052176423847,0.37920937042459735,0.053552206605672836,0.0737637085840106,0.0,0.07551322132349014,1.1709095609840006,"[0.6442167162895203, 0.7218155264854431, 0.7423133254051208, 0.7569546103477478]",1.1695,0.3938506588579795,0.404099560761347,0.4055636896046852,0.40995607613469986,0.4494875549048316,0.4494875549048316,0.37774524158125916
244,0.35431918008784774,0.28418278348408443,0.3630762171228425,0.20876757707034355,0.3645680819912152,0.053300898522138596,0.07374285347759724,0.0,0.07550094928592443,1.1281867698999122,"[0.6442167162895203, 0.7218155264854431, 0.7423133254051208, 0.7569546103477478]",1.2303,0.33528550512445093,0.3411420204978038,0.35431918008784774,0.37042459736456806,0.4143484626647145,0.4143484626647145,0.3323572474377745
245,0.3513909224011713,0.281834192562211,0.35933071239550435,0.21514076436494614,0.36603221083455345,0.05331677570939064,0.07371859066188335,0.0,0.07553398795425892,1.3165144409285858,"[0.6442167162895203, 0.7218155264854431, 0.7423133254051208, 0.7569546103477478]",1.0977,0.40263543191800877,0.4143484626647145,0.42020497803806733,0.4333821376281113,0.45973645680819913,0.45973645680819913,0.3938506588579795
246,0.39824304538799415,0.33401897495391486,0.3903522820399516,0.23873709994562692,0.4128843338213763,0.05342412739992142,0.07369863707572222,0.0,0.07548552006483078,1.0181175180478022,"[0.6442167162895203, 0.7218155264854431, 0.7423133254051208, 0.7569546103477478]",0.7925,0.3850658857979502,0.39092240117130306,0.4011713030746706,0.42313323572474376,0.4480234260614934,0.4480234260614934,0.3806734992679356
247,0.4128843338213763,0.35259898357168173,0.4032729688498546,0.2329558078600976,0.4172767203513909,0.05358854681253433,0.07367949467152357,0.0,0.07544365618377924,1.0964161560405046,"[0.6442167162895203, 0.7218155264854431, 0.7423133254051208, 0.7569546103477478]",1.0377,0.3850658857979502,0.404099560761347,0.42752562225475843,0.44363103953147875,0.4699853587115666,0.4699853587115666,0.3762811127379209
248,0.4011713030746706,0.3341334464774365,0.39836623908946833,0.24069303574352444,0.40995607613469986,0.054251089692115784,0.07366071175783873,0.0,0.07538368087261915,1.1430390659952536,"[0.6442167162895203, 0.7218155264854431, 0.7423133254051208, 0.7569546103477478]",1.206,0.32503660322108346,0.3279648609077599,0.3645680819912152,0.3821376281112738,0.42313323572474376,0.42313323572474376,0.3162518301610542
249,0.4084919472913616,0.34919856222345913,0.4272768613398903,0.25162313874468073,0.4289897510980966,0.05385909974575043,0.07364185806363821,0.0,0.07533179875463247,1.2413352289004251,"[0.6442167162895203, 0.7218155264854431, 0.7423133254051208, 0.7569546103477478]",1.1334,0.36749633967789164,0.3953147877013177,0.42752562225475843,0.445095168374817,0.4685212298682284,0.4685212298682284,0.3601756954612006
250,0.42020497803806733,0.36108663556369214,0.43122933091620513,0.2705946340084272,0.43484626647144947,0.0533759742975235,0.07362312357872725,0.0,0.07533021084964275,0.9611354640219361,"[0.6442167162895203, 0.7218155264854431, 0.7423133254051208, 0.7569546103477478]",0.9247,0.3616398243045388,0.3923865300146413,0.39824304538799415,0.424597364568082,0.4494875549048316,0.4494875549048316,0.3645680819912152
251,0.424597364568082,0.3650614550512362,0.42618200533320644,0.2632453895544752,0.43045387994143486,0.05462345480918884,0.07360389269888401,0.0,0.07524955738335848,0.8336556549184024,"[0.6442167162895203, 0.7218155264854431, 0.7423133254051208, 0.7569546103477478]",0.9575,0.3953147877013177,0.40995607613469986,0.4143484626647145,0.4333821376281113,0.45241581259150804,0.45241581259150804,0.38945827232796487
252,0.40995607613469986,0.3516657715970867,0.42537757728007003,0.24504789355484144,0.4260614934114202,0.0536666065454483,0.07358383201062679,0.0,0.07528672181069851,0.972009384073317,"[0.6442167162895203, 0.7218155264854431, 0.7423133254051208, 0.7569546103477478]",1.0399,0.37774524158125916,0.383601756954612,0.383601756954612,0.40263543191800877,0.4260614934114202,0.4260614934114202,0.37481698389458273
253,0.41142020497803805,0.3520229958841521,0.4071352896773786,0.24147850150744885,0.4260614934114202,0.05402117967605591,0.07355914451181889,0.0,0.07541095186024904,0.9305556199979037,"[0.6442167162895203, 0.7218155264854431, 0.7423133254051208, 0.7569546103477478]",1.0076,0.40263543191800877,0.40702781844802344,0.40263543191800877,0.42752562225475843,0.45241581259150804,0.45241581259150804,0.3923865300146413
254,0.4216691068814056,0.36356752268212933,0.41862407730492107,0.25225519445550043,0.43191800878477304,0.05477239936590195,0.0735279368236661,0.0,0.07548406161367893,1.0699061750201508,"[0.6442167162895203, 0.7218155264854431, 0.7423133254051208, 0.7569546103477478]",1.0514,0.41142020497803805,0.4158125915080527,0.4289897510980966,0.4289897510980966,0.4685212298682284,0.4685212298682284,0.4084919472913616
255,0.39970717423133234,0.339043698692863,0.40274262868188143,0.23448512439374036,0.39970717423133234,0.054852645844221115,0.07350677903741598,0.0,0.07530934829264879,0.9503416640218347,"[0.6442167162895203, 0.7218155264854431, 0.7423133254051208, 0.7569546103477478]",0.9784,0.3938506588579795,0.4055636896046852,0.42313323572474376,0.43484626647144947,0.4787701317715959,0.4787701317715959,0.38799414348462663
256,0.3938506588579795,0.33182256418012024,0.3863612558725404,0.2014584527385918,0.40263543191800877,0.054608359932899475,0.07350104674696922,0.0,0.07528359722346067,0.9310767489951104,"[0.6442167162895203, 0.7218155264854431, 0.7423133254051208, 0.7569546103477478]",1.1356,0.37920937042459735,0.40702781844802344,0.41142020497803805,0.424597364568082,0.45241581259150804,0.45241581259150804,0.3806734992679356
257,0.38799414348462663,0.325449630938767,0.4100791201690501,0.229895389752106,0.39970717423133234,0.05316070094704628,0.07350230030715466,0.0,0.0752089861780405,1.011436066008173,"[0.6442167162895203, 0.7218155264854431, 0.7423133254051208, 0.7569546103477478]",0.9165,0.3850658857979502,0.40702781844802344,0.4172767203513909,0.43191800878477304,0.46412884333821375,0.46412884333821375,0.37920937042459735
258,0.4143484626647145,0.3525744172103351,0.41848857842060555,0.2520531591963755,0.4172767203513909,0.05494984984397888,0.0734844347462058,0.0,0.0750915426760912,1.0696706409798935,"[0.6442167162895203, 0.7218155264854431, 0.7423133254051208, 0.7569546103477478]",1.0897,0.4143484626647145,0.43191800878477304,0.42020497803806733,0.4289897510980966,0.47584187408491946,0.47584187408491946,0.4055636896046852
259,0.4216691068814056,0.3603504279583659,0.41700706269370563,0.25125952481027924,0.42313323572474376,0.056485772132873535,0.0734789865091443,0.0,0.07511400803923607,0.8932653460651636,"[0.6442167162895203, 0.7218155264854431, 0.7423133254051208, 0.7569546103477478]",0.9193,0.3821376281112738,0.38799414348462663,0.3806734992679356,0.3938506588579795,0.43045387994143486,0.43045387994143486,0.37481698389458273
260,0.4128843338213763,0.3482390176574176,0.4201752681261073,0.26776090264072844,0.42752562225475843,0.05715462937951088,0.07345843594521284,0.0,0.07513043563812971,1.1235427600331604,"[0.6442167162895203, 0.7218155264854431, 0.7423133254051208, 0.7569546103477478]",1.011,0.4216691068814056,0.42313323572474376,0.43191800878477304,0.4289897510980966,0.4612005856515373,0.4612005856515373,0.4172767203513909
261,0.424597364568082,0.35984784345524146,0.41447514265705243,0.25222607631951466,0.4260614934114202,0.05614246055483818,0.0734404306858778,0.0,0.07514783926308155,0.9489786970661953,"[0.6442167162895203, 0.7218155264854431, 0.7423133254051208, 0.7569546103477478]",0.7802,0.4143484626647145,0.42020497803806733,0.42313323572474376,0.4377745241581259,0.45241581259150804,0.45241581259150804,0.40702781844802344
262,0.3923865300146413,0.32483516588219596,0.3933227869314959,0.2303634171719963,0.3938506588579795,0.054883621633052826,0.07341625168919563,0.0,0.07519546989351511,0.9779311639722437,"[0.6442167162895203, 0.7218155264854431, 0.7423133254051208, 0.7569546103477478]",0.9,0.4055636896046852,0.4260614934114202,0.42313323572474376,0.4377745241581259,0.4685212298682284,0.4685212298682284,0.40702781844802344
263,0.4055636896046852,0.3385650598587434,0.4195376960202539,0.26946724337829703,0.4128843338213763,0.05449745059013367,0.07339699659496546,0.0,0.07511298637837172,0.8853407300775871,"[0.6442167162895203, 0.7218155264854431, 0.7423133254051208, 0.7569546103477478]",0.9093,0.40995607613469986,0.424597364568082,0.42020497803806733,0.4377745241581259,0.4612005856515373,0.4612005856515373,0.404099560761347
264,0.383601756954612,0.3213075209124039,0.4122503596027363,0.23595165738959165,0.3938506588579795,0.05441636964678764,0.07338468451052904,0.0,0.07486581895500422,1.0067572310799733,"[0.6442167162895203, 0.7218155264854431, 0.7423133254051208, 0.7569546103477478]",0.8602,0.40702781844802344,0.4172767203513909,0.42752562225475843,0.4363103953147877,0.47291361639824303,0.47291361639824303,0.404099560761347
265,0.4158125915080527,0.35467012084084204,0.43085295329382434,0.25354005758417864,0.4260614934114202,0.055990301072597504,0.07338565960526466,0.0,0.07507025264203548,1.0465409790631384,"[0.6442167162895203, 0.7218155264854431, 0.7423133254051208, 0.7569546103477478]",0.9193,0.41874084919472915,0.43484626647144947,0.45095168374816985,0.46266471449487556,0.47291361639824303,0.47291361639824303,0.4172767203513909
266,0.37920937042459735,0.3141092292279015,0.3994546388704286,0.22085898942947946,0.3938506588579795,0.0558587908744812,0.0733612272888422,0.0,0.075060592032969,1.2236374899512157,"[0.6442167162895203, 0.7218155264854431, 0.7423133254051208, 0.7569546103477478]",0.9476,0.38653001464128844,0.3923865300146413,0.4172767203513909,0.41874084919472915,0.45241581259150804,0.45241581259150804,0.3850658857979502
267,0.39092240117130306,0.3274647137213502,0.39891179294402274,0.2192701401394784,0.3967789165446559,0.05591358244419098,0.07334716338664293,0.0,0.0750111285597086,0.9086408820003271,"[0.6442167162895203, 0.7218155264854431, 0.7423133254051208, 0.7569546103477478]",0.8557,0.39824304538799415,0.4128843338213763,0.424597364568082,0.43045387994143486,0.45534407027818447,0.45534407027818447,0.38653001464128844
268,0.4011713030746706,0.33978001096636357,0.410605457234556,0.22965420838676365,0.40702781844802344,0.055472783744335175,0.07333305664360523,0.0,0.07500831503421068,0.8835253360448405,"[0.6442167162895203, 0.7218155264854431, 0.7423133254051208, 0.7569546103477478]",0.9725,0.445095168374817,0.44216691068814057,0.43484626647144947,0.4216691068814056,0.46412884333821375,0.46412884333821375,0.45534407027818447
269,0.404099560761347,0.3429339296182138,0.4119466602534524,0.23338919610087583,0.4128843338213763,0.055174440145492554,0.07331785000860691,0.0,0.0749486181885004,1.1033144620014355,"[0.6442167162895203, 0.7218155264854431, 0.7423133254051208, 0.7569546103477478]",0.8415,0.4289897510980966,0.44363103953147875,0.44216691068814057,0.45241581259150804,0.4670571010248902,0.4670571010248902,0.42020497803806733
270,0.4011713030746706,0.3343809569195577,0.4187897091842719,0.2518091550824547,0.4055636896046852,0.05555403605103493,0.07330397237092257,0.0,0.07487322296947241,1.2108945850050077,"[0.6442167162895203, 0.7218155264854431, 0.7423133254051208, 0.7569546103477478]",0.9419,0.41142020497803805,0.4289897510980966,0.4538799414348463,0.4612005856515373,0.465592972181552,0.465592972181552,0.40995607613469986
271,0.38799414348462663,0.32490411308744027,0.4225308372562872,0.25389384319865943,0.40995607613469986,0.05843159928917885,0.0732900919392705,0.0,0.07489550858736038,0.9744156799279153,"[0.6442167162895203, 0.7218155264854431, 0.7423133254051208, 0.7569546103477478]",1.0272,0.3762811127379209,0.3938506588579795,0.4055636896046852,0.4260614934114202,0.4465592972181552,0.4465592972181552,0.3689604685212299
272,0.3689604685212299,0.30746030588406903,0.40809846243154224,0.22269988868712084,0.38799414348462663,0.05498900264501572,0.07328217756003141,0.0,0.07481686025857925,1.003958735964261,"[0.6442167162895203, 0.7218155264854431, 0.7423133254051208, 0.7569546103477478]",0.9908,0.39824304538799415,0.4158125915080527,0.424597364568082,0.4289897510980966,0.45534407027818447,0.45534407027818447,0.39824304538799415
273,0.3938506588579795,0.32513747279184335,0.3892491887120708,0.23156605697043206,0.404099560761347,0.05534292384982109,0.07326791249215603,0.0,0.0747132059186697,0.8694457869278267,"[0.6442167162895203, 0.7218155264854431, 0.7423133254051208, 0.7569546103477478]",0.8974,0.37042459736456806,0.3689604685212299,0.37920937042459735,0.3923865300146413,0.46412884333821375,0.46412884333821375,0.37481698389458273
274,0.37481698389458273,0.3140715513774264,0.38934727896576465,0.18421732863625298,0.38799414348462663,0.056961748749017715,0.07325488701462746,0.0,0.07476437650620937,0.8706508780596778,"[0.6442167162895203, 0.7218155264854431, 0.7423133254051208, 0.7569546103477478]",0.828,0.37774524158125916,0.37481698389458273,0.39970717423133234,0.4172767203513909,0.46266471449487556,0.46266471449487556,0.3821376281112738
275,0.34992679355783307,0.28058530197425546,0.37851010437764104,0.2134351186070017,0.3733528550512445,0.057063594460487366,0.07325583416968584,0.0,0.07510798797011375,1.0661388579756021,"[0.6442167162895203, 0.7218155264854431, 0.7423133254051208, 0.7569546103477478]",0.9059,0.3938506588579795,0.3938506588579795,0.38799414348462663,0.4128843338213763,0.44216691068814057,0.44216691068814057,0.3938506588579795
276,0.42752562225475843,0.36430179912114913,0.4627280760658481,0.34624411384208104,0.43191800878477304,0.057631637901067734,0.07333831302821636,0.0,0.07512352243065834,0.9035492619732395,"[0.6442167162895203, 0.7218155264854431, 0.7423133254051208, 0.7569546103477478]",1.0443,0.4055636896046852,0.4172767203513909,0.41142020497803805,0.43923865300146414,0.4743777452415813,0.4743777452415813,0.4055636896046852
277,0.43923865300146414,0.37644156277561913,0.451711661765003,0.3172871562502552,0.4465592972181552,0.055690959095954895,0.07330522872507572,0.0,0.0750884423032403,0.898813694017008,"[0.6442167162895203, 0.7218155264854431, 0.7423133254051208, 0.7569546103477478]",0.8261,0.40702781844802344,0.4011713030746706,0.39970717423133234,0.4128843338213763,0.46266471449487556,0.46266471449487556,0.4011713030746706
278,0.4084919472913616,0.35015649544408667,0.44618351165546766,0.2581616196988488,0.4216691068814056,0.05534607544541359,0.07327480614185333,0.0,0.0751698762178421,0.9814897839678451,"[0.6442167162895203, 0.7218155264854431, 0.7423133254051208, 0.7569546103477478]",1.0575,0.4143484626647145,0.4260614934114202,0.45534407027818447,0.46412884333821375,0.48316251830161056,0.48316251830161056,0.4055636896046852
279,0.41874084919472915,0.36316044117094437,0.44802701457043903,0.26508277573179184,0.4407027818448023,0.05414251983165741,0.07325072679668665,0.0,0.07506139576435089,0.9546865749871358,"[0.6442167162895203, 0.7218155264854431, 0.7423133254051208, 0.7569546103477478]",1.1521,0.4158125915080527,0.4260614934114202,0.4465592972181552,0.4582723279648609,0.48462664714494874,0.48462664714494874,0.41142020497803805
280,0.42752562225475843,0.3637853690146349,0.43737626809914787,0.2882990083811594,0.43484626647144947,0.05467057228088379,0.07322018221020699,0.0,0.07507381401956081,0.8587247559335083,"[0.6442167162895203, 0.7218155264854431, 0.7423133254051208, 0.7569546103477478]",0.8019,0.44216691068814057,0.4377745241581259,0.43923865300146414,0.45095168374816985,0.48755490483162517,0.48755490483162517,0.4363103953147877
281,0.4084919472913616,0.3508520989582843,0.43296603370857667,0.26115465063248666,0.4289897510980966,0.052914950996637344,0.07319969218224287,0.0,0.07503890991210938,0.7875382390338928,"[0.6442167162895203, 0.7218155264854431, 0.7423133254051208, 0.7569546103477478]",0.8909,0.4216691068814056,0.4407027818448023,0.4612005856515373,0.45534407027818447,0.4890190336749634,0.4890190336749634,0.4172767203513909
282,0.4158125915080527,0.35564057154071493,0.42168878850923336,0.250960286110977,0.42313323572474376,0.05543329939246178,0.07317177578806877,0.0,0.07515214197337627,0.8864738210104406,"[0.6442167162895203, 0.7218155264854431, 0.7423133254051208, 0.7569546103477478]",0.989,0.3557833089311859,0.36749633967789164,0.38799414348462663,0.39092240117130306,0.445095168374817,0.445095168374817,0.35871156661786235
283,0.404099560761347,0.34414467552996963,0.4110415231463862,0.2523786442921828,0.4128843338213763,0.05447595939040184,0.07315039541572332,0.0,0.07504893187433481,1.1307060749968514,"[0.6442167162895203, 0.7218155264854431, 0.7423133254051208, 0.7569546103477478]",0.8888,0.3821376281112738,0.38799414348462663,0.4084919472913616,0.4172767203513909,0.46266471449487556,0.46266471449487556,0.3733528550512445
284,0.43045387994143486,0.3717825036295108,0.4471340395648049,0.261055259687709,0.4377745241581259,0.054969422519207,0.07312691304832697,0.0,0.07488749921321869,0.7977775919716805,"[0.6442167162895203, 0.7218155264854431, 0.7423133254051208, 0.7569546103477478]",1.0375,0.42020497803806733,0.424597364568082,0.4494875549048316,0.4480234260614934,0.4787701317715959,0.4787701317715959,0.4172767203513909
285,0.41142020497803805,0.34955616991336613,0.42765071845589187,0.2944191236075308,0.43191800878477304,0.05464997887611389,0.07310528587549925,0.0,0.07491924241185188,0.936729263048619,"[0.6442167162895203, 0.7218155264854431, 0.7423133254051208, 0.7569546103477478]",1.1998,0.40995607613469986,0.4084919472913616,0.42752562225475843,0.4377745241581259,0.4787701317715959,0.4787701317715959,0.4011713030746706
286,0.43045387994143486,0.36909132357201546,0.42021379733222475,0.2678561003107594,0.4377745241581259,0.055635686963796616,0.07309270184487104,0.0,0.07488298881798983,0.8675899249501526,"[0.6442167162895203, 0.7218155264854431, 0.7423133254051208, 0.7569546103477478]",1.0283,0.42020497803806733,0.41874084919472915,0.4216691068814056,0.4143484626647145,0.4568081991215227,0.4568081991215227,0.4172767203513909
287,0.39092240117130306,0.32349026526758906,0.43288518759523037,0.3263243839695475,0.4143484626647145,0.05525371432304382,0.07307319156825542,0.0,0.07484715431928635,0.8116978469770402,"[0.6442167162895203, 0.7218155264854431, 0.7423133254051208, 0.7569546103477478]",0.8871,0.39092240117130306,0.3967789165446559,0.42752562225475843,0.4363103953147877,0.47584187408491946,0.47584187408491946,0.38653001464128844
288,0.42313323572474376,0.36165195938893624,0.44925145036338826,0.33632300574804697,0.43923865300146414,0.05698804557323456,0.07305030338466167,0.0,0.07478446047753096,0.8813639039872214,"[0.6442167162895203, 0.7218155264854431, 0.7423133254051208, 0.7569546103477478]",0.8488,0.4084919472913616,0.41874084919472915,0.4289897510980966,0.45241581259150804,0.4802342606149341,0.4802342606149341,0.40263543191800877
289,0.41874084919472915,0.3586338703458847,0.4229384199267064,0.28327455844432375,0.4260614934114202,0.05511024221777916,0.07302791345864534,0.0,0.07478751987218857,1.0465810949681327,"[0.6442167162895203, 0.7218155264854431, 0.7423133254051208, 0.7569546103477478]",0.9961,0.4172767203513909,0.42020497803806733,0.41874084919472915,0.42020497803806733,0.45534407027818447,0.45534407027818447,0.40995607613469986
290,0.40995607613469986,0.34881591710236814,0.4260841244312116,0.2572123192347488,0.42752562225475843,0.05496898666024208,0.07301382720470428,0.0,0.07485164795070887,0.9947318759514019,"[0.6442167162895203, 0.7218155264854431, 0.7423133254051208, 0.7569546103477478]",0.9687,0.40702781844802344,0.4172767203513909,0.42020497803806733,0.4377745241581259,0.4802342606149341,0.4802342606149341,0.4172767203513909
291,0.42313323572474376,0.3631611206955715,0.42891198714569656,0.26149507013022383,0.43191800878477304,0.05529491603374481,0.07299383450299501,0.0,0.0747514609247446,0.968731653993018,"[0.6442167162895203, 0.7218155264854431, 0.7423133254051208, 0.7569546103477478]",0.8692,0.3967789165446559,0.404099560761347,0.4260614934114202,0.4333821376281113,0.4743777452415813,0.4743777452415813,0.4011713030746706
292,0.4260614934114202,0.36375885496745564,0.44270358776233426,0.30328817701513955,0.43191800878477304,0.05883007496595383,0.07297595217823982,0.0,0.07468365784734488,0.9926970370579511,"[0.6442167162895203, 0.7218155264854431, 0.7423133254051208, 0.7569546103477478]",1.0819,0.38945827232796487,0.3938506588579795,0.40995607613469986,0.4363103953147877,0.4787701317715959,0.4787701317715959,0.3850658857979502
293,0.43484626647144947,0.3741857991986175,0.4388372600715704,0.31260496578377156,0.43484626647144947,0.05729597061872482,0.07296072132885456,0.0,0.07467424590140581,0.987903437926434,"[0.6442167162895203, 0.7218155264854431, 0.7423133254051208, 0.7569546103477478]",1.0389,0.3953147877013177,0.40702781844802344,0.40263543191800877,0.4216691068814056,0.46266471449487556,0.46266471449487556,0.3850658857979502
294,0.39970717423133234,0.3395986133056623,0.41310901309880227,0.2356173629817203,0.4172767203513909,0.056529127061367035,0.07294637151062489,0.0,0.07467751950025558,0.9580372619675472,"[0.6442167162895203, 0.7218155264854431, 0.7423133254051208, 0.7569546103477478]",0.8602,0.35724743777452417,0.37042459736456806,0.37920937042459735,0.4055636896046852,0.4363103953147877,0.4363103953147877,0.34699853587115664
295,0.38945827232796487,0.32566288708367575,0.41172369069810644,0.255847036478413,0.40263543191800877,0.05486787110567093,0.07292373571544886,0.0,0.07467786408960819,0.8390882760286331,"[0.6442167162895203, 0.7218155264854431, 0.7423133254051208, 0.7569546103477478]",0.8653,0.3689604685212299,0.37774524158125916,0.3953147877013177,0.4143484626647145,0.44216691068814057,0.44216691068814057,0.3689604685212299
296,0.3762811127379209,0.3105326015867148,0.38624081500340274,0.2238142657538871,0.4011713030746706,0.05508008971810341,0.07290678285062313,0.0,0.07464806828647852,1.1036626449786127,"[0.6442167162895203, 0.7218155264854431, 0.7423133254051208, 0.7569546103477478]",0.817,0.37920937042459735,0.38653001464128844,0.3850658857979502,0.38799414348462663,0.4465592972181552,0.4465592972181552,0.3718887262079063
297,0.383601756954612,0.3174004800034185,0.4103682559627476,0.2705530235167117,0.4128843338213763,0.055231377482414246,0.07289063651114702,0.0,0.07459555752575397,1.0639153179945424,"[0.6442167162895203, 0.7218155264854431, 0.7423133254051208, 0.7569546103477478]",1.0106,0.3718887262079063,0.38799414348462663,0.39092240117130306,0.4158125915080527,0.46266471449487556,0.46266471449487556,0.3733528550512445
298,0.38945827232796487,0.3270776973147941,0.38628357639721034,0.2181094279289853,0.4055636896046852,0.054279111325740814,0.0728746298700571,0.0,0.07458103634417057,1.0949296749895439,"[0.6442167162895203, 0.7218155264854431, 0.7423133254051208, 0.7569546103477478]",1.0247,0.41874084919472915,0.424597364568082,0.4289897510980966,0.4333821376281113,0.46266471449487556,0.46266471449487556,0.4084919472913616
299,0.3821376281112738,0.3133961432638136,0.3977529083429638,0.23355078785974673,0.4011713030746706,0.053851284086704254,0.07285741437226534,0.0,0.07455285359174013,0.9117096250411123,"[0.6442167162895203, 0.7218155264854431, 0.7423133254051208, 0.7569546103477478]",1.1222,0.4216691068814056,0.4158125915080527,0.4172767203513909,0.4260614934114202,0.46266471449487556,0.46266471449487556,0.4143484626647145
300,0.3923865300146413,0.3255516796664938,0.3992452986317655,0.21635428353683805,0.404099560761347,0.055752627551555634,0.07283803913742304,0.0,0.07458110339939594,1.0229182050097734,"[0.6442167162895203, 0.7218155264854431, 0.7423133254051208, 0.7569546103477478]",,,,,,,,
