round,ACC,Kappa,NMI,ARI,PURITY,alignment_loss,mean_reconstruction_loss,mean_consensus_loss,mean_local_total_loss,round_seconds,observed_rates,completion_eval_seconds,C025_ACC,C050_ACC,C075_ACC,C100_ACC,D0_ACC,E0_ACC,G0_ACC
1,0.38765294771968856,0.2496964064530115,0.17667930083759986,0.15392512021417923,0.43437152391546163,0.11038035154342651,0.29170824587345123,0.0,0.27197568118572235,1.6719502049963921,"[0.7408230900764465, 0.7764182090759277]",0.5307,0.37374860956618466,0.3804226918798665,0.3982202447163515,0.40600667408231367,0.4271412680756396,0.4271412680756396,0.36763070077864296
2,0.3325917686318131,0.22663756162866344,0.17760762105166253,0.12030823870274383,0.41156840934371525,0.07883517444133759,0.2674073278903961,0.0,0.25091155618429184,0.44915528304409236,"[0.7408230900764465, 0.7764182090759277]",0.8061,0.3553948832035595,0.3531701890989989,0.3476084538375973,0.3870967741935484,0.3743047830923248,0.3743047830923248,0.3553948832035595
3,0.38264738598442716,0.2676259768968505,0.2131665509167219,0.13745690074065794,0.43270300333704115,0.07353918254375458,0.2472192347049713,0.0,0.23381435871124268,0.5900784339755774,"[0.7408230900764465, 0.7764182090759277]",0.5538,0.3203559510567297,0.3225806451612903,0.3398220244716352,0.3492769744160178,0.3459399332591769,0.3459399332591769,0.3203559510567297
4,0.3281423804226919,0.20276552838461936,0.19292712800701955,0.09195957860798712,0.4221357063403782,0.07336662709712982,0.23079071193933487,0.0,0.21995387226343155,0.41909361502621323,"[0.7408230900764465, 0.7764182090759277]",0.5024,0.3437152391546162,0.3503893214682981,0.39988876529477196,0.40989988876529476,0.42936596218020023,0.42936596218020023,0.3420467185761958
5,0.43993325917686316,0.288937324991851,0.20301489847624232,0.19904927793779661,0.44382647385984425,0.06869684904813766,0.2173347920179367,0.0,0.2082519382238388,0.4764646850526333,"[0.7408230900764465, 0.7764182090759277]",0.5245,0.3448275862068966,0.3437152391546162,0.37374860956618466,0.42046718576195774,0.43548387096774194,0.43548387096774194,0.3448275862068966
6,0.3442714126807564,0.20258127130056658,0.1722422061883416,0.08784600011016132,0.41434927697441604,0.06845270097255707,0.2058245688676834,0.0,0.19801412522792816,0.4386036720825359,"[0.7408230900764465, 0.7764182090759277]",0.5551,0.35372636262513907,0.3526140155728587,0.3832035595105673,0.41879866518353726,0.43548387096774194,0.43548387096774194,0.3492769744160178
7,0.43159065628476084,0.2870759637663278,0.17324458531096637,0.1778607267192436,0.43159065628476084,0.07082758843898773,0.19566693156957626,0.0,0.18871843814849854,0.4887129539856687,"[0.7408230900764465, 0.7764182090759277]",0.5243,0.332035595105673,0.3353726362625139,0.3309232480533927,0.3654060066740823,0.3670745272525028,0.3670745272525028,0.332035595105673
8,0.39488320355951056,0.24896927461273177,0.17139163067919733,0.13819093280384903,0.41601779755283647,0.06931459903717041,0.18643110990524292,0.0,0.1801781952381134,0.4696561760501936,"[0.7408230900764465, 0.7764182090759277]",0.7341,0.3259176863181313,0.349833147942158,0.41657397107897665,0.41657397107897665,0.42491657397107896,0.42491657397107896,0.32146829810901
9,0.3592880978865406,0.24004894398042242,0.16871967734913815,0.11315028048488175,0.40044493882091214,0.06705190241336823,0.17789310961961746,0.0,0.1721818521618843,0.5782823510235175,"[0.7408230900764465, 0.7764182090759277]",0.771,0.3387096774193548,0.3375973303670745,0.3409343715239155,0.3882091212458287,0.39043381535038935,0.39043381535038935,0.3387096774193548
10,0.3759733036707453,0.20714972086140926,0.14784975166612238,0.12003030427407822,0.40044493882091214,0.06587665528059006,0.16988949477672577,0.0,0.1646576076745987,0.5731982400175184,"[0.7408230900764465, 0.7764182090759277]",0.5562,0.27363737486095663,0.2803114571746385,0.3242491657397108,0.3375973303670745,0.3509454949944383,0.3509454949944383,0.27363737486095663
11,0.371523915461624,0.21042772934724485,0.13172768553720168,0.12460583758611246,0.40656284760845385,0.06585224717855453,0.16238394379615784,0.0,0.1575523316860199,0.4317640319932252,"[0.7408230900764465, 0.7764182090759277]",0.5401,0.3242491657397108,0.3248053392658509,0.38654060066740825,0.40044493882091214,0.41156840934371525,0.41156840934371525,0.3220244716351502
12,0.35372636262513907,0.2205659831136234,0.1531598751349594,0.10294845294121828,0.40433815350389324,0.06406524032354355,0.15529628843069077,0.0,0.15087783336639404,0.4891500249505043,"[0.7408230900764465, 0.7764182090759277]",0.5435,0.27085650723025584,0.2814238042269188,0.2803114571746385,0.3192436040044494,0.3014460511679644,0.3014460511679644,0.27085650723025584
13,0.37486095661846497,0.20580230020207124,0.1255728258758965,0.11483788161237836,0.3843159065628476,0.06354881823062897,0.1486855447292328,0.0,0.14467211812734604,0.48103081504814327,"[0.7408230900764465, 0.7764182090759277]",0.5989,0.3192436040044494,0.3153503893214683,0.3103448275862069,0.38153503893214685,0.37263626251390436,0.37263626251390436,0.3186874304783092
14,0.3592880978865406,0.2064349655091825,0.128798205934151,0.09371821511069058,0.38375973303670746,0.06415905803442001,0.14256561174988747,0.0,0.13896248117089272,0.4538214950589463,"[0.7408230900764465, 0.7764182090759277]",0.5346,0.29977753058954393,0.3014460511679644,0.35873192436040047,0.3437152391546162,0.36262513904338156,0.36262513904338156,0.2986651835372636
15,0.3781979977753059,0.24016787517997296,0.14489815504436565,0.14447490498348936,0.41713014460511677,0.07079483568668365,0.1369127668440342,0.0,0.13362038135528564,0.4334297290770337,"[0.7408230900764465, 0.7764182090759277]",0.5375,0.278642936596218,0.27697441601779754,0.26195773081201335,0.314238042269188,0.32091212458286983,0.32091212458286983,0.27808676307007785
16,0.36985539488320357,0.20948355546794184,0.12569777887730801,0.08612678380645182,0.39265850945494996,0.06666021049022675,0.13157319650053978,0.0,0.12850823253393173,0.47557569900527596,"[0.7408230900764465, 0.7764182090759277]",0.4838,0.27474972191323693,0.27363737486095663,0.3665183537263626,0.36262513904338156,0.35873192436040047,0.35873192436040047,0.27474972191323693
17,0.37652947719688545,0.22054967165802153,0.13328810512432593,0.12145872322721991,0.38987764182424917,0.06269070506095886,0.1264975555241108,0.0,0.12359519302845001,0.5133802490308881,"[0.7408230900764465, 0.7764182090759277]",0.8158,0.3025583982202447,0.29977753058954393,0.2953281423804227,0.3526140155728587,0.3437152391546162,0.3437152391546162,0.3025583982202447
18,0.38153503893214685,0.21609944215909682,0.12130901086416067,0.11819003094626544,0.39655172413793105,0.06345637142658234,0.12163901701569557,0.0,0.11892181634902954,0.4668064269935712,"[0.7408230900764465, 0.7764182090759277]",0.5237,0.3103448275862069,0.3186874304783092,0.3337041156840934,0.39043381535038935,0.38375973303670746,0.38375973303670746,0.3075639599555061
19,0.3781979977753059,0.21201280590322835,0.12255903793294076,0.10167629190174668,0.3781979977753059,0.0607399083673954,0.11701666191220284,0.0,0.11445701122283936,0.4564420109381899,"[0.7408230900764465, 0.7764182090759277]",0.487,0.3197997775305895,0.3125695216907675,0.3136818687430478,0.389321468298109,0.389321468298109,0.389321468298109,0.3197997775305895
20,0.39377085650723026,0.21273494086734845,0.12530831967772055,0.12366599134881351,0.39988876529477196,0.06272225826978683,0.11262373253703117,0.0,0.11019918695092201,0.5217122059548274,"[0.7408230900764465, 0.7764182090759277]",0.5318,0.3409343715239155,0.3375973303670745,0.3381535038932147,0.4021134593993326,0.39877641824249166,0.39877641824249166,0.3414905450500556
21,0.38987764182424917,0.2354052351555912,0.140968592016638,0.103784540954789,0.39877641824249166,0.061427485197782516,0.10846397653222084,0.0,0.10617664456367493,0.4845919730141759,"[0.7408230900764465, 0.7764182090759277]",0.5069,0.3398220244716352,0.3359288097886541,0.3375973303670745,0.40155728587319245,0.40266963292547275,0.40266963292547275,0.3398220244716352
22,0.3832035595105673,0.21900154281880324,0.1273493775986512,0.1237983225709513,0.4082313681868743,0.06033482402563095,0.10452748462557793,0.0,0.10239741951227188,0.5952911620261148,"[0.7408230900764465, 0.7764182090759277]",0.5152,0.3092324805339266,0.3331479421579533,0.41212458286985537,0.40378197997775306,0.41490545050055616,0.41490545050055616,0.3081201334816463
23,0.3759733036707453,0.22353210149342662,0.12865093803655825,0.12223337194058496,0.40433815350389324,0.06057178974151611,0.10080710425972939,0.0,0.09884889051318169,0.4613746830727905,"[0.7408230900764465, 0.7764182090759277]",0.5871,0.3042269187986652,0.3136818687430478,0.3398220244716352,0.3809788654060067,0.389321468298109,0.389321468298109,0.3053392658509455
24,0.3731924360400445,0.21866056714168824,0.14100955061913523,0.11693399478850688,0.3971078976640712,0.062155477702617645,0.09730178117752075,0.0,0.09548519924283028,0.4758956340374425,"[0.7408230900764465, 0.7764182090759277]",0.705,0.30200222469410454,0.3125695216907675,0.3403781979977753,0.38264738598442716,0.38987764182424917,0.38987764182424917,0.303670745272525
25,0.40100111234705227,0.23180438373641088,0.13024115210094345,0.1251478170253023,0.40100111234705227,0.0613677054643631,0.0940156951546669,0.0,0.09233022853732109,0.6478819459443912,"[0.7408230900764465, 0.7764182090759277]",0.8238,0.29087875417130143,0.289210233592881,0.3604004449388209,0.3943270300333704,0.3832035595105673,0.3832035595105673,0.29087875417130143
26,0.3692992213570634,0.22127491363654594,0.1225907483604611,0.09519522786221508,0.3809788654060067,0.058785177767276764,0.09094860404729843,0.0,0.08937999978661537,0.44649967399891466,"[0.7408230900764465, 0.7764182090759277]",0.5133,0.3097886540600667,0.3114571746384872,0.3203559510567297,0.37875417130144606,0.3743047830923248,0.3743047830923248,0.3092324805339266
27,0.39377085650723026,0.22420420187427303,0.12497864319133013,0.12159402748405437,0.39877641824249166,0.06048363447189331,0.08809538558125496,0.0,0.08664653450250626,0.4572677869582549,"[0.7408230900764465, 0.7764182090759277]",0.5415,0.30088987764182423,0.3003337041156841,0.29199110122358174,0.3448275862068966,0.3509454949944383,0.3509454949944383,0.30088987764182423
28,0.29199110122358174,0.15913464329090643,0.12762753707459334,0.03813427937444857,0.37263626251390436,0.05882316082715988,0.08545470237731934,0.0,0.08410726860165596,0.6173080839216709,"[0.7408230900764465, 0.7764182090759277]",0.5767,0.26918798665183535,0.26307007786429365,0.24916573971078976,0.3031145717463849,0.314238042269188,0.314238042269188,0.26918798665183535
29,0.3759733036707453,0.21695488406611663,0.1263096303105738,0.0881521378260266,0.3759733036707453,0.06108205020427704,0.0830245092511177,0.0,0.08177172020077705,0.7330345739610493,"[0.7408230900764465, 0.7764182090759277]",0.8306,0.30088987764182423,0.3103448275862069,0.3520578420467186,0.38654060066740825,0.3781979977753059,0.3781979977753059,0.30088987764182423
30,0.3197997775305895,0.16618263295380398,0.11947147228924185,0.0522991326727166,0.3754171301446051,0.06260677427053452,0.08079145103693008,0.0,0.07963807880878448,0.6390907050808892,"[0.7408230900764465, 0.7764182090759277]",0.7603,0.3259176863181313,0.32146829810901,0.3136818687430478,0.3781979977753059,0.37263626251390436,0.37263626251390436,0.3253615127919911
31,0.38654060066740825,0.21609570049009985,0.11946165961144338,0.11109175670466317,0.3882091212458287,0.0624457411468029,0.07874642685055733,0.0,0.07768942043185234,0.44305040407925844,"[0.7408230900764465, 0.7764182090759277]",0.7768,0.3092324805339266,0.3025583982202447,0.3014460511679644,0.3659621802002225,0.3503893214682981,0.3503893214682981,0.3086763070077864
32,0.3559510567296997,0.19733504397131185,0.12280396754160348,0.0978240107601987,0.37986651835372637,0.06054214388132095,0.07688331604003906,0.0,0.07591971755027771,0.7001506780507043,"[0.7408230900764465, 0.7764182090759277]",0.634,0.3275862068965517,0.3236929922135706,0.3192436040044494,0.3759733036707453,0.3681868743047831,0.3681868743047831,0.3275862068965517
33,0.407119021134594,0.2068065058926648,0.13655747662789153,0.13320724876383466,0.41212458286985537,0.06932397186756134,0.07518444210290909,0.0,0.0743115022778511,0.42206895095296204,"[0.7408230900764465, 0.7764182090759277]",0.4948,0.3203559510567297,0.3242491657397108,0.3275862068965517,0.3921023359288098,0.37652947719688545,0.37652947719688545,0.32091212458286983
34,0.3943270300333704,0.23682336557114247,0.13013571049745137,0.12840292679680657,0.40100111234705227,0.06424495577812195,0.07364169880747795,0.0,0.07286263629794121,0.5605902359820902,"[0.7408230900764465, 0.7764182090759277]",0.5031,0.3014460511679644,0.3081201334816463,0.3125695216907675,0.37875417130144606,0.3620689655172414,0.3620689655172414,0.3014460511679644
35,0.38598442714126807,0.224408301248063,0.1273370444022308,0.12274797059700317,0.3982202447163515,0.07048316299915314,0.07226364314556122,0.0,0.07154949754476547,0.48993697902187705,"[0.7408230900764465, 0.7764182090759277]",0.756,0.2324805339265851,0.24694104560622915,0.26529477196885426,0.2814238042269188,0.2875417130144605,0.2875417130144605,0.2324805339265851
36,0.38987764182424917,0.22954816754581142,0.12972325634782497,0.11975047956062154,0.407119021134594,0.06377075612545013,0.07102643698453903,0.0,0.07036606967449188,0.5263208660762757,"[0.7408230900764465, 0.7764182090759277]",0.4921,0.29310344827586204,0.2953281423804227,0.2803114571746385,0.3242491657397108,0.3231368186874305,0.3231368186874305,0.2925472747497219
37,0.38542825361512795,0.22446393746965054,0.12747271462998888,0.1131098717978164,0.4021134593993326,0.06210518628358841,0.06992560438811779,0.0,0.0692922305315733,0.4595113159157336,"[0.7408230900764465, 0.7764182090759277]",0.5113,0.2975528364849833,0.3031145717463849,0.3692992213570634,0.38542825361512795,0.3804226918798665,0.3804226918798665,0.2975528364849833
38,0.40266963292547275,0.23720747240037354,0.13468660899850346,0.1311529665714162,0.40266963292547275,0.05848114192485809,0.06893453747034073,0.0,0.06832261942327023,0.4796903049573302,"[0.7408230900764465, 0.7764182090759277]",0.5174,0.2864293659621802,0.303670745272525,0.3553948832035595,0.3559510567296997,0.3509454949944383,0.3509454949944383,0.2864293659621802
39,0.37764182424916576,0.2104289704262391,0.12598392580767198,0.10694170829170918,0.3870967741935484,0.060706935822963715,0.06804361753165722,0.0,0.06744684278964996,0.45141343807335943,"[0.7408230900764465, 0.7764182090759277]",0.4935,0.2942157953281424,0.29310344827586204,0.3515016685205784,0.37875417130144606,0.36763070077864296,0.36763070077864296,0.2942157953281424
40,0.40489432703003336,0.22484324496816555,0.12405608419276348,0.12769862084069336,0.40767519466073415,0.060297347605228424,0.06724556908011436,0.0,0.06665669567883015,0.46466758102178574,"[0.7408230900764465, 0.7764182090759277]",0.4686,0.3253615127919911,0.332035595105673,0.3943270300333704,0.38153503893214685,0.37875417130144606,0.37875417130144606,0.3248053392658509
41,0.40266963292547275,0.22148686763133585,0.12374327132020992,0.12749543918959746,0.40600667408231367,0.059386447072029114,0.06652342900633812,0.0,0.06593171693384647,0.4394171959720552,"[0.7408230900764465, 0.7764182090759277]",0.4867,0.29977753058954393,0.3081201334816463,0.3982202447163515,0.40044493882091214,0.3932146829810901,0.3932146829810901,0.29977753058954393
42,0.36484983314794217,0.22635081418472647,0.13892195361850784,0.12295882235505198,0.40600667408231367,0.07005937397480011,0.06588219292461872,0.0,0.06527409702539444,0.45569216494914144,"[0.7408230900764465, 0.7764182090759277]",0.4838,0.2903225806451613,0.29310344827586204,0.3709677419354839,0.3781979977753059,0.3692992213570634,0.3692992213570634,0.2903225806451613
43,0.3943270300333704,0.22916464905339473,0.12654231336442318,0.12523941979940384,0.39877641824249166,0.06537050753831863,0.06531254760921001,0.0,0.06467455253005028,0.5138070429675281,"[0.7408230900764465, 0.7764182090759277]",0.4863,0.3086763070077864,0.3203559510567297,0.37374860956618466,0.39154616240266965,0.389321468298109,0.389321468298109,0.3081201334816463
44,0.3843159065628476,0.22026097779114973,0.13313921262549447,0.11937134277147939,0.38765294771968856,0.06284481287002563,0.06480682268738747,0.0,0.06413394957780838,0.44123660610057414,"[0.7408230900764465, 0.7764182090759277]",0.4791,0.3120133481646274,0.3153503893214683,0.39988876529477196,0.40266963292547275,0.389321468298109,0.389321468298109,0.3120133481646274
45,0.3932146829810901,0.2182496540818344,0.1237576659418728,0.12497094631873487,0.40100111234705227,0.062148064374923706,0.06435096263885498,0.0,0.06364024430513382,0.4246742660179734,"[0.7408230900764465, 0.7764182090759277]",0.5662,0.3031145717463849,0.314238042269188,0.36985539488320357,0.3743047830923248,0.3932146829810901,0.3932146829810901,0.3003337041156841
46,0.4021134593993326,0.22040589633457452,0.11892073638726078,0.12124008344838616,0.40378197997775306,0.06799408793449402,0.06394125334918499,0.0,0.06318733468651772,0.4706314050126821,"[0.7408230900764465, 0.7764182090759277]",0.4884,0.3086763070077864,0.314238042269188,0.364293659621802,0.37263626251390436,0.3559510567296997,0.3559510567296997,0.3086763070077864
47,0.39098998887652947,0.22622930975666122,0.1307235719534525,0.14579534079863216,0.40489432703003336,0.06632746011018753,0.06357904337346554,0.0,0.06277868151664734,0.5990286689484492,"[0.7408230900764465, 0.7764182090759277]",0.4998,0.3248053392658509,0.32091212458286983,0.3387096774193548,0.37652947719688545,0.3793103448275862,0.3793103448275862,0.3248053392658509
48,0.40100111234705227,0.2193446666228589,0.13581285426437303,0.1263293333322017,0.41434927697441604,0.0650688111782074,0.0632557924836874,0.0,0.06241389364004135,0.45643106393981725,"[0.7408230900764465, 0.7764182090759277]",0.4735,0.3337041156840934,0.328698553948832,0.3576195773081201,0.40489432703003336,0.39877641824249166,0.39877641824249166,0.3337041156840934
49,0.382091212458287,0.20982039196916136,0.13877538467102812,0.0930181344098923,0.40378197997775306,0.06733644008636475,0.06296057067811489,0.0,0.06208765506744385,0.4655601050471887,"[0.7408230900764465, 0.7764182090759277]",0.4734,0.3381535038932147,0.3337041156840934,0.36262513904338156,0.4032258064516129,0.40044493882091214,0.40044493882091214,0.3381535038932147
50,0.39599555061179087,0.2370687230012316,0.13656129203057052,0.11693876651893331,0.39599555061179087,0.06668317317962646,0.0627084020525217,0.0,0.06179339624941349,0.4480350180529058,"[0.7408230900764465, 0.7764182090759277]",0.518,0.3331479421579533,0.3281423804226919,0.3581757508342603,0.3781979977753059,0.3921023359288098,0.3921023359288098,0.3331479421579533
51,0.382091212458287,0.2150853332977073,0.1260639681248856,0.12435076988385134,0.39377085650723026,0.0667717307806015,0.06248155049979687,0.0,0.06152774579823017,0.42986992199439555,"[0.7408230900764465, 0.7764182090759277]",0.4923,0.3242491657397108,0.3231368186874305,0.39543937708565075,0.40600667408231367,0.3982202447163515,0.3982202447163515,0.3259176863181313
52,0.3932146829810901,0.2550217023828377,0.15684215460554776,0.14664792866062318,0.41490545050055616,0.06833198666572571,0.06228066608309746,0.0,0.06128334254026413,0.45642585901077837,"[0.7408230900764465, 0.7764182090759277]",0.7034,0.3236929922135706,0.3236929922135706,0.39933259176863184,0.4032258064516129,0.4021134593993326,0.4021134593993326,0.3236929922135706
53,0.3609566184649611,0.22043905023387944,0.1540817450593715,0.12343322194105535,0.40378197997775306,0.06896520406007767,0.062103815376758575,0.0,0.06105978041887283,0.5439797949511558,"[0.7408230900764465, 0.7764182090759277]",0.5127,0.2886540600667408,0.3053392658509455,0.3843159065628476,0.3692992213570634,0.39265850945494996,0.39265850945494996,0.289210233592881
54,0.4082313681868743,0.24351106792999122,0.14229159318118123,0.13007480675843533,0.4082313681868743,0.06670428812503815,0.061943577602505684,0.0,0.060855770483613014,0.4526739401044324,"[0.7408230900764465, 0.7764182090759277]",0.511,0.3197997775305895,0.3220244716351502,0.39655172413793105,0.40266963292547275,0.39766407119021135,0.39766407119021135,0.3197997775305895
55,0.3982202447163515,0.24462053503825754,0.14548960030498542,0.15660168935186314,0.42491657397107896,0.0659332424402237,0.061796410009264946,0.0,0.06066973879933357,0.45660471299197525,"[0.7408230900764465, 0.7764182090759277]",0.5383,0.339265850945495,0.332035595105673,0.38654060066740825,0.39599555061179087,0.38375973303670746,0.38375973303670746,0.3470522803114572
56,0.40878754171301446,0.22640749568837637,0.1324369211934086,0.13016800746900778,0.40878754171301446,0.06496845185756683,0.06165477633476257,0.0,0.060498686507344246,0.5863483380526304,"[0.7408230900764465, 0.7764182090759277]",0.5029,0.3342602892102336,0.3325917686318131,0.3576195773081201,0.3670745272525028,0.37374860956618466,0.37374860956618466,0.3342602892102336
57,0.39655172413793105,0.2326762854677228,0.13574177067564086,0.13935914153346288,0.40767519466073415,0.06839150190353394,0.06153055280447006,0.0,0.060340652242302895,0.4533859440125525,"[0.7408230900764465, 0.7764182090759277]",0.5366,0.3170189098998888,0.3253615127919911,0.39933259176863184,0.41546162402669634,0.41490545050055616,0.41490545050055616,0.3131256952169077
58,0.39877641824249166,0.23059249474199672,0.13807503419137687,0.14794017400362197,0.41323692992213573,0.0706946924328804,0.06141292303800583,0.0,0.06019524671137333,0.4763297599274665,"[0.7408230900764465, 0.7764182090759277]",0.5415,0.32091212458286983,0.3231368186874305,0.37875417130144606,0.40044493882091214,0.39098998887652947,0.39098998887652947,0.3197997775305895
59,0.38987764182424917,0.245968847185294,0.16014189377504237,0.1062092292518782,0.40545050055617354,0.07034097611904144,0.06129808723926544,0.0,0.0600646547973156,0.5145864810328931,"[0.7408230900764465, 0.7764182090759277]",0.765,0.3225806451612903,0.3275862068965517,0.38375973303670746,0.40767519466073415,0.39766407119021135,0.39766407119021135,0.3236929922135706
60,0.40100111234705227,0.22754646518357302,0.13671391877995917,0.1539185041393795,0.42825361512791993,0.07682916522026062,0.06118750013411045,0.0,0.059943199157714844,0.6099492029752582,"[0.7408230900764465, 0.7764182090759277]",0.5064,0.3192436040044494,0.3120133481646274,0.3609566184649611,0.3659621802002225,0.3743047830923248,0.3743047830923248,0.3186874304783092
61,0.40100111234705227,0.24821278132145863,0.15623267037535152,0.16420294496982407,0.4221357063403782,0.07543706893920898,0.06107970327138901,0.0,0.059830984100699425,0.42302386194933206,"[0.7408230900764465, 0.7764182090759277]",0.6435,0.3409343715239155,0.3348164627363737,0.3971078976640712,0.41991101223581756,0.4082313681868743,0.4082313681868743,0.3409343715239155
62,0.40545050055617354,0.24265682546324696,0.14500064639509933,0.14189857745819381,0.41268075639599555,0.06385691463947296,0.060976603999733925,0.0,0.05972718633711338,0.4108479719143361,"[0.7408230900764465, 0.7764182090759277]",0.507,0.29977753058954393,0.3342602892102336,0.407119021134594,0.39766407119021135,0.3943270300333704,0.3943270300333704,0.29977753058954393
63,0.3770856507230256,0.20111016869137044,0.12661131629104966,0.11356924767994586,0.38598442714126807,0.06544963270425797,0.060872819274663925,0.0,0.05963023379445076,0.42881189996842295,"[0.7408230900764465, 0.7764182090759277]",0.5078,0.3375973303670745,0.3403781979977753,0.41156840934371525,0.41101223581757507,0.41212458286985537,0.41212458286985537,0.3375973303670745
64,0.41323692992213573,0.23803337743917774,0.14186875251379788,0.14265944930559407,0.41768631813125695,0.06480009853839874,0.060772739350795746,0.0,0.059540554881095886,0.4277886520139873,"[0.7408230900764465, 0.7764182090759277]",0.6265,0.3281423804226919,0.3270300333704116,0.3932146829810901,0.39265850945494996,0.39265850945494996,0.39265850945494996,0.328698553948832
65,0.37875417130144606,0.21203901108515566,0.13059213705914174,0.1313625096884023,0.40100111234705227,0.07262731343507767,0.06067836843430996,0.0,0.059458889067173004,0.45088043599389493,"[0.7408230900764465, 0.7764182090759277]",0.5057,0.346496106785317,0.3448275862068966,0.39377085650723026,0.3932146829810901,0.41045606229143494,0.41045606229143494,0.3459399332591769
66,0.37986651835372637,0.21197603660624187,0.1293806040606825,0.13063644528746057,0.40100111234705227,0.06954377144575119,0.06059027463197708,0.0,0.05938307009637356,0.43787945504300296,"[0.7408230900764465, 0.7764182090759277]",0.5067,0.3431590656284761,0.3409343715239155,0.40545050055617354,0.41824249165739713,0.41045606229143494,0.41045606229143494,0.3431590656284761
67,0.38876529477196886,0.21543074634854054,0.1282260288976979,0.13597461652597773,0.40656284760845385,0.06774783134460449,0.06050780229270458,0.0,0.059310995042324066,0.4292206030804664,"[0.7408230900764465, 0.7764182090759277]",0.5348,0.3364849833147942,0.339265850945495,0.3943270300333704,0.40433815350389324,0.40600667408231367,0.40600667408231367,0.3375973303670745
68,0.39543937708565075,0.22142456216669282,0.12930589146141672,0.13366166004900348,0.40878754171301446,0.07005418092012405,0.06043454818427563,0.0,0.059242917224764824,0.41531830199528486,"[0.7408230900764465, 0.7764182090759277]",0.6091,0.3337041156840934,0.3292547274749722,0.38542825361512795,0.37652947719688545,0.38153503893214685,0.38153503893214685,0.3337041156840934
69,0.41156840934371525,0.261035421496541,0.1618537240149473,0.15220703122705415,0.41879866518353726,0.0696156919002533,0.06036495976150036,0.0,0.059177542105317116,0.6696799430064857,"[0.7408230900764465, 0.7764182090759277]",0.8446,0.3253615127919911,0.3225806451612903,0.3781979977753059,0.40600667408231367,0.38765294771968856,0.38765294771968856,0.3253615127919911
70,0.42157953281423804,0.24693647093694782,0.14790557925742862,0.14670509677398955,0.42380422691879865,0.07347728312015533,0.060296736657619476,0.0,0.05911530181765556,0.4382979259826243,"[0.7408230900764465, 0.7764182090759277]",0.535,0.3359288097886541,0.3414905450500556,0.3943270300333704,0.41546162402669634,0.4082313681868743,0.4082313681868743,0.3364849833147942
71,0.41045606229143494,0.25201147406580915,0.15772217870415922,0.14857507547081572,0.4221357063403782,0.07046093046665192,0.060231344774365425,0.0,0.05905607156455517,0.429610802908428,"[0.7408230900764465, 0.7764182090759277]",0.4996,0.3275862068965517,0.3298109010011123,0.40155728587319245,0.41768631813125695,0.40934371523915464,0.40934371523915464,0.3264738598442714
72,0.41879866518353726,0.25181212297628175,0.15237639346880238,0.15940836035196101,0.42658509454949944,0.0672353133559227,0.06016128696501255,0.0,0.058997733518481255,0.4297078939853236,"[0.7408230900764465, 0.7764182090759277]",0.4877,0.29977753058954393,0.31590656284760843,0.4021134593993326,0.42269187986651835,0.40600667408231367,0.40600667408231367,0.2992213570634038
73,0.3481646273637375,0.23011503029660896,0.1634507534227493,0.12665850332687936,0.41212458286985537,0.06439971923828125,0.06010286137461662,0.0,0.05894125625491142,0.43545943894423544,"[0.7408230900764465, 0.7764182090759277]",0.5009,0.3253615127919911,0.3375973303670745,0.39988876529477196,0.3832035595105673,0.39877641824249166,0.39877641824249166,0.2936596218020022
74,0.38598442714126807,0.24342347492996397,0.15640525640229805,0.15473327561614741,0.41434927697441604,0.06483349949121475,0.060039324685931206,0.0,0.05888522416353226,0.4352436220506206,"[0.7408230900764465, 0.7764182090759277]",0.5562,0.3259176863181313,0.3476084538375973,0.39098998887652947,0.38153503893214685,0.3882091212458287,0.3882091212458287,0.29477196885428253
75,0.41601779755283647,0.2499305711993839,0.14993662408531921,0.13879020354229768,0.42046718576195774,0.06436018645763397,0.05997326411306858,0.0,0.05883216671645641,0.4359077769331634,"[0.7408230900764465, 0.7764182090759277]",0.5751,0.3292547274749722,0.328698553948832,0.3592880978865406,0.3681868743047831,0.3754171301446051,0.3754171301446051,0.3298109010011123
76,0.40489432703003336,0.25265484164569296,0.16633231740794024,0.1242226865702259,0.41991101223581756,0.06583613902330399,0.05991489440202713,0.0,0.058782054111361504,0.43084270402323455,"[0.7408230900764465, 0.7764182090759277]",0.5124,0.3331479421579533,0.3314794215795328,0.3665183537263626,0.37652947719688545,0.3759733036707453,0.3759733036707453,0.3337041156840934
77,0.38542825361512795,0.2448749065970779,0.16653265487214225,0.1347607413407006,0.41323692992213573,0.06854963302612305,0.05984002351760864,0.0,0.05873359739780426,0.45514037704560906,"[0.7408230900764465, 0.7764182090759277]",0.4799,0.3342602892102336,0.3331479421579533,0.3709677419354839,0.3870967741935484,0.3804226918798665,0.3804226918798665,0.3348164627363737
78,0.39265850945494996,0.23832711089593783,0.15065448641108586,0.152092551497463,0.43159065628476084,0.0718197450041771,0.05978691205382347,0.0,0.05868385545909405,0.45506232092157006,"[0.7408230900764465, 0.7764182090759277]",0.5195,0.3114571746384872,0.3476084538375973,0.40934371523915464,0.41657397107897665,0.41713014460511677,0.41713014460511677,0.3003337041156841
79,0.3921023359288098,0.23944884041155845,0.1544839306097444,0.14879772310129066,0.43159065628476084,0.061520740389823914,0.05974549427628517,0.0,0.0586346834897995,0.43706081807613373,"[0.7408230900764465, 0.7764182090759277]",0.5189,0.3125695216907675,0.3236929922135706,0.3982202447163515,0.42157953281423804,0.41657397107897665,0.41657397107897665,0.3164627363737486
80,0.39377085650723026,0.24391439861947695,0.1592402304261901,0.15036816811224588,0.43659621802002224,0.060379043221473694,0.05969949997961521,0.0,0.05858817137777805,0.46152411203365773,"[0.7408230900764465, 0.7764182090759277]",0.5214,0.3337041156840934,0.3403781979977753,0.37764182424916576,0.38654060066740825,0.39377085650723026,0.39377085650723026,0.3364849833147942
81,0.40100111234705227,0.2453277411072653,0.15594509559014413,0.15665983042551324,0.42491657397107896,0.06676248461008072,0.059657374396920204,0.0,0.05854317918419838,0.45231283991597593,"[0.7408230900764465, 0.7764182090759277]",0.5374,0.3348164627363737,0.3325917686318131,0.38598442714126807,0.40433815350389324,0.39377085650723026,0.39377085650723026,0.3353726362625139
82,0.39599555061179087,0.23945077339183107,0.15255983804560502,0.15392134709413688,0.42324805339265853,0.06306774914264679,0.059614311903715134,0.0,0.05849975347518921,0.4343678579898551,"[0.7408230900764465, 0.7764182090759277]",0.5309,0.29087875417130143,0.2953281423804227,0.35372636262513907,0.36874304783092327,0.3592880978865406,0.3592880978865406,0.289210233592881
83,0.39543937708565075,0.23924055855753457,0.15416195190003923,0.15504633128400458,0.42046718576195774,0.062206439673900604,0.05957186594605446,0.0,0.05845743604004383,0.4764491469832137,"[0.7408230900764465, 0.7764182090759277]",0.5178,0.3403781979977753,0.339265850945495,0.40767519466073415,0.432146829810901,0.42491657397107896,0.42491657397107896,0.3420467185761958
84,0.39933259176863184,0.2503451321694067,0.154445477852956,0.15501859301834336,0.41991101223581756,0.06179134547710419,0.05952845513820648,0.0,0.05841638706624508,0.4331065439619124,"[0.7408230900764465, 0.7764182090759277]",0.4934,0.3414905450500556,0.3387096774193548,0.4082313681868743,0.42880978865406005,0.42436040044493883,0.42436040044493883,0.3426028921023359
85,0.3398220244716352,0.21960721220121326,0.16709672372831902,0.0998456809595943,0.40600667408231367,0.07305929064750671,0.05948776192963123,0.0,0.05837632343173027,0.4647134210681543,"[0.7408230900764465, 0.7764182090759277]",0.5408,0.3453837597330367,0.3420467185761958,0.41156840934371525,0.42880978865406005,0.43159065628476084,0.43159065628476084,0.3453837597330367
86,0.32091212458286983,0.1800000448218444,0.15259193673024246,0.06715938349432951,0.38765294771968856,0.07054765522480011,0.05944480188190937,0.0,0.05833720415830612,0.4478233109693974,"[0.7408230900764465, 0.7764182090759277]",0.5204,0.3281423804226919,0.328698553948832,0.3882091212458287,0.39988876529477196,0.3943270300333704,0.3943270300333704,0.3298109010011123
87,0.3325917686318131,0.20604109407066207,0.16199620900266273,0.0973722146731614,0.3932146829810901,0.06872599571943283,0.05940704233944416,0.0,0.05829932913184166,0.5146234789863229,"[0.7408230900764465, 0.7764182090759277]",0.5325,0.3337041156840934,0.3314794215795328,0.39599555061179087,0.38153503893214685,0.40266963292547275,0.40266963292547275,0.3342602892102336
88,0.35372636262513907,0.1796669078784371,0.12950617775554454,0.10667156695659681,0.39043381535038935,0.06779775023460388,0.059364303946495056,0.0,0.05826262943446636,0.47091599297709763,"[0.7408230900764465, 0.7764182090759277]",0.5279,0.30088987764182423,0.303670745272525,0.35984427141268077,0.3565072302558398,0.3631813125695217,0.3631813125695217,0.3003337041156841
89,0.41768631813125695,0.24189006172384586,0.14286975270004712,0.15308452164567093,0.42102335928809786,0.07324548065662384,0.05932420305907726,0.0,0.05822695791721344,0.519768679048866,"[0.7408230900764465, 0.7764182090759277]",0.5321,0.29977753058954393,0.3025583982202447,0.35873192436040047,0.3609566184649611,0.36484983314794217,0.36484983314794217,0.29699666295884314
90,0.40155728587319245,0.2369230769230769,0.1395093802922788,0.1402574975251953,0.41101223581757507,0.06888216733932495,0.059286100789904594,0.0,0.05819207616150379,0.48623589100316167,"[0.7408230900764465, 0.7764182090759277]",0.5172,0.3164627363737486,0.3264738598442714,0.3681868743047831,0.37986651835372637,0.3770856507230256,0.3770856507230256,0.3203559510567297
91,0.39154616240266965,0.22355974566703984,0.14142500271296038,0.14419319431575559,0.40489432703003336,0.07196249067783356,0.0592485535889864,0.0,0.058158133178949356,0.45434372301679105,"[0.7408230900764465, 0.7764182090759277]",0.5281,0.3409343715239155,0.339265850945495,0.40489432703003336,0.4021134593993326,0.3921023359288098,0.3921023359288098,0.3409343715239155
92,0.39988876529477196,0.2309044447210662,0.1517194400686025,0.1422020457370377,0.40767519466073415,0.06944967061281204,0.05921198986470699,0.0,0.058124784380197525,0.4694910820107907,"[0.7408230900764465, 0.7764182090759277]",0.5367,0.3081201334816463,0.3225806451612903,0.39655172413793105,0.3932146829810901,0.36874304783092327,0.36874304783092327,0.3014460511679644
93,0.4221357063403782,0.24367009813427865,0.14879382462667268,0.15202464087664308,0.42436040044493883,0.07189574837684631,0.059177760034799576,0.0,0.058092232793569565,0.46533250098582357,"[0.7408230900764465, 0.7764182090759277]",0.5162,0.296440489432703,0.3086763070077864,0.39655172413793105,0.39655172413793105,0.3770856507230256,0.3770856507230256,0.296440489432703
94,0.40044493882091214,0.2144754994220759,0.13256275181592286,0.12266869748644016,0.407119021134594,0.07160058617591858,0.05913921259343624,0.0,0.05806007981300354,0.46887241897638887,"[0.7408230900764465, 0.7764182090759277]",0.502,0.2914349276974416,0.303670745272525,0.38487208008898777,0.3754171301446051,0.3659621802002225,0.3659621802002225,0.2914349276974416
95,0.41991101223581756,0.2505000825311031,0.15603274917059815,0.14849217514586646,0.42046718576195774,0.06906269490718842,0.05910494178533554,0.0,0.058028580620884895,0.4615531419403851,"[0.7408230900764465, 0.7764182090759277]",0.4961,0.29199110122358174,0.3047830923248053,0.3843159065628476,0.3759733036707453,0.3659621802002225,0.3659621802002225,0.29199110122358174
96,0.4032258064516129,0.23394118920035023,0.15431339826725637,0.14393810151553016,0.41768631813125695,0.0729408860206604,0.05906827561557293,0.0,0.05799742788076401,0.4698105619754642,"[0.7408230900764465, 0.7764182090759277]",0.5008,0.31090100111234703,0.3270300333704116,0.3971078976640712,0.4082313681868743,0.407119021134594,0.407119021134594,0.30589543937708563
97,0.42157953281423804,0.2568768655871183,0.15354084393622072,0.1525935793325391,0.42992213570634036,0.07056988030672073,0.05903537757694721,0.0,0.0579668078571558,0.43130508705507964,"[0.7408230900764465, 0.7764182090759277]",0.5315,0.2975528364849833,0.3120133481646274,0.37374860956618466,0.3759733036707453,0.36763070077864296,0.36763070077864296,0.2975528364849833
98,0.3971078976640712,0.2711408683191192,0.1764954254344487,0.15361917408230305,0.41991101223581756,0.07119747996330261,0.05899970792233944,0.0,0.057936882600188255,0.45138182502705604,"[0.7408230900764465, 0.7764182090759277]",0.4939,0.3236929922135706,0.3431590656284761,0.39766407119021135,0.40266963292547275,0.40989988876529476,0.40989988876529476,0.3153503893214683
99,0.41323692992213573,0.26037311797518414,0.16991724144116035,0.1584990372215765,0.41657397107897665,0.06971080601215363,0.05896827392280102,0.0,0.0579074751585722,0.4330232939682901,"[0.7408230900764465, 0.7764182090759277]",0.4885,0.3437152391546162,0.34872080088987767,0.3943270300333704,0.38542825361512795,0.41045606229143494,0.41045606229143494,0.3442714126807564
100,0.40989988876529476,0.2594495321671706,0.1702855773843688,0.16067354677629897,0.41601779755283647,0.06924617290496826,0.05893495865166187,0.0,0.05787862651050091,0.43750339606776834,"[0.7408230900764465, 0.7764182090759277]",0.5073,0.3231368186874305,0.3309232480533927,0.36985539488320357,0.38542825361512795,0.3754171301446051,0.3754171301446051,0.3270300333704116
101,0.3759733036707453,0.22958247836662116,0.16188227029508168,0.12338714628769755,0.39877641824249166,0.06781193614006042,0.0589040145277977,0.0,0.057850057259202003,0.4625240679597482,"[0.7408230900764465, 0.7764182090759277]",0.5183,0.3492769744160178,0.3453837597330367,0.40600667408231367,0.39543937708565075,0.41935483870967744,0.41935483870967744,0.3426028921023359
102,0.2975528364849833,0.17241085247869592,0.15965204253912868,0.05611316917112372,0.39265850945494996,0.06977586448192596,0.05887087807059288,0.0,0.05782204680144787,0.432601228938438,"[0.7408230900764465, 0.7764182090759277]",0.5254,0.3337041156840934,0.339265850945495,0.40878754171301446,0.40044493882091214,0.41379310344827586,0.41379310344827586,0.3381535038932147
103,0.29310344827586204,0.1610678089051134,0.16144959293315356,0.05606063257126324,0.39043381535038935,0.068996861577034,0.05884086154401302,0.0,0.05779452994465828,0.45548249199055135,"[0.7408230900764465, 0.7764182090759277]",0.7101,0.28976640711902113,0.2925472747497219,0.36763070077864296,0.3481646273637375,0.35984427141268077,0.35984427141268077,0.2886540600667408
104,0.32091212458286983,0.18743712455168282,0.16220666995039332,0.06721811446841132,0.389321468298109,0.0686834380030632,0.058809319511055946,0.0,0.057767465710639954,0.5633330950513482,"[0.7408230900764465, 0.7764182090759277]",0.5282,0.289210233592881,0.29087875417130143,0.3659621802002225,0.3481646273637375,0.3592880978865406,0.3592880978865406,0.28809788654060065
105,0.3420467185761958,0.20704277911592095,0.16539179721899694,0.08180237933239738,0.39265850945494996,0.06854859739542007,0.05877916142344475,0.0,0.05774096958339214,0.45132852101232857,"[0.7408230900764465, 0.7764182090759277]",0.6566,0.3331479421579533,0.3398220244716352,0.41379310344827586,0.41713014460511677,0.42102335928809786,0.42102335928809786,0.3387096774193548
106,0.41379310344827586,0.2571733191177451,0.16328609363417973,0.1496889037500342,0.41935483870967744,0.07181639969348907,0.05874649062752724,0.0,0.05771512724459171,0.5010999090736732,"[0.7408230900764465, 0.7764182090759277]",0.4664,0.3331479421579533,0.3398220244716352,0.41379310344827586,0.42046718576195774,0.42157953281423804,0.42157953281423804,0.3387096774193548
107,0.41212458286985537,0.22742618623779998,0.14237466267574,0.12781538222572053,0.41268075639599555,0.07060755789279938,0.05871557258069515,0.0,0.05768996477127075,0.45354562695138156,"[0.7408230900764465, 0.7764182090759277]",0.5325,0.3364849833147942,0.3303670745272525,0.39599555061179087,0.38987764182424917,0.371523915461624,0.371523915461624,0.3364849833147942
108,0.40489432703003336,0.2298238394073856,0.13669519594771168,0.13288906733362849,0.40878754171301446,0.0702788457274437,0.0586839634925127,0.0,0.05766548961400986,0.4898568420903757,"[0.7408230900764465, 0.7764182090759277]",0.7948,0.3337041156840934,0.3309232480533927,0.3781979977753059,0.3804226918798665,0.3943270300333704,0.3943270300333704,0.3337041156840934
109,0.40378197997775306,0.219246311436895,0.13292564373886065,0.12733273424572286,0.40378197997775306,0.06860439479351044,0.058653734624385834,0.0,0.05764123238623142,0.6660742270760238,"[0.7408230900764465, 0.7764182090759277]",0.4808,0.3236929922135706,0.3298109010011123,0.41156840934371525,0.42547274749721914,0.41268075639599555,0.41268075639599555,0.3197997775305895
110,0.38542825361512795,0.2708976686442952,0.18424035714533454,0.11850577921355415,0.40600667408231367,0.06881765276193619,0.05862323194742203,0.0,0.05761735700070858,0.44178220501635224,"[0.7408230900764465, 0.7764182090759277]",0.7776,0.3337041156840934,0.39543937708565075,0.42102335928809786,0.42880978865406005,0.43047830923248054,0.43047830923248054,0.3164627363737486
111,0.41879866518353726,0.25070785378731686,0.16616691507098477,0.15177385730852547,0.41879866518353726,0.06885543465614319,0.05859508365392685,0.0,0.057593997567892075,0.6185030939523131,"[0.7408230900764465, 0.7764182090759277]",0.5373,0.29199110122358174,0.2986651835372636,0.3670745272525028,0.37374860956618466,0.38654060066740825,0.38654060066740825,0.2925472747497219
112,0.41101223581757507,0.24043746364907803,0.1503552649841888,0.14254617333619382,0.41490545050055616,0.06947232037782669,0.058567117899656296,0.0,0.05757087469100952,0.5042652050033212,"[0.7408230900764465, 0.7764182090759277]",0.7229,0.29199110122358174,0.3053392658509455,0.3704115684093437,0.3770856507230256,0.38876529477196886,0.38876529477196886,0.29199110122358174
113,0.41156840934371525,0.24214147926877172,0.15249994652682677,0.14475990432183614,0.41657397107897665,0.0687454417347908,0.05853998474776745,0.0,0.057548291981220245,0.49282033392228186,"[0.7408230900764465, 0.7764182090759277]",0.5292,0.3192436040044494,0.3264738598442714,0.38375973303670746,0.40155728587319245,0.39766407119021135,0.39766407119021135,0.3248053392658509
114,0.41268075639599555,0.24340410135189516,0.1540959746015313,0.14560765625731228,0.41713014460511677,0.06859222799539566,0.05851407162845135,0.0,0.057525843381881714,0.458544266060926,"[0.7408230900764465, 0.7764182090759277]",0.5125,0.3003337041156841,0.314238042269188,0.3743047830923248,0.3559510567296997,0.3731924360400445,0.3731924360400445,0.29477196885428253
115,0.39933259176863184,0.23948547070407045,0.14926565520048815,0.1514132219139803,0.41713014460511677,0.06796301901340485,0.05848803371191025,0.0,0.057504115626215935,0.4170445640338585,"[0.7408230900764465, 0.7764182090759277]",0.5041,0.3292547274749722,0.3353726362625139,0.37374860956618466,0.3921023359288098,0.41768631813125695,0.41768631813125695,0.3292547274749722
116,0.41212458286985537,0.25149957188847205,0.15220021236438355,0.1589397746489478,0.42380422691879865,0.06776919960975647,0.058462198823690414,0.0,0.05748272314667702,0.4744367250241339,"[0.7408230900764465, 0.7764182090759277]",0.5091,0.3431590656284761,0.3398220244716352,0.3971078976640712,0.41379310344827586,0.407119021134594,0.407119021134594,0.3431590656284761
117,0.41434927697441604,0.25239823256952654,0.1507800413528637,0.15856151298673166,0.42269187986651835,0.06527549028396606,0.05843624286353588,0.0,0.05746193043887615,0.4432360869832337,"[0.7408230900764465, 0.7764182090759277]",0.556,0.3242491657397108,0.3303670745272525,0.40378197997775306,0.41601779755283647,0.40656284760845385,0.40656284760845385,0.3236929922135706
118,0.41156840934371525,0.24836933931176397,0.1500535422534619,0.15649611346650316,0.4221357063403782,0.06485429406166077,0.058410584926605225,0.0,0.05744147300720215,0.4602846089983359,"[0.7408230900764465, 0.7764182090759277]",0.5424,0.3242491657397108,0.3298109010011123,0.40378197997775306,0.41657397107897665,0.40656284760845385,0.40656284760845385,0.3225806451612903
119,0.389321468298109,0.22331207825561494,0.13685112052645132,0.15043618380605886,0.41768631813125695,0.06478553265333176,0.05838480778038502,0.0,0.05742128752171993,0.5050639209803194,"[0.7408230900764465, 0.7764182090759277]",0.7684,0.3236929922135706,0.3281423804226919,0.40378197997775306,0.41601779755283647,0.40600667408231367,0.40600667408231367,0.3225806451612903
120,0.389321468298109,0.22103969801243606,0.1369133476878297,0.1496885900108953,0.41713014460511677,0.0640428364276886,0.05835884436964989,0.0,0.057401422411203384,0.47488910402171314,"[0.7408230900764465, 0.7764182090759277]",0.6113,0.3359288097886541,0.3314794215795328,0.39098998887652947,0.3982202447163515,0.3943270300333704,0.3943270300333704,0.3359288097886541
121,0.41101223581757507,0.23839218073647184,0.1380740012537209,0.13667428634874879,0.41101223581757507,0.06685854494571686,0.05833008885383606,0.0,0.057381900027394295,0.48515248391777277,"[0.7408230900764465, 0.7764182090759277]",0.5925,0.3387096774193548,0.332035595105673,0.39766407119021135,0.41045606229143494,0.41212458286985537,0.41212458286985537,0.3387096774193548
122,0.40378197997775306,0.2350099202923659,0.14797368321400045,0.15464520193813333,0.42324805339265853,0.06817030906677246,0.058304471895098686,0.0,0.05736285261809826,0.4613211180549115,"[0.7408230900764465, 0.7764182090759277]",0.5939,0.3381535038932147,0.3375973303670745,0.3971078976640712,0.40934371523915464,0.40989988876529476,0.40989988876529476,0.3381535038932147
123,0.40155728587319245,0.2383506484252249,0.14534674703925046,0.15080164813551958,0.41323692992213573,0.0702529102563858,0.0582765843719244,0.0,0.057344384491443634,0.5280434199376032,"[0.7408230900764465, 0.7764182090759277]",0.6023,0.3359288097886541,0.3298109010011123,0.38987764182424917,0.40155728587319245,0.38987764182424917,0.38987764182424917,0.3359288097886541
124,0.4021134593993326,0.23875581069739382,0.1452749600926469,0.15038848306899485,0.41323692992213573,0.06875240802764893,0.058248357847332954,0.0,0.057326242327690125,0.46312472911085933,"[0.7408230900764465, 0.7764182090759277]",0.7379,0.3387096774193548,0.3314794215795328,0.40378197997775306,0.39655172413793105,0.40656284760845385,0.40656284760845385,0.3387096774193548
125,0.4021134593993326,0.2384672816924437,0.1448481097833834,0.14798806898465827,0.41323692992213573,0.0683397650718689,0.058223020285367966,0.0,0.05730978026986122,0.4279004499549046,"[0.7408230900764465, 0.7764182090759277]",0.7836,0.3364849833147942,0.3292547274749722,0.40433815350389324,0.389321468298109,0.40433815350389324,0.40433815350389324,0.3364849833147942
126,0.40100111234705227,0.24111176601528073,0.1613048020601912,0.1537071289051028,0.41268075639599555,0.06813725084066391,0.05818694084882736,0.0,0.057292718440294266,0.5711486529326066,"[0.7408230900764465, 0.7764182090759277]",0.7815,0.3242491657397108,0.339265850945495,0.40989988876529476,0.4082313681868743,0.41323692992213573,0.41323692992213573,0.3175750834260289
127,0.39766407119021135,0.23792240422829847,0.16090832911953107,0.15298529804824043,0.41268075639599555,0.06808355450630188,0.058154452592134476,0.0,0.05727510154247284,0.600420834030956,"[0.7408230900764465, 0.7764182090759277]",0.7853,0.3231368186874305,0.3426028921023359,0.40767519466073415,0.41434927697441604,0.41323692992213573,0.41323692992213573,0.314238042269188
128,0.41268075639599555,0.25554959583697967,0.16980056884234718,0.1597108220768329,0.41768631813125695,0.0681220293045044,0.058128559961915016,0.0,0.05725761689245701,0.8460003230720758,"[0.7408230900764465, 0.7764182090759277]",0.7865,0.3114571746384872,0.3309232480533927,0.41212458286985537,0.42324805339265853,0.41768631813125695,0.41768631813125695,0.3120133481646274
129,0.42547274749721914,0.2537161826873199,0.15678179144910406,0.15718425308309242,0.42602892102335926,0.06818712502717972,0.05810520984232426,0.0,0.057241255417466164,0.7203564209630713,"[0.7408230900764465, 0.7764182090759277]",0.7669,0.30589543937708563,0.32146829810901,0.4021134593993326,0.40989988876529476,0.40989988876529476,0.40989988876529476,0.3047830923248053
130,0.42380422691879865,0.2486846027227969,0.1508628792019021,0.15431902750840065,0.42491657397107896,0.06508319824934006,0.058081457391381264,0.0,0.057225361466407776,0.7666363070020452,"[0.7408230900764465, 0.7764182090759277]",0.7931,0.31090100111234703,0.3225806451612903,0.407119021134594,0.42269187986651835,0.41879866518353726,0.41879866518353726,0.3114571746384872
131,0.41434927697441604,0.24869047203324457,0.1571421667995647,0.15242175754328244,0.42491657397107896,0.06707131862640381,0.05805489979684353,0.0,0.0572114922106266,0.6582691649673507,"[0.7408230900764465, 0.7764182090759277]",0.8358,0.3431590656284761,0.339265850945495,0.39599555061179087,0.40767519466073415,0.41101223581757507,0.41101223581757507,0.3431590656284761
132,0.42380422691879865,0.2506440655056056,0.15230326874488526,0.15212417763051908,0.42380422691879865,0.06796148419380188,0.05802613124251366,0.0,0.057210829108953476,0.9098550160415471,"[0.7408230900764465, 0.7764182090759277]",0.8043,0.3409343715239155,0.3370411568409344,0.3943270300333704,0.40767519466073415,0.40600667408231367,0.40600667408231367,0.3409343715239155
133,0.4271412680756396,0.2650107176180496,0.17001151026249803,0.1570510917997844,0.4271412680756396,0.06639518588781357,0.05798700638115406,0.0,0.05721849016845226,0.7628002770943567,"[0.7408230900764465, 0.7764182090759277]",1.1344,0.3275862068965517,0.3242491657397108,0.3720800889877642,0.39043381535038935,0.37875417130144606,0.37875417130144606,0.3275862068965517
134,0.41935483870967744,0.24206578654098976,0.1479271859454223,0.14265024222051417,0.41991101223581756,0.06876962631940842,0.05795221030712128,0.0,0.05722045712172985,0.8608430569292977,"[0.7408230900764465, 0.7764182090759277]",0.9343,0.332035595105673,0.3259176863181313,0.39488320355951056,0.40878754171301446,0.40433815350389324,0.40433815350389324,0.332035595105673
135,0.39877641824249166,0.2213593975468252,0.148044385561288,0.13995642577835915,0.41101223581757507,0.06747324019670486,0.05792534537613392,0.0,0.05721373111009598,0.6303470570128411,"[0.7408230900764465, 0.7764182090759277]",0.5942,0.3342602892102336,0.3281423804226919,0.39655172413793105,0.41101223581757507,0.40489432703003336,0.40489432703003336,0.3342602892102336
136,0.40100111234705227,0.22333641360324197,0.15011159464878027,0.14064021886615194,0.41156840934371525,0.06736362725496292,0.0579041987657547,0.0,0.05720764584839344,0.4728374200640246,"[0.7408230900764465, 0.7764182090759277]",0.5392,0.3047830923248053,0.3292547274749722,0.40767519466073415,0.4021134593993326,0.40155728587319245,0.40155728587319245,0.3031145717463849
137,0.40155728587319245,0.22443362329158945,0.15070898348667014,0.14235245549073805,0.41212458286985537,0.06729654222726822,0.05788377858698368,0.0,0.05720068700611591,0.639466218999587,"[0.7408230900764465, 0.7764182090759277]",0.5645,0.3403781979977753,0.3476084538375973,0.41546162402669634,0.42547274749721914,0.42880978865406005,0.42880978865406005,0.3414905450500556
138,0.40767519466073415,0.2558062710836818,0.16762671020944842,0.13620997638073384,0.40934371523915464,0.06730978190898895,0.0578648466616869,0.0,0.05719576217234135,0.4855934960069135,"[0.7408230900764465, 0.7764182090759277]",0.5065,0.332035595105673,0.328698553948832,0.37652947719688545,0.3943270300333704,0.3870967741935484,0.3870967741935484,0.332035595105673
139,0.4032258064516129,0.24472739188085102,0.15976191609580195,0.15212687912974446,0.41546162402669634,0.06694212555885315,0.0578464362770319,0.0,0.05718964524567127,0.6124610180268064,"[0.7408230900764465, 0.7764182090759277]",0.7437,0.29477196885428253,0.3103448275862069,0.39766407119021135,0.38876529477196886,0.37764182424916576,0.37764182424916576,0.2936596218020022
140,0.42547274749721914,0.2521129947870737,0.1569306282362461,0.15160545767627764,0.42602892102335926,0.06734061986207962,0.05782824754714966,0.0,0.05718410015106201,0.5961090549826622,"[0.7408230900764465, 0.7764182090759277]",0.7936,0.3759733036707453,0.3982202447163515,0.432146829810901,0.42825361512791993,0.42436040044493883,0.42436040044493883,0.314238042269188
141,0.3793103448275862,0.24608052180806805,0.17054877554269343,0.12837951122422991,0.39877641824249166,0.06888134777545929,0.057807326316833496,0.0,0.05717822350561619,0.6790476980386302,"[0.7408230900764465, 0.7764182090759277]",1.1919,0.3781979977753059,0.40989988876529476,0.43047830923248054,0.41768631813125695,0.41490545050055616,0.41490545050055616,0.3197997775305895
142,0.41824249165739713,0.24501425302011082,0.14797654374445382,0.14895784911909032,0.42436040044493883,0.06852846592664719,0.05779043212532997,0.0,0.0571720153093338,0.8195212311111391,"[0.7408230900764465, 0.7764182090759277]",0.4905,0.3403781979977753,0.3431590656284761,0.37486095661846497,0.38765294771968856,0.38987764182424917,0.38987764182424917,0.3414905450500556
143,0.42157953281423804,0.266577815500737,0.1842669667260398,0.1563377316808383,0.42380422691879865,0.06205892935395241,0.057775627821683884,0.0,0.05716567300260067,0.5182541869580746,"[0.7408230900764465, 0.7764182090759277]",0.483,0.3253615127919911,0.3281423804226919,0.40044493882091214,0.41490545050055616,0.40878754171301446,0.40878754171301446,0.3270300333704116
144,0.42157953281423804,0.2663332198128324,0.18526139442417083,0.15598801675255974,0.42324805339265853,0.06237887591123581,0.057761050760746,0.0,0.057159826159477234,0.505714138969779,"[0.7408230900764465, 0.7764182090759277]",0.5553,0.40100111234705227,0.42324805339265853,0.42936596218020023,0.43882091212458285,0.43659621802002224,0.43659621802002224,0.3503893214682981
145,0.3882091212458287,0.20918462208357347,0.13642281824261074,0.13650896278847982,0.40489432703003336,0.06976394355297089,0.057747045531868935,0.0,0.05715387500822544,0.4739994090050459,"[0.7408230900764465, 0.7764182090759277]",0.5289,0.3403781979977753,0.3654060066740823,0.42102335928809786,0.42157953281423804,0.41991101223581756,0.41991101223581756,0.3353726362625139
146,0.39043381535038935,0.21192576311638778,0.13682838009859638,0.13988766800068406,0.40878754171301446,0.0667855367064476,0.05773354507982731,0.0,0.05714826099574566,0.46013575699180365,"[0.7408230900764465, 0.7764182090759277]",0.5202,0.3192436040044494,0.3654060066740823,0.41824249165739713,0.41713014460511677,0.42324805339265853,0.42324805339265853,0.3047830923248053
147,0.39098998887652947,0.22037238038253348,0.1371996712253879,0.14116640228348173,0.40989988876529476,0.06653466820716858,0.05772078596055508,0.0,0.05714237503707409,0.52798264590092,"[0.7408230900764465, 0.7764182090759277]",0.5738,0.3259176863181313,0.3692992213570634,0.41546162402669634,0.42046718576195774,0.4221357063403782,0.4221357063403782,0.3236929922135706
148,0.3932146829810901,0.22289168320291197,0.13796181079827216,0.14178727369465516,0.41101223581757507,0.06644947826862335,0.057709693908691406,0.0,0.05713643506169319,0.46047239506151527,"[0.7408230900764465, 0.7764182090759277]",0.5218,0.3309232480533927,0.3314794215795328,0.41434927697441604,0.41713014460511677,0.42102335928809786,0.42102335928809786,0.3303670745272525
149,0.39377085650723026,0.22360581857883832,0.13857492007065872,0.14263919598117583,0.41101223581757507,0.06638965010643005,0.05769737809896469,0.0,0.057130200788378716,0.4567120580468327,"[0.7408230900764465, 0.7764182090759277]",0.5147,0.41045606229143494,0.42046718576195774,0.43270300333704115,0.4271412680756396,0.4410456062291435,0.4410456062291435,0.3503893214682981
150,0.3932146829810901,0.22247523783136947,0.13834052699801122,0.1425592275694026,0.41101223581757507,0.06635593622922897,0.05768725275993347,0.0,0.05712376348674297,0.4438743769424036,"[0.7408230900764465, 0.7764182090759277]",0.4927,0.3281423804226919,0.3375973303670745,0.41490545050055616,0.42547274749721914,0.42936596218020023,0.42936596218020023,0.31590656284760843
151,0.40600667408231367,0.23773003395207637,0.15729428926841227,0.1555398405609261,0.41879866518353726,0.06660137325525284,0.05767715536057949,0.0,0.05711759068071842,0.7079029279993847,"[0.7408230900764465, 0.7764182090759277]",0.7976,0.3398220244716352,0.3403781979977753,0.41991101223581756,0.42157953281423804,0.432146829810901,0.432146829810901,0.3403781979977753
152,0.4082313681868743,0.23741067417454698,0.14706308638655274,0.1511878201729363,0.41768631813125695,0.06772289425134659,0.05766723304986954,0.0,0.057111041620373726,0.7214740260969847,"[0.7408230900764465, 0.7764182090759277]",0.6487,0.3303670745272525,0.3387096774193548,0.41935483870967744,0.4221357063403782,0.43047830923248054,0.43047830923248054,0.3253615127919911
153,0.42936596218020023,0.2642130970410147,0.18052114212529388,0.16318085805102708,0.43103448275862066,0.06719973683357239,0.0576576367020607,0.0,0.0571046844124794,0.49480718502309173,"[0.7408230900764465, 0.7764182090759277]",0.5093,0.346496106785317,0.3431590656284761,0.41101223581757507,0.4021134593993326,0.39877641824249166,0.39877641824249166,0.346496106785317
154,0.42436040044493883,0.24809207804297795,0.15392074947516118,0.14593295992541958,0.42436040044493883,0.06689897179603577,0.05764888413250446,0.0,0.057098234072327614,0.4864136551041156,"[0.7408230900764465, 0.7764182090759277]",0.5147,0.3448275862068966,0.3409343715239155,0.40934371523915464,0.40545050055617354,0.40100111234705227,0.40100111234705227,0.3448275862068966
155,0.4221357063403782,0.24568538413022467,0.16120259149868374,0.15054098588651146,0.4221357063403782,0.06451082229614258,0.057640498504042625,0.0,0.057091888040304184,0.5502390739275143,"[0.7408230900764465, 0.7764182090759277]",0.5444,0.3470522803114572,0.3437152391546162,0.41323692992213573,0.407119021134594,0.40545050055617354,0.40545050055617354,0.3470522803114572
156,0.42324805339265853,0.24700968676524393,0.16285908335008698,0.15120988216610756,0.42324805339265853,0.06397192925214767,0.057632509618997574,0.0,0.05708528496325016,0.4973121628863737,"[0.7408230900764465, 0.7764182090759277]",0.5961,0.346496106785317,0.3431590656284761,0.41268075639599555,0.407119021134594,0.40600667408231367,0.40600667408231367,0.346496106785317
157,0.42547274749721914,0.249659033983485,0.16460527904571218,0.1526381036631428,0.42547274749721914,0.0639403760433197,0.05762512609362602,0.0,0.05707860551774502,0.445410909014754,"[0.7408230900764465, 0.7764182090759277]",0.6195,0.3453837597330367,0.3414905450500556,0.41156840934371525,0.40656284760845385,0.40489432703003336,0.40489432703003336,0.3453837597330367
158,0.42547274749721914,0.24979572020190877,0.1647987720407138,0.1524842572933692,0.42547274749721914,0.06392163038253784,0.057617634534835815,0.0,0.057071980088949203,0.6102795499609783,"[0.7408230900764465, 0.7764182090759277]",0.5835,0.3453837597330367,0.3414905450500556,0.40989988876529476,0.40489432703003336,0.40433815350389324,0.40433815350389324,0.3453837597330367
159,0.42491657397107896,0.24888229176851207,0.16455652483131414,0.15252186683129795,0.42491657397107896,0.06392034888267517,0.05761083960533142,0.0,0.057065317407250404,0.5036841430701315,"[0.7408230900764465, 0.7764182090759277]",0.5239,0.3364849833147942,0.3325917686318131,0.40656284760845385,0.41546162402669634,0.41713014460511677,0.41713014460511677,0.3364849833147942
160,0.42658509454949944,0.25088358928393906,0.16499513248590536,0.15340269349008567,0.42658509454949944,0.06389400362968445,0.05760398134589195,0.0,0.05705859884619713,0.6020650250138715,"[0.7408230900764465, 0.7764182090759277]",0.6885,0.3359288097886541,0.332035595105673,0.40600667408231367,0.41434927697441604,0.41546162402669634,0.41546162402669634,0.3359288097886541
161,0.42602892102335926,0.25038449620796055,0.16433587508574207,0.15300681222413345,0.42602892102335926,0.06386367231607437,0.05759738199412823,0.0,0.05705191753804684,0.45583469106350094,"[0.7408230900764465, 0.7764182090759277]",0.517,0.3470522803114572,0.3431590656284761,0.40989988876529476,0.40656284760845385,0.40433815350389324,0.40433815350389324,0.3470522803114572
162,0.42602892102335926,0.2502475892624446,0.1641864214057882,0.15249036441907587,0.42602892102335926,0.06385039538145065,0.05759071186184883,0.0,0.05704524926841259,0.47882526100147516,"[0.7408230900764465, 0.7764182090759277]",0.6978,0.3459399332591769,0.3420467185761958,0.40656284760845385,0.4021134593993326,0.40155728587319245,0.40155728587319245,0.3459399332591769
163,0.42602892102335926,0.2502484981017169,0.16391235134919555,0.15231066744840308,0.42602892102335926,0.06383633613586426,0.05758456140756607,0.0,0.05703853443264961,0.569792250986211,"[0.7408230900764465, 0.7764182090759277]",0.7938,0.346496106785317,0.3431590656284761,0.40600667408231367,0.4021134593993326,0.39933259176863184,0.39933259176863184,0.346496106785317
164,0.42602892102335926,0.250121239161219,0.1637348823625582,0.15186054220919865,0.42602892102335926,0.06382158398628235,0.05757833831012249,0.0,0.05703183263540268,0.5950672909384593,"[0.7408230900764465, 0.7764182090759277]",0.7804,0.3470522803114572,0.3453837597330367,0.40656284760845385,0.40266963292547275,0.39933259176863184,0.39933259176863184,0.3470522803114572
165,0.4271412680756396,0.25150794510449315,0.1642600727802587,0.15326735916525142,0.4271412680756396,0.06382165849208832,0.0575721338391304,0.0,0.05702534504234791,0.6491830110317096,"[0.7408230900764465, 0.7764182090759277]",0.777,0.3092324805339266,0.35873192436040047,0.39877641824249166,0.39265850945494996,0.4032258064516129,0.4032258064516129,0.3081201334816463
166,0.42769744160177975,0.25211644906273134,0.16443373328621091,0.15332414467766314,0.42769744160177975,0.06379550695419312,0.057565921917557716,0.0,0.05701870657503605,0.5895354819949716,"[0.7408230900764465, 0.7764182090759277]",0.7348,0.3097886540600667,0.3609566184649611,0.39766407119021135,0.39377085650723026,0.40044493882091214,0.40044493882091214,0.3086763070077864
167,0.42769744160177975,0.25203995498030385,0.16458186841154918,0.15334322256883928,0.42769744160177975,0.06379303336143494,0.05755991116166115,0.0,0.0570124052464962,0.4867808979470283,"[0.7408230900764465, 0.7764182090759277]",0.6356,0.3103448275862069,0.3620689655172414,0.39599555061179087,0.39488320355951056,0.40044493882091214,0.40044493882091214,0.3092324805339266
168,0.42269187986651835,0.24329759555561137,0.16099562684091934,0.15389473571116077,0.43548387096774194,0.06699866056442261,0.05755358375608921,0.0,0.05700621008872986,0.5969417119631544,"[0.7408230900764465, 0.7764182090759277]",0.5013,0.3298109010011123,0.3531701890989989,0.37374860956618466,0.39599555061179087,0.40100111234705227,0.40100111234705227,0.3086763070077864
169,0.42324805339265853,0.2634096487447324,0.18090838460499942,0.15491853015659635,0.42324805339265853,0.07807369530200958,0.057546431198716164,0.0,0.05699995718896389,0.5180520550347865,"[0.7408230900764465, 0.7764182090759277]",0.7016,0.3131256952169077,0.3659621802002225,0.39933259176863184,0.40100111234705227,0.4032258064516129,0.4032258064516129,0.3114571746384872
170,0.41657397107897665,0.25051509399248406,0.17510472515047928,0.14318247898951125,0.41657397107897665,0.06774632632732391,0.05753907933831215,0.0,0.056994425132870674,0.6471621049568057,"[0.7408230900764465, 0.7764182090759277]",0.5966,0.314238042269188,0.3654060066740823,0.39988876529477196,0.4021134593993326,0.40489432703003336,0.40489432703003336,0.31090100111234703
171,0.41601779755283647,0.26063346077115956,0.17529594978645582,0.14654949595553063,0.41713014460511677,0.06578516960144043,0.05753048323094845,0.0,0.05698898993432522,0.49912493908777833,"[0.7408230900764465, 0.7764182090759277]",0.7536,0.3092324805339266,0.332035595105673,0.40545050055617354,0.41824249165739713,0.41879866518353726,0.41879866518353726,0.3086763070077864
172,0.41824249165739713,0.25593750012363403,0.18053917884003196,0.1686186116433874,0.43325917686318133,0.0641772672533989,0.05752343498170376,0.0,0.056984078139066696,0.6053917879471555,"[0.7408230900764465, 0.7764182090759277]",0.7591,0.3114571746384872,0.332035595105673,0.40934371523915464,0.42102335928809786,0.42269187986651835,0.42269187986651835,0.3103448275862069
173,0.41768631813125695,0.2553743408155612,0.1811245551438037,0.1682634222882062,0.43325917686318133,0.06253620237112045,0.057515693828463554,0.0,0.05698070861399174,0.6101201860001311,"[0.7408230900764465, 0.7764182090759277]",0.7786,0.3175750834260289,0.3576195773081201,0.41768631813125695,0.42880978865406005,0.43047830923248054,0.43047830923248054,0.30700778642936594
174,0.41490545050055616,0.2532671359072478,0.18098047210081483,0.1662709334862892,0.43270300333704115,0.06243355572223663,0.05750652588903904,0.0,0.05697525106370449,0.45604410697706044,"[0.7408230900764465, 0.7764182090759277]",0.6252,0.3192436040044494,0.3576195773081201,0.41713014460511677,0.42658509454949944,0.42936596218020023,0.42936596218020023,0.3053392658509455
175,0.41490545050055616,0.2541895982985315,0.1807880118670103,0.16796046371448847,0.43325917686318133,0.06240078806877136,0.05749845504760742,0.0,0.056970177218317986,0.46823704394046217,"[0.7408230900764465, 0.7764182090759277]",0.5767,0.3186874304783092,0.35984427141268077,0.41657397107897665,0.42547274749721914,0.42880978865406005,0.42880978865406005,0.30700778642936594
176,0.42936596218020023,0.2730504055711256,0.1815723444932229,0.1640814944530834,0.43270300333704115,0.06193915009498596,0.057491496205329895,0.0,0.056964876130223274,0.4888531209435314,"[0.7408230900764465, 0.7764182090759277]",0.546,0.3092324805339266,0.3298109010011123,0.3982202447163515,0.41824249165739713,0.42046718576195774,0.42046718576195774,0.3064516129032258
177,0.40433815350389324,0.23941028424091038,0.15973983530860386,0.15946783228683076,0.42992213570634036,0.06374739110469818,0.05748497322201729,0.0,0.056960348039865494,0.45772128994576633,"[0.7408230900764465, 0.7764182090759277]",0.6849,0.3431590656284761,0.3448275862068966,0.40433815350389324,0.407119021134594,0.41379310344827586,0.41379310344827586,0.3431590656284761
178,0.3982202447163515,0.23178595600877272,0.15505282936023174,0.16226428692040992,0.43770856507230255,0.062414590269327164,0.057480910792946815,0.0,0.05695821903645992,0.572755326051265,"[0.7408230900764465, 0.7764182090759277]",0.645,0.3409343715239155,0.3414905450500556,0.3932146829810901,0.40100111234705227,0.40155728587319245,0.40155728587319245,0.3409343715239155
179,0.40934371523915464,0.21750900418931962,0.14104066080045025,0.13064673014915829,0.41601779755283647,0.06348763406276703,0.05747366137802601,0.0,0.056954530999064445,0.632220534957014,"[0.7408230900764465, 0.7764182090759277]",0.7971,0.3420467185761958,0.3431590656284761,0.39265850945494996,0.40155728587319245,0.4032258064516129,0.4032258064516129,0.3420467185761958
180,0.41045606229143494,0.2184778878055602,0.141595201769427,0.13116626709889348,0.41601779755283647,0.0634884238243103,0.05747132562100887,0.0,0.05694640800356865,0.6604820069624111,"[0.7408230900764465, 0.7764182090759277]",0.524,0.3414905450500556,0.3426028921023359,0.3932146829810901,0.4032258064516129,0.40489432703003336,0.40489432703003336,0.3414905450500556
181,0.40989988876529476,0.21773964047675087,0.1415827827723573,0.13056922004591526,0.41323692992213573,0.06333352625370026,0.057471754029393196,0.0,0.056936753913760185,0.4618974659824744,"[0.7408230900764465, 0.7764182090759277]",0.5405,0.3437152391546162,0.3387096774193548,0.40767519466073415,0.41824249165739713,0.42324805339265853,0.42324805339265853,0.3437152391546162
182,0.41156840934371525,0.22622879870227597,0.1464918300406033,0.13687250077896546,0.41657397107897665,0.0628833994269371,0.05747277848422527,0.0,0.05692650005221367,0.6243316150503233,"[0.7408230900764465, 0.7764182090759277]",0.7325,0.3442714126807564,0.3398220244716352,0.407119021134594,0.41824249165739713,0.41935483870967744,0.41935483870967744,0.3442714126807564
183,0.41212458286985537,0.22745884729750865,0.14819863093050312,0.1387989163956784,0.41379310344827586,0.06248490512371063,0.05747389234602451,0.0,0.056916648522019386,0.6245358670130372,"[0.7408230900764465, 0.7764182090759277]",0.5101,0.3353726362625139,0.3375973303670745,0.40155728587319245,0.41268075639599555,0.41546162402669634,0.41546162402669634,0.3309232480533927
184,0.41101223581757507,0.22656897375322116,0.14816922219827308,0.1365237023740619,0.41434927697441604,0.06208089739084244,0.057474398985505104,0.0,0.05690769664943218,0.5470360319595784,"[0.7408230900764465, 0.7764182090759277]",0.8989,0.3353726362625139,0.3370411568409344,0.40100111234705227,0.41212458286985537,0.41379310344827586,0.41379310344827586,0.3303670745272525
185,0.41101223581757507,0.22774310747819926,0.14650032582805003,0.13687867048657149,0.41434927697441604,0.061721447855234146,0.05747446417808533,0.0,0.05689907632768154,0.4737903190543875,"[0.7408230900764465, 0.7764182090759277]",0.4826,0.3359288097886541,0.3370411568409344,0.40100111234705227,0.41156840934371525,0.41379310344827586,0.41379310344827586,0.3298109010011123
186,0.4082313681868743,0.22521374669371508,0.14500749197336396,0.13462793166127665,0.41323692992213573,0.06151597201824188,0.05747503414750099,0.0,0.05689030699431896,0.44369690492749214,"[0.7408230900764465, 0.7764182090759277]",0.488,0.3359288097886541,0.3370411568409344,0.40044493882091214,0.41101223581757507,0.41323692992213573,0.41323692992213573,0.3309232480533927
187,0.40934371523915464,0.22758168744880325,0.14537820816024724,0.13444427010425058,0.41434927697441604,0.061354972422122955,0.05747551470994949,0.0,0.056881774216890335,0.46894056804012507,"[0.7408230900764465, 0.7764182090759277]",0.5434,0.3348164627363737,0.3370411568409344,0.40044493882091214,0.41101223581757507,0.41323692992213573,0.41323692992213573,0.3309232480533927
188,0.41601779755283647,0.22399080577697106,0.14873697962576787,0.1396159367942863,0.41601779755283647,0.06150136888027191,0.05747630447149277,0.0,0.05687330663204193,0.5438764569116756,"[0.7408230900764465, 0.7764182090759277]",0.6458,0.3342602892102336,0.3370411568409344,0.39988876529477196,0.41101223581757507,0.41212458286985537,0.41212458286985537,0.3303670745272525
189,0.42269187986651835,0.23630060471545467,0.15764811391272457,0.14595639040233943,0.42269187986651835,0.0616726353764534,0.057476701214909554,0.0,0.05686511471867561,0.4538637950317934,"[0.7408230900764465, 0.7764182090759277]",0.6235,0.3192436040044494,0.32091212458286983,0.3932146829810901,0.39655172413793105,0.40433815350389324,0.40433815350389324,0.3186874304783092
190,0.42269187986651835,0.2359926625454548,0.15604136777606384,0.14439233945478383,0.42269187986651835,0.06071066856384277,0.057477058842778206,0.0,0.056857213377952576,0.6792655090102926,"[0.7408230900764465, 0.7764182090759277]",0.7837,0.3186874304783092,0.32146829810901,0.3932146829810901,0.39543937708565075,0.39933259176863184,0.39933259176863184,0.3181312569521691
191,0.41045606229143494,0.21745392911312156,0.1491466908419497,0.13461537380539956,0.41768631813125695,0.05415875092148781,0.057477276772260666,0.0,0.056849513202905655,0.6850721980445087,"[0.7408230900764465, 0.7764182090759277]",0.7208,0.3003337041156841,0.3120133481646274,0.3921023359288098,0.41212458286985537,0.40155728587319245,0.40155728587319245,0.30088987764182423
192,0.41212458286985537,0.21965874959709797,0.1501075637192081,0.13673647703891662,0.41935483870967744,0.05300382152199745,0.05747736059129238,0.0,0.05684201605618,0.5880646760342643,"[0.7408230900764465, 0.7764182090759277]",0.7359,0.3270300333704116,0.3375973303670745,0.3932146829810901,0.40656284760845385,0.39377085650723026,0.39377085650723026,0.332035595105673
193,0.41268075639599555,0.2203970100042909,0.15025907454792048,0.13678306907856952,0.41991101223581756,0.05310165882110596,0.05747690796852112,0.0,0.05683476664125919,0.6394656529882923,"[0.7408230900764465, 0.7764182090759277]",0.5408,0.3331479421579533,0.3375973303670745,0.41379310344827586,0.41768631813125695,0.41768631813125695,0.41768631813125695,0.3325917686318131
194,0.41212458286985537,0.2197301942210752,0.1500484411651112,0.13664712993419936,0.41935483870967744,0.053126778453588486,0.05747680552303791,0.0,0.05682738125324249,0.5406214360846207,"[0.7408230900764465, 0.7764182090759277]",0.4972,0.31590656284760843,0.3236929922135706,0.407119021134594,0.42602892102335926,0.41935483870967744,0.41935483870967744,0.3164627363737486
195,0.41323692992213573,0.22113527041148373,0.1505803273629011,0.13700360473292664,0.42046718576195774,0.0531182661652565,0.05747668258845806,0.0,0.0568200945854187,0.4462883580708876,"[0.7408230900764465, 0.7764182090759277]",0.5301,0.314238042269188,0.3236929922135706,0.40656284760845385,0.42547274749721914,0.41713014460511677,0.41713014460511677,0.3147942157953281
196,0.39655172413793105,0.22250182534697538,0.14657003145302414,0.1419786286434163,0.40767519466073415,0.06942212581634521,0.057476622983813286,0.0,0.056812865659594536,0.4325530070345849,"[0.7408230900764465, 0.7764182090759277]",0.4838,0.3181312569521691,0.3203559510567297,0.407119021134594,0.42324805339265853,0.41768631813125695,0.41768631813125695,0.3181312569521691
197,0.3982202447163515,0.22099424505832632,0.14808698952113517,0.14249595428956427,0.41156840934371525,0.06513242423534393,0.057477282360196114,0.0,0.056805580854415894,0.4559152160072699,"[0.7408230900764465, 0.7764182090759277]",0.6965,0.3175750834260289,0.3220244716351502,0.41101223581757507,0.42324805339265853,0.41935483870967744,0.41935483870967744,0.3175750834260289
198,0.41212458286985537,0.2265980603970119,0.15052804246903873,0.1389422324968774,0.41212458286985537,0.06590168178081512,0.057477567344903946,0.0,0.056798502802848816,0.4427216430194676,"[0.7408230900764465, 0.7764182090759277]",0.5002,0.3164627363737486,0.3197997775305895,0.40934371523915464,0.4221357063403782,0.41824249165739713,0.41824249165739713,0.3170189098998888
199,0.40878754171301446,0.2205565757691057,0.14772792272991683,0.1362599553870395,0.41045606229143494,0.06570816785097122,0.05747712589800358,0.0,0.05679175443947315,0.4606267859926447,"[0.7408230900764465, 0.7764182090759277]",0.4972,0.3131256952169077,0.3309232480533927,0.38375973303670746,0.41935483870967744,0.41824249165739713,0.41824249165739713,0.3136818687430478
200,0.40600667408231367,0.21597012603588972,0.14617647581635734,0.13331433018764113,0.4082313681868743,0.06574559211730957,0.057476213201880455,0.0,0.056785255670547485,0.4852999340509996,"[0.7408230900764465, 0.7764182090759277]",0.4978,0.3164627363737486,0.3342602892102336,0.3843159065628476,0.42157953281423804,0.41935483870967744,0.41935483870967744,0.3153503893214683
201,0.40433815350389324,0.21242882073602298,0.14648971897967755,0.1321994079937583,0.4082313681868743,0.06578627973794937,0.05747603997588158,0.0,0.05677841231226921,0.48036064696498215,"[0.7408230900764465, 0.7764182090759277]",0.4813,0.332035595105673,0.3337041156840934,0.3982202447163515,0.41212458286985537,0.407119021134594,0.407119021134594,0.332035595105673
202,0.40545050055617354,0.21340475485989274,0.14812465255404594,0.13325874019905024,0.4082313681868743,0.0659479945898056,0.05747547000646591,0.0,0.05677183158695698,0.4450975669315085,"[0.7408230900764465, 0.7764182090759277]",0.4844,0.332035595105673,0.3342602892102336,0.39766407119021135,0.41268075639599555,0.407119021134594,0.407119021134594,0.332035595105673
203,0.40600667408231367,0.2125082429209303,0.14639625750612703,0.13172451663213083,0.407119021134594,0.06597870588302612,0.05747501738369465,0.0,0.05676541477441788,0.4410266550257802,"[0.7408230900764465, 0.7764182090759277]",0.5746,0.3370411568409344,0.3403781979977753,0.41156840934371525,0.42102335928809786,0.41268075639599555,0.41268075639599555,0.3381535038932147
204,0.40545050055617354,0.2110966633995136,0.14522743298336213,0.12990253726156226,0.40545050055617354,0.06593269109725952,0.05747418850660324,0.0,0.056759098544716835,0.5776140940142795,"[0.7408230900764465, 0.7764182090759277]",0.5102,0.3364849833147942,0.3370411568409344,0.40989988876529476,0.42102335928809786,0.40989988876529476,0.40989988876529476,0.3331479421579533
205,0.40489432703003336,0.20974921677737413,0.14371956633314717,0.12825868580168412,0.40489432703003336,0.06585979461669922,0.05747285112738609,0.0,0.05675303936004639,0.5752492570318282,"[0.7408230900764465, 0.7764182090759277]",0.6366,0.3348164627363737,0.3581757508342603,0.4082313681868743,0.41824249165739713,0.41935483870967744,0.41935483870967744,0.3364849833147942
206,0.40600667408231367,0.21165117897368624,0.14519797681101757,0.13024484835965647,0.40600667408231367,0.06579101085662842,0.05747130326926708,0.0,0.0567470733076334,0.4533475630450994,"[0.7408230900764465, 0.7764182090759277]",0.5941,0.3337041156840934,0.3375973303670745,0.40934371523915464,0.41879866518353726,0.40934371523915464,0.40934371523915464,0.3281423804226919
207,0.40767519466073415,0.214894483265047,0.1455154868622513,0.13168893339608512,0.4082313681868743,0.06571678817272186,0.057469552382826805,0.0,0.05674124322831631,0.4272448100382462,"[0.7408230900764465, 0.7764182090759277]",0.5154,0.3325917686318131,0.3398220244716352,0.42046718576195774,0.4221357063403782,0.407119021134594,0.407119021134594,0.3364849833147942
208,0.40656284760845385,0.21364514826648418,0.14515243216281304,0.13181781498546116,0.40767519466073415,0.06564619392156601,0.05746782198548317,0.0,0.05673535354435444,0.46749469998758286,"[0.7408230900764465, 0.7764182090759277]",0.5389,0.3403781979977753,0.3481646273637375,0.41601779755283647,0.41490545050055616,0.40767519466073415,0.40767519466073415,0.3459399332591769
209,0.40545050055617354,0.21245203467229923,0.14484285457631377,0.1305333578527266,0.407119021134594,0.06557407230138779,0.057465847581624985,0.0,0.05672954209148884,0.4589044530875981,"[0.7408230900764465, 0.7764182090759277]",0.6035,0.3414905450500556,0.3481646273637375,0.41434927697441604,0.41546162402669634,0.40545050055617354,0.40545050055617354,0.3459399332591769
210,0.40545050055617354,0.21240782354570586,0.14536467521054758,0.13123695438608451,0.407119021134594,0.06552457064390182,0.0574639979749918,0.0,0.05672367103397846,0.5041330920066684,"[0.7408230900764465, 0.7764182090759277]",0.7421,0.3331479421579533,0.3375973303670745,0.41379310344827586,0.41824249165739713,0.41268075639599555,0.41268075639599555,0.3370411568409344
211,0.42547274749721914,0.2634937428052869,0.16866008826017326,0.1682402167288212,0.42825361512791993,0.06386005133390427,0.057462045922875404,0.0,0.05671788938343525,0.45370169705711305,"[0.7408230900764465, 0.7764182090759277]",0.4882,0.3031145717463849,0.3337041156840934,0.4032258064516129,0.41935483870967744,0.40934371523915464,0.40934371523915464,0.30088987764182423
212,0.42491657397107896,0.25945570871708923,0.16757058922215182,0.16636211418886485,0.42658509454949944,0.06236325204372406,0.057460056617856026,0.0,0.05671215429902077,0.4481713119894266,"[0.7408230900764465, 0.7764182090759277]",0.5279,0.3248053392658509,0.332035595105673,0.41156840934371525,0.41657397107897665,0.41156840934371525,0.41156840934371525,0.3314794215795328
213,0.41546162402669634,0.26158692745280243,0.1743529553829943,0.15366170660455913,0.42602892102335926,0.06174267828464508,0.05745764449238777,0.0,0.05670657940208912,0.4905953430570662,"[0.7408230900764465, 0.7764182090759277]",0.7594,0.3331479421579533,0.3403781979977753,0.40934371523915464,0.41156840934371525,0.40378197997775306,0.40378197997775306,0.3331479421579533
214,0.41379310344827586,0.25133765047580203,0.1733559750562082,0.16464779536615778,0.42547274749721914,0.06540670990943909,0.057455288246273994,0.0,0.05670100077986717,0.4900929359719157,"[0.7408230900764465, 0.7764182090759277]",0.6165,0.3403781979977753,0.3453837597330367,0.41101223581757507,0.41379310344827586,0.40767519466073415,0.40767519466073415,0.3403781979977753
215,0.41045606229143494,0.2488630751968507,0.17532589488169847,0.16471834131303734,0.42602892102335926,0.06434941291809082,0.057452818378806114,0.0,0.05669545382261276,0.47362104896456003,"[0.7408230900764465, 0.7764182090759277]",0.604,0.3281423804226919,0.3364849833147942,0.39599555061179087,0.40489432703003336,0.39488320355951056,0.39488320355951056,0.3281423804226919
216,0.40600667408231367,0.24407953551924388,0.17264651291775043,0.16463790443589257,0.42380422691879865,0.06411425769329071,0.05745009146630764,0.0,0.056689970195293427,0.6839865460060537,"[0.7408230900764465, 0.7764182090759277]",0.5433,0.3420467185761958,0.3492769744160178,0.40989988876529476,0.41268075639599555,0.41045606229143494,0.41045606229143494,0.3420467185761958
217,0.41601779755283647,0.25563184944672135,0.17158217034583736,0.16196957366052103,0.42380422691879865,0.07095327973365784,0.05744706466794014,0.0,0.05668461509048939,0.49939149199053645,"[0.7408230900764465, 0.7764182090759277]",0.5823,0.3175750834260289,0.3225806451612903,0.35984427141268077,0.3654060066740823,0.3781979977753059,0.3781979977753059,0.3181312569521691
218,0.40989988876529476,0.24431935669155658,0.16553790534166124,0.1611853437990742,0.41991101223581756,0.06806457042694092,0.05744409002363682,0.0,0.05667927861213684,0.5373885199660435,"[0.7408230900764465, 0.7764182090759277]",0.7062,0.3203559510567297,0.3309232480533927,0.382091212458287,0.39655172413793105,0.38876529477196886,0.38876529477196886,0.32091212458286983
219,0.40545050055617354,0.23951588557338532,0.16458575339527956,0.1614706554611909,0.42046718576195774,0.06734007596969604,0.05744029022753239,0.0,0.05667413771152496,0.6377596370875835,"[0.7408230900764465, 0.7764182090759277]",0.5433,0.3181312569521691,0.3281423804226919,0.37986651835372637,0.39543937708565075,0.38876529477196886,0.38876529477196886,0.3192436040044494
220,0.40266963292547275,0.238074269778365,0.1644016032836433,0.16171030641093767,0.42324805339265853,0.06693382561206818,0.05743679404258728,0.0,0.0566691979765892,0.48658068501390517,"[0.7408230900764465, 0.7764182090759277]",0.5397,0.339265850945495,0.3542825361512792,0.39655172413793105,0.3971078976640712,0.39154616240266965,0.39154616240266965,0.328698553948832
221,0.41379310344827586,0.24198745640139518,0.17190891992949814,0.14936234654413114,0.41824249165739713,0.06834384799003601,0.05743441544473171,0.0,0.056663716211915016,0.498951860005036,"[0.7408230900764465, 0.7764182090759277]",0.6957,0.3370411568409344,0.3431590656284761,0.38876529477196886,0.3971078976640712,0.38264738598442716,0.38264738598442716,0.3359288097886541
222,0.42102335928809786,0.2593772925370229,0.183339174170054,0.15669073072053763,0.42324805339265853,0.0671255886554718,0.05743119679391384,0.0,0.0566585473716259,0.7672685729339719,"[0.7408230900764465, 0.7764182090759277]",0.8989,0.3331479421579533,0.3420467185761958,0.38876529477196886,0.39655172413793105,0.382091212458287,0.382091212458287,0.3348164627363737
223,0.4221357063403782,0.2606922523787494,0.18342383062179102,0.15664219670691754,0.42380422691879865,0.06646537035703659,0.05742806941270828,0.0,0.05665335990488529,0.7620583130046725,"[0.7408230900764465, 0.7764182090759277]",0.8573,0.3370411568409344,0.3431590656284761,0.39988876529477196,0.40266963292547275,0.39154616240266965,0.39154616240266965,0.339265850945495
224,0.42046718576195774,0.2596238201899078,0.1836175008262584,0.1551355309513438,0.42324805339265853,0.06606228649616241,0.05742489732801914,0.0,0.05664818361401558,0.48136776010505855,"[0.7408230900764465, 0.7764182090759277]",0.5672,0.3370411568409344,0.3431590656284761,0.40044493882091214,0.4032258064516129,0.39154616240266965,0.39154616240266965,0.339265850945495
225,0.41991101223581756,0.25913872210778655,0.18194169321959977,0.1547903811956961,0.4221357063403782,0.06583096086978912,0.05742192827165127,0.0,0.05664290860295296,0.5417356210527942,"[0.7408230900764465, 0.7764182090759277]",0.5296,0.3359288097886541,0.3426028921023359,0.3982202447163515,0.40044493882091214,0.389321468298109,0.389321468298109,0.3387096774193548
226,0.42324805339265853,0.2511624992871183,0.17310728963949773,0.1419648933258162,0.42324805339265853,0.06376427412033081,0.05741868168115616,0.0,0.05663776770234108,0.4542506489669904,"[0.7408230900764465, 0.7764182090759277]",0.5044,0.3314794215795328,0.3359288097886541,0.41268075639599555,0.40934371523915464,0.40656284760845385,0.40656284760845385,0.3375973303670745
227,0.41935483870967744,0.24829284154782372,0.1729847644046056,0.1371684792413742,0.41991101223581756,0.0627494528889656,0.0574154369533062,0.0,0.05663258209824562,0.4458973240107298,"[0.7408230900764465, 0.7764182090759277]",0.5285,0.3298109010011123,0.3342602892102336,0.41045606229143494,0.4082313681868743,0.40656284760845385,0.40656284760845385,0.3353726362625139
228,0.40934371523915464,0.24977428117689682,0.16183485251940902,0.1520772862141104,0.4221357063403782,0.0682891458272934,0.057412389665842056,0.0,0.0566272996366024,0.45282657200004905,"[0.7408230900764465, 0.7764182090759277]",0.5414,0.3225806451612903,0.3259176863181313,0.40656284760845385,0.41045606229143494,0.4032258064516129,0.4032258064516129,0.3292547274749722
229,0.41546162402669634,0.26177760328463806,0.17971800853250008,0.15080767870762427,0.42269187986651835,0.06860330700874329,0.0574095007032156,0.0,0.05662206932902336,0.5298539450159296,"[0.7408230900764465, 0.7764182090759277]",0.673,0.3203559510567297,0.3275862068965517,0.3921023359288098,0.40100111234705227,0.39154616240266965,0.39154616240266965,0.3236929922135706
230,0.41546162402669634,0.2417100445737087,0.16211406701536518,0.14913805071696995,0.42491657397107896,0.06536024808883667,0.0574064776301384,0.0,0.056616730988025665,0.4554937279317528,"[0.7408230900764465, 0.7764182090759277]",0.5375,0.3298109010011123,0.3353726362625139,0.40767519466073415,0.41879866518353726,0.41713014460511677,0.41713014460511677,0.332035595105673
231,0.41713014460511677,0.24378773929815245,0.15766129724850594,0.14759786212977954,0.42436040044493883,0.06233316659927368,0.05740322917699814,0.0,0.05661146156489849,0.5071148900315166,"[0.7408230900764465, 0.7764182090759277]",0.5179,0.332035595105673,0.3370411568409344,0.41268075639599555,0.42269187986651835,0.41879866518353726,0.41879866518353726,0.3342602892102336
232,0.41268075639599555,0.23746918652423987,0.15402739920198857,0.14428456636811535,0.42269187986651835,0.061073124408721924,0.05740009993314743,0.0,0.05660613067448139,0.4659530830103904,"[0.7408230900764465, 0.7764182090759277]",0.5152,0.3353726362625139,0.3370411568409344,0.40878754171301446,0.41879866518353726,0.42046718576195774,0.42046718576195774,0.3370411568409344
233,0.4271412680756396,0.26179266623855624,0.16760265446148334,0.16522219784743514,0.4471635150166852,0.06129240244626999,0.05739684961736202,0.0,0.05660078674554825,0.4554820819757879,"[0.7408230900764465, 0.7764182090759277]",0.5462,0.332035595105673,0.3398220244716352,0.40100111234705227,0.41156840934371525,0.41045606229143494,0.41045606229143494,0.3331479421579533
234,0.41879866518353726,0.24965605924766332,0.16330031732047032,0.16147540887445713,0.42547274749721914,0.06517499685287476,0.057393571361899376,0.0,0.056595535948872566,0.5883319170679897,"[0.7408230900764465, 0.7764182090759277]",0.514,0.3298109010011123,0.3398220244716352,0.39488320355951056,0.40266963292547275,0.40155728587319245,0.40155728587319245,0.3309232480533927
235,0.41935483870967744,0.25089880793465136,0.16359942135990016,0.15907677754558602,0.42769744160177975,0.06433761864900589,0.05739031545817852,0.0,0.05659029074013233,0.4769860089290887,"[0.7408230900764465, 0.7764182090759277]",0.5036,0.3298109010011123,0.3403781979977753,0.39599555061179087,0.40378197997775306,0.40266963292547275,0.40266963292547275,0.3303670745272525
236,0.42324805339265853,0.25457662381691415,0.16478459851697158,0.16081287153294946,0.42992213570634036,0.06459179520606995,0.057386867702007294,0.0,0.056585151702165604,0.4980771499685943,"[0.7408230900764465, 0.7764182090759277]",0.5075,0.3298109010011123,0.3403781979977753,0.39655172413793105,0.40545050055617354,0.40433815350389324,0.40433815350389324,0.3298109010011123
237,0.42436040044493883,0.2559550821458888,0.1653550020105159,0.16066514108524313,0.43047830923248054,0.06490802019834518,0.057383524253964424,0.0,0.05658001825213432,0.47742927400395274,"[0.7408230900764465, 0.7764182090759277]",0.5113,0.3292547274749722,0.3398220244716352,0.39599555061179087,0.40600667408231367,0.40489432703003336,0.40489432703003336,0.3292547274749722
238,0.41935483870967744,0.2500290661321428,0.16767359992646547,0.14965010344794016,0.42380422691879865,0.06437726318836212,0.05738011375069618,0.0,0.056574881076812744,0.5038571070181206,"[0.7408230900764465, 0.7764182090759277]",0.5366,0.3298109010011123,0.3409343715239155,0.39488320355951056,0.40489432703003336,0.4032258064516129,0.4032258064516129,0.3303670745272525
239,0.40600667408231367,0.22133697524516416,0.14276158434818392,0.13841229136966904,0.41045606229143494,0.06377308070659637,0.05737663246691227,0.0,0.056569743901491165,0.5321493418887258,"[0.7408230900764465, 0.7764182090759277]",0.5112,0.3270300333704116,0.3375973303670745,0.3982202447163515,0.40934371523915464,0.40545050055617354,0.40545050055617354,0.3292547274749722
240,0.40934371523915464,0.22598109497386054,0.14789391863149656,0.14009804820042562,0.41268075639599555,0.06416705250740051,0.05737304873764515,0.0,0.05656467191874981,0.4470415130490437,"[0.7408230900764465, 0.7764182090759277]",0.5013,0.3331479421579533,0.3442714126807564,0.39488320355951056,0.38987764182424917,0.3882091212458287,0.3882091212458287,0.3364849833147942
241,0.41434927697441604,0.23252999985001577,0.15222362498552866,0.14284847488053629,0.41657397107897665,0.06454311311244965,0.0573695320636034,0.0,0.05655953101813793,0.44857577700167894,"[0.7408230900764465, 0.7764182090759277]",0.4915,0.3337041156840934,0.3448275862068966,0.40155728587319245,0.39265850945494996,0.39599555061179087,0.39599555061179087,0.3359288097886541
242,0.41546162402669634,0.24056298949317767,0.16256514605756303,0.14927353910547683,0.41768631813125695,0.06474234163761139,0.05736596882343292,0.0,0.056554440408945084,0.4619142299052328,"[0.7408230900764465, 0.7764182090759277]",0.6947,0.3364849833147942,0.3459399332591769,0.40100111234705227,0.3932146829810901,0.39933259176863184,0.39933259176863184,0.339265850945495
243,0.41546162402669634,0.24454023126360247,0.16421073510468384,0.15086006688832132,0.41713014460511677,0.06492961943149567,0.057362549006938934,0.0,0.05654923617839813,0.5027468169573694,"[0.7408230900764465, 0.7764182090759277]",0.5273,0.3364849833147942,0.3476084538375973,0.40044493882091214,0.39043381535038935,0.40044493882091214,0.40044493882091214,0.339265850945495
244,0.41713014460511677,0.24892548701356942,0.1702232478086169,0.15341931766922456,0.41879866518353726,0.06506799906492233,0.057359229773283005,0.0,0.05654400587081909,0.4545372739667073,"[0.7408230900764465, 0.7764182090759277]",0.5016,0.3387096774193548,0.3470522803114572,0.40044493882091214,0.39154616240266965,0.39877641824249166,0.39877641824249166,0.3448275862068966
245,0.41713014460511677,0.2499488503061419,0.17059146867648947,0.15701175279859272,0.41879866518353726,0.06519146263599396,0.05735589936375618,0.0,0.05653880164027214,0.4526173009071499,"[0.7408230900764465, 0.7764182090759277]",0.5818,0.3281423804226919,0.3442714126807564,0.40433815350389324,0.41434927697441604,0.4082313681868743,0.4082313681868743,0.3292547274749722
246,0.41879866518353726,0.2537410059369951,0.17298718042901973,0.15782283188902826,0.4221357063403782,0.06531345099210739,0.05735209956765175,0.0,0.05653370916843414,0.4539814559975639,"[0.7408230900764465, 0.7764182090759277]",0.5033,0.3470522803114572,0.3453837597330367,0.4021134593993326,0.40489432703003336,0.39988876529477196,0.39988876529477196,0.3409343715239155
247,0.41434927697441604,0.24997266568949794,0.17745463012481283,0.15686873474026988,0.41991101223581756,0.06543289124965668,0.05734759382903576,0.0,0.05652904510498047,0.4492933569708839,"[0.7408230900764465, 0.7764182090759277]",0.5652,0.3281423804226919,0.3420467185761958,0.40378197997775306,0.41434927697441604,0.4082313681868743,0.4082313681868743,0.3298109010011123
248,0.41490545050055616,0.2514325312319313,0.1766825145660699,0.1556960687984552,0.41991101223581756,0.06554682552814484,0.05734323151409626,0.0,0.056524161249399185,0.5100810099393129,"[0.7408230900764465, 0.7764182090759277]",0.6025,0.3292547274749722,0.3437152391546162,0.40378197997775306,0.41490545050055616,0.40989988876529476,0.40989988876529476,0.3292547274749722
249,0.40767519466073415,0.2353262523331121,0.18260447787184145,0.15702115269816816,0.41935483870967744,0.06639088690280914,0.05733831226825714,0.0,0.0565194059163332,0.5551655179588124,"[0.7408230900764465, 0.7764182090759277]",0.522,0.339265850945495,0.3459399332591769,0.40433815350389324,0.3882091212458287,0.4021134593993326,0.4021134593993326,0.3414905450500556
250,0.39766407119021135,0.2280266776508666,0.18198540489869067,0.15256044082794293,0.41379310344827586,0.06580478698015213,0.05733252502977848,0.0,0.05651492439210415,0.46435275103431195,"[0.7408230900764465, 0.7764182090759277]",0.6073,0.3414905450500556,0.3481646273637375,0.4021134593993326,0.38542825361512795,0.40155728587319245,0.40155728587319245,0.3431590656284761
251,0.41323692992213573,0.25056398626678633,0.169326806043532,0.14949512912495294,0.41546162402669634,0.06539519131183624,0.05732659064233303,0.0,0.05651051364839077,0.5226565339835361,"[0.7408230900764465, 0.7764182090759277]",0.6049,0.3414905450500556,0.3492769744160178,0.4032258064516129,0.38765294771968856,0.40266963292547275,0.40266963292547275,0.3437152391546162
252,0.41546162402669634,0.25190399087889603,0.1699167476106944,0.14809569488941562,0.41879866518353726,0.06549602001905441,0.0573203731328249,0.0,0.056506143882870674,0.7051143220160156,"[0.7408230900764465, 0.7764182090759277]",0.8721,0.3342602892102336,0.37263626251390436,0.41546162402669634,0.42102335928809786,0.41879866518353726,0.41879866518353726,0.3231368186874305
253,0.382091212458287,0.22658642322093747,0.16799982028018895,0.12739545878655129,0.40656284760845385,0.06684792041778564,0.057314179837703705,0.0,0.056501779705286026,0.563107626978308,"[0.7408230900764465, 0.7764182090759277]",0.6965,0.3381535038932147,0.349833147942158,0.4032258064516129,0.39988876529477196,0.41768631813125695,0.41768631813125695,0.3403781979977753
254,0.3832035595105673,0.22545517543559812,0.1677370415452856,0.1273217833832725,0.40378197997775306,0.06428930163383484,0.05730597302317619,0.0,0.056497395038604736,0.67096899705939,"[0.7408230900764465, 0.7764182090759277]",0.7116,0.3426028921023359,0.3503893214682981,0.3932146829810901,0.3870967741935484,0.40489432703003336,0.40489432703003336,0.3437152391546162
255,0.38542825361512795,0.22716632189532693,0.1669581074971849,0.1275560169746176,0.40378197997775306,0.06421282887458801,0.057298680767416954,0.0,0.056492891162633896,0.4566662689903751,"[0.7408230900764465, 0.7764182090759277]",0.5012,0.332035595105673,0.34872080088987767,0.39543937708565075,0.41268075639599555,0.40767519466073415,0.40767519466073415,0.3364849833147942
256,0.41045606229143494,0.23438587132052258,0.19175234621653492,0.16378728849956084,0.42769744160177975,0.07241271436214447,0.057292111217975616,0.0,0.056488486006855965,0.4596859719604254,"[0.7408230900764465, 0.7764182090759277]",0.5715,0.328698553948832,0.3442714126807564,0.38987764182424917,0.40100111234705227,0.40266963292547275,0.40266963292547275,0.3314794215795328
257,0.41156840934371525,0.24442529089453913,0.19014150804783525,0.164943357667752,0.43047830923248054,0.06704491376876831,0.05728622153401375,0.0,0.05648413859307766,0.4524113319348544,"[0.7408230900764465, 0.7764182090759277]",0.5108,0.3270300333704116,0.3409343715239155,0.3882091212458287,0.39766407119021135,0.39488320355951056,0.39488320355951056,0.3292547274749722
258,0.41323692992213573,0.2460511776910419,0.1906020074982497,0.1657264303034127,0.43103448275862066,0.0668308436870575,0.057280659675598145,0.0,0.056479623541235924,0.5477874099742621,"[0.7408230900764465, 0.7764182090759277]",0.4638,0.3448275862068966,0.3448275862068966,0.42157953281423804,0.41657397107897665,0.41434927697441604,0.41434927697441604,0.3459399332591769
259,0.40489432703003336,0.24082511425939945,0.18775711506452664,0.15611384710879941,0.41991101223581756,0.06580470502376556,0.057275138795375824,0.0,0.05647517368197441,0.5316336689284071,"[0.7408230900764465, 0.7764182090759277]",0.6396,0.3476084538375973,0.34872080088987767,0.42491657397107896,0.42102335928809786,0.41824249165739713,0.41824249165739713,0.34872080088987767
260,0.42658509454949944,0.26139481437033185,0.1882601741763565,0.17387793672180632,0.4371523915461624,0.07017682492733002,0.057269591838121414,0.0,0.05647073872387409,0.4349260430317372,"[0.7408230900764465, 0.7764182090759277]",0.4806,0.3542825361512792,0.3526140155728587,0.42936596218020023,0.42380422691879865,0.41768631813125695,0.41768631813125695,0.3481646273637375
261,0.39933259176863184,0.2674438739190417,0.18601303187430004,0.1434038660726409,0.42157953281423804,0.06827044486999512,0.05726389400660992,0.0,0.05646640434861183,0.4289139099419117,"[0.7408230900764465, 0.7764182090759277]",0.4852,0.3442714126807564,0.3481646273637375,0.41156840934371525,0.40600667408231367,0.39655172413793105,0.39655172413793105,0.3375973303670745
262,0.40155728587319245,0.24475221999315278,0.17172785036626817,0.1618167295282981,0.42046718576195774,0.06856396794319153,0.05725826136767864,0.0,0.05646209232509136,0.4325672520790249,"[0.7408230900764465, 0.7764182090759277]",0.7731,0.346496106785317,0.3492769744160178,0.41101223581757507,0.40934371523915464,0.39599555061179087,0.39599555061179087,0.3364849833147942
263,0.40044493882091214,0.24515536820525763,0.1723189039165576,0.16443821052469978,0.42102335928809786,0.06672967970371246,0.05725223943591118,0.0,0.05645793490111828,0.7234457660233602,"[0.7408230900764465, 0.7764182090759277]",0.7181,0.3459399332591769,0.349833147942158,0.41323692992213573,0.4082313681868743,0.3943270300333704,0.3943270300333704,0.3331479421579533
264,0.37875417130144606,0.19383395363623812,0.16192257203276003,0.12516423736716176,0.40656284760845385,0.06731675565242767,0.057245563715696335,0.0,0.05645400658249855,0.6061072869924828,"[0.7408230900764465, 0.7764182090759277]",0.9141,0.3409343715239155,0.3398220244716352,0.40545050055617354,0.40044493882091214,0.39543937708565075,0.39543937708565075,0.3348164627363737
265,0.35873192436040047,0.1810474611449726,0.16579338953539105,0.11175201360696846,0.4082313681868743,0.06723520159721375,0.05723917484283447,0.0,0.05645001120865345,0.6825255359290168,"[0.7408230900764465, 0.7764182090759277]",0.5676,0.339265850945495,0.3403781979977753,0.40100111234705227,0.4032258064516129,0.40100111234705227,0.40100111234705227,0.3342602892102336
266,0.3220244716351502,0.14487746659607503,0.17212631975830495,0.09102734253852925,0.40767519466073415,0.06697025150060654,0.057232534512877464,0.0,0.05644606426358223,0.4607176249846816,"[0.7408230900764465, 0.7764182090759277]",0.5566,0.339265850945495,0.3403781979977753,0.40100111234705227,0.40433815350389324,0.4032258064516129,0.4032258064516129,0.332035595105673
267,0.39877641824249166,0.21533815172066317,0.16969129527099727,0.14593402480710974,0.40767519466073415,0.0665571391582489,0.05722571164369583,0.0,0.0564421433955431,0.44918951392173767,"[0.7408230900764465, 0.7764182090759277]",0.7071,0.3448275862068966,0.3459399332591769,0.39655172413793105,0.41323692992213573,0.40433815350389324,0.40433815350389324,0.3448275862068966
268,0.39766407119021135,0.21437706821550673,0.17000712196379333,0.14514880915611686,0.407119021134594,0.06648188829421997,0.05721879564225674,0.0,0.056438226252794266,0.6924603669904172,"[0.7408230900764465, 0.7764182090759277]",0.5851,0.3409343715239155,0.3414905450500556,0.38264738598442716,0.3982202447163515,0.389321468298109,0.389321468298109,0.3398220244716352
269,0.3921023359288098,0.2083663144783905,0.1684474598032607,0.13983677626548405,0.40656284760845385,0.06637504696846008,0.057211678475141525,0.0,0.05643431842327118,0.4587444680510089,"[0.7408230900764465, 0.7764182090759277]",0.5383,0.3403781979977753,0.3414905450500556,0.382091212458287,0.39766407119021135,0.38876529477196886,0.38876529477196886,0.339265850945495
270,0.3882091212458287,0.2049307319316509,0.1705172077738476,0.1364186963517482,0.40656284760845385,0.06628139317035675,0.05720472149550915,0.0,0.05643032677471638,0.46825503394939005,"[0.7408230900764465, 0.7764182090759277]",0.6198,0.3403781979977753,0.3414905450500556,0.382091212458287,0.3971078976640712,0.38876529477196886,0.38876529477196886,0.339265850945495
271,0.38598442714126807,0.20331550518830332,0.17144889728856325,0.13426570185665188,0.407119021134594,0.06620465219020844,0.057198069989681244,0.0,0.0564261619001627,0.5541612450033426,"[0.7408230900764465, 0.7764182090759277]",0.5306,0.3409343715239155,0.3420467185761958,0.38153503893214685,0.39599555061179087,0.3882091212458287,0.3882091212458287,0.339265850945495
272,0.3843159065628476,0.20259431099281,0.17225466261794353,0.13368390909398045,0.4082313681868743,0.0661526769399643,0.05719153769314289,0.0,0.05642242543399334,0.4443903178907931,"[0.7408230900764465, 0.7764182090759277]",0.5152,0.3281423804226919,0.3242491657397108,0.37986651835372637,0.39599555061179087,0.35984427141268077,0.35984427141268077,0.3275862068965517
273,0.3809788654060067,0.20094217536456593,0.17454186839421126,0.1329344677835574,0.40767519466073415,0.06611935794353485,0.05718358792364597,0.0,0.05642077140510082,0.429355624015443,"[0.7408230900764465, 0.7764182090759277]",0.5231,0.303670745272525,0.2953281423804227,0.3381535038932147,0.3314794215795328,0.3364849833147942,0.3364849833147942,0.2986651835372636
274,0.39655172413793105,0.25763266548699504,0.17186350037180978,0.15233630865389317,0.41323692992213573,0.06562600284814835,0.05717836320400238,0.0,0.05641782283782959,0.43349559302441776,"[0.7408230900764465, 0.7764182090759277]",0.5247,0.2942157953281424,0.28809788654060065,0.3281423804226919,0.32146829810901,0.3298109010011123,0.3298109010011123,0.2925472747497219
275,0.39933259176863184,0.26127607383435003,0.17035473135659726,0.1494223430920525,0.41323692992213573,0.06527075171470642,0.057172004133462906,0.0,0.05642075650393963,0.4207816179841757,"[0.7408230900764465, 0.7764182090759277]",0.5693,0.29199110122358174,0.28587319243604004,0.3253615127919911,0.3192436040044494,0.3281423804226919,0.3281423804226919,0.29087875417130143
276,0.38876529477196886,0.21795519236066474,0.1710983585115848,0.14077696382476818,0.40545050055617354,0.06536021828651428,0.05716353468596935,0.0,0.05642516352236271,0.4199426700361073,"[0.7408230900764465, 0.7764182090759277]",0.5184,0.3253615127919911,0.339265850945495,0.3609566184649611,0.36985539488320357,0.37875417130144606,0.37875417130144606,0.3225806451612903
277,0.41045606229143494,0.23689771783617664,0.1734219110938466,0.14533045877554532,0.41434927697441604,0.06680212914943695,0.057145653292536736,0.0,0.05642750672996044,0.4397663640556857,"[0.7408230900764465, 0.7764182090759277]",0.5414,0.2942157953281424,0.3253615127919911,0.3809788654060067,0.39043381535038935,0.3921023359288098,0.3921023359288098,0.28976640711902113
278,0.41101223581757507,0.23670504891451616,0.17546841349072534,0.14958410640541875,0.41490545050055616,0.06625958532094955,0.057135291397571564,0.0,0.056435419246554375,0.459187232889235,"[0.7408230900764465, 0.7764182090759277]",0.5257,0.2975528364849833,0.3275862068965517,0.382091212458287,0.3921023359288098,0.3943270300333704,0.3943270300333704,0.2914349276974416
279,0.41212458286985537,0.23809833073952114,0.17621593768436775,0.15370420376392885,0.41713014460511677,0.06601770967245102,0.05712260492146015,0.0,0.05644262209534645,0.4432093770010397,"[0.7408230900764465, 0.7764182090759277]",0.5199,0.3181312569521691,0.314238042269188,0.3659621802002225,0.38153503893214685,0.3804226918798665,0.3804226918798665,0.2975528364849833
280,0.3809788654060067,0.25669335676842386,0.1981562555578025,0.14008833526290013,0.41323692992213573,0.06584656983613968,0.057100292295217514,0.0,0.05645880475640297,0.43687129102181643,"[0.7408230900764465, 0.7764182090759277]",0.5104,0.30700778642936594,0.3147942157953281,0.36763070077864296,0.3832035595105673,0.38375973303670746,0.38375973303670746,0.2925472747497219
281,0.39766407119021135,0.24029828851618862,0.16824659614371865,0.14599077036936517,0.41879866518353726,0.06685184687376022,0.05706989765167236,0.0,0.056465618312358856,0.5660058980574831,"[0.7408230900764465, 0.7764182090759277]",0.8413,0.2953281423804227,0.31090100111234703,0.3681868743047831,0.38487208008898777,0.3843159065628476,0.3843159065628476,0.2936596218020022
282,0.39098998887652947,0.2308966407370353,0.16675062974151647,0.14073417508122785,0.40934371523915464,0.06414680182933807,0.057040607556700706,0.0,0.05647369101643562,0.7084202000405639,"[0.7408230900764465, 0.7764182090759277]",0.6352,0.27975528364849833,0.27586206896551724,0.3348164627363737,0.34872080088987767,0.3609566184649611,0.3609566184649611,0.28420467185761955
283,0.4082313681868743,0.24479220329602436,0.18704788617447063,0.16437421430572088,0.42658509454949944,0.0642356276512146,0.057013023644685745,0.0,0.05648032948374748,0.4836461649974808,"[0.7408230900764465, 0.7764182090759277]",0.538,0.2925472747497219,0.3136818687430478,0.38153503893214685,0.3982202447163515,0.39265850945494996,0.39265850945494996,0.28476084538375973
284,0.41101223581757507,0.2479718033167596,0.1883323180531186,0.16559921333737468,0.42769744160177975,0.06410637497901917,0.05698787234723568,0.0,0.05648554489016533,0.496443003998138,"[0.7408230900764465, 0.7764182090759277]",0.4875,0.3031145717463849,0.38654060066740825,0.3971078976640712,0.4082313681868743,0.39877641824249166,0.39877641824249166,0.30200222469410454
285,0.37486095661846497,0.2193015190180504,0.17587796203966186,0.13330254981670375,0.41045606229143494,0.06803005933761597,0.056963326409459114,0.0,0.0564906969666481,0.4586763660190627,"[0.7408230900764465, 0.7764182090759277]",0.523,0.3387096774193548,0.3409343715239155,0.42602892102335926,0.42547274749721914,0.42324805339265853,0.42324805339265853,0.3337041156840934
286,0.4082313681868743,0.23240670561597954,0.18480390067299257,0.1638065519952083,0.42491657397107896,0.06510486453771591,0.05693964287638664,0.0,0.056495584547519684,0.4552489329362288,"[0.7408230900764465, 0.7764182090759277]",0.5013,0.3348164627363737,0.339265850945495,0.42436040044493883,0.42380422691879865,0.41935483870967744,0.41935483870967744,0.3292547274749722
287,0.40767519466073415,0.23342647600441968,0.18043772058237886,0.18349581460378067,0.43882091212458285,0.06950867921113968,0.05691752955317497,0.0,0.05650066025555134,0.4859885999467224,"[0.7408230900764465, 0.7764182090759277]",0.4716,0.3231368186874305,0.346496106785317,0.4021134593993326,0.40767519466073415,0.40656284760845385,0.40656284760845385,0.3153503893214683
288,0.407119021134594,0.24218199243790428,0.17690572110012065,0.1697386514113228,0.43103448275862066,0.06655319035053253,0.0568951778113842,0.0,0.05650608241558075,0.4269594879588112,"[0.7408230900764465, 0.7764182090759277]",0.5138,0.3342602892102336,0.3331479421579533,0.40989988876529476,0.41713014460511677,0.40600667408231367,0.40600667408231367,0.3342602892102336
289,0.389321468298109,0.21975838722464636,0.16098178198998517,0.14028488644125006,0.41601779755283647,0.06746763736009598,0.05687369778752327,0.0,0.05651267431676388,0.4993920070119202,"[0.7408230900764465, 0.7764182090759277]",0.5444,0.3342602892102336,0.3331479421579533,0.41379310344827586,0.41824249165739713,0.407119021134594,0.407119021134594,0.3342602892102336
290,0.39599555061179087,0.26876930238236396,0.17608333914189744,0.14858515129582914,0.41268075639599555,0.06378011405467987,0.056854741647839546,0.0,0.05652114003896713,0.45291570003610104,"[0.7408230900764465, 0.7764182090759277]",0.7043,0.3375973303670745,0.3426028921023359,0.41546162402669634,0.42046718576195774,0.39933259176863184,0.39933259176863184,0.3381535038932147
291,0.389321468298109,0.2377879138163883,0.17198697473548102,0.1535698628056862,0.43325917686318133,0.06806442141532898,0.05684051476418972,0.0,0.05653735436499119,0.7560003269463778,"[0.7408230900764465, 0.7764182090759277]",0.6761,0.3342602892102336,0.3381535038932147,0.40656284760845385,0.41657397107897665,0.39766407119021135,0.39766407119021135,0.3348164627363737
292,0.41546162402669634,0.24301833189857713,0.1614693946129558,0.14691254009911703,0.42880978865406005,0.06475916504859924,0.056824272498488426,0.0,0.056545525789260864,0.4638719839276746,"[0.7408230900764465, 0.7764182090759277]",0.4891,0.3337041156840934,0.3387096774193548,0.40878754171301446,0.41713014460511677,0.40767519466073415,0.40767519466073415,0.3348164627363737
293,0.41434927697441604,0.23811750484201144,0.15980531788456995,0.14697320875910885,0.42436040044493883,0.0619039312005043,0.05681196600198746,0.0,0.056546708568930626,0.4517289859941229,"[0.7408230900764465, 0.7764182090759277]",0.499,0.3431590656284761,0.34872080088987767,0.389321468298109,0.40489432703003336,0.39655172413793105,0.39655172413793105,0.3426028921023359
294,0.41546162402669634,0.236822996219045,0.15946200786817336,0.1464341269749342,0.42436040044493883,0.06198814511299133,0.05680228769779205,0.0,0.05654501914978027,0.46558008703868836,"[0.7408230900764465, 0.7764182090759277]",0.4962,0.3153503893214683,0.3342602892102336,0.41546162402669634,0.41268075639599555,0.41379310344827586,0.41379310344827586,0.3220244716351502
295,0.41713014460511677,0.2379011040966722,0.16090935160060088,0.14709703713917255,0.42547274749721914,0.06207311153411865,0.056793807074427605,0.0,0.05654223449528217,0.4906033460283652,"[0.7408230900764465, 0.7764182090759277]",0.5347,0.31590656284760843,0.3342602892102336,0.41546162402669634,0.41323692992213573,0.41379310344827586,0.41379310344827586,0.3225806451612903
296,0.41991101223581756,0.23530356831204513,0.1688221415481868,0.1496270169880557,0.42102335928809786,0.06301940977573395,0.05678568780422211,0.0,0.05653935298323631,0.46371348400134593,"[0.7408230900764465, 0.7764182090759277]",0.7334,0.3086763070077864,0.3325917686318131,0.40155728587319245,0.40878754171301446,0.40656284760845385,0.40656284760845385,0.31090100111234703
297,0.41935483870967744,0.23326163375375486,0.1691656299748785,0.14832357711097202,0.41935483870967744,0.062302205711603165,0.05677821673452854,0.0,0.05653635784983635,0.7016336559318006,"[0.7408230900764465, 0.7764182090759277]",0.8406,0.3103448275862069,0.3359288097886541,0.4021134593993326,0.40878754171301446,0.40600667408231367,0.40600667408231367,0.31090100111234703
298,0.4021134593993326,0.22265549906333382,0.15639116188223934,0.14617851508929272,0.40934371523915464,0.06406764686107635,0.05677141435444355,0.0,0.05653280206024647,0.7803767499281093,"[0.7408230900764465, 0.7764182090759277]",1.031,0.3225806451612903,0.3409343715239155,0.40433815350389324,0.40266963292547275,0.40155728587319245,0.40155728587319245,0.3170189098998888
299,0.39154616240266965,0.21875392209352018,0.17807490871482584,0.1445281273285994,0.41935483870967744,0.06359720230102539,0.0567651242017746,0.0,0.056529318913817406,0.8138965369435027,"[0.7408230900764465, 0.7764182090759277]",1.2035,0.3292547274749722,0.3481646273637375,0.41768631813125695,0.41657397107897665,0.41713014460511677,0.41713014460511677,0.3309232480533927
300,0.39599555061179087,0.22301120819905196,0.17733329044221335,0.15286242934021327,0.4271412680756396,0.06172477826476097,0.05675940588116646,0.0,0.05652565322816372,0.7171128669288009,"[0.7408230900764465, 0.7764182090759277]",,,,,,,,
