round,ACC,Kappa,NMI,ARI,PURITY,alignment_loss,mean_reconstruction_loss,mean_consensus_loss,mean_local_total_loss,round_seconds,observed_rates,completion_eval_seconds,C025_ACC,C050_ACC,C075_ACC,C100_ACC,D0_ACC,E0_ACC,G0_ACC
1,0.4030732860520095,0.21220625765242163,0.14953327629236374,0.09024606974277699,0.491725768321513,0.17437797784805298,0.2649728258450826,0.0,0.24452029665311178,1.4036830610129982,"[0.6583924293518066, 0.7423167824745178, 0.7458629012107849]",0.4981,0.37943262411347517,0.3912529550827423,0.3900709219858156,0.40070921985815605,0.41962174940898345,0.41962174940898345,0.37943262411347517
2,0.46926713947990545,0.2881523639614181,0.20572118959715516,0.14976364622770477,0.5780141843971631,0.1442776471376419,0.24531992773214975,0.0,0.2277149111032486,0.4471871550194919,"[0.6583924293518066, 0.7423167824745178, 0.7458629012107849]",0.4902,0.4148936170212766,0.4243498817966903,0.4574468085106383,0.4101654846335697,0.39243498817966904,0.39243498817966904,0.4148936170212766
3,0.3877068557919622,0.23437977717716996,0.19121984860684416,0.12607164081399175,0.5768321513002365,0.12213333696126938,0.22848467528820038,0.0,0.2134516586860021,0.5100549700437114,"[0.6583924293518066, 0.7423167824745178, 0.7458629012107849]",0.6377,0.4219858156028369,0.42907801418439717,0.40189125295508277,0.4302600472813239,0.45271867612293143,0.45271867612293143,0.41371158392434987
4,0.3735224586288416,0.21535343919417904,0.19668298616325258,0.1028135412579274,0.5851063829787234,0.1221829205751419,0.2141803875565529,0.0,0.20143173386653265,0.65339948493056,"[0.6583924293518066, 0.7423167824745178, 0.7458629012107849]",0.5487,0.4598108747044917,0.45508274231678486,0.466903073286052,0.5200945626477541,0.48699763593380613,0.48699763593380613,0.44208037825059104
5,0.4148936170212766,0.25724451318361286,0.19689928680271965,0.1458621571225287,0.5945626477541371,0.12045224010944366,0.20202534397443137,0.0,0.19094529127081236,0.4876490429742262,"[0.6583924293518066, 0.7423167824745178, 0.7458629012107849]",0.5398,0.3947990543735225,0.4101654846335697,0.3959810874704492,0.425531914893617,0.43498817966903075,0.43498817966903075,0.3959810874704492
6,0.48108747044917255,0.3082467851767966,0.19327835577111177,0.13555493200201713,0.5283687943262412,0.12389041483402252,0.19135883947213492,0.0,0.1815976028641065,0.4485656690085307,"[0.6583924293518066, 0.7423167824745178, 0.7458629012107849]",0.496,0.44089834515366433,0.46926713947990545,0.48817966903073284,0.516548463356974,0.508274231678487,0.508274231678487,0.44089834515366433
7,0.491725768321513,0.3212135234836089,0.20518424806315683,0.16045610126222956,0.5945626477541371,0.12394830584526062,0.18177547429998717,0.0,0.1730165146291256,0.5032658089185134,"[0.6583924293518066, 0.7423167824745178, 0.7458629012107849]",0.4701,0.4160756501182033,0.41252955082742315,0.38534278959810875,0.3829787234042553,0.4030732860520095,0.4030732860520095,0.4101654846335697
8,0.44208037825059104,0.2926333690578472,0.20322219262301322,0.14219902171954368,0.5957446808510638,0.12047743797302246,0.17299329737822214,0.0,0.16499819482366243,0.6164992519188672,"[0.6583924293518066, 0.7423167824745178, 0.7458629012107849]",0.4233,0.3900709219858156,0.39243498817966904,0.4030732860520095,0.48226950354609927,0.466903073286052,0.466903073286052,0.3888888888888889
9,0.375886524822695,0.240044778506317,0.19150023764338325,0.11463495002279875,0.5543735224586288,0.11835881322622299,0.1647960084180037,0.0,0.15749401847521463,0.4593211319297552,"[0.6583924293518066, 0.7423167824745178, 0.7458629012107849]",0.4323,0.4314420803782506,0.4385342789598109,0.4858156028368794,0.5591016548463357,0.5283687943262412,0.5283687943262412,0.4314420803782506
10,0.48108747044917255,0.31448284518210623,0.18916542104181475,0.1596763429985073,0.58274231678487,0.12069748342037201,0.15712477266788483,0.0,0.15043257052699724,0.4964757770067081,"[0.6583924293518066, 0.7423167824745178, 0.7458629012107849]",0.473,0.3983451536643026,0.3912529550827423,0.3947990543735225,0.45508274231678486,0.45390070921985815,0.45390070921985815,0.39361702127659576
11,0.3971631205673759,0.24099933504322224,0.16662174296413748,0.10651831611875225,0.5047281323877069,0.12140127271413803,0.14993697529037794,0.0,0.14380558083454767,0.5260054001118988,"[0.6583924293518066, 0.7423167824745178, 0.7458629012107849]",0.5097,0.3463356973995272,0.3463356973995272,0.3912529550827423,0.3723404255319149,0.3546099290780142,0.3546099290780142,0.34988179669030733
12,0.47635933806146574,0.2719392651361212,0.15437948914709387,0.13171996659621685,0.5401891252955082,0.11891119182109833,0.14317112043499947,0.0,0.1375608742237091,0.6329588120570406,"[0.6583924293518066, 0.7423167824745178, 0.7458629012107849]",0.449,0.4432624113475177,0.4515366430260047,0.4739952718676123,0.5555555555555556,0.5189125295508275,0.5189125295508275,0.4385342789598109
13,0.45508274231678486,0.28210725888838784,0.1630788726481299,0.12448202970447546,0.5508274231678487,0.13613519072532654,0.13679646948973337,0.0,0.13170018419623375,0.4756274709943682,"[0.6583924293518066, 0.7423167824745178, 0.7458629012107849]",0.5396,0.36997635933806144,0.37115839243498816,0.4302600472813239,0.43380614657210403,0.4314420803782506,0.4314420803782506,0.36997635933806144
14,0.3959810874704492,0.25362950634570125,0.16592231672452745,0.10811585067368139,0.5685579196217494,0.1242978572845459,0.13083483278751373,0.0,0.12620733802517256,0.453046020003967,"[0.6583924293518066, 0.7423167824745178, 0.7458629012107849]",0.4743,0.3829787234042553,0.38652482269503546,0.37825059101654845,0.4598108747044917,0.44799054373522457,0.44799054373522457,0.3888888888888889
15,0.4231678486997636,0.2435758140966564,0.1572430738386647,0.11705190289323432,0.5425531914893617,0.11677685379981995,0.12527034555872282,0.0,0.12109430755178134,0.4269642969593406,"[0.6583924293518066, 0.7423167824745178, 0.7458629012107849]",0.5766,0.40425531914893614,0.4030732860520095,0.4598108747044917,0.5260047281323877,0.4988179669030733,0.4988179669030733,0.40070921985815605
16,0.38416075650118203,0.20796765498652303,0.15906169665786685,0.11436913943104982,0.5638297872340425,0.13664335012435913,0.12014210348327954,0.0,0.11644893884658813,0.45936185598839074,"[0.6583924293518066, 0.7423167824745178, 0.7458629012107849]",0.4682,0.42789598108747046,0.4314420803782506,0.5094562647754137,0.5378250591016549,0.5212765957446809,0.5212765957446809,0.425531914893617
17,0.450354609929078,0.25708328848147666,0.15375862484741928,0.11769842001118336,0.5520094562647754,0.1155574843287468,0.11550906797250111,0.0,0.11227445056041081,0.4777043010108173,"[0.6583924293518066, 0.7423167824745178, 0.7458629012107849]",0.4901,0.40189125295508277,0.40189125295508277,0.4574468085106383,0.47754137115839246,0.4940898345153664,0.4940898345153664,0.40189125295508277
18,0.42907801418439717,0.2626127190995825,0.16999255514973272,0.1214149278304901,0.5059101654846335,0.11620385944843292,0.11128230765461922,0.0,0.10840517655014992,0.6134517790051177,"[0.6583924293518066, 0.7423167824745178, 0.7458629012107849]",0.5273,0.3947990543735225,0.40070921985815605,0.46926713947990545,0.49645390070921985,0.46217494089834515,0.46217494089834515,0.39243498817966904
19,0.4491725768321513,0.2607682283121291,0.15604492010053417,0.11958138096796536,0.5425531914893617,0.13730551302433014,0.10735974212487538,0.0,0.10479709878563881,0.4820634589996189,"[0.6583924293518066, 0.7423167824745178, 0.7458629012107849]",0.5161,0.34515366430260047,0.3486997635933806,0.35933806146572106,0.45271867612293143,0.42671394799054374,0.42671394799054374,0.3463356973995272
20,0.40543735224586286,0.22064778440152744,0.15773434799676797,0.11938667665540112,0.5531914893617021,0.1286824345588684,0.10366841778159142,0.0,0.10130264734228452,0.6144680499564856,"[0.6583924293518066, 0.7423167824745178, 0.7458629012107849]",0.429,0.34988179669030733,0.35224586288416077,0.3617021276595745,0.450354609929078,0.42671394799054374,0.42671394799054374,0.34988179669030733
21,0.47044917257683216,0.2886406378450207,0.16107976924320133,0.10097053030716413,0.5106382978723404,0.12019672989845276,0.10018781572580338,0.0,0.09797303130229314,0.41588975104968995,"[0.6583924293518066, 0.7423167824745178, 0.7458629012107849]",0.4282,0.3309692671394799,0.3333333333333333,0.3475177304964539,0.40543735224586286,0.39361702127659576,0.39361702127659576,0.3309692671394799
22,0.35106382978723405,0.2023802163833076,0.16464915722690193,0.09895972735563302,0.5283687943262412,0.11724831163883209,0.09690993279218674,0.0,0.09482682744661967,0.422142683994025,"[0.6583924293518066, 0.7423167824745178, 0.7458629012107849]",0.4508,0.3806146572104019,0.38416075650118203,0.3912529550827423,0.4148936170212766,0.42080378250591016,0.42080378250591016,0.37943262411347517
23,0.4231678486997636,0.25255275697753576,0.1541781877276134,0.10174914747699713,0.5271867612293144,0.13806091248989105,0.09382011989752452,0.0,0.09188580140471458,0.41532629600260407,"[0.6583924293518066, 0.7423167824745178, 0.7458629012107849]",0.4597,0.3723404255319149,0.3806146572104019,0.3888888888888889,0.4101654846335697,0.4030732860520095,0.4030732860520095,0.36879432624113473
24,0.3912529550827423,0.22346726171910503,0.14664909444090302,0.08467299479088204,0.5283687943262412,0.12579408288002014,0.090948270012935,0.0,0.08910753826300304,0.4248634899267927,"[0.6583924293518066, 0.7423167824745178, 0.7458629012107849]",0.4439,0.3723404255319149,0.3806146572104019,0.4030732860520095,0.4598108747044917,0.4432624113475177,0.4432624113475177,0.37115839243498816
25,0.3664302600472813,0.20370598007227936,0.1401852402801404,0.07090923192219517,0.5200945626477541,0.12180759757757187,0.08825724199414253,0.0,0.08651454498370488,0.4442970840027556,"[0.6583924293518066, 0.7423167824745178, 0.7458629012107849]",0.4439,0.3617021276595745,0.36879432624113473,0.3463356973995272,0.3912529550827423,0.35815602836879434,0.35815602836879434,0.3640661938534279
26,0.4219858156028369,0.23900010853189468,0.1421170923009917,0.09162256852760758,0.5130023640661938,0.12155383080244064,0.08574853216608365,0.0,0.08408964176972707,0.43977093405555934,"[0.6583924293518066, 0.7423167824745178, 0.7458629012107849]",0.4598,0.40189125295508277,0.40425531914893614,0.42907801418439717,0.47044917257683216,0.4515366430260047,0.4515366430260047,0.40189125295508277
27,0.35933806146572106,0.1644672825671023,0.1414847078085203,0.09004308582267916,0.5153664302600472,0.12019994109869003,0.08339438587427139,0.0,0.08182262380917867,0.5265333519782871,"[0.6583924293518066, 0.7423167824745178, 0.7458629012107849]",0.557,0.3605200945626478,0.35815602836879434,0.35933806146572106,0.4716312056737589,0.42671394799054374,0.42671394799054374,0.3628841607565012
28,0.4728132387706856,0.27350514570677653,0.15668071947793474,0.12397538181020658,0.5153664302600472,0.13705894351005554,0.08119912073016167,0.0,0.07969957962632179,0.524841813952662,"[0.6583924293518066, 0.7423167824745178, 0.7458629012107849]",0.5981,0.30969267139479906,0.3061465721040189,0.32505910165484636,0.40425531914893614,0.36997635933806144,0.36997635933806144,0.30851063829787234
29,0.44680851063829785,0.2608029214796339,0.1545854067161357,0.09851375637980442,0.5449172576832151,0.13704197108745575,0.07915423065423965,0.0,0.07771656786402066,0.4271333870710805,"[0.6583924293518066, 0.7423167824745178, 0.7458629012107849]",0.4678,0.3380614657210402,0.33451536643026003,0.3628841607565012,0.408983451536643,0.3735224586288416,0.3735224586288416,0.33569739952718675
30,0.4905437352245863,0.3026916935198555,0.1634500330456819,0.12694813869362662,0.5307328605200946,0.13447189331054688,0.07725032791495323,0.0,0.07584589843948682,0.4558036259841174,"[0.6583924293518066, 0.7423167824745178, 0.7458629012107849]",0.5384,0.3191489361702128,0.31796690307328607,0.3640661938534279,0.4078014184397163,0.37706855791962174,0.37706855791962174,0.32742316784869974
31,0.48108747044917255,0.27056360379611577,0.14793336364350435,0.11814812265036122,0.5260047281323877,0.12834903597831726,0.07548311725258827,0.0,0.07411937167247136,0.48709663504268974,"[0.6583924293518066, 0.7423167824745178, 0.7458629012107849]",0.4946,0.40543735224586286,0.4030732860520095,0.367612293144208,0.3735224586288416,0.3605200945626478,0.3605200945626478,0.4066193853427896
32,0.4846335697399527,0.2761895043788989,0.15100327928071466,0.12636705190982528,0.5354609929078015,0.12597805261611938,0.07384480411807696,0.0,0.07252444078524907,0.4417577569838613,"[0.6583924293518066, 0.7423167824745178, 0.7458629012107849]",0.5153,0.3747044917257683,0.37115839243498816,0.35815602836879434,0.41134751773049644,0.3971631205673759,0.3971631205673759,0.375886524822695
33,0.4799054373522459,0.2692278244686177,0.14728200729987945,0.12087189143992597,0.5283687943262412,0.1263699233531952,0.07233057295282681,0.0,0.07102944763998191,0.4614972249837592,"[0.6583924293518066, 0.7423167824745178, 0.7458629012107849]",0.5052,0.38534278959810875,0.38534278959810875,0.3723404255319149,0.45390070921985815,0.41252955082742315,0.41252955082742315,0.3829787234042553
34,0.4846335697399527,0.2747478322420809,0.14948912453060123,0.12467693214000268,0.5307328605200946,0.12649637460708618,0.0709351971745491,0.0,0.06965674956639607,0.7025991020491347,"[0.6583924293518066, 0.7423167824745178, 0.7458629012107849]",0.7077,0.3829787234042553,0.3829787234042553,0.367612293144208,0.46335697399527187,0.4148936170212766,0.4148936170212766,0.3829787234042553
35,0.48108747044917255,0.27303796353386767,0.1528668333099106,0.124624419644249,0.533096926713948,0.12653785943984985,0.0696431038280328,0.0,0.06838441081345081,0.5511167560471222,"[0.6583924293518066, 0.7423167824745178, 0.7458629012107849]",0.5362,0.3829787234042553,0.3829787234042553,0.367612293144208,0.46217494089834515,0.41371158392434987,0.41371158392434987,0.3829787234042553
36,0.4799054373522459,0.2739288089771923,0.15431198919488548,0.12565628527388514,0.5378250591016549,0.12651187181472778,0.06845388313134511,0.0,0.06720821559429169,0.44295377703383565,"[0.6583924293518066, 0.7423167824745178, 0.7458629012107849]",0.4474,0.38416075650118203,0.38416075650118203,0.367612293144208,0.46099290780141844,0.41252955082742315,0.41252955082742315,0.38416075650118203
37,0.4728132387706856,0.2667638313997551,0.15350877165205656,0.1193400627850253,0.533096926713948,0.1264263093471527,0.06736019315818946,0.0,0.06612162167827289,0.47765664604958147,"[0.6583924293518066, 0.7423167824745178, 0.7458629012107849]",0.5304,0.38416075650118203,0.38416075650118203,0.3664302600472813,0.4574468085106383,0.41725768321513,0.41725768321513,0.3829787234042553
38,0.37115839243498816,0.19226565542540142,0.14365639621023515,0.09671425546462052,0.524822695035461,0.12702853977680206,0.06634638148049514,0.0,0.06513665057718754,0.4516795799136162,"[0.6583924293518066, 0.7423167824745178, 0.7458629012107849]",0.4535,0.37706855791962174,0.37825059101654845,0.3664302600472813,0.4598108747044917,0.42080378250591016,0.42080378250591016,0.375886524822695
39,0.367612293144208,0.18739721502079043,0.14504997045699966,0.09626732920043507,0.5224586288416075,0.1228547990322113,0.06541268403331439,0.0,0.06423542586465676,0.4692304719937965,"[0.6583924293518066, 0.7423167824745178, 0.7458629012107849]",0.5273,0.37825059101654845,0.3806146572104019,0.36879432624113473,0.4101654846335697,0.425531914893617,0.425531914893617,0.37825059101654845
40,0.3664302600472813,0.18587833131054887,0.14419772556014052,0.09540239400415995,0.5212765957446809,0.12252628803253174,0.0645631483445565,0.0,0.06340799294412136,0.5779972780728713,"[0.6583924293518066, 0.7423167824745178, 0.7458629012107849]",0.6147,0.3534278959810875,0.3475177304964539,0.32742316784869974,0.458628841607565,0.4219858156028369,0.4219858156028369,0.35106382978723405
41,0.3983451536643026,0.22874505891687524,0.14728405831821173,0.10937782669303851,0.5319148936170213,0.122858427464962,0.06378907399872939,0.0,0.06265261831382911,0.5861342960270122,"[0.6583924293518066, 0.7423167824745178, 0.7458629012107849]",0.7916,0.32742316784869974,0.32742316784869974,0.3605200945626478,0.42789598108747046,0.3983451536643026,0.3983451536643026,0.3262411347517731
42,0.34988179669030733,0.17020513927107161,0.13875224336038158,0.08429891165815782,0.5094562647754137,0.12354379147291183,0.06308681704103947,0.0,0.061964387694994606,0.5888554219854996,"[0.6583924293518066, 0.7423167824745178, 0.7458629012107849]",0.6399,0.36524822695035464,0.3617021276595745,0.35224586288416077,0.3983451536643026,0.3723404255319149,0.3723404255319149,0.3664302600472813
43,0.35933806146572106,0.18238132428933662,0.1435984788086387,0.09031340516223316,0.5130023640661938,0.12390457838773727,0.06244733681281408,0.0,0.0613401805361112,0.6072421399876475,"[0.6583924293518066, 0.7423167824745178, 0.7458629012107849]",0.7013,0.35815602836879434,0.34988179669030733,0.32505910165484636,0.34515366430260047,0.35106382978723405,0.35106382978723405,0.3628841607565012
44,0.35815602836879434,0.15603453185598626,0.13840347563512007,0.08498999926642396,0.5130023640661938,0.12324273586273193,0.06186899356544018,0.0,0.06077277474105358,0.6180272460915148,"[0.6583924293518066, 0.7423167824745178, 0.7458629012107849]",0.8779,0.36524822695035464,0.3628841607565012,0.35106382978723405,0.41252955082742315,0.408983451536643,0.408983451536643,0.3640661938534279
45,0.4728132387706856,0.2828300875469002,0.15070097818724879,0.12391959034642468,0.5271867612293144,0.1322302222251892,0.06134084798395634,0.0,0.06025872069100539,0.5735388820758089,"[0.6583924293518066, 0.7423167824745178, 0.7458629012107849]",0.6367,0.3723404255319149,0.3546099290780142,0.32978723404255317,0.36524822695035464,0.3546099290780142,0.3546099290780142,0.3723404255319149
46,0.4160756501182033,0.21457325530259463,0.15254879698060828,0.10138389708115299,0.5295508274231678,0.12922856211662292,0.06086757220327854,0.0,0.05979129672050476,0.6132277669385076,"[0.6583924293518066, 0.7423167824745178, 0.7458629012107849]",0.4832,0.32505910165484636,0.3215130023640662,0.30851063829787234,0.32505910165484636,0.33687943262411346,0.33687943262411346,0.3262411347517731
47,0.3463356973995272,0.17916245578575052,0.14916418144728846,0.0881312931272066,0.5378250591016549,0.12605424225330353,0.060438534865776695,0.0,0.05936752942701181,0.4766075140796602,"[0.6583924293518066, 0.7423167824745178, 0.7458629012107849]",0.5082,0.31560283687943264,0.3144208037825059,0.29432624113475175,0.33687943262411346,0.32860520094562645,0.32860520094562645,0.31560283687943264
48,0.3723404255319149,0.2044267581912561,0.1441936757114833,0.09125558166498528,0.533096926713948,0.12662701308727264,0.060044217854738235,0.0,0.05898952980836233,0.48861467104870826,"[0.6583924293518066, 0.7423167824745178, 0.7458629012107849]",0.504,0.3947990543735225,0.38416075650118203,0.3486997635933806,0.4030732860520095,0.4030732860520095,0.4030732860520095,0.39243498817966904
49,0.43498817966903075,0.24855615927217045,0.14488864233436324,0.09518160580014988,0.5307328605200946,0.12635232508182526,0.05969053072233995,0.0,0.058649864668647446,0.5624406089773402,"[0.6583924293518066, 0.7423167824745178, 0.7458629012107849]",0.4609,0.408983451536643,0.4078014184397163,0.38652482269503546,0.3617021276595745,0.3486997635933806,0.3486997635933806,0.408983451536643
50,0.4231678486997636,0.2358911715713493,0.14910843888781455,0.09606545887103925,0.5260047281323877,0.12619119882583618,0.05936987573901812,0.0,0.05834726306299368,0.4759970320155844,"[0.6583924293518066, 0.7423167824745178, 0.7458629012107849]",0.4891,0.40425531914893614,0.40425531914893614,0.37825059101654845,0.34988179669030733,0.3486997635933806,0.3486997635933806,0.40543735224586286
51,0.37115839243498816,0.1987909018569055,0.15824010479493722,0.10502672311505411,0.5307328605200946,0.13077297806739807,0.05907685309648514,0.0,0.05807585393389066,0.5586948790587485,"[0.6583924293518066, 0.7423167824745178, 0.7458629012107849]",0.5294,0.3877068557919622,0.41134751773049644,0.44799054373522457,0.38416075650118203,0.38416075650118203,0.38416075650118203,0.375886524822695
52,0.43498817966903075,0.24436903689696288,0.1518198823886824,0.10124860680162542,0.5271867612293144,0.12458261847496033,0.05881916483243307,0.0,0.05782888395090898,0.47970186604652554,"[0.6583924293518066, 0.7423167824745178, 0.7458629012107849]",0.5313,0.37115839243498816,0.36997635933806144,0.408983451536643,0.3486997635933806,0.35697399527186763,0.35697399527186763,0.3723404255319149
53,0.39361702127659576,0.21752817091859733,0.13726585144582515,0.07498071178192103,0.5094562647754137,0.12395402044057846,0.05858966956535975,0.0,0.05760913838942846,0.7455160450190306,"[0.6583924293518066, 0.7423167824745178, 0.7458629012107849]",0.772,0.3557919621749409,0.3628841607565012,0.3664302600472813,0.4101654846335697,0.4326241134751773,0.4326241134751773,0.3546099290780142
54,0.34397163120567376,0.18308084982001083,0.15079177650543257,0.09540032360116989,0.533096926713948,0.12268853187561035,0.058379111190636955,0.0,0.057413589830199875,0.6693552460055798,"[0.6583924293518066, 0.7423167824745178, 0.7458629012107849]",0.6259,0.36997635933806144,0.3723404255319149,0.4078014184397163,0.34278959810874704,0.35815602836879434,0.35815602836879434,0.36997635933806144
55,0.44208037825059104,0.2618114930629373,0.15243254747169296,0.09512699634507148,0.5059101654846335,0.12478774785995483,0.05819199296335379,0.0,0.05723660128811995,0.5351952529745176,"[0.6583924293518066, 0.7423167824745178, 0.7458629012107849]",0.5154,0.3628841607565012,0.367612293144208,0.41962174940898345,0.34397163120567376,0.35815602836879434,0.35815602836879434,0.3664302600472813
56,0.450354609929078,0.24674583631719427,0.13348788260131958,0.10320833670429216,0.5106382978723404,0.11583845317363739,0.05802474915981293,0.0,0.057081954553723335,0.4637680259766057,"[0.6583924293518066, 0.7423167824745178, 0.7458629012107849]",0.4886,0.3888888888888889,0.3947990543735225,0.45390070921985815,0.42080378250591016,0.41843971631205673,0.41843971631205673,0.38652482269503546
57,0.4562647754137116,0.25367066079565515,0.13830653864209128,0.10635054872604191,0.5047281323877069,0.11170876026153564,0.057875690360864006,0.0,0.056945083662867546,0.4683738599997014,"[0.6583924293518066, 0.7423167824745178, 0.7458629012107849]",0.4919,0.40543735224586286,0.40543735224586286,0.41843971631205673,0.45271867612293143,0.45390070921985815,0.45390070921985815,0.40425531914893614
58,0.4432624113475177,0.25483742475272897,0.15625831468874918,0.12340064310751077,0.5295508274231678,0.11421738564968109,0.05774045673509439,0.0,0.056823646649718285,0.499099506996572,"[0.6583924293518066, 0.7423167824745178, 0.7458629012107849]",0.5518,0.40189125295508277,0.4078014184397163,0.46926713947990545,0.4160756501182033,0.41252955082742315,0.41252955082742315,0.3959810874704492
59,0.36997635933806144,0.2212877510983393,0.15885093927604732,0.09924935255181998,0.533096926713948,0.11495611071586609,0.05761932271222273,0.0,0.05671519537766775,0.49119184096343815,"[0.6583924293518066, 0.7423167824745178, 0.7458629012107849]",0.4612,0.3959810874704492,0.40543735224586286,0.46808510638297873,0.42080378250591016,0.41962174940898345,0.41962174940898345,0.39361702127659576
60,0.40189125295508277,0.19232162533395736,0.15877840705005775,0.08626040118672469,0.5390070921985816,0.1175256296992302,0.057506813357273735,0.0,0.05661918471256892,0.48988656094297767,"[0.6583924293518066, 0.7423167824745178, 0.7458629012107849]",0.5054,0.39361702127659576,0.3971631205673759,0.41371158392434987,0.39361702127659576,0.3900709219858156,0.3900709219858156,0.3912529550827423
61,0.42080378250591016,0.21901758312562514,0.14522090348028818,0.09468427550630318,0.5319148936170213,0.14307188987731934,0.05740330182015896,0.0,0.05653301440179348,0.5094418689841405,"[0.6583924293518066, 0.7423167824745178, 0.7458629012107849]",0.4746,0.3735224586288416,0.3723404255319149,0.38534278959810875,0.4444444444444444,0.4148936170212766,0.4148936170212766,0.3735224586288416
62,0.39952718676122934,0.22158003126228265,0.14636516228177143,0.10123990656141446,0.5295508274231678,0.12860172986984253,0.057306536162892975,0.0,0.05645341301957766,0.49202040396630764,"[0.6583924293518066, 0.7423167824745178, 0.7458629012107849]",0.5673,0.34278959810874704,0.3416075650118203,0.37825059101654845,0.3463356973995272,0.3605200945626478,0.3605200945626478,0.34515366430260047
63,0.38652482269503546,0.21107471606171635,0.1414788487067135,0.09499076999434017,0.5224586288416075,0.12404236197471619,0.05721513802806536,0.0,0.05638051653901736,0.5761656960239634,"[0.6583924293518066, 0.7423167824745178, 0.7458629012107849]",0.5607,0.34278959810874704,0.34278959810874704,0.3747044917257683,0.3617021276595745,0.36524822695035464,0.36524822695035464,0.34515366430260047
64,0.40543735224586286,0.23705211069376342,0.1447148931743147,0.08740005031978558,0.5295508274231678,0.12494182586669922,0.0571295041590929,0.0,0.05631342095633348,0.47933913103770465,"[0.6583924293518066, 0.7423167824745178, 0.7458629012107849]",0.4805,0.40425531914893614,0.4066193853427896,0.4444444444444444,0.4515366430260047,0.46808510638297873,0.46808510638297873,0.40425531914893614
65,0.4397163120567376,0.2626474920151588,0.1675332434474063,0.0989927755129562,0.5236406619385343,0.1265406608581543,0.05704748878876368,0.0,0.05625199402372042,0.46719023305922747,"[0.6583924293518066, 0.7423167824745178, 0.7458629012107849]",0.4823,0.3735224586288416,0.37943262411347517,0.3912529550827423,0.367612293144208,0.39952718676122934,0.39952718676122934,0.3747044917257683
66,0.43498817966903075,0.2706541402066541,0.17403441036552741,0.10368591265517618,0.5520094562647754,0.12104728072881699,0.0569682332376639,0.0,0.05619678397973379,0.711560470983386,"[0.6583924293518066, 0.7423167824745178, 0.7458629012107849]",0.5034,0.3735224586288416,0.36997635933806144,0.41371158392434987,0.450354609929078,0.42671394799054374,0.42671394799054374,0.37943262411347517
67,0.5295508274231678,0.3207327922726365,0.17018296625170787,0.13368878425273678,0.5390070921985816,0.11708130687475204,0.056890176609158516,0.0,0.05614513469239076,0.47330003802198917,"[0.6583924293518066, 0.7423167824745178, 0.7458629012107849]",0.5408,0.36879432624113473,0.3664302600472813,0.41134751773049644,0.45390070921985815,0.42671394799054374,0.42671394799054374,0.36879432624113473
68,0.42789598108747046,0.23235095613048362,0.17181225045387216,0.11351417928127536,0.5543735224586288,0.11888818442821503,0.05681591543058554,0.0,0.056097388888398804,0.5323078189976513,"[0.6583924293518066, 0.7423167824745178, 0.7458629012107849]",0.483,0.3605200945626478,0.367612293144208,0.35933806146572106,0.36997635933806144,0.36524822695035464,0.36524822695035464,0.3605200945626478
69,0.408983451536643,0.2254038246372857,0.149472844939262,0.09829110802142421,0.5319148936170213,0.13546764850616455,0.05674245891471704,0.0,0.05605492430428664,0.4885487189749256,"[0.6583924293518066, 0.7423167824745178, 0.7458629012107849]",0.4947,0.40189125295508277,0.41962174940898345,0.4326241134751773,0.5271867612293144,0.4799054373522459,0.4799054373522459,0.40189125295508277
70,0.42907801418439717,0.25592448130059986,0.16409843929781534,0.12086478905698231,0.5472813238770685,0.13349410891532898,0.0566725879907608,0.0,0.05601532322665056,0.5769219079520553,"[0.6583924293518066, 0.7423167824745178, 0.7458629012107849]",0.796,0.4243498817966903,0.4314420803782506,0.4326241134751773,0.5200945626477541,0.4716312056737589,0.4716312056737589,0.4231678486997636
71,0.4243498817966903,0.250806016071224,0.16411145043267536,0.12032648712076743,0.5460992907801419,0.12871745228767395,0.056607660527030625,0.0,0.055979265520970024,0.7419429580913857,"[0.6583924293518066, 0.7423167824745178, 0.7458629012107849]",0.5668,0.36524822695035464,0.3735224586288416,0.3817966903073286,0.3605200945626478,0.3617021276595745,0.3617021276595745,0.3640661938534279
72,0.48108747044917255,0.2992909781784291,0.164173352244657,0.13899115716972277,0.5472813238770685,0.11689799278974533,0.05654540782173475,0.0,0.05594546472032865,0.5778193989535794,"[0.6583924293518066, 0.7423167824745178, 0.7458629012107849]",0.4771,0.3617021276595745,0.36997635933806144,0.3947990543735225,0.37943262411347517,0.3640661938534279,0.3640661938534279,0.35815602836879434
73,0.36997635933806144,0.22534260342526113,0.16617497664705985,0.10507719646112572,0.5508274231678487,0.13617190718650818,0.056485542406638466,0.0,0.055912671610713005,0.5309749279404059,"[0.6583924293518066, 0.7423167824745178, 0.7458629012107849]",0.4519,0.35933806146572106,0.3628841607565012,0.3640661938534279,0.3806146572104019,0.38652482269503546,0.38652482269503546,0.35815602836879434
74,0.3947990543735225,0.24451901644033447,0.1608654290523011,0.10108842119703959,0.5260047281323877,0.11600077152252197,0.056429452573259674,0.0,0.05588303692638874,0.7181438459083438,"[0.6583924293518066, 0.7423167824745178, 0.7458629012107849]",0.7312,0.408983451536643,0.4160756501182033,0.47754137115839246,0.42671394799054374,0.43498817966903075,0.43498817966903075,0.4066193853427896
75,0.3416075650118203,0.1549330631349588,0.1701433966595171,0.09456586426427104,0.5484633569739953,0.1322169005870819,0.056375681733091675,0.0,0.05585344508290291,0.7384714820655063,"[0.6583924293518066, 0.7423167824745178, 0.7458629012107849]",0.7377,0.3747044917257683,0.3747044917257683,0.3829787234042553,0.4030732860520095,0.41962174940898345,0.41962174940898345,0.3747044917257683
76,0.3416075650118203,0.19099491648511258,0.16574925461130233,0.09419985345029548,0.5484633569739953,0.11878742277622223,0.05632390516499678,0.0,0.05582499628265699,0.706432054983452,"[0.6583924293518066, 0.7423167824745178, 0.7458629012107849]",0.6311,0.3806146572104019,0.3817966903073286,0.3829787234042553,0.45271867612293143,0.44562647754137114,0.44562647754137114,0.375886524822695
77,0.4243498817966903,0.22825545369742506,0.16378288849444733,0.10756039980553574,0.5354609929078015,0.10650157928466797,0.0562742513914903,0.0,0.05579701935251554,0.7423834040528163,"[0.6583924293518066, 0.7423167824745178, 0.7458629012107849]",0.7648,0.39361702127659576,0.3971631205673759,0.42789598108747046,0.4846335697399527,0.4739952718676123,0.4739952718676123,0.3900709219858156
78,0.45271867612293143,0.2791824927126578,0.1538409949308575,0.108796498721363,0.516548463356974,0.1351216584444046,0.05622665211558342,0.0,0.055768476178248726,0.44704262202139944,"[0.6583924293518066, 0.7423167824745178, 0.7458629012107849]",0.477,0.3877068557919622,0.39361702127659576,0.44208037825059104,0.3912529550827423,0.3900709219858156,0.3900709219858156,0.3888888888888889
79,0.38652482269503546,0.2363492165637332,0.1500144470909391,0.08832216826653391,0.5118203309692672,0.12709863483905792,0.05617937631905079,0.0,0.05574179068207741,0.5510167849715799,"[0.6583924293518066, 0.7423167824745178, 0.7458629012107849]",0.5178,0.3829787234042553,0.37706855791962174,0.40070921985815605,0.367612293144208,0.38652482269503546,0.38652482269503546,0.375886524822695
80,0.38534278959810875,0.21611951362061843,0.1381615280389952,0.0807582094471252,0.516548463356974,0.128320574760437,0.056133716056744255,0.0,0.05571592474977175,0.5040983820799738,"[0.6583924293518066, 0.7423167824745178, 0.7458629012107849]",0.4858,0.36524822695035464,0.3735224586288416,0.41252955082742315,0.3486997635933806,0.37825059101654845,0.37825059101654845,0.3628841607565012
81,0.466903073286052,0.2920580906241941,0.15973320011091385,0.11382093653576227,0.5366430260047281,0.12655125558376312,0.056087387104829155,0.0,0.05569137757023176,0.5574885500827804,"[0.6583924293518066, 0.7423167824745178, 0.7458629012107849]",0.4695,0.3806146572104019,0.38416075650118203,0.3557919621749409,0.4397163120567376,0.4432624113475177,0.4432624113475177,0.37943262411347517
82,0.450354609929078,0.2817208463274443,0.16087684184592027,0.11211947580289792,0.5390070921985816,0.12731054425239563,0.05604097185035547,0.0,0.05566725631554922,0.46448997396510094,"[0.6583924293518066, 0.7423167824745178, 0.7458629012107849]",0.4497,0.38416075650118203,0.38652482269503546,0.3664302600472813,0.4491725768321513,0.4491725768321513,0.4491725768321513,0.3829787234042553
83,0.42671394799054374,0.2638462780558696,0.1502875013112438,0.10786898658440208,0.5307328605200946,0.12482669204473495,0.055994147434830666,0.0,0.05564449789623419,0.47383489296771586,"[0.6583924293518066, 0.7423167824745178, 0.7458629012107849]",0.4434,0.3888888888888889,0.3877068557919622,0.425531914893617,0.3817966903073286,0.3877068557919622,0.3877068557919622,0.3912529550827423
84,0.44089834515366433,0.26128404597429555,0.16589351383086237,0.13685920105820187,0.5460992907801419,0.12272863835096359,0.055947345991929374,0.0,0.055622123181819916,0.44917141494806856,"[0.6583924293518066, 0.7423167824745178, 0.7458629012107849]",0.5457,0.38652482269503546,0.39243498817966904,0.4231678486997636,0.408983451536643,0.4314420803782506,0.4314420803782506,0.3877068557919622
85,0.41371158392434987,0.2559155648867957,0.16141697533659644,0.11913602464388498,0.5283687943262412,0.11937069892883301,0.055899444967508316,0.0,0.05560001855095228,0.5854280840139836,"[0.6583924293518066, 0.7423167824745178, 0.7458629012107849]",0.6887,0.37943262411347517,0.38416075650118203,0.38534278959810875,0.3971631205673759,0.4078014184397163,0.4078014184397163,0.3806146572104019
86,0.4066193853427896,0.2206714059741699,0.1724383883555898,0.10117454070758877,0.5342789598108747,0.12199154496192932,0.05585111243029436,0.0,0.055579242606957756,0.6829753799829632,"[0.6583924293518066, 0.7423167824745178, 0.7458629012107849]",0.4572,0.3900709219858156,0.3983451536643026,0.41725768321513,0.45390070921985815,0.4598108747044917,0.4598108747044917,0.38652482269503546
87,0.408983451536643,0.22218912388706846,0.16251131973488514,0.08875669040450594,0.5141843971631206,0.12288319319486618,0.05580153129994869,0.0,0.05555907698969046,0.572627010056749,"[0.6583924293518066, 0.7423167824745178, 0.7458629012107849]",0.6962,0.4148936170212766,0.4219858156028369,0.43617021276595747,0.466903073286052,0.4858156028368794,0.4858156028368794,0.41134751773049644
88,0.4030732860520095,0.22579557871884703,0.16100377641247574,0.08576191442183438,0.5130023640661938,0.12366795539855957,0.05574993354578813,0.0,0.05554183945059776,0.5060642450116575,"[0.6583924293518066, 0.7423167824745178, 0.7458629012107849]",0.4354,0.3829787234042553,0.3900709219858156,0.38534278959810875,0.3983451536643026,0.4066193853427896,0.4066193853427896,0.3806146572104019
89,0.4787234042553192,0.29277488697432397,0.16968394062703585,0.10988920980148627,0.5236406619385343,0.12346361577510834,0.05569815635681152,0.0,0.0555256363004446,0.43151487002614886,"[0.6583924293518066, 0.7423167824745178, 0.7458629012107849]",0.4247,0.3806146572104019,0.3888888888888889,0.38652482269503546,0.3947990543735225,0.4066193853427896,0.4066193853427896,0.37825059101654845
90,0.44089834515366433,0.26424773293912573,0.16232136213658396,0.0926313392640175,0.5200945626477541,0.12714852392673492,0.055642995362480484,0.0,0.05551155097782612,0.46907332295086235,"[0.6583924293518066, 0.7423167824745178, 0.7458629012107849]",0.5412,0.40189125295508277,0.41252955082742315,0.3971631205673759,0.44799054373522457,0.4243498817966903,0.4243498817966903,0.39952718676122934
91,0.450354609929078,0.2660483703956611,0.16215577015093097,0.09781663659371508,0.5260047281323877,0.12501414120197296,0.055589151879151665,0.0,0.05549952760338783,0.4583796189399436,"[0.6583924293518066, 0.7423167824745178, 0.7458629012107849]",0.4829,0.40189125295508277,0.4030732860520095,0.425531914893617,0.44680851063829785,0.44680851063829785,0.44680851063829785,0.39952718676122934
92,0.4326241134751773,0.2616673575807824,0.1675938807439814,0.09459673588710278,0.5378250591016549,0.12482111901044846,0.05553649738430977,0.0,0.05549139529466629,0.5362697389209643,"[0.6583924293518066, 0.7423167824745178, 0.7458629012107849]",0.5354,0.458628841607565,0.483451536643026,0.5177304964539007,0.48108747044917255,0.48699763593380613,0.48699763593380613,0.45390070921985815
93,0.39361702127659576,0.21814418280377668,0.17881193807205448,0.09883612403183467,0.5531914893617021,0.12325000017881393,0.055484604090452194,0.0,0.05548094150920709,0.46881756896618754,"[0.6583924293518066, 0.7423167824745178, 0.7458629012107849]",0.688,0.43617021276595747,0.44799054373522457,0.44089834515366433,0.524822695035461,0.4988179669030733,0.4988179669030733,0.4243498817966903
94,0.466903073286052,0.28522533762708424,0.17461852476146775,0.12161545512488954,0.5602836879432624,0.12297391146421432,0.05543431888024012,0.0,0.055470068007707596,0.4822606260422617,"[0.6583924293518066, 0.7423167824745178, 0.7458629012107849]",0.4747,0.4326241134751773,0.44680851063829785,0.4491725768321513,0.5260047281323877,0.4940898345153664,0.4940898345153664,0.4219858156028369
95,0.4929078014184397,0.31058548205106773,0.17414301111421898,0.11831542852892074,0.5342789598108747,0.1288023442029953,0.05538580504556497,0.0,0.05545874126255512,0.4631981198908761,"[0.6583924293518066, 0.7423167824745178, 0.7458629012107849]",0.4711,0.450354609929078,0.45390070921985815,0.41252955082742315,0.4787234042553192,0.4491725768321513,0.4491725768321513,0.4385342789598109
96,0.41134751773049644,0.25319199851102103,0.17057748664202912,0.09352999708576168,0.5260047281323877,0.12484361231327057,0.05533902160823345,0.0,0.05544814715782801,0.6643901199568063,"[0.6583924293518066, 0.7423167824745178, 0.7458629012107849]",0.5891,0.4574468085106383,0.46808510638297873,0.4988179669030733,0.5224586288416075,0.49527186761229314,0.49527186761229314,0.45271867612293143
97,0.4562647754137116,0.289127575624726,0.18399898006292534,0.11372090702809852,0.541371158392435,0.12171918153762817,0.05529309622943401,0.0,0.05543967957297961,0.6565066369948909,"[0.6583924293518066, 0.7423167824745178, 0.7458629012107849]",0.5249,0.4491725768321513,0.458628841607565,0.4562647754137116,0.516548463356974,0.47635933806146574,0.47635933806146574,0.4444444444444444
98,0.4574468085106383,0.297497277289519,0.19335351163700149,0.12454498984019896,0.5697399527186762,0.1189694032073021,0.05524889566004276,0.0,0.0554327517747879,0.5091143669560552,"[0.6583924293518066, 0.7423167824745178, 0.7458629012107849]",0.5102,0.4078014184397163,0.41371158392434987,0.41252955082742315,0.46099290780141844,0.48817966903073284,0.48817966903073284,0.40543735224586286
99,0.46099290780141844,0.3001262681238298,0.19296599321976238,0.12552900252978957,0.5709219858156028,0.1185436099767685,0.055205753073096275,0.0,0.05542723648250103,0.48374014894943684,"[0.6583924293518066, 0.7423167824745178, 0.7458629012107849]",0.4514,0.39361702127659576,0.4030732860520095,0.425531914893617,0.46926713947990545,0.44562647754137114,0.44562647754137114,0.3947990543735225
100,0.408983451536643,0.24398809683386502,0.18752797564112864,0.11338601413557567,0.5732860520094563,0.11693841218948364,0.05516272410750389,0.0,0.0554224985341231,0.4788217230234295,"[0.6583924293518066, 0.7423167824745178, 0.7458629012107849]",0.4563,0.44799054373522457,0.45390070921985815,0.5023640661938534,0.5449172576832151,0.524822695035461,0.524822695035461,0.4444444444444444
101,0.40425531914893614,0.23703592364346904,0.18591753911473224,0.1093567706783094,0.5685579196217494,0.11630001664161682,0.055121684446930885,0.0,0.05541979831953844,0.46918289095629007,"[0.6583924293518066, 0.7423167824745178, 0.7458629012107849]",0.4495,0.4101654846335697,0.41371158392434987,0.44562647754137114,0.48817966903073284,0.475177304964539,0.475177304964539,0.4078014184397163
102,0.4160756501182033,0.25128317212690365,0.1959765270154201,0.11526210140720526,0.5815602836879432,0.11700351536273956,0.05508118619521459,0.0,0.05541946987311045,0.45771503902506083,"[0.6583924293518066, 0.7423167824745178, 0.7458629012107849]",0.5021,0.4302600472813239,0.4397163120567376,0.466903073286052,0.5390070921985816,0.5059101654846335,0.5059101654846335,0.4231678486997636
103,0.43498817966903075,0.2696042307859031,0.1804021240804575,0.12815716383162165,0.5697399527186762,0.11497005820274353,0.055042341351509094,0.0,0.0554196002582709,0.6412089579971507,"[0.6583924293518066, 0.7423167824745178, 0.7458629012107849]",0.4858,0.4302600472813239,0.4385342789598109,0.45508274231678486,0.5307328605200946,0.5,0.5,0.4231678486997636
104,0.43498817966903075,0.26898102620466247,0.18322365964396892,0.13055980064909295,0.5732860520094563,0.11442671716213226,0.05500395533939203,0.0,0.05542441705862681,0.4630730210337788,"[0.6583924293518066, 0.7423167824745178, 0.7458629012107849]",0.4783,0.4326241134751773,0.44089834515366433,0.46808510638297873,0.5271867612293144,0.5023640661938534,0.5023640661938534,0.42671394799054374
105,0.4078014184397163,0.2398144760346943,0.16983927991292525,0.12103900694718854,0.5626477541371159,0.11145466566085815,0.05496641993522644,0.0,0.055429489041368164,0.46417296200525016,"[0.6583924293518066, 0.7423167824745178, 0.7458629012107849]",0.5594,0.4243498817966903,0.4302600472813239,0.4515366430260047,0.5070921985815603,0.48699763593380613,0.48699763593380613,0.41725768321513
106,0.3475177304964539,0.2260399748085784,0.1822990117947118,0.10616320333332538,0.5638297872340425,0.10992300510406494,0.054930546010533966,0.0,0.05543665277461211,0.5750105630140752,"[0.6583924293518066, 0.7423167824745178, 0.7458629012107849]",0.4918,0.4231678486997636,0.4302600472813239,0.44799054373522457,0.5059101654846335,0.483451536643026,0.483451536643026,0.4160756501182033
107,0.35697399527186763,0.23240221227425262,0.1791154535806668,0.10705605817848568,0.5626477541371159,0.10946957767009735,0.05489654652774334,0.0,0.05544387176632881,0.4523514730390161,"[0.6583924293518066, 0.7423167824745178, 0.7458629012107849]",0.4909,0.3900709219858156,0.3971631205673759,0.4066193853427896,0.4645390070921986,0.4373522458628842,0.4373522458628842,0.3829787234042553
108,0.35933806146572106,0.2348822618539086,0.18012459273936166,0.10906400307621585,0.566193853427896,0.10936416685581207,0.054864153265953064,0.0,0.055452896282076836,0.43732838600408286,"[0.6583924293518066, 0.7423167824745178, 0.7458629012107849]",0.4943,0.42789598108747046,0.4491725768321513,0.44208037825059104,0.49527186761229314,0.48699763593380613,0.48699763593380613,0.425531914893617
109,0.4231678486997636,0.26241844311206075,0.18256698160467802,0.12854622029606594,0.5673758865248227,0.11154340207576752,0.054832832887768745,0.0,0.05545968934893608,0.4541587419807911,"[0.6583924293518066, 0.7423167824745178, 0.7458629012107849]",0.478,0.42671394799054374,0.44799054373522457,0.4432624113475177,0.4905437352245863,0.48699763593380613,0.48699763593380613,0.425531914893617
110,0.4219858156028369,0.2602805860622467,0.17873495402483927,0.12567867111379505,0.5638297872340425,0.1108720526099205,0.054803356528282166,0.0,0.0554630725334088,0.49283256800845265,"[0.6583924293518066, 0.7423167824745178, 0.7458629012107849]",0.495,0.4373522458628842,0.4515366430260047,0.4385342789598109,0.4739952718676123,0.4787234042553192,0.4787234042553192,0.43380614657210403
111,0.4657210401891253,0.3048783148036385,0.19581720705944092,0.14109530723694913,0.5862884160756501,0.11403250694274902,0.05477489779392878,0.0,0.05546823392311732,0.4968364220112562,"[0.6583924293518066, 0.7423167824745178, 0.7458629012107849]",0.4625,0.4716312056737589,0.49645390070921985,0.4787234042553192,0.508274231678487,0.5,0.5,0.46099290780141844
112,0.466903073286052,0.30734291378321266,0.19354442193054233,0.14266291607094508,0.5874704491725768,0.11447074264287949,0.05474821602304777,0.0,0.05547132405141989,0.5839914639946073,"[0.6583924293518066, 0.7423167824745178, 0.7458629012107849]",0.7254,0.425531914893617,0.44562647754137114,0.45271867612293143,0.48226950354609927,0.4929078014184397,0.4929078014184397,0.42080378250591016
113,0.46808510638297873,0.3088511352124643,0.19475143140615372,0.14302095244757831,0.5862884160756501,0.11443369835615158,0.0547228225817283,0.0,0.05547502264380455,0.6816420409595594,"[0.6583924293518066, 0.7423167824745178, 0.7458629012107849]",0.4501,0.3912529550827423,0.3983451536643026,0.375886524822695,0.40070921985815605,0.4385342789598109,0.4385342789598109,0.3888888888888889
114,0.466903073286052,0.30712279064192827,0.1945554743297219,0.1423986989230403,0.5862884160756501,0.11446869373321533,0.05469899748762449,0.0,0.05547671268383662,0.6192196600604802,"[0.6583924293518066, 0.7423167824745178, 0.7458629012107849]",0.4713,0.3912529550827423,0.3983451536643026,0.37115839243498816,0.40189125295508277,0.4385342789598109,0.4385342789598109,0.3888888888888889
115,0.4645390070921986,0.30493624075259673,0.19418402078229408,0.14091798745052425,0.5862884160756501,0.11447583884000778,0.05467620429893335,0.0,0.05547730935116609,0.5395185819361359,"[0.6583924293518066, 0.7423167824745178, 0.7458629012107849]",0.4622,0.3959810874704492,0.4160756501182033,0.4148936170212766,0.4515366430260047,0.4326241134751773,0.4326241134751773,0.39361702127659576
116,0.466903073286052,0.30541871921182273,0.19661289409571733,0.14238095081001892,0.5898345153664303,0.11516687273979187,0.05465444239477316,0.0,0.05547827668488026,0.4708320420468226,"[0.6583924293518066, 0.7423167824745178, 0.7458629012107849]",0.4825,0.3983451536643026,0.41843971631205673,0.4160756501182033,0.45390070921985815,0.43380614657210403,0.43380614657210403,0.3947990543735225
117,0.48936170212765956,0.3161704858648814,0.19303315767735596,0.15887057690820358,0.5791962174940898,0.11296586692333221,0.054634347558021545,0.0,0.05547890501717726,0.5936166249448434,"[0.6583924293518066, 0.7423167824745178, 0.7458629012107849]",0.5176,0.41843971631205673,0.408983451536643,0.42080378250591016,0.4302600472813239,0.44799054373522457,0.44799054373522457,0.41134751773049644
118,0.4645390070921986,0.2866925134336804,0.18862509354121956,0.1319798768964257,0.5449172576832151,0.11403896659612656,0.054614982257286705,0.0,0.05547733666996161,0.5047042180085555,"[0.6583924293518066, 0.7423167824745178, 0.7458629012107849]",0.5742,0.4148936170212766,0.41134751773049644,0.4148936170212766,0.43498817966903075,0.44799054373522457,0.44799054373522457,0.408983451536643
119,0.4598108747044917,0.2912208786454399,0.17749382679784106,0.13477403082982778,0.5437352245862884,0.11299359798431396,0.054596717158953346,0.0,0.05547588753203551,0.49778992496430874,"[0.6583924293518066, 0.7423167824745178, 0.7458629012107849]",0.4856,0.450354609929078,0.4562647754137116,0.4929078014184397,0.5354609929078015,0.49527186761229314,0.49527186761229314,0.44680851063829785
120,0.46099290780141844,0.2925331748861162,0.17778937219911384,0.13518455439194219,0.5437352245862884,0.11183243989944458,0.05457914744814237,0.0,0.05547404040892919,0.5090798360761255,"[0.6583924293518066, 0.7423167824745178, 0.7458629012107849]",0.5978,0.44799054373522457,0.4574468085106383,0.4940898345153664,0.5319148936170213,0.4929078014184397,0.4929078014184397,0.4444444444444444
121,0.46217494089834515,0.29417006810205404,0.17767089951015677,0.13545977606944543,0.5437352245862884,0.11172240972518921,0.05456169694662094,0.0,0.05547098567088445,0.6637035049498081,"[0.6583924293518066, 0.7423167824745178, 0.7458629012107849]",0.493,0.44562647754137114,0.4562647754137116,0.491725768321513,0.5283687943262412,0.4905437352245863,0.4905437352245863,0.44208037825059104
122,0.46099290780141844,0.29425840384175617,0.17674144947891612,0.13633494363252122,0.5437352245862884,0.11155454814434052,0.05454499771197637,0.0,0.05546865674356619,0.5147095880238339,"[0.6583924293518066, 0.7423167824745178, 0.7458629012107849]",0.506,0.4219858156028369,0.43380614657210403,0.42789598108747046,0.4787234042553192,0.49527186761229314,0.49527186761229314,0.4160756501182033
123,0.4598108747044917,0.29394168502021634,0.17745503310093536,0.13539286425142527,0.5437352245862884,0.11179425567388535,0.054528759171565376,0.0,0.05546710702280203,0.49853852891828865,"[0.6583924293518066, 0.7423167824745178, 0.7458629012107849]",0.4868,0.4373522458628842,0.44680851063829785,0.483451536643026,0.516548463356974,0.47635933806146574,0.47635933806146574,0.43380614657210403
124,0.43498817966903075,0.2862775551986445,0.19737687708859228,0.13238446451337973,0.5508274231678487,0.11240236461162567,0.054513124749064445,0.0,0.055464720353484154,0.4876520870020613,"[0.6583924293518066, 0.7423167824745178, 0.7458629012107849]",0.5133,0.4444444444444444,0.45390070921985815,0.4739952718676123,0.5236406619385343,0.48108747044917255,0.48108747044917255,0.44089834515366433
125,0.43617021276595747,0.2885943664653431,0.19959390502401642,0.13327413589855874,0.5531914893617021,0.11421468108892441,0.054497318963209786,0.0,0.05546280865867933,0.4908384040463716,"[0.6583924293518066, 0.7423167824745178, 0.7458629012107849]",0.5534,0.44208037825059104,0.45390070921985815,0.46808510638297873,0.5189125295508275,0.4846335697399527,0.4846335697399527,0.4385342789598109
126,0.3983451536643026,0.23589982912110052,0.18169946688994934,0.10739551497404887,0.5472813238770685,0.11486523598432541,0.054482740660508476,0.0,0.05546074484785398,0.49296525202225894,"[0.6583924293518066, 0.7423167824745178, 0.7458629012107849]",0.4866,0.44089834515366433,0.45271867612293143,0.4491725768321513,0.516548463356974,0.4905437352245863,0.4905437352245863,0.4373522458628842
127,0.45271867612293143,0.29741529299922864,0.19722236005966232,0.13332256861407166,0.5638297872340425,0.11574011296033859,0.05446825549006462,0.0,0.05545712200303873,0.5502633380237967,"[0.6583924293518066, 0.7423167824745178, 0.7458629012107849]",0.7537,0.4066193853427896,0.4148936170212766,0.39952718676122934,0.45508274231678486,0.4314420803782506,0.4314420803782506,0.3983451536643026
128,0.40189125295508277,0.26369110789654293,0.17033027659310837,0.10930206383379426,0.5555555555555556,0.11650706827640533,0.054454432179530464,0.0,0.05545325515170892,0.7305583710549399,"[0.6583924293518066, 0.7423167824745178, 0.7458629012107849]",0.7185,0.40543735224586286,0.41252955082742315,0.3971631205673759,0.45390070921985815,0.4326241134751773,0.4326241134751773,0.3983451536643026
129,0.39952718676122934,0.2608418224753152,0.1683849378740627,0.1063483286687826,0.5484633569739953,0.11294753849506378,0.054440623770157494,0.0,0.0554496751477321,0.7150279639754444,"[0.6583924293518066, 0.7423167824745178, 0.7458629012107849]",0.7281,0.41962174940898345,0.4243498817966903,0.4101654846335697,0.47044917257683216,0.466903073286052,0.466903073286052,0.4160756501182033
130,0.38416075650118203,0.23980959279764058,0.17566861530147057,0.10101822219770665,0.5520094562647754,0.11117040365934372,0.05442764920492967,0.0,0.05544687993824482,0.7218683309620246,"[0.6583924293518066, 0.7423167824745178, 0.7458629012107849]",0.7221,0.39243498817966904,0.3806146572104019,0.37825059101654845,0.38534278959810875,0.4219858156028369,0.4219858156028369,0.38416075650118203
131,0.4385342789598109,0.28687664926966294,0.17464614411704935,0.12590919959532978,0.5484633569739953,0.1102318987250328,0.05441508131722609,0.0,0.055444156751036644,0.6948999059386551,"[0.6583924293518066, 0.7423167824745178, 0.7458629012107849]",0.7161,0.39361702127659576,0.3817966903073286,0.3735224586288416,0.3877068557919622,0.4231678486997636,0.4231678486997636,0.38652482269503546
132,0.4385342789598109,0.2875656854332579,0.1771426971810571,0.12729843384660922,0.5508274231678487,0.11030374467372894,0.054402727633714676,0.0,0.05544178436199824,0.4741681460291147,"[0.6583924293518066, 0.7423167824745178, 0.7458629012107849]",0.5051,0.3947990543735225,0.38416075650118203,0.3735224586288416,0.38652482269503546,0.41962174940898345,0.41962174940898345,0.3888888888888889
133,0.4373522458628842,0.2862100871020231,0.17644221189334877,0.12619546237167154,0.5520094562647754,0.11026673763990402,0.05439100911219915,0.0,0.05543878115713596,0.5208067529601976,"[0.6583924293518066, 0.7423167824745178, 0.7458629012107849]",0.4722,0.3912529550827423,0.40070921985815605,0.41843971631205673,0.35224586288416077,0.3888888888888889,0.3888888888888889,0.3806146572104019
134,0.43498817966903075,0.2840662842574888,0.17689772106971355,0.12504602386689428,0.5520094562647754,0.11021777987480164,0.054379615311821304,0.0,0.05543604431053003,0.45555799501016736,"[0.6583924293518066, 0.7423167824745178, 0.7458629012107849]",0.4735,0.39243498817966904,0.39952718676122934,0.41843971631205673,0.35933806146572106,0.3959810874704492,0.3959810874704492,0.3806146572104019
135,0.4326241134751773,0.2818793370540925,0.17601903985492137,0.12304652225176461,0.5520094562647754,0.11037345230579376,0.05436826248963674,0.0,0.05543290823698044,0.4476434059906751,"[0.6583924293518066, 0.7423167824745178, 0.7458629012107849]",0.4701,0.3912529550827423,0.40070921985815605,0.4148936170212766,0.35697399527186763,0.3947990543735225,0.3947990543735225,0.38416075650118203
136,0.47635933806146574,0.31078859387470625,0.17925802743227096,0.14609735476248814,0.5638297872340425,0.10998877882957458,0.05435665945212046,0.0,0.05543197443087896,0.46665817801840603,"[0.6583924293518066, 0.7423167824745178, 0.7458629012107849]",0.4851,0.3971631205673759,0.38534278959810875,0.36997635933806144,0.3888888888888889,0.4231678486997636,0.4231678486997636,0.3900709219858156
137,0.4716312056737589,0.30541489191706006,0.17733301365714135,0.14248202761535336,0.566193853427896,0.10977192968130112,0.0543455978234609,0.0,0.05542912147939205,0.46535771107301116,"[0.6583924293518066, 0.7423167824745178, 0.7458629012107849]",0.4656,0.3900709219858156,0.3888888888888889,0.3416075650118203,0.39361702127659576,0.41843971631205673,0.41843971631205673,0.38416075650118203
138,0.47044917257683216,0.3041766876571995,0.18100752252844973,0.14211847743112702,0.566193853427896,0.10977189987897873,0.05433458462357521,0.0,0.055427899584174156,0.4648101159837097,"[0.6583924293518066, 0.7423167824745178, 0.7458629012107849]",0.485,0.39361702127659576,0.3912529550827423,0.367612293144208,0.3829787234042553,0.41725768321513,0.41725768321513,0.38652482269503546
139,0.44089834515366433,0.2551444542271545,0.17467840788397998,0.11255429207706232,0.541371158392435,0.11133091151714325,0.05432404950261116,0.0,0.05542523475984732,0.4882364890072495,"[0.6583924293518066, 0.7423167824745178, 0.7458629012107849]",0.495,0.3912529550827423,0.40425531914893614,0.42671394799054374,0.40189125295508277,0.39243498817966904,0.39243498817966904,0.38416075650118203
140,0.43380614657210403,0.2503607290055718,0.17031734964592843,0.11149127084004061,0.5378250591016549,0.11159247159957886,0.05431326851248741,0.0,0.05542346897224585,0.4797455030493438,"[0.6583924293518066, 0.7423167824745178, 0.7458629012107849]",0.4741,0.3912529550827423,0.4066193853427896,0.42671394799054374,0.40425531914893614,0.39243498817966904,0.39243498817966904,0.38652482269503546
141,0.43498817966903075,0.25275098906256643,0.169223551348436,0.1130563364529438,0.5366430260047281,0.1114041805267334,0.05430352004865805,0.0,0.05541957293947538,0.47234528604894876,"[0.6583924293518066, 0.7423167824745178, 0.7458629012107849]",0.4763,0.39361702127659576,0.40425531914893614,0.42671394799054374,0.4066193853427896,0.3888888888888889,0.3888888888888889,0.3877068557919622
142,0.42907801418439717,0.24722557920179233,0.16843256579087776,0.11070826968258586,0.5342789598108747,0.11131428182125092,0.054294209306438766,0.0,0.05541629468401273,0.44423379900399595,"[0.6583924293518066, 0.7423167824745178, 0.7458629012107849]",0.4726,0.39952718676122934,0.41134751773049644,0.425531914893617,0.41371158392434987,0.3900709219858156,0.3900709219858156,0.3912529550827423
143,0.425531914893617,0.24297392841361032,0.16540631717853443,0.10737595730568993,0.5307328605200946,0.11128048598766327,0.05428501528998216,0.0,0.05541323932508627,0.4830680830636993,"[0.6583924293518066, 0.7423167824745178, 0.7458629012107849]",0.4677,0.41962174940898345,0.458628841607565,0.4491725768321513,0.425531914893617,0.4432624113475177,0.4432624113475177,0.4101654846335697
144,0.4243498817966903,0.24108229980419282,0.1659221764102351,0.10662902659115539,0.5307328605200946,0.11129274219274521,0.054275667294859886,0.0,0.05540823501845201,0.47252243501134217,"[0.6583924293518066, 0.7423167824745178, 0.7458629012107849]",0.5117,0.44562647754137114,0.4314420803782506,0.41252955082742315,0.5094562647754137,0.49645390070921985,0.49645390070921985,0.4385342789598109
145,0.4243498817966903,0.2415223970721433,0.1667322877860626,0.10740947489866774,0.5307328605200946,0.11129933595657349,0.054267738635341324,0.0,0.05540225779016813,0.5959743030834943,"[0.6583924293518066, 0.7423167824745178, 0.7458629012107849]",0.5702,0.41962174940898345,0.4598108747044917,0.4515366430260047,0.42907801418439717,0.4444444444444444,0.4444444444444444,0.41252955082742315
146,0.4243498817966903,0.24159639502327668,0.16749269826731625,0.10803766873995267,0.5307328605200946,0.11129680275917053,0.054259843503435455,0.0,0.05539568948249022,0.49072120909113437,"[0.6583924293518066, 0.7423167824745178, 0.7458629012107849]",0.4596,0.41962174940898345,0.4598108747044917,0.4515366430260047,0.42907801418439717,0.44562647754137114,0.44562647754137114,0.41252955082742315
147,0.4231678486997636,0.24915567114368598,0.20582991000706388,0.13375441311577338,0.5780141843971631,0.11427526921033859,0.05425244942307472,0.0,0.0553893099228541,0.4933816440170631,"[0.6583924293518066, 0.7423167824745178, 0.7458629012107849]",0.4536,0.4432624113475177,0.4515366430260047,0.41962174940898345,0.5094562647754137,0.4940898345153664,0.4940898345153664,0.4326241134751773
148,0.425531914893617,0.2500984898227182,0.20148763965200295,0.1325685501285753,0.58274231678487,0.11106652021408081,0.054244921232263245,0.0,0.055383953576286636,0.4811185940634459,"[0.6583924293518066, 0.7423167824745178, 0.7458629012107849]",0.4772,0.41371158392434987,0.44680851063829785,0.46099290780141844,0.4385342789598109,0.44680851063829785,0.44680851063829785,0.4066193853427896
149,0.4314420803782506,0.2530164715039126,0.20532889517854028,0.13407173776105327,0.5839243498817966,0.11098039150238037,0.05423774880667528,0.0,0.05537869408726692,0.640090452041477,"[0.6583924293518066, 0.7423167824745178, 0.7458629012107849]",0.4602,0.4101654846335697,0.41962174940898345,0.450354609929078,0.466903073286052,0.44680851063829785,0.44680851063829785,0.40543735224586286
150,0.4302600472813239,0.25106067229175,0.2051694931407372,0.1335665456468653,0.5815602836879432,0.11104463785886765,0.054230510567625366,0.0,0.05537261255085468,0.6164531379472464,"[0.6583924293518066, 0.7423167824745178, 0.7458629012107849]",0.6323,0.4101654846335697,0.42080378250591016,0.450354609929078,0.4657210401891253,0.44562647754137114,0.44562647754137114,0.40425531914893614
151,0.4314420803782506,0.2518216033050861,0.20716872145661253,0.1344264552824486,0.5815602836879432,0.11105944216251373,0.05422370073695978,0.0,0.05536559348305067,0.4640550570329651,"[0.6583924293518066, 0.7423167824745178, 0.7458629012107849]",0.477,0.408983451536643,0.41962174940898345,0.4491725768321513,0.46335697399527187,0.4444444444444444,0.4444444444444444,0.40425531914893614
152,0.4078014184397163,0.25803244136501613,0.2039748856425097,0.12571311504529137,0.5874704491725768,0.11455234885215759,0.05421716285248598,0.0,0.055358450238903366,0.4752706770086661,"[0.6583924293518066, 0.7423167824745178, 0.7458629012107849]",0.5805,0.41134751773049644,0.42080378250591016,0.45390070921985815,0.46926713947990545,0.4491725768321513,0.4491725768321513,0.4066193853427896
153,0.41252955082742315,0.26267334441615287,0.20483755173288196,0.12717356169261007,0.5886524822695035,0.11454162001609802,0.054210809990763664,0.0,0.055351572732130684,0.5579622640507296,"[0.6583924293518066, 0.7423167824745178, 0.7458629012107849]",0.485,0.4574468085106383,0.4657210401891253,0.5070921985815603,0.5437352245862884,0.5118203309692672,0.5118203309692672,0.45390070921985815
154,0.41134751773049644,0.2616843721194322,0.2057380862335548,0.12597509858707232,0.5886524822695035,0.11455439031124115,0.05420441242555777,0.0,0.05534978707631429,0.468845474999398,"[0.6583924293518066, 0.7423167824745178, 0.7458629012107849]",0.5418,0.41725768321513,0.4657210401891253,0.458628841607565,0.4314420803782506,0.44562647754137114,0.44562647754137114,0.41252955082742315
155,0.4160756501182033,0.26670222696359525,0.20665998465066668,0.12780433949967313,0.5898345153664303,0.11454413831233978,0.054198150212566056,0.0,0.0553462610890468,0.5711076550651342,"[0.6583924293518066, 0.7423167824745178, 0.7458629012107849]",0.4766,0.4562647754137116,0.46099290780141844,0.5011820330969267,0.5425531914893617,0.5106382978723404,0.5106382978723404,0.4491725768321513
156,0.41371158392434987,0.26453220879057315,0.20439373840663638,0.12525846152885955,0.5851063829787234,0.11457835882902145,0.05419110506772995,0.0,0.05533966918786367,0.4864171869121492,"[0.6583924293518066, 0.7423167824745178, 0.7458629012107849]",0.4751,0.3959810874704492,0.40070921985815605,0.41134751773049644,0.4243498817966903,0.45271867612293143,0.45271867612293143,0.3947990543735225
157,0.4515366430260047,0.2896815415711388,0.1842946649007337,0.14157499868958423,0.5709219858156028,0.11114980280399323,0.054184467221299805,0.0,0.05533535654346148,0.4848952409811318,"[0.6583924293518066, 0.7423167824745178, 0.7458629012107849]",0.4957,0.458628841607565,0.46335697399527187,0.5035460992907801,0.5449172576832151,0.516548463356974,0.516548463356974,0.4515366430260047
158,0.408983451536643,0.26021273693304847,0.2024433076831905,0.12269838345166943,0.5815602836879432,0.11419230699539185,0.05417807586491108,0.0,0.055329976603388786,0.4704182480927557,"[0.6583924293518066, 0.7423167824745178, 0.7458629012107849]",0.5412,0.3971631205673759,0.40070921985815605,0.41252955082742315,0.4243498817966903,0.45271867612293143,0.45271867612293143,0.3947990543735225
159,0.45508274231678486,0.29340210780343823,0.1856693614198218,0.14543413695674148,0.5721040189125296,0.111165851354599,0.054171839728951454,0.0,0.055323061222831406,0.5127408650005236,"[0.6583924293518066, 0.7423167824745178, 0.7458629012107849]",0.5065,0.4562647754137116,0.46335697399527187,0.5,0.5460992907801419,0.5153664302600472,0.5153664302600472,0.45271867612293143
160,0.45508274231678486,0.2937833976463431,0.18632093529978938,0.14597211036876964,0.5732860520094563,0.1097264438867569,0.05416633188724518,0.0,0.05531443220873674,0.49763148196507245,"[0.6583924293518066, 0.7423167824745178, 0.7458629012107849]",0.5331,0.3959810874704492,0.40070921985815605,0.4101654846335697,0.42789598108747046,0.45271867612293143,0.45271867612293143,0.3947990543735225
161,0.44680851063829785,0.2858802224995851,0.20837437964549915,0.14667242624567509,0.5981087470449172,0.10999274253845215,0.05416128101448218,0.0,0.05530567653477192,0.5041765819769353,"[0.6583924293518066, 0.7423167824745178, 0.7458629012107849]",0.5086,0.4515366430260047,0.4739952718676123,0.46217494089834515,0.5130023640661938,0.49763593380614657,0.49763593380614657,0.4444444444444444
162,0.44680851063829785,0.2858802224995851,0.20837437964549915,0.14667242624567509,0.5981087470449172,0.11039359867572784,0.05415645676354567,0.0,0.055296918377280235,0.504616955993697,"[0.6583924293518066, 0.7423167824745178, 0.7458629012107849]",0.6247,0.42907801418439717,0.4385342789598109,0.46808510638297873,0.5047281323877069,0.47754137115839246,0.47754137115839246,0.4219858156028369
163,0.44799054373522457,0.287169549873341,0.20858263973606594,0.14711929485675873,0.5981087470449172,0.11038969457149506,0.05415200007458528,0.0,0.055287545546889305,0.4772699910681695,"[0.6583924293518066, 0.7423167824745178, 0.7458629012107849]",0.5133,0.42907801418439717,0.4385342789598109,0.46808510638297873,0.5047281323877069,0.47754137115839246,0.47754137115839246,0.4219858156028369
164,0.44799054373522457,0.287169549873341,0.20858263973606594,0.14711929485675873,0.5981087470449172,0.11039574444293976,0.054147536555926,0.0,0.055280749996503196,0.42487016308587044,"[0.6583924293518066, 0.7423167824745178, 0.7458629012107849]",0.4407,0.38416075650118203,0.3900709219858156,0.39952718676122934,0.425531914893617,0.4645390070921986,0.4645390070921986,0.37943262411347517
165,0.44799054373522457,0.287169549873341,0.20858263973606594,0.14711929485675873,0.5981087470449172,0.11039325594902039,0.05414337540666262,0.0,0.055271416902542114,0.4706303229322657,"[0.6583924293518066, 0.7423167824745178, 0.7458629012107849]",0.5442,0.42907801418439717,0.4385342789598109,0.466903073286052,0.5035460992907801,0.47754137115839246,0.47754137115839246,0.42080378250591016
166,0.4491725768321513,0.2882631921965241,0.2086090610176671,0.1475906725395199,0.5981087470449172,0.11039924621582031,0.054138725623488426,0.0,0.055262152726451554,0.5599330979166552,"[0.6583924293518066, 0.7423167824745178, 0.7458629012107849]",0.5333,0.42907801418439717,0.4385342789598109,0.466903073286052,0.5035460992907801,0.47754137115839246,0.47754137115839246,0.42080378250591016
167,0.41843971631205673,0.2775480874373848,0.2120618444013091,0.1405101836880372,0.5921985815602837,0.1128610372543335,0.054134043554464974,0.0,0.05525623448193073,0.4809056839440018,"[0.6583924293518066, 0.7423167824745178, 0.7458629012107849]",0.6425,0.39243498817966904,0.40543735224586286,0.42671394799054374,0.4574468085106383,0.44680851063829785,0.44680851063829785,0.3877068557919622
168,0.4219858156028369,0.27951974252514833,0.21114329126848094,0.1406240442469461,0.5874704491725768,0.11278825998306274,0.05412911561628183,0.0,0.055250151082873344,0.4681507559726015,"[0.6583924293518066, 0.7423167824745178, 0.7458629012107849]",0.6367,0.3912529550827423,0.40425531914893614,0.425531914893617,0.4562647754137116,0.44208037825059104,0.44208037825059104,0.38534278959810875
169,0.4030732860520095,0.24327148740202809,0.21145803494815724,0.13548761912487828,0.5898345153664303,0.11328904330730438,0.05412467196583748,0.0,0.05524488414327303,0.6337627499597147,"[0.6583924293518066, 0.7423167824745178, 0.7458629012107849]",0.7067,0.46808510638297873,0.4846335697399527,0.5342789598108747,0.5460992907801419,0.516548463356974,0.516548463356974,0.46217494089834515
170,0.40543735224586286,0.2445811749752358,0.21450080269257632,0.1389568864121391,0.5921985815602837,0.11320804804563522,0.05411997934182485,0.0,0.055238411451379456,0.6394236360210925,"[0.6583924293518066, 0.7423167824745178, 0.7458629012107849]",0.6721,0.40425531914893614,0.42080378250591016,0.4066193853427896,0.3912529550827423,0.4231678486997636,0.4231678486997636,0.3947990543735225
171,0.41371158392434987,0.24941508124467848,0.21582281508126847,0.14222447669776345,0.5969267139479906,0.1131889671087265,0.0541153351465861,0.0,0.05523314327001572,0.5730272270739079,"[0.6583924293518066, 0.7423167824745178, 0.7458629012107849]",0.6259,0.37825059101654845,0.38652482269503546,0.37706855791962174,0.4574468085106383,0.450354609929078,0.450354609929078,0.37115839243498816
172,0.41252955082742315,0.24536815183739413,0.21199883234064798,0.13844003128650836,0.5933806146572104,0.11316227167844772,0.05411096351842085,0.0,0.055226488038897514,0.786584565998055,"[0.6583924293518066, 0.7423167824745178, 0.7458629012107849]",0.7719,0.37943262411347517,0.3877068557919622,0.37706855791962174,0.4574468085106383,0.4491725768321513,0.4491725768321513,0.37115839243498816
173,0.41134751773049644,0.24256512593711244,0.20985024789972864,0.13700793276266318,0.5910165484633569,0.11312508583068848,0.05410655463735262,0.0,0.055220202232400574,0.5622367339674383,"[0.6583924293518066, 0.7423167824745178, 0.7458629012107849]",0.7133,0.37706855791962174,0.3877068557919622,0.375886524822695,0.4574468085106383,0.4432624113475177,0.4432624113475177,0.36879432624113473
174,0.41134751773049644,0.24218501270795456,0.20883593903062708,0.1365557155909577,0.5886524822695035,0.11308925598859787,0.054102341954906784,0.0,0.055213190615177155,0.7937487299786881,"[0.6583924293518066, 0.7423167824745178, 0.7458629012107849]",0.8311,0.37706855791962174,0.3877068557919622,0.3747044917257683,0.4574468085106383,0.4397163120567376,0.4397163120567376,0.36997635933806144
175,0.41134751773049644,0.23827052906015977,0.20670710684755733,0.13372833658600805,0.5815602836879432,0.11305755376815796,0.05409821619590124,0.0,0.05520680360496044,0.6745021740207449,"[0.6583924293518066, 0.7423167824745178, 0.7458629012107849]",0.8154,0.37943262411347517,0.3888888888888889,0.37706855791962174,0.4574468085106383,0.44089834515366433,0.44089834515366433,0.37115839243498816
176,0.41134751773049644,0.23462141457007535,0.20757834599597483,0.1362201367987025,0.5780141843971631,0.1133451983332634,0.05409376323223114,0.0,0.05520019307732582,0.9048419330501929,"[0.6583924293518066, 0.7423167824745178, 0.7458629012107849]",0.919,0.3912529550827423,0.4066193853427896,0.40189125295508277,0.367612293144208,0.40070921985815605,0.40070921985815605,0.37943262411347517
177,0.4432624113475177,0.29488397772457253,0.2108409443493967,0.14921612989396252,0.5851063829787234,0.11318918317556381,0.05408917491634687,0.0,0.055194964011510216,0.8803360069869086,"[0.6583924293518066, 0.7423167824745178, 0.7458629012107849]",0.9877,0.3829787234042553,0.3877068557919622,0.3829787234042553,0.4562647754137116,0.4397163120567376,0.4397163120567376,0.3735224586288416
178,0.4385342789598109,0.290425109257052,0.20817574034746059,0.1423143190137585,0.574468085106383,0.11257608979940414,0.05408446118235588,0.0,0.05518980945150057,0.5815337629755959,"[0.6583924293518066, 0.7423167824745178, 0.7458629012107849]",0.6842,0.38652482269503546,0.40189125295508277,0.3900709219858156,0.36997635933806144,0.3959810874704492,0.3959810874704492,0.37706855791962174
179,0.4397163120567376,0.27658522769297933,0.21094903907204177,0.14194493956384943,0.574468085106383,0.11432181298732758,0.05407977228363355,0.0,0.055185576900839806,0.5762291389983147,"[0.6583924293518066, 0.7423167824745178, 0.7458629012107849]",0.4966,0.37943262411347517,0.3900709219858156,0.3817966903073286,0.45508274231678486,0.4432624113475177,0.4432624113475177,0.3723404255319149
180,0.4397163120567376,0.27709253483802354,0.21196644656641273,0.14173453354024143,0.5756501182033097,0.11251711845397949,0.054075062895814575,0.0,0.0551801777134339,0.46036351996008307,"[0.6583924293518066, 0.7423167824745178, 0.7458629012107849]",0.4913,0.3912529550827423,0.3983451536643026,0.3829787234042553,0.44208037825059104,0.4231678486997636,0.4231678486997636,0.3829787234042553
181,0.43617021276595747,0.27437730610718325,0.21358723161789422,0.14090326902339584,0.574468085106383,0.11227209866046906,0.05407034792006016,0.0,0.055175417413314186,0.6003173399949446,"[0.6583924293518066, 0.7423167824745178, 0.7458629012107849]",0.6176,0.44680851063829785,0.458628841607565,0.466903073286052,0.533096926713948,0.5094562647754137,0.5094562647754137,0.4385342789598109
182,0.4326241134751773,0.2707433540274513,0.21003620035869977,0.1381181355532917,0.5709219858156028,0.11218597739934921,0.054065742219487824,0.0,0.055170316249132156,0.5121660600416362,"[0.6583924293518066, 0.7423167824745178, 0.7458629012107849]",0.5988,0.4444444444444444,0.4562647754137116,0.46217494089834515,0.5295508274231678,0.508274231678487,0.508274231678487,0.43617021276595747
183,0.43380614657210403,0.2724455591842452,0.20959191632196777,0.13787156930487363,0.5709219858156028,0.11214810609817505,0.05406123151381811,0.0,0.055165695026516914,0.6293785849120468,"[0.6583924293518066, 0.7423167824745178, 0.7458629012107849]",1.1268,0.46217494089834515,0.4799054373522459,0.4940898345153664,0.5236406619385343,0.48699763593380613,0.48699763593380613,0.45390070921985815
184,0.39952718676122934,0.24992669747699692,0.20694457591384616,0.13088851845009444,0.5791962174940898,0.11360200494527817,0.05405667175849279,0.0,0.05516070437928041,0.9557776319561526,"[0.6583924293518066, 0.7423167824745178, 0.7458629012107849]",0.6496,0.3983451536643026,0.40543735224586286,0.408983451536643,0.45390070921985815,0.43380614657210403,0.43380614657210403,0.3912529550827423
185,0.3947990543735225,0.24516806978961003,0.20796510970074442,0.12773748893301753,0.5756501182033097,0.11370613425970078,0.054052253564198814,0.0,0.05515462967256705,1.160733542055823,"[0.6583924293518066, 0.7423167824745178, 0.7458629012107849]",0.574,0.45271867612293143,0.466903073286052,0.4940898345153664,0.5378250591016549,0.5212765957446809,0.5212765957446809,0.44562647754137114
186,0.39361702127659576,0.24317150963565692,0.20824785847779012,0.1294330377096455,0.5803782505910166,0.1131964847445488,0.05404765841861566,0.0,0.05514977499842644,0.47333499090746045,"[0.6583924293518066, 0.7423167824745178, 0.7458629012107849]",0.4884,0.40070921985815605,0.4078014184397163,0.38416075650118203,0.483451536643026,0.466903073286052,0.466903073286052,0.3900709219858156
187,0.39361702127659576,0.24272647642844425,0.20666416266934629,0.12881186107334094,0.5803782505910166,0.11320625245571136,0.05404340662062168,0.0,0.05514407095809778,0.5172396729467437,"[0.6583924293518066, 0.7423167824745178, 0.7458629012107849]",0.4546,0.44680851063829785,0.46335697399527187,0.4846335697399527,0.5342789598108747,0.5189125295508275,0.5189125295508275,0.4385342789598109
188,0.39361702127659576,0.24251235722862963,0.20545895398793135,0.12866191255855147,0.5803782505910166,0.11318615078926086,0.05403905982772509,0.0,0.055137372886141144,0.570036584045738,"[0.6583924293518066, 0.7423167824745178, 0.7458629012107849]",0.4546,0.4385342789598109,0.4491725768321513,0.4645390070921986,0.5212765957446809,0.5070921985815603,0.5070921985815603,0.4326241134751773
189,0.39361702127659576,0.24251235722862963,0.20545895398793135,0.12866191255855147,0.5803782505910166,0.11317028105258942,0.05403455098470052,0.0,0.05513152480125427,0.49007075605913997,"[0.6583924293518066, 0.7423167824745178, 0.7458629012107849]",0.4634,0.40070921985815605,0.4066193853427896,0.4231678486997636,0.4574468085106383,0.4326241134751773,0.4326241134751773,0.39361702127659576
190,0.39361702127659576,0.24251235722862963,0.20545895398793135,0.12866191255855147,0.5803782505910166,0.11315058171749115,0.054030558715264,0.0,0.055121552820007004,0.4546264640521258,"[0.6583924293518066, 0.7423167824745178, 0.7458629012107849]",0.4631,0.375886524822695,0.38534278959810875,0.36879432624113473,0.45390070921985815,0.45390070921985815,0.45390070921985815,0.36879432624113473
191,0.48936170212765956,0.3222297844877945,0.20234575329882185,0.1527055605969653,0.5791962174940898,0.11419233679771423,0.0540266161163648,0.0,0.05511544272303581,0.47001730604097247,"[0.6583924293518066, 0.7423167824745178, 0.7458629012107849]",0.4807,0.3900709219858156,0.4101654846335697,0.39243498817966904,0.3912529550827423,0.39952718676122934,0.39952718676122934,0.3806146572104019
192,0.43617021276595747,0.2764797005099078,0.21569861217049013,0.14108830270873698,0.5803782505910166,0.1142205223441124,0.05402252202232679,0.0,0.055106161162257195,0.4692840310744941,"[0.6583924293518066, 0.7423167824745178, 0.7458629012107849]",0.5225,0.3912529550827423,0.41252955082742315,0.3912529550827423,0.39952718676122934,0.3983451536643026,0.3983451536643026,0.38416075650118203
193,0.4326241134751773,0.27926904591181134,0.19847572553940782,0.13767201132857154,0.5803782505910166,0.11128272861242294,0.05401894636452198,0.0,0.05509866960346699,0.49022530298680067,"[0.6583924293518066, 0.7423167824745178, 0.7458629012107849]",0.4658,0.3900709219858156,0.41134751773049644,0.3971631205673759,0.3817966903073286,0.3983451536643026,0.3983451536643026,0.3817966903073286
194,0.4302600472813239,0.278716246095284,0.1984014812617515,0.13570180529335416,0.5768321513002365,0.11092474311590195,0.05401578235129515,0.0,0.05509102282424768,0.4818221681052819,"[0.6583924293518066, 0.7423167824745178, 0.7458629012107849]",0.5152,0.3959810874704492,0.4148936170212766,0.375886524822695,0.4326241134751773,0.4243498817966903,0.4243498817966903,0.3900709219858156
195,0.42907801418439717,0.2774754129666763,0.19572055071910532,0.1356505479345106,0.5768321513002365,0.11081458628177643,0.05401218620439371,0.0,0.05508376844227314,0.5097544499440119,"[0.6583924293518066, 0.7423167824745178, 0.7458629012107849]",0.4747,0.37825059101654845,0.3959810874704492,0.3486997635933806,0.3912529550827423,0.4326241134751773,0.4326241134751773,0.36997635933806144
196,0.425531914893617,0.2750808833252525,0.19612391305455953,0.13413165368794774,0.5791962174940898,0.1107146143913269,0.05400885765751203,0.0,0.05507590249180794,0.5157132149906829,"[0.6583924293518066, 0.7423167824745178, 0.7458629012107849]",0.4723,0.37943262411347517,0.3983451536643026,0.3486997635933806,0.3888888888888889,0.4314420803782506,0.4314420803782506,0.36879432624113473
197,0.4657210401891253,0.3008699086212002,0.1935886416106255,0.13853696704388171,0.574468085106383,0.11395232379436493,0.05400539003312588,0.0,0.0550671573728323,0.5157819379819557,"[0.6583924293518066, 0.7423167824745178, 0.7458629012107849]",0.5663,0.38652482269503546,0.3959810874704492,0.35933806146572106,0.4432624113475177,0.4326241134751773,0.4326241134751773,0.3806146572104019
198,0.4739952718676123,0.3070998021442046,0.19812127199065904,0.14317086007455535,0.5768321513002365,0.11426544189453125,0.05400185286998749,0.0,0.05506042887767156,0.6122946840478107,"[0.6583924293518066, 0.7423167824745178, 0.7458629012107849]",0.4866,0.38534278959810875,0.40543735224586286,0.3546099290780142,0.3829787234042553,0.42671394799054374,0.42671394799054374,0.375886524822695
199,0.4739952718676123,0.30621105764712164,0.19660063639548045,0.14159383350771623,0.5768321513002365,0.11445116996765137,0.0539986447741588,0.0,0.05505169928073883,0.49482125497888774,"[0.6583924293518066, 0.7423167824745178, 0.7458629012107849]",0.5232,0.38534278959810875,0.40543735224586286,0.3557919621749409,0.3829787234042553,0.42671394799054374,0.42671394799054374,0.375886524822695
200,0.4326241134751773,0.27007482955291007,0.18453626119781238,0.12671351209714968,0.574468085106383,0.11282613128423691,0.05399559562404951,0.0,0.0550433328996102,0.4536988810868934,"[0.6583924293518066, 0.7423167824745178, 0.7458629012107849]",0.4825,0.3912529550827423,0.3983451536643026,0.3640661938534279,0.4491725768321513,0.44089834515366433,0.44089834515366433,0.38652482269503546
201,0.4314420803782506,0.26929361781595773,0.18748791143976606,0.12758447236385959,0.5780141843971631,0.11242606490850449,0.05399263960619768,0.0,0.05503462255001068,0.4687297249911353,"[0.6583924293518066, 0.7423167824745178, 0.7458629012107849]",0.4549,0.38416075650118203,0.39952718676122934,0.3534278959810875,0.38652482269503546,0.4302600472813239,0.4302600472813239,0.3747044917257683
202,0.40070921985815605,0.26096478003242707,0.17632109486511047,0.12035176643999321,0.5721040189125296,0.11135315895080566,0.05398975561062495,0.0,0.05502686587472757,0.4579404699616134,"[0.6583924293518066, 0.7423167824745178, 0.7458629012107849]",0.5473,0.37943262411347517,0.3971631205673759,0.35815602836879434,0.38652482269503546,0.42907801418439717,0.42907801418439717,0.36879432624113473
203,0.3971631205673759,0.2578360172975501,0.17389800929003313,0.1178359979645838,0.5685579196217494,0.11029492318630219,0.05398695543408394,0.0,0.05501729684571425,0.4800079249544069,"[0.6583924293518066, 0.7423167824745178, 0.7458629012107849]",0.5559,0.39952718676122934,0.40189125295508277,0.3664302600472813,0.45508274231678486,0.44562647754137114,0.44562647754137114,0.3888888888888889
204,0.3947990543735225,0.2567448612419502,0.17480696626772527,0.11704939577372037,0.5673758865248227,0.11020398139953613,0.05398422355453173,0.0,0.05500988724331061,0.48871197004336864,"[0.6583924293518066, 0.7423167824745178, 0.7458629012107849]",0.4859,0.37825059101654845,0.3959810874704492,0.35815602836879434,0.38416075650118203,0.42671394799054374,0.42671394799054374,0.36997635933806144
205,0.3912529550827423,0.25432831529440747,0.1753193443983171,0.116092994510086,0.566193853427896,0.11016112565994263,0.05398141220211983,0.0,0.05500010959804058,0.4906593660125509,"[0.6583924293518066, 0.7423167824745178, 0.7458629012107849]",0.546,0.3959810874704492,0.40189125295508277,0.3664302600472813,0.4515366430260047,0.4397163120567376,0.4397163120567376,0.3888888888888889
206,0.3877068557919622,0.2511406473750586,0.17439988525106676,0.11406559277345037,0.5650118203309693,0.11014609783887863,0.05397865610818068,0.0,0.05499334509174029,0.5448376400163397,"[0.6583924293518066, 0.7423167824745178, 0.7458629012107849]",0.5948,0.3557919621749409,0.3664302600472813,0.36997635933806144,0.37943262411347517,0.3605200945626478,0.3605200945626478,0.34515366430260047
207,0.3888888888888889,0.25273572511024045,0.17434130019263347,0.11495383222542044,0.566193853427896,0.11011912673711777,0.05397601115206877,0.0,0.05498455589016279,0.6939055219991133,"[0.6583924293518066, 0.7423167824745178, 0.7458629012107849]",0.6276,0.34515366430260047,0.3747044917257683,0.38534278959810875,0.4030732860520095,0.3888888888888889,0.3888888888888889,0.3392434988179669
208,0.3877068557919622,0.2515537550574962,0.17399590383763136,0.1143980006451359,0.5650118203309693,0.1100984439253807,0.05397320414582888,0.0,0.05497723321119944,0.6743092240067199,"[0.6583924293518066, 0.7423167824745178, 0.7458629012107849]",0.5962,0.34988179669030733,0.3664302600472813,0.36524822695035464,0.36879432624113473,0.35106382978723405,0.35106382978723405,0.3404255319148936
209,0.3888888888888889,0.24277542710331512,0.16863729732784516,0.11223833556431757,0.5650118203309693,0.11242857575416565,0.05397015934189161,0.0,0.05496959636608759,0.5001822609920055,"[0.6583924293518066, 0.7423167824745178, 0.7458629012107849]",0.672,0.367612293144208,0.3723404255319149,0.3829787234042553,0.4243498817966903,0.408983451536643,0.408983451536643,0.3605200945626478
210,0.3947990543735225,0.2487629751034106,0.1714341820021692,0.11561401408582961,0.5697399527186762,0.11161306500434875,0.053967167933781944,0.0,0.054961721102396645,0.6137331899954006,"[0.6583924293518066, 0.7423167824745178, 0.7458629012107849]",0.6113,0.36879432624113473,0.3735224586288416,0.3829787234042553,0.4243498817966903,0.41134751773049644,0.41134751773049644,0.3617021276595745
211,0.3959810874704492,0.2484444946672114,0.17250602033160162,0.11552752382562927,0.5697399527186762,0.11142756789922714,0.05396416845420996,0.0,0.0549537967890501,0.4951725989812985,"[0.6583924293518066, 0.7423167824745178, 0.7458629012107849]",0.4864,0.38534278959810875,0.3900709219858156,0.3735224586288416,0.4219858156028369,0.458628841607565,0.458628841607565,0.37825059101654845
212,0.3959810874704492,0.25616328047571857,0.17368695688572613,0.11783572012901193,0.5685579196217494,0.11003558337688446,0.05396104728182157,0.0,0.05494684539735317,0.49030114500783384,"[0.6583924293518066, 0.7423167824745178, 0.7458629012107849]",0.5948,0.3557919621749409,0.375886524822695,0.3877068557919622,0.41371158392434987,0.3983451536643026,0.3983451536643026,0.3486997635933806
213,0.3947990543735225,0.24719230007195203,0.17175323630575326,0.11486700718835795,0.5685579196217494,0.11211885511875153,0.053957741086681686,0.0,0.054939222832520805,0.6386897109914571,"[0.6583924293518066, 0.7423167824745178, 0.7458629012107849]",0.629,0.35697399527186763,0.3735224586288416,0.3877068557919622,0.41725768321513,0.40070921985815605,0.40070921985815605,0.34988179669030733
214,0.3971631205673759,0.24927574057157775,0.1724186679550571,0.1160851209525064,0.5685579196217494,0.11150000989437103,0.05395447028179964,0.0,0.054931161304314934,0.6364492860157043,"[0.6583924293518066, 0.7423167824745178, 0.7458629012107849]",0.4996,0.3617021276595745,0.3723404255319149,0.38534278959810875,0.42080378250591016,0.40543735224586286,0.40543735224586286,0.3546099290780142
215,0.3900709219858156,0.24798574994530476,0.18172478428433014,0.11640859844726267,0.5685579196217494,0.11119978129863739,0.05395233755310377,0.0,0.05492099684973558,0.6481780169997364,"[0.6583924293518066, 0.7423167824745178, 0.7458629012107849]",0.7337,0.36997635933806144,0.3971631205673759,0.40070921985815605,0.3557919621749409,0.3723404255319149,0.3723404255319149,0.3605200945626478
216,0.3959810874704492,0.2531627419240595,0.18676757673984723,0.1272705015387141,0.5756501182033097,0.10883446782827377,0.053950161362687744,0.0,0.05491320540507635,0.5908455849858001,"[0.6583924293518066, 0.7423167824745178, 0.7458629012107849]",0.5081,0.35697399527186763,0.36524822695035464,0.367612293144208,0.40543735224586286,0.3877068557919622,0.3877068557919622,0.3605200945626478
217,0.3947990543735225,0.2514632818642911,0.18559561469566124,0.1260380047023725,0.574468085106383,0.10869775712490082,0.05394776165485382,0.0,0.05490374627212683,0.5448210010072216,"[0.6583924293518066, 0.7423167824745178, 0.7458629012107849]",0.4837,0.36879432624113473,0.41371158392434987,0.3829787234042553,0.4219858156028369,0.40189125295508277,0.40189125295508277,0.35697399527186763
218,0.3959810874704492,0.25285683670577186,0.18557468168514443,0.1264715379096461,0.574468085106383,0.10876163840293884,0.05394536070525646,0.0,0.054895587265491486,0.509781034081243,"[0.6583924293518066, 0.7423167824745178, 0.7458629012107849]",0.4645,0.3546099290780142,0.39243498817966904,0.3900709219858156,0.3971631205673759,0.39361702127659576,0.39361702127659576,0.34988179669030733
219,0.3971631205673759,0.2540817526122524,0.18583498698834605,0.12685469356475626,0.574468085106383,0.10874323546886444,0.05394280453523,0.0,0.05488661490380764,0.5026698709698394,"[0.6583924293518066, 0.7423167824745178, 0.7458629012107849]",0.5727,0.3546099290780142,0.39243498817966904,0.3888888888888889,0.3947990543735225,0.39243498817966904,0.39243498817966904,0.34988179669030733
220,0.3971631205673759,0.25391278184047295,0.18611387886201292,0.12679368456793283,0.574468085106383,0.10871493816375732,0.05394049361348152,0.0,0.054876946533719696,0.5022107709664851,"[0.6583924293518066, 0.7423167824745178, 0.7458629012107849]",0.5031,0.3546099290780142,0.39243498817966904,0.3900709219858156,0.3912529550827423,0.3912529550827423,0.3912529550827423,0.34988179669030733
221,0.3971631205673759,0.2540817526122524,0.18583498698834605,0.12685469356475626,0.574468085106383,0.10868888348340988,0.053938064724206924,0.0,0.05486819582680861,0.5057566850446165,"[0.6583924293518066, 0.7423167824745178, 0.7458629012107849]",0.4921,0.4078014184397163,0.40543735224586286,0.3806146572104019,0.3888888888888889,0.4243498817966903,0.4243498817966903,0.3971631205673759
222,0.3959810874704492,0.25346710759214963,0.18552605205853828,0.1266059316699008,0.5732860520094563,0.10864263027906418,0.05393559858202934,0.0,0.05486036340395609,0.5879052060190588,"[0.6583924293518066, 0.7423167824745178, 0.7458629012107849]",0.5119,0.408983451536643,0.40543735224586286,0.3806146572104019,0.3888888888888889,0.4243498817966903,0.4243498817966903,0.3971631205673759
223,0.3971631205673759,0.25413848898477365,0.18557172514637058,0.12649587940579765,0.5732860520094563,0.10861700773239136,0.053933387622237206,0.0,0.05485132336616516,0.5508563719922677,"[0.6583924293518066, 0.7423167824745178, 0.7458629012107849]",0.5905,0.4078014184397163,0.40543735224586286,0.37825059101654845,0.38652482269503546,0.4243498817966903,0.4243498817966903,0.3971631205673759
224,0.3971631205673759,0.25581860643211707,0.1887466201362326,0.12789984708488655,0.5756501182033097,0.10863306373357773,0.05393106862902641,0.0,0.05484294332563877,0.5590725470101461,"[0.6583924293518066, 0.7423167824745178, 0.7458629012107849]",0.5547,0.408983451536643,0.4078014184397163,0.37943262411347517,0.39243498817966904,0.42671394799054374,0.42671394799054374,0.40189125295508277
225,0.3971631205673759,0.25581860643211707,0.1887466201362326,0.12789984708488655,0.5756501182033097,0.1086212620139122,0.053928786888718605,0.0,0.05483466821412245,0.6651935749687254,"[0.6583924293518066, 0.7423167824745178, 0.7458629012107849]",0.6121,0.4066193853427896,0.40425531914893614,0.3806146572104019,0.3900709219858156,0.4243498817966903,0.4243498817966903,0.3971631205673759
226,0.3971631205673759,0.25666095256144106,0.18903352628606943,0.12905304400282538,0.5768321513002365,0.10862138122320175,0.05392660014331341,0.0,0.05482636454204718,0.5970105660380796,"[0.6583924293518066, 0.7423167824745178, 0.7458629012107849]",0.7974,0.367612293144208,0.3983451536643026,0.39243498817966904,0.37825059101654845,0.367612293144208,0.367612293144208,0.3617021276595745
227,0.42671394799054374,0.2821590338512463,0.1873616046319507,0.12609563986485697,0.566193853427896,0.11148416996002197,0.0539244394749403,0.0,0.05481736672421297,0.616405664011836,"[0.6583924293518066, 0.7423167824745178, 0.7458629012107849]",0.5576,0.41134751773049644,0.45508274231678486,0.4314420803782506,0.43498817966903075,0.41843971631205673,0.41843971631205673,0.3983451536643026
228,0.425531914893617,0.2808613795926076,0.18785582268011175,0.1265633888580283,0.566193853427896,0.11191743612289429,0.05392212048172951,0.0,0.054809008414546646,0.6615821809973568,"[0.6583924293518066, 0.7423167824745178, 0.7458629012107849]",0.5109,0.41134751773049644,0.45390070921985815,0.4302600472813239,0.4326241134751773,0.41962174940898345,0.41962174940898345,0.3971631205673759
229,0.3947990543735225,0.2541853413616586,0.186905072207613,0.12665952857057605,0.5732860520094563,0.10974358022212982,0.053919575487573944,0.0,0.05480055076380571,0.5250381059013307,"[0.6583924293518066, 0.7423167824745178, 0.7458629012107849]",0.5338,0.41252955082742315,0.45508274231678486,0.42789598108747046,0.4385342789598109,0.41962174940898345,0.41962174940898345,0.3971631205673759
230,0.42671394799054374,0.2821489867577822,0.187312845957697,0.1261647774924785,0.566193853427896,0.11145120859146118,0.053917232900857925,0.0,0.05479192609588305,0.5725004019914195,"[0.6583924293518066, 0.7423167824745178, 0.7458629012107849]",0.5007,0.4657210401891253,0.44799054373522457,0.4160756501182033,0.5094562647754137,0.49645390070921985,0.49645390070921985,0.45508274231678486
231,0.3971631205673759,0.25617654816681823,0.1888005254550167,0.12744743984157947,0.574468085106383,0.10972663760185242,0.053914073233803116,0.0,0.054783773298064865,0.7411922119790688,"[0.6583924293518066, 0.7423167824745178, 0.7458629012107849]",0.8476,0.4645390070921986,0.44562647754137114,0.4148936170212766,0.5106382978723404,0.4940898345153664,0.4940898345153664,0.45390070921985815
232,0.3959810874704492,0.25456128704078906,0.18862285525131264,0.12730361119930653,0.574468085106383,0.10860277712345123,0.05391137922803561,0.0,0.054774503534038864,0.6593342720298097,"[0.6583924293518066, 0.7423167824745178, 0.7458629012107849]",0.582,0.466903073286052,0.4432624113475177,0.4160756501182033,0.5118203309692672,0.491725768321513,0.491725768321513,0.45508274231678486
233,0.42671394799054374,0.2821314036674615,0.18739356973712806,0.1263077103610112,0.566193853427896,0.11143915355205536,0.053909029190739,0.0,0.05476646435757478,0.5529310390120372,"[0.6583924293518066, 0.7423167824745178, 0.7458629012107849]",0.4337,0.3900709219858156,0.39361702127659576,0.39243498817966904,0.43617021276595747,0.4397163120567376,0.4397163120567376,0.38416075650118203
234,0.4243498817966903,0.28017485376438767,0.18642890886192912,0.12478497302000707,0.5650118203309693,0.11188332736492157,0.053906638796130814,0.0,0.05475833887855212,0.46555456204805523,"[0.6583924293518066, 0.7423167824745178, 0.7458629012107849]",0.6261,0.3817966903073286,0.4078014184397163,0.4101654846335697,0.36524822695035464,0.375886524822695,0.375886524822695,0.37825059101654845
235,0.4243498817966903,0.28017485376438767,0.18642890886192912,0.12478497302000707,0.5650118203309693,0.11184769123792648,0.053904337187608085,0.0,0.05475018359720707,0.4767917459830642,"[0.6583924293518066, 0.7423167824745178, 0.7458629012107849]",0.4479,0.3817966903073286,0.4078014184397163,0.4101654846335697,0.3640661938534279,0.375886524822695,0.375886524822695,0.37825059101654845
236,0.3959810874704492,0.253906452247569,0.1878401319463153,0.1259945961116144,0.5732860520094563,0.10967700183391571,0.05390202191968759,0.0,0.05474226859708627,0.4844442900503054,"[0.6583924293518066, 0.7423167824745178, 0.7458629012107849]",0.4462,0.3817966903073286,0.4101654846335697,0.41252955082742315,0.3640661938534279,0.375886524822695,0.375886524822695,0.37825059101654845
237,0.3959810874704492,0.253906452247569,0.1878401319463153,0.1259945961116144,0.5732860520094563,0.10855710506439209,0.05389981468518575,0.0,0.05473367559413115,0.5544429289875552,"[0.6583924293518066, 0.7423167824745178, 0.7458629012107849]",0.4558,0.3829787234042553,0.41134751773049644,0.41371158392434987,0.3617021276595745,0.3747044917257683,0.3747044917257683,0.3806146572104019
238,0.44089834515366433,0.2872001410786459,0.17666162233372856,0.12137053554707178,0.5437352245862884,0.11212030053138733,0.05389757019778093,0.0,0.05472512977818648,0.4823079000925645,"[0.6583924293518066, 0.7423167824745178, 0.7458629012107849]",0.4469,0.3806146572104019,0.41252955082742315,0.4148936170212766,0.3628841607565012,0.3735224586288416,0.3735224586288416,0.37825059101654845
239,0.43617021276595747,0.28321512498467993,0.17274616227456802,0.11919384027956147,0.5425531914893617,0.1129709929227829,0.05389535861710707,0.0,0.0547166895121336,0.4652223390294239,"[0.6583924293518066, 0.7423167824745178, 0.7458629012107849]",0.4258,0.3947990543735225,0.39243498817966904,0.39361702127659576,0.4397163120567376,0.4373522458628842,0.4373522458628842,0.38652482269503546
240,0.4302600472813239,0.27531034237628516,0.18367453633827283,0.12506613232344754,0.5531914893617021,0.11156409233808517,0.05389289433757464,0.0,0.054708512499928474,0.45137681905180216,"[0.6583924293518066, 0.7423167824745178, 0.7458629012107849]",0.4774,0.4598108747044917,0.4645390070921986,0.4302600472813239,0.5141843971631206,0.48226950354609927,0.48226950354609927,0.4491725768321513
241,0.41962174940898345,0.2667036210597673,0.18052765337258556,0.12906272856885792,0.5650118203309693,0.10892276465892792,0.05389036424458027,0.0,0.05470072478055954,0.4612593799829483,"[0.6583924293518066, 0.7423167824745178, 0.7458629012107849]",0.4477,0.39361702127659576,0.40189125295508277,0.4066193853427896,0.42671394799054374,0.40543735224586286,0.40543735224586286,0.3877068557919622
242,0.43498817966903075,0.27929167453813775,0.18576116213858748,0.12803883364785587,0.5567375886524822,0.11000816524028778,0.05388767085969448,0.0,0.054693493992090225,0.48185821203514934,"[0.6583924293518066, 0.7423167824745178, 0.7458629012107849]",0.5233,0.3971631205673759,0.3971631205673759,0.408983451536643,0.4314420803782506,0.408983451536643,0.408983451536643,0.39243498817966904
243,0.42080378250591016,0.2667564044283993,0.1788035656019342,0.12797545676069438,0.5626477541371159,0.10907295346260071,0.05388499361773332,0.0,0.05468535050749779,0.4588403980014846,"[0.6583924293518066, 0.7423167824745178, 0.7458629012107849]",0.5124,0.3959810874704492,0.40189125295508277,0.408983451536643,0.4302600472813239,0.408983451536643,0.408983451536643,0.3900709219858156
244,0.43617021276595747,0.28057505219076406,0.18639116778658782,0.12886639517159398,0.557919621749409,0.11014969646930695,0.053882258012890816,0.0,0.05467730822662512,0.4560089090373367,"[0.6583924293518066, 0.7423167824745178, 0.7458629012107849]",0.4452,0.38416075650118203,0.41252955082742315,0.41371158392434987,0.37115839243498816,0.36879432624113473,0.36879432624113473,0.3806146572104019
245,0.4373522458628842,0.2814158407714461,0.18650591897678273,0.12886769321448324,0.5591016548463357,0.11066710203886032,0.05387932248413563,0.0,0.0546713558336099,0.4854097790084779,"[0.6583924293518066, 0.7423167824745178, 0.7458629012107849]",0.4556,0.38416075650118203,0.41371158392434987,0.41134751773049644,0.3735224586288416,0.36997635933806144,0.36997635933806144,0.3817966903073286
246,0.4373522458628842,0.2818874048183748,0.18705053695283042,0.12947127838794487,0.5591016548463357,0.11068466305732727,0.05387615909179052,0.0,0.05466374258200327,0.5159649070119485,"[0.6583924293518066, 0.7423167824745178, 0.7458629012107849]",0.4437,0.38416075650118203,0.41371158392434987,0.41252955082742315,0.3747044917257683,0.36879432624113473,0.36879432624113473,0.3817966903073286
247,0.41962174940898345,0.26540941453597555,0.17868520570869517,0.12710298473854514,0.5602836879432624,0.10914605855941772,0.05387271630267302,0.0,0.05465799197554588,0.4765410389518365,"[0.6583924293518066, 0.7423167824745178, 0.7458629012107849]",0.4664,0.3829787234042553,0.41134751773049644,0.41134751773049644,0.375886524822695,0.36879432624113473,0.36879432624113473,0.3817966903073286
248,0.4385342789598109,0.2818592848079775,0.18497938131205297,0.12880805548169744,0.5591016548463357,0.11020232737064362,0.05386966156462828,0.0,0.05464955667654673,0.45400945900473744,"[0.6583924293518066, 0.7423167824745178, 0.7458629012107849]",0.4659,0.38416075650118203,0.4101654846335697,0.4160756501182033,0.37706855791962174,0.37115839243498816,0.37115839243498816,0.3817966903073286
249,0.41962174940898345,0.26540941453597555,0.17868520570869517,0.12710298473854514,0.5602836879432624,0.10919549316167831,0.05386707931756973,0.0,0.05464200861752033,0.585921116056852,"[0.6583924293518066, 0.7423167824745178, 0.7458629012107849]",0.727,0.3829787234042553,0.41134751773049644,0.4148936170212766,0.3747044917257683,0.3735224586288416,0.3735224586288416,0.3817966903073286
250,0.4373522458628842,0.28017889349866565,0.18643573250728154,0.12872842093950598,0.557919621749409,0.11022143065929413,0.053864384070038795,0.0,0.05463576006392638,0.4640465599950403,"[0.6583924293518066, 0.7423167824745178, 0.7458629012107849]",0.4491,0.38416075650118203,0.4101654846335697,0.4160756501182033,0.37825059101654845,0.37115839243498816,0.37115839243498816,0.3817966903073286
251,0.41962174940898345,0.26540941453597555,0.17868520570869517,0.12710298473854514,0.5602836879432624,0.10917054861783981,0.05386198374132315,0.0,0.05462817785640558,0.4590906450757757,"[0.6583924293518066, 0.7423167824745178, 0.7458629012107849]",0.4444,0.3829787234042553,0.41134751773049644,0.4148936170212766,0.37706855791962174,0.3723404255319149,0.3723404255319149,0.3817966903073286
252,0.42080378250591016,0.2670999405957398,0.18040381289885732,0.12923772235339748,0.5638297872340425,0.1080513522028923,0.053857662404576935,0.0,0.054622258991003036,0.4576510189799592,"[0.6583924293518066, 0.7423167824745178, 0.7458629012107849]",0.4495,0.3829787234042553,0.41252955082742315,0.4148936170212766,0.37943262411347517,0.3735224586288416,0.3735224586288416,0.3817966903073286
253,0.4160756501182033,0.26633663366336635,0.18597850433283428,0.1283395332593716,0.574468085106383,0.10988013446331024,0.05385456668833891,0.0,0.05461601602534453,0.4758620719658211,"[0.6583924293518066, 0.7423167824745178, 0.7458629012107849]",0.4549,0.38416075650118203,0.41134751773049644,0.4148936170212766,0.38534278959810875,0.37706855791962174,0.37706855791962174,0.3829787234042553
254,0.41725768321513,0.2677073694892995,0.1869604924000591,0.1290803714705106,0.5768321513002365,0.10945309698581696,0.053851389636596046,0.0,0.05461041567226251,0.46054989902768284,"[0.6583924293518066, 0.7423167824745178, 0.7458629012107849]",0.5468,0.425531914893617,0.38652482269503546,0.3947990543735225,0.3888888888888889,0.4101654846335697,0.4101654846335697,0.4160756501182033
255,0.38534278959810875,0.25305750295859997,0.19429139338689988,0.11722165452443692,0.574468085106383,0.11121269315481186,0.05384824052453041,0.0,0.054604762544234596,0.46419325994793326,"[0.6583924293518066, 0.7423167824745178, 0.7458629012107849]",0.6128,0.4243498817966903,0.3877068557919622,0.39361702127659576,0.3877068557919622,0.40543735224586286,0.40543735224586286,0.4148936170212766
256,0.38652482269503546,0.2525204032645224,0.19070189981787602,0.11800789436050192,0.5732860520094563,0.11134960502386093,0.053845333556334175,0.0,0.054598007972041764,0.5457298359833658,"[0.6583924293518066, 0.7423167824745178, 0.7458629012107849]",0.4616,0.408983451536643,0.3806146572104019,0.3747044917257683,0.375886524822695,0.3888888888888889,0.3888888888888889,0.39952718676122934
257,0.4078014184397163,0.26055014820539757,0.18432688629839006,0.12586926288130257,0.5721040189125296,0.10959021747112274,0.05384299034873644,0.0,0.054590415209531784,0.4541590280132368,"[0.6583924293518066, 0.7423167824745178, 0.7458629012107849]",0.4534,0.3971631205673759,0.41725768321513,0.3747044917257683,0.45508274231678486,0.4598108747044917,0.4598108747044917,0.3888888888888889
258,0.3888888888888889,0.25452137586861023,0.1949141600942151,0.12002878898100523,0.574468085106383,0.11152800172567368,0.0538387323419253,0.0,0.05458654401202997,0.4475607939530164,"[0.6583924293518066, 0.7423167824745178, 0.7458629012107849]",0.4507,0.42789598108747046,0.4444444444444444,0.44089834515366433,0.5047281323877069,0.5011820330969267,0.5011820330969267,0.4219858156028369
259,0.38652482269503546,0.25225180732124763,0.19374136895632796,0.11864689549906876,0.5732860520094563,0.11156117916107178,0.05383496421078841,0.0,0.05458196500937144,0.450903240009211,"[0.6583924293518066, 0.7423167824745178, 0.7458629012107849]",0.4435,0.4243498817966903,0.4397163120567376,0.44089834515366433,0.5,0.4988179669030733,0.4988179669030733,0.4160756501182033
260,0.3900709219858156,0.2571736811027977,0.19623031636226446,0.12437648238853512,0.5732860520094563,0.10988570749759674,0.0538311613102754,0.0,0.0545781875650088,0.467769131064415,"[0.6583924293518066, 0.7423167824745178, 0.7458629012107849]",0.432,0.42671394799054374,0.44208037825059104,0.4373522458628842,0.5,0.5011820330969267,0.5011820330969267,0.41843971631205673
261,0.408983451536643,0.2344126968038993,0.1811733993065302,0.12415051315880424,0.5567375886524822,0.10832607746124268,0.05382770113646984,0.0,0.05457135600348314,0.47127124504186213,"[0.6583924293518066, 0.7423167824745178, 0.7458629012107849]",0.5418,0.425531914893617,0.4397163120567376,0.4326241134751773,0.4988179669030733,0.5,0.5,0.41725768321513
262,0.3888888888888889,0.2566435753278449,0.19602228425382953,0.12375129150152821,0.5721040189125296,0.10955245792865753,0.05382454271117846,0.0,0.05456556069354216,0.4633015409344807,"[0.6583924293518066, 0.7423167824745178, 0.7458629012107849]",0.418,0.39361702127659576,0.4030732860520095,0.3983451536643026,0.44680851063829785,0.4432624113475177,0.4432624113475177,0.3877068557919622
263,0.3912529550827423,0.25884532357579193,0.19659579419651504,0.12462269480474697,0.5732860520094563,0.10957654565572739,0.05381960111359755,0.0,0.05456314360102018,0.5832684620982036,"[0.6583924293518066, 0.7423167824745178, 0.7458629012107849]",0.5046,0.4598108747044917,0.48108747044917255,0.48108747044917255,0.5401891252955082,0.5224586288416075,0.5224586288416075,0.45390070921985815
264,0.3900709219858156,0.25780389276533244,0.1962375023658783,0.12413396206477122,0.5732860520094563,0.1095559149980545,0.053815292194485664,0.0,0.05456039123237133,0.5162072909297422,"[0.6583924293518066, 0.7423167824745178, 0.7458629012107849]",0.5555,0.45390070921985815,0.47044917257683216,0.47754137115839246,0.5354609929078015,0.5260047281323877,0.5260047281323877,0.44680851063829785
265,0.3900709219858156,0.25780389276533244,0.1962375023658783,0.12413396206477122,0.5732860520094563,0.10958077013492584,0.05381119189163049,0.0,0.05455540306866169,0.4508480259682983,"[0.6583924293518066, 0.7423167824745178, 0.7458629012107849]",0.4446,0.45390070921985815,0.47044917257683216,0.47754137115839246,0.5354609929078015,0.5260047281323877,0.5260047281323877,0.44680851063829785
266,0.3912529550827423,0.2588907089603649,0.19672074969139405,0.12467953300992751,0.5732860520094563,0.10958696901798248,0.05380706178645293,0.0,0.05454955746730169,0.5535206840140745,"[0.6583924293518066, 0.7423167824745178, 0.7458629012107849]",0.4432,0.4219858156028369,0.4326241134751773,0.44089834515366433,0.5106382978723404,0.5153664302600472,0.5153664302600472,0.4148936170212766
267,0.3912529550827423,0.2588907089603649,0.19672074969139405,0.12467953300992751,0.5732860520094563,0.10959510505199432,0.05380351593097051,0.0,0.05454306242366632,0.5042158190626651,"[0.6583924293518066, 0.7423167824745178, 0.7458629012107849]",0.6213,0.4515366430260047,0.483451536643026,0.4846335697399527,0.5271867612293144,0.5141843971631206,0.5141843971631206,0.44208037825059104
268,0.3900709219858156,0.25768399501422456,0.19595540454780833,0.12367565732886047,0.5721040189125296,0.1096021980047226,0.053798712169130646,0.0,0.054540145521362625,0.6002833729144186,"[0.6583924293518066, 0.7423167824745178, 0.7458629012107849]",0.4572,0.4219858156028369,0.43380614657210403,0.44208037825059104,0.5106382978723404,0.5141843971631206,0.5141843971631206,0.4148936170212766
269,0.38652482269503546,0.22137989370700795,0.18492777060118232,0.118594183957151,0.5567375886524822,0.10814260691404343,0.053794618075092636,0.0,0.054535322512189545,0.459865094977431,"[0.6583924293518066, 0.7423167824745178, 0.7458629012107849]",0.5134,0.4219858156028369,0.4326241134751773,0.4397163120567376,0.5106382978723404,0.5141843971631206,0.5141843971631206,0.4148936170212766
270,0.3877068557919622,0.22295315675058414,0.18574080754323827,0.11983202962026615,0.557919621749409,0.10707350820302963,0.05379069969058037,0.0,0.05453201817969481,0.4437192890327424,"[0.6583924293518066, 0.7423167824745178, 0.7458629012107849]",0.447,0.42080378250591016,0.41725768321513,0.40070921985815605,0.466903073286052,0.46808510638297873,0.46808510638297873,0.4078014184397163
271,0.3877068557919622,0.2230027553093783,0.18495959829281572,0.11909492174963646,0.5567375886524822,0.1071050763130188,0.053786136830846466,0.0,0.054527733474969864,0.43885614501778036,"[0.6583924293518066, 0.7423167824745178, 0.7458629012107849]",0.4315,0.4231678486997636,0.41843971631205673,0.4030732860520095,0.46808510638297873,0.4716312056737589,0.4716312056737589,0.408983451536643
272,0.3877068557919622,0.22282224125730887,0.1847059368472144,0.11919718750281841,0.5567375886524822,0.10711215436458588,0.05378225694100062,0.0,0.054522462810079254,0.43109074991662055,"[0.6583924293518066, 0.7423167824745178, 0.7458629012107849]",0.4647,0.41962174940898345,0.43380614657210403,0.4219858156028369,0.48699763593380613,0.4858156028368794,0.4858156028368794,0.4148936170212766
273,0.3877068557919622,0.22289528376164158,0.18427066939547268,0.11876354821065463,0.5555555555555556,0.10711951553821564,0.053778919080893196,0.0,0.0545168382426103,0.4367986579891294,"[0.6583924293518066, 0.7423167824745178, 0.7458629012107849]",0.4773,0.42080378250591016,0.43498817966903075,0.4231678486997636,0.48817966903073284,0.48699763593380613,0.48699763593380613,0.41371158392434987
274,0.408983451536643,0.26658251726912074,0.18907679950558742,0.12838356781996849,0.5709219858156028,0.10974498093128204,0.053774318347374596,0.0,0.05451204193135103,0.46584440604783595,"[0.6583924293518066, 0.7423167824745178, 0.7458629012107849]",0.4456,0.425531914893617,0.43617021276595747,0.42080378250591016,0.48226950354609927,0.48108747044917255,0.48108747044917255,0.4231678486997636
275,0.40189125295508277,0.260937648368913,0.19021252028074054,0.1289118628484277,0.5732860520094563,0.10971993207931519,0.05377029813826084,0.0,0.05450886363784472,0.4411145970225334,"[0.6583924293518066, 0.7423167824745178, 0.7458629012107849]",0.4505,0.42789598108747046,0.43617021276595747,0.4219858156028369,0.48699763593380613,0.48226950354609927,0.48226950354609927,0.4219858156028369
276,0.39952718676122934,0.25898236115661166,0.188910656987188,0.12774322399444782,0.5732860520094563,0.10908928513526917,0.05376636112729708,0.0,0.054505898927648865,0.44763497298117727,"[0.6583924293518066, 0.7423167824745178, 0.7458629012107849]",0.4154,0.42789598108747046,0.43617021276595747,0.42080378250591016,0.48817966903073284,0.4787234042553192,0.4787234042553192,0.4231678486997636
277,0.3888888888888889,0.24591650603946769,0.18803892449743326,0.11922675634421111,0.5673758865248227,0.10813891887664795,0.05376271406809489,0.0,0.054502315198381744,0.47484000003896654,"[0.6583924293518066, 0.7423167824745178, 0.7458629012107849]",0.4839,0.42671394799054374,0.43498817966903075,0.4231678486997636,0.48817966903073284,0.4799054373522459,0.4799054373522459,0.4219858156028369
278,0.38416075650118203,0.2145182761551908,0.18275609060127587,0.11689576338392225,0.557919621749409,0.1060287281870842,0.05375895711282889,0.0,0.054503982265790306,0.4972698090132326,"[0.6583924293518066, 0.7423167824745178, 0.7458629012107849]",0.4478,0.425531914893617,0.43380614657210403,0.42080378250591016,0.48699763593380613,0.47754137115839246,0.47754137115839246,0.42080378250591016
279,0.38416075650118203,0.2145182761551908,0.18275609060127587,0.11689576338392225,0.557919621749409,0.10554985702037811,0.05375493628283342,0.0,0.054505285496513046,0.4636099379276857,"[0.6583924293518066, 0.7423167824745178, 0.7458629012107849]",0.534,0.3912529550827423,0.3723404255319149,0.35933806146572106,0.3983451536643026,0.40189125295508277,0.40189125295508277,0.38534278959810875
280,0.38416075650118203,0.21430404928447655,0.1821125028871292,0.11629976928022842,0.5567375886524822,0.10554041713476181,0.053750443582733475,0.0,0.05450650677084923,0.48883302696049213,"[0.6583924293518066, 0.7423167824745178, 0.7458629012107849]",0.5133,0.3900709219858156,0.3723404255319149,0.35933806146572106,0.3983451536643026,0.40189125295508277,0.40189125295508277,0.38534278959810875
281,0.4148936170212766,0.23606373158887517,0.1932399888097681,0.12179769045349864,0.5602836879432624,0.10704658925533295,0.05374651091794173,0.0,0.054504675790667534,0.4644221829948947,"[0.6583924293518066, 0.7423167824745178, 0.7458629012107849]",0.4248,0.4562647754137116,0.44562647754137114,0.4219858156028369,0.49645390070921985,0.4940898345153664,0.4940898345153664,0.4491725768321513
282,0.3888888888888889,0.2185448685193192,0.18135912020131068,0.11688463608552406,0.5555555555555556,0.1067652627825737,0.05374211507538954,0.0,0.05450576978425185,0.4772979710251093,"[0.6583924293518066, 0.7423167824745178, 0.7458629012107849]",0.4772,0.4562647754137116,0.44089834515366433,0.4326241134751773,0.5153664302600472,0.5011820330969267,0.5011820330969267,0.44680851063829785
283,0.3888888888888889,0.21872354107496916,0.18598780843620227,0.11934044019987648,0.5567375886524822,0.10555746406316757,0.053738635033369064,0.0,0.0545039102435112,0.45731667801737785,"[0.6583924293518066, 0.7423167824745178, 0.7458629012107849]",0.4176,0.4562647754137116,0.4397163120567376,0.42907801418439717,0.5141843971631206,0.5,0.5,0.44799054373522457
284,0.3888888888888889,0.2184973948841099,0.18597248717478396,0.11889683937470988,0.5555555555555556,0.10556121915578842,0.05373646691441536,0.0,0.05449927474061648,0.43075657601002604,"[0.6583924293518066, 0.7423167824745178, 0.7458629012107849]",0.6145,0.37943262411347517,0.3617021276595745,0.3333333333333333,0.408983451536643,0.4066193853427896,0.4066193853427896,0.3747044917257683
285,0.3888888888888889,0.24534793238563724,0.18841942171704995,0.11965077666522797,0.5650118203309693,0.10651376098394394,0.05373384306828181,0.0,0.05450452615817388,0.6480596830369905,"[0.6583924293518066, 0.7423167824745178, 0.7458629012107849]",0.4363,0.3971631205673759,0.41725768321513,0.41371158392434987,0.475177304964539,0.466903073286052,0.466903073286052,0.39361702127659576
286,0.3900709219858156,0.24639802784903653,0.18980475957902837,0.12165857240266131,0.566193853427896,0.10653816908597946,0.05373120245834192,0.0,0.054508840665221214,0.47560791100841016,"[0.6583924293518066, 0.7423167824745178, 0.7458629012107849]",0.4747,0.41134751773049644,0.4148936170212766,0.41134751773049644,0.46099290780141844,0.46099290780141844,0.46099290780141844,0.4066193853427896
287,0.3900709219858156,0.2462275635214587,0.18983219159319187,0.12190178771664224,0.5650118203309693,0.10640071332454681,0.05372652721901735,0.0,0.05451639990011851,0.4260544339194894,"[0.6583924293518066, 0.7423167824745178, 0.7458629012107849]",0.4319,0.39952718676122934,0.4066193853427896,0.3829787234042553,0.4491725768321513,0.4302600472813239,0.4302600472813239,0.39361702127659576
288,0.3888888888888889,0.24517732332384157,0.18948466082434115,0.12127199641391186,0.5650118203309693,0.10632216185331345,0.05372230522334576,0.0,0.05452086962759495,0.43642169202212244,"[0.6583924293518066, 0.7423167824745178, 0.7458629012107849]",0.6415,0.39952718676122934,0.40543735224586286,0.3829787234042553,0.450354609929078,0.4314420803782506,0.4314420803782506,0.39361702127659576
289,0.3877068557919622,0.24347708997248252,0.188361805159374,0.12010868234639406,0.5638297872340425,0.10627540946006775,0.053718712801734604,0.0,0.05451796700557073,0.7502071521012112,"[0.6583924293518066, 0.7423167824745178, 0.7458629012107849]",0.5018,0.3959810874704492,0.39952718676122934,0.37825059101654845,0.4444444444444444,0.425531914893617,0.425531914893617,0.3888888888888889
290,0.3877068557919622,0.24347708997248252,0.188361805159374,0.12010868234639406,0.5638297872340425,0.10636255145072937,0.053714945912361145,0.0,0.05451455650230249,0.46386631403584033,"[0.6583924293518066, 0.7423167824745178, 0.7458629012107849]",0.4666,0.48226950354609927,0.4728132387706856,0.4728132387706856,0.533096926713948,0.516548463356974,0.516548463356974,0.47635933806146574
291,0.3877068557919622,0.24347708997248252,0.188361805159374,0.12010868234639406,0.5638297872340425,0.10635503381490707,0.053710298612713814,0.0,0.05451449751853943,0.4850721569964662,"[0.6583924293518066, 0.7423167824745178, 0.7458629012107849]",0.4654,0.4562647754137116,0.46099290780141844,0.450354609929078,0.49645390070921985,0.48699763593380613,0.48699763593380613,0.44799054373522457
292,0.4066193853427896,0.22884084260757298,0.19461202446382642,0.1220434267591434,0.5602836879432624,0.10920163989067078,0.053705122942725815,0.0,0.05451265101631483,0.46321103803347796,"[0.6583924293518066, 0.7423167824745178, 0.7458629012107849]",0.4224,0.4598108747044917,0.46335697399527187,0.4562647754137116,0.5023640661938534,0.48936170212765956,0.48936170212765956,0.450354609929078
293,0.4101654846335697,0.23250588136905903,0.19627922349280913,0.1239025189386657,0.5614657210401891,0.10975116491317749,0.05369997893770536,0.0,0.054513558745384216,0.4710288740461692,"[0.6583924293518066, 0.7423167824745178, 0.7458629012107849]",0.5635,0.40543735224586286,0.37943262411347517,0.3747044917257683,0.4598108747044917,0.4657210401891253,0.4657210401891253,0.40425531914893614
294,0.4101654846335697,0.23308450978005546,0.1984348052755492,0.12479205865533166,0.5614657210401891,0.10978308320045471,0.053694955383737884,0.0,0.05451419452826182,0.6346996589563787,"[0.6583924293518066, 0.7423167824745178, 0.7458629012107849]",0.4189,0.4078014184397163,0.37943262411347517,0.3747044917257683,0.46217494089834515,0.4657210401891253,0.4657210401891253,0.40425531914893614
295,0.408983451536643,0.23223104944758755,0.19743337180467588,0.12410256115890253,0.5602836879432624,0.10974514484405518,0.05369019073744615,0.0,0.054513627042373024,0.4380812640301883,"[0.6583924293518066, 0.7423167824745178, 0.7458629012107849]",0.4261,0.408983451536643,0.37943262411347517,0.3747044917257683,0.46217494089834515,0.4657210401891253,0.4657210401891253,0.40425531914893614
296,0.408983451536643,0.23223104944758755,0.19743337180467588,0.12410256115890253,0.5602836879432624,0.10968935489654541,0.053685665130615234,0.0,0.05451291302839915,0.44651011703535914,"[0.6583924293518066, 0.7423167824745178, 0.7458629012107849]",0.415,0.408983451536643,0.37943262411347517,0.3747044917257683,0.46217494089834515,0.4657210401891253,0.4657210401891253,0.40425531914893614
297,0.408983451536643,0.23223104944758755,0.19743337180467588,0.12410256115890253,0.5602836879432624,0.10967803001403809,0.05368079928060373,0.0,0.05451254670818647,0.4654315820662305,"[0.6583924293518066, 0.7423167824745178, 0.7458629012107849]",0.5261,0.41371158392434987,0.40425531914893614,0.3877068557919622,0.41252955082742315,0.43380614657210403,0.43380614657210403,0.4066193853427896
298,0.39361702127659576,0.2482579076184388,0.19103822356458364,0.12263754363543156,0.566193853427896,0.10773675888776779,0.05367630782226721,0.0,0.05451123354335626,0.4847351500065997,"[0.6583924293518066, 0.7423167824745178, 0.7458629012107849]",0.5684,0.43380614657210403,0.3829787234042553,0.40070921985815605,0.48936170212765956,0.48699763593380613,0.48699763593380613,0.42907801418439717
299,0.39243498817966904,0.24703250350212203,0.19071421192425891,0.12223947627831315,0.5650118203309693,0.10661320388317108,0.053671861688296,0.0,0.054510473584135376,0.49847821902949363,"[0.6583924293518066, 0.7423167824745178, 0.7458629012107849]",0.4311,0.43380614657210403,0.3817966903073286,0.40189125295508277,0.4905437352245863,0.4858156028368794,0.4858156028368794,0.42907801418439717
300,0.3912529550827423,0.2459788654637588,0.19037239758986294,0.1215977732084752,0.5650118203309693,0.1065683662891388,0.05366752420862516,0.0,0.05450910019377867,0.4712680239463225,"[0.6583924293518066, 0.7423167824745178, 0.7458629012107849]",,,,,,,,
