round,ACC,Kappa,NMI,ARI,PURITY,alignment_loss,mean_reconstruction_loss,mean_consensus_loss,mean_local_total_loss,round_seconds,observed_rates,completion_eval_seconds,C025_ACC,C050_ACC,C075_ACC,C100_ACC,D0_ACC,E0_ACC,G0_ACC
1,0.2590738423028786,0.15606622894661715,0.16974605941972992,0.04496076889366865,0.3979974968710889,0.1033380925655365,0.2209632284939289,0.0,0.20429657772183418,1.951211606967263,"[0.5982478260993958, 0.7234042882919312, 0.7309136390686035, 0.6996245384216309]",0.7262,0.31539424280350437,0.311639549436796,0.3166458072590738,0.3566958698372966,0.3316645807259074,0.3316645807259074,0.3216520650813517
2,0.26533166458072593,0.12923696165963938,0.17529351346797795,0.05887195465737174,0.4142678347934919,0.09428108483552933,0.20711443573236465,0.0,0.1924843993037939,0.9861371879233047,"[0.5982478260993958, 0.7234042882919312, 0.7309136390686035, 0.6996245384216309]",1.1116,0.3016270337922403,0.30287859824780977,0.2690863579474343,0.2828535669586984,0.2928660826032541,0.2928660826032541,0.3078848560700876
3,0.32540675844806005,0.20085025208805352,0.18294070420019373,0.09393812307300728,0.4117647058823529,0.09217173606157303,0.19519147835671902,0.0,0.18227839656174183,0.7498713809764013,"[0.5982478260993958, 0.7234042882919312, 0.7309136390686035, 0.6996245384216309]",0.7018,0.30037546933667086,0.3091364205256571,0.3241551939924906,0.2828535669586984,0.30287859824780977,0.30287859824780977,0.30037546933667086
4,0.3341677096370463,0.20610213683115464,0.17553034548797403,0.07220992125430291,0.37797246558197745,0.09089814871549606,0.18477885983884335,0.0,0.17324874736368656,0.7220587249612436,"[0.5982478260993958, 0.7234042882919312, 0.7309136390686035, 0.6996245384216309]",0.7288,0.32290362953692114,0.31289111389236546,0.32665832290362956,0.3642052565707134,0.3642052565707134,0.3642052565707134,0.3304130162703379
5,0.34167709637046306,0.20900766950548155,0.17278715661680108,0.09583545212261879,0.4230287859824781,0.09016071259975433,0.17549884133040905,0.0,0.16508729569613934,0.7482753499643877,"[0.5982478260993958, 0.7234042882919312, 0.7309136390686035, 0.6996245384216309]",0.8669,0.2878598247809762,0.29411764705882354,0.295369211514393,0.3091364205256571,0.3241551939924906,0.3241551939924906,0.2903629536921151
6,0.327909887359199,0.21010511975551838,0.171964853728462,0.09598419151338372,0.4267834793491865,0.09024592489004135,0.16708063706755638,0.0,0.1575524751096964,0.9469155289698392,"[0.5982478260993958, 0.7234042882919312, 0.7309136390686035, 0.6996245384216309]",0.7529,0.2978723404255319,0.2928660826032541,0.3166458072590738,0.29912390488110135,0.30287859824780977,0.30287859824780977,0.30037546933667086
7,0.3379224030037547,0.21654179657234374,0.19183909969197524,0.10633663610139317,0.4030037546933667,0.08950937539339066,0.1592859299853444,0.0,0.15050520841032267,0.8084058540407568,"[0.5982478260993958, 0.7234042882919312, 0.7309136390686035, 0.6996245384216309]",0.7848,0.29912390488110135,0.30037546933667086,0.295369211514393,0.2903629536921151,0.2753441802252816,0.2753441802252816,0.3053817271589487
8,0.3216520650813517,0.2203923799511055,0.19460352178250007,0.09807711612716022,0.43178973717146435,0.0915130078792572,0.15196606889367104,0.0,0.1438488382846117,1.0150126850930974,"[0.5982478260993958, 0.7234042882919312, 0.7309136390686035, 0.6996245384216309]",0.702,0.3016270337922403,0.30663329161451813,0.26032540675844806,0.2640801001251564,0.26783479349186484,0.26783479349186484,0.3141426783479349
9,0.35544430538172717,0.23201324382182065,0.18882335828442928,0.09187533860004395,0.40550688360450565,0.09131310880184174,0.14505009818822145,0.0,0.13754457607865334,0.8095499749761075,"[0.5982478260993958, 0.7234042882919312, 0.7309136390686035, 0.6996245384216309]",0.7047,0.3141426783479349,0.311639549436796,0.29411764705882354,0.27784730913642053,0.3016270337922403,0.3016270337922403,0.3216520650813517
10,0.27784730913642053,0.18060458056512363,0.17955157796568355,0.05780325247172426,0.41051314142678347,0.08821158111095428,0.13849788904190063,0.0,0.13159405440092087,0.7600546079920605,"[0.5982478260993958, 0.7234042882919312, 0.7309136390686035, 0.6996245384216309]",0.7102,0.32540675844806005,0.327909887359199,0.327909887359199,0.35544430538172717,0.3341677096370463,0.3341677096370463,0.3304130162703379
11,0.29411764705882354,0.12515870519854166,0.16759826784405177,0.06943663184941999,0.3967459324155194,0.08939282596111298,0.1323024220764637,0.0,0.1259602503851056,0.8305981269804761,"[0.5982478260993958, 0.7234042882919312, 0.7309136390686035, 0.6996245384216309]",1.0663,0.31038798498122655,0.3191489361702128,0.2978723404255319,0.3141426783479349,0.311639549436796,0.311639549436796,0.3141426783479349
12,0.28660826032540676,0.1649124994499126,0.17663713766806327,0.07702887828942835,0.3992490613266583,0.08995786309242249,0.12643523514270782,0.0,0.12063483614474535,1.0373425700236112,"[0.5982478260993958, 0.7234042882919312, 0.7309136390686035, 0.6996245384216309]",1.0192,0.28660826032540676,0.295369211514393,0.30663329161451813,0.26282853566958697,0.2978723404255319,0.2978723404255319,0.2853566958698373
13,0.32540675844806005,0.19330270091054347,0.17648101788675757,0.08781511324637506,0.3992490613266583,0.08833427727222443,0.12090416997671127,0.0,0.1156069291755557,0.957179599092342,"[0.5982478260993958, 0.7234042882919312, 0.7309136390686035, 0.6996245384216309]",1.0536,0.2878598247809762,0.2928660826032541,0.27033792240300375,0.2828535669586984,0.2828535669586984,0.2828535669586984,0.295369211514393
14,0.3078848560700876,0.18266086068606258,0.17655967549388193,0.07903907088735164,0.4117647058823529,0.08699655532836914,0.11569678876549006,0.0,0.11086230725049973,0.8346123530063778,"[0.5982478260993958, 0.7234042882919312, 0.7309136390686035, 0.6996245384216309]",0.7952,0.27284105131414266,0.27909887359199,0.3053817271589487,0.2765957446808511,0.2753441802252816,0.2753441802252816,0.2816020025031289
15,0.29912390488110135,0.15716505768777955,0.15995559940882798,0.05627400885692673,0.3879849812265332,0.08685611188411713,0.11079696379601955,0.0,0.10641247406601906,0.7672541300999001,"[0.5982478260993958, 0.7234042882919312, 0.7309136390686035, 0.6996245384216309]",0.9355,0.2715894868585732,0.2753441802252816,0.2828535669586984,0.29912390488110135,0.28911138923654567,0.28911138923654567,0.27784730913642053
16,0.27284105131414266,0.1508132066739475,0.1359895819389986,0.02535351633856047,0.36295369211514394,0.08632427453994751,0.10621539410203695,0.0,0.10223157051950693,0.7718930789269507,"[0.5982478260993958, 0.7234042882919312, 0.7309136390686035, 0.6996245384216309]",0.7008,0.27784730913642053,0.28035043804755944,0.32040050062578224,0.2853566958698373,0.30663329161451813,0.30663329161451813,0.2715894868585732
17,0.32290362953692114,0.17234889099932615,0.17595523747976372,0.08019829226517317,0.3992490613266583,0.08498644828796387,0.10193681716918945,0.0,0.09837265405803919,0.7318025910062715,"[0.5982478260993958, 0.7234042882919312, 0.7309136390686035, 0.6996245384216309]",0.7628,0.30663329161451813,0.28911138923654567,0.30663329161451813,0.30287859824780977,0.295369211514393,0.295369211514393,0.30663329161451813
18,0.2715894868585732,0.14527391532106138,0.14747561985730862,0.05300051486320187,0.38172715894868586,0.0857984721660614,0.09799766913056374,0.0,0.09480592887848616,0.7713660140288994,"[0.5982478260993958, 0.7234042882919312, 0.7309136390686035, 0.6996245384216309]",0.7297,0.2903629536921151,0.2828535669586984,0.3053817271589487,0.26783479349186484,0.26282853566958697,0.26282853566958697,0.30037546933667086
19,0.3016270337922403,0.17787591853292894,0.16348721133702332,0.06187823716889748,0.39173967459324155,0.08388425409793854,0.09437737800180912,0.0,0.09156908933073282,0.7874326079618186,"[0.5982478260993958, 0.7234042882919312, 0.7309136390686035, 0.6996245384216309]",0.6842,0.30663329161451813,0.3091364205256571,0.3379224030037547,0.27909887359199,0.2978723404255319,0.2978723404255319,0.31539424280350437
20,0.32665832290362956,0.17507781705412073,0.17025111303660492,0.08143511496458396,0.4005006257822278,0.084554523229599,0.09107735939323902,0.0,0.08853090833872557,0.7579452699283138,"[0.5982478260993958, 0.7234042882919312, 0.7309136390686035, 0.6996245384216309]",0.6823,0.2640801001251564,0.27409261576971217,0.29662077596996245,0.29662077596996245,0.28410513141426785,0.28410513141426785,0.2715894868585732
21,0.32290362953692114,0.19027298799437276,0.1668648051065413,0.0766480954756317,0.3954943679599499,0.08321209251880646,0.08801011648029089,0.0,0.0857362262904644,0.7507446269737557,"[0.5982478260993958, 0.7234042882919312, 0.7309136390686035, 0.6996245384216309]",0.7421,0.2828535669586984,0.27909887359199,0.2928660826032541,0.28911138923654567,0.29161451814768463,0.29161451814768463,0.2853566958698373
22,0.2553191489361702,0.06555952818525068,0.14334658158324043,0.01804716017830243,0.37546933667083854,0.0848211869597435,0.08516289759427309,0.0,0.0830669840797782,0.8797084600664675,"[0.5982478260993958, 0.7234042882919312, 0.7309136390686035, 0.6996245384216309]",0.7386,0.28410513141426785,0.2753441802252816,0.3053817271589487,0.2828535669586984,0.2690863579474343,0.2690863579474343,0.2903629536921151
23,0.2828535669586984,0.1651525539938291,0.1490058251704943,0.05866989330749207,0.38172715894868586,0.08295223116874695,0.08251042664051056,0.0,0.08055264037102461,0.8225988160120323,"[0.5982478260993958, 0.7234042882919312, 0.7309136390686035, 0.6996245384216309]",0.7639,0.26783479349186484,0.2753441802252816,0.26032540675844806,0.3053817271589487,0.27409261576971217,0.27409261576971217,0.2765957446808511
24,0.28911138923654567,0.1760538704400666,0.15022900153117938,0.07276246592360625,0.3867334167709637,0.08305010199546814,0.08003229647874832,0.0,0.07821574341505766,0.7788231270387769,"[0.5982478260993958, 0.7234042882919312, 0.7309136390686035, 0.6996245384216309]",0.7988,0.27033792240300375,0.26533166458072593,0.2753441802252816,0.28911138923654567,0.27284105131414266,0.27284105131414266,0.27909887359199
25,0.28035043804755944,0.14372008588426488,0.15209695132620374,0.06716039738225105,0.3979974968710889,0.08258259296417236,0.07770947832614183,0.0,0.07603604067116976,0.7774310220265761,"[0.5982478260993958, 0.7234042882919312, 0.7309136390686035, 0.6996245384216309]",0.7694,0.29161451814768463,0.28035043804755944,0.3078848560700876,0.3053817271589487,0.2903629536921151,0.2903629536921151,0.29411764705882354
26,0.2878598247809762,0.13888631081697944,0.1543471259814737,0.05760736554701509,0.39424280350438046,0.08433975279331207,0.0755548682063818,0.0,0.07399783376604319,0.7761636399663985,"[0.5982478260993958, 0.7234042882919312, 0.7309136390686035, 0.6996245384216309]",0.7099,0.2853566958698373,0.27909887359199,0.31789737171464333,0.33667083854818525,0.3053817271589487,0.3053817271589487,0.2928660826032541
27,0.2590738423028786,0.14116128282551343,0.13916797113251525,0.04812524503943654,0.37296620775969963,0.08263727277517319,0.0735491942614317,0.0,0.07209135312587023,0.7472343200352043,"[0.5982478260993958, 0.7234042882919312, 0.7309136390686035, 0.6996245384216309]",0.7281,0.27284105131414266,0.2665832290362954,0.28410513141426785,0.27909887359199,0.29411764705882354,0.29411764705882354,0.2816020025031289
28,0.29411764705882354,0.15395129131339225,0.14820313955114495,0.06209255989680298,0.39173967459324155,0.08289247006177902,0.07169054355472326,0.0,0.07033223938196898,0.8864686749875546,"[0.5982478260993958, 0.7234042882919312, 0.7309136390686035, 0.6996245384216309]",0.8249,0.27909887359199,0.2828535669586984,0.2665832290362954,0.28660826032540676,0.2816020025031289,0.2816020025031289,0.28035043804755944
29,0.3241551939924906,0.14033126714764776,0.15429636739054675,0.0592714521966055,0.392991239048811,0.08161265403032303,0.06996901985257864,0.0,0.06869247648864985,0.7549131660489365,"[0.5982478260993958, 0.7234042882919312, 0.7309136390686035, 0.6996245384216309]",0.7561,0.3041301627033792,0.30037546933667086,0.32040050062578224,0.29161451814768463,0.27033792240300375,0.27033792240300375,0.3078848560700876
30,0.27909887359199,0.15727331156738633,0.13701395387264537,0.061985312542676856,0.3867334167709637,0.08036357909440994,0.06837472598999739,0.0,0.06717504560947418,0.7641435720724985,"[0.5982478260993958, 0.7234042882919312, 0.7309136390686035, 0.6996245384216309]",0.8599,0.2878598247809762,0.2878598247809762,0.3016270337922403,0.3504380475594493,0.3191489361702128,0.3191489361702128,0.2903629536921151
31,0.27784730913642053,0.14886385454975104,0.14310219217268863,0.04126031294380913,0.4005006257822278,0.08008544147014618,0.06691072322428226,0.0,0.06578550115227699,0.8463536880444735,"[0.5982478260993958, 0.7234042882919312, 0.7309136390686035, 0.6996245384216309]",0.8989,0.28410513141426785,0.2853566958698373,0.295369211514393,0.30037546933667086,0.26533166458072593,0.26533166458072593,0.28911138923654567
32,0.32665832290362956,0.18085793612833034,0.15046968821034967,0.07809084509320034,0.38423028785982477,0.08221084624528885,0.06556287221610546,0.0,0.06450609862804413,0.9421196019975469,"[0.5982478260993958, 0.7234042882919312, 0.7309136390686035, 0.6996245384216309]",0.7118,0.27033792240300375,0.2690863579474343,0.27284105131414266,0.2765957446808511,0.2565707133917397,0.2565707133917397,0.27033792240300375
33,0.3191489361702128,0.14706269046838782,0.14266678653639386,0.0651090542599168,0.3967459324155194,0.08260368555784225,0.06433125585317612,0.0,0.06333125475794077,0.8580493470653892,"[0.5982478260993958, 0.7234042882919312, 0.7309136390686035, 0.6996245384216309]",0.7119,0.28410513141426785,0.28410513141426785,0.2503128911138924,0.295369211514393,0.27909887359199,0.27909887359199,0.2828535669586984
34,0.29411764705882354,0.1306907620605574,0.15228141749080096,0.06044136502027568,0.40550688360450565,0.08118724077939987,0.0632015741430223,0.0,0.06226236280053854,0.800596043933183,"[0.5982478260993958, 0.7234042882919312, 0.7309136390686035, 0.6996245384216309]",0.8921,0.27784730913642053,0.2753441802252816,0.2640801001251564,0.2765957446808511,0.2428035043804756,0.2428035043804756,0.28660826032540676
35,0.2978723404255319,0.1306761982708129,0.15535351634797587,0.055596048739643,0.392991239048811,0.08184396475553513,0.06217420566827059,0.0,0.0612843562848866,0.851136956945993,"[0.5982478260993958, 0.7234042882919312, 0.7309136390686035, 0.6996245384216309]",0.7921,0.27784730913642053,0.2715894868585732,0.28410513141426785,0.23654568210262827,0.25156445556946183,0.25156445556946183,0.28410513141426785
36,0.29662077596996245,0.16180780330096578,0.1526214347665243,0.07371246429250654,0.3967459324155194,0.08129288256168365,0.06124365562573075,0.0,0.060395571403205395,0.8042308270232752,"[0.5982478260993958, 0.7234042882919312, 0.7309136390686035, 0.6996245384216309]",0.7767,0.2903629536921151,0.2853566958698373,0.3041301627033792,0.3454317897371715,0.32290362953692114,0.32290362953692114,0.29411764705882354
37,0.2816020025031289,0.15274639808316515,0.14375622384127448,0.050635256102606496,0.37546933667083854,0.08134879171848297,0.06040191603824496,0.0,0.05958719039335847,0.8740644149947912,"[0.5982478260993958, 0.7234042882919312, 0.7309136390686035, 0.6996245384216309]",1.1894,0.2928660826032541,0.2853566958698373,0.2928660826032541,0.33667083854818525,0.32916145181476847,0.32916145181476847,0.29411764705882354
38,0.2828535669586984,0.14789275025684545,0.15667899936311494,0.06863517117938593,0.3954943679599499,0.08118945360183716,0.05964086437597871,0.0,0.05885511822998524,1.2136455570580438,"[0.5982478260993958, 0.7234042882919312, 0.7309136390686035, 0.6996245384216309]",0.8992,0.2978723404255319,0.29662077596996245,0.31289111389236546,0.3166458072590738,0.3166458072590738,0.3166458072590738,0.3016270337922403
39,0.2978723404255319,0.11934213783591563,0.14823637818300656,0.059071457705710914,0.4005006257822278,0.08259283751249313,0.05895308731123805,0.0,0.05820468068122864,0.9093779770191759,"[0.5982478260993958, 0.7234042882919312, 0.7309136390686035, 0.6996245384216309]",1.4088,0.2853566958698373,0.2816020025031289,0.28911138923654567,0.32665832290362956,0.30663329161451813,0.30663329161451813,0.28911138923654567
40,0.2928660826032541,0.14339359853056144,0.14512018507038377,0.05262298668089767,0.38423028785982477,0.08261920511722565,0.05833031889051199,0.0,0.05761000839993358,1.0401229429990053,"[0.5982478260993958, 0.7234042882919312, 0.7309136390686035, 0.6996245384216309]",0.7974,0.2853566958698373,0.27784730913642053,0.29912390488110135,0.2928660826032541,0.2565707133917397,0.2565707133917397,0.28911138923654567
41,0.28035043804755944,0.14182150335575483,0.13592123757735228,0.04834940432214644,0.3692115143929912,0.0823010727763176,0.05776943638920784,0.0,0.05707089276984334,0.8113399870926514,"[0.5982478260993958, 0.7234042882919312, 0.7309136390686035, 0.6996245384216309]",0.7529,0.27284105131414266,0.27284105131414266,0.2765957446808511,0.29161451814768463,0.30663329161451813,0.30663329161451813,0.27784730913642053
42,0.30663329161451813,0.14093191244083136,0.14584179126828983,0.06352824924685133,0.39424280350438046,0.08294744044542313,0.057265909388661385,0.0,0.056590409483760595,0.8121264480287209,"[0.5982478260993958, 0.7234042882919312, 0.7309136390686035, 0.6996245384216309]",0.7315,0.2715894868585732,0.2715894868585732,0.2690863579474343,0.295369211514393,0.27409261576971217,0.27409261576971217,0.2828535669586984
43,0.28410513141426785,0.14514445612446836,0.14279468876016213,0.072304996783869,0.3904881101376721,0.08357298374176025,0.05681447824463248,0.0,0.05615427577868104,0.7839416729984805,"[0.5982478260993958, 0.7234042882919312, 0.7309136390686035, 0.6996245384216309]",0.7463,0.28911138923654567,0.2828535669586984,0.3041301627033792,0.3041301627033792,0.2828535669586984,0.2828535669586984,0.295369211514393
44,0.25782227784730916,0.11626254336553898,0.14010070725550447,0.04820875042106002,0.37922403003754696,0.08399074524641037,0.05641165375709534,0.0,0.05575947463512421,0.7983590289950371,"[0.5982478260993958, 0.7234042882919312, 0.7309136390686035, 0.6996245384216309]",0.7503,0.26282853566958697,0.26533166458072593,0.24780976220275344,0.2565707133917397,0.2565707133917397,0.2565707133917397,0.2690863579474343
45,0.26533166458072593,0.12525481609411926,0.14516950299794953,0.057654289579089565,0.3879849812265332,0.08369418978691101,0.05604869406670332,0.0,0.05540840793401003,0.941832090029493,"[0.5982478260993958, 0.7234042882919312, 0.7309136390686035, 0.6996245384216309]",1.0449,0.28035043804755944,0.2753441802252816,0.2903629536921151,0.35168961201501875,0.3241551939924906,0.3241551939924906,0.29161451814768463
46,0.2853566958698373,0.1288169123277364,0.14482671470678196,0.07281172937443828,0.3979974968710889,0.08341825753450394,0.05572668882086873,0.0,0.05509355803951621,1.15499525598716,"[0.5982478260993958, 0.7234042882919312, 0.7309136390686035, 0.6996245384216309]",1.2544,0.27409261576971217,0.2816020025031289,0.30037546933667086,0.32290362953692114,0.2640801001251564,0.2640801001251564,0.28035043804755944
47,0.3316645807259074,0.15308423384439485,0.12387237455520371,0.06594328654757378,0.37922403003754696,0.08305875957012177,0.05544070294126868,0.0,0.05480727041140199,1.1920819979859516,"[0.5982478260993958, 0.7234042882919312, 0.7309136390686035, 0.6996245384216309]",0.831,0.27409261576971217,0.27409261576971217,0.2640801001251564,0.2928660826032541,0.3091364205256571,0.3091364205256571,0.2765957446808511
48,0.31038798498122655,0.15780019397899891,0.12893149390187328,0.056301083000344955,0.3742177722152691,0.08251349627971649,0.05519079277291894,0.0,0.05455393809825182,0.819226925028488,"[0.5982478260993958, 0.7234042882919312, 0.7309136390686035, 0.6996245384216309]",0.8047,0.26533166458072593,0.2753441802252816,0.2453066332916145,0.2753441802252816,0.27409261576971217,0.27409261576971217,0.26533166458072593
49,0.2928660826032541,0.14380301030239584,0.1395386424012817,0.05698950196114859,0.3804755944931164,0.08141976594924927,0.05496786255389452,0.0,0.054331856314092875,0.83181057497859,"[0.5982478260993958, 0.7234042882919312, 0.7309136390686035, 0.6996245384216309]",0.7717,0.2715894868585732,0.2753441802252816,0.2765957446808511,0.28660826032540676,0.2878598247809762,0.2878598247809762,0.27784730913642053
50,0.30663329161451813,0.13644371177463255,0.1356184427690957,0.058425006603057016,0.37296620775969963,0.0832393541932106,0.054767890367656946,0.0,0.054135071113705635,0.8546184790320694,"[0.5982478260993958, 0.7234042882919312, 0.7309136390686035, 0.6996245384216309]",0.8111,0.26282853566958697,0.27409261576971217,0.2765957446808511,0.33291614518147683,0.30037546933667086,0.30037546933667086,0.27033792240300375
51,0.3141426783479349,0.1770812972680389,0.13776885510395268,0.08326028120218151,0.3804755944931164,0.08369265496730804,0.054593358654528856,0.0,0.05396509915590286,0.8458586389897391,"[0.5982478260993958, 0.7234042882919312, 0.7309136390686035, 0.6996245384216309]",0.8335,0.25782227784730916,0.2715894868585732,0.2565707133917397,0.327909887359199,0.28911138923654567,0.28911138923654567,0.2640801001251564
52,0.2978723404255319,0.13810468751802663,0.13455831697967405,0.06476322992806374,0.37296620775969963,0.08304627239704132,0.05444255657494068,0.0,0.05381450988352299,0.8256424870342016,"[0.5982478260993958, 0.7234042882919312, 0.7309136390686035, 0.6996245384216309]",0.7598,0.2665832290362954,0.2853566958698373,0.26783479349186484,0.3091364205256571,0.28410513141426785,0.28410513141426785,0.2715894868585732
53,0.26533166458072593,0.15486757556427688,0.1405019398203437,0.051953450034094635,0.3541927409261577,0.08291105926036835,0.05431261844933033,0.0,0.05368341598659754,0.7975812039803714,"[0.5982478260993958, 0.7234042882919312, 0.7309136390686035, 0.6996245384216309]",0.7782,0.2615769712140175,0.2753441802252816,0.28035043804755944,0.30663329161451813,0.31289111389236546,0.31289111389236546,0.26533166458072593
54,0.30663329161451813,0.14921417162714623,0.13751211359542234,0.05613354022031605,0.3804755944931164,0.08381811529397964,0.05419412441551685,0.0,0.05356745235621929,0.8213449189206585,"[0.5982478260993958, 0.7234042882919312, 0.7309136390686035, 0.6996245384216309]",1.0681,0.2690863579474343,0.28660826032540676,0.2665832290362954,0.28911138923654567,0.3041301627033792,0.3041301627033792,0.26533166458072593
55,0.2753441802252816,0.1648174091378476,0.14541356430257105,0.05229906830480656,0.37922403003754696,0.08438485860824585,0.05409265588968992,0.0,0.05346962949261069,0.8840639819391072,"[0.5982478260993958, 0.7234042882919312, 0.7309136390686035, 0.6996245384216309]",0.7411,0.2690863579474343,0.27284105131414266,0.2816020025031289,0.32665832290362956,0.29662077596996245,0.29662077596996245,0.2765957446808511
56,0.2715894868585732,0.13363490366020425,0.13583144768591515,0.047468448379261244,0.37546933667083854,0.08514879643917084,0.054003255907446146,0.0,0.05338513245806098,0.9004216230241582,"[0.5982478260993958, 0.7234042882919312, 0.7309136390686035, 0.6996245384216309]",0.7506,0.2640801001251564,0.2715894868585732,0.27284105131414266,0.3304130162703379,0.327909887359199,0.327909887359199,0.2690863579474343
57,0.27033792240300375,0.13236452770725726,0.1347928616178871,0.046072070698751376,0.3742177722152691,0.08632201701402664,0.05392369069159031,0.0,0.05331243900582194,0.9003647709032521,"[0.5982478260993958, 0.7234042882919312, 0.7309136390686035, 0.6996245384216309]",0.7567,0.2753441802252816,0.28660826032540676,0.2828535669586984,0.3341677096370463,0.3041301627033792,0.3041301627033792,0.2828535669586984
58,0.2490613266583229,0.1283557123246576,0.14458145740299397,0.05789240019913824,0.3829787234042553,0.086240254342556,0.053855421021580696,0.0,0.05324906250461936,0.7351286510238424,"[0.5982478260993958, 0.7234042882919312, 0.7309136390686035, 0.6996245384216309]",0.7123,0.2816020025031289,0.27409261576971217,0.30287859824780977,0.28410513141426785,0.2665832290362954,0.2665832290362954,0.28410513141426785
59,0.295369211514393,0.13910089565949635,0.13662943149642007,0.04928835602141292,0.38423028785982477,0.08600270003080368,0.05379159562289715,0.0,0.053190421778708696,0.9834496099501848,"[0.5982478260993958, 0.7234042882919312, 0.7309136390686035, 0.6996245384216309]",0.8679,0.27284105131414266,0.2715894868585732,0.27784730913642053,0.31289111389236546,0.29161451814768463,0.29161451814768463,0.27784730913642053
60,0.29161451814768463,0.17059634811059843,0.13869092347761128,0.05913723068982641,0.3829787234042553,0.08540111780166626,0.053739088121801615,0.0,0.05313725583255291,0.9700217489153147,"[0.5982478260993958, 0.7234042882919312, 0.7309136390686035, 0.6996245384216309]",0.6752,0.27409261576971217,0.27284105131414266,0.2878598247809762,0.2853566958698373,0.2690863579474343,0.2690863579474343,0.27909887359199
61,0.28410513141426785,0.1642289981968934,0.14344058199426213,0.06019929160006953,0.39173967459324155,0.08447796106338501,0.053688749205321074,0.0,0.05308961449190974,0.7254048970062286,"[0.5982478260993958, 0.7234042882919312, 0.7309136390686035, 0.6996245384216309]",0.8044,0.27033792240300375,0.2690863579474343,0.2903629536921151,0.34167709637046306,0.3053817271589487,0.3053817271589487,0.2765957446808511
62,0.29662077596996245,0.15481881902983674,0.13777558137249013,0.06152271207974897,0.38923654568210264,0.08488556742668152,0.053646393585950136,0.0,0.05304732220247388,0.9982242219848558,"[0.5982478260993958, 0.7234042882919312, 0.7309136390686035, 0.6996245384216309]",0.7125,0.2828535669586984,0.2828535669586984,0.30663329161451813,0.3316645807259074,0.28410513141426785,0.28410513141426785,0.28660826032540676
63,0.34668335419274093,0.18839051158808306,0.1625599617861725,0.08806091048295862,0.3879849812265332,0.08631747961044312,0.05360798165202141,0.0,0.053008212707936764,0.7999740510713309,"[0.5982478260993958, 0.7234042882919312, 0.7309136390686035, 0.6996245384216309]",0.6981,0.27784730913642053,0.2753441802252816,0.29161451814768463,0.2816020025031289,0.2553191489361702,0.2553191489361702,0.2828535669586984
64,0.31539424280350437,0.18372237225963817,0.15555134392877928,0.08255704288706338,0.3954943679599499,0.08591040223836899,0.0535737918689847,0.0,0.05297186877578497,0.7160500730387866,"[0.5982478260993958, 0.7234042882919312, 0.7309136390686035, 0.6996245384216309]",0.6824,0.27909887359199,0.2828535669586984,0.3078848560700876,0.32665832290362956,0.29912390488110135,0.29912390488110135,0.28660826032540676
65,0.3091364205256571,0.1616013382503897,0.15533193878274726,0.07714127077241464,0.4005006257822278,0.0858803540468216,0.05354337254539132,0.0,0.05293953372165561,0.6958619620418176,"[0.5982478260993958, 0.7234042882919312, 0.7309136390686035, 0.6996245384216309]",0.6822,0.2765957446808511,0.28410513141426785,0.2903629536921151,0.31289111389236546,0.30287859824780977,0.30287859824780977,0.27909887359199
66,0.29411764705882354,0.13726135867609113,0.14916045386168836,0.0652467761903761,0.392991239048811,0.0841808170080185,0.05351532716304064,0.0,0.052909208461642265,0.7284602459985763,"[0.5982478260993958, 0.7234042882919312, 0.7309136390686035, 0.6996245384216309]",0.6922,0.2715894868585732,0.27784730913642053,0.2853566958698373,0.31289111389236546,0.2878598247809762,0.2878598247809762,0.27909887359199
67,0.3354192740926158,0.16172582895033216,0.15034194040974413,0.0796205737443351,0.392991239048811,0.08482639491558075,0.05348825687542558,0.0,0.0528819402679801,0.7360045269597322,"[0.5982478260993958, 0.7234042882919312, 0.7309136390686035, 0.6996245384216309]",0.6919,0.27033792240300375,0.27409261576971217,0.2903629536921151,0.3429286608260325,0.3166458072590738,0.3166458072590738,0.2753441802252816
68,0.327909887359199,0.17483600110005704,0.15300357595831013,0.07028809320778723,0.3804755944931164,0.08589943498373032,0.053462348878383636,0.0,0.052857210859656334,0.7260851339669898,"[0.5982478260993958, 0.7234042882919312, 0.7309136390686035, 0.6996245384216309]",0.8362,0.27284105131414266,0.27409261576971217,0.2928660826032541,0.33291614518147683,0.3091364205256571,0.3091364205256571,0.27909887359199
69,0.3354192740926158,0.17746879174267993,0.15660121432576388,0.07204411409628403,0.3879849812265332,0.08564236760139465,0.053439000621438026,0.0,0.05283472687005997,0.7936079279752448,"[0.5982478260993958, 0.7234042882919312, 0.7309136390686035, 0.6996245384216309]",0.7495,0.27784730913642053,0.2816020025031289,0.28660826032540676,0.32916145181476847,0.311639549436796,0.311639549436796,0.2765957446808511
70,0.3316645807259074,0.16581586268786286,0.13633772517719273,0.07343619636188622,0.36795994993742176,0.08500831574201584,0.053416716400533915,0.0,0.05281483381986618,0.8364653720054775,"[0.5982478260993958, 0.7234042882919312, 0.7309136390686035, 0.6996245384216309]",0.9015,0.2715894868585732,0.2828535669586984,0.29161451814768463,0.32540675844806005,0.3053817271589487,0.3053817271589487,0.2765957446808511
71,0.29411764705882354,0.14302666560171617,0.14586332247913897,0.07053061773638468,0.38923654568210264,0.0862077921628952,0.05339623894542456,0.0,0.05279696034267545,0.8021477549336851,"[0.5982478260993958, 0.7234042882919312, 0.7309136390686035, 0.6996245384216309]",0.7029,0.2690863579474343,0.2828535669586984,0.2816020025031289,0.34668335419274093,0.311639549436796,0.311639549436796,0.2765957446808511
72,0.31789737171464333,0.16006511855782446,0.13398006249813232,0.058897616074944745,0.3692115143929912,0.08859804272651672,0.053375632502138615,0.0,0.052782739978283644,0.793103049043566,"[0.5982478260993958, 0.7234042882919312, 0.7309136390686035, 0.6996245384216309]",0.9243,0.27033792240300375,0.2765957446808511,0.29662077596996245,0.2878598247809762,0.327909887359199,0.327909887359199,0.27409261576971217
73,0.27284105131414266,0.12351974926365084,0.13159758224393694,0.05665481304119507,0.36295369211514394,0.08904442936182022,0.05335029773414135,0.0,0.05276852147653699,0.9498973269946873,"[0.5982478260993958, 0.7234042882919312, 0.7309136390686035, 0.6996245384216309]",0.7393,0.26282853566958697,0.28035043804755944,0.30037546933667086,0.29912390488110135,0.32290362953692114,0.32290362953692114,0.26533166458072593
74,0.3191489361702128,0.13701368965483007,0.12744532184797236,0.05404697843974093,0.3717146433041302,0.08903015404939651,0.0533262905664742,0.0,0.05275566969066858,0.944294247077778,"[0.5982478260993958, 0.7234042882919312, 0.7309136390686035, 0.6996245384216309]",0.7547,0.26783479349186484,0.2753441802252816,0.27909887359199,0.3078848560700876,0.2878598247809762,0.2878598247809762,0.27033792240300375
75,0.28035043804755944,0.1314511387504088,0.128431155712443,0.05982889738154393,0.35294117647058826,0.0897446870803833,0.05330415768548846,0.0,0.052741647232323885,0.8471592739224434,"[0.5982478260993958, 0.7234042882919312, 0.7309136390686035, 0.6996245384216309]",0.7634,0.2640801001251564,0.2715894868585732,0.2640801001251564,0.27409261576971217,0.27284105131414266,0.27284105131414266,0.2690863579474343
76,0.29912390488110135,0.1440584911218833,0.12103185976647679,0.054993098422454825,0.35544430538172717,0.09000152349472046,0.05328161641955376,0.0,0.05272722011432052,0.8844003910198808,"[0.5982478260993958, 0.7234042882919312, 0.7309136390686035, 0.6996245384216309]",0.7641,0.26783479349186484,0.2828535669586984,0.30037546933667086,0.33667083854818525,0.3191489361702128,0.3191489361702128,0.26783479349186484
77,0.28911138923654567,0.12476013600168179,0.12253853333628882,0.04901284153438553,0.3579474342928661,0.09034273773431778,0.05326349474489689,0.0,0.052712418138980865,0.8219959289999679,"[0.5982478260993958, 0.7234042882919312, 0.7309136390686035, 0.6996245384216309]",0.7558,0.26783479349186484,0.26783479349186484,0.2615769712140175,0.3091364205256571,0.3091364205256571,0.3091364205256571,0.27033792240300375
78,0.2665832290362954,0.12630504514826435,0.13638994618042574,0.06054447796123653,0.3829787234042553,0.09008876234292984,0.05324601614847779,0.0,0.05269946297630668,0.8529330890160054,"[0.5982478260993958, 0.7234042882919312, 0.7309136390686035, 0.6996245384216309]",0.9811,0.26783479349186484,0.2753441802252816,0.27409261576971217,0.28035043804755944,0.2903629536921151,0.2903629536921151,0.26783479349186484
79,0.29662077596996245,0.17746706941114188,0.14799828458255948,0.04960093684348455,0.39173967459324155,0.08911551535129547,0.05322539387270808,0.0,0.0526877180673182,0.8630403500283137,"[0.5982478260993958, 0.7234042882919312, 0.7309136390686035, 0.6996245384216309]",1.1023,0.2615769712140175,0.26282853566958697,0.23404255319148937,0.2765957446808511,0.27033792240300375,0.27033792240300375,0.2715894868585732
80,0.2690863579474343,0.14744837087099416,0.1414056505379419,0.05577870213642512,0.37296620775969963,0.09067298471927643,0.053205345291644335,0.0,0.0526774600148201,1.2699220469221473,"[0.5982478260993958, 0.7234042882919312, 0.7309136390686035, 0.6996245384216309]",1.0348,0.27409261576971217,0.2765957446808511,0.28911138923654567,0.3053817271589487,0.3041301627033792,0.3041301627033792,0.2853566958698373
81,0.2928660826032541,0.14045616647277337,0.13559888615350302,0.05029683610288435,0.3692115143929912,0.09089306741952896,0.05318467225879431,0.0,0.0526661635376513,1.1160828199936077,"[0.5982478260993958, 0.7234042882919312, 0.7309136390686035, 0.6996245384216309]",0.7515,0.2753441802252816,0.2715894868585732,0.2828535669586984,0.2928660826032541,0.3078848560700876,0.3078848560700876,0.2853566958698373
82,0.28410513141426785,0.13491638352845425,0.14900685269623337,0.04631222851822631,0.3854818523153942,0.08899830281734467,0.05316440248861909,0.0,0.05265349382534623,0.9179782989667729,"[0.5982478260993958, 0.7234042882919312, 0.7309136390686035, 0.6996245384216309]",0.7278,0.2640801001251564,0.2715894868585732,0.25156445556946183,0.3053817271589487,0.28035043804755944,0.28035043804755944,0.26783479349186484
83,0.29411764705882354,0.15916863983162322,0.13240955521669934,0.04989730773063729,0.3504380475594493,0.0886131227016449,0.053144180215895176,0.0,0.052640759851783514,0.8204788839211687,"[0.5982478260993958, 0.7234042882919312, 0.7309136390686035, 0.6996245384216309]",0.7371,0.27784730913642053,0.27784730913642053,0.3016270337922403,0.29161451814768463,0.2878598247809762,0.2878598247809762,0.28410513141426785
84,0.28911138923654567,0.16965141723812383,0.13908780960354453,0.06226325155608271,0.3904881101376721,0.0884016901254654,0.05312386993318796,0.0,0.05262890784069896,0.7618369270348921,"[0.5982478260993958, 0.7234042882919312, 0.7309136390686035, 0.6996245384216309]",0.855,0.2715894868585732,0.2828535669586984,0.2565707133917397,0.32540675844806005,0.2978723404255319,0.2978723404255319,0.26783479349186484
85,0.27284105131414266,0.15923069678485013,0.14005829340330386,0.02363811608123326,0.3742177722152691,0.0892670750617981,0.05310595687478781,0.0,0.052616717759519815,0.7788148650433868,"[0.5982478260993958, 0.7234042882919312, 0.7309136390686035, 0.6996245384216309]",0.6942,0.2765957446808511,0.27284105131414266,0.27784730913642053,0.28660826032540676,0.2590738423028786,0.2590738423028786,0.2878598247809762
86,0.2553191489361702,0.13773746431460454,0.13397443125466885,0.03493378451590768,0.36545682102628285,0.08998256176710129,0.05308927269652486,0.0,0.0526036755181849,0.7319963769987226,"[0.5982478260993958, 0.7234042882919312, 0.7309136390686035, 0.6996245384216309]",0.7325,0.2828535669586984,0.27909887359199,0.3041301627033792,0.3053817271589487,0.2753441802252816,0.2753441802252816,0.28911138923654567
87,0.2878598247809762,0.15630961659800335,0.13315705873068295,0.03551857672124214,0.3692115143929912,0.08961586654186249,0.05307222483679652,0.0,0.052591058891266584,0.9049731880659238,"[0.5982478260993958, 0.7234042882919312, 0.7309136390686035, 0.6996245384216309]",0.7596,0.27784730913642053,0.27909887359199,0.28660826032540676,0.29912390488110135,0.2978723404255319,0.2978723404255319,0.2853566958698373
88,0.2753441802252816,0.14733041381903456,0.13300661779288225,0.03384466720689255,0.3717146433041302,0.09006976336240768,0.05305542564019561,0.0,0.052577989641577005,0.8994541040156037,"[0.5982478260993958, 0.7234042882919312, 0.7309136390686035, 0.6996245384216309]",0.7153,0.26533166458072593,0.26783479349186484,0.28660826032540676,0.31789737171464333,0.30037546933667086,0.30037546933667086,0.26783479349186484
89,0.27409261576971217,0.15739673373504048,0.13514666721232288,0.05334749776467229,0.38172715894868586,0.0894843190908432,0.05303865019232035,0.0,0.05256383307278156,0.7268794210394844,"[0.5982478260993958, 0.7234042882919312, 0.7309136390686035, 0.6996245384216309]",0.7089,0.27784730913642053,0.27784730913642053,0.29161451814768463,0.29662077596996245,0.2690863579474343,0.2690863579474343,0.28911138923654567
90,0.27909887359199,0.16258809015628317,0.1371169710759452,0.059486472787992656,0.39173967459324155,0.08910506963729858,0.053023358806967735,0.0,0.0525509319268167,0.8294371420051903,"[0.5982478260993958, 0.7234042882919312, 0.7309136390686035, 0.6996245384216309]",0.8722,0.26783479349186484,0.2753441802252816,0.295369211514393,0.28035043804755944,0.3016270337922403,0.3016270337922403,0.27284105131414266
91,0.27409261576971217,0.15358005209075332,0.14241219474449393,0.053697910953120875,0.3804755944931164,0.08997780084609985,0.05300712352618575,0.0,0.052537708543241024,0.7951341939624399,"[0.5982478260993958, 0.7234042882919312, 0.7309136390686035, 0.6996245384216309]",0.7673,0.2715894868585732,0.27909887359199,0.3016270337922403,0.2853566958698373,0.30663329161451813,0.30663329161451813,0.27784730913642053
92,0.29411764705882354,0.16235859192315005,0.14798152188727767,0.059113455512830294,0.3867334167709637,0.08992641419172287,0.05299005750566721,0.0,0.052525108214467764,0.8223703190451488,"[0.5982478260993958, 0.7234042882919312, 0.7309136390686035, 0.6996245384216309]",0.7484,0.27409261576971217,0.27909887359199,0.2765957446808511,0.32916145181476847,0.28911138923654567,0.28911138923654567,0.27784730913642053
93,0.29161451814768463,0.1658646264287782,0.1517886895874362,0.06304149848248215,0.39424280350438046,0.08987666666507721,0.052972756791859865,0.0,0.05251204548403621,0.8532019190024585,"[0.5982478260993958, 0.7234042882919312, 0.7309136390686035, 0.6996245384216309]",0.7774,0.2615769712140175,0.2565707133917397,0.26282853566958697,0.32916145181476847,0.28911138923654567,0.28911138923654567,0.26783479349186484
94,0.29662077596996245,0.15260180184260475,0.14804616618027955,0.05994648802358594,0.3867334167709637,0.08977773785591125,0.0529566272161901,0.0,0.052500855177640915,0.8324705789564177,"[0.5982478260993958, 0.7234042882919312, 0.7309136390686035, 0.6996245384216309]",0.7778,0.27033792240300375,0.28660826032540676,0.28410513141426785,0.327909887359199,0.295369211514393,0.295369211514393,0.2753441802252816
95,0.3016270337922403,0.15847588632000942,0.14282084823952865,0.06016283503229048,0.38172715894868586,0.0902155190706253,0.05293943779543042,0.0,0.052492213901132345,0.7825521549675614,"[0.5982478260993958, 0.7234042882919312, 0.7309136390686035, 0.6996245384216309]",0.7685,0.26783479349186484,0.26533166458072593,0.2665832290362954,0.3429286608260325,0.29411764705882354,0.29411764705882354,0.2753441802252816
96,0.30037546933667086,0.15875252153309216,0.14090695268253453,0.05832752480810547,0.37922403003754696,0.09000923484563828,0.05291779153048992,0.0,0.05248189391568303,0.8104161160299554,"[0.5982478260993958, 0.7234042882919312, 0.7309136390686035, 0.6996245384216309]",0.9215,0.2765957446808511,0.2765957446808511,0.2853566958698373,0.27409261576971217,0.26032540675844806,0.26032540675844806,0.2816020025031289
97,0.30663329161451813,0.1676817286954495,0.1425949315317246,0.0558986384906255,0.37797246558197745,0.09043897688388824,0.05290050385519862,0.0,0.05247101420536637,0.967440995038487,"[0.5982478260993958, 0.7234042882919312, 0.7309136390686035, 0.6996245384216309]",1.0193,0.2590738423028786,0.26783479349186484,0.2928660826032541,0.3091364205256571,0.2903629536921151,0.2903629536921151,0.2690863579474343
98,0.3016270337922403,0.14918246771090948,0.14156494137428366,0.06481456705431038,0.38423028785982477,0.0899493545293808,0.05288339871913195,0.0,0.052459964994341135,0.8150975010357797,"[0.5982478260993958, 0.7234042882919312, 0.7309136390686035, 0.6996245384216309]",0.7744,0.26533166458072593,0.26533166458072593,0.26533166458072593,0.2690863579474343,0.2665832290362954,0.2665832290362954,0.27409261576971217
99,0.27409261576971217,0.14597895815403783,0.15461441307626705,0.06269238246030438,0.39424280350438046,0.09059375524520874,0.05286861211061478,0.0,0.05244891345500946,0.9202086189761758,"[0.5982478260993958, 0.7234042882919312, 0.7309136390686035, 0.6996245384216309]",0.7514,0.27284105131414266,0.27409261576971217,0.27033792240300375,0.25782227784730916,0.2615769712140175,0.2615769712140175,0.2828535669586984
100,0.30037546933667086,0.17749459048846739,0.1389770443877291,0.06341049360940813,0.3854818523153942,0.09056580066680908,0.05285584647208452,0.0,0.05243868846446276,0.7806117410073057,"[0.5982478260993958, 0.7234042882919312, 0.7309136390686035, 0.6996245384216309]",0.7353,0.2665832290362954,0.26533166458072593,0.29411764705882354,0.27784730913642053,0.26783479349186484,0.26783479349186484,0.2715894868585732
101,0.2978723404255319,0.17356714321008604,0.14317971589147316,0.07015366110087644,0.3804755944931164,0.09020556509494781,0.05284139793366194,0.0,0.052428707014769316,0.7996140810428187,"[0.5982478260993958, 0.7234042882919312, 0.7309136390686035, 0.6996245384216309]",0.8106,0.2640801001251564,0.2665832290362954,0.3041301627033792,0.3191489361702128,0.30663329161451813,0.30663329161451813,0.26783479349186484
102,0.32290362953692114,0.19580169785098878,0.14695510737092368,0.08517155675364069,0.3854818523153942,0.08893546462059021,0.052828720305114985,0.0,0.052418531849980354,0.8203074689954519,"[0.5982478260993958, 0.7234042882919312, 0.7309136390686035, 0.6996245384216309]",0.7587,0.2715894868585732,0.2690863579474343,0.2928660826032541,0.2816020025031289,0.27409261576971217,0.27409261576971217,0.2765957446808511
103,0.30287859824780977,0.1491972639298319,0.13699844887917323,0.06931097250631797,0.3854818523153942,0.08842531591653824,0.052815678995102644,0.0,0.05240919580683112,0.8053014609031379,"[0.5982478260993958, 0.7234042882919312, 0.7309136390686035, 0.6996245384216309]",0.8556,0.27033792240300375,0.27284105131414266,0.295369211514393,0.27409261576971217,0.2828535669586984,0.2828535669586984,0.2753441802252816
104,0.2978723404255319,0.13917066444404325,0.14120636084112417,0.06120101530264103,0.40175219023779724,0.08891484141349792,0.052801409270614386,0.0,0.0523995622061193,0.9271600809879601,"[0.5982478260993958, 0.7234042882919312, 0.7309136390686035, 0.6996245384216309]",1.5067,0.2590738423028786,0.26282853566958697,0.28035043804755944,0.3341677096370463,0.31038798498122655,0.31038798498122655,0.2590738423028786
105,0.295369211514393,0.13607686708623734,0.1394910196248542,0.05928121945718035,0.3992490613266583,0.08882492780685425,0.052789642475545406,0.0,0.052389027550816536,1.239096630946733,"[0.5982478260993958, 0.7234042882919312, 0.7309136390686035, 0.6996245384216309]",0.8332,0.2665832290362954,0.27284105131414266,0.25406758448060074,0.327909887359199,0.28660826032540676,0.28660826032540676,0.27409261576971217
106,0.31789737171464333,0.1838213105566895,0.14344397109307233,0.0663612550672407,0.38423028785982477,0.08945612609386444,0.05277810525149107,0.0,0.05237848265096545,0.819698647945188,"[0.5982478260993958, 0.7234042882919312, 0.7309136390686035, 0.6996245384216309]",0.7693,0.2753441802252816,0.27909887359199,0.28035043804755944,0.3141426783479349,0.2853566958698373,0.2853566958698373,0.2828535669586984
107,0.3041301627033792,0.16529849554412746,0.14546989940820343,0.06849611669317643,0.40425531914893614,0.08905459195375443,0.05276420898735523,0.0,0.052368152886629105,0.7757873679511249,"[0.5982478260993958, 0.7234042882919312, 0.7309136390686035, 0.6996245384216309]",0.8013,0.2715894868585732,0.27033792240300375,0.2715894868585732,0.2828535669586984,0.2715894868585732,0.2715894868585732,0.2765957446808511
108,0.3053817271589487,0.17631620007132676,0.144665608302676,0.06504854761404827,0.39424280350438046,0.08949347585439682,0.05275299958884716,0.0,0.05235727457329631,0.8318452619714662,"[0.5982478260993958, 0.7234042882919312, 0.7309136390686035, 0.6996245384216309]",0.7835,0.2665832290362954,0.27284105131414266,0.2665832290362954,0.3191489361702128,0.3016270337922403,0.3016270337922403,0.2765957446808511
109,0.31289111389236546,0.18515732102852167,0.14779469257963843,0.06879041983083087,0.4005006257822278,0.08981289714574814,0.05274185072630644,0.0,0.05234622722491622,0.82306795893237,"[0.5982478260993958, 0.7234042882919312, 0.7309136390686035, 0.6996245384216309]",0.8125,0.2665832290362954,0.27909887359199,0.3053817271589487,0.295369211514393,0.2816020025031289,0.2816020025031289,0.2715894868585732
110,0.3141426783479349,0.18614567340399046,0.14960328789969102,0.07060018748435068,0.40425531914893614,0.08981189876794815,0.05273091699928045,0.0,0.052335333079099655,0.8592552799964324,"[0.5982478260993958, 0.7234042882919312, 0.7309136390686035, 0.6996245384216309]",0.8687,0.2715894868585732,0.2853566958698373,0.28911138923654567,0.29161451814768463,0.2828535669586984,0.2828535669586984,0.27409261576971217
111,0.311639549436796,0.1872181758323871,0.1458111324761046,0.05742535315824707,0.39173967459324155,0.09070603549480438,0.052719421684741974,0.0,0.052324637304991484,0.9329835479147732,"[0.5982478260993958, 0.7234042882919312, 0.7309136390686035, 0.6996245384216309]",0.8677,0.26533166458072593,0.26032540675844806,0.28911138923654567,0.30663329161451813,0.2816020025031289,0.2816020025031289,0.27409261576971217
112,0.31289111389236546,0.1865550550671209,0.14611691621919232,0.06578354704519428,0.4005006257822278,0.09092336148023605,0.052706916350871325,0.0,0.05231409892439842,0.8892007920658216,"[0.5982478260993958, 0.7234042882919312, 0.7309136390686035, 0.6996245384216309]",1.2359,0.2665832290362954,0.2715894868585732,0.32540675844806005,0.2753441802252816,0.29411764705882354,0.29411764705882354,0.2765957446808511
113,0.2816020025031289,0.14216026440765472,0.14072050621325471,0.049957296890582925,0.37922403003754696,0.09145880490541458,0.052694535814225674,0.0,0.05230388278141618,1.0588554259156808,"[0.5982478260993958, 0.7234042882919312, 0.7309136390686035, 0.6996245384216309]",1.1059,0.26783479349186484,0.2816020025031289,0.3316645807259074,0.30287859824780977,0.30287859824780977,0.30287859824780977,0.2690863579474343
114,0.2528160200250313,0.1476975470996884,0.1526335438663108,0.044035648589553646,0.3829787234042553,0.09069687128067017,0.05268207145854831,0.0,0.052294866647571325,1.2334616349544376,"[0.5982478260993958, 0.7234042882919312, 0.7309136390686035, 0.6996245384216309]",1.1564,0.2715894868585732,0.2878598247809762,0.3241551939924906,0.32916145181476847,0.30287859824780977,0.30287859824780977,0.2715894868585732
115,0.2715894868585732,0.1538588909611972,0.13991286592143182,0.04671629724876972,0.3854818523153942,0.09114531427621841,0.05266955913975835,0.0,0.05228546820580959,1.06326106202323,"[0.5982478260993958, 0.7234042882919312, 0.7309136390686035, 0.6996245384216309]",1.0954,0.27033792240300375,0.28911138923654567,0.3141426783479349,0.3241551939924906,0.30663329161451813,0.30663329161451813,0.2753441802252816
116,0.31789737171464333,0.1683473325159185,0.14895364550198256,0.06535624166192033,0.3867334167709637,0.09163080900907516,0.05265643587335944,0.0,0.05227598315104842,1.052218008087948,"[0.5982478260993958, 0.7234042882919312, 0.7309136390686035, 0.6996245384216309]",1.5175,0.2753441802252816,0.28410513141426785,0.28660826032540676,0.3053817271589487,0.27909887359199,0.27909887359199,0.28035043804755944
117,0.2853566958698373,0.16911194239153793,0.14551948055697606,0.05678289382528838,0.3804755944931164,0.09189824014902115,0.05264334101229906,0.0,0.0522664706222713,1.0564322059508413,"[0.5982478260993958, 0.7234042882919312, 0.7309136390686035, 0.6996245384216309]",1.1424,0.27284105131414266,0.2828535669586984,0.29662077596996245,0.3479349186483104,0.31539424280350437,0.31539424280350437,0.2753441802252816
118,0.2765957446808511,0.14937218995835466,0.14797909703860052,0.04685859462115369,0.3967459324155194,0.09168446809053421,0.05262987921014428,0.0,0.05225847102701664,0.9877558789448813,"[0.5982478260993958, 0.7234042882919312, 0.7309136390686035, 0.6996245384216309]",0.9985,0.27033792240300375,0.28035043804755944,0.27284105131414266,0.327909887359199,0.27909887359199,0.27909887359199,0.2715894868585732
119,0.28410513141426785,0.1650565607553126,0.14142102428953676,0.04268174848778924,0.3742177722152691,0.09083328396081924,0.05261628143489361,0.0,0.052249493077397346,1.0688892430625856,"[0.5982478260993958, 0.7234042882919312, 0.7309136390686035, 0.6996245384216309]",1.071,0.27284105131414266,0.2853566958698373,0.25406758448060074,0.27284105131414266,0.2553191489361702,0.2553191489361702,0.27784730913642053
120,0.3041301627033792,0.17806566682578273,0.14760279315730992,0.06627345939419088,0.38423028785982477,0.09023229032754898,0.052604121156036854,0.0,0.052240194752812386,1.0927961339475587,"[0.5982478260993958, 0.7234042882919312, 0.7309136390686035, 0.6996245384216309]",1.4787,0.2816020025031289,0.295369211514393,0.2828535669586984,0.31289111389236546,0.2903629536921151,0.2903629536921151,0.27784730913642053
121,0.2928660826032541,0.1614548021287069,0.15849989602532455,0.0577085904009393,0.3854818523153942,0.09110836684703827,0.05259161489084363,0.0,0.05223030736669898,0.8444964089430869,"[0.5982478260993958, 0.7234042882919312, 0.7309136390686035, 0.6996245384216309]",0.7721,0.27409261576971217,0.2878598247809762,0.3166458072590738,0.32290362953692114,0.311639549436796,0.311639549436796,0.27784730913642053
122,0.3053817271589487,0.18344028799499135,0.15904737365948304,0.05830736269489947,0.3867334167709637,0.09167613834142685,0.05258142435923219,0.0,0.052219904493540525,0.8068418939365074,"[0.5982478260993958, 0.7234042882919312, 0.7309136390686035, 0.6996245384216309]",0.7944,0.27284105131414266,0.2816020025031289,0.2853566958698373,0.32290362953692114,0.29662077596996245,0.29662077596996245,0.2828535669586984
123,0.2978723404255319,0.17028731993913737,0.14612604002953103,0.07358471939041154,0.3992490613266583,0.09169325977563858,0.05257124686613679,0.0,0.05220995843410492,0.7756011229939759,"[0.5982478260993958, 0.7234042882919312, 0.7309136390686035, 0.6996245384216309]",0.7695,0.27909887359199,0.29161451814768463,0.3191489361702128,0.3053817271589487,0.2978723404255319,0.2978723404255319,0.27784730913642053
124,0.29662077596996245,0.17568835212200973,0.13814321303150187,0.062157566281712026,0.3854818523153942,0.09115324169397354,0.05256068566814065,0.0,0.05219974461942911,0.8588796779513359,"[0.5982478260993958, 0.7234042882919312, 0.7309136390686035, 0.6996245384216309]",0.7998,0.2816020025031289,0.2816020025031289,0.3454317897371715,0.28911138923654567,0.30287859824780977,0.30287859824780977,0.2828535669586984
125,0.32290362953692114,0.19511886296730085,0.1518824591328893,0.07783881410315019,0.40175219023779724,0.0911397635936737,0.05255115358158946,0.0,0.052188793662935495,0.9090713349869475,"[0.5982478260993958, 0.7234042882919312, 0.7309136390686035, 0.6996245384216309]",0.7953,0.2853566958698373,0.2828535669586984,0.34668335419274093,0.2878598247809762,0.3041301627033792,0.3041301627033792,0.28035043804755944
126,0.29411764705882354,0.17547631376237116,0.15019419984607582,0.07093570961040312,0.3854818523153942,0.0909324437379837,0.05254164896905422,0.0,0.052177582401782274,0.7505663529736921,"[0.5982478260993958, 0.7234042882919312, 0.7309136390686035, 0.6996245384216309]",0.7832,0.2753441802252816,0.27033792240300375,0.2715894868585732,0.32040050062578224,0.2816020025031289,0.2816020025031289,0.2828535669586984
127,0.29161451814768463,0.1723768129203458,0.14886546938226156,0.07014854370105801,0.3879849812265332,0.09094648063182831,0.052532247733324766,0.0,0.052166789304465055,0.7813635510392487,"[0.5982478260993958, 0.7234042882919312, 0.7309136390686035, 0.6996245384216309]",0.8519,0.2853566958698373,0.2853566958698373,0.27409261576971217,0.3166458072590738,0.295369211514393,0.295369211514393,0.29161451814768463
128,0.3078848560700876,0.1566405109245237,0.1574254406093901,0.07859472607496504,0.392991239048811,0.0909050852060318,0.05252201110124588,0.0,0.05215663742274046,0.8143625300144777,"[0.5982478260993958, 0.7234042882919312, 0.7309136390686035, 0.6996245384216309]",0.8076,0.2715894868585732,0.26533166458072593,0.2615769712140175,0.2640801001251564,0.2390488110137672,0.2390488110137672,0.2765957446808511
129,0.3241551939924906,0.16957774454497687,0.14546146680323288,0.06967016707962892,0.3867334167709637,0.09195389598608017,0.052511246874928474,0.0,0.052146751433610916,0.8463865440571681,"[0.5982478260993958, 0.7234042882919312, 0.7309136390686035, 0.6996245384216309]",0.7989,0.2828535669586984,0.2816020025031289,0.2765957446808511,0.3166458072590738,0.27284105131414266,0.27284105131414266,0.2903629536921151
130,0.2816020025031289,0.16036395591519892,0.13653123653548196,0.03769945945922915,0.36545682102628285,0.0902269184589386,0.05250018695369363,0.0,0.05213677138090134,0.8340233420021832,"[0.5982478260993958, 0.7234042882919312, 0.7309136390686035, 0.6996245384216309]",0.7845,0.2828535669586984,0.2765957446808511,0.28410513141426785,0.3304130162703379,0.3016270337922403,0.3016270337922403,0.2878598247809762
131,0.29662077596996245,0.1515081658065942,0.16973128956256284,0.0750746116648246,0.3904881101376721,0.09012800455093384,0.05248966300860047,0.0,0.05212621949613094,0.8999116610502824,"[0.5982478260993958, 0.7234042882919312, 0.7309136390686035, 0.6996245384216309]",0.8043,0.2853566958698373,0.28410513141426785,0.3504380475594493,0.3316645807259074,0.3241551939924906,0.3241551939924906,0.2878598247809762
132,0.3241551939924906,0.19151376146789,0.1503390611791231,0.06087282717769413,0.3867334167709637,0.09083359688520432,0.05247862357646227,0.0,0.052116389852017164,0.8278539530001581,"[0.5982478260993958, 0.7234042882919312, 0.7309136390686035, 0.6996245384216309]",0.8013,0.28660826032540676,0.29912390488110135,0.3191489361702128,0.32290362953692114,0.29662077596996245,0.29662077596996245,0.2878598247809762
133,0.29912390488110135,0.16510861574172553,0.1620744837983887,0.07698305408447893,0.4030037546933667,0.0905047133564949,0.052467860747128725,0.0,0.052106516901403666,0.9392105430597439,"[0.5982478260993958, 0.7234042882919312, 0.7309136390686035, 0.6996245384216309]",0.9302,0.28410513141426785,0.29662077596996245,0.295369211514393,0.3354192740926158,0.3053817271589487,0.3053817271589487,0.2853566958698373
134,0.29662077596996245,0.16162783533448977,0.16115983847869855,0.07526721092537245,0.4005006257822278,0.08923433721065521,0.05245733307674527,0.0,0.05209690658375621,0.8714057740289718,"[0.5982478260993958, 0.7234042882919312, 0.7309136390686035, 0.6996245384216309]",0.9047,0.28035043804755944,0.295369211514393,0.3304130162703379,0.327909887359199,0.29161451814768463,0.29161451814768463,0.28035043804755944
135,0.3078848560700876,0.1637070825604724,0.15841710286846244,0.08414653350393907,0.3829787234042553,0.08907471597194672,0.05244655115529895,0.0,0.05208752490580082,0.8956504260422662,"[0.5982478260993958, 0.7234042882919312, 0.7309136390686035, 0.6996245384216309]",0.8223,0.27784730913642053,0.29411764705882354,0.3304130162703379,0.32665832290362956,0.28911138923654567,0.28911138923654567,0.27909887359199
136,0.25782227784730916,0.1484325855419001,0.1510669452767175,0.037007472662718116,0.39424280350438046,0.08979237079620361,0.05243626097217202,0.0,0.052078398410230875,0.8883173658978194,"[0.5982478260993958, 0.7234042882919312, 0.7309136390686035, 0.6996245384216309]",0.7606,0.28035043804755944,0.2903629536921151,0.28911138923654567,0.3241551939924906,0.2878598247809762,0.2878598247809762,0.27409261576971217
137,0.26533166458072593,0.14409000492727697,0.1503333959330931,0.05296439888324302,0.39173967459324155,0.09042933583259583,0.052425922360271215,0.0,0.05206955224275589,1.0605686829658225,"[0.5982478260993958, 0.7234042882919312, 0.7309136390686035, 0.6996245384216309]",1.0523,0.28035043804755944,0.29161451814768463,0.3429286608260325,0.3241551939924906,0.311639549436796,0.311639549436796,0.2828535669586984
138,0.30663329161451813,0.16445942782933043,0.16189247140926818,0.08042359622183909,0.40550688360450565,0.09036403894424438,0.052415203768759966,0.0,0.05206086719408631,1.1443789090262726,"[0.5982478260993958, 0.7234042882919312, 0.7309136390686035, 0.6996245384216309]",1.2864,0.2765957446808511,0.29411764705882354,0.3304130162703379,0.32665832290362956,0.3091364205256571,0.3091364205256571,0.2765957446808511
139,0.25782227784730916,0.13108852569651253,0.15531845037190856,0.05699586338269278,0.3854818523153942,0.09066958725452423,0.05240466305986047,0.0,0.05205202894285321,1.5609189610695466,"[0.5982478260993958, 0.7234042882919312, 0.7309136390686035, 0.6996245384216309]",2.0551,0.29912390488110135,0.30663329161451813,0.3541927409261577,0.32916145181476847,0.32290362953692114,0.32290362953692114,0.295369211514393
140,0.2590738423028786,0.1348147931364354,0.15609859495111758,0.0577270113898133,0.3904881101376721,0.08998262882232666,0.052394181955605745,0.0,0.05204429570585489,1.4911903380416334,"[0.5982478260993958, 0.7234042882919312, 0.7309136390686035, 0.6996245384216309]",1.4699,0.28410513141426785,0.2816020025031289,0.2903629536921151,0.2978723404255319,0.2715894868585732,0.2715894868585732,0.2878598247809762
141,0.2553191489361702,0.13265147880090422,0.16091017103454508,0.05992989261099585,0.3967459324155194,0.08969591557979584,0.0523831550963223,0.0,0.05203666724264622,1.2644179470371455,"[0.5982478260993958, 0.7234042882919312, 0.7309136390686035, 0.6996245384216309]",1.2819,0.28660826032540676,0.2816020025031289,0.2878598247809762,0.3078848560700876,0.2753441802252816,0.2753441802252816,0.2928660826032541
142,0.2978723404255319,0.17318756236984179,0.1612032478483541,0.06823129313154495,0.40425531914893614,0.08947962522506714,0.05237233079969883,0.0,0.05202948348596692,1.1946446479996666,"[0.5982478260993958, 0.7234042882919312, 0.7309136390686035, 0.6996245384216309]",1.3381,0.2878598247809762,0.2853566958698373,0.29411764705882354,0.3304130162703379,0.2928660826032541,0.2928660826032541,0.29161451814768463
143,0.2765957446808511,0.15428058673796408,0.16039029399378027,0.06306443365172124,0.3992490613266583,0.08902232348918915,0.052362031769007444,0.0,0.052022745832800865,1.407699959934689,"[0.5982478260993958, 0.7234042882919312, 0.7309136390686035, 0.6996245384216309]",0.8033,0.2878598247809762,0.3053817271589487,0.3191489361702128,0.3041301627033792,0.3141426783479349,0.3141426783479349,0.28911138923654567
144,0.30287859824780977,0.17570738772645034,0.16377062378169102,0.07358068289729659,0.409261576971214,0.08893550932407379,0.052351833786815405,0.0,0.05201449478045106,0.8393079460365698,"[0.5982478260993958, 0.7234042882919312, 0.7309136390686035, 0.6996245384216309]",0.7268,0.2903629536921151,0.2903629536921151,0.29411764705882354,0.31789737171464333,0.3091364205256571,0.3091364205256571,0.2928660826032541
145,0.3053817271589487,0.18355755298328447,0.1598906819294747,0.05290486143676039,0.38923654568210264,0.08953463286161423,0.05234118225052953,0.0,0.0520058604888618,0.7635915349237621,"[0.5982478260993958, 0.7234042882919312, 0.7309136390686035, 0.6996245384216309]",0.7254,0.2903629536921151,0.2903629536921151,0.29662077596996245,0.3216520650813517,0.30663329161451813,0.30663329161451813,0.30037546933667086
146,0.3041301627033792,0.1821783344747092,0.16011912704774747,0.056368765407948246,0.3904881101376721,0.08943284302949905,0.05233100429177284,0.0,0.051997117698192596,0.7738031049957499,"[0.5982478260993958, 0.7234042882919312, 0.7309136390686035, 0.6996245384216309]",0.7586,0.2978723404255319,0.31789737171464333,0.3091364205256571,0.36295369211514394,0.3354192740926158,0.3354192740926158,0.29411764705882354
147,0.3016270337922403,0.1600058782745004,0.16302133205107255,0.07723383670047455,0.4030037546933667,0.08777979016304016,0.052321343682706356,0.0,0.05198874045163393,0.7828544129151851,"[0.5982478260993958, 0.7234042882919312, 0.7309136390686035, 0.6996245384216309]",0.9136,0.29662077596996245,0.3016270337922403,0.3304130162703379,0.295369211514393,0.32540675844806005,0.32540675844806005,0.2903629536921151
148,0.27284105131414266,0.15155973564546077,0.1566798961609893,0.05972919730507094,0.3954943679599499,0.08917457610368729,0.052311049308627844,0.0,0.05197933642193675,0.8023661259794608,"[0.5982478260993958, 0.7234042882919312, 0.7309136390686035, 0.6996245384216309]",0.7322,0.2878598247809762,0.2928660826032541,0.3454317897371715,0.3016270337922403,0.3141426783479349,0.3141426783479349,0.2903629536921151
149,0.2753441802252816,0.15397163574517891,0.15769287197493198,0.06290543315756426,0.3954943679599499,0.08935846388339996,0.05230238661170006,0.0,0.051969979889690876,0.8362740150187165,"[0.5982478260993958, 0.7234042882919312, 0.7309136390686035, 0.6996245384216309]",0.7697,0.27284105131414266,0.28660826032540676,0.2853566958698373,0.3191489361702128,0.28410513141426785,0.28410513141426785,0.27784730913642053
150,0.28911138923654567,0.16423517625696582,0.16741269455593602,0.07422406638708635,0.40550688360450565,0.08931083977222443,0.05229401309043169,0.0,0.05196093115955591,0.7963396199047565,"[0.5982478260993958, 0.7234042882919312, 0.7309136390686035, 0.6996245384216309]",0.8807,0.2828535669586984,0.2878598247809762,0.28660826032540676,0.3241551939924906,0.31038798498122655,0.31038798498122655,0.2853566958698373
151,0.28911138923654567,0.16301132381690087,0.16612659171366342,0.07385336800519683,0.4067584480600751,0.08916803449392319,0.05228555062785745,0.0,0.051952100824564695,0.81654410995543,"[0.5982478260993958, 0.7234042882919312, 0.7309136390686035, 0.6996245384216309]",0.7574,0.2828535669586984,0.3016270337922403,0.2928660826032541,0.3091364205256571,0.2903629536921151,0.2903629536921151,0.28911138923654567
152,0.2878598247809762,0.1625401339918101,0.16667881987412897,0.07397924306210237,0.40425531914893614,0.08910392224788666,0.052277299109846354,0.0,0.051943639758974314,0.7822995309252292,"[0.5982478260993958, 0.7234042882919312, 0.7309136390686035, 0.6996245384216309]",0.8389,0.27909887359199,0.28660826032540676,0.3316645807259074,0.28660826032540676,0.30663329161451813,0.30663329161451813,0.2765957446808511
153,0.28660826032540676,0.1389142033873949,0.1614767945277588,0.0714621161225502,0.3992490613266583,0.08870550990104675,0.05226916028186679,0.0,0.051935296040028334,0.7935135510051623,"[0.5982478260993958, 0.7234042882919312, 0.7309136390686035, 0.6996245384216309]",0.9594,0.2590738423028786,0.26282853566958697,0.3041301627033792,0.3016270337922403,0.28410513141426785,0.28410513141426785,0.2615769712140175
154,0.3091364205256571,0.1888996165623016,0.16928359761111025,0.07860388300080454,0.42177722152690866,0.08872994780540466,0.05226087989285588,0.0,0.05192735278978944,0.9973093069856986,"[0.5982478260993958, 0.7234042882919312, 0.7309136390686035, 0.6996245384216309]",1.1077,0.28911138923654567,0.2816020025031289,0.3241551939924906,0.3016270337922403,0.29662077596996245,0.29662077596996245,0.29411764705882354
155,0.30663329161451813,0.18390923270366033,0.16732208707284893,0.07444407863153656,0.4167709637046308,0.0890793725848198,0.05225277366116643,0.0,0.051919388584792614,1.6484371959231794,"[0.5982478260993958, 0.7234042882919312, 0.7309136390686035, 0.6996245384216309]",1.5406,0.27909887359199,0.2853566958698373,0.2816020025031289,0.32540675844806005,0.31289111389236546,0.31289111389236546,0.28410513141426785
156,0.30287859824780977,0.17671684200595306,0.17778592016357783,0.08556893448129854,0.4192740926157697,0.08868204057216644,0.05224458687007427,0.0,0.051911665592342615,1.191960470052436,"[0.5982478260993958, 0.7234042882919312, 0.7309136390686035, 0.6996245384216309]",1.9325,0.2816020025031289,0.2853566958698373,0.29411764705882354,0.3216520650813517,0.31789737171464333,0.31789737171464333,0.29161451814768463
157,0.31539424280350437,0.15136658071330933,0.16550646035536873,0.07100108907839109,0.40425531914893614,0.08793815970420837,0.052236361894756556,0.0,0.051903992891311646,1.4343565739691257,"[0.5982478260993958, 0.7234042882919312, 0.7309136390686035, 0.6996245384216309]",1.1847,0.2816020025031289,0.2828535669586984,0.28911138923654567,0.32290362953692114,0.31539424280350437,0.31539424280350437,0.28660826032540676
158,0.30287859824780977,0.1863915656152937,0.16519456457718043,0.0818670870118865,0.4030037546933667,0.0886802077293396,0.052227817475795746,0.0,0.05189627828076482,1.2041275999508798,"[0.5982478260993958, 0.7234042882919312, 0.7309136390686035, 0.6996245384216309]",1.0489,0.27909887359199,0.2928660826032541,0.28410513141426785,0.30287859824780977,0.295369211514393,0.295369211514393,0.27909887359199
159,0.3053817271589487,0.18888293406547174,0.1696841969841343,0.08350884100627523,0.4067584480600751,0.08909036219120026,0.05221926420927048,0.0,0.051888934802263975,1.5574196719098836,"[0.5982478260993958, 0.7234042882919312, 0.7309136390686035, 0.6996245384216309]",1.0375,0.27909887359199,0.29161451814768463,0.28660826032540676,0.3016270337922403,0.29662077596996245,0.29662077596996245,0.27909887359199
160,0.31289111389236546,0.15084576459519838,0.17272073048090833,0.06070338090042809,0.409261576971214,0.08840106427669525,0.052210452035069466,0.0,0.051882132422178984,1.2481004809960723,"[0.5982478260993958, 0.7234042882919312, 0.7309136390686035, 0.6996245384216309]",1.1261,0.295369211514393,0.29662077596996245,0.2828535669586984,0.3504380475594493,0.32916145181476847,0.32916145181476847,0.295369211514393
161,0.32665832290362956,0.18637439928529376,0.16578041560133544,0.08824907312774374,0.3904881101376721,0.09029199928045273,0.0522003136575222,0.0,0.051875707693398,1.0805974639952183,"[0.5982478260993958, 0.7234042882919312, 0.7309136390686035, 0.6996245384216309]",1.0491,0.2828535669586984,0.2828535669586984,0.2828535669586984,0.327909887359199,0.3166458072590738,0.3166458072590738,0.28410513141426785
162,0.3316645807259074,0.1933092460139646,0.17135113905891838,0.09295138627978469,0.3954943679599499,0.09089073538780212,0.05219181254506111,0.0,0.05186943057924509,1.0533109690295532,"[0.5982478260993958, 0.7234042882919312, 0.7309136390686035, 0.6996245384216309]",1.8537,0.27909887359199,0.27909887359199,0.26783479349186484,0.295369211514393,0.28911138923654567,0.28911138923654567,0.2816020025031289
163,0.3053817271589487,0.1807081333348114,0.1675941858362356,0.08014604018312324,0.38423028785982477,0.09139689803123474,0.05218333099037409,0.0,0.05186338536441326,1.4164303470170125,"[0.5982478260993958, 0.7234042882919312, 0.7309136390686035, 0.6996245384216309]",1.4047,0.27909887359199,0.2903629536921151,0.2715894868585732,0.26032540675844806,0.24405506883604505,0.24405506883604505,0.28660826032540676
164,0.3016270337922403,0.1760983858002163,0.15656921338668056,0.0516738178045266,0.3904881101376721,0.09102728962898254,0.052174897864460945,0.0,0.05185689544305205,1.585681802011095,"[0.5982478260993958, 0.7234042882919312, 0.7309136390686035, 0.6996245384216309]",1.1192,0.2853566958698373,0.2928660826032541,0.2828535669586984,0.2553191489361702,0.26032540675844806,0.26032540675844806,0.29411764705882354
165,0.29161451814768463,0.17710103682569023,0.16156657774979533,0.07707806074279325,0.41051314142678347,0.08963364362716675,0.052166280802339315,0.0,0.05185077199712396,0.8121726239332929,"[0.5982478260993958, 0.7234042882919312, 0.7309136390686035, 0.6996245384216309]",0.7667,0.29411764705882354,0.29662077596996245,0.2715894868585732,0.27033792240300375,0.295369211514393,0.295369211514393,0.30287859824780977
166,0.3166458072590738,0.1909535996439301,0.1662218529513103,0.06256726056321943,0.40425531914893614,0.08957438170909882,0.05215747328475118,0.0,0.05184399615973234,1.01754659996368,"[0.5982478260993958, 0.7234042882919312, 0.7309136390686035, 0.6996245384216309]",0.8599,0.28911138923654567,0.29662077596996245,0.29662077596996245,0.2878598247809762,0.27033792240300375,0.27033792240300375,0.29411764705882354
167,0.3216520650813517,0.19515372735162984,0.16631996674682195,0.06486777436995214,0.40425531914893614,0.08903922140598297,0.052149304654449224,0.0,0.051837405655533075,0.7750369790010154,"[0.5982478260993958, 0.7234042882919312, 0.7309136390686035, 0.6996245384216309]",0.7622,0.295369211514393,0.3016270337922403,0.31789737171464333,0.28911138923654567,0.3078848560700876,0.3078848560700876,0.28660826032540676
168,0.32290362953692114,0.1956400785269682,0.16661845254142868,0.06605643595720043,0.4067584480600751,0.08896589279174805,0.05214016605168581,0.0,0.05183061817660928,0.8392491630511358,"[0.5982478260993958, 0.7234042882919312, 0.7309136390686035, 0.6996245384216309]",0.7317,0.28410513141426785,0.2828535669586984,0.2615769712140175,0.3091364205256571,0.3053817271589487,0.3053817271589487,0.27409261576971217
169,0.2828535669586984,0.170897652282885,0.16683412989307075,0.07031416018303993,0.3979974968710889,0.08879870176315308,0.052130055613815784,0.0,0.05182442720979452,0.7741709920810536,"[0.5982478260993958, 0.7234042882919312, 0.7309136390686035, 0.6996245384216309]",0.7417,0.2816020025031289,0.2903629536921151,0.3141426783479349,0.2816020025031289,0.30037546933667086,0.30037546933667086,0.2753441802252816
170,0.2828535669586984,0.17068589180425864,0.1664236111998502,0.07025240937964204,0.3992490613266583,0.08886543661355972,0.052120148204267025,0.0,0.051819256972521544,0.8107388219796121,"[0.5982478260993958, 0.7234042882919312, 0.7309136390686035, 0.6996245384216309]",0.753,0.27409261576971217,0.2665832290362954,0.2816020025031289,0.3078848560700876,0.295369211514393,0.295369211514393,0.2816020025031289
171,0.2903629536921151,0.17081594553041957,0.15377065312569183,0.059451847755212464,0.40550688360450565,0.08891253173351288,0.052109370939433575,0.0,0.05181449791416526,0.7945435589645058,"[0.5982478260993958, 0.7234042882919312, 0.7309136390686035, 0.6996245384216309]",0.7755,0.2828535669586984,0.2878598247809762,0.31539424280350437,0.2816020025031289,0.30287859824780977,0.30287859824780977,0.26783479349186484
172,0.28410513141426785,0.16232796241887282,0.15584288916062497,0.05388778044303916,0.4067584480600751,0.09009101986885071,0.052098173182457685,0.0,0.051810137927532196,0.8685853090137243,"[0.5982478260993958, 0.7234042882919312, 0.7309136390686035, 0.6996245384216309]",0.8045,0.27409261576971217,0.25782227784730916,0.27909887359199,0.2690863579474343,0.2615769712140175,0.2615769712140175,0.2853566958698373
173,0.30037546933667086,0.1655750016814007,0.15980285392081073,0.06784929072599612,0.39424280350438046,0.08982180804014206,0.052087838761508465,0.0,0.0518064871430397,0.8526339810341597,"[0.5982478260993958, 0.7234042882919312, 0.7309136390686035, 0.6996245384216309]",0.9077,0.27409261576971217,0.2828535669586984,0.2615769712140175,0.31289111389236546,0.29411764705882354,0.29411764705882354,0.28410513141426785
174,0.2828535669586984,0.16782179567576394,0.16070270307167178,0.06813655163429806,0.41051314142678347,0.08951570838689804,0.052075174637138844,0.0,0.05180623335763812,0.8284803119022399,"[0.5982478260993958, 0.7234042882919312, 0.7309136390686035, 0.6996245384216309]",0.7564,0.27784730913642053,0.26533166458072593,0.26282853566958697,0.26282853566958697,0.2615769712140175,0.2615769712140175,0.2816020025031289
175,0.28660826032540676,0.1484950070393174,0.16213066006680016,0.07309005603917765,0.4067584480600751,0.09009802341461182,0.05206162063404918,0.0,0.05180553859099746,0.8108958109514788,"[0.5982478260993958, 0.7234042882919312, 0.7309136390686035, 0.6996245384216309]",0.7634,0.27409261576971217,0.2665832290362954,0.246558197747184,0.26533166458072593,0.2565707133917397,0.2565707133917397,0.27909887359199
176,0.28035043804755944,0.1411155916239959,0.163632108340469,0.07059895134692604,0.4067584480600751,0.09012117236852646,0.05205141054466367,0.0,0.05180708924308419,0.8213673080317676,"[0.5982478260993958, 0.7234042882919312, 0.7309136390686035, 0.6996245384216309]",0.7757,0.2753441802252816,0.26282853566958697,0.2503128911138924,0.25406758448060074,0.246558197747184,0.246558197747184,0.28660826032540676
177,0.25782227784730916,0.14750101657832326,0.1534415027523496,0.050704156107956554,0.3954943679599499,0.08893609046936035,0.052041348069906235,0.0,0.05180688435211778,0.8204101310111582,"[0.5982478260993958, 0.7234042882919312, 0.7309136390686035, 0.6996245384216309]",0.7812,0.3091364205256571,0.29411764705882354,0.29662077596996245,0.27409261576971217,0.2528160200250313,0.2528160200250313,0.32290362953692114
178,0.28035043804755944,0.1516809430342465,0.1577386656766114,0.0644605507973566,0.4030037546933667,0.0881740003824234,0.05202965950593352,0.0,0.05180502776056528,0.8194939440581948,"[0.5982478260993958, 0.7234042882919312, 0.7309136390686035, 0.6996245384216309]",0.759,0.3216520650813517,0.29912390488110135,0.29411764705882354,0.2528160200250313,0.26783479349186484,0.26783479349186484,0.33667083854818525
179,0.25782227784730916,0.14595361396159545,0.15087683767397658,0.04813268611956084,0.3967459324155194,0.08774104714393616,0.05201928550377488,0.0,0.05180186592042446,0.8195273090386763,"[0.5982478260993958, 0.7234042882919312, 0.7309136390686035, 0.6996245384216309]",0.7401,0.32665832290362956,0.30037546933667086,0.2928660826032541,0.25406758448060074,0.2690863579474343,0.2690863579474343,0.33917396745932415
180,0.2453066332916145,0.13447204801572266,0.15137247301562917,0.045004876350655906,0.39424280350438046,0.08776935935020447,0.052010671235620975,0.0,0.05179835157468915,0.8746440690010786,"[0.5982478260993958, 0.7234042882919312, 0.7309136390686035, 0.6996245384216309]",0.7333,0.3316645807259074,0.30287859824780977,0.2928660826032541,0.25406758448060074,0.2665832290362954,0.2665832290362954,0.3454317897371715
181,0.2503128911138924,0.12436994469235008,0.15364696281705628,0.04529510447043378,0.39424280350438046,0.08755338191986084,0.052001035772264004,0.0,0.051793964579701424,0.8126842570491135,"[0.5982478260993958, 0.7234042882919312, 0.7309136390686035, 0.6996245384216309]",0.7537,0.3479349186483104,0.3166458072590738,0.28660826032540676,0.26533166458072593,0.27409261576971217,0.27409261576971217,0.360450563204005
182,0.27784730913642053,0.15416073446742307,0.15823523973365375,0.04512551534148963,0.3742177722152691,0.08734697848558426,0.05199083499610424,0.0,0.051790143828839064,0.7921405860688537,"[0.5982478260993958, 0.7234042882919312, 0.7309136390686035, 0.6996245384216309]",0.7339,0.3479349186483104,0.32290362953692114,0.31038798498122655,0.295369211514393,0.2878598247809762,0.2878598247809762,0.360450563204005
183,0.27909887359199,0.15457811937425125,0.15979963728570865,0.04707814404210643,0.3742177722152691,0.08658665418624878,0.0519820312038064,0.0,0.051785807590931654,0.809666765970178,"[0.5982478260993958, 0.7234042882919312, 0.7309136390686035, 0.6996245384216309]",0.7929,0.34167709637046306,0.31789737171464333,0.30663329161451813,0.28660826032540676,0.2615769712140175,0.2615769712140175,0.36295369211514394
184,0.2590738423028786,0.14449319766032787,0.1593604666979932,0.060802571456534144,0.40801001251564456,0.08790847659111023,0.05197342950850725,0.0,0.051781491842120886,0.818285804009065,"[0.5982478260993958, 0.7234042882919312, 0.7309136390686035, 0.6996245384216309]",0.7663,0.3579474342928661,0.32916145181476847,0.2928660826032541,0.27409261576971217,0.2590738423028786,0.2590738423028786,0.36295369211514394
185,0.2816020025031289,0.16094153634494213,0.1579702038505237,0.06161304251197053,0.40175219023779724,0.08888772875070572,0.05196477845311165,0.0,0.0517777893692255,0.817930385004729,"[0.5982478260993958, 0.7234042882919312, 0.7309136390686035, 0.6996245384216309]",0.9352,0.3617021276595745,0.3304130162703379,0.29411764705882354,0.27284105131414266,0.2615769712140175,0.2615769712140175,0.3642052565707134
186,0.2428035043804756,0.14795641383589264,0.15934125047524925,0.04758733326971213,0.39424280350438046,0.08807103335857391,0.051956158597022295,0.0,0.05177394952625036,0.9815924210706726,"[0.5982478260993958, 0.7234042882919312, 0.7309136390686035, 0.6996245384216309]",0.8322,0.344180225281602,0.31289111389236546,0.27784730913642053,0.2853566958698373,0.2490613266583229,0.2490613266583229,0.3591989987484355
187,0.26533166458072593,0.14618725833582136,0.1562007999000848,0.04328205809976248,0.39173967459324155,0.0877787172794342,0.051946950145065784,0.0,0.05176999373361468,0.8150731399655342,"[0.5982478260993958, 0.7234042882919312, 0.7309136390686035, 0.6996245384216309]",0.7702,0.28660826032540676,0.2553191489361702,0.2928660826032541,0.2715894868585732,0.29411764705882354,0.29411764705882354,0.3141426783479349
188,0.26783479349186484,0.14813950818208166,0.15522567915648966,0.04527439662528353,0.39424280350438046,0.08818915486335754,0.051937469746917486,0.0,0.05176551965996623,0.8410110580734909,"[0.5982478260993958, 0.7234042882919312, 0.7309136390686035, 0.6996245384216309]",0.7889,0.2853566958698373,0.2640801001251564,0.32040050062578224,0.2928660826032541,0.32290362953692114,0.32290362953692114,0.311639549436796
189,0.3041301627033792,0.18724009169628986,0.16239729379442455,0.061735715703000356,0.409261576971214,0.08860241621732712,0.051928368862718344,0.0,0.05176188191398978,0.7922118870774284,"[0.5982478260993958, 0.7234042882919312, 0.7309136390686035, 0.6996245384216309]",0.8085,0.27909887359199,0.27284105131414266,0.3216520650813517,0.28911138923654567,0.32040050062578224,0.32040050062578224,0.3053817271589487
190,0.2665832290362954,0.14470994623999645,0.1640774360958986,0.05829697291564388,0.4005006257822278,0.08839096128940582,0.051919381599873304,0.0,0.051758511923253536,0.7836347080301493,"[0.5982478260993958, 0.7234042882919312, 0.7309136390686035, 0.6996245384216309]",0.7869,0.29161451814768463,0.26783479349186484,0.32916145181476847,0.28660826032540676,0.32040050062578224,0.32040050062578224,0.31539424280350437
191,0.26282853566958697,0.1405542619732456,0.15856825000875777,0.054126233054040206,0.3992490613266583,0.0885850191116333,0.05191016150638461,0.0,0.05175532214343548,0.7788569409167394,"[0.5982478260993958, 0.7234042882919312, 0.7309136390686035, 0.6996245384216309]",0.7502,0.3078848560700876,0.27284105131414266,0.2878598247809762,0.29411764705882354,0.29411764705882354,0.29411764705882354,0.327909887359199
192,0.26282853566958697,0.13242792830991468,0.15891919754954936,0.059130647699843136,0.39424280350438046,0.08788881450891495,0.05190085852518678,0.0,0.05175237450748682,0.8310171610210091,"[0.5982478260993958, 0.7234042882919312, 0.7309136390686035, 0.6996245384216309]",0.765,0.3078848560700876,0.27284105131414266,0.311639549436796,0.27409261576971217,0.295369211514393,0.295369211514393,0.32290362953692114
193,0.2665832290362954,0.13648066453221597,0.1615285645235088,0.06570977611182884,0.3967459324155194,0.08682753145694733,0.05189138883724809,0.0,0.05174817284569144,0.8076261020032689,"[0.5982478260993958, 0.7234042882919312, 0.7309136390686035, 0.6996245384216309]",0.7528,0.2853566958698373,0.2615769712140175,0.31539424280350437,0.2816020025031289,0.2903629536921151,0.2903629536921151,0.31038798498122655
194,0.2878598247809762,0.14327898632656455,0.16232839119140993,0.06422377980745261,0.4142678347934919,0.08714104443788528,0.051882234402000904,0.0,0.051744189113378525,0.8173026490258053,"[0.5982478260993958, 0.7234042882919312, 0.7309136390686035, 0.6996245384216309]",0.7725,0.33667083854818525,0.29912390488110135,0.2715894868585732,0.2715894868585732,0.2665832290362954,0.2665832290362954,0.3404255319148936
195,0.26783479349186484,0.1583370397247127,0.16043197867937864,0.07310188331216623,0.4117647058823529,0.08657263219356537,0.05187261197715998,0.0,0.05174053041264415,0.8044369539711624,"[0.5982478260993958, 0.7234042882919312, 0.7309136390686035, 0.6996245384216309]",0.775,0.32540675844806005,0.28660826032540676,0.28410513141426785,0.29662077596996245,0.2903629536921151,0.2903629536921151,0.3479349186483104
196,0.2503128911138924,0.1326910984138031,0.1583921503528815,0.04170426439644596,0.3904881101376721,0.08710984885692596,0.051862917840480804,0.0,0.051737073343247175,0.8093730129767209,"[0.5982478260993958, 0.7234042882919312, 0.7309136390686035, 0.6996245384216309]",0.7525,0.3304130162703379,0.3053817271589487,0.28911138923654567,0.2853566958698373,0.2928660826032541,0.2928660826032541,0.3354192740926158
197,0.26783479349186484,0.12420391116407437,0.14895866485147138,0.056002979459404474,0.3954943679599499,0.08814136683940887,0.05185288842767477,0.0,0.051734793931245804,0.8174094940768555,"[0.5982478260993958, 0.7234042882919312, 0.7309136390686035, 0.6996245384216309]",0.7435,0.3341677096370463,0.31539424280350437,0.295369211514393,0.2828535669586984,0.28660826032540676,0.28660826032540676,0.3379224030037547
198,0.31289111389236546,0.19183341839037693,0.16335648757879864,0.07732114314149349,0.4142678347934919,0.08831921219825745,0.05184131721034646,0.0,0.051733325235545635,0.9769579020794481,"[0.5982478260993958, 0.7234042882919312, 0.7309136390686035, 0.6996245384216309]",0.9908,0.3429286608260325,0.3216520650813517,0.26533166458072593,0.27784730913642053,0.2765957446808511,0.2765957446808511,0.34167709637046306
199,0.28410513141426785,0.14080853047780906,0.1503678407282927,0.06602204535451456,0.39173967459324155,0.08855058252811432,0.05183129804208875,0.0,0.05172970239073038,0.791260979953222,"[0.5982478260993958, 0.7234042882919312, 0.7309136390686035, 0.6996245384216309]",0.813,0.3454317897371715,0.32290362953692114,0.2753441802252816,0.2690863579474343,0.27909887359199,0.27909887359199,0.3454317897371715
200,0.2565707133917397,0.1409939439571697,0.15117966757731469,0.05339191305245045,0.39424280350438046,0.0882900059223175,0.05182188656181097,0.0,0.051726693753153086,1.1622258279239759,"[0.5982478260993958, 0.7234042882919312, 0.7309136390686035, 0.6996245384216309]",0.7781,0.34167709637046306,0.3241551939924906,0.30037546933667086,0.295369211514393,0.3016270337922403,0.3016270337922403,0.34668335419274093
201,0.2665832290362954,0.15150339968395266,0.14841348169744578,0.05683785798975328,0.39424280350438046,0.0881355032324791,0.051812632009387016,0.0,0.0517235710285604,0.8661480130394921,"[0.5982478260993958, 0.7234042882919312, 0.7309136390686035, 0.6996245384216309]",0.7468,0.34167709637046306,0.32665832290362956,0.3016270337922403,0.2928660826032541,0.3053817271589487,0.3053817271589487,0.3479349186483104
202,0.27033792240300375,0.1558915999963758,0.15021400546506922,0.0579059678779812,0.3954943679599499,0.08806176483631134,0.051803410053253174,0.0,0.05172047112137079,0.8310930070001632,"[0.5982478260993958, 0.7234042882919312, 0.7309136390686035, 0.6996245384216309]",0.7306,0.344180225281602,0.32665832290362956,0.3053817271589487,0.29411764705882354,0.3041301627033792,0.3041301627033792,0.3504380475594493
203,0.2765957446808511,0.16542365652801705,0.15153090546580905,0.059153143820896675,0.4005006257822278,0.08823218941688538,0.05179448425769806,0.0,0.05171776423230767,0.8332096700323746,"[0.5982478260993958, 0.7234042882919312, 0.7309136390686035, 0.6996245384216309]",0.7686,0.34167709637046306,0.32040050062578224,0.3016270337922403,0.26282853566958697,0.29161451814768463,0.29161451814768463,0.3404255319148936
204,0.2615769712140175,0.1561954062491051,0.15380459100801686,0.05732819149235023,0.40175219023779724,0.08850934356451035,0.05178486695513129,0.0,0.05171531857922673,0.7748858949635178,"[0.5982478260993958, 0.7234042882919312, 0.7309136390686035, 0.6996245384216309]",0.7921,0.35168961201501875,0.32540675844806005,0.26783479349186484,0.29662077596996245,0.2816020025031289,0.2816020025031289,0.3541927409261577
205,0.26032540675844806,0.15469562820205296,0.15357160804729436,0.05621333631033906,0.4005006257822278,0.08864082396030426,0.05177487153559923,0.0,0.051713015884160995,0.748996845097281,"[0.5982478260993958, 0.7234042882919312, 0.7309136390686035, 0.6996245384216309]",0.6775,0.34668335419274093,0.32040050062578224,0.295369211514393,0.2690863579474343,0.27784730913642053,0.27784730913642053,0.34918648310387984
206,0.2640801001251564,0.15802490376137113,0.155434337856632,0.05672696252655036,0.3992490613266583,0.08855517208576202,0.051764803007245064,0.0,0.05171131296083331,0.7611762500600889,"[0.5982478260993958, 0.7234042882919312, 0.7309136390686035, 0.6996245384216309]",0.7155,0.34668335419274093,0.3191489361702128,0.30037546933667086,0.27909887359199,0.2828535669586984,0.2828535669586984,0.35168961201501875
207,0.2640801001251564,0.1576535387329624,0.15466215896769306,0.056213644090204185,0.3992490613266583,0.08847196400165558,0.05175430281087756,0.0,0.0517093762755394,0.8289879290387034,"[0.5982478260993958, 0.7234042882919312, 0.7309136390686035, 0.6996245384216309]",0.9839,0.344180225281602,0.3166458072590738,0.3016270337922403,0.27409261576971217,0.2853566958698373,0.2853566958698373,0.34918648310387984
208,0.2640801001251564,0.13480524407334638,0.14937706816430632,0.04080997682857519,0.3979974968710889,0.08828039467334747,0.051743637304753065,0.0,0.05170777626335621,1.0174926259787753,"[0.5982478260993958, 0.7234042882919312, 0.7309136390686035, 0.6996245384216309]",0.7532,0.33917396745932415,0.32290362953692114,0.29411764705882354,0.2690863579474343,0.27909887359199,0.27909887359199,0.3479349186483104
209,0.2640801001251564,0.13558367770495783,0.14888646971081554,0.04063467726975049,0.3954943679599499,0.08813237398862839,0.05173338111490011,0.0,0.05170588567852974,0.87960570899304,"[0.5982478260993958, 0.7234042882919312, 0.7309136390686035, 0.6996245384216309]",1.2365,0.3404255319148936,0.32540675844806005,0.2928660826032541,0.27033792240300375,0.2765957446808511,0.2765957446808511,0.3504380475594493
210,0.27784730913642053,0.17141208779358597,0.15719504551604602,0.05421491216966451,0.3904881101376721,0.08868253976106644,0.051722990814596415,0.0,0.05170365935191512,1.1448920080438256,"[0.5982478260993958, 0.7234042882919312, 0.7309136390686035, 0.6996245384216309]",0.7645,0.31539424280350437,0.3078848560700876,0.28660826032540676,0.2665832290362954,0.2690863579474343,0.2690863579474343,0.3191489361702128
211,0.2665832290362954,0.153091881899463,0.15786374164930184,0.055342737252631176,0.4030037546933667,0.08726919442415237,0.051712374202907085,0.0,0.05170227354392409,0.9240924910409376,"[0.5982478260993958, 0.7234042882919312, 0.7309136390686035, 0.6996245384216309]",0.7578,0.34167709637046306,0.344180225281602,0.28410513141426785,0.26783479349186484,0.2765957446808511,0.2765957446808511,0.3479349186483104
212,0.2565707133917397,0.14723564818974044,0.15353641869755735,0.05034168158971891,0.3992490613266583,0.08568133413791656,0.051702193915843964,0.0,0.05170028330758214,0.7950211400166154,"[0.5982478260993958, 0.7234042882919312, 0.7309136390686035, 0.6996245384216309]",0.9537,0.33917396745932415,0.3304130162703379,0.2816020025031289,0.2690863579474343,0.2715894868585732,0.2715894868585732,0.3429286608260325
213,0.2553191489361702,0.14715311077743876,0.15244323686100045,0.049759404950823274,0.40175219023779724,0.0852944627404213,0.051692320965230465,0.0,0.05169859016314149,0.8405971279134974,"[0.5982478260993958, 0.7234042882919312, 0.7309136390686035, 0.6996245384216309]",0.8112,0.3429286608260325,0.3404255319148936,0.2878598247809762,0.2816020025031289,0.2878598247809762,0.2878598247809762,0.344180225281602
214,0.2816020025031289,0.16652703545057868,0.15970273727520368,0.06257020784912888,0.3967459324155194,0.08625920116901398,0.05168159259483218,0.0,0.051696665585041046,0.8744040479650721,"[0.5982478260993958, 0.7234042882919312, 0.7309136390686035, 0.6996245384216309]",0.8672,0.344180225281602,0.33917396745932415,0.29662077596996245,0.28410513141426785,0.2928660826032541,0.2928660826032541,0.34668335419274093
215,0.2816020025031289,0.16524515210751822,0.1598618060294691,0.061848162627282814,0.3967459324155194,0.08649466186761856,0.05167096573859453,0.0,0.051695140078663826,0.9858581610023975,"[0.5982478260993958, 0.7234042882919312, 0.7309136390686035, 0.6996245384216309]",1.0884,0.3454317897371715,0.3379224030037547,0.2978723404255319,0.2853566958698373,0.29912390488110135,0.29912390488110135,0.35294117647058826
216,0.27409261576971217,0.15536802967202212,0.16062256968949035,0.05813847444518367,0.3954943679599499,0.08636035025119781,0.051660217344760895,0.0,0.05169499898329377,1.1961581510258839,"[0.5982478260993958, 0.7234042882919312, 0.7309136390686035, 0.6996245384216309]",1.0113,0.32916145181476847,0.31789737171464333,0.2878598247809762,0.2690863579474343,0.2753441802252816,0.2753441802252816,0.33917396745932415
217,0.28410513141426785,0.1646338231289034,0.16207087230754316,0.06474445399135392,0.40175219023779724,0.08624927699565887,0.051648649387061596,0.0,0.05169371096417308,0.8721476539503783,"[0.5982478260993958, 0.7234042882919312, 0.7309136390686035, 0.6996245384216309]",0.8818,0.327909887359199,0.31289111389236546,0.28911138923654567,0.27284105131414266,0.2765957446808511,0.2765957446808511,0.3379224030037547
218,0.2828535669586984,0.16597077244258873,0.16193540386712968,0.06369346357812095,0.40175219023779724,0.08636031299829483,0.051637140568345785,0.0,0.05169295612722635,0.8170056020608172,"[0.5982478260993958, 0.7234042882919312, 0.7309136390686035, 0.6996245384216309]",0.7742,0.33667083854818525,0.327909887359199,0.2503128911138924,0.22903629536921152,0.23028785982478098,0.23028785982478098,0.3354192740926158
219,0.2903629536921151,0.1688825127639707,0.16578735993155208,0.0632132385800389,0.40175219023779724,0.0862412303686142,0.05162625340744853,0.0,0.0516923270188272,0.8307662409497425,"[0.5982478260993958, 0.7234042882919312, 0.7309136390686035, 0.6996245384216309]",0.7996,0.32916145181476847,0.3166458072590738,0.3016270337922403,0.2753441802252816,0.28410513141426785,0.28410513141426785,0.3404255319148936
220,0.311639549436796,0.19381469020249564,0.16702595770083214,0.07478934126951979,0.41802252816020025,0.0852324515581131,0.05161539511755109,0.0,0.05169146554544568,0.8042476959526539,"[0.5982478260993958, 0.7234042882919312, 0.7309136390686035, 0.6996245384216309]",0.8652,0.3354192740926158,0.3354192740926158,0.29161451814768463,0.27033792240300375,0.26533166458072593,0.26533166458072593,0.34167709637046306
221,0.29411764705882354,0.18081820743312638,0.16234258137248705,0.06642199507704115,0.4167709637046308,0.08523280918598175,0.05160473333671689,0.0,0.0516910026781261,0.9269459981005639,"[0.5982478260993958, 0.7234042882919312, 0.7309136390686035, 0.6996245384216309]",0.7648,0.33667083854818525,0.3241551939924906,0.2978723404255319,0.2690863579474343,0.2816020025031289,0.2816020025031289,0.344180225281602
222,0.2590738423028786,0.140174616129906,0.15268980176784286,0.04115777161781346,0.4067584480600751,0.08539491146802902,0.0515931467525661,0.0,0.0516907898709178,0.788828989956528,"[0.5982478260993958, 0.7234042882919312, 0.7309136390686035, 0.6996245384216309]",0.7796,0.34918648310387984,0.3454317897371715,0.29161451814768463,0.3241551939924906,0.2903629536921151,0.2903629536921151,0.3566958698372966
223,0.2690863579474343,0.17110734910887326,0.15752690737259142,0.04212162866051015,0.409261576971214,0.08510471135377884,0.051582195330411196,0.0,0.051689994521439075,0.7860340240877122,"[0.5982478260993958, 0.7234042882919312, 0.7309136390686035, 0.6996245384216309]",0.8127,0.3504380475594493,0.34918648310387984,0.2903629536921151,0.32665832290362956,0.2903629536921151,0.2903629536921151,0.3579474342928661
224,0.26783479349186484,0.1700492201482996,0.15733719052314482,0.04403161499072858,0.4117647058823529,0.08502866327762604,0.051571219228208065,0.0,0.05168936960399151,0.7979279350256547,"[0.5982478260993958, 0.7234042882919312, 0.7309136390686035, 0.6996245384216309]",0.7751,0.34918648310387984,0.3479349186483104,0.2903629536921151,0.327909887359199,0.295369211514393,0.295369211514393,0.3566958698372966
225,0.2715894868585732,0.17420713634999474,0.15852819691515188,0.044344261895115686,0.4130162703379224,0.08502373099327087,0.051560462918132544,0.0,0.05168852722272277,0.852381256991066,"[0.5982478260993958, 0.7234042882919312, 0.7309136390686035, 0.6996245384216309]",0.9499,0.3504380475594493,0.34918648310387984,0.29411764705882354,0.3304130162703379,0.29411764705882354,0.29411764705882354,0.3591989987484355
226,0.27409261576971217,0.17605140477705994,0.1586797161402818,0.04451607823970995,0.4130162703379224,0.08499976247549057,0.05154951615259051,0.0,0.05168783664703369,0.8278522569453344,"[0.5982478260993958, 0.7234042882919312, 0.7309136390686035, 0.6996245384216309]",1.0503,0.3504380475594493,0.34918648310387984,0.29411764705882354,0.327909887359199,0.29411764705882354,0.29411764705882354,0.3591989987484355
227,0.27409261576971217,0.17101504236871234,0.15641074794465565,0.0465974314936502,0.4030037546933667,0.08544902503490448,0.05153912818059325,0.0,0.051686725579202175,0.887200138065964,"[0.5982478260993958, 0.7234042882919312, 0.7309136390686035, 0.6996245384216309]",0.9459,0.35294117647058826,0.35294117647058826,0.28911138923654567,0.29662077596996245,0.2816020025031289,0.2816020025031289,0.3591989987484355
228,0.28410513141426785,0.14079076246858058,0.15846718391854187,0.051026100038568986,0.41051314142678347,0.08563102781772614,0.051529116462916136,0.0,0.051685618702322245,0.9902551390696317,"[0.5982478260993958, 0.7234042882919312, 0.7309136390686035, 0.6996245384216309]",0.7436,0.35544430538172717,0.35294117647058826,0.29161451814768463,0.2978723404255319,0.2828535669586984,0.2828535669586984,0.3591989987484355
229,0.26032540675844806,0.1204620001005805,0.1462898863376136,0.05604848360414693,0.4005006257822278,0.08603982627391815,0.05151964304968715,0.0,0.05168395163491368,0.867903467034921,"[0.5982478260993958, 0.7234042882919312, 0.7309136390686035, 0.6996245384216309]",1.3463,0.3541927409261577,0.3566958698372966,0.2928660826032541,0.29912390488110135,0.27909887359199,0.27909887359199,0.3579474342928661
230,0.2928660826032541,0.17940006689352284,0.1645274912971771,0.05898516832740355,0.41551939924906134,0.08661063760519028,0.05151010397821665,0.0,0.051682548597455025,1.258427201071754,"[0.5982478260993958, 0.7234042882919312, 0.7309136390686035, 0.6996245384216309]",1.4587,0.3504380475594493,0.35168961201501875,0.2878598247809762,0.2978723404255319,0.27909887359199,0.27909887359199,0.3566958698372966
231,0.29161451814768463,0.18427474995265114,0.1602229031465331,0.05039851357289028,0.4005006257822278,0.08528619259595871,0.05150060821324587,0.0,0.05168104404583573,0.7808972420170903,"[0.5982478260993958, 0.7234042882919312, 0.7309136390686035, 0.6996245384216309]",0.8307,0.3504380475594493,0.3429286608260325,0.29662077596996245,0.3316645807259074,0.3078848560700876,0.3078848560700876,0.35544430538172717
232,0.28660826032540676,0.14343910806174964,0.1697679228694895,0.060488776312290785,0.4067584480600751,0.08480600267648697,0.05149138765409589,0.0,0.051678973250091076,0.783042692928575,"[0.5982478260993958, 0.7234042882919312, 0.7309136390686035, 0.6996245384216309]",0.7367,0.35294117647058826,0.3504380475594493,0.2753441802252816,0.26032540675844806,0.2615769712140175,0.2615769712140175,0.3504380475594493
233,0.3041301627033792,0.18133586414691016,0.1548494645471807,0.06350544342759536,0.40801001251564456,0.0852120965719223,0.051482482347637415,0.0,0.05167686566710472,0.7600553749362007,"[0.5982478260993958, 0.7234042882919312, 0.7309136390686035, 0.6996245384216309]",0.7498,0.3454317897371715,0.3379224030037547,0.27409261576971217,0.30287859824780977,0.28035043804755944,0.28035043804755944,0.34918648310387984
234,0.2878598247809762,0.17832227234608589,0.16423766614512525,0.07289072424007932,0.4142678347934919,0.08561987429857254,0.05147380055859685,0.0,0.05167508078739047,0.7504604809219018,"[0.5982478260993958, 0.7234042882919312, 0.7309136390686035, 0.6996245384216309]",0.7745,0.34668335419274093,0.3316645807259074,0.27033792240300375,0.30037546933667086,0.2853566958698373,0.2853566958698373,0.35544430538172717
235,0.2202753441802253,0.12603851367010555,0.15545388511791525,0.03784142274073967,0.39173967459324155,0.08554358780384064,0.0514652575366199,0.0,0.051672784611582756,0.7951926150126383,"[0.5982478260993958, 0.7234042882919312, 0.7309136390686035, 0.6996245384216309]",0.9304,0.35168961201501875,0.3341677096370463,0.27409261576971217,0.3091364205256571,0.2878598247809762,0.2878598247809762,0.3566958698372966
236,0.2853566958698373,0.15717143875841244,0.1636708829414638,0.06187568539234037,0.3967459324155194,0.08529677987098694,0.05145661300048232,0.0,0.051670582965016365,1.6316209939541295,"[0.5982478260993958, 0.7234042882919312, 0.7309136390686035, 0.6996245384216309]",1.0135,0.34668335419274093,0.3316645807259074,0.2828535669586984,0.3241551939924906,0.295369211514393,0.295369211514393,0.35544430538172717
237,0.27909887359199,0.14849968361807708,0.16099890462863076,0.06174819298693243,0.3979974968710889,0.0848221480846405,0.051448123063892126,0.0,0.051668013446033,1.2863783220527694,"[0.5982478260993958, 0.7234042882919312, 0.7309136390686035, 0.6996245384216309]",1.6105,0.3454317897371715,0.32540675844806005,0.27784730913642053,0.3216520650813517,0.28911138923654567,0.28911138923654567,0.3504380475594493
238,0.25406758448060074,0.13034807699331608,0.1533583089813112,0.0456983778452044,0.3867334167709637,0.08495955169200897,0.051439546048641205,0.0,0.05166560458019376,1.121292471070774,"[0.5982478260993958, 0.7234042882919312, 0.7309136390686035, 0.6996245384216309]",1.2066,0.3429286608260325,0.31289111389236546,0.2765957446808511,0.3053817271589487,0.27909887359199,0.27909887359199,0.34918648310387984
239,0.27909887359199,0.1518859510102386,0.15821133503564416,0.044421984633353506,0.392991239048811,0.08515137434005737,0.05143087776377797,0.0,0.05166310025379062,1.2854894909542054,"[0.5982478260993958, 0.7234042882919312, 0.7309136390686035, 0.6996245384216309]",0.8685,0.344180225281602,0.311639549436796,0.2665832290362954,0.3078848560700876,0.27409261576971217,0.27409261576971217,0.35544430538172717
240,0.2665832290362954,0.14959860510734135,0.16143596278444966,0.04788227012900822,0.392991239048811,0.0851806253194809,0.051422424614429474,0.0,0.051660495810210705,0.7818558430299163,"[0.5982478260993958, 0.7234042882919312, 0.7309136390686035, 0.6996245384216309]",0.7543,0.3429286608260325,0.3216520650813517,0.31289111389236546,0.28660826032540676,0.2715894868585732,0.2715894868585732,0.34668335419274093
241,0.2640801001251564,0.1385318375684409,0.16440256633490824,0.04287292025932792,0.3854818523153942,0.08544161170721054,0.051414175890386105,0.0,0.05165786016732454,0.7983513659564778,"[0.5982478260993958, 0.7234042882919312, 0.7309136390686035, 0.6996245384216309]",0.7284,0.3379224030037547,0.31289111389236546,0.27409261576971217,0.3078848560700876,0.28410513141426785,0.28410513141426785,0.3454317897371715
242,0.2690863579474343,0.14449883578094347,0.1649898348522825,0.044082083382800376,0.3879849812265332,0.0854552760720253,0.051405961625277996,0.0,0.05165537167340517,0.7724086659727618,"[0.5982478260993958, 0.7234042882919312, 0.7309136390686035, 0.6996245384216309]",0.7465,0.3354192740926158,0.3191489361702128,0.27409261576971217,0.2640801001251564,0.26533166458072593,0.26533166458072593,0.34668335419274093
243,0.24780976220275344,0.11798653650114332,0.15202342392567816,0.04240681745434778,0.3967459324155194,0.08553159981966019,0.051397842820733786,0.0,0.05165286734700203,0.8286486029392108,"[0.5982478260993958, 0.7234042882919312, 0.7309136390686035, 0.6996245384216309]",0.7715,0.3504380475594493,0.32916145181476847,0.2753441802252816,0.27909887359199,0.27033792240300375,0.27033792240300375,0.3579474342928661
244,0.25156445556946183,0.11996463665079615,0.15560278525629703,0.046493733678774955,0.3967459324155194,0.08548855036497116,0.051389903761446476,0.0,0.05165003100410104,0.7890977449715137,"[0.5982478260993958, 0.7234042882919312, 0.7309136390686035, 0.6996245384216309]",0.7617,0.3504380475594493,0.32916145181476847,0.2765957446808511,0.27784730913642053,0.26783479349186484,0.26783479349186484,0.3579474342928661
245,0.2528160200250313,0.1241399824829098,0.15765088348510142,0.046486713115257663,0.4005006257822278,0.08566166460514069,0.05138220824301243,0.0,0.05164647987112403,0.7910335230408236,"[0.5982478260993958, 0.7234042882919312, 0.7309136390686035, 0.6996245384216309]",0.7607,0.3354192740926158,0.31789737171464333,0.2765957446808511,0.26783479349186484,0.26533166458072593,0.26533166458072593,0.3479349186483104
246,0.2565707133917397,0.13594101315370277,0.1560659120921654,0.041677201038967944,0.39173967459324155,0.08568067103624344,0.05137460632249713,0.0,0.05164256691932678,1.0437705100048333,"[0.5982478260993958, 0.7234042882919312, 0.7309136390686035, 0.6996245384216309]",0.7754,0.3354192740926158,0.32665832290362956,0.28035043804755944,0.2753441802252816,0.26282853566958697,0.26282853566958697,0.34167709637046306
247,0.27409261576971217,0.16981808084698546,0.16658638000660791,0.06087372999079285,0.40801001251564456,0.08632146567106247,0.05136646516621113,0.0,0.051639043260365725,0.8076860960572958,"[0.5982478260993958, 0.7234042882919312, 0.7309136390686035, 0.6996245384216309]",0.8474,0.33917396745932415,0.3304130162703379,0.27784730913642053,0.27409261576971217,0.2640801001251564,0.2640801001251564,0.344180225281602
248,0.26032540675844806,0.1409805587340165,0.15577956573704702,0.043767364080316826,0.392991239048811,0.08631829917430878,0.05135845439508557,0.0,0.05163535103201866,0.8105180849088356,"[0.5982478260993958, 0.7234042882919312, 0.7309136390686035, 0.6996245384216309]",0.7848,0.3429286608260325,0.32040050062578224,0.311639549436796,0.27284105131414266,0.28410513141426785,0.28410513141426785,0.34918648310387984
249,0.28660826032540676,0.15622828876064132,0.15843903438922036,0.06715404689111903,0.40550688360450565,0.08656728267669678,0.05134985316544771,0.0,0.05163186322897673,0.7707533189095557,"[0.5982478260993958, 0.7234042882919312, 0.7309136390686035, 0.6996245384216309]",0.8927,0.3316645807259074,0.29912390488110135,0.3053817271589487,0.28410513141426785,0.26282853566958697,0.26282853566958697,0.3404255319148936
250,0.28035043804755944,0.1491483612644664,0.1587015368943254,0.06650954805888465,0.4030037546933667,0.08666004985570908,0.05134073831140995,0.0,0.05162917356938124,0.8284582559717819,"[0.5982478260993958, 0.7234042882919312, 0.7309136390686035, 0.6996245384216309]",1.1637,0.3429286608260325,0.3191489361702128,0.28035043804755944,0.26533166458072593,0.2615769712140175,0.2615769712140175,0.35294117647058826
251,0.2828535669586984,0.1427022573426836,0.15539719509058506,0.057640276451405646,0.3904881101376721,0.08624713122844696,0.05133113777264953,0.0,0.0516276229172945,0.8717738220002502,"[0.5982478260993958, 0.7234042882919312, 0.7309136390686035, 0.6996245384216309]",0.7758,0.33917396745932415,0.3216520650813517,0.26783479349186484,0.26032540675844806,0.26533166458072593,0.26533166458072593,0.3479349186483104
252,0.2878598247809762,0.17463772588802995,0.15256297173716987,0.06129057513576902,0.3979974968710889,0.08546076714992523,0.0513200624845922,0.0,0.05162564292550087,0.7886939980089664,"[0.5982478260993958, 0.7234042882919312, 0.7309136390686035, 0.6996245384216309]",0.7344,0.3379224030037547,0.32916145181476847,0.2690863579474343,0.2590738423028786,0.26533166458072593,0.26533166458072593,0.34668335419274093
253,0.24405506883604505,0.13082725183525545,0.15379247380111796,0.04282970497947529,0.3904881101376721,0.08572310209274292,0.05131035624071956,0.0,0.05162438936531544,0.7871552500873804,"[0.5982478260993958, 0.7234042882919312, 0.7309136390686035, 0.6996245384216309]",0.8111,0.33917396745932415,0.32040050062578224,0.27033792240300375,0.26032540675844806,0.26533166458072593,0.26533166458072593,0.3454317897371715
254,0.2903629536921151,0.16614731060682741,0.160307970025411,0.06524382602011962,0.39173967459324155,0.08558657020330429,0.0513002541847527,0.0,0.05162247596308589,0.7943826619302854,"[0.5982478260993958, 0.7234042882919312, 0.7309136390686035, 0.6996245384216309]",0.7919,0.34668335419274093,0.32040050062578224,0.2765957446808511,0.2753441802252816,0.2528160200250313,0.2528160200250313,0.34918648310387984
255,0.24405506883604505,0.13989402750722268,0.15528905859242303,0.0429988521665958,0.39173967459324155,0.08517942577600479,0.05129177402704954,0.0,0.05162022914737463,0.9150440159719437,"[0.5982478260993958, 0.7234042882919312, 0.7309136390686035, 0.6996245384216309]",0.7723,0.34918648310387984,0.32040050062578224,0.29161451814768463,0.2765957446808511,0.2816020025031289,0.2816020025031289,0.34918648310387984
256,0.2615769712140175,0.1337702978083788,0.1570929148583519,0.051789125438726165,0.3867334167709637,0.08564222604036331,0.05128503451123834,0.0,0.051616964396089315,0.7476201109820977,"[0.5982478260993958, 0.7234042882919312, 0.7309136390686035, 0.6996245384216309]",0.8547,0.34668335419274093,0.3191489361702128,0.3479349186483104,0.30287859824780977,0.3191489361702128,0.3191489361702128,0.34918648310387984
257,0.24030037546933666,0.12988571736127297,0.16503426286526404,0.05108843370549482,0.3854818523153942,0.08479876071214676,0.051277827471494675,0.0,0.05161381047219038,0.8150094570592046,"[0.5982478260993958, 0.7234042882919312, 0.7309136390686035, 0.6996245384216309]",0.7267,0.35544430538172717,0.32665832290362956,0.327909887359199,0.31038798498122655,0.311639549436796,0.311639549436796,0.3504380475594493
258,0.25782227784730916,0.14825960261091053,0.16304955338660215,0.05710075485293967,0.3954943679599499,0.08490663766860962,0.051270476542413235,0.0,0.05160842649638653,0.7581463069655001,"[0.5982478260993958, 0.7234042882919312, 0.7309136390686035, 0.6996245384216309]",0.81,0.29411764705882354,0.2816020025031289,0.3404255319148936,0.295369211514393,0.29411764705882354,0.29411764705882354,0.3166458072590738
259,0.26282853566958697,0.15358494977563142,0.16315007350664856,0.05760748864576051,0.3954943679599499,0.08458898961544037,0.051265016198158264,0.0,0.051601909566670656,0.7779707260197029,"[0.5982478260993958, 0.7234042882919312, 0.7309136390686035, 0.6996245384216309]",0.7343,0.29411764705882354,0.2765957446808511,0.3241551939924906,0.295369211514393,0.28911138923654567,0.28911138923654567,0.31789737171464333
260,0.24030037546933666,0.1365468496857699,0.16274078046762436,0.05353439956652171,0.38923654568210264,0.0840117484331131,0.05125951627269387,0.0,0.05159565666690469,0.7923252460313961,"[0.5982478260993958, 0.7234042882919312, 0.7309136390686035, 0.6996245384216309]",0.7531,0.3566958698372966,0.3404255319148936,0.27784730913642053,0.3078848560700876,0.27784730913642053,0.27784730913642053,0.3566958698372966
261,0.28660826032540676,0.1656330896106727,0.15594366700198226,0.06654980749516522,0.3992490613266583,0.08584710210561752,0.051254607271403074,0.0,0.05158862238749862,0.7984269959852099,"[0.5982478260993958, 0.7234042882919312, 0.7309136390686035, 0.6996245384216309]",0.7765,0.3579474342928661,0.34668335419274093,0.2878598247809762,0.32916145181476847,0.2816020025031289,0.2816020025031289,0.35544430538172717
262,0.29161451814768463,0.16701694022386804,0.16072237678211884,0.06724124068762447,0.3967459324155194,0.08554679155349731,0.05124980350956321,0.0,0.051584810949862,0.7861918630078435,"[0.5982478260993958, 0.7234042882919312, 0.7309136390686035, 0.6996245384216309]",0.7859,0.33917396745932415,0.32665832290362956,0.2853566958698373,0.27784730913642053,0.26032540675844806,0.26032540675844806,0.34668335419274093
263,0.26533166458072593,0.14472993179911742,0.15913443155199225,0.05907165615385999,0.3992490613266583,0.08572171628475189,0.051245843060314655,0.0,0.05157820088788867,0.9275274970568717,"[0.5982478260993958, 0.7234042882919312, 0.7309136390686035, 0.6996245384216309]",0.7589,0.3404255319148936,0.327909887359199,0.2665832290362954,0.25156445556946183,0.2565707133917397,0.2565707133917397,0.3504380475594493
264,0.26533166458072593,0.15714270310680456,0.1580977260728273,0.05564809716972638,0.3979974968710889,0.08557011187076569,0.05124218203127384,0.0,0.05157088488340378,0.7519626580178738,"[0.5982478260993958, 0.7234042882919312, 0.7309136390686035, 0.6996245384216309]",0.7427,0.33667083854818525,0.30037546933667086,0.2553191489361702,0.27784730913642053,0.25156445556946183,0.25156445556946183,0.34167709637046306
265,0.27409261576971217,0.16266446952367541,0.1618932237824647,0.06781972546954011,0.40175219023779724,0.08506625890731812,0.05123858852311969,0.0,0.0515633849427104,0.8358069009846076,"[0.5982478260993958, 0.7234042882919312, 0.7309136390686035, 0.6996245384216309]",0.8904,0.3404255319148936,0.30663329161451813,0.2565707133917397,0.2816020025031289,0.2490613266583229,0.2490613266583229,0.344180225281602
266,0.2816020025031289,0.16252579296240155,0.157933486417857,0.061700345649073736,0.38923654568210264,0.0852651372551918,0.05123488279059529,0.0,0.05155571876093745,0.898578051943332,"[0.5982478260993958, 0.7234042882919312, 0.7309136390686035, 0.6996245384216309]",1.0324,0.3216520650813517,0.2878598247809762,0.2816020025031289,0.2753441802252816,0.2615769712140175,0.2615769712140175,0.3379224030037547
267,0.28035043804755944,0.15931365373073147,0.15863582381670488,0.06082649867571276,0.38923654568210264,0.08580373227596283,0.05123162316158414,0.0,0.0515485480427742,0.7729502719594166,"[0.5982478260993958, 0.7234042882919312, 0.7309136390686035, 0.6996245384216309]",0.7739,0.3191489361702128,0.2816020025031289,0.2828535669586984,0.2715894868585732,0.26282853566958697,0.26282853566958697,0.3404255319148936
268,0.2828535669586984,0.1622193838338737,0.15850658086401886,0.06230420108503768,0.3904881101376721,0.0858386754989624,0.051228496711701155,0.0,0.05154113518074155,0.911113552050665,"[0.5982478260993958, 0.7234042882919312, 0.7309136390686035, 0.6996245384216309]",0.9466,0.32290362953692114,0.27784730913642053,0.2690863579474343,0.2590738423028786,0.246558197747184,0.246558197747184,0.3429286608260325
269,0.2828535669586984,0.16230369366056085,0.15824798597515768,0.061912879009096575,0.39173967459324155,0.08576326072216034,0.051225411240011454,0.0,0.05153422383591533,0.7585252820281312,"[0.5982478260993958, 0.7234042882919312, 0.7309136390686035, 0.6996245384216309]",0.7656,0.32540675844806005,0.2753441802252816,0.25782227784730916,0.2615769712140175,0.26032540675844806,0.26032540675844806,0.3404255319148936
270,0.295369211514393,0.17988532465519924,0.15824708421581735,0.07686406951751949,0.3867334167709637,0.08561617136001587,0.05122189503163099,0.0,0.051526973489671946,1.0285491649992764,"[0.5982478260993958, 0.7234042882919312, 0.7309136390686035, 0.6996245384216309]",0.8929,0.32290362953692114,0.28660826032540676,0.2528160200250313,0.27784730913642053,0.28911138923654567,0.28911138923654567,0.33667083854818525
271,0.295369211514393,0.179559245431681,0.1582977658939703,0.07709117077223583,0.3867334167709637,0.08573151379823685,0.051218068692833185,0.0,0.05152096971869469,0.9974932100158185,"[0.5982478260993958, 0.7234042882919312, 0.7309136390686035, 0.6996245384216309]",0.754,0.3566958698372966,0.34167709637046306,0.29912390488110135,0.29411764705882354,0.29411764705882354,0.29411764705882354,0.3579474342928661
272,0.2928660826032541,0.1770019598012853,0.15801033046278737,0.07710552368362043,0.38423028785982477,0.08554542064666748,0.05121449939906597,0.0,0.051514990627765656,0.7255747560411692,"[0.5982478260993958, 0.7234042882919312, 0.7309136390686035, 0.6996245384216309]",0.9,0.35168961201501875,0.32040050062578224,0.31038798498122655,0.30037546933667086,0.29161451814768463,0.29161451814768463,0.36295369211514394
273,0.29161451814768463,0.17550624522560665,0.15594544742072378,0.07622260479332944,0.3829787234042553,0.08548792451620102,0.05121050961315632,0.0,0.051508890464901924,0.7241520370589569,"[0.5982478260993958, 0.7234042882919312, 0.7309136390686035, 0.6996245384216309]",0.7551,0.32665832290362956,0.30037546933667086,0.33917396745932415,0.295369211514393,0.32040050062578224,0.32040050062578224,0.35168961201501875
274,0.2828535669586984,0.1643128987213538,0.1520572256884836,0.04331668175059544,0.38172715894868586,0.08565966039896011,0.05120665114372969,0.0,0.0515028415247798,0.773044959991239,"[0.5982478260993958, 0.7234042882919312, 0.7309136390686035, 0.6996245384216309]",0.7586,0.327909887359199,0.30663329161451813,0.3429286608260325,0.29662077596996245,0.3191489361702128,0.3191489361702128,0.35294117647058826
275,0.26783479349186484,0.1451513494433787,0.15342619713655556,0.041305104779176496,0.3867334167709637,0.08633412420749664,0.05120265809819102,0.0,0.05149579653516412,0.7424235219368711,"[0.5982478260993958, 0.7234042882919312, 0.7309136390686035, 0.6996245384216309]",0.7601,0.32916145181476847,0.3041301627033792,0.3404255319148936,0.29662077596996245,0.3216520650813517,0.3216520650813517,0.3541927409261577
276,0.2853566958698373,0.15173212652183932,0.16942546284559468,0.06356230031483674,0.40550688360450565,0.08656834810972214,0.05119871720671654,0.0,0.05148930847644806,0.7768862749217078,"[0.5982478260993958, 0.7234042882919312, 0.7309136390686035, 0.6996245384216309]",0.7479,0.32540675844806005,0.29662077596996245,0.3429286608260325,0.29662077596996245,0.32290362953692114,0.32290362953692114,0.34918648310387984
277,0.295369211514393,0.15815723086827316,0.15752297056987485,0.0567669003211545,0.392991239048811,0.08622775226831436,0.051195362117141485,0.0,0.05148248607292771,0.8042396910022944,"[0.5982478260993958, 0.7234042882919312, 0.7309136390686035, 0.6996245384216309]",0.7588,0.3316645807259074,0.3053817271589487,0.34167709637046306,0.29662077596996245,0.31289111389236546,0.31289111389236546,0.3541927409261577
278,0.2715894868585732,0.1399719993120042,0.15996696087689763,0.05201686102000975,0.3904881101376721,0.08615916967391968,0.05119186174124479,0.0,0.05147753143683076,0.8036858870182186,"[0.5982478260993958, 0.7234042882919312, 0.7309136390686035, 0.6996245384216309]",0.7773,0.34167709637046306,0.3191489361702128,0.3053817271589487,0.295369211514393,0.29662077596996245,0.29662077596996245,0.3429286608260325
279,0.28911138923654567,0.15884760238427098,0.14407249314061632,0.036536804786897026,0.3717146433041302,0.086149662733078,0.05118828034028411,0.0,0.05147256422787905,0.9213393280515447,"[0.5982478260993958, 0.7234042882919312, 0.7309136390686035, 0.6996245384216309]",0.8467,0.3241551939924906,0.30287859824780977,0.31038798498122655,0.28660826032540676,0.2765957446808511,0.2765957446808511,0.34668335419274093
280,0.26032540675844806,0.14286103250422477,0.15145661658811674,0.04303653036986032,0.3904881101376721,0.08579834550619125,0.05118533922359347,0.0,0.05146599002182484,0.7871858910657465,"[0.5982478260993958, 0.7234042882919312, 0.7309136390686035, 0.6996245384216309]",0.8823,0.32290362953692114,0.2978723404255319,0.28410513141426785,0.2715894868585732,0.2553191489361702,0.2553191489361702,0.344180225281602
281,0.25156445556946183,0.12867094609380703,0.1461653457624322,0.02565587598468861,0.376720901126408,0.08584572374820709,0.051182244438678026,0.0,0.05146076995879412,0.7757221939973533,"[0.5982478260993958, 0.7234042882919312, 0.7309136390686035, 0.6996245384216309]",0.7536,0.3354192740926158,0.30663329161451813,0.27784730913642053,0.26533166458072593,0.28410513141426785,0.28410513141426785,0.3454317897371715
282,0.23779724655819776,0.1261188615269676,0.1564290486153375,0.049961001801746154,0.3954943679599499,0.08623296022415161,0.0511794569902122,0.0,0.051455320324748755,0.7707036889623851,"[0.5982478260993958, 0.7234042882919312, 0.7309136390686035, 0.6996245384216309]",0.9987,0.32665832290362956,0.2928660826032541,0.3341677096370463,0.30287859824780977,0.3078848560700876,0.3078848560700876,0.3404255319148936
283,0.2390488110137672,0.12646819774007245,0.1557164647034565,0.048827522882990824,0.39424280350438046,0.08608624339103699,0.05117646511644125,0.0,0.0514487917535007,0.8020148080540821,"[0.5982478260993958, 0.7234042882919312, 0.7309136390686035, 0.6996245384216309]",0.7844,0.3091364205256571,0.2715894868585732,0.33291614518147683,0.3304130162703379,0.33291614518147683,0.33291614518147683,0.33917396745932415
284,0.26032540675844806,0.14628109632629438,0.15318968687902726,0.0554822985832303,0.3904881101376721,0.08599507063627243,0.05117308394983411,0.0,0.051442941185086966,0.837512347032316,"[0.5982478260993958, 0.7234042882919312, 0.7309136390686035, 0.6996245384216309]",0.7973,0.35168961201501875,0.34668335419274093,0.30287859824780977,0.2903629536921151,0.295369211514393,0.295369211514393,0.3566958698372966
285,0.32040050062578224,0.19259285451087382,0.1630735271139234,0.08461605176899202,0.40425531914893614,0.0860557109117508,0.051169479731470346,0.0,0.05143625242635608,0.8202567070256919,"[0.5982478260993958, 0.7234042882919312, 0.7309136390686035, 0.6996245384216309]",1.0961,0.35294117647058826,0.35294117647058826,0.3053817271589487,0.2878598247809762,0.29411764705882354,0.29411764705882354,0.3591989987484355
286,0.3191489361702128,0.18991644876499603,0.16315123542672344,0.08402051363616309,0.4030037546933667,0.0852547436952591,0.05116600776091218,0.0,0.0514299632050097,0.989482071949169,"[0.5982478260993958, 0.7234042882919312, 0.7309136390686035, 0.6996245384216309]",0.7525,0.35294117647058826,0.35294117647058826,0.30663329161451813,0.2878598247809762,0.29662077596996245,0.29662077596996245,0.3579474342928661
287,0.32290362953692114,0.1947455094840146,0.16588193799560005,0.08626251785514649,0.40425531914893614,0.08504895120859146,0.05116253672167659,0.0,0.051423232071101665,0.8941573450574651,"[0.5982478260993958, 0.7234042882919312, 0.7309136390686035, 0.6996245384216309]",0.7691,0.3541927409261577,0.35294117647058826,0.30663329161451813,0.28911138923654567,0.2978723404255319,0.2978723404255319,0.3579474342928661
288,0.3216520650813517,0.19302253643956302,0.16659328733238266,0.08630696589831595,0.4030037546933667,0.08497076481580734,0.05115957511588931,0.0,0.05141651816666126,0.7837134338915348,"[0.5982478260993958, 0.7234042882919312, 0.7309136390686035, 0.6996245384216309]",0.7504,0.3541927409261577,0.3479349186483104,0.3091364205256571,0.2903629536921151,0.29912390488110135,0.29912390488110135,0.3591989987484355
289,0.3216520650813517,0.19302253643956302,0.16659328733238266,0.08630696589831595,0.4030037546933667,0.08493022620677948,0.05115644866600633,0.0,0.05141009343788028,0.7803281409433112,"[0.5982478260993958, 0.7234042882919312, 0.7309136390686035, 0.6996245384216309]",0.7687,0.3454317897371715,0.344180225281602,0.2828535669586984,0.3078848560700876,0.2753441802252816,0.2753441802252816,0.3454317897371715
290,0.3191489361702128,0.17851641716010447,0.1667681960341693,0.0712415035773613,0.4142678347934919,0.08525580167770386,0.05115343490615487,0.0,0.05140353087335825,0.7925162879982963,"[0.5982478260993958, 0.7234042882919312, 0.7309136390686035, 0.6996245384216309]",0.7601,0.33917396745932415,0.3341677096370463,0.2503128911138924,0.27909887359199,0.2553191489361702,0.2553191489361702,0.3404255319148936
291,0.3241551939924906,0.18211906720704263,0.16066225687474686,0.07456802034790892,0.4030037546933667,0.0862768292427063,0.051150071900337934,0.0,0.05139699298888445,0.9096549940295517,"[0.5982478260993958, 0.7234042882919312, 0.7309136390686035, 0.6996245384216309]",0.7338,0.3454317897371715,0.3341677096370463,0.246558197747184,0.2615769712140175,0.2503128911138924,0.2503128911138924,0.34167709637046306
292,0.3141426783479349,0.173327593758968,0.16857351678333057,0.07008969414898668,0.4130162703379224,0.08526943624019623,0.05114668095484376,0.0,0.05139002250507474,0.75503717106767,"[0.5982478260993958, 0.7234042882919312, 0.7309136390686035, 0.6996245384216309]",0.7244,0.3454317897371715,0.3341677096370463,0.24780976220275344,0.26032540675844806,0.2528160200250313,0.2528160200250313,0.34167709637046306
293,0.2765957446808511,0.15846920851039015,0.1558509783211747,0.0572013124925211,0.40175219023779724,0.08644331991672516,0.05114328162744641,0.0,0.0513835153542459,0.7625652260612696,"[0.5982478260993958, 0.7234042882919312, 0.7309136390686035, 0.6996245384216309]",0.7332,0.34668335419274093,0.3354192740926158,0.24405506883604505,0.26282853566958697,0.2503128911138924,0.2503128911138924,0.3454317897371715
294,0.2753441802252816,0.15685348944018773,0.1561317954306096,0.05735030580232599,0.4030037546933667,0.08626915514469147,0.05114014307036996,0.0,0.05137691367417574,0.768794650095515,"[0.5982478260993958, 0.7234042882919312, 0.7309136390686035, 0.6996245384216309]",0.7196,0.29662077596996245,0.2503128911138924,0.25406758448060074,0.2765957446808511,0.28035043804755944,0.28035043804755944,0.32665832290362956
295,0.27409261576971217,0.15465004496542323,0.1569930875750057,0.05833367117447793,0.4030037546933667,0.08621444553136826,0.05113739287480712,0.0,0.05137015413492918,0.7778991489904001,"[0.5982478260993958, 0.7234042882919312, 0.7309136390686035, 0.6996245384216309]",0.7201,0.30663329161451813,0.26533166458072593,0.2828535669586984,0.28035043804755944,0.2853566958698373,0.2853566958698373,0.32916145181476847
296,0.2753441802252816,0.1482566381783167,0.1550223648309663,0.046068093697976153,0.39424280350438046,0.08629370480775833,0.05113421333953738,0.0,0.05136360367760062,0.7647598939947784,"[0.5982478260993958, 0.7234042882919312, 0.7309136390686035, 0.6996245384216309]",0.7314,0.3053817271589487,0.26533166458072593,0.2853566958698373,0.2816020025031289,0.28660826032540676,0.28660826032540676,0.3304130162703379
297,0.31539424280350437,0.17714626757765795,0.1550691651571624,0.06508362163827998,0.3979974968710889,0.08676786720752716,0.0511308116838336,0.0,0.051357815973460674,0.7660098110791296,"[0.5982478260993958, 0.7234042882919312, 0.7309136390686035, 0.6996245384216309]",0.7348,0.30287859824780977,0.26282853566958697,0.27784730913642053,0.2816020025031289,0.2853566958698373,0.2853566958698373,0.327909887359199
298,0.28911138923654567,0.16778617023422482,0.15361949058810528,0.05326177115448558,0.392991239048811,0.08654232323169708,0.05112713947892189,0.0,0.05135092092677951,0.782190281082876,"[0.5982478260993958, 0.7234042882919312, 0.7309136390686035, 0.6996245384216309]",0.7272,0.33667083854818525,0.29662077596996245,0.27033792240300375,0.2978723404255319,0.295369211514393,0.295369211514393,0.3454317897371715
299,0.29161451814768463,0.17088982390525165,0.15560344991150948,0.05412293578343553,0.39173967459324155,0.0864206850528717,0.05112356599420309,0.0,0.05134436069056392,0.7636583149433136,"[0.5982478260993958, 0.7234042882919312, 0.7309136390686035, 0.6996245384216309]",0.7354,0.3078848560700876,0.2753441802252816,0.27409261576971217,0.28660826032540676,0.28660826032540676,0.28660826032540676,0.3404255319148936
300,0.2765957446808511,0.13957808171196806,0.15742784245011968,0.06804471882052193,0.38423028785982477,0.08609568327665329,0.05112031474709511,0.0,0.05133804678916931,0.7681262199766934,"[0.5982478260993958, 0.7234042882919312, 0.7309136390686035, 0.6996245384216309]",,,,,,,,
