round,ACC,Kappa,NMI,ARI,PURITY,alignment_loss,mean_reconstruction_loss,mean_consensus_loss,mean_local_total_loss,round_seconds,observed_rates,completion_eval_seconds,C025_ACC,C050_ACC,C075_ACC,C100_ACC,D0_ACC,E0_ACC,G0_ACC
1,0.3128491620111732,0.15597369897967017,0.22258048193130234,0.018471135229107677,0.4111731843575419,0.14470037817955017,0.2977965921163559,0.0,0.2924211360514164,2.557617270038463,"[0.6446927189826965, 0.7072625756263733, 0.7162010669708252, 0.7346368432044983]",1.4255,0.3318435754189944,0.3553072625698324,0.40391061452513966,0.4195530726256983,0.38994413407821227,0.38994413407821227,0.3240223463687151
2,0.32905027932960895,0.1998753916806454,0.2479061591489191,0.1602823961518462,0.3625698324022346,0.08746790885925293,0.2896025739610195,0.0,0.28432172536849976,1.2456094730878249,"[0.6446927189826965, 0.7072625756263733, 0.7162010669708252, 0.7346368432044983]",0.9123,0.29608938547486036,0.3016759776536313,0.36815642458100556,0.3743016759776536,0.36201117318435755,0.36201117318435755,0.2916201117318436
3,0.3256983240223464,0.20092891417344916,0.19616324485662204,0.073167975309691,0.3435754189944134,0.09084899723529816,0.2816513404250145,0.0,0.27596788480877876,1.2733248979784548,"[0.6446927189826965, 0.7072625756263733, 0.7162010669708252, 0.7346368432044983]",1.1545,0.3346368715083799,0.3871508379888268,0.45083798882681564,0.45139664804469276,0.44581005586592176,0.44581005586592176,0.323463687150838
4,0.4083798882681564,0.27768895215914835,0.30539623472258925,0.1616151746318935,0.5044692737430168,0.08615607768297195,0.27322033047676086,0.0,0.26713086664676666,1.2339173550717533,"[0.6446927189826965, 0.7072625756263733, 0.7162010669708252, 0.7346368432044983]",1.0403,0.3324022346368715,0.38994413407821227,0.4122905027932961,0.3804469273743017,0.3754189944134078,0.3754189944134078,0.3128491620111732
5,0.4229050279329609,0.3089128553040146,0.2745544638008697,0.19761216474977267,0.4877094972067039,0.07700258493423462,0.26419275626540184,0.0,0.25782570242881775,1.276255015982315,"[0.6446927189826965, 0.7072625756263733, 0.7162010669708252, 0.7346368432044983]",0.9726,0.23743016759776536,0.23687150837988827,0.2910614525139665,0.36312849162011174,0.3217877094972067,0.3217877094972067,0.23743016759776536
6,0.3525139664804469,0.220392943211014,0.23103134085658367,0.13106846239989134,0.38491620111731845,0.07857637107372284,0.2549195736646652,0.0,0.2480642944574356,1.3440864039584994,"[0.6446927189826965, 0.7072625756263733, 0.7162010669708252, 0.7346368432044983]",1.0229,0.26033519553072626,0.30335195530726256,0.3016759776536313,0.33016759776536314,0.3089385474860335,0.3089385474860335,0.24189944134078212
7,0.3167597765363129,0.1837421824867569,0.23169634546492548,0.11648064805334313,0.4033519553072626,0.08001971989870071,0.24520977959036827,0.0,0.23820064216852188,1.2420296519994736,"[0.6446927189826965, 0.7072625756263733, 0.7162010669708252, 0.7346368432044983]",1.41,0.2424581005586592,0.27039106145251396,0.3011173184357542,0.3229050279329609,0.3100558659217877,0.3100558659217877,0.2329608938547486
8,0.38100558659217876,0.24920058252331634,0.19494885007608903,0.13158012154920398,0.39776536312849164,0.0821518823504448,0.2354785706847906,0.0,0.2283988557755947,1.2991759669966996,"[0.6446927189826965, 0.7072625756263733, 0.7162010669708252, 0.7346368432044983]",1.1868,0.21675977653631284,0.24581005586592178,0.28268156424581004,0.33016759776536314,0.3223463687150838,0.3223463687150838,0.21899441340782122
9,0.35027932960893854,0.22038385918921455,0.18753671158415036,0.13249633544927442,0.3815642458100559,0.08388853073120117,0.22578919492661953,0.0,0.21866696700453758,1.3432944329688326,"[0.6446927189826965, 0.7072625756263733, 0.7162010669708252, 0.7346368432044983]",1.3101,0.22513966480446929,0.2547486033519553,0.32011173184357544,0.3664804469273743,0.34413407821229053,0.34413407821229053,0.22513966480446929
10,0.32793296089385476,0.20009494686541618,0.202245200874999,0.10967492338506056,0.39329608938547483,0.08434028178453445,0.21613309532403946,0.0,0.20897247269749641,1.114176952978596,"[0.6446927189826965, 0.7072625756263733, 0.7162010669708252, 0.7346368432044983]",1.0456,0.22793296089385476,0.26033519553072626,0.2787709497206704,0.3340782122905028,0.3106145251396648,0.3106145251396648,0.21899441340782122
11,0.2888268156424581,0.18086314083645305,0.16202864540977824,0.06151020639422987,0.3787709497206704,0.08919499814510345,0.20650452189147472,0.0,0.19947505183517933,1.431098798988387,"[0.6446927189826965, 0.7072625756263733, 0.7162010669708252, 0.7346368432044983]",1.3599,0.22737430167597766,0.2664804469273743,0.28156424581005585,0.3,0.3016759776536313,0.3016759776536313,0.22793296089385476
12,0.323463687150838,0.19246245139832374,0.14152298007662437,0.08961411138398608,0.3329608938547486,0.08933795243501663,0.19709262624382973,0.0,0.19025264494121075,1.3844230570830405,"[0.6446927189826965, 0.7072625756263733, 0.7162010669708252, 0.7346368432044983]",1.4759,0.28156424581005585,0.31340782122905025,0.3229050279329609,0.3407821229050279,0.3368715083798883,0.3368715083798883,0.27150837988826815
13,0.32122905027932963,0.20410323145396037,0.15154962621937731,0.09077768504501486,0.3754189944134078,0.0892096757888794,0.18796155974268913,0.0,0.18129956722259521,1.3649593039881438,"[0.6446927189826965, 0.7072625756263733, 0.7162010669708252, 0.7346368432044983]",1.2787,0.264804469273743,0.26424581005586595,0.27430167597765365,0.33016759776536314,0.323463687150838,0.323463687150838,0.2558659217877095
14,0.26424581005586595,0.14028895171945477,0.14161389239477595,0.03325837521129235,0.3715083798882682,0.08699822425842285,0.17908604629337788,0.0,0.17272889614105225,1.1068766720127314,"[0.6446927189826965, 0.7072625756263733, 0.7162010669708252, 0.7346368432044983]",1.2773,0.28435754189944135,0.3011173184357542,0.30223463687150837,0.35307262569832404,0.3564245810055866,0.3564245810055866,0.2770949720670391
15,0.329608938547486,0.19238951189195153,0.16593553233470634,0.09675669026819005,0.37206703910614525,0.09024316072463989,0.17056846991181374,0.0,0.1645034458488226,1.3413977330783382,"[0.6446927189826965, 0.7072625756263733, 0.7162010669708252, 0.7346368432044983]",1.2159,0.24636871508379887,0.2675977653631285,0.2608938547486033,0.2865921787709497,0.2737430167597765,0.2737430167597765,0.23966480446927374
16,0.32793296089385476,0.1979064971074841,0.16690134897162423,0.10851636625076189,0.38379888268156426,0.09259366244077682,0.16239074245095253,0.0,0.1566803976893425,1.5123226320138201,"[0.6446927189826965, 0.7072625756263733, 0.7162010669708252, 0.7346368432044983]",1.2993,0.2508379888268156,0.2737430167597765,0.25977653631284914,0.2888268156424581,0.2737430167597765,0.2737430167597765,0.2441340782122905
17,0.2519553072625698,0.14895981649877676,0.1177353455594903,0.04619935614736084,0.3452513966480447,0.0940214991569519,0.15463843010365963,0.0,0.14925115928053856,1.5757630930747837,"[0.6446927189826965, 0.7072625756263733, 0.7162010669708252, 0.7346368432044983]",1.1085,0.25642458100558657,0.2636871508379888,0.27206703910614527,0.2608938547486033,0.2547486033519553,0.2547486033519553,0.24804469273743016
18,0.2681564245810056,0.1103801627182176,0.10332341467062978,0.05441292373942147,0.33910614525139665,0.09397079050540924,0.14732441306114197,0.0,0.14229902438819408,1.2249878429574892,"[0.6446927189826965, 0.7072625756263733, 0.7162010669708252, 0.7346368432044983]",1.3486,0.2709497206703911,0.2849162011173184,0.26927374301675977,0.2435754189944134,0.2581005586592179,0.2581005586592179,0.2620111731843575
19,0.3016759776536313,0.1265003210965301,0.10760980565003649,0.0691081784662061,0.35083798882681566,0.09337149560451508,0.14047669433057308,0.0,0.13576568383723497,1.330858463072218,"[0.6446927189826965, 0.7072625756263733, 0.7162010669708252, 0.7346368432044983]",1.2232,0.27150837988826815,0.27932960893854747,0.26033519553072626,0.27262569832402234,0.2608938547486033,0.2608938547486033,0.2664804469273743
20,0.2541899441340782,0.059131793994491755,0.10090905332158384,0.03326799387627906,0.31229050279329607,0.0945185124874115,0.13407524209469557,0.0,0.129719328135252,1.2954181550303474,"[0.6446927189826965, 0.7072625756263733, 0.7162010669708252, 0.7346368432044983]",1.1609,0.24692737430167597,0.2608938547486033,0.2608938547486033,0.2664804469273743,0.2541899441340782,0.2541899441340782,0.23798882681564246
21,0.276536312849162,0.10846699629856404,0.08214518024661176,0.0498344705880282,0.32625698324022345,0.09553872048854828,0.1281727096065879,0.0,0.12416862975805998,1.446792287984863,"[0.6446927189826965, 0.7072625756263733, 0.7162010669708252, 0.7346368432044983]",1.2638,0.25754189944134076,0.264804469273743,0.2620111731843575,0.2782122905027933,0.2636871508379888,0.2636871508379888,0.2547486033519553
22,0.23631284916201117,0.08728791052703833,0.07277477678732559,0.02086921296047083,0.31452513966480444,0.09064140915870667,0.12275076098740101,0.0,0.11911889351904392,1.3721001340309158,"[0.6446927189826965, 0.7072625756263733, 0.7162010669708252, 0.7346368432044983]",1.2612,0.253072625698324,0.27039106145251396,0.24748603351955306,0.2508379888268156,0.22513966480446929,0.22513966480446929,0.25027932960893856
23,0.24804469273743016,0.11672019122197286,0.07544886043974049,0.03984762541805851,0.33631284916201115,0.0939473807811737,0.11779431626200676,0.0,0.11450919043272734,1.2364557679975405,"[0.6446927189826965, 0.7072625756263733, 0.7162010669708252, 0.7346368432044983]",1.4569,0.25865921787709495,0.27262569832402234,0.25921787709497207,0.24022346368715083,0.23966480446927374,0.23966480446927374,0.25754189944134076
24,0.29441340782122905,0.13590226943328376,0.08947035593187802,0.07090325766503763,0.3307262569832402,0.0881500393152237,0.11330804042518139,0.0,0.11034807562828064,1.577175764949061,"[0.6446927189826965, 0.7072625756263733, 0.7162010669708252, 0.7346368432044983]",1.0494,0.25642458100558657,0.2698324022346369,0.25921787709497207,0.276536312849162,0.2541899441340782,0.2541899441340782,0.2519553072625698
25,0.26424581005586595,0.10868841922189876,0.06959053765421858,0.05072187812483649,0.31340782122905025,0.0915190726518631,0.10926299821585417,0.0,0.1066183503717184,1.4135909950127825,"[0.6446927189826965, 0.7072625756263733, 0.7162010669708252, 0.7346368432044983]",1.3085,0.2558659217877095,0.2620111731843575,0.25754189944134076,0.2687150837988827,0.2620111731843575,0.2620111731843575,0.25139664804469275
26,0.28212290502793297,0.1231113335806252,0.08936343680589234,0.05808426255117694,0.3240223463687151,0.0931568369269371,0.10563647374510765,0.0,0.10328700952231884,1.3274190439842641,"[0.6446927189826965, 0.7072625756263733, 0.7162010669708252, 0.7346368432044983]",1.5709,0.2620111731843575,0.27150837988826815,0.25027932960893856,0.2547486033519553,0.2446927374301676,0.2446927374301676,0.25754189944134076
27,0.2659217877094972,0.11405330987944728,0.08358796594769231,0.049537393662496564,0.3106145251396648,0.09311400353908539,0.10239858087152243,0.0,0.1003026831895113,1.3527503809891641,"[0.6446927189826965, 0.7072625756263733, 0.7162010669708252, 0.7346368432044983]",1.5972,0.25642458100558657,0.25977653631284914,0.2346368715083799,0.2441340782122905,0.24022346368715083,0.24022346368715083,0.2581005586592179
28,0.21675977653631284,0.085692925758592,0.04673544875121015,0.005822876434067626,0.29608938547486036,0.0912923514842987,0.09950731787830591,0.0,0.09763955138623714,1.6421205260558054,"[0.6446927189826965, 0.7072625756263733, 0.7162010669708252, 0.7346368432044983]",1.0965,0.25027932960893856,0.2519553072625698,0.23631284916201117,0.24022346368715083,0.2435754189944134,0.2435754189944134,0.2508379888268156
29,0.2776536312849162,0.11864129244771093,0.0718404774361778,0.05341243476619575,0.32793296089385476,0.09082788974046707,0.09691769350320101,0.0,0.09524790197610855,1.3419718970544636,"[0.6446927189826965, 0.7072625756263733, 0.7162010669708252, 0.7346368432044983]",1.4631,0.25865921787709495,0.26424581005586595,0.22569832402234638,0.25642458100558657,0.2335195530726257,0.2335195530726257,0.253072625698324
30,0.23966480446927374,0.05406292165370763,0.06311049391334607,0.01056785056119654,0.30726256983240224,0.09317159652709961,0.09461629297584295,0.0,0.09312384761869907,1.2101052099606022,"[0.6446927189826965, 0.7072625756263733, 0.7162010669708252, 0.7346368432044983]",1.1703,0.264804469273743,0.2675977653631285,0.2636871508379888,0.27039106145251396,0.2620111731843575,0.2620111731843575,0.2620111731843575
31,0.2581005586592179,0.12477559009312189,0.07414290205590812,0.04609447766246997,0.3100558659217877,0.08998683094978333,0.0925678526982665,0.0,0.09121234994381666,1.447207497083582,"[0.6446927189826965, 0.7072625756263733, 0.7162010669708252, 0.7346368432044983]",1.2182,0.2581005586592179,0.2687150837988827,0.25977653631284914,0.2698324022346369,0.2547486033519553,0.2547486033519553,0.25642458100558657
32,0.2865921787709497,0.12282041501431762,0.07910072991322345,0.05921815220821429,0.3340782122905028,0.09008674323558807,0.09072146192193031,0.0,0.08949813526123762,1.2707952139899135,"[0.6446927189826965, 0.7072625756263733, 0.7162010669708252, 0.7346368432044983]",1.3561,0.2581005586592179,0.26256983240223464,0.24525139664804468,0.2335195530726257,0.22681564245810057,0.22681564245810057,0.2569832402234637
33,0.21452513966480447,0.07686269619152775,0.04324847969035514,0.004713798680918768,0.2977653631284916,0.09212350100278854,0.08906811196357012,0.0,0.08792862761765718,1.320354997063987,"[0.6446927189826965, 0.7072625756263733, 0.7162010669708252, 0.7346368432044983]",1.5032,0.2553072625698324,0.25977653631284914,0.23128491620111732,0.22849162011173185,0.2111731843575419,0.2111731843575419,0.2536312849162011
34,0.2782122905027933,0.10802904224238497,0.07061304764301728,0.04442387758549635,0.33910614525139665,0.09334492683410645,0.08763990085572004,0.0,0.08651293627917767,1.237330424017273,"[0.6446927189826965, 0.7072625756263733, 0.7162010669708252, 0.7346368432044983]",1.2153,0.26145251396648045,0.26256983240223464,0.2435754189944134,0.27932960893854747,0.25754189944134076,0.25754189944134076,0.25865921787709495
35,0.25754189944134076,0.07214890486806769,0.07975179346516378,0.028333366806563696,0.323463687150838,0.09352288395166397,0.08653106540441513,0.0,0.08524637576192617,1.372496502008289,"[0.6446927189826965, 0.7072625756263733, 0.7162010669708252, 0.7346368432044983]",1.3808,0.2608938547486033,0.264804469273743,0.2681564245810056,0.29217877094972067,0.2748603351955307,0.2748603351955307,0.26145251396648045
36,0.25754189944134076,0.10653213939377082,0.07763676485933088,0.006766196065991879,0.3268156424581006,0.09179267287254333,0.08568976074457169,0.0,0.08415414579212666,1.3922860150923952,"[0.6446927189826965, 0.7072625756263733, 0.7162010669708252, 0.7346368432044983]",1.4572,0.25921787709497207,0.26145251396648045,0.2636871508379888,0.2659217877094972,0.26033519553072626,0.26033519553072626,0.25977653631284914
37,0.2206703910614525,0.011114736907136047,0.04886342839200808,-0.017132983895450815,0.2994413407821229,0.09228155016899109,0.0843728817999363,0.0,0.08315095491707325,1.215091115096584,"[0.6446927189826965, 0.7072625756263733, 0.7162010669708252, 0.7346368432044983]",1.3359,0.25921787709497207,0.25977653631284914,0.25754189944134076,0.24134078212290502,0.22905027932960895,0.22905027932960895,0.25921787709497207
38,0.2340782122905028,0.03824652200136147,0.04361222504726848,0.004445887293580619,0.2994413407821229,0.09813582897186279,0.08333978243172169,0.0,0.08227612730115652,1.149424255010672,"[0.6446927189826965, 0.7072625756263733, 0.7162010669708252, 0.7346368432044983]",1.3645,0.25642458100558657,0.25754189944134076,0.2441340782122905,0.24022346368715083,0.24022346368715083,0.24022346368715083,0.2558659217877095
39,0.22513966480446929,0.088643215490125,0.06254097798892481,0.006880339352808475,0.3094972067039106,0.09428566694259644,0.08271412923932076,0.0,0.08148156851530075,1.2155023239320144,"[0.6446927189826965, 0.7072625756263733, 0.7162010669708252, 0.7346368432044983]",1.2178,0.24972067039106144,0.25139664804469275,0.2441340782122905,0.2519553072625698,0.24525139664804468,0.24525139664804468,0.25027932960893856
40,0.23072625698324023,0.08655362374160858,0.07921608846453128,0.003529324201291172,0.32122905027932963,0.09479393810033798,0.08233067858964205,0.0,0.0808083601295948,1.1691691799787804,"[0.6446927189826965, 0.7072625756263733, 0.7162010669708252, 0.7346368432044983]",1.1216,0.2631284916201117,0.26424581005586595,0.264804469273743,0.27541899441340784,0.2636871508379888,0.2636871508379888,0.2636871508379888
41,0.2759776536312849,0.12775870036106496,0.09382861932745605,0.03393194236818662,0.32513966480446926,0.09458625316619873,0.08188725262880325,0.0,0.08018539659678936,1.3483756160130724,"[0.6446927189826965, 0.7072625756263733, 0.7162010669708252, 0.7346368432044983]",1.1352,0.26927374301675977,0.2709497206703911,0.2687150837988827,0.28268156424581004,0.26927374301675977,0.26927374301675977,0.26927374301675977
42,0.25642458100558657,0.06664368360948925,0.08726574908698995,-0.007065556006850124,0.3067039106145251,0.09787140786647797,0.08104165643453598,0.0,0.07967346254736185,1.2993736950447783,"[0.6446927189826965, 0.7072625756263733, 0.7162010669708252, 0.7346368432044983]",1.0616,0.27318435754189946,0.2709497206703911,0.28044692737430166,0.3111731843575419,0.3089385474860335,0.3089385474860335,0.27262569832402234
43,0.20949720670391062,0.08156431225471739,0.07598763841609735,-0.027463341342322166,0.3167597765363129,0.10105130821466446,0.08072989899665117,0.0,0.0791989965364337,1.3841729939449579,"[0.6446927189826965, 0.7072625756263733, 0.7162010669708252, 0.7346368432044983]",1.3324,0.26424581005586595,0.2670391061452514,0.28044692737430166,0.30558659217877093,0.3067039106145251,0.3067039106145251,0.2636871508379888
44,0.2212290502793296,0.027371854489721792,0.07174552423694663,-0.030200360857133388,0.3039106145251397,0.10388759523630142,0.08029503375291824,0.0,0.07877360749989748,1.2040255940519273,"[0.6446927189826965, 0.7072625756263733, 0.7162010669708252, 0.7346368432044983]",1.1832,0.25865921787709495,0.25921787709497207,0.27430167597765365,0.29217877094972067,0.2776536312849162,0.2776536312849162,0.2581005586592179
45,0.2927374301675978,0.11794138837412693,0.12243207305338397,0.03200861942024087,0.3340782122905028,0.10666395723819733,0.07975750230252743,0.0,0.0784224709495902,1.4469231070252135,"[0.6446927189826965, 0.7072625756263733, 0.7162010669708252, 0.7346368432044983]",1.1596,0.253072625698324,0.25139664804469275,0.24022346368715083,0.3005586592178771,0.2860335195530726,0.2860335195530726,0.2508379888268156
46,0.20893854748603352,0.09243509720738252,0.06852311391648355,-0.017954655487020844,0.30223463687150837,0.10918673872947693,0.07974186819046736,0.0,0.07808515336364508,1.165221266914159,"[0.6446927189826965, 0.7072625756263733, 0.7162010669708252, 0.7346368432044983]",1.0412,0.2687150837988827,0.27039106145251396,0.27206703910614527,0.346927374301676,0.32513966480446926,0.32513966480446926,0.27039106145251396
47,0.2798882681564246,0.13758252043247388,0.11648650714714381,0.053942320848718785,0.329608938547486,0.11255611479282379,0.0796190369874239,0.0,0.07779901195317507,1.2256614440120757,"[0.6446927189826965, 0.7072625756263733, 0.7162010669708252, 0.7346368432044983]",1.0635,0.23128491620111732,0.22849162011173185,0.24134078212290502,0.3094972067039106,0.30446927374301674,0.30446927374301674,0.23184357541899442
48,0.2748603351955307,0.05607785320296588,0.08108127927299505,-0.021889782791156276,0.3016759776536313,0.11207470297813416,0.0790788596495986,0.0,0.07756333705037832,1.3906120340107009,"[0.6446927189826965, 0.7072625756263733, 0.7162010669708252, 0.7346368432044983]",1.2824,0.25251396648044694,0.25251396648044694,0.2620111731843575,0.3167597765363129,0.3,0.3,0.25251396648044694
49,0.28044692737430166,0.10894127450245306,0.10555892403049491,0.036671112956261444,0.3111731843575419,0.11000198870897293,0.07885463442653418,0.0,0.07733525056391954,1.4303860800573602,"[0.6446927189826965, 0.7072625756263733, 0.7162010669708252, 0.7346368432044983]",1.2921,0.21396648044692737,0.21955307262569831,0.27932960893854747,0.31731843575418994,0.3094972067039106,0.3094972067039106,0.21340782122905028
50,0.2759776536312849,0.06123326037155874,0.09240812258120833,-0.0035471578489221062,0.30558659217877093,0.10825111716985703,0.07954702526330948,0.0,0.07714378088712692,1.3562822309322655,"[0.6446927189826965, 0.7072625756263733, 0.7162010669708252, 0.7346368432044983]",1.3628,0.2346368715083799,0.23631284916201117,0.26927374301675977,0.30726256983240224,0.3011173184357542,0.3011173184357542,0.23519553072625698
51,0.28547486033519553,0.10033496598468361,0.12769972865733134,0.051590272142646526,0.3206703910614525,0.10738608241081238,0.07886677794158459,0.0,0.07697593048214912,1.4095595569815487,"[0.6446927189826965, 0.7072625756263733, 0.7162010669708252, 0.7346368432044983]",1.245,0.24581005586592178,0.2446927374301676,0.23966480446927374,0.29217877094972067,0.288268156424581,0.288268156424581,0.2441340782122905
52,0.2905027932960894,0.08217247308754305,0.09187890313646538,0.0004149639109349998,0.3139664804469274,0.10999171435832977,0.07861747313290834,0.0,0.07683217339217663,1.4067565019940957,"[0.6446927189826965, 0.7072625756263733, 0.7162010669708252, 0.7346368432044983]",1.1022,0.2430167597765363,0.23854748603351955,0.2558659217877095,0.3094972067039106,0.2988826815642458,0.2988826815642458,0.2424581005586592
53,0.30502793296089387,0.09618709766452627,0.10446851124207482,0.00443430894439826,0.323463687150838,0.10866709053516388,0.07843396253883839,0.0,0.07670518849045038,1.3747991869458929,"[0.6446927189826965, 0.7072625756263733, 0.7162010669708252, 0.7346368432044983]",1.0899,0.2435754189944134,0.24189944134078212,0.24804469273743016,0.3100558659217877,0.2927374301675978,0.2927374301675978,0.2424581005586592
54,0.29720670391061454,0.08930719937556753,0.12002826275363988,0.02752218447677148,0.3256983240223464,0.10891560465097427,0.07823764346539974,0.0,0.07658929657191038,1.475141788017936,"[0.6446927189826965, 0.7072625756263733, 0.7162010669708252, 0.7346368432044983]",1.0627,0.253072625698324,0.26424581005586595,0.31340782122905025,0.35698324022346367,0.3424581005586592,0.3424581005586592,0.25027932960893856
55,0.2759776536312849,0.07875555117846011,0.10522144648407189,0.003704393291837865,0.32513966480446926,0.11032743752002716,0.07811892591416836,0.0,0.07649045344442129,1.420619084034115,"[0.6446927189826965, 0.7072625756263733, 0.7162010669708252, 0.7346368432044983]",1.76,0.27206703910614527,0.28156424581005585,0.3167597765363129,0.3558659217877095,0.3575418994413408,0.3575418994413408,0.27206703910614527
56,0.29441340782122905,0.10557079171961514,0.12613067080226503,0.017330247136975306,0.3435754189944134,0.11001445353031158,0.07794866152107716,0.0,0.07639514189213514,1.249836100032553,"[0.6446927189826965, 0.7072625756263733, 0.7162010669708252, 0.7346368432044983]",1.1971,0.30446927374301674,0.30446927374301674,0.3100558659217877,0.3474860335195531,0.3452513966480447,0.3452513966480447,0.3039106145251397
57,0.2837988826815642,0.08130159416460492,0.10429965369271796,0.02321301114194727,0.32625698324022345,0.11295939981937408,0.07779090059921145,0.0,0.07630707509815693,1.1328436449402943,"[0.6446927189826965, 0.7072625756263733, 0.7162010669708252, 0.7346368432044983]",1.1056,0.28938547486033517,0.28547486033519553,0.2910614525139665,0.35027932960893854,0.32513966480446926,0.32513966480446926,0.2877094972067039
58,0.23016759776536314,0.0062142331078741675,0.0948066289392272,-0.020829867905057056,0.311731843575419,0.109590545296669,0.07766374526545405,0.0,0.07621951820328832,1.2810188009170815,"[0.6446927189826965, 0.7072625756263733, 0.7162010669708252, 0.7346368432044983]",1.0352,0.2759776536312849,0.2865921787709497,0.31340782122905025,0.3536312849162011,0.33743016759776534,0.33743016759776534,0.27039106145251396
59,0.2558659217877095,0.10259276572969389,0.127229422738385,0.025600119383667547,0.33519553072625696,0.10988966375589371,0.0775397764518857,0.0,0.07613449124619365,1.3923062010435387,"[0.6446927189826965, 0.7072625756263733, 0.7162010669708252, 0.7346368432044983]",1.401,0.2519553072625698,0.2675977653631285,0.293854748603352,0.2770949720670391,0.2810055865921788,0.2810055865921788,0.2446927374301676
60,0.23910614525139665,0.0651368734438793,0.09890061041547724,0.0026486235546536226,0.30558659217877093,0.10948168486356735,0.0773958652280271,0.0,0.07605347549542785,1.5750381289981306,"[0.6446927189826965, 0.7072625756263733, 0.7162010669708252, 0.7346368432044983]",1.4731,0.24525139664804468,0.24636871508379887,0.28268156424581004,0.2905027932960894,0.2770949720670391,0.2770949720670391,0.24972067039106144
61,0.2435754189944134,0.08870470755311832,0.10823988486480224,0.007651485320822894,0.32737430167597764,0.10835705697536469,0.07732707588002086,0.0,0.07597588049247861,1.2596242149593309,"[0.6446927189826965, 0.7072625756263733, 0.7162010669708252, 0.7346368432044983]",1.2331,0.2608938547486033,0.27430167597765365,0.3094972067039106,0.32849162011173183,0.3016759776536313,0.3016759776536313,0.2558659217877095
62,0.2782122905027933,0.06415719802349207,0.07697805114576696,-0.01126254983499373,0.30726256983240224,0.11102398484945297,0.07721120212227106,0.0,0.07590664504095912,1.127157520968467,"[0.6446927189826965, 0.7072625756263733, 0.7162010669708252, 0.7346368432044983]",1.0776,0.24525139664804468,0.2430167597765363,0.27150837988826815,0.3078212290502793,0.27932960893854747,0.27932960893854747,0.24804469273743016
63,0.2748603351955307,0.11185676682560897,0.1198951803213956,0.04096959123017637,0.3318435754189944,0.10609077662229538,0.07709172694012523,0.0,0.07584016444161534,1.2127603340195492,"[0.6446927189826965, 0.7072625756263733, 0.7162010669708252, 0.7346368432044983]",0.9261,0.24189944134078212,0.25642458100558657,0.3128491620111732,0.32011173184357544,0.311731843575419,0.311731843575419,0.23966480446927374
64,0.2675977653631285,0.14675281468782564,0.14870385217497742,0.06487492240636113,0.35195530726256985,0.10253404825925827,0.07698111981153488,0.0,0.07577677350491285,1.1778513920726255,"[0.6446927189826965, 0.7072625756263733, 0.7162010669708252, 0.7346368432044983]",1.4321,0.3011173184357542,0.3089385474860335,0.311731843575419,0.3139664804469274,0.30837988826815643,0.30837988826815643,0.29832402234636873
65,0.25865921787709495,0.054449005458355404,0.09149116743646335,-0.03097992315689258,0.3128491620111732,0.10851362347602844,0.0768965557217598,0.0,0.07571636140346527,1.1827038780320436,"[0.6446927189826965, 0.7072625756263733, 0.7162010669708252, 0.7346368432044983]",1.3368,0.2569832402234637,0.2776536312849162,0.27932960893854747,0.30446927374301674,0.288268156424581,0.288268156424581,0.2536312849162011
66,0.24078212290502793,0.04708126256708833,0.10330843451554235,-0.026627421073088225,0.31843575418994413,0.10442748665809631,0.07693610526621342,0.0,0.07566125551238656,1.3345035259844735,"[0.6446927189826965, 0.7072625756263733, 0.7162010669708252, 0.7346368432044983]",1.0145,0.2687150837988827,0.28435754189944135,0.2988826815642458,0.3128491620111732,0.29441340782122905,0.29441340782122905,0.2631284916201117
67,0.2608938547486033,0.12760222401257226,0.13117910924907333,0.047652345558347395,0.32625698324022345,0.10165195167064667,0.07681920658797026,0.0,0.07560798432677984,1.1763151590712368,"[0.6446927189826965, 0.7072625756263733, 0.7162010669708252, 0.7346368432044983]",1.0614,0.2737430167597765,0.2860335195530726,0.29553072625698323,0.3106145251396648,0.3100558659217877,0.3100558659217877,0.2698324022346369
68,0.2441340782122905,0.06081819458006388,0.09640937133282712,-0.008473001358271788,0.30837988826815643,0.10377510637044907,0.07675494533032179,0.0,0.07555861119180918,1.2228053790749982,"[0.6446927189826965, 0.7072625756263733, 0.7162010669708252, 0.7346368432044983]",1.3305,0.2916201117318436,0.2977653631284916,0.29553072625698323,0.3368715083798883,0.3139664804469274,0.3139664804469274,0.2905027932960894
69,0.24189944134078212,0.040690946746169576,0.10378873383485882,-0.01270594964748734,0.3100558659217877,0.10390184819698334,0.07666226057335734,0.0,0.07551789749413729,1.2573364899726585,"[0.6446927189826965, 0.7072625756263733, 0.7162010669708252, 0.7346368432044983]",1.3942,0.3067039106145251,0.3106145251396648,0.3223463687150838,0.36033519553072624,0.3335195530726257,0.3335195530726257,0.30335195530726256
70,0.2569832402234637,0.08375940746670463,0.1114101097288885,0.008507512339747943,0.32513966480446926,0.09936091303825378,0.07659841841086745,0.0,0.07547628926113248,1.2551125210011378,"[0.6446927189826965, 0.7072625756263733, 0.7162010669708252, 0.7346368432044983]",1.544,0.25865921787709495,0.2748603351955307,0.2916201117318436,0.3318435754189944,0.3217877094972067,0.3217877094972067,0.2558659217877095
71,0.253072625698324,0.07371412293453838,0.1252588644307256,0.01983172331877195,0.3307262569832402,0.10150852054357529,0.07653007144108415,0.0,0.07544260425493121,1.3398858420550823,"[0.6446927189826965, 0.7072625756263733, 0.7162010669708252, 0.7346368432044983]",1.2896,0.2787709497206704,0.28938547486033517,0.2849162011173184,0.3078212290502793,0.3,0.3,0.2737430167597765
72,0.25754189944134076,0.07528527692735876,0.1038857328119365,0.01946474349239079,0.329608938547486,0.10130953788757324,0.07648015534505248,0.0,0.075401003472507,1.216814468964003,"[0.6446927189826965, 0.7072625756263733, 0.7162010669708252, 0.7346368432044983]",1.0213,0.3094972067039106,0.30335195530726256,0.2905027932960894,0.3016759776536313,0.29608938547486036,0.29608938547486036,0.3100558659217877
73,0.26033519553072626,0.1374602251448782,0.13865839221154452,0.03289737942795156,0.3139664804469274,0.10116033256053925,0.07637056428939104,0.0,0.0753660798072815,1.1902166419895366,"[0.6446927189826965, 0.7072625756263733, 0.7162010669708252, 0.7346368432044983]",1.4736,0.2787709497206704,0.2782122905027933,0.2871508379888268,0.311731843575419,0.29553072625698323,0.29553072625698323,0.2776536312849162
74,0.32793296089385476,0.16686366265517072,0.14358148534250104,0.11483192266476878,0.33631284916201115,0.09926964342594147,0.07663498166948557,0.0,0.0753500391729176,1.3018953200662509,"[0.6446927189826965, 0.7072625756263733, 0.7162010669708252, 0.7346368432044983]",1.0357,0.31731843575418994,0.31843575418994413,0.32737430167597764,0.3368715083798883,0.3329608938547486,0.3329608938547486,0.31452513966480444
75,0.27932960893854747,0.1476920396629009,0.13222360746096654,0.06584906293462311,0.3229050279329609,0.10116583108901978,0.07641817536205053,0.0,0.0753180249594152,1.189587656990625,"[0.6446927189826965, 0.7072625756263733, 0.7162010669708252, 0.7346368432044983]",1.1359,0.2916201117318436,0.29608938547486036,0.32793296089385476,0.3139664804469274,0.3039106145251397,0.3039106145251397,0.29217877094972067
76,0.3011173184357542,0.1609959737518294,0.16429147549103285,0.11327314717604531,0.35307262569832404,0.10060903429985046,0.07642094511538744,0.0,0.07528320793062449,1.2832513549365103,"[0.6446927189826965, 0.7072625756263733, 0.7162010669708252, 0.7346368432044983]",1.4053,0.2541899441340782,0.2636871508379888,0.2877094972067039,0.35027932960893854,0.3229050279329609,0.3229050279329609,0.25865921787709495
77,0.3128491620111732,0.12596164266968157,0.15083377952510477,0.11265024689108259,0.3513966480446927,0.09951232373714447,0.07647369848564267,0.0,0.07524958346039057,1.3022499270737171,"[0.6446927189826965, 0.7072625756263733, 0.7162010669708252, 0.7346368432044983]",1.3503,0.29329608938547486,0.30446927374301674,0.3245810055865922,0.32122905027932963,0.3217877094972067,0.3217877094972067,0.2910614525139665
78,0.32625698324022345,0.1558819124646954,0.1558395842723824,0.12960784312838522,0.34413407821229053,0.10243898630142212,0.07630756264552474,0.0,0.07522288663312793,1.135725060943514,"[0.6446927189826965, 0.7072625756263733, 0.7162010669708252, 0.7346368432044983]",1.0252,0.33016759776536314,0.33631284916201115,0.36089385474860336,0.3513966480446927,0.34972067039106147,0.34972067039106147,0.32513966480446926
79,0.31340782122905025,0.17101524640695764,0.1523042369747416,0.09883988095576811,0.34413407821229053,0.09748587012290955,0.07628913596272469,0.0,0.07519903080537915,1.2922236640006304,"[0.6446927189826965, 0.7072625756263733, 0.7162010669708252, 0.7346368432044983]",0.9129,0.28044692737430166,0.2966480446927374,0.3223463687150838,0.3324022346368715,0.3256983240223464,0.3256983240223464,0.27541899441340784
80,0.2664804469273743,0.1548408928026248,0.13574327329128819,0.04771721586696653,0.346927374301676,0.10097289830446243,0.07620130432769656,0.0,0.07516796234995127,1.167397556011565,"[0.6446927189826965, 0.7072625756263733, 0.7162010669708252, 0.7346368432044983]",1.0385,0.2770949720670391,0.28268156424581004,0.3100558659217877,0.3541899441340782,0.33910614525139665,0.33910614525139665,0.2759776536312849
81,0.33128491620111733,0.1760715707141498,0.17376778093956777,0.1398050830237756,0.35810055865921786,0.1012861579656601,0.07616822374984622,0.0,0.07514409674331546,1.2994632470654324,"[0.6446927189826965, 0.7072625756263733, 0.7162010669708252, 0.7346368432044983]",1.1158,0.2877094972067039,0.29441340782122905,0.3256983240223464,0.28938547486033517,0.29441340782122905,0.29441340782122905,0.28547486033519553
82,0.33016759776536314,0.18363333584381458,0.16850003212166811,0.12301754031522891,0.3558659217877095,0.10239880532026291,0.07620983337983489,0.0,0.07511649699881673,1.1789490910014138,"[0.6446927189826965, 0.7072625756263733, 0.7162010669708252, 0.7346368432044983]",1.0381,0.32737430167597764,0.3346368715083799,0.34804469273743016,0.3463687150837989,0.3553072625698324,0.3553072625698324,0.32513966480446926
83,0.29720670391061454,0.1539320506539139,0.17377819018730506,0.08200762997459826,0.33854748603351953,0.10349535942077637,0.07616005605086684,0.0,0.07508927443996072,1.415584307978861,"[0.6446927189826965, 0.7072625756263733, 0.7162010669708252, 0.7346368432044983]",1.285,0.2994413407821229,0.30614525139664805,0.3067039106145251,0.329608938547486,0.3067039106145251,0.3067039106145251,0.2977653631284916
84,0.2776536312849162,0.09933759887179339,0.13898003915593493,0.06871554720775236,0.3541899441340782,0.10250040888786316,0.07615421153604984,0.0,0.0750492182560265,1.3726622910471633,"[0.6446927189826965, 0.7072625756263733, 0.7162010669708252, 0.7346368432044983]",1.181,0.293854748603352,0.29553072625698323,0.3452513966480447,0.3553072625698324,0.35921787709497205,0.35921787709497205,0.28938547486033517
85,0.28324022346368716,0.16266210280073967,0.1734073447302336,0.06993346134547915,0.3525139664804469,0.10110550373792648,0.07622160809114575,0.0,0.07504861056804657,1.3629867689451203,"[0.6446927189826965, 0.7072625756263733, 0.7162010669708252, 0.7346368432044983]",1.0318,0.3217877094972067,0.32905027932960895,0.3324022346368715,0.3513966480446927,0.3452513966480447,0.3452513966480447,0.31564245810055863
86,0.32849162011173183,0.18424373125138405,0.19091939918577414,0.1515493912739814,0.3536312849162011,0.09939795732498169,0.0757410079240799,0.0,0.07499487278982997,1.1494375090114772,"[0.6446927189826965, 0.7072625756263733, 0.7162010669708252, 0.7346368432044983]",1.2901,0.31843575418994413,0.3167597765363129,0.3268156424581006,0.3329608938547486,0.31843575418994413,0.31843575418994413,0.31787709497206706
87,0.34301675977653634,0.21007541853949663,0.17878907905757216,0.10243159743663738,0.36033519553072624,0.09737575054168701,0.07648026524111629,0.0,0.07495641987770796,1.335063569014892,"[0.6446927189826965, 0.7072625756263733, 0.7162010669708252, 0.7346368432044983]",1.4985,0.30558659217877093,0.30335195530726256,0.3782122905027933,0.41284916201117317,0.38268156424581007,0.38268156424581007,0.3005586592178771
88,0.32737430167597764,0.18471231560450696,0.20201526502010167,0.13969590613851351,0.34301675977653634,0.09810875356197357,0.07682076748460531,0.0,0.07491519348695874,1.4512797379866242,"[0.6446927189826965, 0.7072625756263733, 0.7162010669708252, 0.7346368432044983]",0.982,0.32905027932960895,0.3340782122905028,0.34413407821229053,0.3541899441340782,0.36815642458100556,0.36815642458100556,0.32737430167597764
89,0.33910614525139665,0.19372531519824177,0.19109405261397297,0.11551498831979537,0.3541899441340782,0.09906015545129776,0.0765220345929265,0.0,0.07489070994779468,1.1747171180322766,"[0.6446927189826965, 0.7072625756263733, 0.7162010669708252, 0.7346368432044983]",1.1065,0.2899441340782123,0.3,0.3525139664804469,0.3636871508379888,0.34804469273743016,0.34804469273743016,0.28547486033519553
90,0.2865921787709497,0.1551198517986272,0.1554571045956299,0.050302271681499575,0.35195530726256985,0.10194467008113861,0.07635262235999107,0.0,0.07486971328034997,1.581560533028096,"[0.6446927189826965, 0.7072625756263733, 0.7162010669708252, 0.7346368432044983]",1.5199,0.3240223463687151,0.3407821229050279,0.34804469273743016,0.3424581005586592,0.3307262569832402,0.3307262569832402,0.31340782122905025
91,0.37374301675977656,0.24493462853315418,0.21511611340846568,0.1835494205384663,0.40558659217877097,0.1064649373292923,0.07611742056906223,0.0,0.07484219176694751,1.4264093140373006,"[0.6446927189826965, 0.7072625756263733, 0.7162010669708252, 0.7346368432044983]",1.4232,0.3111731843575419,0.31452513966480444,0.3536312849162011,0.3525139664804469,0.3575418994413408,0.3575418994413408,0.3111731843575419
92,0.329608938547486,0.1924748278087911,0.19369841776033,0.12439210473569322,0.34301675977653634,0.10103511065244675,0.0761814583092928,0.0,0.07480683736503124,1.4968070030445233,"[0.6446927189826965, 0.7072625756263733, 0.7162010669708252, 0.7346368432044983]",1.3616,0.311731843575419,0.32625698324022345,0.364804469273743,0.41284916201117317,0.3754189944134078,0.3754189944134078,0.3039106145251397
93,0.3368715083798883,0.16608350507654757,0.18917831790560116,0.16978163559213147,0.35027932960893854,0.10251358896493912,0.07621051277965307,0.0,0.0747775943018496,1.4381507110083476,"[0.6446927189826965, 0.7072625756263733, 0.7162010669708252, 0.7346368432044983]",1.2944,0.31452513966480444,0.31229050279329607,0.30614525139664805,0.323463687150838,0.30558659217877093,0.30558659217877093,0.30558659217877093
94,0.346927374301676,0.20734444422136977,0.21953914370126132,0.1470334488390517,0.3888268156424581,0.09740874171257019,0.07610645471140742,0.0,0.07474132813513279,1.4493884139228612,"[0.6446927189826965, 0.7072625756263733, 0.7162010669708252, 0.7346368432044983]",1.2432,0.32122905027932963,0.3268156424581006,0.33854748603351953,0.3452513966480447,0.3446927374301676,0.3446927374301676,0.32011173184357544
95,0.34134078212290503,0.16967159612803784,0.19107487745879445,0.1605065753140807,0.3675977653631285,0.09811800718307495,0.07603120291605592,0.0,0.07471100753173232,1.2037529749795794,"[0.6446927189826965, 0.7072625756263733, 0.7162010669708252, 0.7346368432044983]",0.9227,0.3843575418994413,0.38268156424581007,0.3815642458100559,0.3636871508379888,0.38100558659217876,0.38100558659217876,0.3865921787709497
96,0.3016759776536313,0.1632533010825914,0.19649178408776605,0.13458313824561935,0.358659217877095,0.09712746739387512,0.07601026445627213,0.0,0.07467307569459081,1.23052421992179,"[0.6446927189826965, 0.7072625756263733, 0.7162010669708252, 0.7346368432044983]",1.2383,0.3089385474860335,0.3223463687150838,0.3636871508379888,0.40670391061452515,0.3972067039106145,0.3972067039106145,0.3016759776536313
97,0.28044692737430166,0.1248276147422468,0.1797268161080823,0.06172410510553402,0.39385474860335196,0.10182042419910431,0.07594425696879625,0.0,0.07464265543967485,1.3521323000313714,"[0.6446927189826965, 0.7072625756263733, 0.7162010669708252, 0.7346368432044983]",1.1629,0.34413407821229053,0.3396648044692737,0.34022346368715084,0.35195530726256985,0.3424581005586592,0.3424581005586592,0.3424581005586592
98,0.3111731843575419,0.17020331065971062,0.18576655771349262,0.11649668091047523,0.3793296089385475,0.09902089834213257,0.07591425580903888,0.0,0.07460947567597032,1.2497733830241486,"[0.6446927189826965, 0.7072625756263733, 0.7162010669708252, 0.7346368432044983]",1.1133,0.364804469273743,0.370391061452514,0.36201117318435755,0.3642458100558659,0.34916201117318435,0.34916201117318435,0.3541899441340782
99,0.3525139664804469,0.23802370467225187,0.2210672689325776,0.13847762024237784,0.4251396648044693,0.09621572494506836,0.07591172168031335,0.0,0.07457654317840934,1.37905341910664,"[0.6446927189826965, 0.7072625756263733, 0.7162010669708252, 0.7346368432044983]",1.0264,0.3245810055865922,0.3424581005586592,0.34972067039106147,0.35810055865921786,0.34916201117318435,0.34916201117318435,0.32011173184357544
100,0.35921787709497205,0.22587254438414195,0.23530298777794054,0.14891488909930423,0.423463687150838,0.09522102773189545,0.0758343287743628,0.0,0.07454409077763557,1.2884315949631855,"[0.6446927189826965, 0.7072625756263733, 0.7162010669708252, 0.7346368432044983]",1.0079,0.36815642458100556,0.37094972067039106,0.388268156424581,0.40614525139664803,0.37988826815642457,0.37988826815642457,0.36815642458100556
101,0.3094972067039106,0.17458773036622055,0.18116711771608343,0.10426394908612953,0.3715083798882682,0.09723196923732758,0.07577935326844454,0.0,0.07451522117480636,1.2547476469771937,"[0.6446927189826965, 0.7072625756263733, 0.7162010669708252, 0.7346368432044983]",0.9482,0.3664804469273743,0.36312849162011174,0.36703910614525137,0.37094972067039106,0.3642458100558659,0.3642458100558659,0.3675977653631285
102,0.3167597765363129,0.16848984565270575,0.19006395452946645,0.13293956478670146,0.36201117318435755,0.09747173637151718,0.07577223610132933,0.0,0.07448095316067338,1.2385732259135693,"[0.6446927189826965, 0.7072625756263733, 0.7162010669708252, 0.7346368432044983]",1.1081,0.3754189944134078,0.38268156424581007,0.39385474860335196,0.4106145251396648,0.39329608938547483,0.39329608938547483,0.37206703910614525
103,0.36201117318435755,0.24892382171521288,0.1997823730047953,0.09357490401119262,0.40502793296089384,0.09979994595050812,0.07566808396950364,0.0,0.07445170637220144,1.368390696006827,"[0.6446927189826965, 0.7072625756263733, 0.7162010669708252, 0.7346368432044983]",1.3149,0.3329608938547486,0.3368715083798883,0.33016759776536314,0.3770949720670391,0.36703910614525137,0.36703910614525137,0.3307262569832402
104,0.33128491620111733,0.20813525596652815,0.19183330998423082,0.14084237602050542,0.3905027932960894,0.10025394707918167,0.07567548751831055,0.0,0.07441781461238861,1.2484258949989453,"[0.6446927189826965, 0.7072625756263733, 0.7162010669708252, 0.7346368432044983]",0.976,0.3843575418994413,0.39664804469273746,0.3888268156424581,0.42681564245810055,0.40782122905027934,0.40782122905027934,0.38268156424581007
105,0.30614525139664805,0.1833779629078648,0.21838270805562893,0.12118198628695888,0.4,0.0988711565732956,0.07560896128416061,0.0,0.07438283739611506,1.2120244239922613,"[0.6446927189826965, 0.7072625756263733, 0.7162010669708252, 0.7346368432044983]",0.9792,0.3089385474860335,0.31731843575418994,0.33016759776536314,0.3575418994413408,0.34022346368715084,0.34022346368715084,0.30335195530726256
106,0.2877094972067039,0.18636450656202508,0.1846932059397216,0.06530196626646102,0.39776536312849164,0.10316155850887299,0.07554172212257981,0.0,0.07434529066085815,1.0800795330433175,"[0.6446927189826965, 0.7072625756263733, 0.7162010669708252, 0.7346368432044983]",0.881,0.37374301675977656,0.3782122905027933,0.38379888268156426,0.4452513966480447,0.423463687150838,0.423463687150838,0.36983240223463687
107,0.3039106145251397,0.16549835538439028,0.1839580331195831,0.09115549325774468,0.370391061452514,0.0993170291185379,0.0754926037043333,0.0,0.07431528111919761,1.2902305399766192,"[0.6446927189826965, 0.7072625756263733, 0.7162010669708252, 0.7346368432044983]",1.3674,0.31620111731843575,0.31787709497206706,0.30223463687150837,0.2988826815642458,0.2966480446927374,0.2966480446927374,0.3167597765363129
108,0.29720670391061454,0.16429983548157368,0.18717751076576497,0.06802936763956362,0.38603351955307263,0.09747570008039474,0.07541446667164564,0.0,0.07428382942453027,1.443021502927877,"[0.6446927189826965, 0.7072625756263733, 0.7162010669708252, 0.7346368432044983]",1.1658,0.3100558659217877,0.31508379888268156,0.3329608938547486,0.35027932960893854,0.3547486033519553,0.3547486033519553,0.30446927374301674
109,0.27150837988826815,0.13687825012027033,0.17979760720857543,0.08138600117244647,0.35195530726256985,0.09893035888671875,0.07534612622112036,0.0,0.07425946509465575,1.2067999149439856,"[0.6446927189826965, 0.7072625756263733, 0.7162010669708252, 0.7346368432044983]",1.2218,0.3094972067039106,0.31620111731843575,0.35027932960893854,0.38268156424581007,0.34972067039106147,0.34972067039106147,0.3100558659217877
110,0.2709497206703911,0.1594021407635713,0.18806503954628911,0.03780406040105758,0.38603351955307263,0.09786951541900635,0.07526501780375838,0.0,0.07423471659421921,1.1458724869880825,"[0.6446927189826965, 0.7072625756263733, 0.7162010669708252, 0.7346368432044983]",1.21,0.394413407821229,0.3972067039106145,0.4072625698324022,0.42569832402234636,0.4240223463687151,0.4240223463687151,0.3916201117318436
111,0.31340782122905025,0.16457041212668055,0.21610430154145363,0.10719132932263765,0.35698324022346367,0.0977303758263588,0.07533288281410933,0.0,0.07416753936558962,1.388082056073472,"[0.6446927189826965, 0.7072625756263733, 0.7162010669708252, 0.7346368432044983]",1.0669,0.35083798882681566,0.3614525139664804,0.39497206703910615,0.42178770949720673,0.39106145251396646,0.39106145251396646,0.3446927374301676
112,0.2899441340782123,0.17274628641408596,0.19025798812291608,0.10604645376893289,0.39497206703910615,0.09906472265720367,0.07512308936566114,0.0,0.0741947004571557,1.323206515982747,"[0.6446927189826965, 0.7072625756263733, 0.7162010669708252, 0.7346368432044983]",1.0237,0.37318435754189944,0.38379888268156426,0.41508379888268154,0.4480446927374302,0.4100558659217877,0.4100558659217877,0.36983240223463687
113,0.28212290502793297,0.18771093859530485,0.1947028196193785,0.08738819531613946,0.39888268156424583,0.09975384920835495,0.07508300710469484,0.0,0.07415309781208634,1.288384719984606,"[0.6446927189826965, 0.7072625756263733, 0.7162010669708252, 0.7346368432044983]",1.0214,0.36089385474860336,0.3614525139664804,0.37374301675977656,0.39497206703910615,0.3815642458100559,0.3815642458100559,0.3614525139664804
114,0.2837988826815642,0.127276571841912,0.1404023369352717,0.023603164542403368,0.3446927374301676,0.09947595000267029,0.07525496976450086,0.0,0.07411724282428622,1.1667012399993837,"[0.6446927189826965, 0.7072625756263733, 0.7162010669708252, 0.7346368432044983]",1.4395,0.3318435754189944,0.33743016759776534,0.3474860335195531,0.3636871508379888,0.36201117318435755,0.36201117318435755,0.3307262569832402
115,0.30558659217877093,0.19760005250831802,0.1738713946560369,0.07539822009154357,0.38994413407821227,0.09946934878826141,0.07528633018955588,0.0,0.07409603521227837,1.350490845972672,"[0.6446927189826965, 0.7072625756263733, 0.7162010669708252, 0.7346368432044983]",1.4619,0.33743016759776534,0.3446927374301676,0.3575418994413408,0.3905027932960894,0.3877094972067039,0.3877094972067039,0.3335195530726257
116,0.311731843575419,0.20650404163795633,0.1805138685921186,0.07789934775050758,0.4011173184357542,0.10113444924354553,0.07520640455186367,0.0,0.07406714372336864,1.1387678219471127,"[0.6446927189826965, 0.7072625756263733, 0.7162010669708252, 0.7346368432044983]",1.035,0.33631284916201115,0.34413407821229053,0.37262569832402237,0.40782122905027934,0.39664804469273746,0.39664804469273746,0.33128491620111733
117,0.3575418994413408,0.22928600846156733,0.21444933246436,0.13754353941947847,0.4022346368715084,0.10012185573577881,0.07516554091125727,0.0,0.07403944339603186,1.390107193030417,"[0.6446927189826965, 0.7072625756263733, 0.7162010669708252, 0.7346368432044983]",1.1405,0.3452513966480447,0.35083798882681566,0.37094972067039106,0.3854748603351955,0.37597765363128494,0.37597765363128494,0.34022346368715084
118,0.32011173184357544,0.16509882121272867,0.167905001805871,0.07843911676188116,0.38491620111731845,0.09967164695262909,0.075099166482687,0.0,0.07401359966024756,1.4269628420006484,"[0.6446927189826965, 0.7072625756263733, 0.7162010669708252, 0.7346368432044983]",1.259,0.3407821229050279,0.3446927374301676,0.3636871508379888,0.39664804469273746,0.3692737430167598,0.3692737430167598,0.33631284916201115
119,0.30614525139664805,0.15625992680587697,0.1636400175067603,0.06104438919859647,0.388268156424581,0.10198783874511719,0.075035544577986,0.0,0.07398700015619397,1.1680314340628684,"[0.6446927189826965, 0.7072625756263733, 0.7162010669708252, 0.7346368432044983]",1.1115,0.36815642458100556,0.37597765363128494,0.4173184357541899,0.45139664804469276,0.4374301675977654,0.4374301675977654,0.3625698324022346
120,0.34916201117318435,0.23065230841200446,0.21451313701339286,0.12467837280847359,0.4134078212290503,0.10097702592611313,0.07497579976916313,0.0,0.07395985862240195,1.1964393630623817,"[0.6446927189826965, 0.7072625756263733, 0.7162010669708252, 0.7346368432044983]",1.1926,0.35083798882681566,0.3513966480446927,0.37318435754189944,0.3804469273743017,0.3815642458100559,0.3815642458100559,0.3446927374301676
121,0.31229050279329607,0.2114926849377422,0.2040462524143976,0.12380246534279205,0.4201117318435754,0.100442074239254,0.07491669151932001,0.0,0.0739317680709064,1.1946664020651951,"[0.6446927189826965, 0.7072625756263733, 0.7162010669708252, 0.7346368432044983]",1.0706,0.3715083798882682,0.37374301675977656,0.4094972067039106,0.42905027932960893,0.4184357541899441,0.4184357541899441,0.370391061452514
122,0.33798882681564246,0.2192357001591232,0.21413892692116054,0.1367584355155345,0.41508379888268154,0.09951893240213394,0.07485784310847521,0.0,0.07390184653922915,1.353387046023272,"[0.6446927189826965, 0.7072625756263733, 0.7162010669708252, 0.7346368432044983]",0.9112,0.3407821229050279,0.3513966480446927,0.40279329608938547,0.40614525139664803,0.4022346368715084,0.4022346368715084,0.33854748603351953
123,0.33016759776536314,0.1909270556019238,0.21673685943741391,0.10916563152171618,0.376536312849162,0.09839422255754471,0.07478834828361869,0.0,0.07387073198333383,1.3567824279889464,"[0.6446927189826965, 0.7072625756263733, 0.7162010669708252, 0.7346368432044983]",1.2242,0.3888268156424581,0.38994413407821227,0.4245810055865922,0.45363128491620114,0.43575418994413406,0.43575418994413406,0.3888268156424581
124,0.3324022346368715,0.20111162028628593,0.2236946826079387,0.11518988349247773,0.40782122905027934,0.09624586254358292,0.07471835520118475,0.0,0.07383516896516085,1.1870872540166602,"[0.6446927189826965, 0.7072625756263733, 0.7162010669708252, 0.7346368432044983]",1.1896,0.3743016759776536,0.37597765363128494,0.38100558659217876,0.3893854748603352,0.3888268156424581,0.3888268156424581,0.3754189944134078
125,0.3318435754189944,0.21982044689663216,0.2106395426118531,0.09397600793224015,0.41284916201117317,0.10685735940933228,0.07474626833572984,0.0,0.07379663595929742,1.4532676090020686,"[0.6446927189826965, 0.7072625756263733, 0.7162010669708252, 0.7346368432044983]",1.2383,0.3486033519553073,0.3486033519553073,0.3776536312849162,0.4011173184357542,0.4044692737430168,0.4044692737430168,0.35027932960893854
126,0.3128491620111732,0.21679070948794177,0.21512805137592425,0.1113651040289776,0.4273743016759777,0.10307298600673676,0.07467628410086036,0.0,0.07374343043193221,1.2318578329868615,"[0.6446927189826965, 0.7072625756263733, 0.7162010669708252, 0.7346368432044983]",1.1148,0.33798882681564246,0.33798882681564246,0.346927374301676,0.3564245810055866,0.37094972067039106,0.37094972067039106,0.3324022346368715
127,0.3223463687150838,0.20345301085568435,0.20205677953227255,0.08189595245896908,0.4005586592178771,0.09937134385108948,0.07466802466660738,0.0,0.07369907759130001,1.2669297649990767,"[0.6446927189826965, 0.7072625756263733, 0.7162010669708252, 0.7346368432044983]",1.2204,0.3754189944134078,0.38100558659217876,0.39273743016759777,0.4033519553072626,0.40782122905027934,0.40782122905027934,0.37486033519553075
128,0.31731843575418994,0.18631157773819784,0.20194193176119685,0.1247167312534207,0.37597765363128494,0.10190260410308838,0.0745981652289629,0.0,0.07367664994671941,1.116039950051345,"[0.6446927189826965, 0.7072625756263733, 0.7162010669708252, 0.7346368432044983]",1.1258,0.37318435754189944,0.3754189944134078,0.39217877094972065,0.38379888268156426,0.3675977653631285,0.3675977653631285,0.3754189944134078
129,0.32625698324022345,0.20494635227512548,0.21063754618042074,0.09398787627931697,0.4033519553072626,0.1017494797706604,0.07457443606108427,0.0,0.07365868473425508,1.2277790230000392,"[0.6446927189826965, 0.7072625756263733, 0.7162010669708252, 0.7346368432044983]",1.3518,0.33910614525139665,0.34022346368715084,0.31843575418994413,0.329608938547486,0.3418994413407821,0.3418994413407821,0.33798882681564246
130,0.3067039106145251,0.17676109213246294,0.23266789163642912,0.12403738312465767,0.3994413407821229,0.10296869277954102,0.0745193799957633,0.0,0.0736300558783114,1.2318116719834507,"[0.6446927189826965, 0.7072625756263733, 0.7162010669708252, 0.7346368432044983]",0.9184,0.34804469273743016,0.3458100558659218,0.35195530726256985,0.38268156424581007,0.39497206703910615,0.39497206703910615,0.35083798882681566
131,0.33128491620111733,0.20835293087465323,0.23772188751487686,0.10571571132906657,0.42849162011173186,0.09825173020362854,0.07445113221183419,0.0,0.07360528269782662,1.0451088279951364,"[0.6446927189826965, 0.7072625756263733, 0.7162010669708252, 0.7346368432044983]",1.0207,0.37094972067039106,0.37094972067039106,0.364804469273743,0.36312849162011174,0.358659217877095,0.358659217877095,0.36815642458100556
132,0.28324022346368716,0.15820375356739924,0.20480814676541112,0.06040883719779505,0.3983240223463687,0.09788952767848969,0.0743896896019578,0.0,0.07358107715845108,1.1922397520393133,"[0.6446927189826965, 0.7072625756263733, 0.7162010669708252, 0.7346368432044983]",1.3068,0.39385474860335196,0.394413407821229,0.4011173184357542,0.3871508379888268,0.3871508379888268,0.3871508379888268,0.394413407821229
133,0.3318435754189944,0.20858035469044534,0.23495154715866493,0.12565569535401477,0.39776536312849164,0.09819898009300232,0.07454146537929773,0.0,0.07355007715523243,1.4987037789542228,"[0.6446927189826965, 0.7072625756263733, 0.7162010669708252, 0.7346368432044983]",1.17,0.33854748603351953,0.34022346368715084,0.3692737430167598,0.3916201117318436,0.35810055865921786,0.35810055865921786,0.33743016759776534
134,0.32737430167597764,0.185503261146439,0.24717688452966974,0.14030997895230976,0.4111731843575419,0.09894207119941711,0.07427025446668267,0.0,0.0735397613607347,1.2643044689903036,"[0.6446927189826965, 0.7072625756263733, 0.7162010669708252, 0.7346368432044983]",1.3904,0.3642458100558659,0.3687150837988827,0.3905027932960894,0.42681564245810055,0.4100558659217877,0.4100558659217877,0.3642458100558659
135,0.32737430167597764,0.17791717605952118,0.23273792564928458,0.12033078216154769,0.3815642458100559,0.09928587824106216,0.07473207777366042,0.0,0.0735121383331716,1.1602471659425646,"[0.6446927189826965, 0.7072625756263733, 0.7162010669708252, 0.7346368432044983]",1.2903,0.3463687150837989,0.3463687150837989,0.3536312849162011,0.34916201117318435,0.35195530726256985,0.35195530726256985,0.3486033519553073
136,0.2966480446927374,0.1691475504966622,0.21253605943380255,0.07813500143852424,0.3659217877094972,0.10008230060338974,0.07467717211693525,0.0,0.07348561566323042,1.1431885499041528,"[0.6446927189826965, 0.7072625756263733, 0.7162010669708252, 0.7346368432044983]",1.0639,0.35307262569832404,0.3575418994413408,0.35977653631284917,0.3972067039106145,0.3553072625698324,0.3553072625698324,0.34972067039106147
137,0.3256983240223464,0.19642481887730145,0.2288079870015524,0.12432087328701945,0.4005586592178771,0.10168370604515076,0.07458065915852785,0.0,0.07346275448799133,1.420716944965534,"[0.6446927189826965, 0.7072625756263733, 0.7162010669708252, 0.7346368432044983]",1.374,0.38379888268156426,0.38379888268156426,0.39776536312849164,0.4206703910614525,0.41396648044692735,0.41396648044692735,0.3787709497206704
138,0.3078212290502793,0.1822104849007561,0.21803332585404844,0.10665801396235237,0.40670391061452515,0.10248491168022156,0.07453832030296326,0.0,0.07344130473211408,1.2633538549998775,"[0.6446927189826965, 0.7072625756263733, 0.7162010669708252, 0.7346368432044983]",1.3815,0.3787709497206704,0.3815642458100559,0.41899441340782123,0.4541899441340782,0.4324022346368715,0.4324022346368715,0.3782122905027933
139,0.3089385474860335,0.186612309310889,0.21535867032696507,0.09956919769713506,0.39664804469273746,0.0996367558836937,0.07441640738397837,0.0,0.0734124081209302,1.452348135993816,"[0.6446927189826965, 0.7072625756263733, 0.7162010669708252, 0.7346368432044983]",1.2136,0.34301675977653634,0.3435754189944134,0.35921787709497205,0.358659217877095,0.3636871508379888,0.3636871508379888,0.34134078212290503
140,0.2905027932960894,0.16856941492639732,0.21167913329249172,0.09471079067246042,0.39273743016759777,0.10058882087469101,0.07442215690389276,0.0,0.07339031714946032,1.1944665509508923,"[0.6446927189826965, 0.7072625756263733, 0.7162010669708252, 0.7346368432044983]",1.2795,0.3659217877094972,0.37262569832402237,0.38212290502793295,0.42793296089385474,0.4083798882681564,0.4083798882681564,0.3664804469273743
141,0.3078212290502793,0.1902918703888684,0.22372613569644698,0.11215753908488656,0.41675977653631285,0.10205316543579102,0.07435785606503487,0.0,0.07336679939180613,1.4665903869317845,"[0.6446927189826965, 0.7072625756263733, 0.7162010669708252, 0.7346368432044983]",1.4286,0.38603351955307263,0.39106145251396646,0.44860335195530726,0.46759776536312847,0.45363128491620114,0.45363128491620114,0.3854748603351955
142,0.3139664804469274,0.19537309881582077,0.21622739512326727,0.11097923319424621,0.38212290502793295,0.10324281454086304,0.0743297846056521,0.0,0.07333829160779715,1.2981810689670965,"[0.6446927189826965, 0.7072625756263733, 0.7162010669708252, 0.7346368432044983]",1.2148,0.35977653631284917,0.3659217877094972,0.34972067039106147,0.3776536312849162,0.3687150837988827,0.3687150837988827,0.35977653631284917
143,0.3128491620111732,0.21568948756028727,0.2408525233583743,0.11868885222675211,0.41675977653631285,0.1048133596777916,0.07449583895504475,0.0,0.07330090180039406,1.1349651309428737,"[0.6446927189826965, 0.7072625756263733, 0.7162010669708252, 0.7346368432044983]",1.2046,0.3245810055865922,0.32737430167597764,0.3256983240223464,0.3854748603351955,0.37318435754189944,0.37318435754189944,0.3223463687150838
144,0.31452513966480444,0.19248832850345265,0.2609512308029219,0.12463128524435804,0.4329608938547486,0.10391074419021606,0.07447751984000206,0.0,0.07328536501154304,1.3156506549566984,"[0.6446927189826965, 0.7072625756263733, 0.7162010669708252, 0.7346368432044983]",1.2848,0.3553072625698324,0.3625698324022346,0.3525139664804469,0.3815642458100559,0.3664804469273743,0.3664804469273743,0.3513966480446927
145,0.31731843575418994,0.2227587307193616,0.24637760520457277,0.11677910035681639,0.4363128491620112,0.10398632287979126,0.0742260511033237,0.0,0.07326090149581432,1.2107190580572933,"[0.6446927189826965, 0.7072625756263733, 0.7162010669708252, 0.7346368432044983]",1.2974,0.42178770949720673,0.4229050279329609,0.4262569832402235,0.43575418994413406,0.41508379888268154,0.41508379888268154,0.41787709497206704
146,0.3486033519553073,0.21715027306007317,0.2300643174284324,0.13018979705525063,0.4106145251396648,0.10702571272850037,0.07399030495435,0.0,0.0732553112320602,1.268144991947338,"[0.6446927189826965, 0.7072625756263733, 0.7162010669708252, 0.7346368432044983]",1.3352,0.3407821229050279,0.3458100558659218,0.3865921787709497,0.4324022346368715,0.4122905027932961,0.4122905027932961,0.33854748603351953
147,0.3575418994413408,0.24333595295560295,0.23730952231230956,0.13715981553817885,0.4363128491620112,0.10712043195962906,0.07453711982816458,0.0,0.07320822309702635,1.500315851997584,"[0.6446927189826965, 0.7072625756263733, 0.7162010669708252, 0.7346368432044983]",0.9632,0.3664804469273743,0.3692737430167598,0.36033519553072624,0.37094972067039106,0.36983240223463687,0.36983240223463687,0.3614525139664804
148,0.32905027932960895,0.22231824615995688,0.25290058645572383,0.1376973644885344,0.44972067039106145,0.10724306106567383,0.0744378543458879,0.0,0.07319694897159934,1.2900686219800264,"[0.6446927189826965, 0.7072625756263733, 0.7162010669708252, 0.7346368432044983]",1.0403,0.37206703910614525,0.3793296089385475,0.4251396648044693,0.4547486033519553,0.4329608938547486,0.4329608938547486,0.3715083798882682
149,0.3558659217877095,0.2498520690702959,0.24692340700524384,0.14789536508133513,0.4592178770949721,0.1078210175037384,0.07434633979573846,0.0,0.0731725562363863,1.1931502519873902,"[0.6446927189826965, 0.7072625756263733, 0.7162010669708252, 0.7346368432044983]",1.1593,0.3575418994413408,0.3536312849162011,0.3770949720670391,0.41396648044692735,0.4111731843575419,0.4111731843575419,0.3575418994413408
150,0.35977653631284917,0.2608931729882674,0.27430242564914237,0.16261163868205802,0.4759776536312849,0.10368950664997101,0.07430393388494849,0.0,0.07315345760434866,1.2800286369165406,"[0.6446927189826965, 0.7072625756263733, 0.7162010669708252, 0.7346368432044983]",0.9799,0.36703910614525137,0.36815642458100556,0.3458100558659218,0.3675977653631285,0.37988826815642457,0.37988826815642457,0.3664804469273743
151,0.376536312849162,0.27335583498931126,0.26843215794803565,0.15216664957411216,0.46145251396648046,0.10396993160247803,0.07417777040973306,0.0,0.07312977313995361,1.3678469200385734,"[0.6446927189826965, 0.7072625756263733, 0.7162010669708252, 0.7346368432044983]",1.0255,0.38994413407821227,0.39385474860335196,0.4301675977653631,0.44860335195530726,0.45251396648044695,0.45251396648044695,0.3877094972067039
152,0.388268156424581,0.28388359020918463,0.2726472823909253,0.15541406375548894,0.4569832402234637,0.1044982522726059,0.07428667927160859,0.0,0.07310708379372954,1.2101536800619215,"[0.6446927189826965, 0.7072625756263733, 0.7162010669708252, 0.7346368432044983]",1.4064,0.39217877094972065,0.39664804469273746,0.42960893854748605,0.45865921787709496,0.45027932960893857,0.45027932960893857,0.3905027932960894
153,0.3893854748603352,0.28634897614220556,0.27120880795740615,0.16857849965891772,0.47094972067039104,0.10423268377780914,0.07425436982885003,0.0,0.07308564987033606,1.3587892880896106,"[0.6446927189826965, 0.7072625756263733, 0.7162010669708252, 0.7346368432044983]",1.3338,0.3675977653631285,0.37094972067039106,0.40558659217877097,0.4452513966480447,0.4441340782122905,0.4441340782122905,0.3653631284916201
154,0.3843575418994413,0.28300766178380454,0.2523255644394224,0.1694628556758924,0.45083798882681564,0.10622698068618774,0.07409399468451738,0.0,0.0730653703212738,1.3666174930986017,"[0.6446927189826965, 0.7072625756263733, 0.7162010669708252, 0.7346368432044983]",1.0399,0.4240223463687151,0.4329608938547486,0.464804469273743,0.48547486033519555,0.47653631284916204,0.47653631284916204,0.4245810055865922
155,0.4100558659217877,0.30468969555896586,0.281397795801235,0.2177400567501243,0.4983240223463687,0.10883325338363647,0.07414246816188097,0.0,0.07303935429081321,1.308822586084716,"[0.6446927189826965, 0.7072625756263733, 0.7162010669708252, 0.7346368432044983]",1.2725,0.37988826815642457,0.38603351955307263,0.42178770949720673,0.4620111731843575,0.441340782122905,0.441340782122905,0.376536312849162
156,0.4,0.3038603331907831,0.30892525024938816,0.22738499704870702,0.5195530726256983,0.10746697336435318,0.07408390427008271,0.0,0.07301694108173251,1.445546246948652,"[0.6446927189826965, 0.7072625756263733, 0.7162010669708252, 0.7346368432044983]",1.1565,0.3675977653631285,0.3782122905027933,0.36983240223463687,0.3782122905027933,0.37262569832402237,0.37262569832402237,0.36201117318435755
157,0.3206703910614525,0.2059509899164268,0.24537827831826997,0.13056574472640517,0.435195530726257,0.11256995052099228,0.0741059253923595,0.0,0.07299441704526544,1.358601003070362,"[0.6446927189826965, 0.7072625756263733, 0.7162010669708252, 0.7346368432044983]",1.2424,0.3575418994413408,0.36703910614525137,0.3994413407821229,0.4262569832402235,0.4223463687150838,0.4223463687150838,0.3553072625698324
158,0.4446927374301676,0.34263339747170674,0.31683143842668066,0.2621579034619416,0.517877094972067,0.11461731791496277,0.07412904035300016,0.0,0.07297359080985188,1.1642809410113841,"[0.6446927189826965, 0.7072625756263733, 0.7162010669708252, 0.7346368432044983]",1.417,0.3564245810055866,0.3525139664804469,0.35921787709497205,0.38379888268156426,0.388268156424581,0.388268156424581,0.35977653631284917
159,0.4100558659217877,0.3044601990168744,0.27346342145635694,0.1997428121895253,0.45754189944134077,0.11040037870407104,0.07401483273133636,0.0,0.07295585004612803,1.2922313229646534,"[0.6446927189826965, 0.7072625756263733, 0.7162010669708252, 0.7346368432044983]",1.2959,0.34804469273743016,0.3474860335195531,0.388268156424581,0.4106145251396648,0.3905027932960894,0.3905027932960894,0.3486033519553073
160,0.41508379888268154,0.30834136337349516,0.2795931090166379,0.2004042290711223,0.47094972067039104,0.1104033812880516,0.07391813397407532,0.0,0.07293496700003743,1.3465681590605527,"[0.6446927189826965, 0.7072625756263733, 0.7162010669708252, 0.7346368432044983]",1.3071,0.40670391061452515,0.4111731843575419,0.41564245810055866,0.43798882681564244,0.43687150837988825,0.43687150837988825,0.4005586592178771
161,0.4491620111731844,0.34049459729006926,0.29588472213889766,0.23636242413340133,0.4893854748603352,0.108566053211689,0.07393499603495002,0.0,0.07291897293180227,1.146067890105769,"[0.6446927189826965, 0.7072625756263733, 0.7162010669708252, 0.7346368432044983]",1.1901,0.370391061452514,0.3692737430167598,0.4145251396648045,0.44581005586592176,0.44078212290502794,0.44078212290502794,0.3659217877094972
162,0.42960893854748605,0.32519247221425296,0.2652008725985458,0.20657969240829327,0.4653631284916201,0.11065246164798737,0.07382930209860206,0.0,0.07289773132652044,1.1139634859282523,"[0.6446927189826965, 0.7072625756263733, 0.7162010669708252, 0.7346368432044983]",1.2865,0.4111731843575419,0.4106145251396648,0.45251396648044695,0.48379888268156424,0.488268156424581,0.488268156424581,0.4083798882681564
163,0.4262569832402235,0.32820011511369773,0.2906072334836904,0.2133227671668776,0.4888268156424581,0.11323592066764832,0.0740212737582624,0.0,0.07287681382149458,1.3083569620503113,"[0.6446927189826965, 0.7072625756263733, 0.7162010669708252, 0.7346368432044983]",1.0745,0.37262569832402237,0.3687150837988827,0.39888268156424583,0.4229050279329609,0.4441340782122905,0.4441340782122905,0.37486033519553075
164,0.4346368715083799,0.32790631322397423,0.27821334141553,0.22564852258172485,0.4642458100558659,0.11440243571996689,0.07388463011011481,0.0,0.07286173896864057,1.2710963749559596,"[0.6446927189826965, 0.7072625756263733, 0.7162010669708252, 0.7346368432044983]",0.9481,0.3553072625698324,0.3547486033519553,0.38212290502793295,0.41508379888268154,0.42681564245810055,0.42681564245810055,0.3525139664804469
165,0.4022346368715084,0.3017387081673931,0.25162567235190453,0.1934311829966031,0.43910614525139663,0.11769229173660278,0.07362324837595224,0.0,0.07283895555883646,1.18383029603865,"[0.6446927189826965, 0.7072625756263733, 0.7162010669708252, 0.7346368432044983]",1.3285,0.3877094972067039,0.3972067039106145,0.4100558659217877,0.4480446927374302,0.38379888268156426,0.38379888268156426,0.38491620111731845
166,0.41899441340782123,0.31504001548298033,0.28952496112759835,0.23824128085595594,0.4793296089385475,0.1110026016831398,0.07375450292602181,0.0,0.07282508444041014,1.4669151800917462,"[0.6446927189826965, 0.7072625756263733, 0.7162010669708252, 0.7346368432044983]",1.1058,0.3642458100558659,0.3675977653631285,0.38212290502793295,0.40893854748603353,0.41284916201117317,0.41284916201117317,0.364804469273743
167,0.4363128491620112,0.3457680544884786,0.31244441863939376,0.2487986987723153,0.4877094972067039,0.11300808936357498,0.07377365883439779,0.0,0.07280519837513566,1.3154898299835622,"[0.6446927189826965, 0.7072625756263733, 0.7162010669708252, 0.7346368432044983]",1.1909,0.3307262569832402,0.34134078212290503,0.3474860335195531,0.36312849162011174,0.3614525139664804,0.3614525139664804,0.33016759776536314
168,0.46983240223463685,0.3634244989625308,0.28933434287009313,0.2693102769323208,0.4731843575418994,0.11389830708503723,0.07370355678722262,0.0,0.07278422731906176,1.4344483419554308,"[0.6446927189826965, 0.7072625756263733, 0.7162010669708252, 0.7346368432044983]",1.2006,0.38268156424581007,0.3893854748603352,0.40558659217877097,0.4122905027932961,0.42178770949720673,0.42178770949720673,0.3787709497206704
169,0.4782122905027933,0.37406776208989023,0.2990710081804226,0.2772294807818494,0.49050279329608937,0.11324720084667206,0.07359145162627101,0.0,0.07276807958260179,1.3704983780626208,"[0.6446927189826965, 0.7072625756263733, 0.7162010669708252, 0.7346368432044983]",1.1186,0.3536312849162011,0.3614525139664804,0.39106145251396646,0.41396648044692735,0.39217877094972065,0.39217877094972065,0.3536312849162011
170,0.47262569832402235,0.3606688127030827,0.27931635421829865,0.27536465460689946,0.4793296089385475,0.11255906522274017,0.07360191363841295,0.0,0.07274504750967026,1.3197690129745752,"[0.6446927189826965, 0.7072625756263733, 0.7162010669708252, 0.7346368432044983]",1.2221,0.4670391061452514,0.4681564245810056,0.4592178770949721,0.46256983240223465,0.4547486033519553,0.4547486033519553,0.46871508379888266
171,0.4273743016759777,0.31357994946362167,0.2612036504241865,0.2342137430896461,0.45139664804469276,0.11559606343507767,0.07350511522963643,0.0,0.07272430928424001,1.1411241759778932,"[0.6446927189826965, 0.7072625756263733, 0.7162010669708252, 0.7346368432044983]",0.9633,0.42905027932960893,0.4374301675977654,0.4430167597765363,0.43966480446927375,0.4424581005586592,0.4424581005586592,0.423463687150838
172,0.44972067039106145,0.3509718029890304,0.27634257922536076,0.23532054351297507,0.47150837988826816,0.11602874100208282,0.07352347858250141,0.0,0.07270271610468626,1.169431827031076,"[0.6446927189826965, 0.7072625756263733, 0.7162010669708252, 0.7346368432044983]",1.3185,0.3424581005586592,0.3525139664804469,0.4201117318435754,0.42793296089385474,0.39888268156424583,0.39888268156424583,0.3418994413407821
173,0.4363128491620112,0.3348570048070779,0.2588170372692286,0.22898766506930765,0.46368715083798884,0.11815952509641647,0.07343224296346307,0.0,0.07267765467986465,1.1786566849332303,"[0.6446927189826965, 0.7072625756263733, 0.7162010669708252, 0.7346368432044983]",1.2584,0.38324022346368714,0.38324022346368714,0.3564245810055866,0.36312849162011174,0.3659217877094972,0.3659217877094972,0.3843575418994413
174,0.4463687150837989,0.33867175878737543,0.2742279827071869,0.24188709522025154,0.47094972067039104,0.11114665865898132,0.07340198615565896,0.0,0.0726621332578361,1.328843347961083,"[0.6446927189826965, 0.7072625756263733, 0.7162010669708252, 0.7346368432044983]",1.0237,0.38100558659217876,0.3877094972067039,0.4346368715083799,0.4541899441340782,0.4463687150837989,0.4463687150837989,0.37597765363128494
175,0.4111731843575419,0.29562999088671416,0.23846652375931007,0.20421684853653457,0.43966480446927375,0.11278370767831802,0.07338281255215406,0.0,0.07263810280710459,1.156536701018922,"[0.6446927189826965, 0.7072625756263733, 0.7162010669708252, 0.7346368432044983]",1.4139,0.3653631284916201,0.3754189944134078,0.3558659217877095,0.3536312849162011,0.3486033519553073,0.3486033519553073,0.3614525139664804
176,0.3871508379888268,0.2689675198847401,0.25636557023927903,0.17801113409346567,0.464804469273743,0.11508718878030777,0.07338875252753496,0.0,0.07262817025184631,1.5593341499334201,"[0.6446927189826965, 0.7072625756263733, 0.7162010669708252, 0.7346368432044983]",1.2216,0.35921787709497205,0.35977653631284917,0.3877094972067039,0.4223463687150838,0.4,0.4,0.3625698324022346
177,0.46089385474860334,0.3485461795468354,0.2968103127499647,0.24381302712558361,0.5128491620111731,0.11832746118307114,0.07343319756910205,0.0,0.07266932353377342,1.5292521980591118,"[0.6446927189826965, 0.7072625756263733, 0.7162010669708252, 0.7346368432044983]",1.1391,0.33798882681564246,0.34301675977653634,0.38212290502793295,0.3983240223463687,0.39217877094972065,0.39217877094972065,0.3368715083798883
178,0.4480446927374302,0.33325164800156837,0.2951721654255686,0.23511550738820217,0.5011173184357542,0.11690211296081543,0.07342373486608267,0.0,0.0726558631286025,1.3336018359987065,"[0.6446927189826965, 0.7072625756263733, 0.7162010669708252, 0.7346368432044983]",1.2646,0.40502793296089384,0.4094972067039106,0.4251396648044693,0.44581005586592176,0.42681564245810055,0.42681564245810055,0.4044692737430168
179,0.41899441340782123,0.3075409445802134,0.2932332528575199,0.1964405209677111,0.4988826815642458,0.11633425951004028,0.073300089687109,0.0,0.07261879416182637,1.3777881129644811,"[0.6446927189826965, 0.7072625756263733, 0.7162010669708252, 0.7346368432044983]",1.1807,0.4022346368715084,0.40279329608938547,0.44972067039106145,0.45754189944134077,0.4441340782122905,0.4441340782122905,0.4011173184357542
180,0.4329608938547486,0.32151620970726436,0.2803289153092321,0.2179085545580818,0.49441340782122906,0.11219283193349838,0.07327239867299795,0.0,0.07260311022400856,1.4298155789729208,"[0.6446927189826965, 0.7072625756263733, 0.7162010669708252, 0.7346368432044983]",1.0673,0.3782122905027933,0.38603351955307263,0.4044692737430168,0.41564245810055866,0.4122905027932961,0.4122905027932961,0.38212290502793295
181,0.4770949720670391,0.3695968887711609,0.32055495660944067,0.2701810824873209,0.5312849162011173,0.11130237579345703,0.0731848580762744,0.0,0.07257815450429916,1.5172824589535594,"[0.6446927189826965, 0.7072625756263733, 0.7162010669708252, 0.7346368432044983]",1.258,0.3268156424581006,0.3245810055865922,0.31452513966480444,0.34301675977653634,0.3335195530726257,0.3335195530726257,0.32513966480446926
182,0.4759776536312849,0.366477832270684,0.29443542272632145,0.2528888006146028,0.4988826815642458,0.116641104221344,0.07319960137829185,0.0,0.07255861023440957,1.3091371060581878,"[0.6446927189826965, 0.7072625756263733, 0.7162010669708252, 0.7346368432044983]",1.4056,0.39385474860335196,0.38994413407821227,0.39329608938547483,0.4134078212290503,0.3916201117318436,0.3916201117318436,0.39385474860335196
183,0.4553072625698324,0.3515738522179128,0.29416083732521586,0.2387504917428907,0.5139664804469274,0.11224858462810516,0.07312805904075503,0.0,0.0725410245358944,1.3803498320048675,"[0.6446927189826965, 0.7072625756263733, 0.7162010669708252, 0.7346368432044983]",1.39,0.38212290502793295,0.37988826815642457,0.3994413407821229,0.4206703910614525,0.4145251396648045,0.4145251396648045,0.38603351955307263
184,0.40614525139664803,0.30841760778794824,0.2891266657286224,0.22023926847973233,0.5111731843575419,0.11280210316181183,0.0730725578032434,0.0,0.07253575325012207,1.2870785830309615,"[0.6446927189826965, 0.7072625756263733, 0.7162010669708252, 0.7346368432044983]",1.1631,0.41508379888268154,0.42178770949720673,0.4519553072625698,0.47374301675977654,0.46145251396648046,0.46145251396648046,0.4111731843575419
185,0.4720670391061452,0.36660016445816435,0.3022218702215321,0.27222668310226433,0.523463687150838,0.1105090081691742,0.07316447515040636,0.0,0.07251559803262353,1.2812715179752558,"[0.6446927189826965, 0.7072625756263733, 0.7162010669708252, 0.7346368432044983]",1.3592,0.4122905027932961,0.41620111731843573,0.4173184357541899,0.4452513966480447,0.43966480446927375,0.43966480446927375,0.4111731843575419
186,0.45083798882681564,0.3423943145065146,0.289735946696706,0.2567463047023975,0.5005586592178771,0.10810834169387817,0.07294998224824667,0.0,0.07250290364027023,1.4347581879701465,"[0.6446927189826965, 0.7072625756263733, 0.7162010669708252, 0.7346368432044983]",1.3106,0.40670391061452515,0.4083798882681564,0.43575418994413406,0.4519553072625698,0.4441340782122905,0.4441340782122905,0.40502793296089384
187,0.4212290502793296,0.32173931489979735,0.2839109942851382,0.1979965634006862,0.48659217877094973,0.11429081857204437,0.07300589745864272,0.0,0.07248914521187544,1.3819363379152492,"[0.6446927189826965, 0.7072625756263733, 0.7162010669708252, 0.7346368432044983]",1.094,0.41508379888268154,0.4195530726256983,0.44581005586592176,0.4670391061452514,0.45865921787709496,0.45865921787709496,0.41675977653631285
188,0.42849162011173186,0.32707953909043996,0.2985148140333444,0.2161651957606818,0.5022346368715084,0.11228841543197632,0.07287001609802246,0.0,0.07247606385499239,1.128496460034512,"[0.6446927189826965, 0.7072625756263733, 0.7162010669708252, 0.7346368432044983]",1.1025,0.35083798882681566,0.3474860335195531,0.37597765363128494,0.4,0.4,0.4,0.346927374301676
189,0.4251396648044693,0.3259871367764071,0.3013150626807778,0.22737416891078688,0.5150837988826815,0.1145370602607727,0.07299420423805714,0.0,0.07245997432619333,1.2914838819997385,"[0.6446927189826965, 0.7072625756263733, 0.7162010669708252, 0.7346368432044983]",0.9509,0.376536312849162,0.3743016759776536,0.38379888268156426,0.41508379888268154,0.411731843575419,0.411731843575419,0.3787709497206704
190,0.43910614525139663,0.3354243845364766,0.3096527776876909,0.23240819255301223,0.5184357541899441,0.11525458097457886,0.07291798386722803,0.0,0.07245406927540898,1.0918524659937248,"[0.6446927189826965, 0.7072625756263733, 0.7162010669708252, 0.7346368432044983]",1.2971,0.3687150837988827,0.36201117318435755,0.3424581005586592,0.3407821229050279,0.3268156424581006,0.3268156424581006,0.37374301675977656
191,0.41787709497206704,0.3140667832211551,0.29121248426071905,0.21638779655077853,0.5022346368715084,0.11583384871482849,0.07292158622294664,0.0,0.07243783446028829,1.2769922370789573,"[0.6446927189826965, 0.7072625756263733, 0.7162010669708252, 0.7346368432044983]",1.4602,0.3653631284916201,0.36983240223463687,0.39664804469273746,0.42569832402234636,0.4251396648044693,0.4251396648044693,0.3642458100558659
192,0.48156424581005586,0.377277403063229,0.31016501793944307,0.282050467827627,0.523463687150838,0.11475124955177307,0.07293538609519601,0.0,0.07242303900420666,1.2997304529417306,"[0.6446927189826965, 0.7072625756263733, 0.7162010669708252, 0.7346368432044983]",1.1089,0.36089385474860336,0.364804469273743,0.3843575418994413,0.40893854748603353,0.40391061452513966,0.40391061452513966,0.36703910614525137
193,0.4547486033519553,0.3502007004430585,0.3062942132394111,0.23991327365479326,0.5145251396648045,0.11455802619457245,0.07279347674921155,0.0,0.07241447875276208,1.2229838060447946,"[0.6446927189826965, 0.7072625756263733, 0.7162010669708252, 0.7346368432044983]",1.1035,0.388268156424581,0.39273743016759777,0.4324022346368715,0.44972067039106145,0.43575418994413406,0.43575418994413406,0.3877094972067039
194,0.4435754189944134,0.3371994591538069,0.28999226261556926,0.2290598777875628,0.4960893854748603,0.11197729408740997,0.07281717611476779,0.0,0.07240152964368463,1.3038705110084265,"[0.6446927189826965, 0.7072625756263733, 0.7162010669708252, 0.7346368432044983]",1.4054,0.3754189944134078,0.3793296089385475,0.41620111731843573,0.4430167597765363,0.42793296089385474,0.42793296089385474,0.3754189944134078
195,0.45977653631284915,0.35486095219069147,0.27564613743309896,0.25665008555288354,0.4888268156424581,0.11418536305427551,0.0727095939218998,0.0,0.0723897353745997,1.510856680921279,"[0.6446927189826965, 0.7072625756263733, 0.7162010669708252, 0.7346368432044983]",1.1967,0.3770949720670391,0.3782122905027933,0.41396648044692735,0.42960893854748605,0.4245810055865922,0.4245810055865922,0.376536312849162
196,0.43854748603351956,0.3316664778141655,0.2889648230324632,0.2254081498759813,0.4960893854748603,0.1123502179980278,0.07267646677792072,0.0,0.07237902050837874,1.3367101749172434,"[0.6446927189826965, 0.7072625756263733, 0.7162010669708252, 0.7346368432044983]",1.3551,0.3692737430167598,0.364804469273743,0.38324022346368714,0.39553072625698327,0.39497206703910615,0.39497206703910615,0.3659217877094972
197,0.4463687150837989,0.34348587685414744,0.2900076656915041,0.23599357318712136,0.5,0.11341813206672668,0.07265907572582364,0.0,0.07235739380121231,1.4092930189799517,"[0.6446927189826965, 0.7072625756263733, 0.7162010669708252, 0.7346368432044983]",1.1995,0.3871508379888268,0.3877094972067039,0.3994413407821229,0.42905027932960893,0.4223463687150838,0.4223463687150838,0.3877094972067039
198,0.45139664804469276,0.3479609172719247,0.29279577063307105,0.2387272569792402,0.5083798882681564,0.11420758813619614,0.0728259515017271,0.0,0.0723422821611166,1.3884761499939486,"[0.6446927189826965, 0.7072625756263733, 0.7162010669708252, 0.7346368432044983]",1.2625,0.4011173184357542,0.4022346368715084,0.43687150837988825,0.4642458100558659,0.45027932960893857,0.45027932960893857,0.40279329608938547
199,0.43798882681564244,0.33560634766493347,0.2818225322205771,0.2229397711094895,0.4994413407821229,0.11461962014436722,0.072760459035635,0.0,0.0723362104035914,1.217298862989992,"[0.6446927189826965, 0.7072625756263733, 0.7162010669708252, 0.7346368432044983]",1.4188,0.39217877094972065,0.3877094972067039,0.38379888268156426,0.4122905027932961,0.4083798882681564,0.4083798882681564,0.38994413407821227
200,0.45027932960893857,0.3486439141716987,0.3063393858664784,0.24850878512392252,0.5156424581005586,0.11462076753377914,0.07271491549909115,0.0,0.07232771161943674,1.4655493450118229,"[0.6446927189826965, 0.7072625756263733, 0.7162010669708252, 0.7346368432044983]",1.151,0.4083798882681564,0.411731843575419,0.4340782122905028,0.45977653631284915,0.46033519553072627,0.46033519553072627,0.4094972067039106
201,0.43798882681564244,0.3376230365375158,0.2960558261560284,0.2335747568720715,0.5072625698324023,0.11715666204690933,0.07268554996699095,0.0,0.07231601653620601,1.446587593993172,"[0.6446927189826965, 0.7072625756263733, 0.7162010669708252, 0.7346368432044983]",1.1353,0.39497206703910615,0.39385474860335196,0.4240223463687151,0.44692737430167595,0.43966480446927375,0.43966480446927375,0.39553072625698327
202,0.40502793296089384,0.3086662682375605,0.27516635814338947,0.21270095431944697,0.4972067039106145,0.11938464641571045,0.0727575127966702,0.0,0.0723057659342885,1.0743096289224923,"[0.6446927189826965, 0.7072625756263733, 0.7162010669708252, 0.7346368432044983]",1.3352,0.3854748603351955,0.3888268156424581,0.40670391061452515,0.43854748603351956,0.44189944134078213,0.44189944134078213,0.38324022346368714
203,0.47374301675977654,0.3674173688047002,0.30227671524528793,0.260459610536036,0.5173184357541899,0.1159326434135437,0.0727210626937449,0.0,0.07229999965056777,1.5748792490921915,"[0.6446927189826965, 0.7072625756263733, 0.7162010669708252, 0.7346368432044983]",1.3299,0.4011173184357542,0.4094972067039106,0.435195530726257,0.4569832402234637,0.4569832402234637,0.4569832402234637,0.4033519553072626
204,0.4541899441340782,0.35116053010403214,0.30068930709596126,0.254428117520657,0.5189944134078213,0.11543815582990646,0.07259132014587522,0.0,0.07228818722069263,1.3885482619516551,"[0.6446927189826965, 0.7072625756263733, 0.7162010669708252, 0.7346368432044983]",1.0703,0.40670391061452515,0.41899441340782123,0.4374301675977654,0.4424581005586592,0.43072625698324024,0.43072625698324024,0.40782122905027934
205,0.4692737430167598,0.3682447606667443,0.32482820136411306,0.26499955994771207,0.5340782122905028,0.11478135734796524,0.07256719376891851,0.0,0.07227635895833373,1.2686296190368012,"[0.6446927189826965, 0.7072625756263733, 0.7162010669708252, 0.7346368432044983]",1.2161,0.4011173184357542,0.40558659217877097,0.423463687150838,0.4335195530726257,0.43184357541899443,0.43184357541899443,0.3994413407821229
206,0.4083798882681564,0.3103065619494688,0.2797651891085696,0.19827090815827672,0.488268156424581,0.11589571833610535,0.07257252559065819,0.0,0.07226787228137255,1.0884068669984117,"[0.6446927189826965, 0.7072625756263733, 0.7162010669708252, 0.7346368432044983]",1.1842,0.4044692737430168,0.40502793296089384,0.423463687150838,0.44581005586592176,0.43910614525139663,0.43910614525139663,0.39888268156424583
207,0.441340782122905,0.3429205748820928,0.2900841542177146,0.23131160587306993,0.506145251396648,0.11669565737247467,0.072511144913733,0.0,0.07225957047194242,1.3834543830016628,"[0.6446927189826965, 0.7072625756263733, 0.7162010669708252, 0.7346368432044983]",1.0234,0.4229050279329609,0.4329608938547486,0.45754189944134077,0.4664804469273743,0.4547486033519553,0.4547486033519553,0.4223463687150838
208,0.42681564245810055,0.3276613815498046,0.28450225048355005,0.223795884137602,0.4983240223463687,0.11648187041282654,0.07239388208836317,0.0,0.07225078577175736,1.2646595769328997,"[0.6446927189826965, 0.7072625756263733, 0.7162010669708252, 0.7346368432044983]",0.9465,0.3888268156424581,0.3916201117318436,0.4083798882681564,0.4435754189944134,0.42960893854748605,0.42960893854748605,0.3865921787709497
209,0.4273743016759777,0.32687263135109756,0.2872241445085831,0.21888689955996463,0.5016759776536313,0.11760959029197693,0.07236477499827743,0.0,0.072236985899508,1.2679056610213593,"[0.6446927189826965, 0.7072625756263733, 0.7162010669708252, 0.7346368432044983]",1.2712,0.394413407821229,0.39664804469273746,0.40670391061452515,0.4312849162011173,0.4229050279329609,0.4229050279329609,0.38603351955307263
210,0.4491620111731844,0.348644340707865,0.30122884013132445,0.24441412057366765,0.5162011173184358,0.1172739565372467,0.07243587542325258,0.0,0.07222714275121689,1.3710957929724827,"[0.6446927189826965, 0.7072625756263733, 0.7162010669708252, 0.7346368432044983]",1.2011,0.40670391061452515,0.4094972067039106,0.44860335195530726,0.45977653631284915,0.4581005586592179,0.4581005586592179,0.40670391061452515
211,0.4100558659217877,0.30601636785714426,0.2628565298484129,0.19931348399076237,0.47653631284916204,0.11644787341356277,0.07229549437761307,0.0,0.07222252106294036,1.4438934969948605,"[0.6446927189826965, 0.7072625756263733, 0.7162010669708252, 0.7346368432044983]",1.1407,0.39608938547486033,0.39553072625698327,0.4251396648044693,0.4446927374301676,0.4480446927374302,0.4480446927374302,0.38994413407821227
212,0.41508379888268154,0.3009187021862867,0.29948978207006133,0.21416744107385952,0.5033519553072626,0.11445000767707825,0.07227678596973419,0.0,0.07226000307127833,1.267908248002641,"[0.6446927189826965, 0.7072625756263733, 0.7162010669708252, 0.7346368432044983]",1.3103,0.39888268156424583,0.3994413407821229,0.39608938547486033,0.4022346368715084,0.38994413407821227,0.38994413407821227,0.39776536312849164
213,0.38603351955307263,0.273798286612699,0.26196125129003284,0.19552898791229312,0.4670391061452514,0.11455225199460983,0.07233697921037674,0.0,0.07226965390145779,1.396937301964499,"[0.6446927189826965, 0.7072625756263733, 0.7162010669708252, 0.7346368432044983]",1.239,0.4346368715083799,0.4312849162011173,0.43966480446927375,0.4446927374301676,0.4446927374301676,0.4446927374301676,0.4374301675977654
214,0.40670391061452515,0.30466849968854237,0.28267288540594565,0.21866638971901844,0.5,0.11346037685871124,0.0722664287313819,0.0,0.07224487094208598,1.5528379760216922,"[0.6446927189826965, 0.7072625756263733, 0.7162010669708252, 0.7346368432044983]",1.1819,0.4122905027932961,0.411731843575419,0.4195530726256983,0.41787709497206704,0.4212290502793296,0.4212290502793296,0.41396648044692735
215,0.3715083798882682,0.2685844917029968,0.27034681512132797,0.19213900080179397,0.4748603351955307,0.1156398206949234,0.07224798388779163,0.0,0.07222027564421296,1.0971843909937888,"[0.6446927189826965, 0.7072625756263733, 0.7162010669708252, 0.7346368432044983]",1.1709,0.4011173184357542,0.4011173184357542,0.41620111731843573,0.423463687150838,0.4201117318435754,0.4201117318435754,0.40502793296089384
216,0.37206703910614525,0.26814931214852644,0.2835139759878825,0.21475157006267756,0.4893854748603352,0.11569345742464066,0.07223144313320518,0.0,0.07219322863966227,1.341320651001297,"[0.6446927189826965, 0.7072625756263733, 0.7162010669708252, 0.7346368432044983]",1.2093,0.3782122905027933,0.3787709497206704,0.4072625698324022,0.435195530726257,0.43072625698324024,0.43072625698324024,0.3782122905027933
217,0.4005586592178771,0.2782594383510374,0.3393419439423379,0.2160646229837633,0.5441340782122905,0.1129545271396637,0.0722226370126009,0.0,0.07216540584340692,1.142417554045096,"[0.6446927189826965, 0.7072625756263733, 0.7162010669708252, 0.7346368432044983]",1.247,0.4094972067039106,0.4083798882681564,0.4223463687150838,0.4340782122905028,0.43575418994413406,0.43575418994413406,0.4083798882681564
218,0.37486033519553075,0.2735423862145654,0.31630667020046355,0.20993803128597083,0.5223463687150838,0.11127498000860214,0.07223738869652152,0.0,0.07214328600093722,1.1393321809591725,"[0.6446927189826965, 0.7072625756263733, 0.7162010669708252, 0.7346368432044983]",1.5284,0.4111731843575419,0.40782122905027934,0.4145251396648045,0.43575418994413406,0.435195530726257,0.435195530726257,0.40893854748603353
219,0.37988826815642457,0.25695670498499823,0.31177069515841455,0.203417233072912,0.5139664804469274,0.11151473224163055,0.07220586482435465,0.0,0.07212126068770885,1.4499528909800574,"[0.6446927189826965, 0.7072625756263733, 0.7162010669708252, 0.7346368432044983]",1.4078,0.4223463687150838,0.4240223463687151,0.4547486033519553,0.4592178770949721,0.46759776536312847,0.46759776536312847,0.41564245810055866
220,0.3564245810055866,0.25056641461186147,0.29953356839080364,0.19610128682200456,0.5033519553072626,0.11054158955812454,0.07216619467362761,0.0,0.07210158882662654,1.4791411668993533,"[0.6446927189826965, 0.7072625756263733, 0.7162010669708252, 0.7346368432044983]",1.0804,0.39385474860335196,0.4016759776536313,0.40391061452513966,0.42960893854748605,0.423463687150838,0.423463687150838,0.3893854748603352
221,0.39497206703910615,0.29061152677135793,0.3098332692969352,0.21622606360403265,0.5128491620111731,0.11179284751415253,0.07214586809277534,0.0,0.0720789022743702,1.349939260049723,"[0.6446927189826965, 0.7072625756263733, 0.7162010669708252, 0.7346368432044983]",1.5584,0.4435754189944134,0.4463687150837989,0.44189944134078213,0.44692737430167595,0.43910614525139663,0.43910614525139663,0.4402234636871508
222,0.3396648044692737,0.22510964410302425,0.2845999447302901,0.17411886940649457,0.4720670391061452,0.11467960476875305,0.07214426575228572,0.0,0.07205749629065394,1.1609213129850104,"[0.6446927189826965, 0.7072625756263733, 0.7162010669708252, 0.7346368432044983]",1.257,0.3916201117318436,0.39217877094972065,0.4134078212290503,0.42569832402234636,0.42569832402234636,0.42569832402234636,0.38994413407821227
223,0.4223463687150838,0.31841741566020365,0.32670002620447736,0.2429003338443512,0.5184357541899441,0.11411513388156891,0.07210991298779845,0.0,0.07203854620456696,1.4024145730072632,"[0.6446927189826965, 0.7072625756263733, 0.7162010669708252, 0.7346368432044983]",1.4019,0.36703910614525137,0.36033519553072624,0.38212290502793295,0.4184357541899441,0.41508379888268154,0.41508379888268154,0.37094972067039106
224,0.4100558659217877,0.30739686836568614,0.31573816913686625,0.20589867062870806,0.5106145251396648,0.11070894449949265,0.07212824560701847,0.0,0.0720191216096282,1.267950451001525,"[0.6446927189826965, 0.7072625756263733, 0.7162010669708252, 0.7346368432044983]",1.3885,0.37206703910614525,0.370391061452514,0.3653631284916201,0.40614525139664803,0.41564245810055866,0.41564245810055866,0.37206703910614525
225,0.39385474860335196,0.2916925453662874,0.30875647088813823,0.20857186350115398,0.5145251396648045,0.11015674471855164,0.07209901232272387,0.0,0.07200119132176042,1.3346690689213574,"[0.6446927189826965, 0.7072625756263733, 0.7162010669708252, 0.7346368432044983]",1.2164,0.4145251396648045,0.4212290502793296,0.45083798882681564,0.47150837988826816,0.46759776536312847,0.46759776536312847,0.4122905027932961
226,0.39664804469273746,0.2940454714762528,0.3191480384837859,0.2058012702070428,0.5195530726256983,0.11000481247901917,0.07206709263846278,0.0,0.07198365079239011,1.3345328849973157,"[0.6446927189826965, 0.7072625756263733, 0.7162010669708252, 0.7346368432044983]",1.3184,0.38994413407821227,0.3877094972067039,0.3972067039106145,0.4195530726256983,0.41564245810055866,0.41564245810055866,0.3871508379888268
227,0.3675977653631285,0.2686639079928752,0.2999402903293366,0.17680285591619552,0.49050279329608937,0.11102612316608429,0.07203867705538869,0.0,0.07196659874171019,1.4494473930681124,"[0.6446927189826965, 0.7072625756263733, 0.7162010669708252, 0.7346368432044983]",1.436,0.44581005586592176,0.45251396648044695,0.47150837988826816,0.4888268156424581,0.49162011173184356,0.49162011173184356,0.4446927374301676
228,0.38379888268156426,0.2725601342600865,0.302708174401957,0.18518426037342253,0.4888268156424581,0.11118591576814651,0.0720025603659451,0.0,0.0719485655426979,1.2998705860227346,"[0.6446927189826965, 0.7072625756263733, 0.7162010669708252, 0.7346368432044983]",1.0771,0.41564245810055866,0.4240223463687151,0.43966480446927375,0.45139664804469276,0.441340782122905,0.441340782122905,0.4111731843575419
229,0.34972067039106147,0.24388209908397518,0.2972010309855285,0.18842782919874107,0.4782122905027933,0.11365713179111481,0.07203178992494941,0.0,0.07193048903718591,1.492874382995069,"[0.6446927189826965, 0.7072625756263733, 0.7162010669708252, 0.7346368432044983]",1.2919,0.4201117318435754,0.4195530726256983,0.4173184357541899,0.4430167597765363,0.4446927374301676,0.4446927374301676,0.4212290502793296
230,0.36089385474860336,0.26139267603764305,0.30617815420764766,0.201323638460656,0.5100558659217878,0.11324527859687805,0.07201665686443448,0.0,0.0719143464230001,1.3370312100742012,"[0.6446927189826965, 0.7072625756263733, 0.7162010669708252, 0.7346368432044983]",1.3271,0.4474860335195531,0.4547486033519553,0.4793296089385475,0.48379888268156424,0.4776536312849162,0.4776536312849162,0.4430167597765363
231,0.3553072625698324,0.2505444062035822,0.2731750788568951,0.1687378594368915,0.4670391061452514,0.11370038986206055,0.07205808768048882,0.0,0.07189857307821512,1.3323067070450634,"[0.6446927189826965, 0.7072625756263733, 0.7162010669708252, 0.7346368432044983]",0.9955,0.40782122905027934,0.4005586592178771,0.4262569832402235,0.44972067039106145,0.4441340782122905,0.4441340782122905,0.40893854748603353
232,0.3625698324022346,0.2642499141728769,0.2840159948540101,0.18629286557900945,0.4910614525139665,0.11238579452037811,0.07196027506142855,0.0,0.07188745401799679,1.3109562329482287,"[0.6446927189826965, 0.7072625756263733, 0.7162010669708252, 0.7346368432044983]",1.2983,0.4111731843575419,0.41396648044692735,0.4044692737430168,0.42793296089385474,0.41787709497206704,0.41787709497206704,0.411731843575419
233,0.36703910614525137,0.26704910348526356,0.30134977816638747,0.2159126959776199,0.4994413407821229,0.11035366356372833,0.07196534890681505,0.0,0.07186905341222882,1.547987280995585,"[0.6446927189826965, 0.7072625756263733, 0.7162010669708252, 0.7346368432044983]",1.2087,0.4240223463687151,0.4229050279329609,0.44078212290502794,0.4631284916201117,0.4670391061452514,0.4670391061452514,0.4212290502793296
234,0.41675977653631285,0.3148433378197487,0.3171298691276857,0.23440988617058786,0.49664804469273743,0.11089308559894562,0.07191556319594383,0.0,0.07185687683522701,1.5140330380527303,"[0.6446927189826965, 0.7072625756263733, 0.7162010669708252, 0.7346368432044983]",1.2554,0.41675977653631285,0.41564245810055866,0.4033519553072626,0.39273743016759777,0.39888268156424583,0.39888268156424583,0.41787709497206704
235,0.4262569832402235,0.32407852371128265,0.31428009335840223,0.24884372339784408,0.4899441340782123,0.11181716620922089,0.0720211355946958,0.0,0.07185861188918352,1.3681862679077312,"[0.6446927189826965, 0.7072625756263733, 0.7162010669708252, 0.7346368432044983]",1.1406,0.40391061452513966,0.40279329608938547,0.4072625698324022,0.43184357541899443,0.43072625698324024,0.43072625698324024,0.4033519553072626
236,0.47094972067039104,0.37237212553668253,0.33281292879919994,0.28040434658026214,0.5156424581005586,0.11034473776817322,0.07198321027681231,0.0,0.07188263675197959,1.304774479009211,"[0.6446927189826965, 0.7072625756263733, 0.7162010669708252, 0.7346368432044983]",1.4119,0.4005586592178771,0.4072625698324022,0.4564245810055866,0.4664804469273743,0.46983240223463685,0.46983240223463685,0.4044692737430168
237,0.4324022346368715,0.3268843566420314,0.3139114700873051,0.22925906426201534,0.48547486033519555,0.11180925369262695,0.07197205349802971,0.0,0.07193590793758631,1.49054270691704,"[0.6446927189826965, 0.7072625756263733, 0.7162010669708252, 0.7346368432044983]",1.2653,0.39553072625698327,0.39497206703910615,0.41396648044692735,0.435195530726257,0.41508379888268154,0.41508379888268154,0.3983240223463687
238,0.3424581005586592,0.2567142779527265,0.27950113642820557,0.14770780047923493,0.4558659217877095,0.11420148611068726,0.0718770413659513,0.0,0.07195312855765224,1.3161910700146109,"[0.6446927189826965, 0.7072625756263733, 0.7162010669708252, 0.7346368432044983]",1.184,0.4435754189944134,0.4491620111731844,0.4798882681564246,0.5078212290502794,0.5011173184357542,0.5011173184357542,0.44581005586592176
239,0.4793296089385475,0.37874880602378447,0.3172322898457658,0.28648008350788484,0.4994413407821229,0.11498268693685532,0.07199042150750756,0.0,0.07191342674195766,1.29864637600258,"[0.6446927189826965, 0.7072625756263733, 0.7162010669708252, 0.7346368432044983]",1.2437,0.4329608938547486,0.4346368715083799,0.4435754189944134,0.4670391061452514,0.4664804469273743,0.4664804469273743,0.4312849162011173
240,0.5011173184357542,0.3983754892407495,0.3362615965313619,0.27995482249222314,0.511731843575419,0.11315889656543732,0.07189141260460019,0.0,0.07188968593254685,1.264739394071512,"[0.6446927189826965, 0.7072625756263733, 0.7162010669708252, 0.7346368432044983]",1.412,0.4262569832402235,0.42849162011173186,0.45027932960893857,0.48268156424581005,0.46983240223463685,0.46983240223463685,0.4229050279329609
241,0.4547486033519553,0.35132261066064063,0.30262580923894555,0.22967222810957952,0.47262569832402235,0.1154133602976799,0.07198433438315988,0.0,0.0718489857390523,1.181293357978575,"[0.6446927189826965, 0.7072625756263733, 0.7162010669708252, 0.7346368432044983]",1.2058,0.40670391061452515,0.40782122905027934,0.42178770949720673,0.44860335195530726,0.4374301675977654,0.4374301675977654,0.40614525139664803
242,0.37262569832402237,0.2847889612064626,0.2850966863884397,0.15594669665659372,0.4592178770949721,0.11866138875484467,0.07221248187124729,0.0,0.07182593829929829,1.2912172900978476,"[0.6446927189826965, 0.7072625756263733, 0.7162010669708252, 0.7346368432044983]",1.1668,0.39888268156424583,0.40279329608938547,0.441340782122905,0.45977653631284915,0.4519553072625698,0.4519553072625698,0.39888268156424583
243,0.36983240223463687,0.2904368948074594,0.2919568504594775,0.15406353335230102,0.4581005586592179,0.1195533350110054,0.0720828389748931,0.0,0.07180550321936607,1.4130842630984262,"[0.6446927189826965, 0.7072625756263733, 0.7162010669708252, 0.7346368432044983]",1.2392,0.453072625698324,0.4553072625698324,0.46368715083798884,0.47262569832402235,0.47430167597765366,0.47430167597765366,0.45083798882681564
244,0.38379888268156426,0.3039135011948303,0.30059232003741376,0.15707482153860833,0.46256983240223465,0.11971884965896606,0.07215656014159322,0.0,0.07178377034142613,1.2322557430015877,"[0.6446927189826965, 0.7072625756263733, 0.7162010669708252, 0.7346368432044983]",1.3006,0.4480446927374302,0.45754189944134077,0.4782122905027933,0.4893854748603352,0.488268156424581,0.488268156424581,0.4474860335195531
245,0.40893854748603353,0.32641162011268554,0.3043081413099666,0.19950812124973066,0.4910614525139665,0.11717166751623154,0.07199919503182173,0.0,0.07176850968971848,1.3048153519630432,"[0.6446927189826965, 0.7072625756263733, 0.7162010669708252, 0.7346368432044983]",1.1298,0.4324022346368715,0.4312849162011173,0.4553072625698324,0.4720670391061452,0.46983240223463685,0.46983240223463685,0.42849162011173186
246,0.4301675977653631,0.3320609639789237,0.30305456632772104,0.213093885766481,0.4888268156424581,0.11918577551841736,0.07202403340488672,0.0,0.07175248768180609,1.4079763949848711,"[0.6446927189826965, 0.7072625756263733, 0.7162010669708252, 0.7346368432044983]",0.9245,0.435195530726257,0.44189944134078213,0.4541899441340782,0.4681564245810056,0.46368715083798884,0.46368715083798884,0.4312849162011173
247,0.46368715083798884,0.36151239522026046,0.3197774299712499,0.24083149627885742,0.4949720670391061,0.11552011221647263,0.07211642945185304,0.0,0.071736806537956,1.3637732609640807,"[0.6446927189826965, 0.7072625756263733, 0.7162010669708252, 0.7346368432044983]",1.0746,0.40893854748603353,0.3972067039106145,0.3815642458100559,0.40391061452513966,0.4,0.4,0.4083798882681564
248,0.46759776536312847,0.36558273212199743,0.31868104536345554,0.24231823414073214,0.49273743016759775,0.11319340765476227,0.07204027147963643,0.0,0.07172091118991375,1.4039950089063495,"[0.6446927189826965, 0.7072625756263733, 0.7162010669708252, 0.7346368432044983]",1.2141,0.4033519553072626,0.39217877094972065,0.3804469273743017,0.39664804469273746,0.4005586592178771,0.4005586592178771,0.4072625698324022
249,0.44078212290502794,0.3350957340575901,0.31810065672138693,0.2422888807704818,0.48379888268156424,0.11584877967834473,0.07199000241234899,0.0,0.07170753460377455,1.2800761660328135,"[0.6446927189826965, 0.7072625756263733, 0.7162010669708252, 0.7346368432044983]",1.181,0.4044692737430168,0.39553072625698327,0.4106145251396648,0.4335195530726257,0.43575418994413406,0.43575418994413406,0.4100558659217877
250,0.4620111731843575,0.358291099233197,0.32471305562449454,0.25109714516854165,0.5022346368715084,0.11740314960479736,0.07201976329088211,0.0,0.07169261202216148,1.5126985169481486,"[0.6446927189826965, 0.7072625756263733, 0.7162010669708252, 0.7346368432044983]",1.227,0.4022346368715084,0.3994413407821229,0.3770949720670391,0.4044692737430168,0.40502793296089384,0.40502793296089384,0.40558659217877097
251,0.45027932960893857,0.34394697821015696,0.33659812936864253,0.23657747340749782,0.49162011173184356,0.11776304244995117,0.0719494754448533,0.0,0.07167949667200446,1.1781858230242506,"[0.6446927189826965, 0.7072625756263733, 0.7162010669708252, 0.7346368432044983]",1.2179,0.411731843575419,0.41620111731843573,0.41396648044692735,0.4340782122905028,0.42849162011173186,0.42849162011173186,0.40782122905027934
252,0.4798882681564246,0.374873632938149,0.34294758565948846,0.2597143083600917,0.5039106145251396,0.11738625168800354,0.07192089082673192,0.0,0.07166376756504178,1.19896244793199,"[0.6446927189826965, 0.7072625756263733, 0.7162010669708252, 0.7346368432044983]",1.1268,0.43854748603351956,0.4374301675977654,0.4324022346368715,0.46983240223463685,0.4681564245810056,0.4681564245810056,0.4363128491620112
253,0.441340782122905,0.3513352889910003,0.3287713590597643,0.25009079423804886,0.5011173184357542,0.1176406592130661,0.07188341114670038,0.0,0.07165148854255676,1.5210726159857586,"[0.6446927189826965, 0.7072625756263733, 0.7162010669708252, 0.7346368432044983]",1.1461,0.4592178770949721,0.46256983240223465,0.45754189944134077,0.43854748603351956,0.4273743016759777,0.4273743016759777,0.45977653631284915
254,0.488268156424581,0.38438456478447225,0.3452743534111191,0.267613656301282,0.5044692737430168,0.1164160892367363,0.07189056137576699,0.0,0.07164740143343806,1.4214218839770183,"[0.6446927189826965, 0.7072625756263733, 0.7162010669708252, 0.7346368432044983]",1.148,0.39273743016759777,0.39329608938547483,0.39664804469273746,0.4374301675977654,0.4145251396648045,0.4145251396648045,0.39106145251396646
255,0.5145251396648045,0.4127992703733372,0.35992759039967437,0.31619739879906417,0.5279329608938548,0.11538934707641602,0.07190694799646735,0.0,0.07164924964308739,1.2533499100245535,"[0.6446927189826965, 0.7072625756263733, 0.7162010669708252, 0.7346368432044983]",0.9788,0.41899441340782123,0.4245810055865922,0.45083798882681564,0.47262569832402235,0.4653631284916201,0.4653631284916201,0.41508379888268154
256,0.541340782122905,0.44234495995337153,0.39170800029280645,0.3721504222215639,0.5536312849162012,0.11494271457195282,0.07190784998238087,0.0,0.07165283057838678,1.1062164750183001,"[0.6446927189826965, 0.7072625756263733, 0.7162010669708252, 0.7346368432044983]",0.9707,0.4022346368715084,0.4100558659217877,0.4083798882681564,0.4122905027932961,0.40782122905027934,0.40782122905027934,0.3972067039106145
257,0.5273743016759777,0.4287923594556262,0.37865174087000253,0.359026174700683,0.5642458100558659,0.11429428309202194,0.07199188973754644,0.0,0.07165875425562263,1.3002871969947591,"[0.6446927189826965, 0.7072625756263733, 0.7162010669708252, 0.7346368432044983]",1.1002,0.4072625698324022,0.4111731843575419,0.43575418994413406,0.45865921787709496,0.4424581005586592,0.4424581005586592,0.4005586592178771
258,0.5122905027932961,0.4151957711559152,0.36238408176289505,0.3466132178731022,0.5625698324022347,0.11544737964868546,0.0719422809779644,0.0,0.07165565900504589,1.4458383800229058,"[0.6446927189826965, 0.7072625756263733, 0.7162010669708252, 0.7346368432044983]",1.2589,0.39273743016759777,0.394413407821229,0.4044692737430168,0.435195530726257,0.42960893854748605,0.42960893854748605,0.39385474860335196
259,0.5100558659217878,0.410777115257721,0.33608661721405186,0.3364084430516664,0.5486033519553073,0.11504092812538147,0.07189927715808153,0.0,0.07163103576749563,1.1254576740320772,"[0.6446927189826965, 0.7072625756263733, 0.7162010669708252, 0.7346368432044983]",1.1133,0.43687150837988825,0.4329608938547486,0.4441340782122905,0.48324022346368717,0.46871508379888266,0.46871508379888266,0.4335195530726257
260,0.4770949720670391,0.3786142174301338,0.32922871946505,0.2914481911242947,0.5441340782122905,0.11584605276584625,0.07185969827696681,0.0,0.07160559901967645,1.2968188460217789,"[0.6446927189826965, 0.7072625756263733, 0.7162010669708252, 0.7346368432044983]",1.2096,0.3804469273743017,0.3782122905027933,0.4094972067039106,0.4301675977653631,0.43798882681564244,0.43798882681564244,0.38212290502793295
261,0.4402234636871508,0.3351287331310574,0.31727931127920667,0.2675364368737561,0.5385474860335195,0.11812140047550201,0.07187521271407604,0.0,0.07159061916172504,1.269588800962083,"[0.6446927189826965, 0.7072625756263733, 0.7162010669708252, 0.7346368432044983]",1.2211,0.4346368715083799,0.43575418994413406,0.41675977653631285,0.42681564245810055,0.40279329608938547,0.40279329608938547,0.43184357541899443
262,0.524022346368715,0.42371828444075643,0.343132820249767,0.35122166584979325,0.5553072625698324,0.1179472804069519,0.07178124785423279,0.0,0.07157878950238228,1.3100791301112622,"[0.6446927189826965, 0.7072625756263733, 0.7162010669708252, 0.7346368432044983]",1.0523,0.3787709497206704,0.3804469273743017,0.3893854748603352,0.4229050279329609,0.41620111731843573,0.41620111731843573,0.3815642458100559
263,0.4581005586592179,0.3570318965948205,0.328101266784613,0.301877345842284,0.5513966480446927,0.11731041222810745,0.07166704814881086,0.0,0.07157967612147331,1.3680732799693942,"[0.6446927189826965, 0.7072625756263733, 0.7162010669708252, 0.7346368432044983]",1.2853,0.411731843575419,0.40558659217877097,0.42849162011173186,0.4592178770949721,0.46089385474860334,0.46089385474860334,0.4100558659217877
264,0.4631284916201117,0.35717382043214074,0.3012817819113601,0.24560386283004598,0.5089385474860335,0.11561717092990875,0.07177326269447803,0.0,0.07156661292538047,1.275147747946903,"[0.6446927189826965, 0.7072625756263733, 0.7162010669708252, 0.7346368432044983]",1.2065,0.4212290502793296,0.42960893854748605,0.4642458100558659,0.46983240223463685,0.4642458100558659,0.4642458100558659,0.4206703910614525
265,0.4949720670391061,0.40090713979215986,0.36063453536898943,0.29334508291344064,0.5497206703910614,0.11497047543525696,0.07181892124935985,0.0,0.07155329175293446,1.1710573679301888,"[0.6446927189826965, 0.7072625756263733, 0.7162010669708252, 0.7346368432044983]",1.2984,0.4363128491620112,0.4340782122905028,0.4301675977653631,0.4329608938547486,0.4335195530726257,0.4335195530726257,0.4312849162011173
266,0.4888268156424581,0.3912542203549335,0.3295750733223277,0.28608414386453135,0.5223463687150838,0.11520473659038544,0.07169292727485299,0.0,0.07155831251293421,1.1499837660230696,"[0.6446927189826965, 0.7072625756263733, 0.7162010669708252, 0.7346368432044983]",1.2913,0.42793296089385474,0.4329608938547486,0.4435754189944134,0.47039106145251397,0.4541899441340782,0.4541899441340782,0.4251396648044693
267,0.5173184357541899,0.4252456222436366,0.35274990663216677,0.316093700342734,0.5491620111731843,0.11288024485111237,0.07163952942937613,0.0,0.07154426956549287,1.475978989037685,"[0.6446927189826965, 0.7072625756263733, 0.7162010669708252, 0.7346368432044983]",1.3543,0.4195530726256983,0.4245810055865922,0.4452513966480447,0.45251396648044695,0.4569832402234637,0.4569832402234637,0.41787709497206704
268,0.5016759776536313,0.4079616747994007,0.3498646680025145,0.2859896095730887,0.5446927374301676,0.11153925210237503,0.07162155443802476,0.0,0.07153401989489794,1.2944258460775018,"[0.6446927189826965, 0.7072625756263733, 0.7162010669708252, 0.7346368432044983]",1.2874,0.39106145251396646,0.4016759776536313,0.4329608938547486,0.4547486033519553,0.43966480446927375,0.43966480446927375,0.3871508379888268
269,0.48659217877094973,0.388661883764705,0.33177880819370864,0.2951317316926061,0.5335195530726257,0.12045487761497498,0.07162169506773353,0.0,0.0715241339057684,1.29929556499701,"[0.6446927189826965, 0.7072625756263733, 0.7162010669708252, 0.7346368432044983]",1.2397,0.4329608938547486,0.4245810055865922,0.43854748603351956,0.43910614525139663,0.4424581005586592,0.4424581005586592,0.4374301675977654
270,0.48659217877094973,0.38848553135823405,0.34924712316083234,0.29438769224481665,0.5458100558659218,0.11961980909109116,0.07160722091794014,0.0,0.07151592383161187,1.0309700559591874,"[0.6446927189826965, 0.7072625756263733, 0.7162010669708252, 0.7346368432044983]",1.3259,0.43072625698324024,0.4340782122905028,0.4435754189944134,0.4664804469273743,0.4787709497206704,0.4787709497206704,0.4301675977653631
271,0.5368715083798883,0.4376208250572552,0.36175146973055156,0.3722215914614676,0.5592178770949721,0.11904958635568619,0.07156861759722233,0.0,0.07150482758879662,1.213914760039188,"[0.6446927189826965, 0.7072625756263733, 0.7162010669708252, 0.7346368432044983]",1.2023,0.4273743016759777,0.4229050279329609,0.4212290502793296,0.4245810055865922,0.4402234636871508,0.4402234636871508,0.42793296089385474
272,0.5044692737430168,0.404975966385169,0.3514402571814994,0.318993112583752,0.5430167597765363,0.11870136111974716,0.07156704040244222,0.0,0.07149212062358856,1.2467904000077397,"[0.6446927189826965, 0.7072625756263733, 0.7162010669708252, 0.7346368432044983]",1.2414,0.453072625698324,0.45754189944134077,0.47430167597765366,0.48324022346368717,0.4793296089385475,0.4793296089385475,0.45363128491620114
273,0.535754189944134,0.4376308580355246,0.36259897504138666,0.3568776971338496,0.5631284916201117,0.116240955889225,0.07166478503495455,0.0,0.0714742410928011,1.3357762289233506,"[0.6446927189826965, 0.7072625756263733, 0.7162010669708252, 0.7346368432044983]",1.0232,0.423463687150838,0.4329608938547486,0.4435754189944134,0.45363128491620114,0.435195530726257,0.435195530726257,0.4173184357541899
274,0.5424581005586592,0.44469928171243567,0.3650490602111398,0.37040097652763515,0.5636871508379888,0.1142425686120987,0.0715244086459279,0.0,0.07147553376853466,1.0558941449271515,"[0.6446927189826965, 0.7072625756263733, 0.7162010669708252, 0.7346368432044983]",1.2163,0.3916201117318436,0.39608938547486033,0.4094972067039106,0.41284916201117317,0.394413407821229,0.394413407821229,0.39664804469273746
275,0.5094972067039106,0.4095110493594539,0.3737234220097524,0.3321307959831098,0.570391061452514,0.1130312979221344,0.07151228794828057,0.0,0.07146143028512597,1.1361124839168042,"[0.6446927189826965, 0.7072625756263733, 0.7162010669708252, 0.7346368432044983]",1.2477,0.4094972067039106,0.41787709497206704,0.43854748603351956,0.4430167597765363,0.4547486033519553,0.4547486033519553,0.411731843575419
276,0.5167597765363129,0.41685466467307175,0.36230052224330767,0.32660322837585365,0.5558659217877095,0.11702015995979309,0.07153068296611309,0.0,0.07145531009882689,1.1885562309762463,"[0.6446927189826965, 0.7072625756263733, 0.7162010669708252, 0.7346368432044983]",1.2055,0.42960893854748605,0.4335195530726257,0.44972067039106145,0.46089385474860334,0.46145251396648046,0.46145251396648046,0.43072625698324024
277,0.5111731843575419,0.4095224379588571,0.3617674145588409,0.3302610535696009,0.5625698324022347,0.11542696505784988,0.07148484047502279,0.0,0.07144633261486888,1.2128885469865054,"[0.6446927189826965, 0.7072625756263733, 0.7162010669708252, 0.7346368432044983]",1.282,0.4245810055865922,0.435195530726257,0.43854748603351956,0.464804469273743,0.4480446927374302,0.4480446927374302,0.42178770949720673
278,0.5,0.4010002460234312,0.360492512412456,0.3099947318969183,0.5564245810055866,0.1127915233373642,0.071465615183115,0.0,0.07143868505954742,1.2428238689899445,"[0.6446927189826965, 0.7072625756263733, 0.7162010669708252, 0.7346368432044983]",1.2154,0.4374301675977654,0.43854748603351956,0.435195530726257,0.4223463687150838,0.4145251396648045,0.4145251396648045,0.4363128491620112
279,0.44692737430167595,0.3504063213775007,0.3405216830940103,0.27850974193995215,0.5553072625698324,0.1143389418721199,0.07145454362034798,0.0,0.0714246784336865,1.2678574089659378,"[0.6446927189826965, 0.7072625756263733, 0.7162010669708252, 0.7346368432044983]",1.1799,0.41675977653631285,0.4206703910614525,0.41899441340782123,0.43798882681564244,0.4480446927374302,0.4480446927374302,0.41564245810055866
280,0.505586592178771,0.4057258742486466,0.35878404160602195,0.33445617485125784,0.5502793296089385,0.11939383298158646,0.07167116226628423,0.0,0.071410964243114,1.071659242035821,"[0.6446927189826965, 0.7072625756263733, 0.7162010669708252, 0.7346368432044983]",1.4024,0.4273743016759777,0.42569832402234636,0.4312849162011173,0.4463687150837989,0.44692737430167595,0.44692737430167595,0.4223463687150838
281,0.4720670391061452,0.3746686747656047,0.3560650503302159,0.2967808474933293,0.5525139664804469,0.11965210735797882,0.071537378244102,0.0,0.0714155794121325,1.3246586810564622,"[0.6446927189826965, 0.7072625756263733, 0.7162010669708252, 0.7346368432044983]",1.3483,0.4335195530726257,0.4480446927374302,0.4631284916201117,0.4748603351955307,0.48379888268156424,0.48379888268156424,0.4251396648044693
282,0.39888268156424583,0.30187991931552305,0.33070468249897406,0.2281535377126322,0.529608938547486,0.11741112172603607,0.07151179714128375,0.0,0.07154332054778934,1.272516923956573,"[0.6446927189826965, 0.7072625756263733, 0.7162010669708252, 0.7346368432044983]",1.2005,0.4480446927374302,0.453072625698324,0.46145251396648046,0.4620111731843575,0.46256983240223465,0.46256983240223465,0.44078212290502794
283,0.48379888268156424,0.37003039467369525,0.34795496179103835,0.25250017968557836,0.5067039106145251,0.1198621615767479,0.07155031664296985,0.0,0.07161859888583422,1.4601411019684747,"[0.6446927189826965, 0.7072625756263733, 0.7162010669708252, 0.7346368432044983]",0.9922,0.4810055865921788,0.46871508379888266,0.4748603351955307,0.48547486033519555,0.47094972067039104,0.47094972067039104,0.4893854748603352
284,0.4011173184357542,0.3155805926608103,0.31961925620739795,0.18030761263573003,0.5027932960893855,0.11657287925481796,0.07152816606685519,0.0,0.07159557146951556,1.4884038500022143,"[0.6446927189826965, 0.7072625756263733, 0.7162010669708252, 0.7346368432044983]",1.0944,0.49050279329608937,0.49553072625698324,0.5044692737430168,0.5217877094972067,0.4921787709497207,0.4921787709497207,0.4849162011173184
285,0.5050279329608939,0.39335959912787355,0.3708320042928119,0.27813960349498107,0.524022346368715,0.11740764230489731,0.07151522627100348,0.0,0.07156791212037206,1.1630322840064764,"[0.6446927189826965, 0.7072625756263733, 0.7162010669708252, 0.7346368432044983]",1.1652,0.4888268156424581,0.49273743016759775,0.49553072625698324,0.5067039106145251,0.4977653631284916,0.4977653631284916,0.4921787709497207
286,0.4977653631284916,0.3949328384136299,0.36553245863689193,0.28289783022472825,0.5223463687150838,0.11540201306343079,0.07157816970720887,0.0,0.07155154878273606,1.2325235269963741,"[0.6446927189826965, 0.7072625756263733, 0.7162010669708252, 0.7346368432044983]",1.1339,0.4474860335195531,0.4547486033519553,0.45754189944134077,0.4519553072625698,0.4558659217877095,0.4558659217877095,0.4430167597765363
287,0.5106145251396648,0.40616647062075983,0.35291714002897356,0.2816120829423886,0.5145251396648045,0.11392369866371155,0.07155529595911503,0.0,0.07153269788250327,1.1508048709947616,"[0.6446927189826965, 0.7072625756263733, 0.7162010669708252, 0.7346368432044983]",1.2965,0.46256983240223465,0.464804469273743,0.45754189944134077,0.46759776536312847,0.4720670391061452,0.4720670391061452,0.46256983240223465
288,0.46759776536312847,0.3701472070029018,0.3417926224917562,0.28126383659315995,0.5268156424581005,0.11492754518985748,0.07152294274419546,0.0,0.07151091238483787,1.230636170017533,"[0.6446927189826965, 0.7072625756263733, 0.7162010669708252, 0.7346368432044983]",1.2166,0.4620111731843575,0.47374301675977654,0.48156424581005586,0.47374301675977654,0.47430167597765366,0.47430167597765366,0.4569832402234637
289,0.5374301675977654,0.4355834669049058,0.3885406638000198,0.33187520654013086,0.5625698324022347,0.11402188986539841,0.07158258836716413,0.0,0.07148910081014037,1.1207867009798065,"[0.6446927189826965, 0.7072625756263733, 0.7162010669708252, 0.7346368432044983]",1.243,0.43910614525139663,0.453072625698324,0.45139664804469276,0.44189944134078213,0.42793296089385474,0.42793296089385474,0.43072625698324024
290,0.4893854748603352,0.38113124756490135,0.35308658058432246,0.2547562304955754,0.5078212290502794,0.11759216338396072,0.07157025206834078,0.0,0.07147710677236319,1.0700314439600334,"[0.6446927189826965, 0.7072625756263733, 0.7162010669708252, 0.7346368432044983]",1.0312,0.44581005586592176,0.4519553072625698,0.4681564245810056,0.48547486033519555,0.4877094972067039,0.4877094972067039,0.44078212290502794
291,0.488268156424581,0.38434758055553053,0.33405760283094793,0.25323429839055067,0.4977653631284916,0.11956603080034256,0.0716484384611249,0.0,0.0714639057405293,1.335893688024953,"[0.6446927189826965, 0.7072625756263733, 0.7162010669708252, 0.7346368432044983]",0.922,0.4849162011173184,0.47374301675977654,0.4620111731843575,0.4731843575418994,0.47653631284916204,0.47653631284916204,0.48547486033519555
292,0.4893854748603352,0.38325399993742293,0.361757637233274,0.2664583173054496,0.535195530726257,0.11636674404144287,0.07169517315924168,0.0,0.07144957454875112,1.1693595038959756,"[0.6446927189826965, 0.7072625756263733, 0.7162010669708252, 0.7346368432044983]",1.1507,0.4620111731843575,0.45083798882681564,0.4564245810055866,0.4692737430167598,0.4731843575418994,0.4731843575418994,0.46145251396648046
293,0.49441340782122906,0.395140664006697,0.3345022852083272,0.28583194326370637,0.5139664804469274,0.11513489484786987,0.07158957002684474,0.0,0.07143450900912285,1.3418254450662062,"[0.6446927189826965, 0.7072625756263733, 0.7162010669708252, 0.7346368432044983]",1.3138,0.4072625698324022,0.41284916201117317,0.4229050279329609,0.44078212290502794,0.4363128491620112,0.4363128491620112,0.4044692737430168
294,0.517877094972067,0.415564712861458,0.3783560269058289,0.2939896486324873,0.5363128491620112,0.1132020503282547,0.07153688231483102,0.0,0.07143894210457802,1.3783609030069783,"[0.6446927189826965, 0.7072625756263733, 0.7162010669708252, 0.7346368432044983]",1.2274,0.4653631284916201,0.46871508379888266,0.47653631284916204,0.49329608938547487,0.48547486033519555,0.48547486033519555,0.45754189944134077
295,0.5284916201117319,0.42480281803824704,0.36364280256672266,0.31116298242475726,0.5329608938547487,0.11538621783256531,0.07159596076235175,0.0,0.07142453547567129,1.3298905019182712,"[0.6446927189826965, 0.7072625756263733, 0.7162010669708252, 0.7346368432044983]",1.3067,0.4463687150837989,0.4480446927374302,0.4592178770949721,0.48044692737430167,0.47094972067039104,0.47094972067039104,0.45251396648044695
296,0.5189944134078213,0.4181061823410013,0.3470105955702504,0.29607792944384537,0.5256983240223464,0.11327104270458221,0.07167230360209942,0.0,0.07140814047306776,1.154000396025367,"[0.6446927189826965, 0.7072625756263733, 0.7162010669708252, 0.7346368432044983]",1.3535,0.4664804469273743,0.4748603351955307,0.48435754189944136,0.49162011173184356,0.4888268156424581,0.4888268156424581,0.4642458100558659
297,0.5027932960893855,0.4022333980091457,0.32883941305553627,0.2886033702809711,0.506145251396648,0.11640963703393936,0.07172625185921788,0.0,0.0713996784761548,1.449730015010573,"[0.6446927189826965, 0.7072625756263733, 0.7162010669708252, 0.7346368432044983]",1.2529,0.4463687150837989,0.4480446927374302,0.4569832402234637,0.47653631284916204,0.4642458100558659,0.4642458100558659,0.453072625698324
298,0.49050279329608937,0.3909024902226059,0.34984847027361105,0.26950321480468803,0.5206703910614525,0.1181831881403923,0.07170821353793144,0.0,0.07139345398172736,1.470781633979641,"[0.6446927189826965, 0.7072625756263733, 0.7162010669708252, 0.7346368432044983]",1.1814,0.46759776536312847,0.46145251396648046,0.4731843575418994,0.4977653631284916,0.4798882681564246,0.4798882681564246,0.4681564245810056
299,0.44972067039106145,0.34086076335512583,0.32632421984451765,0.21514426540148374,0.4871508379888268,0.12058006227016449,0.07169274520128965,0.0,0.07138411048799753,1.491681003011763,"[0.6446927189826965, 0.7072625756263733, 0.7162010669708252, 0.7346368432044983]",1.1337,0.4441340782122905,0.44692737430167595,0.4631284916201117,0.45754189944134077,0.453072625698324,0.453072625698324,0.44078212290502794
300,0.47094972067039104,0.36800195065499064,0.3357684203469085,0.24631032338852793,0.5150837988826815,0.11847016215324402,0.07168160565197468,0.0,0.07137881824746728,1.283977859071456,"[0.6446927189826965, 0.7072625756263733, 0.7162010669708252, 0.7346368432044983]",,,,,,,,
