round,ACC,Kappa,NMI,ARI,PURITY,alignment_loss,mean_reconstruction_loss,mean_consensus_loss,mean_local_total_loss,round_seconds,observed_rates,completion_eval_seconds,C025_ACC,C050_ACC,C075_ACC,C100_ACC,D0_ACC,E0_ACC,G0_ACC
1,0.347953216374269,0.27704813138374773,0.4159316139852697,0.1028634216305999,0.39766081871345027,0.07638952136039734,0.29649779200553894,0.0,0.29076265171170235,2.130880006006919,"[0.6622806787490845, 0.7412281036376953, 0.7353801131248474, 0.7266082167625427]",0.6882,0.4239766081871345,0.4473684210526316,0.489766081871345,0.5043859649122807,0.4766081871345029,0.4766081871345029,0.4239766081871345
2,0.46345029239766083,0.39710498569785113,0.4775819326008162,0.25014625794252315,0.47368421052631576,0.06169722229242325,0.28813471272587776,0.0,0.2827284671366215,0.8783840939868242,"[0.6622806787490845, 0.7412281036376953, 0.7353801131248474, 0.7266082167625427]",0.7652,0.3435672514619883,0.3567251461988304,0.391812865497076,0.40789473684210525,0.3845029239766082,0.3845029239766082,0.3406432748538012
3,0.3669590643274854,0.2980009386154948,0.3884134171199108,0.1523264181450827,0.38011695906432746,0.06145167350769043,0.2803128771483898,0.0,0.2745748199522495,0.7318110640626401,"[0.6622806787490845, 0.7412281036376953, 0.7353801131248474, 0.7266082167625427]",0.6956,0.3230994152046784,0.3391812865497076,0.40350877192982454,0.41812865497076024,0.40789473684210525,0.40789473684210525,0.3216374269005848
4,0.3362573099415205,0.26504008084805253,0.37177957818467705,0.13597579907132,0.37280701754385964,0.06051057577133179,0.27175675705075264,0.0,0.2656502164900303,0.7281321380287409,"[0.6622806787490845, 0.7412281036376953, 0.7353801131248474, 0.7266082167625427]",0.6626,0.3157894736842105,0.3230994152046784,0.37280701754385964,0.39035087719298245,0.3961988304093567,0.3961988304093567,0.31140350877192985
5,0.3435672514619883,0.27591231238594627,0.35655356703309876,0.15725956489523468,0.3932748538011696,0.06018700450658798,0.262577548623085,0.0,0.25605732575058937,0.7523738039890304,"[0.6622806787490845, 0.7412281036376953, 0.7353801131248474, 0.7266082167625427]",0.6769,0.32748538011695905,0.33771929824561403,0.3845029239766082,0.38596491228070173,0.3845029239766082,0.3845029239766082,0.3216374269005848
6,0.32456140350877194,0.2636729672296163,0.3683701302359758,0.17683347084194842,0.38011695906432746,0.06146075576543808,0.25299711525440216,0.0,0.24640697985887527,0.7845865080598742,"[0.6622806787490845, 0.7412281036376953, 0.7353801131248474, 0.7266082167625427]",0.7371,0.2982456140350877,0.3216374269005848,0.3786549707602339,0.3830409356725146,0.3786549707602339,0.3786549707602339,0.2777777777777778
7,0.3742690058479532,0.3088005439838317,0.367505654068481,0.16922907357142095,0.40350877192982454,0.06290403008460999,0.2433413378894329,0.0,0.23648588731884956,0.7515666380058974,"[0.6622806787490845, 0.7412281036376953, 0.7353801131248474, 0.7266082167625427]",0.7402,0.27923976608187134,0.30116959064327486,0.347953216374269,0.35526315789473684,0.3391812865497076,0.3391812865497076,0.27631578947368424
8,0.358187134502924,0.2917384105179238,0.342844342868361,0.12515258627076903,0.39473684210526316,0.0646064281463623,0.23356825858354568,0.0,0.22678092494606972,0.9556223179679364,"[0.6622806787490845, 0.7412281036376953, 0.7353801131248474, 0.7266082167625427]",0.7123,0.27631578947368424,0.29239766081871343,0.3347953216374269,0.32456140350877194,0.3435672514619883,0.3435672514619883,0.26608187134502925
9,0.36257309941520466,0.28490827084976855,0.3278888104157409,0.1164322853823017,0.3815789473684211,0.06420990079641342,0.22393634170293808,0.0,0.21706419810652733,0.7526069349842146,"[0.6622806787490845, 0.7412281036376953, 0.7353801131248474, 0.7266082167625427]",0.7214,0.2646198830409357,0.2821637426900585,0.3304093567251462,0.3172514619883041,0.34210526315789475,0.34210526315789475,0.2543859649122807
10,0.2953216374269006,0.23172394186336442,0.29112909072560034,0.13293166267709008,0.3406432748538012,0.06632231920957565,0.21435795724391937,0.0,0.2075415402650833,0.7337351660244167,"[0.6622806787490845, 0.7412281036376953, 0.7353801131248474, 0.7266082167625427]",0.8838,0.23684210526315788,0.2573099415204678,0.3084795321637427,0.32456140350877194,0.3347953216374269,0.3347953216374269,0.23684210526315788
11,0.2821637426900585,0.20597122200103068,0.23999184136335178,0.11426873300746397,0.3128654970760234,0.06570380181074142,0.20494144782423973,0.0,0.19818894751369953,0.7539059669943526,"[0.6622806787490845, 0.7412281036376953, 0.7353801131248474, 0.7266082167625427]",0.6764,0.2236842105263158,0.25,0.260233918128655,0.2909356725146199,0.31140350877192985,0.31140350877192985,0.21929824561403508
12,0.2909356725146199,0.21432935927131158,0.2430238589780023,0.11616842127483072,0.3230994152046784,0.06513462960720062,0.19575520604848862,0.0,0.1891540139913559,0.7950228340923786,"[0.6622806787490845, 0.7412281036376953, 0.7353801131248474, 0.7266082167625427]",0.6834,0.21783625730994152,0.24561403508771928,0.28362573099415206,0.29385964912280704,0.3201754385964912,0.3201754385964912,0.22076023391812866
13,0.31140350877192985,0.24544334571550352,0.27299060272763975,0.11641868061999265,0.3391812865497076,0.06433594971895218,0.18672524020075798,0.0,0.1804051175713539,0.739080318948254,"[0.6622806787490845, 0.7412281036376953, 0.7353801131248474, 0.7266082167625427]",0.7241,0.2309941520467836,0.2412280701754386,0.2675438596491228,0.2982456140350877,0.3201754385964912,0.3201754385964912,0.23391812865497075
14,0.29678362573099415,0.2126849509788672,0.2505390127788846,0.13613569648558718,0.31871345029239767,0.06509074568748474,0.1780105996876955,0.0,0.17199737206101418,0.7336814790032804,"[0.6622806787490845, 0.7412281036376953, 0.7353801131248474, 0.7266082167625427]",0.824,0.19444444444444445,0.20760233918128654,0.25146198830409355,0.27485380116959063,0.2880116959064328,0.2880116959064328,0.19444444444444445
15,0.2953216374269006,0.22839027975088522,0.239297883069803,0.12846146638748349,0.31140350877192985,0.06436430662870407,0.1697059366852045,0.0,0.1639530435204506,1.0703811899293214,"[0.6622806787490845, 0.7412281036376953, 0.7353801131248474, 0.7266082167625427]",1.0251,0.21783625730994152,0.2309941520467836,0.24561403508771928,0.26169590643274854,0.27923976608187134,0.27923976608187134,0.2149122807017544
16,0.2821637426900585,0.20114745675629386,0.21703050040409877,0.10700429956277425,0.30994152046783624,0.06494680047035217,0.16182825528085232,0.0,0.15638407692313194,0.9869719380512834,"[0.6622806787490845, 0.7412281036376953, 0.7353801131248474, 0.7266082167625427]",0.965,0.21929824561403508,0.22953216374269006,0.25292397660818716,0.30116959064327486,0.2894736842105263,0.2894736842105263,0.2149122807017544
17,0.29239766081871343,0.19890818282130196,0.21237691286644025,0.11473033581961746,0.31140350877192985,0.0630977675318718,0.15439773350954056,0.0,0.14926211722195148,0.8115114029496908,"[0.6622806787490845, 0.7412281036376953, 0.7353801131248474, 0.7266082167625427]",0.8278,0.2134502923976608,0.22953216374269006,0.2675438596491228,0.30701754385964913,0.3055555555555556,0.3055555555555556,0.21052631578947367
18,0.26169590643274854,0.18551267994199405,0.21037099328973363,0.09128949960268594,0.30116959064327486,0.06334611028432846,0.14742405526340008,0.0,0.1426475439220667,0.8043615170754492,"[0.6622806787490845, 0.7412281036376953, 0.7353801131248474, 0.7266082167625427]",0.8253,0.2134502923976608,0.22514619883040934,0.260233918128655,0.30116959064327486,0.30116959064327486,0.30116959064327486,0.2149122807017544
19,0.2412280701754386,0.14014363396349816,0.16693341303688974,0.08510124881737229,0.27046783625730997,0.06390977650880814,0.1409340798854828,0.0,0.1365230530500412,0.8789789970032871,"[0.6622806787490845, 0.7412281036376953, 0.7353801131248474, 0.7266082167625427]",0.8062,0.2046783625730994,0.20614035087719298,0.23391812865497075,0.24269005847953215,0.24415204678362573,0.24415204678362573,0.2046783625730994
20,0.24561403508771928,0.15417133983262865,0.19104088934421676,0.09784932306324862,0.2646198830409357,0.06474720686674118,0.13492277823388577,0.0,0.13086237013339996,0.8574362830258906,"[0.6622806787490845, 0.7412281036376953, 0.7353801131248474, 0.7266082167625427]",0.7389,0.20321637426900585,0.21198830409356725,0.24853801169590642,0.2777777777777778,0.2777777777777778,0.2777777777777778,0.20614035087719298
21,0.27046783625730997,0.17494543002110274,0.1875275459308415,0.09598596139832373,0.29239766081871343,0.06271617114543915,0.12939082458615303,0.0,0.1256821472197771,0.9882515789940953,"[0.6622806787490845, 0.7412281036376953, 0.7353801131248474, 0.7266082167625427]",1.0784,0.19736842105263158,0.20175438596491227,0.21783625730994152,0.23391812865497075,0.25146198830409355,0.25146198830409355,0.20175438596491227
22,0.25,0.15830226968523775,0.1777805962367869,0.09000794150112493,0.2807017543859649,0.06239156424999237,0.12432769872248173,0.0,0.12096642144024372,1.0821981409098953,"[0.6622806787490845, 0.7412281036376953, 0.7353801131248474, 0.7266082167625427]",1.071,0.20321637426900585,0.20760233918128654,0.2543859649122807,0.25877192982456143,0.27631578947368424,0.27631578947368424,0.20175438596491227
23,0.2573099415204678,0.16573749945978633,0.19991487571103062,0.09271292453352463,0.27485380116959063,0.060236841440200806,0.11972562223672867,0.0,0.11669758800417185,1.11034158593975,"[0.6622806787490845, 0.7412281036376953, 0.7353801131248474, 0.7266082167625427]",1.0285,0.2046783625730994,0.21198830409356725,0.2543859649122807,0.25292397660818716,0.2543859649122807,0.2543859649122807,0.20321637426900585
24,0.27631578947368424,0.2031011692933401,0.23032103175762797,0.10456346464080525,0.31140350877192985,0.059414517134428024,0.11556240264326334,0.0,0.11284622270613909,1.1506225619232282,"[0.6622806787490845, 0.7412281036376953, 0.7353801131248474, 0.7266082167625427]",1.0491,0.2046783625730994,0.2222222222222222,0.22076023391812866,0.24269005847953215,0.24269005847953215,0.24269005847953215,0.2046783625730994
25,0.2880116959064328,0.19571962170032053,0.2310289568550842,0.10138033733274587,0.2997076023391813,0.06236691027879715,0.11181160807609558,0.0,0.10938236024230719,1.3973462550202385,"[0.6622806787490845, 0.7412281036376953, 0.7353801131248474, 0.7266082167625427]",0.9228,0.19005847953216373,0.20175438596491227,0.22807017543859648,0.25,0.2573099415204678,0.2573099415204678,0.195906432748538
26,0.22514619883040934,0.1390300669738278,0.15590445750352996,0.06488090143807419,0.24269005847953215,0.059925250709056854,0.10844282433390617,0.0,0.10627927910536528,0.8775354329263791,"[0.6622806787490845, 0.7412281036376953, 0.7353801131248474, 0.7266082167625427]",0.8199,0.195906432748538,0.20321637426900585,0.2149122807017544,0.2412280701754386,0.2412280701754386,0.2412280701754386,0.195906432748538
27,0.25877192982456143,0.15977234566824394,0.17680816465561247,0.08055191105438665,0.27923976608187134,0.06140035390853882,0.10543174762278795,0.0,0.10350010264664888,0.8604295629775152,"[0.6622806787490845, 0.7412281036376953, 0.7353801131248474, 0.7266082167625427]",0.8444,0.19883040935672514,0.2046783625730994,0.2222222222222222,0.24269005847953215,0.24707602339181287,0.24707602339181287,0.19736842105263158
28,0.25146198830409355,0.15229941398165692,0.18099331064894714,0.0808523178653652,0.27631578947368424,0.0595671646296978,0.10273060761392117,0.0,0.10101466067135334,1.2446950149023905,"[0.6622806787490845, 0.7412281036376953, 0.7353801131248474, 0.7266082167625427]",1.084,0.2046783625730994,0.20760233918128654,0.23391812865497075,0.25146198830409355,0.25292397660818716,0.25292397660818716,0.20029239766081872
29,0.2222222222222222,0.12818436430109892,0.1536522254848514,0.07914891405173283,0.2412280701754386,0.0584481917321682,0.1003230893984437,0.0,0.09878744836896658,0.8864653049968183,"[0.6622806787490845, 0.7412281036376953, 0.7353801131248474, 0.7266082167625427]",0.7719,0.19298245614035087,0.195906432748538,0.24853801169590642,0.2573099415204678,0.2719298245614035,0.2719298245614035,0.195906432748538
30,0.23976608187134502,0.14479442173599433,0.16155340416864342,0.08428496328425794,0.2675438596491228,0.057532403618097305,0.0981700997799635,0.0,0.09679848607629538,0.9359233530703932,"[0.6622806787490845, 0.7412281036376953, 0.7353801131248474, 0.7266082167625427]",0.8607,0.195906432748538,0.20029239766081872,0.22076023391812866,0.25146198830409355,0.24853801169590642,0.24853801169590642,0.195906432748538
31,0.28654970760233917,0.1930978966376662,0.18364838687934162,0.0931634341841399,0.28654970760233917,0.05779418721795082,0.09624630212783813,0.0,0.09502288419753313,0.7867345650447533,"[0.6622806787490845, 0.7412281036376953, 0.7353801131248474, 0.7266082167625427]",1.0211,0.18859649122807018,0.1871345029239766,0.21637426900584794,0.21783625730994152,0.2309941520467836,0.2309941520467836,0.19298245614035087
32,0.25146198830409355,0.15230351778742224,0.17110257995638845,0.08228836046889598,0.2631578947368421,0.05640286207199097,0.09452242963016033,0.0,0.09343334194272757,0.8947918460471556,"[0.6622806787490845, 0.7412281036376953, 0.7353801131248474, 0.7266082167625427]",0.875,0.19005847953216373,0.195906432748538,0.22953216374269006,0.24853801169590642,0.25,0.25,0.1915204678362573
33,0.22514619883040934,0.1231829725480712,0.15651965648597438,0.07309367261523303,0.25,0.055640824139118195,0.09297763183712959,0.0,0.09201179817318916,0.8595667900517583,"[0.6622806787490845, 0.7412281036376953, 0.7353801131248474, 0.7266082167625427]",0.738,0.19298245614035087,0.1915204678362573,0.20029239766081872,0.2236842105263158,0.21929824561403508,0.21929824561403508,0.1915204678362573
34,0.21637426900584794,0.12124618596434877,0.1530743578390238,0.07202123172146631,0.24269005847953215,0.053690873086452484,0.09159638080745935,0.0,0.09073779359459877,0.8904819709714502,"[0.6622806787490845, 0.7412281036376953, 0.7353801131248474, 0.7266082167625427]",0.793,0.19005847953216373,0.19444444444444445,0.21052631578947367,0.2222222222222222,0.2309941520467836,0.2309941520467836,0.1915204678362573
35,0.2573099415204678,0.1645821612498377,0.170710704630013,0.08691133407192884,0.27485380116959063,0.054000016301870346,0.09035759512335062,0.0,0.08959847781807184,0.7911225440911949,"[0.6622806787490845, 0.7412281036376953, 0.7353801131248474, 0.7266082167625427]",1.0087,0.19444444444444445,0.19883040935672514,0.23391812865497075,0.24561403508771928,0.260233918128655,0.260233918128655,0.19444444444444445
36,0.24269005847953215,0.1463431088152809,0.17682046513820518,0.08028950016986901,0.26900584795321636,0.057367902249097824,0.08924551215022802,0.0,0.0885863546282053,0.8321074480190873,"[0.6622806787490845, 0.7412281036376953, 0.7353801131248474, 0.7266082167625427]",0.7299,0.1871345029239766,0.195906432748538,0.22807017543859648,0.24561403508771928,0.25146198830409355,0.25146198830409355,0.18859649122807018
37,0.23684210526315788,0.13736310198283164,0.16930147241888582,0.07746326855521554,0.2646198830409357,0.056142471730709076,0.0882622692734003,0.0,0.08767778612673283,0.8173996970290318,"[0.6622806787490845, 0.7412281036376953, 0.7353801131248474, 0.7266082167625427]",0.7317,0.19736842105263158,0.19883040935672514,0.20760233918128654,0.2149122807017544,0.22807017543859648,0.22807017543859648,0.19736842105263158
38,0.2733918128654971,0.18771445229242922,0.1765851338135458,0.07979782017189573,0.28654970760233917,0.05513171851634979,0.08738284185528755,0.0,0.0868728943169117,0.8829797760117799,"[0.6622806787490845, 0.7412281036376953, 0.7353801131248474, 0.7266082167625427]",0.9132,0.19298245614035087,0.19736842105263158,0.24269005847953215,0.24415204678362573,0.2573099415204678,0.2573099415204678,0.19298245614035087
39,0.23976608187134502,0.14208804885814352,0.16373689973012273,0.08696393238539107,0.2631578947368421,0.05283563584089279,0.08659696485847235,0.0,0.08615040499716997,0.900674293981865,"[0.6622806787490845, 0.7412281036376953, 0.7353801131248474, 0.7266082167625427]",0.7731,0.19005847953216373,0.19298245614035087,0.23830409356725146,0.2733918128654971,0.26169590643274854,0.26169590643274854,0.19005847953216373
40,0.260233918128655,0.1691376992510083,0.19259024193942798,0.09281141833242644,0.27923976608187134,0.054582275450229645,0.08589822333306074,0.0,0.08550495002418756,0.8830089370021597,"[0.6622806787490845, 0.7412281036376953, 0.7353801131248474, 0.7266082167625427]",1.1747,0.19736842105263158,0.20321637426900585,0.2149122807017544,0.24269005847953215,0.2412280701754386,0.2412280701754386,0.19736842105263158
41,0.24707602339181287,0.1432657369529583,0.1665775608597419,0.0829205483222335,0.26608187134502925,0.05741078034043312,0.08527983073145151,0.0,0.08493798412382603,0.9332127580419183,"[0.6622806787490845, 0.7412281036376953, 0.7353801131248474, 0.7266082167625427]",0.9221,0.1871345029239766,0.19883040935672514,0.24269005847953215,0.2646198830409357,0.28654970760233917,0.28654970760233917,0.1871345029239766
42,0.24707602339181287,0.15344093360377586,0.15039730392293102,0.07719920063715183,0.27046783625730997,0.05309730023145676,0.08473178744316101,0.0,0.08443231415003538,0.8280740568879992,"[0.6622806787490845, 0.7412281036376953, 0.7353801131248474, 0.7266082167625427]",0.8002,0.195906432748538,0.21198830409356725,0.2412280701754386,0.24707602339181287,0.25146198830409355,0.25146198830409355,0.19736842105263158
43,0.24853801169590642,0.15320028324927382,0.1658267215507922,0.06597087076074629,0.2675438596491228,0.05200939625501633,0.08424414694309235,0.0,0.08397957775741816,1.0519926589913666,"[0.6622806787490845, 0.7412281036376953, 0.7353801131248474, 0.7266082167625427]",0.7742,0.1915204678362573,0.20175438596491227,0.2324561403508772,0.24707602339181287,0.24707602339181287,0.24707602339181287,0.1915204678362573
44,0.25,0.16589529833769534,0.18741190939950259,0.07422640949994089,0.2777777777777778,0.05498746037483215,0.08379798755049706,0.0,0.08357206638902426,0.7685957780340686,"[0.6622806787490845, 0.7412281036376953, 0.7353801131248474, 0.7266082167625427]",0.82,0.19444444444444445,0.19298245614035087,0.23976608187134502,0.26608187134502925,0.260233918128655,0.260233918128655,0.19444444444444445
45,0.27046783625730997,0.18249622763526618,0.2089769717775713,0.10523128099080441,0.27631578947368424,0.054859042167663574,0.08340321760624647,0.0,0.08321784343570471,0.7952904399717227,"[0.6622806787490845, 0.7412281036376953, 0.7353801131248474, 0.7266082167625427]",0.701,0.19444444444444445,0.2046783625730994,0.24269005847953215,0.25877192982456143,0.25292397660818716,0.25292397660818716,0.19444444444444445
46,0.2631578947368421,0.18556808194970764,0.2322091438530456,0.09676315143687307,0.27923976608187134,0.05234571546316147,0.08305690158158541,0.0,0.0829110462218523,0.8224401359912008,"[0.6622806787490845, 0.7412281036376953, 0.7353801131248474, 0.7266082167625427]",0.7192,0.20029239766081872,0.20175438596491227,0.2543859649122807,0.2675438596491228,0.2646198830409357,0.2646198830409357,0.20029239766081872
47,0.2675438596491228,0.1883122881566699,0.20366839354790212,0.08321724692507075,0.2733918128654971,0.05169336497783661,0.08275920804589987,0.0,0.08254055306315422,0.776968015008606,"[0.6622806787490845, 0.7412281036376953, 0.7353801131248474, 0.7266082167625427]",0.8691,0.19736842105263158,0.20614035087719298,0.2412280701754386,0.2543859649122807,0.25584795321637427,0.25584795321637427,0.195906432748538
48,0.26608187134502925,0.15802379527821653,0.21080526655544155,0.08570861268420848,0.27923976608187134,0.05217726528644562,0.08246491104364395,0.0,0.08243288286030293,0.9477817428996786,"[0.6622806787490845, 0.7412281036376953, 0.7353801131248474, 0.7266082167625427]",0.6877,0.19444444444444445,0.19444444444444445,0.2236842105263158,0.23684210526315788,0.24853801169590642,0.24853801169590642,0.19444444444444445
49,0.28654970760233917,0.1994166970470288,0.22815406024620394,0.11438309007484453,0.30409356725146197,0.05178002268075943,0.08225748687982559,0.0,0.08221835177391768,0.7565094860037789,"[0.6622806787490845, 0.7412281036376953, 0.7353801131248474, 0.7266082167625427]",0.7069,0.20029239766081872,0.21052631578947367,0.23391812865497075,0.24415204678362573,0.25292397660818716,0.25292397660818716,0.20175438596491227
50,0.27485380116959063,0.188254885822024,0.2315133480658596,0.11753379398603396,0.2894736842105263,0.05324437841773033,0.08203849568963051,0.0,0.08204796351492405,0.7525034920545295,"[0.6622806787490845, 0.7412281036376953, 0.7353801131248474, 0.7266082167625427]",0.8175,0.20614035087719298,0.2134502923976608,0.25877192982456143,0.2850877192982456,0.27631578947368424,0.27631578947368424,0.20614035087719298
51,0.2982456140350877,0.20633731147731194,0.24114149012664401,0.11117836158837807,0.3157894736842105,0.05292132869362831,0.08183502592146397,0.0,0.08194093033671379,0.771196671994403,"[0.6622806787490845, 0.7412281036376953, 0.7353801131248474, 0.7266082167625427]",0.9334,0.20175438596491227,0.21198830409356725,0.23976608187134502,0.2543859649122807,0.2807017543859649,0.2807017543859649,0.20175438596491227
52,0.2982456140350877,0.20110568219423408,0.22982616400355546,0.12810422131765495,0.3026315789473684,0.05551750957965851,0.08165512979030609,0.0,0.08180034812539816,0.7835083650425076,"[0.6622806787490845, 0.7412281036376953, 0.7353801131248474, 0.7266082167625427]",0.7203,0.21198830409356725,0.2222222222222222,0.3026315789473684,0.31871345029239767,0.32456140350877194,0.32456140350877194,0.2134502923976608
53,0.26900584795321636,0.17971645052275087,0.22171597335251458,0.1052264515143677,0.28654970760233917,0.05489762872457504,0.08149399608373642,0.0,0.08174076862633228,0.7737775360001251,"[0.6622806787490845, 0.7412281036376953, 0.7353801131248474, 0.7266082167625427]",0.7182,0.21052631578947367,0.2236842105263158,0.25292397660818716,0.24269005847953215,0.25877192982456143,0.25877192982456143,0.20760233918128654
54,0.2646198830409357,0.18319342095267033,0.23247576500951117,0.09979333811123055,0.2953216374269006,0.05402547866106033,0.0813443511724472,0.0,0.08163782767951488,0.7855028789490461,"[0.6622806787490845, 0.7412281036376953, 0.7353801131248474, 0.7266082167625427]",0.7118,0.20175438596491227,0.2236842105263158,0.30116959064327486,0.30116959064327486,0.3055555555555556,0.3055555555555556,0.20175438596491227
55,0.2573099415204678,0.15272223631078952,0.2162515036102803,0.0942798632517319,0.2821637426900585,0.0565325953066349,0.08121778536587954,0.0,0.08151596318930387,0.9222477310104296,"[0.6622806787490845, 0.7412281036376953, 0.7353801131248474, 0.7266082167625427]",0.8459,0.20760233918128654,0.22660818713450293,0.3026315789473684,0.2894736842105263,0.31871345029239767,0.31871345029239767,0.20760233918128654
56,0.30116959064327486,0.21793792338015228,0.258189788436182,0.10681933893072894,0.3201754385964912,0.05517442896962166,0.08109831996262074,0.0,0.08140414860099554,1.1734009340871125,"[0.6622806787490845, 0.7412281036376953, 0.7353801131248474, 0.7266082167625427]",1.131,0.20906432748538012,0.22514619883040934,0.30994152046783624,0.31140350877192985,0.3157894736842105,0.3157894736842105,0.21052631578947367
57,0.2807017543859649,0.1697042517967683,0.22783874962460232,0.07550957716731473,0.3026315789473684,0.05503720045089722,0.08098952565342188,0.0,0.08128891792148352,1.1515214139362797,"[0.6622806787490845, 0.7412281036376953, 0.7353801131248474, 0.7266082167625427]",1.1135,0.2309941520467836,0.2543859649122807,0.31432748538011696,0.3260233918128655,0.3230994152046784,0.3230994152046784,0.2309941520467836
58,0.25146198830409355,0.1320420833488234,0.21507905916184408,0.057283061229811354,0.2821637426900585,0.054048821330070496,0.08088728971779346,0.0,0.081176882609725,0.9273363969987258,"[0.6622806787490845, 0.7412281036376953, 0.7353801131248474, 0.7266082167625427]",0.7118,0.24853801169590642,0.27046783625730997,0.2982456140350877,0.2880116959064328,0.3230994152046784,0.3230994152046784,0.25
59,0.28654970760233917,0.20409360350607797,0.2615222777585707,0.09445979524860845,0.3172514619883041,0.05666564404964447,0.08079045172780752,0.0,0.08112312573939562,0.7442875780398026,"[0.6622806787490845, 0.7412281036376953, 0.7353801131248474, 0.7266082167625427]",0.6862,0.27046783625730997,0.3026315789473684,0.3932748538011696,0.3742690058479532,0.391812865497076,0.391812865497076,0.2675438596491228
60,0.2953216374269006,0.21411357509099882,0.24913591307847568,0.08946643174222688,0.32456140350877194,0.056803248822689056,0.08069608174264431,0.0,0.08109800051897764,0.7449814900755882,"[0.6622806787490845, 0.7412281036376953, 0.7353801131248474, 0.7266082167625427]",0.9029,0.2719298245614035,0.29678362573099415,0.3611111111111111,0.35526315789473684,0.3757309941520468,0.3757309941520468,0.26900584795321636
61,0.35233918128654973,0.25874245622961933,0.30471829997891986,0.12971345317966454,0.37280701754385964,0.057491689920425415,0.08060887735337019,0.0,0.08103696815669537,0.7672035389114171,"[0.6622806787490845, 0.7412281036376953, 0.7353801131248474, 0.7266082167625427]",0.6694,0.29385964912280704,0.3201754385964912,0.40058479532163743,0.3888888888888889,0.4093567251461988,0.4093567251461988,0.2909356725146199
62,0.30409356725146197,0.2036337219967861,0.26381564154994547,0.11552166756709842,0.3362573099415205,0.0572022870182991,0.08052785228937864,0.0,0.08094468805938959,0.7474965740693733,"[0.6622806787490845, 0.7412281036376953, 0.7353801131248474, 0.7266082167625427]",0.7889,0.2733918128654971,0.28654970760233917,0.3333333333333333,0.3347953216374269,0.3611111111111111,0.3611111111111111,0.26900584795321636
63,0.32456140350877194,0.23317269193250156,0.2945798299754504,0.15121439752737378,0.34649122807017546,0.056888021528720856,0.0804520957171917,0.0,0.08085112925618887,0.9489049819530919,"[0.6622806787490845, 0.7412281036376953, 0.7353801131248474, 0.7266082167625427]",0.8837,0.29385964912280704,0.30409356725146197,0.391812865497076,0.391812865497076,0.39766081871345027,0.39766081871345027,0.29678362573099415
64,0.3172514619883041,0.2116645647876445,0.2536141442272085,0.10179761618507895,0.3230994152046784,0.05754920840263367,0.08037690445780754,0.0,0.08087098319083452,0.7948086430551484,"[0.6622806787490845, 0.7412281036376953, 0.7353801131248474, 0.7266082167625427]",0.7024,0.2631578947368421,0.2807017543859649,0.3391812865497076,0.3406432748538012,0.3538011695906433,0.3538011695906433,0.26169590643274854
65,0.31140350877192985,0.21341878776780798,0.24747976461877683,0.11995928838269064,0.3230994152046784,0.05754796415567398,0.08030277863144875,0.0,0.08084490057080984,0.7427056430606171,"[0.6622806787490845, 0.7412281036376953, 0.7353801131248474, 0.7266082167625427]",0.7051,0.25,0.26608187134502925,0.3216374269005848,0.29239766081871343,0.3216374269005848,0.3216374269005848,0.25
66,0.3260233918128655,0.21938684570138434,0.2812760876504886,0.09556827008320704,0.3304093567251462,0.05740506574511528,0.08023748826235533,0.0,0.08077142387628555,0.7482802229933441,"[0.6622806787490845, 0.7412281036376953, 0.7353801131248474, 0.7266082167625427]",0.6878,0.27046783625730997,0.2807017543859649,0.35233918128654973,0.33187134502923976,0.3508771929824561,0.3508771929824561,0.27046783625730997
67,0.32894736842105265,0.21909456995679544,0.267811979478039,0.10493951722699611,0.3304093567251462,0.05498281121253967,0.0801731152459979,0.0,0.08070243615657091,0.7655464810086414,"[0.6622806787490845, 0.7412281036376953, 0.7353801131248474, 0.7266082167625427]",0.7426,0.28362573099415206,0.30701754385964913,0.3713450292397661,0.36403508771929827,0.37719298245614036,0.37719298245614036,0.2821637426900585
68,0.3260233918128655,0.2198136899533606,0.2818811744463063,0.11117299734886733,0.3347953216374269,0.05658881366252899,0.08011306636035442,0.0,0.08063045144081116,0.7850387659855187,"[0.6622806787490845, 0.7412281036376953, 0.7353801131248474, 0.7266082167625427]",0.7644,0.2675438596491228,0.2880116959064328,0.35233918128654973,0.347953216374269,0.358187134502924,0.358187134502924,0.2646198830409357
69,0.31432748538011696,0.21232017325243624,0.25774369565169947,0.1146235294335027,0.33187134502923976,0.05417974293231964,0.08005502168089151,0.0,0.08059248887002468,0.7561571639962494,"[0.6622806787490845, 0.7412281036376953, 0.7353801131248474, 0.7266082167625427]",0.7563,0.25,0.2631578947368421,0.3362573099415205,0.3406432748538012,0.3654970760233918,0.3654970760233918,0.25
70,0.33771929824561403,0.23588423295454553,0.2627265458564891,0.11550719557404386,0.34210526315789475,0.05427876487374306,0.08000373560935259,0.0,0.08057557325810194,0.9802163679851219,"[0.6622806787490845, 0.7412281036376953, 0.7353801131248474, 0.7266082167625427]",1.1092,0.2997076023391813,0.3157894736842105,0.38011695906432746,0.38011695906432746,0.38742690058479534,0.38742690058479534,0.2982456140350877
71,0.3538011695906433,0.2614672063669653,0.28925918834181,0.15773584490464385,0.3684210526315789,0.05535587668418884,0.07994704134762287,0.0,0.08048546686768532,0.8050357450265437,"[0.6622806787490845, 0.7412281036376953, 0.7353801131248474, 0.7266082167625427]",0.7113,0.2821637426900585,0.3084795321637427,0.3742690058479532,0.36988304093567254,0.3757309941520468,0.3757309941520468,0.27923976608187134
72,0.32748538011695905,0.22440568335321787,0.27169094266776006,0.13140927209487874,0.3362573099415205,0.05516880750656128,0.07989824656397104,0.0,0.08032278716564178,0.8722001619171351,"[0.6622806787490845, 0.7412281036376953, 0.7353801131248474, 0.7266082167625427]",0.707,0.31432748538011696,0.34649122807017546,0.3786549707602339,0.36257309941520466,0.38742690058479534,0.38742690058479534,0.30994152046783624
73,0.3508771929824561,0.26335832498526457,0.3143190209282604,0.18647015991843005,0.3611111111111111,0.05593876913189888,0.07988010253757238,0.0,0.08067428972572088,0.7336855500470847,"[0.6622806787490845, 0.7412281036376953, 0.7353801131248474, 0.7266082167625427]",0.673,0.3084795321637427,0.3304093567251462,0.3611111111111111,0.3435672514619883,0.34649122807017546,0.34649122807017546,0.3084795321637427
74,0.3391812865497076,0.24661893784693956,0.2830286925326931,0.1400219873276529,0.35233918128654973,0.05528105050325394,0.07981952652335167,0.0,0.08008577767759562,0.7820073149632663,"[0.6622806787490845, 0.7412281036376953, 0.7353801131248474, 0.7266082167625427]",0.992,0.31432748538011696,0.34502923976608185,0.3932748538011696,0.36988304093567254,0.38742690058479534,0.38742690058479534,0.30994152046783624
75,0.32456140350877194,0.23708632294573784,0.2776688577574596,0.13671725884967728,0.33771929824561403,0.05438457056879997,0.07977505121380091,0.0,0.07984660658985376,1.0907650240696967,"[0.6622806787490845, 0.7412281036376953, 0.7353801131248474, 0.7266082167625427]",0.6899,0.30994152046783624,0.3406432748538012,0.40497076023391815,0.38596491228070173,0.402046783625731,0.402046783625731,0.31140350877192985
76,0.2953216374269006,0.20907782362537186,0.258538436968137,0.07960122382428585,0.2982456140350877,0.05525954067707062,0.07972580660134554,0.0,0.07973671052604914,0.744311603019014,"[0.6622806787490845, 0.7412281036376953, 0.7353801131248474, 0.7266082167625427]",0.6926,0.32456140350877194,0.34502923976608185,0.40789473684210525,0.4093567251461988,0.4239766081871345,0.4239766081871345,0.3216374269005848
77,0.3406432748538012,0.25999952023412576,0.28811283111633684,0.10040241995582128,0.34649122807017546,0.05351867154240608,0.0881632762029767,0.0,0.0796452397480607,0.7348802529741079,"[0.6622806787490845, 0.7412281036376953, 0.7353801131248474, 0.7266082167625427]",0.6987,0.3391812865497076,0.358187134502924,0.39473684210526316,0.3888888888888889,0.40058479532163743,0.40058479532163743,0.33771929824561403
78,0.29239766081871343,0.20699071545603487,0.2636721271014745,0.0732805520891936,0.29385964912280704,0.053772494196891785,0.08777463901787996,0.0,0.07959379814565182,0.7496794019825757,"[0.6622806787490845, 0.7412281036376953, 0.7353801131248474, 0.7266082167625427]",0.6692,0.34649122807017546,0.3611111111111111,0.3742690058479532,0.3684210526315789,0.3815789473684211,0.3815789473684211,0.3435672514619883
79,0.2543859649122807,0.16266811326687614,0.2072816534823176,0.07094558924746264,0.2646198830409357,0.05570288747549057,0.08711261581629515,0.0,0.0795527147129178,0.7389522410230711,"[0.6622806787490845, 0.7412281036376953, 0.7353801131248474, 0.7266082167625427]",0.6922,0.32748538011695905,0.3435672514619883,0.38596491228070173,0.3669590643274854,0.38742690058479534,0.38742690058479534,0.32456140350877194
80,0.2807017543859649,0.19661580183724525,0.25567847133436494,0.07866535244130603,0.29239766081871343,0.055793095380067825,0.08674729894846678,0.0,0.07950848899781704,0.758915220038034,"[0.6622806787490845, 0.7412281036376953, 0.7353801131248474, 0.7266082167625427]",0.6782,0.33771929824561403,0.3538011695906433,0.4064327485380117,0.38742690058479534,0.3845029239766082,0.3845029239766082,0.33187134502923976
81,0.2573099415204678,0.17800325040156895,0.24477126519661832,0.07136380053869104,0.2880116959064328,0.05447123199701309,0.0863654725253582,0.0,0.07946642301976681,0.7375767789781094,"[0.6622806787490845, 0.7412281036376953, 0.7353801131248474, 0.7266082167625427]",0.683,0.26900584795321636,0.2894736842105263,0.33187134502923976,0.3347953216374269,0.3538011695906433,0.3538011695906433,0.26900584795321636
82,0.25146198830409355,0.15577540571031845,0.21356407023978383,0.0552018753369863,0.2573099415204678,0.0550542026758194,0.08607606310397387,0.0,0.07942316681146622,0.717440914013423,"[0.6622806787490845, 0.7412281036376953, 0.7353801131248474, 0.7266082167625427]",0.6944,0.32894736842105265,0.34941520467836257,0.38011695906432746,0.3538011695906433,0.3611111111111111,0.3611111111111111,0.3260233918128655
83,0.25,0.16011747613018112,0.22217190192026337,0.04762555022585321,0.2675438596491228,0.05388685688376427,0.08552715461701155,0.0,0.07938505988568068,0.7231308530317619,"[0.6622806787490845, 0.7412281036376953, 0.7353801131248474, 0.7266082167625427]",0.6717,0.3406432748538012,0.36257309941520466,0.37719298245614036,0.3845029239766082,0.40789473684210525,0.40789473684210525,0.33771929824561403
84,0.3333333333333333,0.2565642697786168,0.30536905184727503,0.1239923834137096,0.35233918128654973,0.052182167768478394,0.0852213203907013,0.0,0.0793446870520711,0.728734481963329,"[0.6622806787490845, 0.7412281036376953, 0.7353801131248474, 0.7266082167625427]",0.6556,0.3201754385964912,0.3508771929824561,0.41228070175438597,0.4108187134502924,0.42543859649122806,0.42543859649122806,0.3201754385964912
85,0.34502923976608185,0.26614363307181643,0.2970355096606103,0.13597495092547285,0.35526315789473684,0.05380091816186905,0.08505345322191715,0.0,0.0793056944385171,0.7375122481025755,"[0.6622806787490845, 0.7412281036376953, 0.7353801131248474, 0.7266082167625427]",0.6497,0.3333333333333333,0.34941520467836257,0.37280701754385964,0.37719298245614036,0.39035087719298245,0.39035087719298245,0.3347953216374269
86,0.2821637426900585,0.20082049134295976,0.25841235679437785,0.06239136191357631,0.3084795321637427,0.05398101359605789,0.08484822046011686,0.0,0.0792636713013053,0.7256933690514416,"[0.6622806787490845, 0.7412281036376953, 0.7353801131248474, 0.7266082167625427]",0.6548,0.3333333333333333,0.3611111111111111,0.4137426900584795,0.4137426900584795,0.4152046783625731,0.4152046783625731,0.3304093567251462
87,0.29678362573099415,0.20957341508182858,0.25699267934538866,0.06233093754991821,0.2982456140350877,0.05477193742990494,0.0846494110301137,0.0,0.07922153268009424,0.7557240650057793,"[0.6622806787490845, 0.7412281036376953, 0.7353801131248474, 0.7266082167625427]",0.6876,0.31140350877192985,0.3304093567251462,0.37280701754385964,0.3684210526315789,0.38596491228070173,0.38596491228070173,0.31140350877192985
88,0.31140350877192985,0.22835154885856568,0.25845307823298314,0.09508219776112131,0.31432748538011696,0.05381403863430023,0.0829489566385746,0.0,0.07922579906880856,0.7441957500996068,"[0.6622806787490845, 0.7412281036376953, 0.7353801131248474, 0.7266082167625427]",0.7184,0.3347953216374269,0.358187134502924,0.37280701754385964,0.38011695906432746,0.3888888888888889,0.3888888888888889,0.32748538011695905
89,0.28654970760233917,0.19913817716793314,0.2594880663282344,0.06550307006588094,0.29385964912280704,0.05288417637348175,0.08350533619523048,0.0,0.0791723569855094,0.8422928920481354,"[0.6622806787490845, 0.7412281036376953, 0.7353801131248474, 0.7266082167625427]",0.8625,0.2997076023391813,0.3260233918128655,0.358187134502924,0.34941520467836257,0.35964912280701755,0.35964912280701755,0.2997076023391813
90,0.29385964912280704,0.2051429492562019,0.2522767371025373,0.05844736079043193,0.2982456140350877,0.05283492058515549,0.08326212223619223,0.0,0.0791275491937995,0.8415757529437542,"[0.6622806787490845, 0.7412281036376953, 0.7353801131248474, 0.7266082167625427]",0.7004,0.3347953216374269,0.36257309941520466,0.40058479532163743,0.4137426900584795,0.4108187134502924,0.4108187134502924,0.33187134502923976
91,0.28654970760233917,0.20089249376355633,0.2643286744283633,0.0679726759539923,0.28654970760233917,0.05393010005354881,0.08298472501337528,0.0,0.07908544410020113,0.7384326290339231,"[0.6622806787490845, 0.7412281036376953, 0.7353801131248474, 0.7266082167625427]",0.914,0.347953216374269,0.3742690058479532,0.402046783625731,0.39473684210526316,0.40789473684210525,0.40789473684210525,0.3391812865497076
92,0.3055555555555556,0.22182809322734165,0.27390522444153254,0.08485017968070539,0.30994152046783624,0.05397728085517883,0.08292277716100216,0.0,0.079055055975914,0.7691070879809558,"[0.6622806787490845, 0.7412281036376953, 0.7353801131248474, 0.7266082167625427]",0.7167,0.34210526315789475,0.37280701754385964,0.3961988304093567,0.40497076023391815,0.41228070175438597,0.41228070175438597,0.3362573099415205
93,0.3157894736842105,0.23131118843335996,0.2928381372563184,0.07512570220860966,0.3230994152046784,0.05253755301237106,0.08281278144568205,0.0,0.07901374157518148,0.8557870180811733,"[0.6622806787490845, 0.7412281036376953, 0.7353801131248474, 0.7266082167625427]",1.1296,0.3435672514619883,0.3713450292397661,0.40058479532163743,0.4195906432748538,0.4239766081871345,0.4239766081871345,0.3435672514619883
94,0.3362573099415205,0.25109067625545345,0.30668002179034054,0.10585482910660343,0.3362573099415205,0.05389105901122093,0.08268502913415432,0.0,0.0789773128926754,1.1884561869082972,"[0.6622806787490845, 0.7412281036376953, 0.7353801131248474, 0.7266082167625427]",0.7047,0.34210526315789475,0.34941520467836257,0.3654970760233918,0.38742690058479534,0.39766081871345027,0.39766081871345027,0.3362573099415205
95,0.3084795321637427,0.2183348191958947,0.29371211284454035,0.0847669944007271,0.3084795321637427,0.054435670375823975,0.08256609085947275,0.0,0.07893904857337475,0.7539052469655871,"[0.6622806787490845, 0.7412281036376953, 0.7353801131248474, 0.7266082167625427]",0.7549,0.35233918128654973,0.38011695906432746,0.4166666666666667,0.40789473684210525,0.4152046783625731,0.4152046783625731,0.34649122807017546
96,0.347953216374269,0.2675868327735351,0.3324704760571318,0.12170926188600034,0.3508771929824561,0.05585036426782608,0.08244564570486546,0.0,0.07890063803642988,0.9711658770684153,"[0.6622806787490845, 0.7412281036376953, 0.7353801131248474, 0.7266082167625427]",1.038,0.35526315789473684,0.3888888888888889,0.391812865497076,0.402046783625731,0.4327485380116959,0.4327485380116959,0.35526315789473684
97,0.3260233918128655,0.24492644998766788,0.33126354908101496,0.14060046436955254,0.33187134502923976,0.055808283388614655,0.08235841151326895,0.0,0.07886181492358446,1.0461825650418177,"[0.6622806787490845, 0.7412281036376953, 0.7353801131248474, 0.7266082167625427]",0.8938,0.3611111111111111,0.36988304093567254,0.34210526315789475,0.3347953216374269,0.3611111111111111,0.3611111111111111,0.358187134502924
98,0.3304093567251462,0.24663263023983417,0.310187642523662,0.09242282764554602,0.3347953216374269,0.054695144295692444,0.08218808844685555,0.0,0.07882155105471611,0.7326985399704427,"[0.6622806787490845, 0.7412281036376953, 0.7353801131248474, 0.7266082167625427]",0.7287,0.391812865497076,0.41228070175438597,0.4239766081871345,0.43567251461988304,0.43128654970760233,0.43128654970760233,0.38596491228070173
99,0.3391812865497076,0.2577034444012274,0.32535625355589304,0.1155290094723351,0.3435672514619883,0.05435385927557945,0.08204754069447517,0.0,0.07878340873867273,0.7173409860115498,"[0.6622806787490845, 0.7412281036376953, 0.7353801131248474, 0.7266082167625427]",0.6915,0.34649122807017546,0.35233918128654973,0.36988304093567254,0.39035087719298245,0.40789473684210525,0.40789473684210525,0.3435672514619883
100,0.3230994152046784,0.24477205466777008,0.31709480324072886,0.14862916843863888,0.3538011695906433,0.05458158254623413,0.08191627264022827,0.0,0.07874647527933121,0.6964897459838539,"[0.6622806787490845, 0.7412281036376953, 0.7353801131248474, 0.7266082167625427]",0.6574,0.358187134502924,0.3815789473684211,0.3961988304093567,0.40350877192982454,0.4166666666666667,0.4166666666666667,0.3538011695906433
101,0.2850877192982456,0.20946908908705442,0.3022948053268944,0.10693873588688918,0.3201754385964912,0.0536247082054615,0.08183258771896362,0.0,0.07870660349726677,0.7234828160144389,"[0.6622806787490845, 0.7412281036376953, 0.7353801131248474, 0.7266082167625427]",0.6739,0.3684210526315789,0.38742690058479534,0.4415204678362573,0.44005847953216376,0.44298245614035087,0.44298245614035087,0.35964912280701755
102,0.3230994152046784,0.24215151130818913,0.328436694037517,0.11772627423578166,0.3391812865497076,0.053601376712322235,0.08169608749449253,0.0,0.07866510190069675,0.7126001130091026,"[0.6622806787490845, 0.7412281036376953, 0.7353801131248474, 0.7266082167625427]",0.8017,0.3333333333333333,0.34649122807017546,0.40350877192982454,0.4152046783625731,0.42543859649122806,0.42543859649122806,0.3362573099415205
103,0.27485380116959063,0.16274937563546976,0.2785187816695181,0.049146356430777846,0.30116959064327486,0.05662672594189644,0.08170571643859148,0.0,0.07862416189163923,0.8404269228922203,"[0.6622806787490845, 0.7412281036376953, 0.7353801131248474, 0.7266082167625427]",0.7783,0.3362573099415205,0.35964912280701755,0.391812865497076,0.402046783625731,0.41812865497076024,0.41812865497076024,0.3391812865497076
104,0.30116959064327486,0.22968798961457548,0.3048859220108081,0.07427596811191414,0.30994152046783624,0.05359909310936928,0.08154222462326288,0.0,0.07858450338244438,0.8330850900383666,"[0.6622806787490845, 0.7412281036376953, 0.7353801131248474, 0.7266082167625427]",0.6634,0.31432748538011696,0.36403508771929827,0.4152046783625731,0.4195906432748538,0.42105263157894735,0.42105263157894735,0.31140350877192985
105,0.2631578947368421,0.13853689011057657,0.25203343292801506,0.0421719212013221,0.2807017543859649,0.05490066483616829,0.08139055408537388,0.0,0.0785476928576827,0.7310755290091038,"[0.6622806787490845, 0.7412281036376953, 0.7353801131248474, 0.7266082167625427]",0.6413,0.32894736842105265,0.34649122807017546,0.40350877192982454,0.3961988304093567,0.40789473684210525,0.40789473684210525,0.3230994152046784
106,0.2880116959064328,0.2110577162197047,0.2769167784942023,0.06644246466347059,0.2953216374269006,0.05567768216133118,0.08127606101334095,0.0,0.07850816566497087,0.7519489949336275,"[0.6622806787490845, 0.7412281036376953, 0.7353801131248474, 0.7266082167625427]",0.6511,0.34649122807017546,0.35526315789473684,0.4093567251461988,0.4166666666666667,0.42543859649122806,0.42543859649122806,0.34941520467836257
107,0.27046783625730997,0.1489567541689939,0.25987608131691087,0.03839473699215131,0.29239766081871343,0.05534639582037926,0.08120151050388813,0.0,0.078471215441823,0.7504051340511069,"[0.6622806787490845, 0.7412281036376953, 0.7353801131248474, 0.7266082167625427]",0.6867,0.3391812865497076,0.34941520467836257,0.40497076023391815,0.4137426900584795,0.4093567251461988,0.4093567251461988,0.33771929824561403
108,0.30116959064327486,0.22128884898169165,0.31800992380493326,0.11743479955710617,0.3201754385964912,0.055365294218063354,0.08108210377395153,0.0,0.07842811569571495,0.766511359019205,"[0.6622806787490845, 0.7412281036376953, 0.7353801131248474, 0.7266082167625427]",0.6757,0.32456140350877194,0.34210526315789475,0.4298245614035088,0.4195906432748538,0.42251461988304095,0.42251461988304095,0.3260233918128655
109,0.30116959064327486,0.22316865417376508,0.30750912376363143,0.10088562429466474,0.30409356725146197,0.05550328269600868,0.08115190919488668,0.0,0.07838880177587271,0.7650539790047333,"[0.6622806787490845, 0.7412281036376953, 0.7353801131248474, 0.7266082167625427]",0.6731,0.34210526315789475,0.36257309941520466,0.4137426900584795,0.40789473684210525,0.42105263157894735,0.42105263157894735,0.3362573099415205
110,0.2646198830409357,0.1909646288640886,0.26276254659083426,0.03591286426958827,0.2777777777777778,0.05583793669939041,0.08104660082608461,0.0,0.07835212629288435,0.7700086409458891,"[0.6622806787490845, 0.7412281036376953, 0.7353801131248474, 0.7266082167625427]",0.6847,0.3172514619883041,0.32748538011695905,0.3757309941520468,0.3684210526315789,0.402046783625731,0.402046783625731,0.31432748538011696
111,0.27046783625730997,0.19277433270423305,0.277971890022663,0.061551069984733926,0.28654970760233917,0.05560097098350525,0.08104535844177008,0.0,0.07830457668751478,0.7392382610123605,"[0.6622806787490845, 0.7412281036376953, 0.7353801131248474, 0.7266082167625427]",0.708,0.32456140350877194,0.3362573099415205,0.39766081871345027,0.4093567251461988,0.41812865497076024,0.41812865497076024,0.32456140350877194
112,0.2909356725146199,0.1819775656595296,0.3017485640527845,0.08814782094384083,0.31432748538011696,0.05612573027610779,0.08091116044670343,0.0,0.07826376333832741,0.7523302610497922,"[0.6622806787490845, 0.7412281036376953, 0.7353801131248474, 0.7266082167625427]",0.6854,0.347953216374269,0.3684210526315789,0.43567251461988304,0.4166666666666667,0.42543859649122806,0.42543859649122806,0.34649122807017546
113,0.260233918128655,0.1354748463805766,0.25060316531993326,0.026604453944123405,0.2777777777777778,0.055599819868803024,0.08077843487262726,0.0,0.07822208758443594,0.7298780040582642,"[0.6622806787490845, 0.7412281036376953, 0.7353801131248474, 0.7266082167625427]",0.6894,0.3230994152046784,0.3406432748538012,0.3786549707602339,0.3757309941520468,0.3991228070175439,0.3991228070175439,0.32748538011695905
114,0.31432748538011696,0.23647814010610424,0.30652953448924347,0.12268582094970135,0.3201754385964912,0.05499904602766037,0.08078108727931976,0.0,0.07817872799932957,0.707032528007403,"[0.6622806787490845, 0.7412281036376953, 0.7353801131248474, 0.7266082167625427]",0.6729,0.33771929824561403,0.3654970760233918,0.4195906432748538,0.41228070175438597,0.4239766081871345,0.4239766081871345,0.3391812865497076
115,0.2894736842105263,0.2113253475113701,0.3226579489865654,0.11556704318108536,0.3230994152046784,0.05478285625576973,0.08065919950604439,0.0,0.07813112996518612,0.7414877730188891,"[0.6622806787490845, 0.7412281036376953, 0.7353801131248474, 0.7266082167625427]",0.6865,0.31432748538011696,0.3669590643274854,0.4342105263157895,0.4342105263157895,0.4415204678362573,0.4415204678362573,0.3157894736842105
116,0.260233918128655,0.17656435499872714,0.2690426316921375,0.04146189378933532,0.28654970760233917,0.055775005370378494,0.08039670810103416,0.0,0.07808890659362078,0.7581654139794409,"[0.6622806787490845, 0.7412281036376953, 0.7353801131248474, 0.7266082167625427]",0.8142,0.3406432748538012,0.3508771929824561,0.38742690058479534,0.3888888888888889,0.40058479532163743,0.40058479532163743,0.3391812865497076
117,0.2719298245614035,0.19863738807620468,0.272552844593851,0.04655270749653351,0.2894736842105263,0.056183602660894394,0.08073647879064083,0.0,0.07801836915314198,0.8503349829697981,"[0.6622806787490845, 0.7412281036376953, 0.7353801131248474, 0.7266082167625427]",0.786,0.34941520467836257,0.3669590643274854,0.4152046783625731,0.42543859649122806,0.4342105263157895,0.4342105263157895,0.34210526315789475
118,0.2909356725146199,0.21377819700337963,0.29957774241640406,0.08728250685894179,0.30994152046783624,0.056653764098882675,0.08050829079002142,0.0,0.07792878244072199,0.8560670209117234,"[0.6622806787490845, 0.7412281036376953, 0.7353801131248474, 0.7266082167625427]",0.7636,0.35526315789473684,0.37719298245614036,0.4166666666666667,0.41812865497076024,0.4283625730994152,0.4283625730994152,0.35233918128654973
119,0.260233918128655,0.14667376736342264,0.289919591677287,0.07081636751264388,0.30994152046783624,0.055155426263809204,0.08034556824713945,0.0,0.077870549634099,0.831809852970764,"[0.6622806787490845, 0.7412281036376953, 0.7353801131248474, 0.7266082167625427]",0.7556,0.347953216374269,0.3684210526315789,0.4239766081871345,0.4283625730994152,0.41812865497076024,0.41812865497076024,0.347953216374269
120,0.33187134502923976,0.25473675175773003,0.35823110323749685,0.1536462297120008,0.3435672514619883,0.0563841387629509,0.08027839288115501,0.0,0.07791559584438801,0.7930837289895862,"[0.6622806787490845, 0.7412281036376953, 0.7353801131248474, 0.7266082167625427]",0.6781,0.3157894736842105,0.32894736842105265,0.3611111111111111,0.37280701754385964,0.41228070175438597,0.41228070175438597,0.3260233918128655
121,0.3406432748538012,0.268806397861059,0.3245356126189939,0.140406250076172,0.34941520467836257,0.05694851279258728,0.08016315381973982,0.0,0.07789742201566696,0.7329611490713432,"[0.6622806787490845, 0.7412281036376953, 0.7353801131248474, 0.7266082167625427]",0.6615,0.3435672514619883,0.36403508771929827,0.4137426900584795,0.42105263157894735,0.4444444444444444,0.4444444444444444,0.3508771929824561
122,0.3260233918128655,0.248784996855286,0.3309935369327068,0.1259032132164183,0.34649122807017546,0.05672350898385048,0.0800617914646864,0.0,0.07786326110363007,0.7243763349251822,"[0.6622806787490845, 0.7412281036376953, 0.7353801131248474, 0.7266082167625427]",0.6605,0.32456140350877194,0.3654970760233918,0.42105263157894735,0.4269005847953216,0.43128654970760233,0.43128654970760233,0.32748538011695905
123,0.347953216374269,0.2757385323605732,0.35728377101137004,0.19654912826326507,0.3611111111111111,0.056127581745386124,0.07991224341094494,0.0,0.07781507447361946,0.9755813719239086,"[0.6622806787490845, 0.7412281036376953, 0.7353801131248474, 0.7266082167625427]",0.9718,0.33187134502923976,0.35526315789473684,0.4093567251461988,0.41812865497076024,0.4166666666666667,0.4166666666666667,0.3347953216374269
124,0.37719298245614036,0.3033940486407788,0.37482037780878774,0.20347455584252502,0.391812865497076,0.054577600210905075,0.07978429086506367,0.0,0.07777093257755041,1.0102925590472296,"[0.6622806787490845, 0.7412281036376953, 0.7353801131248474, 0.7266082167625427]",1.0337,0.3055555555555556,0.3230994152046784,0.3830409356725146,0.3991228070175439,0.41228070175438597,0.41228070175438597,0.30994152046783624
125,0.36257309941520466,0.28512768145436773,0.39199306402760026,0.22591423141932362,0.3713450292397661,0.055444903671741486,0.07972264382988214,0.0,0.07772943750023842,0.9810847130138427,"[0.6622806787490845, 0.7412281036376953, 0.7353801131248474, 0.7266082167625427]",0.9535,0.3084795321637427,0.34941520467836257,0.40350877192982454,0.4239766081871345,0.4269005847953216,0.4269005847953216,0.3055555555555556
126,0.3508771929824561,0.2738992387437359,0.38419028225724944,0.19972852812531805,0.3684210526315789,0.05632974952459335,0.07973082177340984,0.0,0.07768423296511173,0.6906125909881666,"[0.6622806787490845, 0.7412281036376953, 0.7353801131248474, 0.7266082167625427]",0.9109,0.34502923976608185,0.3786549707602339,0.391812865497076,0.3932748538011696,0.4239766081871345,0.4239766081871345,0.347953216374269
127,0.3669590643274854,0.30370140495401465,0.3862997672364634,0.18459230482734737,0.39035087719298245,0.055386289954185486,0.07962304726243019,0.0,0.07764038071036339,0.8550381290260702,"[0.6622806787490845, 0.7412281036376953, 0.7353801131248474, 0.7266082167625427]",0.7463,0.3260233918128655,0.3684210526315789,0.4137426900584795,0.41812865497076024,0.4269005847953216,0.4269005847953216,0.31432748538011696
128,0.34210526315789475,0.27618026356632897,0.3423903425198803,0.12274639317999221,0.36403508771929827,0.054419033229351044,0.07953468803316355,0.0,0.07759644463658333,0.7756656649289653,"[0.6622806787490845, 0.7412281036376953, 0.7353801131248474, 0.7266082167625427]",0.6731,0.3391812865497076,0.3786549707602339,0.4269005847953216,0.43859649122807015,0.4415204678362573,0.4415204678362573,0.34210526315789475
129,0.3830409356725146,0.3163839265625704,0.3982747590682757,0.24940090600262532,0.40058479532163743,0.05527372285723686,0.0794459031894803,0.0,0.07755400240421295,0.7344072069972754,"[0.6622806787490845, 0.7412281036376953, 0.7353801131248474, 0.7266082167625427]",0.6669,0.347953216374269,0.38011695906432746,0.43128654970760233,0.43859649122807015,0.45760233918128657,0.45760233918128657,0.34649122807017546
130,0.391812865497076,0.3195852622718751,0.4274561447065085,0.22898268655452675,0.4195906432748538,0.05327456444501877,0.07934489101171494,0.0,0.07751257810741663,0.7296526359859854,"[0.6622806787490845, 0.7412281036376953, 0.7353801131248474, 0.7266082167625427]",0.6925,0.3084795321637427,0.3347953216374269,0.40350877192982454,0.4064327485380117,0.4137426900584795,0.4137426900584795,0.3055555555555556
131,0.35964912280701755,0.29901635048246555,0.38779112390851433,0.18367107724906936,0.3932748538011696,0.05503448098897934,0.0792662650346756,0.0,0.0774715943261981,0.7358455890789628,"[0.6622806787490845, 0.7412281036376953, 0.7353801131248474, 0.7266082167625427]",0.6714,0.3362573099415205,0.3742690058479532,0.4152046783625731,0.40789473684210525,0.4064327485380117,0.4064327485380117,0.3362573099415205
132,0.3654970760233918,0.3040991331010976,0.3944923829595706,0.2379233302495067,0.39035087719298245,0.05395461618900299,0.07911521662026644,0.0,0.07742979936301708,0.7231104370439425,"[0.6622806787490845, 0.7412281036376953, 0.7353801131248474, 0.7266082167625427]",0.7325,0.3201754385964912,0.3830409356725146,0.43128654970760233,0.44005847953216376,0.43567251461988304,0.43567251461988304,0.3216374269005848
133,0.4093567251461988,0.3463525404484815,0.42191839808413856,0.24088005753651803,0.4415204678362573,0.055098555982112885,0.07909685652703047,0.0,0.07738854456692934,0.8182713330024853,"[0.6622806787490845, 0.7412281036376953, 0.7353801131248474, 0.7266082167625427]",0.7125,0.38011695906432746,0.4137426900584795,0.4780701754385965,0.4678362573099415,0.4692982456140351,0.4692982456140351,0.38011695906432746
134,0.3508771929824561,0.27720856508421565,0.3702219389112197,0.14896580054029598,0.37719298245614036,0.05427558347582817,0.07900293823331594,0.0,0.077345946803689,0.7390518600586802,"[0.6622806787490845, 0.7412281036376953, 0.7353801131248474, 0.7266082167625427]",0.7607,0.36403508771929827,0.3830409356725146,0.4444444444444444,0.4415204678362573,0.4502923976608187,0.4502923976608187,0.37280701754385964
135,0.34941520467836257,0.2753892301099843,0.3666468702711226,0.1327260648307283,0.37280701754385964,0.057088300585746765,0.07891528308391571,0.0,0.07730713114142418,0.7350024519255385,"[0.6622806787490845, 0.7412281036376953, 0.7353801131248474, 0.7266082167625427]",0.717,0.3391812865497076,0.3786549707602339,0.4342105263157895,0.4298245614035088,0.4298245614035088,0.4298245614035088,0.3333333333333333
136,0.35964912280701755,0.2877744019855363,0.36828027075600517,0.1381741830202333,0.3713450292397661,0.056947384029626846,0.07885059714317322,0.0,0.0772626455873251,0.9121568710543215,"[0.6622806787490845, 0.7412281036376953, 0.7353801131248474, 0.7266082167625427]",0.7776,0.36257309941520466,0.38596491228070173,0.42543859649122806,0.43859649122807015,0.4342105263157895,0.4342105263157895,0.3538011695906433
137,0.39473684210526316,0.3360982620336527,0.41893741621241554,0.20227520596984627,0.4152046783625731,0.057560402899980545,0.07879761699587107,0.0,0.07722659688442945,0.742908651009202,"[0.6622806787490845, 0.7412281036376953, 0.7353801131248474, 0.7266082167625427]",0.7275,0.3742690058479532,0.4093567251461988,0.46345029239766083,0.4590643274853801,0.4605263157894737,0.4605263157894737,0.3786549707602339
138,0.36988304093567254,0.31176841368040153,0.408094811069589,0.17604298567990298,0.4064327485380117,0.058126963675022125,0.0786193860694766,0.0,0.07718393113464117,0.8133317130850628,"[0.6622806787490845, 0.7412281036376953, 0.7353801131248474, 0.7266082167625427]",0.6832,0.3684210526315789,0.40058479532163743,0.4502923976608187,0.44883040935672514,0.4649122807017544,0.4649122807017544,0.36988304093567254
139,0.34502923976608185,0.2728981143357464,0.3814267625849219,0.14464901377786205,0.37280701754385964,0.05631762742996216,0.07861826848238707,0.0,0.07715233322232962,0.7327337659662589,"[0.6622806787490845, 0.7412281036376953, 0.7353801131248474, 0.7266082167625427]",0.6786,0.3830409356725146,0.4137426900584795,0.44590643274853803,0.44298245614035087,0.4590643274853801,0.4590643274853801,0.3786549707602339
140,0.3961988304093567,0.3269721465788965,0.4183380518622296,0.2233285679404104,0.4239766081871345,0.054975658655166626,0.07861933205276728,0.0,0.07710344530642033,0.7098063550656661,"[0.6622806787490845, 0.7412281036376953, 0.7353801131248474, 0.7266082167625427]",0.6837,0.3815789473684211,0.4239766081871345,0.4692982456140351,0.47514619883040937,0.47514619883040937,0.47514619883040937,0.3786549707602339
141,0.3786549707602339,0.31829853693311727,0.40376756216361714,0.16531891478713248,0.40497076023391815,0.056584082543849945,0.0785675561055541,0.0,0.07706212904304266,0.8716474870452657,"[0.6622806787490845, 0.7412281036376953, 0.7353801131248474, 0.7266082167625427]",0.8019,0.3961988304093567,0.41228070175438597,0.4619883040935672,0.4722222222222222,0.46637426900584794,0.46637426900584794,0.39766081871345027
142,0.358187134502924,0.28199021534841673,0.3789265834389224,0.1559013807061733,0.3845029239766082,0.055516116321086884,0.07844412885606289,0.0,0.07701696455478668,0.7286637070355937,"[0.6622806787490845, 0.7412281036376953, 0.7353801131248474, 0.7266082167625427]",0.7037,0.3654970760233918,0.4108187134502924,0.4619883040935672,0.4678362573099415,0.4678362573099415,0.4678362573099415,0.35964912280701755
143,0.35526315789473684,0.2888505389424846,0.388586265521924,0.1332650114524436,0.38596491228070173,0.0549783892929554,0.0782175762578845,0.0,0.07699169963598251,0.766449464019388,"[0.6622806787490845, 0.7412281036376953, 0.7353801131248474, 0.7266082167625427]",0.7209,0.34941520467836257,0.391812865497076,0.4590643274853801,0.4473684210526316,0.4605263157894737,0.4605263157894737,0.34210526315789475
144,0.3845029239766082,0.31241180220772047,0.4361633772282441,0.21466893839119464,0.4152046783625731,0.05561405047774315,0.07847298309206963,0.0,0.0769272381439805,0.7653465239563957,"[0.6622806787490845, 0.7412281036376953, 0.7353801131248474, 0.7266082167625427]",0.747,0.3538011695906433,0.3830409356725146,0.4327485380116959,0.4327485380116959,0.4590643274853801,0.4590643274853801,0.35526315789473684
145,0.40497076023391815,0.3413366898849183,0.4255535744917674,0.23164418847908863,0.4342105263157895,0.05511293187737465,0.078087342903018,0.0,0.07687986548990011,0.8852106960257515,"[0.6622806787490845, 0.7412281036376953, 0.7353801131248474, 0.7266082167625427]",0.6827,0.3538011695906433,0.38011695906432746,0.43567251461988304,0.4342105263157895,0.4444444444444444,0.4444444444444444,0.3611111111111111
146,0.39473684210526316,0.3354438846033798,0.43349110428875465,0.2259985752723387,0.42251461988304095,0.056236494332551956,0.07834946177899837,0.0,0.07687509153038263,0.7665121339960024,"[0.6622806787490845, 0.7412281036376953, 0.7353801131248474, 0.7266082167625427]",0.6871,0.39035087719298245,0.40350877192982454,0.4327485380116959,0.4371345029239766,0.4473684210526316,0.4473684210526316,0.3888888888888889
147,0.4137426900584795,0.347877565964974,0.44174316705885464,0.23882840360217455,0.44590643274853803,0.055069614201784134,0.07802414428442717,0.0,0.07683621812611818,0.7601655509788543,"[0.6622806787490845, 0.7412281036376953, 0.7353801131248474, 0.7266082167625427]",0.7012,0.37719298245614036,0.38596491228070173,0.43128654970760233,0.43128654970760233,0.4298245614035088,0.4298245614035088,0.3742690058479532
148,0.3684210526315789,0.29817494323417926,0.4048616345133853,0.18995955829518082,0.391812865497076,0.05341701582074165,0.07836776226758957,0.0,0.07678129058331251,0.7997623919509351,"[0.6622806787490845, 0.7412281036376953, 0.7353801131248474, 0.7266082167625427]",0.716,0.3172514619883041,0.3611111111111111,0.41228070175438597,0.4239766081871345,0.4166666666666667,0.4166666666666667,0.31140350877192985
149,0.3991228070175439,0.339239167479522,0.44457156667694686,0.2234861981240066,0.42105263157894735,0.055148378014564514,0.07817257661372423,0.0,0.07673284038901329,0.7859390960074961,"[0.6622806787490845, 0.7412281036376953, 0.7353801131248474, 0.7266082167625427]",0.6902,0.3830409356725146,0.41812865497076024,0.4444444444444444,0.45321637426900585,0.4590643274853801,0.4590643274853801,0.38596491228070173
150,0.3333333333333333,0.2719157776792175,0.3878836896559916,0.11288017018859488,0.3713450292397661,0.05375241860747337,0.07823360431939363,0.0,0.07668432779610157,0.7684969520196319,"[0.6622806787490845, 0.7412281036376953, 0.7353801131248474, 0.7266082167625427]",0.6885,0.39766081871345027,0.40789473684210525,0.4327485380116959,0.4283625730994152,0.45760233918128657,0.45760233918128657,0.4064327485380117
151,0.36257309941520466,0.3095004352899773,0.3948540350942912,0.1347942304415383,0.39473684210526316,0.056330014020204544,0.07793135289102793,0.0,0.07664360757917166,0.7469732150202617,"[0.6622806787490845, 0.7412281036376953, 0.7353801131248474, 0.7266082167625427]",0.8342,0.3888888888888889,0.4064327485380117,0.43128654970760233,0.4283625730994152,0.4590643274853801,0.4590643274853801,0.3991228070175439
152,0.358187134502924,0.2896994642160168,0.3748517734859592,0.1450798031429353,0.3786549707602339,0.05564318597316742,0.0782528780400753,0.0,0.07659933622926474,0.7749721240252256,"[0.6622806787490845, 0.7412281036376953, 0.7353801131248474, 0.7266082167625427]",0.7723,0.35526315789473684,0.37719298245614036,0.402046783625731,0.41228070175438597,0.4473684210526316,0.4473684210526316,0.3654970760233918
153,0.41812865497076024,0.3530377746355027,0.42949160110512025,0.25032008611978346,0.4473684210526316,0.05456411838531494,0.0780748501420021,0.0,0.07655569911003113,0.7546377499820665,"[0.6622806787490845, 0.7412281036376953, 0.7353801131248474, 0.7266082167625427]",0.7187,0.40058479532163743,0.43567251461988304,0.45614035087719296,0.47368421052631576,0.45760233918128657,0.45760233918128657,0.40058479532163743
154,0.3611111111111111,0.2995908726643891,0.3718550706617125,0.14661241416857418,0.3786549707602339,0.0539831817150116,0.07802343089133501,0.0,0.07650383934378624,0.7457081309985369,"[0.6622806787490845, 0.7412281036376953, 0.7353801131248474, 0.7266082167625427]",0.735,0.3684210526315789,0.38742690058479534,0.43567251461988304,0.4415204678362573,0.43859649122807015,0.43859649122807015,0.36403508771929827
155,0.3216374269005848,0.25443286569380097,0.3523905829783052,0.10188114744172491,0.3435672514619883,0.055621325969696045,0.0779814450070262,0.0,0.07646876480430365,0.8713787919841707,"[0.6622806787490845, 0.7412281036376953, 0.7353801131248474, 0.7266082167625427]",0.7363,0.41812865497076024,0.4371345029239766,0.4590643274853801,0.45760233918128657,0.4649122807017544,0.4649122807017544,0.41812865497076024
156,0.30409356725146197,0.2310486451762227,0.33469262525553345,0.10250426034321414,0.33187134502923976,0.05500839278101921,0.07789288274943829,0.0,0.07642369624227285,0.7656810390762985,"[0.6622806787490845, 0.7412281036376953, 0.7353801131248474, 0.7266082167625427]",0.7129,0.3888888888888889,0.4166666666666667,0.4415204678362573,0.42105263157894735,0.4590643274853801,0.4590643274853801,0.391812865497076
157,0.3538011695906433,0.2970865389310102,0.3726894569519148,0.15283851429097975,0.3786549707602339,0.05514129623770714,0.0778877167031169,0.0,0.07638625986874104,0.7581258050631732,"[0.6622806787490845, 0.7412281036376953, 0.7353801131248474, 0.7266082167625427]",0.6881,0.3611111111111111,0.3932748538011696,0.42251461988304095,0.4283625730994152,0.43859649122807015,0.43859649122807015,0.36257309941520466
158,0.3260233918128655,0.269543945645048,0.3700156401625148,0.13174779450998295,0.35526315789473684,0.05459378659725189,0.07774474378675222,0.0,0.07633042335510254,0.8678381770150736,"[0.6622806787490845, 0.7412281036376953, 0.7353801131248474, 0.7266082167625427]",0.86,0.358187134502924,0.39766081871345027,0.43128654970760233,0.4327485380116959,0.4473684210526316,0.4473684210526316,0.3611111111111111
159,0.31871345029239767,0.25491415280683505,0.3721495102818172,0.16308751751385223,0.34649122807017546,0.054468784481287,0.07734778244048357,0.0,0.07629870250821114,0.9889920779969543,"[0.6622806787490845, 0.7412281036376953, 0.7353801131248474, 0.7266082167625427]",0.7864,0.39035087719298245,0.4152046783625731,0.43128654970760233,0.42105263157894735,0.43567251461988304,0.43567251461988304,0.3932748538011696
160,0.3406432748538012,0.27708607222952586,0.37178232187050947,0.13629687908558458,0.358187134502924,0.05526157096028328,0.07803457975387573,0.0,0.07626548130065203,0.8228207409847528,"[0.6622806787490845, 0.7412281036376953, 0.7353801131248474, 0.7266082167625427]",0.8244,0.39035087719298245,0.3991228070175439,0.40789473684210525,0.4064327485380117,0.4239766081871345,0.4239766081871345,0.39035087719298245
161,0.3347953216374269,0.271089501271764,0.35611884695603363,0.11938271682054818,0.358187134502924,0.0560600608587265,0.07767532672733068,0.0,0.07623281329870224,0.8276066340040416,"[0.6622806787490845, 0.7412281036376953, 0.7353801131248474, 0.7266082167625427]",0.6711,0.391812865497076,0.391812865497076,0.42105263157894735,0.42105263157894735,0.44005847953216376,0.44005847953216376,0.39766081871345027
162,0.3684210526315789,0.3106318647990368,0.3915242343933281,0.14856697372525487,0.37280701754385964,0.05672990158200264,0.07776478677988052,0.0,0.07619286980479956,0.7461714199744165,"[0.6622806787490845, 0.7412281036376953, 0.7353801131248474, 0.7266082167625427]",0.7166,0.3888888888888889,0.3961988304093567,0.4137426900584795,0.42251461988304095,0.4269005847953216,0.4269005847953216,0.3888888888888889
163,0.3230994152046784,0.26466470231751416,0.3689666013199438,0.11567889611427364,0.34502923976608185,0.05501268804073334,0.07768552750349045,0.0,0.07615208253264427,0.7626464290078729,"[0.6622806787490845, 0.7412281036376953, 0.7353801131248474, 0.7266082167625427]",0.696,0.3888888888888889,0.3932748538011696,0.4152046783625731,0.4093567251461988,0.4239766081871345,0.4239766081871345,0.38742690058479534
164,0.3333333333333333,0.2712540391260767,0.3663278091500786,0.10482248859165026,0.3684210526315789,0.05437423288822174,0.07761260773986578,0.0,0.0761118782684207,0.736797202960588,"[0.6622806787490845, 0.7412281036376953, 0.7353801131248474, 0.7266082167625427]",0.7275,0.3406432748538012,0.3611111111111111,0.39473684210526316,0.40350877192982454,0.4108187134502924,0.4108187134502924,0.3333333333333333
165,0.40058479532163743,0.3354691335791399,0.40233056935708456,0.2450126437336981,0.4166666666666667,0.055711325258016586,0.07757720910012722,0.0,0.07607314549386501,0.7919719900237396,"[0.6622806787490845, 0.7412281036376953, 0.7353801131248474, 0.7266082167625427]",0.6952,0.36403508771929827,0.3567251461988304,0.3815789473684211,0.38596491228070173,0.41228070175438597,0.41228070175438597,0.3654970760233918
166,0.3757309941520468,0.3105343295209093,0.39022822168333055,0.20284661887212413,0.402046783625731,0.05635352432727814,0.07750675920397043,0.0,0.07603526767343283,0.8263428389327601,"[0.6622806787490845, 0.7412281036376953, 0.7353801131248474, 0.7266082167625427]",1.1306,0.43128654970760233,0.4546783625730994,0.4780701754385965,0.47514619883040937,0.489766081871345,0.489766081871345,0.43859649122807015
167,0.3742690058479532,0.31599840186542505,0.4201829754838994,0.21094864655844917,0.4239766081871345,0.05727621540427208,0.07744361087679863,0.0,0.07599623035639524,1.0251923269825056,"[0.6622806787490845, 0.7412281036376953, 0.7353801131248474, 0.7266082167625427]",0.7731,0.4108187134502924,0.42105263157894735,0.44590643274853803,0.44590643274853803,0.4605263157894737,0.4605263157894737,0.4137426900584795
168,0.44005847953216376,0.38327895249798716,0.44436936517498316,0.24768395757514597,0.46637426900584794,0.05507412552833557,0.07738795783370733,0.0,0.07595920469611883,0.735170835047029,"[0.6622806787490845, 0.7412281036376953, 0.7353801131248474, 0.7266082167625427]",0.6758,0.4166666666666667,0.4166666666666667,0.4152046783625731,0.4152046783625731,0.4605263157894737,0.4605263157894737,0.42251461988304095
169,0.38742690058479534,0.32667991711422184,0.4059477998945926,0.1977786071821487,0.4108187134502924,0.05675596743822098,0.07731170020997524,0.0,0.07592086773365736,0.7395346550038084,"[0.6622806787490845, 0.7412281036376953, 0.7353801131248474, 0.7266082167625427]",0.7161,0.42105263157894735,0.40497076023391815,0.42105263157894735,0.4137426900584795,0.4722222222222222,0.4722222222222222,0.4298245614035088
170,0.3888888888888889,0.3246917662619868,0.40162986453945493,0.16376726285045975,0.40497076023391815,0.05528673157095909,0.07725946884602308,0.0,0.0758849810808897,0.7567851690109819,"[0.6622806787490845, 0.7412281036376953, 0.7353801131248474, 0.7266082167625427]",0.7202,0.3669590643274854,0.3888888888888889,0.40789473684210525,0.402046783625731,0.4473684210526316,0.4473684210526316,0.3669590643274854
171,0.402046783625731,0.34216231723203827,0.42432126097830775,0.18942004078397026,0.4239766081871345,0.05412037670612335,0.07722745276987553,0.0,0.07584523502737284,0.7747316950699314,"[0.6622806787490845, 0.7412281036376953, 0.7353801131248474, 0.7266082167625427]",0.6826,0.4371345029239766,0.4327485380116959,0.4619883040935672,0.4590643274853801,0.4868421052631579,0.4868421052631579,0.4415204678362573
172,0.3611111111111111,0.29263594326093445,0.36826086974473693,0.1370744603792843,0.38011695906432746,0.05333569645881653,0.07713183853775263,0.0,0.07580929156392813,0.7432528219651431,"[0.6622806787490845, 0.7412281036376953, 0.7353801131248474, 0.7266082167625427]",0.6696,0.4269005847953216,0.4152046783625731,0.4239766081871345,0.4239766081871345,0.45760233918128657,0.45760233918128657,0.4327485380116959
173,0.44298245614035087,0.38309381043800617,0.44408239758056944,0.23817182659897268,0.45760233918128657,0.05484238639473915,0.07706699147820473,0.0,0.07577415928244591,0.9964662350248545,"[0.6622806787490845, 0.7412281036376953, 0.7353801131248474, 0.7266082167625427]",0.9596,0.40789473684210525,0.41812865497076024,0.44590643274853803,0.44883040935672514,0.47368421052631576,0.47368421052631576,0.4093567251461988
174,0.4239766081871345,0.365914144206675,0.4345756314977665,0.23599580467672146,0.44883040935672514,0.054410263895988464,0.0770155219361186,0.0,0.07574012875556946,0.8954806830734015,"[0.6622806787490845, 0.7412281036376953, 0.7353801131248474, 0.7266082167625427]",0.7206,0.39766081871345027,0.4298245614035088,0.4473684210526316,0.44298245614035087,0.47368421052631576,0.47368421052631576,0.3932748538011696
175,0.43567251461988304,0.37883136804660233,0.4437456572323493,0.23362798486319789,0.45760233918128657,0.054468125104904175,0.07696118112653494,0.0,0.07570394687354565,0.7180322089698166,"[0.6622806787490845, 0.7412281036376953, 0.7353801131248474, 0.7266082167625427]",0.7586,0.4371345029239766,0.44298245614035087,0.4546783625730994,0.4371345029239766,0.4546783625730994,0.4546783625730994,0.4298245614035088
176,0.40350877192982454,0.3372769823723162,0.4113682432979127,0.18190554006072776,0.4108187134502924,0.05401543155312538,0.07688569277524948,0.0,0.0756714753806591,0.8414436449529603,"[0.6622806787490845, 0.7412281036376953, 0.7353801131248474, 0.7266082167625427]",0.9754,0.38742690058479534,0.42543859649122806,0.44298245614035087,0.44005847953216376,0.4678362573099415,0.4678362573099415,0.3888888888888889
177,0.3815789473684211,0.31608245814334446,0.40068843941602655,0.23408836520618775,0.40058479532163743,0.05466461926698685,0.07683867029845715,0.0,0.075631950981915,0.8291772450320423,"[0.6622806787490845, 0.7412281036376953, 0.7353801131248474, 0.7266082167625427]",0.7292,0.4152046783625731,0.4152046783625731,0.4166666666666667,0.4093567251461988,0.4473684210526316,0.4473684210526316,0.4195906432748538
178,0.38742690058479534,0.3245566899516388,0.3915558777437457,0.18507335829886762,0.402046783625731,0.055148497223854065,0.07676700875163078,0.0,0.07559186685830355,0.7873193640261889,"[0.6622806787490845, 0.7412281036376953, 0.7353801131248474, 0.7266082167625427]",0.6897,0.4166666666666667,0.43859649122807015,0.45760233918128657,0.4502923976608187,0.45760233918128657,0.45760233918128657,0.4108187134502924
179,0.391812865497076,0.3363389768839111,0.40683840753739986,0.17529491053374577,0.4064327485380117,0.05470452085137367,0.07674049213528633,0.0,0.07556046545505524,0.7119854310294613,"[0.6622806787490845, 0.7412281036376953, 0.7353801131248474, 0.7266082167625427]",0.7121,0.3742690058479532,0.3932748538011696,0.40350877192982454,0.39473684210526316,0.44590643274853803,0.44590643274853803,0.3684210526315789
180,0.3932748538011696,0.3369538558564872,0.4066636217842403,0.2146487173988338,0.4152046783625731,0.057263024151325226,0.07657513674348593,0.0,0.07552846893668175,0.7370438969228417,"[0.6622806787490845, 0.7412281036376953, 0.7353801131248474, 0.7266082167625427]",0.7947,0.37719298245614036,0.42105263157894735,0.4546783625730994,0.4502923976608187,0.47076023391812866,0.47076023391812866,0.3654970760233918
181,0.37719298245614036,0.322023802598974,0.3991925381426006,0.20496084646567803,0.4093567251461988,0.055726297199726105,0.07653030473738909,0.0,0.07549477461725473,0.8402176899835467,"[0.6622806787490845, 0.7412281036376953, 0.7353801131248474, 0.7266082167625427]",0.739,0.4152046783625731,0.4283625730994152,0.4298245614035088,0.4195906432748538,0.4502923976608187,0.4502923976608187,0.41812865497076024
182,0.35233918128654973,0.2945761338715761,0.37946427379072645,0.18086089481281428,0.37280701754385964,0.05550990626215935,0.07651888206601143,0.0,0.0754599692299962,0.784531657001935,"[0.6622806787490845, 0.7412281036376953, 0.7353801131248474, 0.7266082167625427]",0.6892,0.3757309941520468,0.3815789473684211,0.4108187134502924,0.4108187134502924,0.45321637426900585,0.45321637426900585,0.3757309941520468
183,0.3757309941520468,0.3198895310658948,0.4118113846256398,0.21946475314050495,0.4064327485380117,0.0571761429309845,0.07648698333650827,0.0,0.0754255848005414,0.8415479739196599,"[0.6622806787490845, 0.7412281036376953, 0.7353801131248474, 0.7266082167625427]",0.689,0.3932748538011696,0.41812865497076024,0.4649122807017544,0.4502923976608187,0.48099415204678364,0.48099415204678364,0.3991228070175439
184,0.40497076023391815,0.34315497397516903,0.4288621489029483,0.24948118343271108,0.44883040935672514,0.05598502233624458,0.07640201225876808,0.0,0.07539267465472221,0.8482980880653486,"[0.6622806787490845, 0.7412281036376953, 0.7353801131248474, 0.7266082167625427]",0.7428,0.3991228070175439,0.4195906432748538,0.44005847953216376,0.4342105263157895,0.4605263157894737,0.4605263157894737,0.40497076023391815
185,0.3961988304093567,0.3423811829558999,0.4234560445019859,0.22775200313743746,0.42251461988304095,0.0555228553712368,0.07630635797977448,0.0,0.07536282669752836,0.7721512110438198,"[0.6622806787490845, 0.7412281036376953, 0.7353801131248474, 0.7266082167625427]",0.8695,0.41812865497076024,0.4517543859649123,0.4678362573099415,0.4619883040935672,0.49122807017543857,0.49122807017543857,0.4166666666666667
186,0.4239766081871345,0.3670994878009257,0.4596505094008726,0.28988849811273476,0.47076023391812866,0.05959805101156235,0.07637366652488708,0.0,0.07533186115324497,0.7364149059867486,"[0.6622806787490845, 0.7412281036376953, 0.7353801131248474, 0.7266082167625427]",0.7471,0.4298245614035088,0.4473684210526316,0.47368421052631576,0.47514619883040937,0.48391812865497075,0.48391812865497075,0.44005847953216376
187,0.38742690058479534,0.33444647514125214,0.4050497017376559,0.21921552550970605,0.4152046783625731,0.05893426388502121,0.07627302594482899,0.0,0.07530182506889105,0.7695951730711386,"[0.6622806787490845, 0.7412281036376953, 0.7353801131248474, 0.7266082167625427]",0.7355,0.40789473684210525,0.4195906432748538,0.45760233918128657,0.4605263157894737,0.47953216374269003,0.47953216374269003,0.4152046783625731
188,0.38742690058479534,0.3198568499392467,0.4051881604704896,0.17020646604377712,0.4108187134502924,0.05676919221878052,0.07621388975530863,0.0,0.07527231983840466,0.7449183679418638,"[0.6622806787490845, 0.7412281036376953, 0.7353801131248474, 0.7266082167625427]",0.7117,0.4166666666666667,0.4239766081871345,0.4502923976608187,0.4590643274853801,0.4649122807017544,0.4649122807017544,0.42543859649122806
189,0.40058479532163743,0.3347376811181645,0.4190394768090178,0.18035999894569127,0.4239766081871345,0.055178262293338776,0.07616403885185719,0.0,0.07523979153484106,0.753808296052739,"[0.6622806787490845, 0.7412281036376953, 0.7353801131248474, 0.7266082167625427]",0.7209,0.44005847953216376,0.45321637426900585,0.4722222222222222,0.4605263157894737,0.4824561403508772,0.4824561403508772,0.44883040935672514
190,0.4152046783625731,0.36247107701843384,0.4423658022934283,0.232709712115782,0.4298245614035088,0.055385176092386246,0.0761154480278492,0.0,0.07520588673651218,0.8165238420479,"[0.6622806787490845, 0.7412281036376953, 0.7353801131248474, 0.7266082167625427]",0.6756,0.3757309941520468,0.4064327485380117,0.43567251461988304,0.4239766081871345,0.4692982456140351,0.4692982456140351,0.3684210526315789
191,0.391812865497076,0.32351130120132465,0.4100674645464543,0.21208029253494975,0.4152046783625731,0.05676870048046112,0.07607683725655079,0.0,0.07518165558576584,1.0502579050371423,"[0.6622806787490845, 0.7412281036376953, 0.7353801131248474, 0.7266082167625427]",0.7158,0.43859649122807015,0.44298245614035087,0.44298245614035087,0.4517543859649123,0.47514619883040937,0.47514619883040937,0.44298245614035087
192,0.4137426900584795,0.35635992443886466,0.4262503988487687,0.22505554871996009,0.43567251461988304,0.05745338276028633,0.07611043285578489,0.0,0.07514537312090397,0.7228610749589279,"[0.6622806787490845, 0.7412281036376953, 0.7353801131248474, 0.7266082167625427]",0.7437,0.4283625730994152,0.4298245614035088,0.44883040935672514,0.45321637426900585,0.47368421052631576,0.47368421052631576,0.4342105263157895
193,0.36988304093567254,0.309610291069785,0.4161055822423806,0.22418524586584207,0.4064327485380117,0.05581887438893318,0.0759714050218463,0.0,0.07511765975505114,0.8634111529681832,"[0.6622806787490845, 0.7412281036376953, 0.7353801131248474, 0.7266082167625427]",0.9514,0.4152046783625731,0.4415204678362573,0.45321637426900585,0.4546783625730994,0.4692982456140351,0.4692982456140351,0.4093567251461988
194,0.402046783625731,0.3467323306269132,0.4215021602396156,0.22975962307342918,0.42543859649122806,0.056096360087394714,0.07600940205156803,0.0,0.07508432492613792,1.0966990030137822,"[0.6622806787490845, 0.7412281036376953, 0.7353801131248474, 0.7266082167625427]",0.7297,0.3654970760233918,0.3961988304093567,0.4269005847953216,0.43567251461988304,0.44883040935672514,0.44883040935672514,0.35964912280701755
195,0.391812865497076,0.33462568251704106,0.4148677409180897,0.20537244561725687,0.4137426900584795,0.05644215643405914,0.07590521965175867,0.0,0.07505292352288961,0.7447933299699798,"[0.6622806787490845, 0.7412281036376953, 0.7353801131248474, 0.7266082167625427]",0.6964,0.3932748538011696,0.42105263157894735,0.45321637426900585,0.45760233918128657,0.4868421052631579,0.4868421052631579,0.38596491228070173
196,0.39035087719298245,0.3354999685488437,0.40781759902363474,0.1961058609486033,0.40058479532163743,0.05618452653288841,0.0758481239899993,0.0,0.07501539960503578,0.7354890709975734,"[0.6622806787490845, 0.7412281036376953, 0.7353801131248474, 0.7266082167625427]",0.7667,0.37719298245614036,0.40350877192982454,0.4415204678362573,0.4605263157894737,0.4780701754385965,0.4780701754385965,0.36988304093567254
197,0.3757309941520468,0.32031528166605006,0.3973270535974835,0.1846777671215657,0.3991228070175439,0.05578656122088432,0.07584595121443272,0.0,0.07497499324381351,0.768204702064395,"[0.6622806787490845, 0.7412281036376953, 0.7353801131248474, 0.7266082167625427]",0.7078,0.3815789473684211,0.42251461988304095,0.44883040935672514,0.44883040935672514,0.4649122807017544,0.4649122807017544,0.3757309941520468
198,0.40497076023391815,0.35273506797272247,0.4223359939767603,0.22093438781761487,0.42543859649122806,0.05535691976547241,0.07585859950631857,0.0,0.07494901586323977,0.7268275319365785,"[0.6622806787490845, 0.7412281036376953, 0.7353801131248474, 0.7266082167625427]",0.7002,0.4649122807017544,0.4619883040935672,0.4722222222222222,0.4926900584795322,0.5014619883040936,0.5014619883040936,0.4692982456140351
199,0.402046783625731,0.34903678125079984,0.4159671020715292,0.23063870893923397,0.4342105263157895,0.05556802824139595,0.07580968737602234,0.0,0.07492425944656134,0.7261118090245873,"[0.6622806787490845, 0.7412281036376953, 0.7353801131248474, 0.7266082167625427]",0.9108,0.39035087719298245,0.43128654970760233,0.4722222222222222,0.47514619883040937,0.48391812865497075,0.48391812865497075,0.3742690058479532
200,0.38596491228070173,0.33362405708082443,0.4359728172158895,0.2164278973519551,0.4283625730994152,0.0547356903553009,0.07578905299305916,0.0,0.0749052269384265,0.79951166594401,"[0.6622806787490845, 0.7412281036376953, 0.7353801131248474, 0.7266082167625427]",0.7758,0.40497076023391815,0.4342105263157895,0.4649122807017544,0.48391812865497075,0.49122807017543857,0.49122807017543857,0.3991228070175439
201,0.44005847953216376,0.388491677229151,0.46225820732725786,0.28309357777572525,0.4722222222222222,0.05397731065750122,0.07576911151409149,0.0,0.07489817030727863,0.7667149720946327,"[0.6622806787490845, 0.7412281036376953, 0.7353801131248474, 0.7266082167625427]",0.6951,0.43567251461988304,0.4517543859649123,0.46345029239766083,0.4780701754385965,0.4868421052631579,0.4868421052631579,0.4444444444444444
202,0.41812865497076024,0.3677580576986498,0.4730719160946466,0.2787519758528478,0.4649122807017544,0.05408702418208122,0.07574212271720171,0.0,0.07489506620913744,0.7323260660050437,"[0.6622806787490845, 0.7412281036376953, 0.7353801131248474, 0.7266082167625427]",0.7229,0.4093567251461988,0.43859649122807015,0.4590643274853801,0.4502923976608187,0.47514619883040937,0.47514619883040937,0.40350877192982454
203,0.40350877192982454,0.34620745880881143,0.46143320908981583,0.2589078629548871,0.4444444444444444,0.055103033781051636,0.07568920776247978,0.0,0.07487728167325258,0.7718100680503994,"[0.6622806787490845, 0.7412281036376953, 0.7353801131248474, 0.7266082167625427]",0.8608,0.4166666666666667,0.43567251461988304,0.45760233918128657,0.4502923976608187,0.48099415204678364,0.48099415204678364,0.4152046783625731
204,0.4415204678362573,0.3893185435524923,0.4843602381913592,0.3067302057515264,0.47076023391812866,0.05689830705523491,0.07570863049477339,0.0,0.07484384533017874,0.738625242956914,"[0.6622806787490845, 0.7412281036376953, 0.7353801131248474, 0.7266082167625427]",0.6899,0.39766081871345027,0.44005847953216376,0.47076023391812866,0.46637426900584794,0.4824561403508772,0.4824561403508772,0.39035087719298245
205,0.43567251461988304,0.3832166067849351,0.4705810959003678,0.2734401257751469,0.4502923976608187,0.05694557726383209,0.07566188834607601,0.0,0.07481701672077179,0.7473803299944848,"[0.6622806787490845, 0.7412281036376953, 0.7353801131248474, 0.7266082167625427]",0.6914,0.43128654970760233,0.4269005847953216,0.45614035087719296,0.4678362573099415,0.49707602339181284,0.49707602339181284,0.4371345029239766
206,0.47514619883040937,0.4219682025545298,0.4918555961444148,0.30735467620873647,0.489766081871345,0.058964118361473083,0.0756158884614706,0.0,0.07479201536625624,0.7173070620046929,"[0.6622806787490845, 0.7412281036376953, 0.7353801131248474, 0.7266082167625427]",0.6801,0.4605263157894737,0.4619883040935672,0.47368421052631576,0.4824561403508772,0.49853801169590645,0.49853801169590645,0.46345029239766083
207,0.44298245614035087,0.38679536079927157,0.4768852394578464,0.26179528051794615,0.46345029239766083,0.05812901258468628,0.07557427696883678,0.0,0.07475959789007902,0.7461489649722353,"[0.6622806787490845, 0.7412281036376953, 0.7353801131248474, 0.7266082167625427]",0.7311,0.4327485380116959,0.4269005847953216,0.44883040935672514,0.43859649122807015,0.4692982456140351,0.4692982456140351,0.43128654970760233
208,0.4780701754385965,0.42973776456493773,0.5008208125935072,0.3225186377540913,0.49707602339181284,0.058316465467214584,0.07551860343664885,0.0,0.07473532482981682,0.961581265903078,"[0.6622806787490845, 0.7412281036376953, 0.7353801131248474, 0.7266082167625427]",1.0784,0.41228070175438597,0.42105263157894735,0.4517543859649123,0.46345029239766083,0.4722222222222222,0.4722222222222222,0.41812865497076024
209,0.4517543859649123,0.4004403782952404,0.48639422249758385,0.2771590914605563,0.47368421052631576,0.05831774324178696,0.07547733932733536,0.0,0.07470716908574104,0.705679620965384,"[0.6622806787490845, 0.7412281036376953, 0.7353801131248474, 0.7266082167625427]",0.6852,0.44005847953216376,0.44298245614035087,0.4692982456140351,0.47953216374269003,0.4824561403508772,0.4824561403508772,0.4444444444444444
210,0.43859649122807015,0.38333963322870024,0.4689415493781378,0.27537735094339505,0.4605263157894737,0.05866473168134689,0.07545094098895788,0.0,0.07468036096543074,0.7935568580869585,"[0.6622806787490845, 0.7412281036376953, 0.7353801131248474, 0.7266082167625427]",0.7855,0.4649122807017544,0.46345029239766083,0.4722222222222222,0.4824561403508772,0.49415204678362573,0.49415204678362573,0.46637426900584794
211,0.4590643274853801,0.40800138479208237,0.501169555105467,0.29970822450274237,0.4853801169590643,0.05861038714647293,0.07541866786777973,0.0,0.07465565111488104,0.8633182080229744,"[0.6622806787490845, 0.7412281036376953, 0.7353801131248474, 0.7266082167625427]",0.6914,0.3888888888888889,0.4195906432748538,0.44883040935672514,0.44590643274853803,0.4678362573099415,0.4678362573099415,0.38596491228070173
212,0.4195906432748538,0.3675384475638812,0.48053125796293217,0.2524266722975073,0.45321637426900585,0.0576331801712513,0.07540426775813103,0.0,0.07462758757174015,0.7266090259654447,"[0.6622806787490845, 0.7412281036376953, 0.7353801131248474, 0.7266082167625427]",0.665,0.3991228070175439,0.4269005847953216,0.4546783625730994,0.44590643274853803,0.48391812865497075,0.48391812865497075,0.3961988304093567
213,0.4108187134502924,0.3579170248003186,0.44447983413138864,0.23450304401480246,0.4327485380116959,0.057357318699359894,0.07535659056156874,0.0,0.07460059225559235,0.7253460510401055,"[0.6622806787490845, 0.7412281036376953, 0.7353801131248474, 0.7266082167625427]",0.6673,0.41228070175438597,0.42105263157894735,0.4517543859649123,0.4619883040935672,0.47368421052631576,0.47368421052631576,0.40497076023391815
214,0.44590643274853803,0.39080411150120553,0.4691701221140686,0.292688312992242,0.46637426900584794,0.0565834566950798,0.07533698249608278,0.0,0.07457659486681223,0.7720118310535327,"[0.6622806787490845, 0.7412281036376953, 0.7353801131248474, 0.7266082167625427]",0.8362,0.3991228070175439,0.4269005847953216,0.4517543859649123,0.45760233918128657,0.4868421052631579,0.4868421052631579,0.40350877192982454
215,0.41812865497076024,0.36313147145657787,0.45274325603572685,0.2065904986708356,0.43859649122807015,0.055925771594047546,0.07529236562550068,0.0,0.07455723267048597,0.8279803079785779,"[0.6622806787490845, 0.7412281036376953, 0.7353801131248474, 0.7266082167625427]",0.7287,0.45760233918128657,0.45614035087719296,0.47076023391812866,0.47368421052631576,0.4956140350877193,0.4956140350877193,0.4605263157894737
216,0.4283625730994152,0.3768808160260203,0.47206843180858304,0.27619464139874406,0.4605263157894737,0.05705694481730461,0.07525346428155899,0.0,0.07453373912721872,0.748048237990588,"[0.6622806787490845, 0.7412281036376953, 0.7353801131248474, 0.7266082167625427]",0.6796,0.44590643274853803,0.44005847953216376,0.4473684210526316,0.45321637426900585,0.4824561403508772,0.4824561403508772,0.4517543859649123
217,0.4152046783625731,0.3640477800944165,0.458031934905202,0.230495860333885,0.4517543859649123,0.05717144533991814,0.07520573679357767,0.0,0.07451152615249157,0.790142630925402,"[0.6622806787490845, 0.7412281036376953, 0.7353801131248474, 0.7266082167625427]",0.8253,0.4590643274853801,0.4517543859649123,0.4692982456140351,0.4619883040935672,0.49122807017543857,0.49122807017543857,0.4502923976608187
218,0.4546783625730994,0.4011759045193696,0.47200051509659724,0.27762655163254163,0.4766081871345029,0.05881305783987045,0.07516989577561617,0.0,0.07448696438223124,0.8708005150547251,"[0.6622806787490845, 0.7412281036376953, 0.7353801131248474, 0.7266082167625427]",1.0082,0.4239766081871345,0.4605263157894737,0.48099415204678364,0.47953216374269003,0.4956140350877193,0.4956140350877193,0.4152046783625731
219,0.4166666666666667,0.3600911623195745,0.44971638025510735,0.2173124185874689,0.44298245614035087,0.05484532564878464,0.07514798361808062,0.0,0.07446642778813839,1.0300105269998312,"[0.6622806787490845, 0.7412281036376953, 0.7353801131248474, 0.7266082167625427]",0.7592,0.39766081871345027,0.44005847953216376,0.4678362573099415,0.4692982456140351,0.4824561403508772,0.4824561403508772,0.38596491228070173
220,0.41812865497076024,0.36227212458828995,0.45482241024326137,0.2077231544304291,0.44298245614035087,0.05344318225979805,0.07519936375319958,0.0,0.07444324530661106,0.7460990549298003,"[0.6622806787490845, 0.7412281036376953, 0.7353801131248474, 0.7266082167625427]",0.6679,0.44883040935672514,0.45321637426900585,0.45614035087719296,0.4619883040935672,0.47953216374269003,0.47953216374269003,0.45321637426900585
221,0.4415204678362573,0.38238985682983384,0.4781906807862609,0.24939243832070704,0.4605263157894737,0.056561216711997986,0.07524134963750839,0.0,0.07441948913037777,0.8251030190149322,"[0.6622806787490845, 0.7412281036376953, 0.7353801131248474, 0.7266082167625427]",0.6812,0.4444444444444444,0.44590643274853803,0.4619883040935672,0.47514619883040937,0.48099415204678364,0.48099415204678364,0.44883040935672514
222,0.4195906432748538,0.3669501482683377,0.45015957380776617,0.21869174135831843,0.4298245614035088,0.05601663142442703,0.0751032205298543,0.0,0.07439828757196665,0.7655841439263895,"[0.6622806787490845, 0.7412281036376953, 0.7353801131248474, 0.7266082167625427]",0.6823,0.4298245614035088,0.4283625730994152,0.44883040935672514,0.4649122807017544,0.46637426900584794,0.46637426900584794,0.43128654970760233
223,0.39766081871345027,0.34459140457656634,0.44094842108810917,0.2007576789470572,0.4152046783625731,0.05487598478794098,0.07502574380487204,0.0,0.07437601871788502,0.7272898979717866,"[0.6622806787490845, 0.7412281036376953, 0.7353801131248474, 0.7266082167625427]",0.7496,0.45760233918128657,0.46637426900584794,0.4824561403508772,0.4824561403508772,0.4956140350877193,0.4956140350877193,0.45760233918128657
224,0.44590643274853803,0.38974432614012744,0.46185569024352,0.2810300028528225,0.4605263157894737,0.05615593492984772,0.07502321992069483,0.0,0.07435120921581984,0.7687808569753543,"[0.6622806787490845, 0.7412281036376953, 0.7353801131248474, 0.7266082167625427]",0.7281,0.4444444444444444,0.4605263157894737,0.4649122807017544,0.46637426900584794,0.47953216374269003,0.47953216374269003,0.4342105263157895
225,0.42543859649122806,0.3720035416671533,0.4540068453106975,0.24013522613676805,0.44883040935672514,0.05431048944592476,0.07502393424510956,0.0,0.07433997187763453,1.1236904609249905,"[0.6622806787490845, 0.7412281036376953, 0.7353801131248474, 0.7266082167625427]",1.2049,0.4327485380116959,0.4415204678362573,0.4546783625730994,0.4605263157894737,0.47514619883040937,0.47514619883040937,0.44298245614035087
226,0.4342105263157895,0.3789739655548596,0.4602427838907622,0.25867925674941705,0.45321637426900585,0.05832621455192566,0.07498477399349213,0.0,0.07431558985263109,1.0920304610626772,"[0.6622806787490845, 0.7412281036376953, 0.7353801131248474, 0.7266082167625427]",1.0387,0.40789473684210525,0.4093567251461988,0.40350877192982454,0.41228070175438597,0.4473684210526316,0.4473684210526316,0.4137426900584795
227,0.43128654970760233,0.376007542054694,0.4594996401605887,0.22795021999854273,0.4444444444444444,0.055733177810907364,0.0749350544065237,0.0,0.07429093029350042,0.7947576890001073,"[0.6622806787490845, 0.7412281036376953, 0.7353801131248474, 0.7266082167625427]",0.6813,0.3932748538011696,0.4108187134502924,0.4327485380116959,0.4327485380116959,0.4619883040935672,0.4619883040935672,0.3961988304093567
228,0.41812865497076024,0.3609472456120171,0.4396280072042991,0.21494739403987997,0.4298245614035088,0.05517632141709328,0.07491715718060732,0.0,0.07427954394370317,0.7625031889183447,"[0.6622806787490845, 0.7412281036376953, 0.7353801131248474, 0.7266082167625427]",0.7083,0.44883040935672514,0.46345029239766083,0.4722222222222222,0.4868421052631579,0.4824561403508772,0.4824561403508772,0.44883040935672514
229,0.4166666666666667,0.3583233211933686,0.4378845907828512,0.20382797722876356,0.4298245614035088,0.05624496191740036,0.0748771894723177,0.0,0.07425850257277489,0.7218482269672677,"[0.6622806787490845, 0.7412281036376953, 0.7353801131248474, 0.7266082167625427]",0.6972,0.4678362573099415,0.4780701754385965,0.48830409356725146,0.5,0.5073099415204678,0.5073099415204678,0.46637426900584794
230,0.4327485380116959,0.38101135624173466,0.4579483795740216,0.24539327956390386,0.45321637426900585,0.05520644783973694,0.07498830743134022,0.0,0.07422851026058197,0.7447451549815014,"[0.6622806787490845, 0.7412281036376953, 0.7353801131248474, 0.7266082167625427]",0.7355,0.42543859649122806,0.4195906432748538,0.4269005847953216,0.43567251461988304,0.4502923976608187,0.4502923976608187,0.4239766081871345
231,0.3932748538011696,0.33294324166179046,0.42850616075587483,0.23078310321987452,0.4152046783625731,0.05712254345417023,0.0749363237991929,0.0,0.07420520670711994,0.7528887779917568,"[0.6622806787490845, 0.7412281036376953, 0.7353801131248474, 0.7266082167625427]",0.7021,0.4283625730994152,0.4298245614035088,0.4283625730994152,0.4283625730994152,0.4502923976608187,0.4502923976608187,0.4283625730994152
232,0.40350877192982454,0.3436750359827282,0.43294374111950823,0.1832419777535118,0.4166666666666667,0.058619461953639984,0.07484982814639807,0.0,0.07418451365083456,0.8292510589817539,"[0.6622806787490845, 0.7412281036376953, 0.7353801131248474, 0.7266082167625427]",0.7553,0.4473684210526316,0.4444444444444444,0.44590643274853803,0.44005847953216376,0.46345029239766083,0.46345029239766083,0.4473684210526316
233,0.4283625730994152,0.3726757755233683,0.46120827316414775,0.2087121067946724,0.44298245614035087,0.05875687301158905,0.07484557665884495,0.0,0.07417281810194254,0.8802171089919284,"[0.6622806787490845, 0.7412281036376953, 0.7353801131248474, 0.7266082167625427]",0.7277,0.4342105263157895,0.42543859649122806,0.4415204678362573,0.44590643274853803,0.46345029239766083,0.46345029239766083,0.4415204678362573
234,0.42105263157894735,0.3641511028479677,0.44717299700183866,0.21581124188377884,0.4371345029239766,0.05732975900173187,0.07483744528144598,0.0,0.07414915226399899,0.7744413450127468,"[0.6622806787490845, 0.7412281036376953, 0.7353801131248474, 0.7266082167625427]",0.6862,0.4473684210526316,0.44883040935672514,0.4546783625730994,0.45321637426900585,0.4692982456140351,0.4692982456140351,0.4444444444444444
235,0.44590643274853803,0.38934325826816163,0.48075109302575986,0.26519269571210224,0.4605263157894737,0.0583244189620018,0.07472372427582741,0.0,0.07412509247660637,1.0694906110875309,"[0.6622806787490845, 0.7412281036376953, 0.7353801131248474, 0.7266082167625427]",0.7075,0.4502923976608187,0.4517543859649123,0.4502923976608187,0.4546783625730994,0.4692982456140351,0.4692982456140351,0.4546783625730994
236,0.40350877192982454,0.343570057581574,0.43288017290205627,0.18991147373482842,0.4269005847953216,0.05657517910003662,0.07495826669037342,0.0,0.07410713471472263,0.7577933470020071,"[0.6622806787490845, 0.7412281036376953, 0.7353801131248474, 0.7266082167625427]",0.6888,0.43859649122807015,0.44590643274853803,0.45321637426900585,0.45614035087719296,0.47076023391812866,0.47076023391812866,0.4371345029239766
237,0.43128654970760233,0.37449221394719023,0.4711178704788142,0.2342100831027951,0.45321637426900585,0.0563226118683815,0.07481826562434435,0.0,0.07409174274653196,0.7558403289876878,"[0.6622806787490845, 0.7412281036376953, 0.7353801131248474, 0.7266082167625427]",0.6802,0.4371345029239766,0.44298245614035087,0.4473684210526316,0.4444444444444444,0.4766081871345029,0.4766081871345029,0.43859649122807015
238,0.43859649122807015,0.3835740855912414,0.468804913929525,0.2370828435045742,0.45614035087719296,0.056425176560878754,0.07477801851928234,0.0,0.07406982779502869,0.7230534410336986,"[0.6622806787490845, 0.7412281036376953, 0.7353801131248474, 0.7266082167625427]",0.6554,0.4269005847953216,0.4239766081871345,0.43567251461988304,0.4444444444444444,0.46637426900584794,0.46637426900584794,0.43128654970760233
239,0.3991228070175439,0.34441658990473745,0.43642567497618395,0.20476705371178014,0.42105263157894735,0.05594674497842789,0.07475591450929642,0.0,0.0740630216896534,0.7272094570798799,"[0.6622806787490845, 0.7412281036376953, 0.7353801131248474, 0.7266082167625427]",0.7247,0.4473684210526316,0.4619883040935672,0.45760233918128657,0.4692982456140351,0.4868421052631579,0.4868421052631579,0.4517543859649123
240,0.43128654970760233,0.3750064595537975,0.4550896316850058,0.2544845020172023,0.45321637426900585,0.0547899454832077,0.07486229296773672,0.0,0.07403877470642328,0.7276996900327504,"[0.6622806787490845, 0.7412281036376953, 0.7353801131248474, 0.7266082167625427]",0.6716,0.4298245614035088,0.4371345029239766,0.44590643274853803,0.45614035087719296,0.4590643274853801,0.4590643274853801,0.43128654970760233
241,0.40058479532163743,0.34077713264850396,0.45154871767681787,0.213703238087587,0.4371345029239766,0.05579107999801636,0.07472216617316008,0.0,0.07401864696294069,0.7967367499368265,"[0.6622806787490845, 0.7412281036376953, 0.7353801131248474, 0.7266082167625427]",0.7539,0.4371345029239766,0.4371345029239766,0.4444444444444444,0.45321637426900585,0.47076023391812866,0.47076023391812866,0.44590643274853803
242,0.4166666666666667,0.3570928827358111,0.44470587797419436,0.23054357601847436,0.4371345029239766,0.05612492561340332,0.07477294746786356,0.0,0.0740011939778924,0.7249595370376483,"[0.6622806787490845, 0.7412281036376953, 0.7353801131248474, 0.7266082167625427]",0.6858,0.4327485380116959,0.4517543859649123,0.45760233918128657,0.4649122807017544,0.48391812865497075,0.48391812865497075,0.4298245614035088
243,0.4283625730994152,0.3699283334825404,0.4594586750661689,0.2623230548932291,0.45321637426900585,0.056034356355667114,0.07472897693514824,0.0,0.07398708444088697,0.7891606719931588,"[0.6622806787490845, 0.7412281036376953, 0.7353801131248474, 0.7266082167625427]",0.7349,0.4327485380116959,0.4415204678362573,0.4415204678362573,0.4444444444444444,0.4590643274853801,0.4590643274853801,0.44590643274853803
244,0.4269005847953216,0.37078799341989466,0.4571535473061724,0.22999329331662385,0.4444444444444444,0.056027065962553024,0.07470468245446682,0.0,0.07397088129073381,0.8042110069654882,"[0.6622806787490845, 0.7412281036376953, 0.7353801131248474, 0.7266082167625427]",0.8177,0.4342105263157895,0.4444444444444444,0.4444444444444444,0.44590643274853803,0.4678362573099415,0.4678362573099415,0.4269005847953216
245,0.41228070175438597,0.35340898936645515,0.4494512469749514,0.22737423642654647,0.43567251461988304,0.053914811462163925,0.07465941458940506,0.0,0.07395190000534058,0.7598879630677402,"[0.6622806787490845, 0.7412281036376953, 0.7353801131248474, 0.7266082167625427]",0.68,0.42543859649122806,0.4327485380116959,0.4517543859649123,0.4605263157894737,0.4692982456140351,0.4692982456140351,0.43567251461988304
246,0.3991228070175439,0.34164693649578104,0.4383376917068625,0.23969253339077026,0.4283625730994152,0.0561956986784935,0.07461756002157927,0.0,0.07393878139555454,0.6969443840207532,"[0.6622806787490845, 0.7412281036376953, 0.7353801131248474, 0.7266082167625427]",0.6781,0.4444444444444444,0.45321637426900585,0.47076023391812866,0.47368421052631576,0.47076023391812866,0.47076023391812866,0.44590643274853803
247,0.4064327485380117,0.3466418533741451,0.4485112410666738,0.23882589150210343,0.43859649122807015,0.058000534772872925,0.07464156299829483,0.0,0.07390249241143465,0.772556814015843,"[0.6622806787490845, 0.7412281036376953, 0.7353801131248474, 0.7266082167625427]",0.6889,0.47514619883040937,0.4766081871345029,0.49707602339181284,0.5043859649122807,0.5,0.5,0.46637426900584794
248,0.4137426900584795,0.3541730436871029,0.44084674632954574,0.22017434279076412,0.43859649122807015,0.05688481032848358,0.07457659114152193,0.0,0.07386186253279448,0.7653807690367103,"[0.6622806787490845, 0.7412281036376953, 0.7353801131248474, 0.7266082167625427]",0.9362,0.44298245614035087,0.4444444444444444,0.4678362573099415,0.48099415204678364,0.4926900584795322,0.4926900584795322,0.4473684210526316
249,0.4064327485380117,0.3470044229995979,0.4266752186074662,0.19528584583463443,0.4283625730994152,0.05736056715250015,0.0745287612080574,0.0,0.07383034657686949,1.000340532977134,"[0.6622806787490845, 0.7412281036376953, 0.7353801131248474, 0.7266082167625427]",0.9678,0.4546783625730994,0.4590643274853801,0.4649122807017544,0.4678362573099415,0.48391812865497075,0.48391812865497075,0.45614035087719296
250,0.4137426900584795,0.35457576705955995,0.4402643506365402,0.23201919039581076,0.44298245614035087,0.05580528452992439,0.0744972350075841,0.0,0.0737894494086504,0.9800988719798625,"[0.6622806787490845, 0.7412281036376953, 0.7353801131248474, 0.7266082167625427]",0.9736,0.43859649122807015,0.4444444444444444,0.4342105263157895,0.43567251461988304,0.4692982456140351,0.4692982456140351,0.44005847953216376
251,0.36988304093567254,0.31721823475052635,0.431870463941789,0.21065403179178635,0.391812865497076,0.058659374713897705,0.07439641654491425,0.0,0.07444058638066053,1.0227157940389588,"[0.6622806787490845, 0.7412281036376953, 0.7353801131248474, 0.7266082167625427]",0.9663,0.4678362573099415,0.4766081871345029,0.489766081871345,0.49122807017543857,0.5014619883040936,0.5014619883040936,0.47368421052631576
252,0.3961988304093567,0.33874059873175044,0.44052562415818863,0.21957247753834838,0.42105263157894735,0.05825434625148773,0.07457240950316191,0.0,0.07453325018286705,0.9762439440237358,"[0.6622806787490845, 0.7412281036376953, 0.7353801131248474, 0.7266082167625427]",0.9336,0.44298245614035087,0.43567251461988304,0.4444444444444444,0.4473684210526316,0.46345029239766083,0.46345029239766083,0.4415204678362573
253,0.3815789473684211,0.32487084595317317,0.40731455780240766,0.17775187275363022,0.402046783625731,0.0564943365752697,0.07441383507102728,0.0,0.07447479479014874,0.9427559030009434,"[0.6622806787490845, 0.7412281036376953, 0.7353801131248474, 0.7266082167625427]",0.9452,0.41812865497076024,0.41812865497076024,0.43567251461988304,0.44298245614035087,0.45760233918128657,0.45760233918128657,0.4195906432748538
254,0.3567251461988304,0.30117863412187584,0.41054975392848764,0.1680260752669016,0.3888888888888889,0.057077597826719284,0.07449095882475376,0.0,0.0744486004114151,0.9990575890988111,"[0.6622806787490845, 0.7412281036376953, 0.7353801131248474, 0.7266082167625427]",1.1604,0.44005847953216376,0.4342105263157895,0.4298245614035088,0.43567251461988304,0.4619883040935672,0.4619883040935672,0.44883040935672514
255,0.37719298245614036,0.32160709255193576,0.4222528974577461,0.17547815369151562,0.39035087719298245,0.057861149311065674,0.07438747677952051,0.0,0.07438145112246275,1.4485596899176016,"[0.6622806787490845, 0.7412281036376953, 0.7353801131248474, 0.7266082167625427]",0.7008,0.43128654970760233,0.43567251461988304,0.4517543859649123,0.45614035087719296,0.47076023391812866,0.47076023391812866,0.43567251461988304
256,0.3362573099415205,0.2828847552738232,0.417547424184004,0.17756565511619668,0.3742690058479532,0.05758319050073624,0.07434939127415419,0.0,0.07434444036334753,0.734856883995235,"[0.6622806787490845, 0.7412281036376953, 0.7353801131248474, 0.7266082167625427]",0.7132,0.4517543859649123,0.44590643274853803,0.44005847953216376,0.4342105263157895,0.4605263157894737,0.4605263157894737,0.45614035087719296
257,0.3538011695906433,0.2740579595306185,0.41441075492722557,0.17238580003244114,0.3888888888888889,0.05530472844839096,0.07428668718785048,0.0,0.0743323415517807,0.7415227009914815,"[0.6622806787490845, 0.7412281036376953, 0.7353801131248474, 0.7266082167625427]",0.7141,0.4605263157894737,0.4678362573099415,0.48099415204678364,0.489766081871345,0.4956140350877193,0.4956140350877193,0.4649122807017544
258,0.3815789473684211,0.3252282612498104,0.4087486314451094,0.18008021591361723,0.391812865497076,0.05479249358177185,0.07425206620246172,0.0,0.07430747151374817,0.8651539030252025,"[0.6622806787490845, 0.7412281036376953, 0.7353801131248474, 0.7266082167625427]",0.6753,0.43567251461988304,0.44298245614035087,0.4444444444444444,0.4473684210526316,0.4678362573099415,0.4678362573099415,0.44005847953216376
259,0.3757309941520468,0.32203657364636196,0.4297530178753957,0.20200175116692967,0.391812865497076,0.05544836074113846,0.07423403859138489,0.0,0.07428677380084991,0.7440346580697224,"[0.6622806787490845, 0.7412281036376953, 0.7353801131248474, 0.7266082167625427]",0.8401,0.4590643274853801,0.44883040935672514,0.44005847953216376,0.44298245614035087,0.4692982456140351,0.4692982456140351,0.4649122807017544
260,0.38742690058479534,0.32859485545612155,0.42597844076948915,0.20088058207624368,0.4064327485380117,0.055637799203395844,0.07423170749098063,0.0,0.07426850404590368,0.8187429489335045,"[0.6622806787490845, 0.7412281036376953, 0.7353801131248474, 0.7266082167625427]",0.7883,0.46637426900584794,0.4678362573099415,0.4619883040935672,0.4605263157894737,0.47953216374269003,0.47953216374269003,0.46345029239766083
261,0.35964912280701755,0.3000824691208044,0.40874770001569855,0.19829543218413886,0.3786549707602339,0.05647319555282593,0.0742080993950367,0.0,0.07425373047590256,0.8366629150696099,"[0.6622806787490845, 0.7412281036376953, 0.7353801131248474, 0.7266082167625427]",0.7667,0.4619883040935672,0.4649122807017544,0.4590643274853801,0.4517543859649123,0.4824561403508772,0.4824561403508772,0.46345029239766083
262,0.38011695906432746,0.3224051886880619,0.41504304315071294,0.20180171227457325,0.40058479532163743,0.05459705367684364,0.07415005844086409,0.0,0.07423710264265537,1.1319307090016082,"[0.6622806787490845, 0.7412281036376953, 0.7353801131248474, 0.7266082167625427]",0.9551,0.4590643274853801,0.45321637426900585,0.4605263157894737,0.44883040935672514,0.4605263157894737,0.4605263157894737,0.45760233918128657
263,0.36403508771929827,0.31010176659764754,0.4118587912923649,0.18782316127874865,0.40497076023391815,0.05377059802412987,0.07417565304785967,0.0,0.0742175541818142,0.9655118219088763,"[0.6622806787490845, 0.7412281036376953, 0.7353801131248474, 0.7266082167625427]",0.7307,0.4692982456140351,0.4692982456140351,0.4546783625730994,0.4590643274853801,0.47076023391812866,0.47076023391812866,0.46637426900584794
264,0.37719298245614036,0.3208212127992839,0.41561120436536453,0.19570473893986154,0.4093567251461988,0.056324053555727005,0.0742820855230093,0.0,0.0742002259939909,0.7452013230649754,"[0.6622806787490845, 0.7412281036376953, 0.7353801131248474, 0.7266082167625427]",0.7378,0.4473684210526316,0.4473684210526316,0.44883040935672514,0.4546783625730994,0.4605263157894737,0.4605263157894737,0.4722222222222222
265,0.39766081871345027,0.3408755487675097,0.4238020977533129,0.20762701451156965,0.4195906432748538,0.05432388186454773,0.07416681479662657,0.0,0.07418722286820412,0.7532667429186404,"[0.6622806787490845, 0.7412281036376953, 0.7353801131248474, 0.7266082167625427]",0.748,0.4195906432748538,0.42251461988304095,0.43128654970760233,0.4415204678362573,0.47514619883040937,0.47514619883040937,0.4298245614035088
266,0.391812865497076,0.3375672806511092,0.4350556189906845,0.23292940669760773,0.42251461988304095,0.055896736681461334,0.07408799696713686,0.0,0.07418230827897787,0.729347865912132,"[0.6622806787490845, 0.7412281036376953, 0.7353801131248474, 0.7266082167625427]",0.7063,0.44298245614035087,0.44590643274853803,0.46345029239766083,0.4546783625730994,0.47368421052631576,0.47368421052631576,0.44590643274853803
267,0.3961988304093567,0.34012922154066083,0.44033813700986396,0.23053597764703132,0.4269005847953216,0.05456874147057533,0.07407971657812595,0.0,0.07418615091592073,0.7252187639242038,"[0.6622806787490845, 0.7412281036376953, 0.7353801131248474, 0.7266082167625427]",0.7072,0.4546783625730994,0.4590643274853801,0.4444444444444444,0.44590643274853803,0.48099415204678364,0.48099415204678364,0.4517543859649123
268,0.3713450292397661,0.31021866996876146,0.41887262463763336,0.17493299989902952,0.3961988304093567,0.056917689740657806,0.0740536442026496,0.0,0.07418233063071966,0.7546726589789614,"[0.6622806787490845, 0.7412281036376953, 0.7353801131248474, 0.7266082167625427]",0.6994,0.4605263157894737,0.45321637426900585,0.44590643274853803,0.44590643274853803,0.47514619883040937,0.47514619883040937,0.4619883040935672
269,0.41228070175438597,0.3568707066123723,0.45051539008474994,0.2241200615569135,0.4342105263157895,0.0561702698469162,0.0740283951163292,0.0,0.07418872509151697,0.7451711479807273,"[0.6622806787490845, 0.7412281036376953, 0.7353801131248474, 0.7266082167625427]",0.6987,0.4546783625730994,0.44005847953216376,0.43859649122807015,0.4444444444444444,0.4722222222222222,0.4722222222222222,0.4473684210526316
270,0.44005847953216376,0.38481119669359387,0.46402009342724854,0.2505475403221897,0.4546783625730994,0.0557376854121685,0.07406090386211872,0.0,0.07418024633079767,0.7369222020497546,"[0.6622806787490845, 0.7412281036376953, 0.7353801131248474, 0.7266082167625427]",0.6879,0.45321637426900585,0.44590643274853803,0.4473684210526316,0.4444444444444444,0.47368421052631576,0.47368421052631576,0.45614035087719296
271,0.4298245614035088,0.3721417929593078,0.4622446824036452,0.227554352357749,0.4546783625730994,0.0579979307949543,0.07401766534894705,0.0,0.0741817094385624,0.7970270230434835,"[0.6622806787490845, 0.7412281036376953, 0.7353801131248474, 0.7266082167625427]",0.7259,0.45760233918128657,0.4722222222222222,0.47368421052631576,0.4678362573099415,0.4824561403508772,0.4824561403508772,0.4619883040935672
272,0.4473684210526316,0.39246431298830997,0.47373121084635267,0.2816229217064846,0.45760233918128657,0.05850724130868912,0.07400949578732252,0.0,0.07417097128927708,0.872237759991549,"[0.6622806787490845, 0.7412281036376953, 0.7353801131248474, 0.7266082167625427]",0.8144,0.45614035087719296,0.4605263157894737,0.4766081871345029,0.4722222222222222,0.4824561403508772,0.4824561403508772,0.4605263157894737
273,0.4239766081871345,0.3699404532287818,0.46536549179920034,0.2565601845914589,0.4415204678362573,0.05853372439742088,0.07397693675011396,0.0,0.07415936328470707,0.9130491089308634,"[0.6622806787490845, 0.7412281036376953, 0.7353801131248474, 0.7266082167625427]",0.8318,0.45760233918128657,0.44883040935672514,0.45321637426900585,0.4444444444444444,0.4766081871345029,0.4766081871345029,0.45614035087719296
274,0.44883040935672514,0.3983888164356588,0.4681924182931555,0.26695306202247043,0.4619883040935672,0.05860109627246857,0.0739307627081871,0.0,0.0741530479863286,0.803996845963411,"[0.6622806787490845, 0.7412281036376953, 0.7353801131248474, 0.7266082167625427]",0.7065,0.4327485380116959,0.4342105263157895,0.45321637426900585,0.44883040935672514,0.47076023391812866,0.47076023391812866,0.43567251461988304
275,0.4239766081871345,0.3712575269406734,0.4618184474674765,0.24058426880639208,0.4415204678362573,0.05871003866195679,0.07397379446774721,0.0,0.07415323238819838,0.9305260230321437,"[0.6622806787490845, 0.7412281036376953, 0.7353801131248474, 0.7266082167625427]",0.7552,0.4415204678362573,0.4327485380116959,0.44883040935672514,0.4502923976608187,0.4766081871345029,0.4766081871345029,0.4473684210526316
276,0.4195906432748538,0.3687176423272649,0.4568798452975569,0.22225076569532637,0.4517543859649123,0.057106222957372665,0.0739222401753068,0.0,0.07413589116185904,0.7202395219355822,"[0.6622806787490845, 0.7412281036376953, 0.7353801131248474, 0.7266082167625427]",0.6852,0.42543859649122806,0.42543859649122806,0.4342105263157895,0.43859649122807015,0.4546783625730994,0.4546783625730994,0.4298245614035088
277,0.43859649122807015,0.38211672822225884,0.46290213231605304,0.2558433880184565,0.4517543859649123,0.05832647532224655,0.07386583276093006,0.0,0.07412221562117338,0.813172435038723,"[0.6622806787490845, 0.7412281036376953, 0.7353801131248474, 0.7266082167625427]",0.6954,0.4342105263157895,0.43128654970760233,0.4517543859649123,0.45760233918128657,0.47368421052631576,0.47368421052631576,0.43859649122807015
278,0.4371345029239766,0.38446507083536874,0.4781641421788561,0.29133925367578967,0.4517543859649123,0.05792222544550896,0.07381638325750828,0.0,0.07411304954439402,0.8574374290183187,"[0.6622806787490845, 0.7412281036376953, 0.7353801131248474, 0.7266082167625427]",1.0608,0.4166666666666667,0.41228070175438597,0.42251461988304095,0.44298245614035087,0.45321637426900585,0.45321637426900585,0.4298245614035088
279,0.42251461988304095,0.36739625186142566,0.4603547969625349,0.24399744851900793,0.44005847953216376,0.05694233998656273,0.07381926476955414,0.0,0.07411560323089361,0.9677596180699766,"[0.6622806787490845, 0.7412281036376953, 0.7353801131248474, 0.7266082167625427]",0.6899,0.4166666666666667,0.4152046783625731,0.44298245614035087,0.4473684210526316,0.4722222222222222,0.4722222222222222,0.42543859649122806
280,0.4766081871345029,0.4243019833171897,0.4839170813452925,0.31200675686215457,0.489766081871345,0.05670791119337082,0.07403646223247051,0.0,0.07410481665283442,0.7227109629893675,"[0.6622806787490845, 0.7412281036376953, 0.7353801131248474, 0.7266082167625427]",0.6939,0.4473684210526316,0.44005847953216376,0.4590643274853801,0.4619883040935672,0.4824561403508772,0.4824561403508772,0.45321637426900585
281,0.4444444444444444,0.39150181435093057,0.4818382056885492,0.2881236741579055,0.4692982456140351,0.058656930923461914,0.07375228777527809,0.0,0.07409362681210041,0.7219999339431524,"[0.6622806787490845, 0.7412281036376953, 0.7353801131248474, 0.7266082167625427]",0.7254,0.4371345029239766,0.44005847953216376,0.44298245614035087,0.4444444444444444,0.4722222222222222,0.4722222222222222,0.44005847953216376
282,0.44298245614035087,0.39466776922469415,0.4712747944559326,0.2532334346899681,0.4619883040935672,0.05653396248817444,0.07350323256105185,0.0,0.07415885012596846,0.7238813500152901,"[0.6622806787490845, 0.7412281036376953, 0.7353801131248474, 0.7266082167625427]",0.6625,0.44590643274853803,0.45321637426900585,0.48099415204678364,0.47953216374269003,0.49853801169590645,0.49853801169590645,0.4444444444444444
283,0.44005847953216376,0.3852212032178426,0.4691420877785882,0.2521645933618624,0.45614035087719296,0.05637722089886665,0.07397035416215658,0.0,0.07410986069589853,0.7032904259394854,"[0.6622806787490845, 0.7412281036376953, 0.7353801131248474, 0.7266082167625427]",0.7034,0.4327485380116959,0.42543859649122806,0.43128654970760233,0.44883040935672514,0.4605263157894737,0.4605263157894737,0.4327485380116959
284,0.41228070175438597,0.3605886059907031,0.44978252524503837,0.22660605406202547,0.4195906432748538,0.055988095700740814,0.07376591954380274,0.0,0.07412502355873585,0.7369994939072058,"[0.6622806787490845, 0.7412281036376953, 0.7353801131248474, 0.7266082167625427]",0.6943,0.4152046783625731,0.4093567251461988,0.41228070175438597,0.4342105263157895,0.4722222222222222,0.4722222222222222,0.41812865497076024
285,0.4269005847953216,0.37500611875275336,0.446652327613124,0.21615894524466933,0.4444444444444444,0.05671617388725281,0.07383929006755352,0.0,0.07409300282597542,0.7276388960890472,"[0.6622806787490845, 0.7412281036376953, 0.7353801131248474, 0.7266082167625427]",0.6898,0.44883040935672514,0.4517543859649123,0.46637426900584794,0.4722222222222222,0.49122807017543857,0.49122807017543857,0.4473684210526316
286,0.4166666666666667,0.3613505158740373,0.46068423042163154,0.23997378447558745,0.43567251461988304,0.05810115486383438,0.07393036130815744,0.0,0.0740845650434494,0.7938800461124629,"[0.6622806787490845, 0.7412281036376953, 0.7353801131248474, 0.7266082167625427]",1.1515,0.44005847953216376,0.43567251461988304,0.44883040935672514,0.45321637426900585,0.4766081871345029,0.4766081871345029,0.44298245614035087
287,0.40789473684210525,0.35386660757810773,0.4387385150730102,0.20719866321601244,0.42105263157894735,0.057381682097911835,0.07390971388667822,0.0,0.0740719586610794,1.19135479896795,"[0.6622806787490845, 0.7412281036376953, 0.7353801131248474, 0.7266082167625427]",1.0295,0.4093567251461988,0.40789473684210525,0.4239766081871345,0.4327485380116959,0.4605263157894737,0.4605263157894737,0.42105263157894735
288,0.41812865497076024,0.3633027651677273,0.4573049456117611,0.25856089113472863,0.4444444444444444,0.05759675055742264,0.07386282365769148,0.0,0.07406247407197952,0.8358678430086002,"[0.6622806787490845, 0.7412281036376953, 0.7353801131248474, 0.7266082167625427]",0.6897,0.4283625730994152,0.4298245614035088,0.4473684210526316,0.4649122807017544,0.4722222222222222,0.4722222222222222,0.44298245614035087
289,0.4269005847953216,0.371635872774825,0.44980085224101835,0.21744841274748825,0.44298245614035087,0.05707380920648575,0.07383641973137856,0.0,0.07404957804828882,0.74823225394357,"[0.6622806787490845, 0.7412281036376953, 0.7353801131248474, 0.7266082167625427]",0.7442,0.4327485380116959,0.43567251461988304,0.4590643274853801,0.4649122807017544,0.4780701754385965,0.4780701754385965,0.43859649122807015
290,0.4166666666666667,0.3619984711303116,0.4418760117888225,0.19801788791938169,0.43567251461988304,0.05710091441869736,0.07382242381572723,0.0,0.07403687480837107,0.7201371800620109,"[0.6622806787490845, 0.7412281036376953, 0.7353801131248474, 0.7266082167625427]",0.6608,0.43859649122807015,0.44005847953216376,0.4502923976608187,0.4605263157894737,0.47514619883040937,0.47514619883040937,0.4415204678362573
291,0.4298245614035088,0.37474949899799603,0.4538391102225534,0.23485259231182135,0.4502923976608187,0.05695757269859314,0.0738361133262515,0.0,0.07402280531823635,0.733736174996011,"[0.6622806787490845, 0.7412281036376953, 0.7353801131248474, 0.7266082167625427]",0.7609,0.43859649122807015,0.4371345029239766,0.4546783625730994,0.46637426900584794,0.4868421052631579,0.4868421052631579,0.4473684210526316
292,0.41228070175438597,0.3543124035758819,0.4508166690430812,0.2000791095133645,0.4342105263157895,0.056797150522470474,0.07384138461202383,0.0,0.0740087041631341,0.796953420038335,"[0.6622806787490845, 0.7412281036376953, 0.7353801131248474, 0.7266082167625427]",0.8052,0.4546783625730994,0.4590643274853801,0.4678362573099415,0.4649122807017544,0.4824561403508772,0.4824561403508772,0.44590643274853803
293,0.4064327485380117,0.35237846485357016,0.4594658289878058,0.25598257042115463,0.42251461988304095,0.05591603368520737,0.07379956357181072,0.0,0.07399853505194187,0.7286128170089796,"[0.6622806787490845, 0.7412281036376953, 0.7353801131248474, 0.7266082167625427]",0.7696,0.43567251461988304,0.44590643274853803,0.4546783625730994,0.45760233918128657,0.47514619883040937,0.47514619883040937,0.44298245614035087
294,0.4152046783625731,0.35841667741443795,0.4457402342440688,0.2444196289828603,0.43128654970760233,0.057931363582611084,0.07380675803869963,0.0,0.07399059925228357,0.7685968759469688,"[0.6622806787490845, 0.7412281036376953, 0.7353801131248474, 0.7266082167625427]",0.7702,0.45614035087719296,0.4546783625730994,0.47368421052631576,0.48099415204678364,0.5,0.5,0.45760233918128657
295,0.4269005847953216,0.37319880684102746,0.4551787996445998,0.23894757681963344,0.4473684210526316,0.05663580819964409,0.07376485876739025,0.0,0.07398389372974634,0.823317305999808,"[0.6622806787490845, 0.7412281036376953, 0.7353801131248474, 0.7266082167625427]",1.04,0.4415204678362573,0.4444444444444444,0.44883040935672514,0.44883040935672514,0.489766081871345,0.489766081871345,0.44883040935672514
296,0.4064327485380117,0.3506157019188948,0.4490023966974311,0.21994592373116437,0.4166666666666667,0.05590183660387993,0.07375640794634819,0.0,0.07397045288234949,1.4400914428988472,"[0.6622806787490845, 0.7412281036376953, 0.7353801131248474, 0.7266082167625427]",1.2274,0.4678362573099415,0.45760233918128657,0.4678362573099415,0.4722222222222222,0.489766081871345,0.489766081871345,0.46345029239766083
297,0.4590643274853801,0.41039290831362774,0.4891437282252075,0.29683905141589095,0.4722222222222222,0.057724811136722565,0.07373293489217758,0.0,0.07396186143159866,1.128593279980123,"[0.6622806787490845, 0.7412281036376953, 0.7353801131248474, 0.7266082167625427]",1.1098,0.46637426900584794,0.47368421052631576,0.47076023391812866,0.47368421052631576,0.49415204678362573,0.49415204678362573,0.46637426900584794
298,0.4342105263157895,0.38050728063318806,0.46484710082779657,0.2599088856613477,0.4502923976608187,0.057960886508226395,0.07373182289302349,0.0,0.07395168486982584,1.0318919860292226,"[0.6622806787490845, 0.7412281036376953, 0.7353801131248474, 0.7266082167625427]",0.9537,0.4517543859649123,0.4502923976608187,0.45321637426900585,0.4517543859649123,0.4853801169590643,0.4853801169590643,0.44883040935672514
299,0.4108187134502924,0.35898014283023394,0.45453969906624014,0.24554417244085538,0.42105263157894735,0.05754122510552406,0.07369298487901688,0.0,0.07394815050065517,0.9580420140409842,"[0.6622806787490845, 0.7412281036376953, 0.7353801131248474, 0.7266082167625427]",0.9764,0.45614035087719296,0.45614035087719296,0.4444444444444444,0.44590643274853803,0.4692982456140351,0.4692982456140351,0.44590643274853803
300,0.3991228070175439,0.346600100407207,0.44445717173884525,0.21188567687275286,0.42543859649122806,0.05632643774151802,0.07369280327111483,0.0,0.07393314130604267,1.0971294690389186,"[0.6622806787490845, 0.7412281036376953, 0.7353801131248474, 0.7266082167625427]",,,,,,,,
