round,ACC,Kappa,NMI,ARI,PURITY,alignment_loss,mean_reconstruction_loss,mean_consensus_loss,mean_local_total_loss,round_seconds,observed_rates,completion_eval_seconds,C025_ACC,C050_ACC,C075_ACC,C100_ACC,D0_ACC,E0_ACC,G0_ACC
1,0.27886056971514245,0.21771454348170638,0.3015306253405727,0.0388066093773138,0.3343328335832084,0.08344031870365143,0.29723919928073883,0.0,0.2907313108444214,1.772167724906467,"[0.6491754055023193, 0.7166417241096497, 0.7271364331245422, 0.7106447219848633]",0.7216,0.36431784107946025,0.37631184407796103,0.4197901049475262,0.4257871064467766,0.44227886056971516,0.44227886056971516,0.3568215892053973
2,0.3148425787106447,0.24611145873780993,0.34961600786298874,0.1264507603324476,0.3403298350824588,0.07139790058135986,0.288545947521925,0.0,0.2829411216080189,0.7309061919804662,"[0.6491754055023193, 0.7166417241096497, 0.7271364331245422, 0.7106447219848633]",0.7107,0.31784107946026985,0.3328335832083958,0.4017991004497751,0.4122938530734633,0.40929535232383807,0.40929535232383807,0.31784107946026985
3,0.31334332833583206,0.2531744595962313,0.37462079576702617,0.095823669978124,0.37181409295352325,0.06607890874147415,0.2807755321264267,0.0,0.27489109709858894,0.7409192889463156,"[0.6491754055023193, 0.7166417241096497, 0.7271364331245422, 0.7106447219848633]",0.6731,0.3373313343328336,0.3538230884557721,0.4287856071964018,0.44227886056971516,0.43928035982008995,0.43928035982008995,0.3373313343328336
4,0.3568215892053973,0.29077376083755935,0.32557665451515677,0.16111268490233033,0.3658170914542729,0.06312693655490875,0.2722618132829666,0.0,0.2659013457596302,0.7575067679863423,"[0.6491754055023193, 0.7166417241096497, 0.7271364331245422, 0.7106447219848633]",0.6548,0.27586206896551724,0.2773613193403298,0.32983508245877063,0.37631184407796103,0.3793103448275862,0.3793103448275862,0.2773613193403298
5,0.3733133433283358,0.30417486098771107,0.3603075233329258,0.19919602532946679,0.3823088455772114,0.0639846920967102,0.2630927972495556,0.0,0.2563583590090275,0.7171924050198868,"[0.6491754055023193, 0.7166417241096497, 0.7271364331245422, 0.7106447219848633]",0.758,0.2848575712143928,0.29535232383808097,0.36281859070464767,0.37631184407796103,0.3808095952023988,0.3808095952023988,0.28335832083958024
6,0.4107946026986507,0.3468621446600273,0.3880551615893517,0.21862784731104473,0.41529235382308843,0.06487967073917389,0.25348884984850883,0.0,0.24646525457501411,0.8150118750054389,"[0.6491754055023193, 0.7166417241096497, 0.7271364331245422, 0.7106447219848633]",0.6513,0.27586206896551724,0.2893553223388306,0.32083958020989506,0.3853073463268366,0.39580209895052476,0.39580209895052476,0.2773613193403298
7,0.3793103448275862,0.31886563939133084,0.3724332508446189,0.19041980559567334,0.4062968515742129,0.06713922321796417,0.24373144656419754,0.0,0.23658932372927666,0.8733208089834079,"[0.6491754055023193, 0.7166417241096497, 0.7271364331245422, 0.7106447219848633]",0.7701,0.27136431784107945,0.280359820089955,0.32533733133433285,0.3808095952023988,0.39430284857571213,0.39430284857571213,0.2698650674662669
8,0.3598200899550225,0.2936582534962563,0.34990989430858077,0.1354980254033213,0.36431784107946025,0.06694022566080093,0.23372015357017517,0.0,0.22658025473356247,0.7500960679026321,"[0.6491754055023193, 0.7166417241096497, 0.7271364331245422, 0.7106447219848633]",0.65,0.2623688155922039,0.2653673163418291,0.272863568215892,0.31634182908545727,0.3568215892053973,0.3568215892053973,0.2638680659670165
9,0.3808095952023988,0.32615879865070807,0.35183016878449763,0.19432803361017859,0.39580209895052476,0.06624157726764679,0.22386760264635086,0.0,0.21670126914978027,0.7861702509690076,"[0.6491754055023193, 0.7166417241096497, 0.7271364331245422, 0.7106447219848633]",0.7005,0.280359820089955,0.28785607196401797,0.31784107946026985,0.3448275862068966,0.3553223388305847,0.3553223388305847,0.2818590704647676
10,0.32083958020989506,0.26270646712752954,0.3410863258311634,0.13405956245534573,0.34182908545727136,0.0659763514995575,0.21410014480352402,0.0,0.20696723833680153,0.7808501910185441,"[0.6491754055023193, 0.7166417241096497, 0.7271364331245422, 0.7106447219848633]",0.6914,0.2653673163418291,0.272863568215892,0.30434782608695654,0.35082458770614694,0.3538230884557721,0.3538230884557721,0.2593703148425787
11,0.29685157421289354,0.23921962513406314,0.3086107251263374,0.10141888297178578,0.31634182908545727,0.06641871482133865,0.20458661764860153,0.0,0.1975072529166937,0.7366946050897241,"[0.6491754055023193, 0.7166417241096497, 0.7271364331245422, 0.7106447219848633]",0.6819,0.2368815592203898,0.23388305847076463,0.22788605697151423,0.25787106446776614,0.3058470764617691,0.3058470764617691,0.2383808095952024
12,0.3403298350824588,0.26524562747542724,0.3108602747939102,0.1559534004979794,0.3523238380809595,0.06537257879972458,0.19509374350309372,0.0,0.1882984023541212,0.6994375609792769,"[0.6491754055023193, 0.7166417241096497, 0.7271364331245422, 0.7106447219848633]",0.6883,0.2368815592203898,0.2413793103448276,0.2368815592203898,0.2608695652173913,0.2848575712143928,0.2848575712143928,0.2413793103448276
13,0.30134932533733133,0.22374260447390293,0.29711623496398226,0.1496101552727754,0.33883058470764615,0.06560768187046051,0.18598777428269386,0.0,0.17938883788883686,0.7695728739490733,"[0.6491754055023193, 0.7166417241096497, 0.7271364331245422, 0.7106447219848633]",0.6829,0.2383808095952024,0.25487256371814093,0.2593703148425787,0.328335832083958,0.3148425787106447,0.3148425787106447,0.2383808095952024
14,0.32083958020989506,0.2539831464696717,0.2817626056761585,0.12407892380087725,0.3403298350824588,0.0656438022851944,0.17723374255001545,0.0,0.17087599635124207,0.7349248259561136,"[0.6491754055023193, 0.7166417241096497, 0.7271364331245422, 0.7106447219848633]",0.8374,0.23238380809595202,0.24287856071964017,0.22938530734632684,0.2863568215892054,0.2938530734632684,0.2938530734632684,0.2383808095952024
15,0.25037481259370314,0.178838407217358,0.2251069963694718,0.06951989558785648,0.28785607196401797,0.06520944088697433,0.16886692307889462,0.0,0.16278829984366894,0.7437792010605335,"[0.6491754055023193, 0.7166417241096497, 0.7271364331245422, 0.7106447219848633]",0.6954,0.2368815592203898,0.24587706146926536,0.2698650674662669,0.31334332833583206,0.30134932533733133,0.30134932533733133,0.2368815592203898
16,0.28785607196401797,0.22140524281245177,0.23474915335004753,0.09675691542234205,0.29235382308845576,0.06526503711938858,0.16091483272612095,0.0,0.15516090765595436,1.0642080530524254,"[0.6491754055023193, 0.7166417241096497, 0.7271364331245422, 0.7106447219848633]",0.7415,0.23388305847076463,0.2413793103448276,0.22338830584707647,0.2698650674662669,0.2863568215892054,0.2863568215892054,0.2368815592203898
17,0.3073463268365817,0.22371132462376375,0.25670114553900386,0.12837467980807193,0.3238380809595202,0.06425841897726059,0.15340585261583328,0.0,0.14802438393235207,0.7681353410007432,"[0.6491754055023193, 0.7166417241096497, 0.7271364331245422, 0.7106447219848633]",0.7025,0.22488755622188905,0.23088455772113944,0.22338830584707647,0.25487256371814093,0.2773613193403298,0.2773613193403298,0.22638680659670166
18,0.2653673163418291,0.19504560086497558,0.22754264070604036,0.06950988558672236,0.2893553223388306,0.06382520496845245,0.14638119377195835,0.0,0.14137554354965687,0.7496259860927239,"[0.6491754055023193, 0.7166417241096497, 0.7271364331245422, 0.7106447219848633]",0.7426,0.23088455772113944,0.24437781109445278,0.24587706146926536,0.30434782608695654,0.2893553223388306,0.2893553223388306,0.23388305847076463
19,0.30134932533733133,0.21599677138641227,0.22604091930272144,0.11101801248882412,0.3193403298350825,0.06321337074041367,0.13980326429009438,0.0,0.1352014485746622,0.7657407890073955,"[0.6491754055023193, 0.7166417241096497, 0.7271364331245422, 0.7106447219848633]",0.6869,0.23388305847076463,0.239880059970015,0.24287856071964017,0.28335832083958024,0.28785607196401797,0.28785607196401797,0.23088455772113944
20,0.3073463268365817,0.23449889703690463,0.2522916836974937,0.14162691501124536,0.33883058470764615,0.06427396833896637,0.13375578820705414,0.0,0.12952199950814247,0.7239963570609689,"[0.6491754055023193, 0.7166417241096497, 0.7271364331245422, 0.7106447219848633]",0.6741,0.21739130434782608,0.22938530734632684,0.21889055472263869,0.28335832083958024,0.272863568215892,0.272863568215892,0.22038980509745126
21,0.2938530734632684,0.20989849503038105,0.20778737966481228,0.07902632904903925,0.2983508245877061,0.06223083287477493,0.12818957306444645,0.0,0.12430056184530258,0.8321787929162383,"[0.6491754055023193, 0.7166417241096497, 0.7271364331245422, 0.7106447219848633]",0.7349,0.2128935532233883,0.2158920539730135,0.2128935532233883,0.25337331334332835,0.25787106446776614,0.25787106446776614,0.21739130434782608
22,0.2653673163418291,0.182489675752338,0.19750059491606162,0.10739666195226655,0.30134932533733133,0.062392834573984146,0.12309124507009983,0.0,0.1195601038634777,0.7632012619869784,"[0.6491754055023193, 0.7166417241096497, 0.7271364331245422, 0.7106447219848633]",0.6644,0.2128935532233883,0.22038980509745126,0.1904047976011994,0.25337331334332835,0.2563718140929535,0.2563718140929535,0.2143928035982009
23,0.280359820089955,0.20449632511889326,0.2023872688567226,0.09412177052840098,0.3028485757121439,0.06014353036880493,0.1184643879532814,0.0,0.11526952404528856,0.7200041780015454,"[0.6491754055023193, 0.7166417241096497, 0.7271364331245422, 0.7106447219848633]",0.6882,0.22038980509745126,0.22638680659670166,0.22938530734632684,0.2683658170914543,0.26686656671664166,0.26686656671664166,0.22638680659670166
24,0.28335832083958024,0.1917221657442877,0.18286561843040244,0.09691653895344862,0.29985007496251875,0.059744685888290405,0.11426635459065437,0.0,0.1113962372764945,0.7579263730440289,"[0.6491754055023193, 0.7166417241096497, 0.7271364331245422, 0.7106447219848633]",0.6854,0.2128935532233883,0.21739130434782608,0.21889055472263869,0.2638680659670165,0.2638680659670165,0.2638680659670165,0.2158920539730135
25,0.2383808095952024,0.16961322988094485,0.18577778873644793,0.07831795100422774,0.27436281859070466,0.060120854526758194,0.11048472300171852,0.0,0.10791175439953804,0.7394630470080301,"[0.6491754055023193, 0.7166417241096497, 0.7271364331245422, 0.7106447219848633]",0.7101,0.22938530734632684,0.23088455772113944,0.20689655172413793,0.24437781109445278,0.2653673163418291,0.2653673163418291,0.22638680659670166
26,0.2608695652173913,0.1779389412211756,0.17171214828999776,0.0861619653350787,0.27886056971514245,0.05862048640847206,0.10709284711629152,0.0,0.1047941567376256,0.7538605659501627,"[0.6491754055023193, 0.7166417241096497, 0.7271364331245422, 0.7106447219848633]",0.6882,0.23088455772113944,0.22488755622188905,0.21139430284857572,0.25787106446776614,0.2653673163418291,0.2653673163418291,0.22038980509745126
27,0.25037481259370314,0.1684017604448489,0.17520942236470718,0.09012817674990292,0.280359820089955,0.057155542075634,0.10405812133103609,0.0,0.10200744401663542,0.742234259028919,"[0.6491754055023193, 0.7166417241096497, 0.7271364331245422, 0.7106447219848633]",0.7296,0.22038980509745126,0.2143928035982009,0.20839580209895053,0.25787106446776614,0.2638680659670165,0.2638680659670165,0.22188905547226387
28,0.25337331334332835,0.15488636103428888,0.17962088961364414,0.08775342329936893,0.2908545727136432,0.059256963431835175,0.10134901013225317,0.0,0.09952024184167385,0.749891173094511,"[0.6491754055023193, 0.7166417241096497, 0.7271364331245422, 0.7106447219848633]",0.6921,0.2368815592203898,0.2353823088455772,0.22338830584707647,0.2698650674662669,0.2608695652173913,0.2608695652173913,0.23388305847076463
29,0.22788605697151423,0.154873614234329,0.1580603911121601,0.07008753895015553,0.2593703148425787,0.05957616865634918,0.09893373772501945,0.0,0.09730848204344511,0.762219830066897,"[0.6491754055023193, 0.7166417241096497, 0.7271364331245422, 0.7106447219848633]",0.715,0.21889055472263869,0.2143928035982009,0.20539730134932535,0.21889055472263869,0.22188905547226387,0.22188905547226387,0.21889055472263869
30,0.239880059970015,0.17099186114924503,0.19959070792829892,0.06434737868796332,0.28335832083958024,0.059515275061130524,0.09677978232502937,0.0,0.0953378127887845,0.7358911819756031,"[0.6491754055023193, 0.7166417241096497, 0.7271364331245422, 0.7106447219848633]",0.9159,0.2158920539730135,0.2158920539730135,0.22788605697151423,0.25787106446776614,0.2623688155922039,0.2623688155922039,0.21739130434782608
31,0.27136431784107945,0.19078252664215267,0.18489137598530936,0.07412727045807078,0.2893553223388306,0.05889599770307541,0.09486085176467896,0.0,0.09357978496700525,0.7267912370152771,"[0.6491754055023193, 0.7166417241096497, 0.7271364331245422, 0.7106447219848633]",0.7461,0.21889055472263869,0.22038980509745126,0.20539730134932535,0.24887556221889057,0.2383808095952024,0.2383808095952024,0.22188905547226387
32,0.2353823088455772,0.15028238991039966,0.15071229955540355,0.041567011481200455,0.24887556221889057,0.05932984873652458,0.0931463660672307,0.0,0.09200856182724237,0.7282405740115792,"[0.6491754055023193, 0.7166417241096497, 0.7271364331245422, 0.7106447219848633]",0.7027,0.21739130434782608,0.20689655172413793,0.18590704647676162,0.22038980509745126,0.23088455772113944,0.23088455772113944,0.2158920539730135
33,0.2608695652173913,0.16915080967312401,0.17576691038811001,0.07471745846290678,0.27586206896551724,0.060425035655498505,0.09161099698394537,0.0,0.09060232061892748,0.715190215036273,"[0.6491754055023193, 0.7166417241096497, 0.7271364331245422, 0.7106447219848633]",0.6853,0.22338830584707647,0.23088455772113944,0.21739130434782608,0.27436281859070466,0.2683658170914543,0.2683658170914543,0.22488755622188905
34,0.24587706146926536,0.17659373427740477,0.19212137059566078,0.05927900527788357,0.2848575712143928,0.059300102293491364,0.0902366591617465,0.0,0.0893482118844986,0.7250330050010234,"[0.6491754055023193, 0.7166417241096497, 0.7271364331245422, 0.7106447219848633]",0.6845,0.22038980509745126,0.21739130434782608,0.19640179910044978,0.2563718140929535,0.25037481259370314,0.25037481259370314,0.21889055472263869
35,0.2368815592203898,0.16586488850451575,0.18990601122561776,0.05966612588417621,0.280359820089955,0.057378336787223816,0.08901010267436504,0.0,0.08822970651090145,0.7908019939204678,"[0.6491754055023193, 0.7166417241096497, 0.7271364331245422, 0.7106447219848633]",0.6977,0.22938530734632684,0.22788605697151423,0.20839580209895053,0.2368815592203898,0.25337331334332835,0.25337331334332835,0.22788605697151423
36,0.24887556221889057,0.15360260985636176,0.15676782002116438,0.05518048890893693,0.2563718140929535,0.056185439229011536,0.0879241144284606,0.0,0.08723162114620209,0.8197935470379889,"[0.6491754055023193, 0.7166417241096497, 0.7271364331245422, 0.7106447219848633]",0.6754,0.21139430284857572,0.2158920539730135,0.20839580209895053,0.25487256371814093,0.25037481259370314,0.25037481259370314,0.2098950524737631
37,0.2383808095952024,0.15588550359981057,0.18575151031150636,0.07038599786041448,0.2623688155922039,0.056958332657814026,0.08695341553539038,0.0,0.08634047117084265,0.7508243429474533,"[0.6491754055023193, 0.7166417241096497, 0.7271364331245422, 0.7106447219848633]",0.6879,0.22488755622188905,0.23388305847076463,0.19490254872563717,0.2368815592203898,0.24437781109445278,0.24437781109445278,0.22638680659670166
38,0.22788605697151423,0.13954239852509454,0.1417085871143935,0.04056413942280029,0.239880059970015,0.057734303176403046,0.08608498424291611,0.0,0.0855425326153636,0.7049125949852169,"[0.6491754055023193, 0.7166417241096497, 0.7271364331245422, 0.7106447219848633]",0.7362,0.22938530734632684,0.2368815592203898,0.22188905547226387,0.2698650674662669,0.2623688155922039,0.2623688155922039,0.23088455772113944
39,0.2518740629685157,0.1561050808694704,0.16835306306583775,0.05958202030420957,0.27436281859070466,0.05824848264455795,0.0853006113320589,0.0,0.08482287637889385,0.7344834009418264,"[0.6491754055023193, 0.7166417241096497, 0.7271364331245422, 0.7106447219848633]",0.6975,0.22338830584707647,0.23388305847076463,0.22938530734632684,0.2773613193403298,0.2638680659670165,0.2638680659670165,0.22488755622188905
40,0.2518740629685157,0.18182645034414935,0.18047778741238205,0.06137855534627016,0.25787106446776614,0.057325929403305054,0.08459615334868431,0.0,0.08441497664898634,0.7206232689786702,"[0.6491754055023193, 0.7166417241096497, 0.7271364331245422, 0.7106447219848633]",0.6658,0.23088455772113944,0.23238380809595202,0.20389805097451275,0.22638680659670166,0.23388305847076463,0.23388305847076463,0.22938530734632684
41,0.2863568215892054,0.19700138852707372,0.21058690512479677,0.09388959014777691,0.29985007496251875,0.05683280900120735,0.08412801008671522,0.0,0.08395201154053211,0.7688841349445283,"[0.6491754055023193, 0.7166417241096497, 0.7271364331245422, 0.7106447219848633]",0.6754,0.22488755622188905,0.22488755622188905,0.20839580209895053,0.25487256371814093,0.2608695652173913,0.2608695652173913,0.22488755622188905
42,0.27136431784107945,0.18726244321201846,0.17937391882698295,0.09035912993913309,0.27886056971514245,0.05605728179216385,0.08360350504517555,0.0,0.08348037581890821,0.8208823449676856,"[0.6491754055023193, 0.7166417241096497, 0.7271364331245422, 0.7106447219848633]",0.6834,0.21889055472263869,0.22338830584707647,0.20089955022488756,0.25337331334332835,0.239880059970015,0.239880059970015,0.2158920539730135
43,0.2653673163418291,0.18299853013228806,0.17317536575635217,0.07959315293023601,0.27886056971514245,0.0553569570183754,0.08314533066004515,0.0,0.08305273205041885,0.7483008410781622,"[0.6491754055023193, 0.7166417241096497, 0.7271364331245422, 0.7106447219848633]",0.6702,0.22188905547226387,0.21889055472263869,0.19940029985007496,0.25337331334332835,0.24437781109445278,0.24437781109445278,0.22038980509745126
44,0.2608695652173913,0.15386258253436458,0.1733939445859362,0.06458066284602475,0.2698650674662669,0.05766487866640091,0.08274028077721596,0.0,0.08269439823925495,0.7330769230611622,"[0.6491754055023193, 0.7166417241096497, 0.7271364331245422, 0.7106447219848633]",0.6832,0.21739130434782608,0.22338830584707647,0.22338830584707647,0.2518740629685157,0.2653673163418291,0.2653673163418291,0.21889055472263869
45,0.25787106446776614,0.16959259948590777,0.17776542112154203,0.07766917091313479,0.2818590704647676,0.05743583291769028,0.08238745201379061,0.0,0.08235579822212458,0.8018529569962993,"[0.6491754055023193, 0.7166417241096497, 0.7271364331245422, 0.7106447219848633]",0.7773,0.2098950524737631,0.21889055472263869,0.2143928035982009,0.2368815592203898,0.2413793103448276,0.2413793103448276,0.20839580209895053
46,0.24737631184407796,0.16604649540973637,0.14735487353540297,0.07280902221873727,0.2623688155922039,0.05623269081115723,0.08207887224853039,0.0,0.08206560276448727,0.751550882938318,"[0.6491754055023193, 0.7166417241096497, 0.7271364331245422, 0.7106447219848633]",0.6921,0.2158920539730135,0.21739130434782608,0.22338830584707647,0.24887556221889057,0.25037481259370314,0.25037481259370314,0.2128935532233883
47,0.2698650674662669,0.17619653871124819,0.18930258585401508,0.08563722658889514,0.28785607196401797,0.0583760142326355,0.08181282505393028,0.0,0.08179071452468634,0.750677157077007,"[0.6491754055023193, 0.7166417241096497, 0.7271364331245422, 0.7106447219848633]",0.7021,0.21889055472263869,0.22338830584707647,0.2158920539730135,0.27136431784107945,0.27436281859070466,0.27436281859070466,0.2143928035982009
48,0.280359820089955,0.20604296136849476,0.20177944430416722,0.09539507159160864,0.30134932533733133,0.05722035467624664,0.08157560601830482,0.0,0.08158291317522526,0.7278041279641911,"[0.6491754055023193, 0.7166417241096497, 0.7271364331245422, 0.7106447219848633]",0.688,0.2128935532233883,0.21739130434782608,0.2128935532233883,0.239880059970015,0.25487256371814093,0.25487256371814093,0.20689655172413793
49,0.2518740629685157,0.16861586267535278,0.18977228141943042,0.08092954237797505,0.27136431784107945,0.055839888751506805,0.08137351181358099,0.0,0.0813924316316843,0.7141368699958548,"[0.6491754055023193, 0.7166417241096497, 0.7271364331245422, 0.7106447219848633]",0.6811,0.22638680659670166,0.22488755622188905,0.21739130434782608,0.2623688155922039,0.27136431784107945,0.27136431784107945,0.22488755622188905
50,0.2698650674662669,0.19361253165185444,0.207438486610384,0.08989542176215332,0.29685157421289354,0.05710095167160034,0.08119280356913805,0.0,0.08121085166931152,0.7505026330472901,"[0.6491754055023193, 0.7166417241096497, 0.7271364331245422, 0.7106447219848633]",0.6841,0.22188905547226387,0.22638680659670166,0.22188905547226387,0.2638680659670165,0.27436281859070466,0.27436281859070466,0.22038980509745126
51,0.2683658170914543,0.1882123492999337,0.203063099455484,0.07772311519929165,0.3028485757121439,0.05758001655340195,0.08102947194129229,0.0,0.0810681888833642,0.7454969800310209,"[0.6491754055023193, 0.7166417241096497, 0.7271364331245422, 0.7106447219848633]",0.6928,0.21739130434782608,0.22488755622188905,0.20389805097451275,0.25337331334332835,0.2653673163418291,0.2653673163418291,0.21739130434782608
52,0.272863568215892,0.1773598820058997,0.23687147085145097,0.1085742374873851,0.29535232383808097,0.05865729600191116,0.08088274020701647,0.0,0.08079935051500797,0.7905803939793259,"[0.6491754055023193, 0.7166417241096497, 0.7271364331245422, 0.7106447219848633]",0.6982,0.2128935532233883,0.22488755622188905,0.2128935532233883,0.27436281859070466,0.2848575712143928,0.2848575712143928,0.21139430284857572
53,0.2653673163418291,0.177440585101162,0.22273794139823605,0.09511690658920124,0.29235382308845576,0.0591055229306221,0.08074009977281094,0.0,0.08095875382423401,0.8965194780612364,"[0.6491754055023193, 0.7166417241096497, 0.7271364331245422, 0.7106447219848633]",0.7138,0.21739130434782608,0.23088455772113944,0.24287856071964017,0.2848575712143928,0.29235382308845576,0.29235382308845576,0.2143928035982009
54,0.2818590704647676,0.1962804200061381,0.2172272651227674,0.1141975110413153,0.30134932533733133,0.05755311995744705,0.08062184322625399,0.0,0.08086755871772766,0.7034312780015171,"[0.6491754055023193, 0.7166417241096497, 0.7271364331245422, 0.7106447219848633]",0.6743,0.21889055472263869,0.23388305847076463,0.2383808095952024,0.28785607196401797,0.29685157421289354,0.29685157421289354,0.2158920539730135
55,0.2593703148425787,0.1918998194945849,0.20991278172678088,0.08141749254043004,0.280359820089955,0.055374644696712494,0.08052440546452999,0.0,0.08073686342686415,0.7479036619188264,"[0.6491754055023193, 0.7166417241096497, 0.7271364331245422, 0.7106447219848633]",0.8111,0.23238380809595202,0.24737631184407796,0.24587706146926536,0.3103448275862069,0.29985007496251875,0.29985007496251875,0.23088455772113944
56,0.2653673163418291,0.18453350765614818,0.2418370935634958,0.09702850450423463,0.3118440779610195,0.05611765757203102,0.08043546415865421,0.0,0.08073730766773224,0.7883240299997851,"[0.6491754055023193, 0.7166417241096497, 0.7271364331245422, 0.7106447219848633]",0.7027,0.22638680659670166,0.24437781109445278,0.2518740629685157,0.29685157421289354,0.30434782608695654,0.30434782608695654,0.22338830584707647
57,0.2593703148425787,0.177359395012196,0.23224951861298282,0.07534374185512127,0.3028485757121439,0.05421001464128494,0.08034793939441442,0.0,0.08069263771176338,0.7515306470450014,"[0.6491754055023193, 0.7166417241096497, 0.7271364331245422, 0.7106447219848633]",0.7483,0.22038980509745126,0.239880059970015,0.21739130434782608,0.2908545727136432,0.28335832083958024,0.28335832083958024,0.21889055472263869
58,0.28335832083958024,0.19582407437768456,0.21337652472583513,0.0984785399357257,0.28785607196401797,0.055284496396780014,0.08026448730379343,0.0,0.08068828098475933,0.7642049529822543,"[0.6491754055023193, 0.7166417241096497, 0.7271364331245422, 0.7106447219848633]",0.6751,0.23088455772113944,0.25037481259370314,0.2683658170914543,0.29985007496251875,0.3148425787106447,0.3148425787106447,0.22788605697151423
59,0.26686656671664166,0.19385111988808545,0.23771536899314666,0.06901483686895599,0.3118440779610195,0.05335816740989685,0.08019048254936934,0.0,0.08060530852526426,0.8654116230318323,"[0.6491754055023193, 0.7166417241096497, 0.7271364331245422, 0.7106447219848633]",1.1536,0.23088455772113944,0.24287856071964017,0.24737631184407796,0.3118440779610195,0.30884557721139433,0.30884557721139433,0.22938530734632684
60,0.30134932533733133,0.22019227874396619,0.24911012722268022,0.12120952031555256,0.3193403298350825,0.05323833227157593,0.08012142311781645,0.0,0.0805137949064374,1.3316867760149762,"[0.6491754055023193, 0.7166417241096497, 0.7271364331245422, 0.7106447219848633]",1.1951,0.2368815592203898,0.24737631184407796,0.2593703148425787,0.30434782608695654,0.31634182908545727,0.31634182908545727,0.2368815592203898
61,0.24737631184407796,0.16548946500047346,0.2289807324445034,0.061807056157717144,0.2938530734632684,0.05381736904382706,0.08005557116121054,0.0,0.08045790810137987,0.8785607109311968,"[0.6491754055023193, 0.7166417241096497, 0.7271364331245422, 0.7106447219848633]",0.7542,0.2353823088455772,0.24287856071964017,0.2653673163418291,0.3118440779610195,0.30134932533733133,0.30134932533733133,0.2353823088455772
62,0.272863568215892,0.1866446751431251,0.21715051407917485,0.08968834644200127,0.29235382308845576,0.052075937390327454,0.079990703612566,0.0,0.0804472928866744,0.908842477016151,"[0.6491754055023193, 0.7166417241096497, 0.7271364331245422, 0.7106447219848633]",1.0345,0.24437781109445278,0.25487256371814093,0.2593703148425787,0.31634182908545727,0.3268365817091454,0.3268365817091454,0.24287856071964017
63,0.2773613193403298,0.19861506133264206,0.21941684247141824,0.07855687351111926,0.29985007496251875,0.05395754799246788,0.07992917206138372,0.0,0.08038382697850466,0.8256599470041692,"[0.6491754055023193, 0.7166417241096497, 0.7271364331245422, 0.7106447219848633]",0.7345,0.24887556221889057,0.2593703148425787,0.27136431784107945,0.32983508245877063,0.3238380809595202,0.3238380809595202,0.24887556221889057
64,0.2938530734632684,0.21671258492800605,0.23921542754721956,0.12499809048397655,0.3148425787106447,0.05224687233567238,0.07986709009855986,0.0,0.08030909579247236,0.7884898240445182,"[0.6491754055023193, 0.7166417241096497, 0.7271364331245422, 0.7106447219848633]",0.7297,0.2413793103448276,0.25337331334332835,0.2593703148425787,0.3058470764617691,0.3028485757121439,0.3028485757121439,0.2413793103448276
65,0.3028485757121439,0.22184811543006533,0.25209085919030727,0.10218624940576551,0.31784107946026985,0.05572763830423355,0.07980084605515003,0.0,0.08041378296911716,0.7751018300186843,"[0.6491754055023193, 0.7166417241096497, 0.7271364331245422, 0.7106447219848633]",0.7041,0.25337331334332835,0.2593703148425787,0.29235382308845576,0.3148425787106447,0.3238380809595202,0.3238380809595202,0.25337331334332835
66,0.33883058470764615,0.26064553102605803,0.264344503595655,0.14859290536322367,0.3403298350824588,0.054545946419239044,0.07976148836314678,0.0,0.080599594861269,0.9285024780547246,"[0.6491754055023193, 0.7166417241096497, 0.7271364331245422, 0.7106447219848633]",0.6883,0.25037481259370314,0.2593703148425787,0.3148425787106447,0.3568215892053973,0.34632683658170915,0.34632683658170915,0.24887556221889057
67,0.32233883058470764,0.23237878452250926,0.26532628703880756,0.1456933428928796,0.3313343328335832,0.05357484519481659,0.07968813739717007,0.0,0.08102773129940033,0.8475298068951815,"[0.6491754055023193, 0.7166417241096497, 0.7271364331245422, 0.7106447219848633]",0.6864,0.24887556221889057,0.2563718140929535,0.28335832083958024,0.3448275862068966,0.35082458770614694,0.35082458770614694,0.24887556221889057
68,0.3118440779610195,0.2412339400428266,0.2873584009881094,0.1479254792742767,0.3343328335832084,0.05463580787181854,0.07963413000106812,0.0,0.0804391922429204,0.7261894580442458,"[0.6491754055023193, 0.7166417241096497, 0.7271364331245422, 0.7106447219848633]",0.6879,0.25487256371814093,0.2623688155922039,0.32233883058470764,0.3613193403298351,0.3448275862068966,0.3448275862068966,0.25487256371814093
69,0.29535232383808097,0.2146099731430634,0.28263676620874467,0.12466407286174036,0.3238380809595202,0.05440134555101395,0.07957562804222107,0.0,0.08011278137564659,0.7514803160447627,"[0.6491754055023193, 0.7166417241096497, 0.7271364331245422, 0.7106447219848633]",0.8562,0.22938530734632684,0.24437781109445278,0.3073463268365817,0.3373313343328336,0.3328335832083958,0.3328335832083958,0.22788605697151423
70,0.328335832083958,0.2517946701988346,0.29738520947948854,0.1600271916402189,0.3538230884557721,0.053836971521377563,0.07955050002783537,0.0,0.08087061997503042,0.7341977159958333,"[0.6491754055023193, 0.7166417241096497, 0.7271364331245422, 0.7106447219848633]",0.7826,0.23238380809595202,0.2383808095952024,0.3103448275862069,0.32983508245877063,0.3238380809595202,0.3238380809595202,0.23238380809595202
71,0.2983508245877061,0.19794447513457258,0.27625055320166253,0.11520391337026599,0.3328335832083958,0.05568934604525566,0.07952719181776047,0.0,0.0809935862198472,0.7383135890122503,"[0.6491754055023193, 0.7166417241096497, 0.7271364331245422, 0.7106447219848633]",0.6963,0.25487256371814093,0.2563718140929535,0.3103448275862069,0.32533733133433285,0.3313343328335832,0.3313343328335832,0.25337331334332835
72,0.2893553223388306,0.20393703166545807,0.2679503862740047,0.12276298140108091,0.32533733133433285,0.05636446550488472,0.0794686758890748,0.0,0.08099514991044998,0.7562151179881766,"[0.6491754055023193, 0.7166417241096497, 0.7271364331245422, 0.7106447219848633]",0.7497,0.26686656671664166,0.27586206896551724,0.32983508245877063,0.3538230884557721,0.34332833583208394,0.34332833583208394,0.2653673163418291
73,0.3058470764617691,0.21147521728917085,0.2553430624923676,0.12496716082427131,0.335832083958021,0.05490955710411072,0.07942509930580854,0.0,0.08097112737596035,0.7768088890006766,"[0.6491754055023193, 0.7166417241096497, 0.7271364331245422, 0.7106447219848633]",0.6808,0.25487256371814093,0.2563718140929535,0.2848575712143928,0.3073463268365817,0.3148425787106447,0.3148425787106447,0.25487256371814093
74,0.29685157421289354,0.20093438845833556,0.24522132974194522,0.08983648552555765,0.31334332833583206,0.05485843867063522,0.07938408572226763,0.0,0.08090147376060486,0.766575286979787,"[0.6491754055023193, 0.7166417241096497, 0.7271364331245422, 0.7106447219848633]",0.67,0.24737631184407796,0.24737631184407796,0.30134932533733133,0.3328335832083958,0.3238380809595202,0.3238380809595202,0.24737631184407796
75,0.3148425787106447,0.23415582751490527,0.2869733292023356,0.11346531182213056,0.3313343328335832,0.054817765951156616,0.07933915872126818,0.0,0.08092025015503168,0.7441265429370105,"[0.6491754055023193, 0.7166417241096497, 0.7271364331245422, 0.7106447219848633]",0.6658,0.239880059970015,0.24437781109445278,0.31634182908545727,0.3268365817091454,0.30884557721139433,0.30884557721139433,0.2383808095952024
76,0.27436281859070466,0.17695469054344848,0.21231056678256882,0.0577224523379951,0.2818590704647676,0.0558488555252552,0.07930158358067274,0.0,0.0808552922680974,0.7402916679857299,"[0.6491754055023193, 0.7166417241096497, 0.7271364331245422, 0.7106447219848633]",0.6666,0.23388305847076463,0.2368815592203898,0.3103448275862069,0.3238380809595202,0.3268365817091454,0.3268365817091454,0.2353823088455772
77,0.2863568215892054,0.189355911084784,0.2258542302791845,0.06270953382579664,0.29685157421289354,0.055044498294591904,0.07926520518958569,0.0,0.08080037962645292,0.7322850859491155,"[0.6491754055023193, 0.7166417241096497, 0.7271364331245422, 0.7106447219848633]",0.7032,0.25487256371814093,0.25787106446776614,0.3118440779610195,0.33883058470764615,0.3313343328335832,0.3313343328335832,0.25337331334332835
78,0.2818590704647676,0.1910586602928963,0.23929103057826523,0.08931339083304846,0.3103448275862069,0.056059353053569794,0.07923107780516148,0.0,0.08074277266860008,0.7422032470349222,"[0.6491754055023193, 0.7166417241096497, 0.7271364331245422, 0.7106447219848633]",0.6722,0.2563718140929535,0.2638680659670165,0.31334332833583206,0.335832083958021,0.32983508245877063,0.32983508245877063,0.2563718140929535
79,0.2848575712143928,0.180515810974055,0.21620019811413654,0.06370754075350021,0.3028485757121439,0.05640232563018799,0.07919810991734266,0.0,0.08068285789340734,0.7170168820302933,"[0.6491754055023193, 0.7166417241096497, 0.7271364331245422, 0.7106447219848633]",0.6728,0.23388305847076463,0.239880059970015,0.3103448275862069,0.3343328335832084,0.3328335832083958,0.3328335832083958,0.23388305847076463
80,0.29235382308845576,0.20154201222450474,0.2559271040250155,0.09374722710463448,0.3103448275862069,0.05663221329450607,0.07916552666574717,0.0,0.08059548772871494,0.6927094729617238,"[0.6491754055023193, 0.7166417241096497, 0.7271364331245422, 0.7106447219848633]",0.7247,0.2518740629685157,0.2563718140929535,0.2908545727136432,0.32233883058470764,0.3058470764617691,0.3058470764617691,0.2518740629685157
81,0.2848575712143928,0.19000847774782137,0.23748413294818044,0.06943235358012527,0.2908545727136432,0.05659559369087219,0.07913338951766491,0.0,0.08053576853126287,0.7582244129152969,"[0.6491754055023193, 0.7166417241096497, 0.7271364331245422, 0.7106447219848633]",0.6709,0.2518740629685157,0.24887556221889057,0.3268365817091454,0.3268365817091454,0.34782608695652173,0.34782608695652173,0.2518740629685157
82,0.27436281859070466,0.17133286273503168,0.23770756298585627,0.07779282656602855,0.2938530734632684,0.05719408392906189,0.0790995554998517,0.0,0.08048989810049534,0.9444371209247038,"[0.6491754055023193, 0.7166417241096497, 0.7271364331245422, 0.7106447219848633]",0.781,0.24287856071964017,0.24437781109445278,0.32533733133433285,0.3448275862068966,0.3493253373313343,0.3493253373313343,0.239880059970015
83,0.3058470764617691,0.21471944912043361,0.24645655062302493,0.06139924661058918,0.3238380809595202,0.05783823877573013,0.07906724326312542,0.0,0.08041924890130758,0.788814262021333,"[0.6491754055023193, 0.7166417241096497, 0.7271364331245422, 0.7106447219848633]",0.6672,0.24737631184407796,0.2563718140929535,0.3538230884557721,0.3598200899550225,0.36431784107946025,0.36431784107946025,0.24587706146926536
84,0.2698650674662669,0.17837820063690235,0.24663662766263744,0.10294095552463012,0.3028485757121439,0.056779295206069946,0.07903383299708366,0.0,0.08038531802594662,0.7955444819526747,"[0.6491754055023193, 0.7166417241096497, 0.7271364331245422, 0.7106447219848633]",0.6519,0.25037481259370314,0.2653673163418291,0.34782608695652173,0.34182908545727136,0.3403298350824588,0.3403298350824588,0.25487256371814093
85,0.28785607196401797,0.1865247990222636,0.2468786864527529,0.09833610715556644,0.32083958020989506,0.056983426213264465,0.07899907045066357,0.0,0.08025733847171068,0.7374739170772955,"[0.6491754055023193, 0.7166417241096497, 0.7271364331245422, 0.7106447219848633]",0.6788,0.26686656671664166,0.27136431784107945,0.3493253373313343,0.3613193403298351,0.3568215892053973,0.3568215892053973,0.2653673163418291
86,0.31784107946026985,0.23295547888943657,0.27909602454417737,0.1173795020156073,0.3448275862068966,0.05657915025949478,0.07896743901073933,0.0,0.0802090521901846,0.7202698379987851,"[0.6491754055023193, 0.7166417241096497, 0.7271364331245422, 0.7106447219848633]",0.6896,0.2518740629685157,0.2653673163418291,0.3748125937031484,0.3733133433283358,0.38830584707646176,0.38830584707646176,0.25337331334332835
87,0.3118440779610195,0.220129454949321,0.2721182685977468,0.10436297081560708,0.32233883058470764,0.05700913816690445,0.07893280778080225,0.0,0.08018829766660929,0.7373523430433124,"[0.6491754055023193, 0.7166417241096497, 0.7271364331245422, 0.7106447219848633]",0.6707,0.24587706146926536,0.25787106446776614,0.335832083958021,0.34332833583208394,0.34182908545727136,0.34182908545727136,0.24887556221889057
88,0.29985007496251875,0.20977779130800978,0.26105945863295704,0.10570412974225427,0.3238380809595202,0.05616846680641174,0.07889517396688461,0.0,0.08007936831563711,0.7557502599665895,"[0.6491754055023193, 0.7166417241096497, 0.7271364331245422, 0.7106447219848633]",0.6766,0.2683658170914543,0.2698650674662669,0.3613193403298351,0.37181409295352325,0.37031484257871067,0.37031484257871067,0.2698650674662669
89,0.32083958020989506,0.22513861035743776,0.26233855122135524,0.13157165504318885,0.34782608695652173,0.0574488528072834,0.07885860558599234,0.0,0.08015155978500843,0.7532381629571319,"[0.6491754055023193, 0.7166417241096497, 0.7271364331245422, 0.7106447219848633]",0.6876,0.2563718140929535,0.25787106446776614,0.3523238380809595,0.3868065967016492,0.3823088455772114,0.3823088455772114,0.25787106446776614
90,0.3118440779610195,0.22612812553714234,0.2840013175807225,0.12673302855522853,0.34782608695652173,0.05754067003726959,0.07883250806480646,0.0,0.08012855518609285,0.7763868980109692,"[0.6491754055023193, 0.7166417241096497, 0.7271364331245422, 0.7106447219848633]",0.7069,0.2818590704647676,0.2863568215892054,0.34182908545727136,0.36431784107946025,0.38980509745127434,0.38980509745127434,0.2773613193403298
91,0.32083958020989506,0.2324549927729329,0.28077549708218114,0.12855532787264043,0.35082458770614694,0.057886842638254166,0.0787961995229125,0.0,0.08001873642206192,0.7780514090554789,"[0.6491754055023193, 0.7166417241096497, 0.7271364331245422, 0.7106447219848633]",0.6828,0.2698650674662669,0.27586206896551724,0.3538230884557721,0.3778110944527736,0.36731634182908546,0.36731634182908546,0.2653673163418291
92,0.31634182908545727,0.21961682835275198,0.2684425958923321,0.12657987130775766,0.3448275862068966,0.057817742228507996,0.07875961996614933,0.0,0.08002655953168869,1.0243616799125448,"[0.6491754055023193, 0.7166417241096497, 0.7271364331245422, 0.7106447219848633]",0.8173,0.2593703148425787,0.27136431784107945,0.3448275862068966,0.37031484257871067,0.37631184407796103,0.37631184407796103,0.2518740629685157
93,0.335832083958021,0.23223570190641252,0.28232947518167256,0.13139855788635604,0.35082458770614694,0.05741383507847786,0.07872438710182905,0.0,0.07996705174446106,0.74142415903043,"[0.6491754055023193, 0.7166417241096497, 0.7271364331245422, 0.7106447219848633]",0.7232,0.27136431784107945,0.29235382308845576,0.32983508245877063,0.3553223388305847,0.37181409295352325,0.37181409295352325,0.27136431784107945
94,0.3448275862068966,0.25906974143102623,0.2908982945462558,0.13856689462149197,0.36431784107946025,0.057009462267160416,0.07868923339992762,0.0,0.07991400919854641,0.8578964510234073,"[0.6491754055023193, 0.7166417241096497, 0.7271364331245422, 0.7106447219848633]",0.6739,0.27886056971514245,0.2908545727136432,0.35082458770614694,0.37181409295352325,0.391304347826087,0.391304347826087,0.272863568215892
95,0.31634182908545727,0.22962632753393397,0.2794229702495517,0.13664382070138353,0.34782608695652173,0.058609455823898315,0.0786537453532219,0.0,0.07984921243041754,0.7881464270176366,"[0.6491754055023193, 0.7166417241096497, 0.7271364331245422, 0.7106447219848633]",0.7895,0.280359820089955,0.29535232383808097,0.37181409295352325,0.36881559220389803,0.37631184407796103,0.37631184407796103,0.280359820089955
96,0.32233883058470764,0.23713176686116832,0.29379510603937325,0.13731290396529933,0.3598200899550225,0.058699462562799454,0.07861729990690947,0.0,0.07981751952320337,0.8341088999295607,"[0.6491754055023193, 0.7166417241096497, 0.7271364331245422, 0.7106447219848633]",0.7609,0.280359820089955,0.3118440779610195,0.3598200899550225,0.36431784107946025,0.37031484257871067,0.37031484257871067,0.2773613193403298
97,0.34782608695652173,0.2620987123699463,0.29051874039125747,0.13790554884101125,0.3658170914542729,0.05823848024010658,0.07858220022171736,0.0,0.0797901451587677,0.7131352400174364,"[0.6491754055023193, 0.7166417241096497, 0.7271364331245422, 0.7106447219848633]",0.6942,0.2638680659670165,0.27886056971514245,0.3748125937031484,0.3808095952023988,0.38830584707646176,0.38830584707646176,0.2623688155922039
98,0.3493253373313343,0.2663512201797893,0.296611707247957,0.15883437598370345,0.36281859070464767,0.05759598687291145,0.07854728493839502,0.0,0.07967097777873278,0.8008363699773327,"[0.6491754055023193, 0.7166417241096497, 0.7271364331245422, 0.7106447219848633]",0.6756,0.26686656671664166,0.27886056971514245,0.3613193403298351,0.3733133433283358,0.38980509745127434,0.38980509745127434,0.2683658170914543
99,0.34182908545727136,0.2534622719438694,0.30602139562676706,0.18511860224564175,0.37031484257871067,0.05686540901660919,0.07851115241646767,0.0,0.07964898645877838,0.7489035410108045,"[0.6491754055023193, 0.7166417241096497, 0.7271364331245422, 0.7106447219848633]",0.6921,0.2773613193403298,0.2818590704647676,0.383808095952024,0.37631184407796103,0.38980509745127434,0.38980509745127434,0.27886056971514245
100,0.3568215892053973,0.2719970894436359,0.3106717859555218,0.15916212867178356,0.383808095952024,0.059309422969818115,0.07847476098686457,0.0,0.07959413714706898,0.7630177090177312,"[0.6491754055023193, 0.7166417241096497, 0.7271364331245422, 0.7106447219848633]",0.678,0.3118440779610195,0.3343328335832084,0.3793103448275862,0.3793103448275862,0.3778110944527736,0.3778110944527736,0.3103448275862069
101,0.3268365817091454,0.23606342436471062,0.29015087423216157,0.14729448343133006,0.3568215892053973,0.05874549224972725,0.07843890879303217,0.0,0.07955895643681288,0.7329049119725823,"[0.6491754055023193, 0.7166417241096497, 0.7271364331245422, 0.7106447219848633]",0.6723,0.30884557721139433,0.328335832083958,0.3553223388305847,0.37181409295352325,0.37181409295352325,0.37181409295352325,0.3073463268365817
102,0.3403298350824588,0.2510666966090275,0.3122309939211546,0.16159158141521388,0.36881559220389803,0.058063115924596786,0.07840270269662142,0.0,0.07955512497574091,0.6883133620722219,"[0.6491754055023193, 0.7166417241096497, 0.7271364331245422, 0.7106447219848633]",0.6826,0.3193403298350825,0.335832083958021,0.4077961019490255,0.39580209895052476,0.4077961019490255,0.4077961019490255,0.3193403298350825
103,0.328335832083958,0.2327742916123201,0.28255832510866513,0.14031872392474767,0.3538230884557721,0.05822254344820976,0.07836812827736139,0.0,0.07947636023163795,0.7289460760075599,"[0.6491754055023193, 0.7166417241096497, 0.7271364331245422, 0.7106447219848633]",0.679,0.30434782608695654,0.32083958020989506,0.3583208395802099,0.3613193403298351,0.3793103448275862,0.3793103448275862,0.30434782608695654
104,0.3448275862068966,0.25421851052996514,0.3013374807837271,0.15497556642603388,0.3748125937031484,0.059386465698480606,0.07833314873278141,0.0,0.07944013457745314,0.7453933740034699,"[0.6491754055023193, 0.7166417241096497, 0.7271364331245422, 0.7106447219848633]",0.7017,0.2818590704647676,0.30884557721139433,0.37031484257871067,0.383808095952024,0.3853073463268366,0.3853073463268366,0.28335832083958024
105,0.3493253373313343,0.26276193677862314,0.3046918469737751,0.150711975503057,0.37031484257871067,0.06009124219417572,0.07829856127500534,0.0,0.0793730840086937,0.8852179899113253,"[0.6491754055023193, 0.7166417241096497, 0.7271364331245422, 0.7106447219848633]",0.9947,0.31334332833583206,0.3118440779610195,0.38980509745127434,0.3823088455772114,0.39430284857571213,0.39430284857571213,0.3103448275862069
106,0.33883058470764615,0.24986611446320828,0.32352156009248245,0.17836206584852565,0.36881559220389803,0.060640886425971985,0.07826271187514067,0.0,0.07934034988284111,0.8477165889926255,"[0.6491754055023193, 0.7166417241096497, 0.7271364331245422, 0.7106447219848633]",0.7507,0.30884557721139433,0.3238380809595202,0.3823088455772114,0.39730134932533734,0.4032983508245877,0.4032983508245877,0.3058470764617691
107,0.3268365817091454,0.23513862781954886,0.33703868572404505,0.1815727237232453,0.36431784107946025,0.06131536513566971,0.07822709158062935,0.0,0.07935330364853144,0.8331615930655971,"[0.6491754055023193, 0.7166417241096497, 0.7271364331245422, 0.7106447219848633]",0.8719,0.31334332833583206,0.32083958020989506,0.39280359820089955,0.39280359820089955,0.391304347826087,0.391304347826087,0.3148425787106447
108,0.3448275862068966,0.2577584472664953,0.3330145379660883,0.18234779510785318,0.36881559220389803,0.059816185384988785,0.07824067957699299,0.0,0.07837733719497919,0.8151510669849813,"[0.6491754055023193, 0.7166417241096497, 0.7271364331245422, 0.7106447219848633]",0.7018,0.3268365817091454,0.3553223388305847,0.39280359820089955,0.4032983508245877,0.3988005997001499,0.3988005997001499,0.31784107946026985
109,0.37631184407796103,0.28807331917033574,0.3580419573084691,0.18467119758732606,0.40929535232383807,0.05936488136649132,0.07815865240991116,0.0,0.07842336595058441,0.8265881480183452,"[0.6491754055023193, 0.7166417241096497, 0.7271364331245422, 0.7106447219848633]",0.6944,0.31334332833583206,0.3268365817091454,0.3613193403298351,0.3748125937031484,0.37631184407796103,0.37631184407796103,0.3058470764617691
110,0.34782608695652173,0.2631481373313388,0.35252109316425934,0.19718317296177915,0.3793103448275862,0.05917865037918091,0.07816394697874784,0.0,0.08038162998855114,0.7573635709704831,"[0.6491754055023193, 0.7166417241096497, 0.7271364331245422, 0.7106447219848633]",0.7671,0.34782608695652173,0.37181409295352325,0.391304347826087,0.38830584707646176,0.39580209895052476,0.39580209895052476,0.3448275862068966
111,0.3538230884557721,0.2634196461056765,0.33918441008735034,0.16106033936365471,0.3823088455772114,0.060773592442274094,0.07810014579445124,0.0,0.08037174865603447,0.7969833120005205,"[0.6491754055023193, 0.7166417241096497, 0.7271364331245422, 0.7106447219848633]",0.72,0.3493253373313343,0.37031484257871067,0.4122938530734633,0.4197901049475262,0.4257871064467766,0.4257871064467766,0.34782608695652173
112,0.36431784107946025,0.2751170724580475,0.3628253863445454,0.1993508991337888,0.4002998500749625,0.062430791556835175,0.07805790472775698,0.0,0.08017436414957047,0.7173454459989443,"[0.6491754055023193, 0.7166417241096497, 0.7271364331245422, 0.7106447219848633]",0.6766,0.3313343328335832,0.3538230884557721,0.3868065967016492,0.4047976011994003,0.4077961019490255,0.4077961019490255,0.32533733133433285
113,0.3568215892053973,0.2772743116068317,0.38284808272024895,0.19510205134611525,0.4062968515742129,0.06104946881532669,0.07801182754337788,0.0,0.08008315786719322,0.7388974709901959,"[0.6491754055023193, 0.7166417241096497, 0.7271364331245422, 0.7106447219848633]",0.6907,0.3193403298350825,0.32983508245877063,0.38980509745127434,0.40929535232383807,0.4077961019490255,0.4077961019490255,0.31634182908545727
114,0.37031484257871067,0.2861620315868332,0.36173030512592497,0.1860112546962404,0.391304347826087,0.061060503125190735,0.07796527072787285,0.0,0.08011679165065289,0.7444407490547746,"[0.6491754055023193, 0.7166417241096497, 0.7271364331245422, 0.7106447219848633]",0.7381,0.3538230884557721,0.36431784107946025,0.4287856071964018,0.4302848575712144,0.4407796101949025,0.4407796101949025,0.35082458770614694
115,0.4077961019490255,0.33117130381803406,0.37755639102842414,0.2471905851185799,0.4122938530734633,0.06132880970835686,0.07792688347399235,0.0,0.07984399329870939,0.7437004980165511,"[0.6491754055023193, 0.7166417241096497, 0.7271364331245422, 0.7106447219848633]",0.6806,0.37181409295352325,0.39280359820089955,0.42278860569715143,0.4257871064467766,0.43478260869565216,0.43478260869565216,0.36881559220389803
116,0.3343328335832084,0.23975530300891035,0.3457771257047427,0.1937201249996539,0.37181409295352325,0.061583444476127625,0.0778941297903657,0.0,0.07985432632267475,0.7554198089055717,"[0.6491754055023193, 0.7166417241096497, 0.7271364331245422, 0.7106447219848633]",0.6687,0.3493253373313343,0.37181409295352325,0.424287856071964,0.41829085457271364,0.4287856071964018,0.4287856071964018,0.3448275862068966
117,0.32533733133433285,0.23616430547320144,0.34126853580452293,0.15963192366646733,0.3658170914542729,0.060923002660274506,0.07785443402826786,0.0,0.07975014951080084,0.7556456059683114,"[0.6491754055023193, 0.7166417241096497, 0.7271364331245422, 0.7106447219848633]",0.6695,0.33883058470764615,0.36431784107946025,0.38980509745127434,0.4062968515742129,0.4062968515742129,0.4062968515742129,0.3343328335832084
118,0.3853073463268366,0.30923428998671365,0.37792586130642725,0.20013191014082105,0.41829085457271364,0.06218457221984863,0.07781667821109295,0.0,0.07966936472803354,0.7848171090008691,"[0.6491754055023193, 0.7166417241096497, 0.7271364331245422, 0.7106447219848633]",0.6938,0.34182908545727136,0.3598200899550225,0.39730134932533734,0.4062968515742129,0.41379310344827586,0.41379310344827586,0.3403298350824588
119,0.39280359820089955,0.3118508838296994,0.38266727448364957,0.20433256832366886,0.424287856071964,0.062100961804389954,0.07777585461735725,0.0,0.07970834523439407,0.7530859389808029,"[0.6491754055023193, 0.7166417241096497, 0.7271364331245422, 0.7106447219848633]",0.7549,0.3313343328335832,0.3493253373313343,0.3868065967016492,0.3868065967016492,0.4047976011994003,0.4047976011994003,0.3313343328335832
120,0.3538230884557721,0.2785425141856164,0.38520863204427574,0.18968207203377238,0.4002998500749625,0.06279291212558746,0.0777354734018445,0.0,0.07961526047438383,0.7372117519844323,"[0.6491754055023193, 0.7166417241096497, 0.7271364331245422, 0.7106447219848633]",0.677,0.33883058470764615,0.3583208395802099,0.4032983508245877,0.4107946026986507,0.4272863568215892,0.4272863568215892,0.3373313343328336
121,0.3448275862068966,0.2636685840450874,0.35832582991267004,0.16466357893447806,0.4002998500749625,0.06198525056242943,0.07770171202719212,0.0,0.07953157089650631,0.7480635259998962,"[0.6491754055023193, 0.7166417241096497, 0.7271364331245422, 0.7106447219848633]",0.7834,0.39280359820089955,0.4047976011994003,0.4302848575712144,0.424287856071964,0.44227886056971516,0.44227886056971516,0.38980509745127434
122,0.3313343328335832,0.24193729231647398,0.3311894025366582,0.14828508605167964,0.3793103448275862,0.060920149087905884,0.0776665573939681,0.0,0.0794294411316514,0.7293695089174435,"[0.6491754055023193, 0.7166417241096497, 0.7271364331245422, 0.7106447219848633]",0.7243,0.38980509745127434,0.4047976011994003,0.41379310344827586,0.4077961019490255,0.424287856071964,0.424287856071964,0.3823088455772114
123,0.36731634182908546,0.28394150928036466,0.3867902383456681,0.19407960649602712,0.41529235382308843,0.06215277686715126,0.0776290874928236,0.0,0.07935409527271986,0.7438867769669741,"[0.6491754055023193, 0.7166417241096497, 0.7271364331245422, 0.7106447219848633]",0.6708,0.3403298350824588,0.36281859070464767,0.41529235382308843,0.42278860569715143,0.424287856071964,0.424287856071964,0.34182908545727136
124,0.3493253373313343,0.26783383749987344,0.392458467322369,0.19040969767449137,0.424287856071964,0.060610219836235046,0.0775900837033987,0.0,0.07931913249194622,0.7309127140324563,"[0.6491754055023193, 0.7166417241096497, 0.7271364331245422, 0.7106447219848633]",0.7212,0.3748125937031484,0.3823088455772114,0.4017991004497751,0.4017991004497751,0.4107946026986507,0.4107946026986507,0.37181409295352325
125,0.3448275862068966,0.2644916930779013,0.3481867040157147,0.15530895736825204,0.3793103448275862,0.06164509430527687,0.07755123917013407,0.0,0.07930715288966894,0.8973921119468287,"[0.6491754055023193, 0.7166417241096497, 0.7271364331245422, 0.7106447219848633]",0.8376,0.3613193403298351,0.3778110944527736,0.424287856071964,0.4272863568215892,0.431784107946027,0.431784107946027,0.3598200899550225
126,0.39430284857571213,0.30930258190029714,0.3999065981395792,0.22607318401160353,0.4287856071964018,0.06267084181308746,0.0775126963853836,0.0,0.07908269017934799,0.7509008969645947,"[0.6491754055023193, 0.7166417241096497, 0.7271364331245422, 0.7106447219848633]",0.69,0.3778110944527736,0.39430284857571213,0.424287856071964,0.44227886056971516,0.44377811094452774,0.44377811094452774,0.36881559220389803
127,0.3598200899550225,0.2742850736266509,0.3854668899247967,0.17588217050327448,0.4047976011994003,0.06189683824777603,0.07748178672045469,0.0,0.07898630388081074,0.7175384750589728,"[0.6491754055023193, 0.7166417241096497, 0.7271364331245422, 0.7106447219848633]",0.6954,0.3448275862068966,0.3613193403298351,0.39430284857571213,0.41529235382308843,0.424287856071964,0.424287856071964,0.3403298350824588
128,0.4002998500749625,0.32652113330236876,0.41326685226335413,0.21899640867239503,0.43478260869565216,0.06107991561293602,0.0774396937340498,0.0,0.07891682535409927,0.6946337290573865,"[0.6491754055023193, 0.7166417241096497, 0.7271364331245422, 0.7106447219848633]",0.6701,0.36281859070464767,0.3808095952023988,0.41829085457271364,0.41829085457271364,0.4332833583208396,0.4332833583208396,0.3568215892053973
129,0.37631184407796103,0.29973930007243055,0.39456426136349904,0.2006016814926529,0.41529235382308843,0.06159393489360809,0.07739898562431335,0.0,0.07884232327342033,0.6967371429782361,"[0.6491754055023193, 0.7166417241096497, 0.7271364331245422, 0.7106447219848633]",0.6887,0.3583208395802099,0.3733133433283358,0.424287856071964,0.424287856071964,0.4407796101949025,0.4407796101949025,0.3553223388305847
130,0.3613193403298351,0.2746465030671714,0.370399636911039,0.1721724203800289,0.4077961019490255,0.06045912951231003,0.07735838461667299,0.0,0.07879068609327078,0.7397003410151228,"[0.6491754055023193, 0.7166417241096497, 0.7271364331245422, 0.7106447219848633]",0.672,0.35082458770614694,0.3733133433283358,0.39430284857571213,0.38830584707646176,0.4017991004497751,0.4017991004497751,0.3493253373313343
131,0.4287856071964018,0.351984639001229,0.42269314068281283,0.2975590776473446,0.44377811094452774,0.062225691974163055,0.07732286490499973,0.0,0.07870421279221773,0.7468923750566319,"[0.6491754055023193, 0.7166417241096497, 0.7271364331245422, 0.7106447219848633]",0.7045,0.37031484257871067,0.38830584707646176,0.4272863568215892,0.4332833583208396,0.44377811094452774,0.44377811094452774,0.3658170914542729
132,0.40929535232383807,0.33386901352043274,0.41085450195797046,0.28222822047291096,0.43928035982008995,0.06317651271820068,0.07728150300681591,0.0,0.07871658634394407,0.747715721023269,"[0.6491754055023193, 0.7166417241096497, 0.7271364331245422, 0.7106447219848633]",0.7061,0.3448275862068966,0.3778110944527736,0.4002998500749625,0.40929535232383807,0.4077961019490255,0.4077961019490255,0.3448275862068966
133,0.39580209895052476,0.32640782246100797,0.4115517991749378,0.24837304429031112,0.41529235382308843,0.06240778788924217,0.07723357249051332,0.0,0.0786841418594122,0.910639185924083,"[0.6491754055023193, 0.7166417241096497, 0.7271364331245422, 0.7106447219848633]",0.642,0.3868065967016492,0.38830584707646176,0.431784107946027,0.424287856071964,0.4302848575712144,0.4302848575712144,0.38980509745127434
134,0.3823088455772114,0.30859264924922514,0.4056037539416818,0.2383117596735582,0.41379310344827586,0.062080688774585724,0.07719131000339985,0.0,0.07860126066952944,0.7998713699635118,"[0.6491754055023193, 0.7166417241096497, 0.7271364331245422, 0.7106447219848633]",0.6782,0.3448275862068966,0.3538230884557721,0.38830584707646176,0.4122938530734633,0.41829085457271364,0.41829085457271364,0.34182908545727136
135,0.42278860569715143,0.35457723734577284,0.42495854754767126,0.28270766556257476,0.43928035982008995,0.06266435980796814,0.07714953739196062,0.0,0.07854973524808884,0.7783907369012013,"[0.6491754055023193, 0.7166417241096497, 0.7271364331245422, 0.7106447219848633]",0.7019,0.34782608695652173,0.37031484257871067,0.3778110944527736,0.39280359820089955,0.3853073463268366,0.3853073463268366,0.3493253373313343
136,0.3658170914542729,0.2817842560254151,0.4074858378696421,0.19938500578523682,0.4272863568215892,0.06306425482034683,0.07710808515548706,0.0,0.07844701036810875,0.7683614989509806,"[0.6491754055023193, 0.7166417241096497, 0.7271364331245422, 0.7106447219848633]",0.7125,0.3448275862068966,0.3553223388305847,0.3658170914542729,0.3793103448275862,0.38980509745127434,0.38980509745127434,0.34182908545727136
137,0.3658170914542729,0.28467044097550576,0.38389696342970514,0.1906914338688964,0.4062968515742129,0.06343448162078857,0.07706244755536318,0.0,0.07851453125476837,0.765411077067256,"[0.6491754055023193, 0.7166417241096497, 0.7271364331245422, 0.7106447219848633]",0.6975,0.37181409295352325,0.391304347826087,0.4257871064467766,0.4272863568215892,0.4302848575712144,0.4302848575712144,0.36881559220389803
138,0.3613193403298351,0.2860556447540008,0.39028110887277073,0.19207041051223925,0.431784107946027,0.06426691263914108,0.0770161347463727,0.0,0.07833286188542843,0.795074915047735,"[0.6491754055023193, 0.7166417241096497, 0.7271364331245422, 0.7106447219848633]",0.9168,0.36281859070464767,0.383808095952024,0.3853073463268366,0.39430284857571213,0.3808095952023988,0.3808095952023988,0.3568215892053973
139,0.4077961019490255,0.33567244679000174,0.4328232203946681,0.2818335278741735,0.431784107946027,0.06397269666194916,0.07695708703249693,0.0,0.07801327295601368,0.7712549569550902,"[0.6491754055023193, 0.7166417241096497, 0.7271364331245422, 0.7106447219848633]",0.6518,0.35082458770614694,0.3613193403298351,0.3748125937031484,0.38980509745127434,0.41529235382308843,0.41529235382308843,0.34782608695652173
140,0.3778110944527736,0.30075556442506624,0.43149111552378444,0.2557488832459719,0.4302848575712144,0.06159986928105354,0.07692262250930071,0.0,0.07761533185839653,1.104577942052856,"[0.6491754055023193, 0.7166417241096497, 0.7271364331245422, 0.7106447219848633]",1.0106,0.36881559220389803,0.3778110944527736,0.39730134932533734,0.41829085457271364,0.41379310344827586,0.41379310344827586,0.36281859070464767
141,0.4302848575712144,0.3526455053482219,0.46043303076480513,0.2931410655188133,0.46326836581709147,0.06132781505584717,0.07687168475240469,0.0,0.07819879427552223,0.7711715310579166,"[0.6491754055023193, 0.7166417241096497, 0.7271364331245422, 0.7106447219848633]",0.6592,0.39280359820089955,0.41379310344827586,0.383808095952024,0.39730134932533734,0.41679160419790107,0.41679160419790107,0.391304347826087
142,0.4287856071964018,0.34932327592828727,0.44862533475135685,0.2837700236163442,0.4542728635682159,0.060168154537677765,0.07689299806952477,0.0,0.07816825155168772,0.7065502760233358,"[0.6491754055023193, 0.7166417241096497, 0.7271364331245422, 0.7106447219848633]",0.7874,0.36881559220389803,0.36881559220389803,0.37631184407796103,0.39430284857571213,0.4017991004497751,0.4017991004497751,0.36881559220389803
143,0.41679160419790107,0.33697135410012014,0.43031703305626184,0.2574217094603385,0.4542728635682159,0.06070001423358917,0.07681203633546829,0.0,0.0783119210973382,0.8949138139141724,"[0.6491754055023193, 0.7166417241096497, 0.7271364331245422, 0.7106447219848633]",0.689,0.37031484257871067,0.3808095952023988,0.3988005997001499,0.4047976011994003,0.4272863568215892,0.4272863568215892,0.37181409295352325
144,0.4332833583208396,0.36271308110731404,0.45564487201078946,0.27034480339402894,0.46776611694152925,0.059665579348802567,0.07676444854587317,0.0,0.07822900079190731,0.8510616789571941,"[0.6491754055023193, 0.7166417241096497, 0.7271364331245422, 0.7106447219848633]",0.6653,0.3748125937031484,0.3733133433283358,0.38980509745127434,0.4107946026986507,0.41829085457271364,0.41829085457271364,0.37031484257871067
145,0.39580209895052476,0.31155749293119706,0.42405104916597647,0.20220329530949263,0.4272863568215892,0.061541542410850525,0.07670464552938938,0.0,0.07811515592038631,0.8034015300218016,"[0.6491754055023193, 0.7166417241096497, 0.7271364331245422, 0.7106447219848633]",0.8829,0.3523238380809595,0.3523238380809595,0.37631184407796103,0.3793103448275862,0.39430284857571213,0.39430284857571213,0.3553223388305847
146,0.4302848575712144,0.35967299010431275,0.46040203602657503,0.2824949390628856,0.46776611694152925,0.06200830638408661,0.07666794396936893,0.0,0.07815100252628326,0.9467217129422352,"[0.6491754055023193, 0.7166417241096497, 0.7271364331245422, 0.7106447219848633]",0.9374,0.3583208395802099,0.3658170914542729,0.4002998500749625,0.4062968515742129,0.42278860569715143,0.42278860569715143,0.3568215892053973
147,0.41529235382308843,0.347691983630236,0.4362103805715836,0.2442945314018519,0.4512743628185907,0.06103544682264328,0.07659165374934673,0.0,0.07808347791433334,1.1089113159105182,"[0.6491754055023193, 0.7166417241096497, 0.7271364331245422, 0.7106447219848633]",1.3645,0.3658170914542729,0.3733133433283358,0.4077961019490255,0.4257871064467766,0.44227886056971516,0.44227886056971516,0.36731634182908546
148,0.3988005997001499,0.33270046404870024,0.444582610686992,0.26248836934388053,0.46926536731634183,0.06140288710594177,0.07649960555136204,0.0,0.07793271448463202,1.3636720639187843,"[0.6491754055023193, 0.7166417241096497, 0.7271364331245422, 0.7106447219848633]",0.9318,0.36431784107946025,0.37631184407796103,0.4197901049475262,0.41829085457271364,0.4362818590704648,0.4362818590704648,0.36281859070464767
149,0.41829085457271364,0.3545397408142702,0.4718177309027609,0.2548258856890326,0.4707646176911544,0.06157342344522476,0.07639705389738083,0.0,0.07778396643698215,0.9387607070384547,"[0.6491754055023193, 0.7166417241096497, 0.7271364331245422, 0.7106447219848633]",0.6735,0.37181409295352325,0.3823088455772114,0.41379310344827586,0.4122938530734633,0.424287856071964,0.424287856071964,0.36431784107946025
150,0.41829085457271364,0.3586236465337137,0.4795647327165966,0.27243426009866867,0.4917541229385307,0.05899432674050331,0.07630838919430971,0.0,0.0777243385091424,0.7243407620117068,"[0.6491754055023193, 0.7166417241096497, 0.7271364331245422, 0.7106447219848633]",0.6586,0.34782608695652173,0.3553223388305847,0.39730134932533734,0.4332833583208396,0.4482758620689655,0.4482758620689655,0.3568215892053973
151,0.4407796101949025,0.3837108488649763,0.4947479987177952,0.3004084658528619,0.5142428785607196,0.05940583348274231,0.07629179302603006,0.0,0.07779175229370594,0.7141584580531344,"[0.6491754055023193, 0.7166417241096497, 0.7271364331245422, 0.7106447219848633]",0.6684,0.3538230884557721,0.3733133433283358,0.41829085457271364,0.41679160419790107,0.44677661169415295,0.44677661169415295,0.34782608695652173
152,0.44227886056971516,0.37993492570434684,0.4568555858455928,0.2992918588312475,0.48125937031484256,0.060269683599472046,0.07627511769533157,0.0,0.07769136503338814,0.739690798916854,"[0.6491754055023193, 0.7166417241096497, 0.7271364331245422, 0.7106447219848633]",0.6808,0.3793103448275862,0.3853073463268366,0.39580209895052476,0.41379310344827586,0.43928035982008995,0.43928035982008995,0.37631184407796103
153,0.44677661169415295,0.38413668335672946,0.4410026256410848,0.2804825374381836,0.4707646176911544,0.059654269367456436,0.07623811531811953,0.0,0.07755840010941029,0.7588127829367295,"[0.6491754055023193, 0.7166417241096497, 0.7271364331245422, 0.7106447219848633]",0.6572,0.3823088455772114,0.39430284857571213,0.42128935532233885,0.44227886056971516,0.4407796101949025,0.4407796101949025,0.3778110944527736
154,0.43478260869565216,0.3680489760221557,0.4267014670209164,0.2583825596700602,0.45577211394302847,0.060772791504859924,0.07621095888316631,0.0,0.07758347131311893,0.7657149920705706,"[0.6491754055023193, 0.7166417241096497, 0.7271364331245422, 0.7106447219848633]",0.6749,0.3748125937031484,0.38830584707646176,0.431784107946027,0.431784107946027,0.46326836581709147,0.46326836581709147,0.3748125937031484
155,0.46326836581709147,0.40694324402189574,0.4620420915415073,0.2983989598969456,0.48875562218890556,0.059702664613723755,0.07617879565805197,0.0,0.07749269623309374,0.7742196969920769,"[0.6491754055023193, 0.7166417241096497, 0.7271364331245422, 0.7106447219848633]",0.6678,0.36881559220389803,0.3808095952023988,0.4122938530734633,0.4287856071964018,0.4332833583208396,0.4332833583208396,0.3748125937031484
156,0.43778110944527737,0.3750031234226715,0.4346039370957208,0.2863632812632453,0.46776611694152925,0.05894707515835762,0.07614857517182827,0.0,0.07746094558387995,0.7359946459764615,"[0.6491754055023193, 0.7166417241096497, 0.7271364331245422, 0.7106447219848633]",0.6677,0.37031484257871067,0.3778110944527736,0.4002998500749625,0.4077961019490255,0.44227886056971516,0.44227886056971516,0.3658170914542729
157,0.43928035982008995,0.36773084877732265,0.4268464506117371,0.276896297122471,0.4587706146926537,0.05924161523580551,0.0761166475713253,0.0,0.07735039945691824,0.7374037229456007,"[0.6491754055023193, 0.7166417241096497, 0.7271364331245422, 0.7106447219848633]",0.6585,0.3748125937031484,0.391304347826087,0.42128935532233885,0.42278860569715143,0.43928035982008995,0.43928035982008995,0.3748125937031484
158,0.4452773613193403,0.3756735561233525,0.42720571139365743,0.2773557151451035,0.46926536731634183,0.061428967863321304,0.07608562242239714,0.0,0.07733326870948076,0.7989218280417845,"[0.6491754055023193, 0.7166417241096497, 0.7271364331245422, 0.7106447219848633]",0.6624,0.3808095952023988,0.3793103448275862,0.4032983508245877,0.4077961019490255,0.4407796101949025,0.4407796101949025,0.3868065967016492
159,0.44677661169415295,0.38274815669358486,0.4409137184403897,0.28211836931911843,0.4767616191904048,0.05960731580853462,0.0760553078725934,0.0,0.07731031160801649,0.7467272129142657,"[0.6491754055023193, 0.7166417241096497, 0.7271364331245422, 0.7106447219848633]",0.6476,0.3778110944527736,0.3808095952023988,0.41529235382308843,0.4257871064467766,0.4272863568215892,0.4272863568215892,0.3778110944527736
160,0.4362818590704648,0.36628039196858586,0.4307961283190136,0.2966158902681825,0.4617691154422789,0.060109276324510574,0.0760247465223074,0.0,0.07721316069364548,0.795581117970869,"[0.6491754055023193, 0.7166417241096497, 0.7271364331245422, 0.7106447219848633]",0.6616,0.431784107946027,0.431784107946027,0.4272863568215892,0.4302848575712144,0.44677661169415295,0.44677661169415295,0.43478260869565216
161,0.431784107946027,0.36763017348125726,0.43801325814512126,0.29387727662044566,0.47226386806596704,0.0593402236700058,0.07599325012415648,0.0,0.0771549204364419,0.810257400968112,"[0.6491754055023193, 0.7166417241096497, 0.7271364331245422, 0.7106447219848633]",0.7485,0.391304347826087,0.4017991004497751,0.4197901049475262,0.4332833583208396,0.4482758620689655,0.4482758620689655,0.391304347826087
162,0.4542728635682159,0.3896609283243504,0.4429137010056702,0.29741142763920764,0.48575712143928035,0.05973104387521744,0.07596300542354584,0.0,0.07710333541035652,0.8355339849367738,"[0.6491754055023193, 0.7166417241096497, 0.7271364331245422, 0.7106447219848633]",0.655,0.41529235382308843,0.4197901049475262,0.424287856071964,0.4257871064467766,0.4587706146926537,0.4587706146926537,0.41829085457271364
163,0.4362818590704648,0.37375740066072205,0.4376081976920326,0.2857255128015602,0.4707646176911544,0.05953293293714523,0.07593271695077419,0.0,0.0770481526851654,0.7189118999522179,"[0.6491754055023193, 0.7166417241096497, 0.7271364331245422, 0.7106447219848633]",0.6571,0.3988005997001499,0.41829085457271364,0.43478260869565216,0.4362818590704648,0.46326836581709147,0.46326836581709147,0.39730134932533734
164,0.44377811094452774,0.38097680073245055,0.45666062690105386,0.30387349927666313,0.46776611694152925,0.05945058539509773,0.07590547855943441,0.0,0.07699217088520527,0.7278287189546973,"[0.6491754055023193, 0.7166417241096497, 0.7271364331245422, 0.7106447219848633]",0.6539,0.4047976011994003,0.41679160419790107,0.4407796101949025,0.44377811094452774,0.46026986506746626,0.46026986506746626,0.4032983508245877
165,0.4302848575712144,0.3672690417169062,0.45056644430432385,0.2889116849341382,0.46926536731634183,0.060639627277851105,0.0758785791695118,0.0,0.07693681214004755,0.7107289360137656,"[0.6491754055023193, 0.7166417241096497, 0.7271364331245422, 0.7106447219848633]",0.6453,0.4017991004497751,0.41529235382308843,0.44377811094452774,0.44677661169415295,0.45577211394302847,0.45577211394302847,0.4047976011994003
166,0.4452773613193403,0.3877044685987342,0.4846730812864169,0.27180513832515074,0.48575712143928035,0.061396095901727676,0.07584928441792727,0.0,0.07688058353960514,0.7493466220330447,"[0.6491754055023193, 0.7166417241096497, 0.7271364331245422, 0.7106447219848633]",0.6638,0.41679160419790107,0.4272863568215892,0.44677661169415295,0.4362818590704648,0.4662668665667166,0.4662668665667166,0.41379310344827586
167,0.44227886056971516,0.380841634559719,0.4536953824834292,0.30328936363576187,0.46026986506746626,0.060078397393226624,0.07581896521151066,0.0,0.07682584412395954,0.7516071110730991,"[0.6491754055023193, 0.7166417241096497, 0.7271364331245422, 0.7106447219848633]",0.6864,0.3568215892053973,0.37031484257871067,0.3868065967016492,0.4017991004497751,0.424287856071964,0.424287856071964,0.3613193403298351
168,0.46026986506746626,0.3984126029703565,0.4598508513342269,0.33814065373497143,0.4662668665667166,0.06041046604514122,0.07579144090414047,0.0,0.07678024284541607,0.727805197937414,"[0.6491754055023193, 0.7166417241096497, 0.7271364331245422, 0.7106447219848633]",0.6693,0.41379310344827586,0.424287856071964,0.4272863568215892,0.44377811094452774,0.43778110944527737,0.43778110944527737,0.4122938530734633
169,0.46926536731634183,0.41134293827425183,0.4793090067969047,0.34600621032015466,0.47226386806596704,0.060414571315050125,0.07576918043196201,0.0,0.0767331337556243,0.739807891077362,"[0.6491754055023193, 0.7166417241096497, 0.7271364331245422, 0.7106447219848633]",0.7313,0.4047976011994003,0.42278860569715143,0.4272863568215892,0.4287856071964018,0.4497751124437781,0.4497751124437781,0.4017991004497751
170,0.45577211394302847,0.38827901759208505,0.45881394646275475,0.30725642266076714,0.487256371814093,0.061454109847545624,0.07574169989675283,0.0,0.07660132460296154,0.7150127340573817,"[0.6491754055023193, 0.7166417241096497, 0.7271364331245422, 0.7106447219848633]",0.6479,0.39730134932533734,0.4017991004497751,0.4197901049475262,0.4197901049475262,0.4452773613193403,0.4452773613193403,0.39430284857571213
171,0.4527736131934033,0.39092853658231486,0.4553742476940341,0.2839340468024996,0.4947526236881559,0.06046672165393829,0.07571463380008936,0.0,0.0764833465218544,0.7483199170092121,"[0.6491754055023193, 0.7166417241096497, 0.7271364331245422, 0.7106447219848633]",0.6603,0.4017991004497751,0.40929535232383807,0.4197901049475262,0.424287856071964,0.43778110944527737,0.43778110944527737,0.4032983508245877
172,0.4782608695652174,0.4150729911372404,0.4791145935659707,0.3009886413926298,0.4992503748125937,0.059440240263938904,0.07568565011024475,0.0,0.0768274599686265,0.7599041690118611,"[0.6491754055023193, 0.7166417241096497, 0.7271364331245422, 0.7106447219848633]",0.6746,0.3868065967016492,0.39580209895052476,0.4107946026986507,0.41679160419790107,0.431784107946027,0.431784107946027,0.39280359820089955
173,0.45577211394302847,0.39641169079813343,0.4916747472993382,0.3256380661719762,0.5082458770614693,0.05988283082842827,0.07564728520810604,0.0,0.07671644072979689,0.8912672550650313,"[0.6491754055023193, 0.7166417241096497, 0.7271364331245422, 0.7106447219848633]",0.7148,0.3853073463268366,0.39280359820089955,0.4062968515742129,0.4272863568215892,0.4362818590704648,0.4362818590704648,0.3823088455772114
174,0.43778110944527737,0.37762356085168225,0.47692440215582227,0.28769120280716676,0.46776611694152925,0.059585582464933395,0.07563205435872078,0.0,0.07673599198460579,0.783944707014598,"[0.6491754055023193, 0.7166417241096497, 0.7271364331245422, 0.7106447219848633]",0.6738,0.383808095952024,0.38830584707646176,0.41379310344827586,0.42278860569715143,0.4482758620689655,0.4482758620689655,0.383808095952024
175,0.41679160419790107,0.3603298653912529,0.4476135857876037,0.27080112511595594,0.4662668665667166,0.06047637760639191,0.0755960512906313,0.0,0.07670317683368921,0.7371232699370012,"[0.6491754055023193, 0.7166417241096497, 0.7271364331245422, 0.7106447219848633]",0.6751,0.4077961019490255,0.4062968515742129,0.4272863568215892,0.44677661169415295,0.4542728635682159,0.4542728635682159,0.4107946026986507
176,0.4407796101949025,0.3750587159604424,0.44563464680648757,0.268804482168665,0.46026986506746626,0.061577752232551575,0.07556934375315905,0.0,0.07659771386533976,0.6798139530001208,"[0.6491754055023193, 0.7166417241096497, 0.7271364331245422, 0.7106447219848633]",0.7536,0.4032983508245877,0.4032983508245877,0.41829085457271364,0.4332833583208396,0.4452773613193403,0.4452773613193403,0.4062968515742129
177,0.43778110944527737,0.37454208103384046,0.4379552419445739,0.26669033296997285,0.4587706146926537,0.06044415757060051,0.0755442501977086,0.0,0.07652631588280201,0.701416602008976,"[0.6491754055023193, 0.7166417241096497, 0.7271364331245422, 0.7106447219848633]",0.6461,0.41829085457271364,0.40929535232383807,0.42128935532233885,0.4452773613193403,0.4617691154422789,0.4617691154422789,0.42128935532233885
178,0.4482758620689655,0.3850809684143017,0.45101591498462185,0.2703661971705825,0.47226386806596704,0.06044306606054306,0.07551729958504438,0.0,0.07644017972052097,0.7093931710114703,"[0.6491754055023193, 0.7166417241096497, 0.7271364331245422, 0.7106447219848633]",0.6627,0.38980509745127434,0.4002998500749625,0.4062968515742129,0.42278860569715143,0.43778110944527737,0.43778110944527737,0.39430284857571213
179,0.44227886056971516,0.3767670374054315,0.46559954357872535,0.2877985238993562,0.4767616191904048,0.060774169862270355,0.07549262791872025,0.0,0.07649044878780842,0.7459410630399361,"[0.6491754055023193, 0.7166417241096497, 0.7271364331245422, 0.7106447219848633]",0.7003,0.3853073463268366,0.4002998500749625,0.42278860569715143,0.43928035982008995,0.4497751124437781,0.4497751124437781,0.391304347826087
180,0.46776611694152925,0.3991326458109178,0.4560556294672331,0.2880916973585607,0.4782608695652174,0.06003742292523384,0.07546307239681482,0.0,0.07645686622709036,0.7122400460066274,"[0.6491754055023193, 0.7166417241096497, 0.7271364331245422, 0.7106447219848633]",0.6638,0.38830584707646176,0.39580209895052476,0.4017991004497751,0.4002998500749625,0.4287856071964018,0.4287856071964018,0.39280359820089955
181,0.431784107946027,0.36751150920736586,0.44635578945785104,0.26806289456841753,0.4572713643178411,0.05994035676121712,0.0754307834431529,0.0,0.07641998585313559,0.6959469000576064,"[0.6491754055023193, 0.7166417241096497, 0.7271364331245422, 0.7106447219848633]",0.6644,0.4032983508245877,0.40929535232383807,0.4107946026986507,0.41829085457271364,0.43778110944527737,0.43778110944527737,0.4077961019490255
182,0.4497751124437781,0.3809173355993586,0.46052560457212854,0.2931519737543378,0.4782608695652174,0.060590751469135284,0.07540170382708311,0.0,0.07640436477959156,0.6851077480241656,"[0.6491754055023193, 0.7166417241096497, 0.7271364331245422, 0.7106447219848633]",0.6898,0.3808095952023988,0.383808095952024,0.4002998500749625,0.39580209895052476,0.4197901049475262,0.4197901049475262,0.3733133433283358
183,0.4452773613193403,0.38222343490679167,0.4645032082452772,0.31070597677087175,0.4707646176911544,0.06117703393101692,0.07536976411938667,0.0,0.07641410734504461,0.6998124129604548,"[0.6491754055023193, 0.7166417241096497, 0.7271364331245422, 0.7106447219848633]",0.6718,0.4017991004497751,0.4062968515742129,0.4107946026986507,0.4062968515742129,0.44227886056971516,0.44227886056971516,0.4032983508245877
184,0.4482758620689655,0.39417813121664913,0.4838674513257492,0.27598034764021834,0.487256371814093,0.05991055443882942,0.07533839158713818,0.0,0.07636598777025938,0.7871017319848761,"[0.6491754055023193, 0.7166417241096497, 0.7271364331245422, 0.7106447219848633]",0.6603,0.3778110944527736,0.3793103448275862,0.3988005997001499,0.39580209895052476,0.4122938530734633,0.4122938530734633,0.3748125937031484
185,0.43928035982008995,0.37792573751278025,0.478960981770666,0.32137151079470166,0.49325337331334335,0.060734450817108154,0.07531058881431818,0.0,0.07632247917354107,0.7297855910146609,"[0.6491754055023193, 0.7166417241096497, 0.7271364331245422, 0.7106447219848633]",0.659,0.39730134932533734,0.39730134932533734,0.4077961019490255,0.4197901049475262,0.44227886056971516,0.44227886056971516,0.38830584707646176
186,0.4512743628185907,0.3877587871644075,0.48735125945588814,0.34854675466400253,0.4917541229385307,0.06022579222917557,0.0752855259925127,0.0,0.07628972176462412,0.726479814038612,"[0.6491754055023193, 0.7166417241096497, 0.7271364331245422, 0.7106447219848633]",0.6569,0.4047976011994003,0.3988005997001499,0.39430284857571213,0.4122938530734633,0.431784107946027,0.431784107946027,0.4062968515742129
187,0.4497751124437781,0.3969882545375717,0.48115310192363064,0.316765837663101,0.4827586206896552,0.06072056293487549,0.07525777351111174,0.0,0.07623046357184649,0.7582238049944863,"[0.6491754055023193, 0.7166417241096497, 0.7271364331245422, 0.7106447219848633]",0.648,0.4077961019490255,0.40929535232383807,0.4107946026986507,0.4287856071964018,0.4512743628185907,0.4512743628185907,0.4077961019490255
188,0.4362818590704648,0.37640456422765456,0.4452126819313757,0.2679747481445138,0.4617691154422789,0.06176199018955231,0.07523062825202942,0.0,0.07620152737945318,0.9964792260434479,"[0.6491754055023193, 0.7166417241096497, 0.7271364331245422, 0.7106447219848633]",0.7963,0.4047976011994003,0.4032983508245877,0.39280359820089955,0.41679160419790107,0.431784107946027,0.431784107946027,0.40929535232383807
189,0.45577211394302847,0.39268272493998835,0.4471489793943476,0.29481748098463295,0.4767616191904048,0.06173604726791382,0.07520420290529728,0.0,0.07610775064677,0.9208797169849277,"[0.6491754055023193, 0.7166417241096497, 0.7271364331245422, 0.7106447219848633]",0.7054,0.41679160419790107,0.4122938530734633,0.4197901049475262,0.43478260869565216,0.4482758620689655,0.4482758620689655,0.41829085457271364
190,0.4737631184407796,0.41643339822475023,0.492252688534177,0.3443356846334801,0.4947526236881559,0.060484372079372406,0.07517563458532095,0.0,0.07607047632336617,0.7470841549802572,"[0.6491754055023193, 0.7166417241096497, 0.7271364331245422, 0.7106447219848633]",0.6677,0.39580209895052476,0.391304347826087,0.4062968515742129,0.4257871064467766,0.43778110944527737,0.43778110944527737,0.39730134932533734
191,0.4407796101949025,0.3868548558021697,0.49334185844710243,0.3055692036714994,0.4917541229385307,0.06042766198515892,0.07514746952801943,0.0,0.07600742299109697,0.7003073210362345,"[0.6491754055023193, 0.7166417241096497, 0.7271364331245422, 0.7106447219848633]",1.0756,0.3808095952023988,0.391304347826087,0.40929535232383807,0.40929535232383807,0.4407796101949025,0.4407796101949025,0.3868065967016492
192,0.4497751124437781,0.38756051489260557,0.47678119207308256,0.3448053662570961,0.4962518740629685,0.06180652976036072,0.07512266002595425,0.0,0.07608470693230629,0.862470394000411,"[0.6491754055023193, 0.7166417241096497, 0.7271364331245422, 0.7106447219848633]",0.6335,0.4032983508245877,0.39730134932533734,0.4017991004497751,0.4197901049475262,0.43778110944527737,0.43778110944527737,0.39730134932533734
193,0.4497751124437781,0.3863937734217354,0.48760903515606546,0.3345122235928883,0.4962518740629685,0.06050112843513489,0.07509450521320105,0.0,0.07603259943425655,0.7531819139840081,"[0.6491754055023193, 0.7166417241096497, 0.7271364331245422, 0.7106447219848633]",0.6651,0.3988005997001499,0.39730134932533734,0.39730134932533734,0.41529235382308843,0.4362818590704648,0.4362818590704648,0.4017991004497751
194,0.4737631184407796,0.41422276934163027,0.46509487958798695,0.31108773854454386,0.487256371814093,0.061244815587997437,0.07506576273590326,0.0,0.07599743641912937,0.7397361099720001,"[0.6491754055023193, 0.7166417241096497, 0.7271364331245422, 0.7106447219848633]",0.6988,0.3823088455772114,0.38980509745127434,0.3988005997001499,0.431784107946027,0.44377811094452774,0.44377811094452774,0.391304347826087
195,0.41529235382308843,0.3527591028748015,0.47789300601566176,0.28278964116423194,0.4947526236881559,0.06252121925354004,0.075039466843009,0.0,0.07599215023219585,0.7390827529598027,"[0.6491754055023193, 0.7166417241096497, 0.7271364331245422, 0.7106447219848633]",0.6473,0.383808095952024,0.38980509745127434,0.4032983508245877,0.4077961019490255,0.4287856071964018,0.4287856071964018,0.3853073463268366
196,0.4827586206896552,0.424570081095071,0.48197003762748303,0.3457769533845052,0.4992503748125937,0.06067701801657677,0.07501148898154497,0.0,0.075927690602839,0.7131029739975929,"[0.6491754055023193, 0.7166417241096497, 0.7271364331245422, 0.7106447219848633]",0.6876,0.38830584707646176,0.39430284857571213,0.39580209895052476,0.4062968515742129,0.43928035982008995,0.43928035982008995,0.39430284857571213
197,0.46926536731634183,0.4125570355921998,0.47711244250172813,0.3083967230601851,0.5037481259370314,0.0618228055536747,0.07498368434607983,0.0,0.07589631993323565,0.7319598640315235,"[0.6491754055023193, 0.7166417241096497, 0.7271364331245422, 0.7106447219848633]",0.6599,0.3493253373313343,0.3568215892053973,0.3808095952023988,0.3988005997001499,0.431784107946027,0.431784107946027,0.3568215892053973
198,0.48425787106446777,0.42910317784169505,0.48516632495984463,0.3347360918408632,0.5112443778110944,0.060848042368888855,0.07495933771133423,0.0,0.07589867431670427,0.7405197999905795,"[0.6491754055023193, 0.7166417241096497, 0.7271364331245422, 0.7106447219848633]",0.634,0.3868065967016492,0.4032983508245877,0.4107946026986507,0.4287856071964018,0.4572713643178411,0.4572713643178411,0.3793103448275862
199,0.4737631184407796,0.4228325744334136,0.5030182506626254,0.32592629091867725,0.5247376311844077,0.060591086745262146,0.07493489887565374,0.0,0.07580185681581497,0.7033975899685174,"[0.6491754055023193, 0.7166417241096497, 0.7271364331245422, 0.7106447219848633]",0.6827,0.39580209895052476,0.39280359820089955,0.4272863568215892,0.4332833583208396,0.4617691154422789,0.4617691154422789,0.39430284857571213
200,0.5037481259370314,0.44148235097687527,0.49296378065240287,0.372041268029582,0.5112443778110944,0.062457725405693054,0.07490427698940039,0.0,0.07571936026215553,0.7251851820619777,"[0.6491754055023193, 0.7166417241096497, 0.7271364331245422, 0.7106447219848633]",0.6943,0.40929535232383807,0.4032983508245877,0.43928035982008995,0.43928035982008995,0.4737631184407796,0.4737631184407796,0.41379310344827586
201,0.4947526236881559,0.4362032466490088,0.4861301194297553,0.3280125581406729,0.512743628185907,0.06299937516450882,0.07488576229661703,0.0,0.0757954828441143,0.7253197180107236,"[0.6491754055023193, 0.7166417241096497, 0.7271364331245422, 0.7106447219848633]",0.6506,0.4062968515742129,0.40929535232383807,0.41679160419790107,0.4302848575712144,0.46476761619190404,0.46476761619190404,0.4077961019490255
202,0.44377811094452774,0.3861684051248341,0.47202153258513724,0.3086515289700413,0.4767616191904048,0.06258019059896469,0.07486672420054674,0.0,0.0756493667140603,0.7204134959029034,"[0.6491754055023193, 0.7166417241096497, 0.7271364331245422, 0.7106447219848633]",0.6499,0.41829085457271364,0.42128935532233885,0.4362818590704648,0.4617691154422789,0.46476761619190404,0.46476761619190404,0.41679160419790107
203,0.4122938530734633,0.35178982702925155,0.45807409490605866,0.2525535629538163,0.4452773613193403,0.0604294016957283,0.0748559944331646,0.0,0.07558509986847639,0.7464531840523705,"[0.6491754055023193, 0.7166417241096497, 0.7271364331245422, 0.7106447219848633]",0.6562,0.3778110944527736,0.37031484257871067,0.38830584707646176,0.40929535232383807,0.4587706146926537,0.4587706146926537,0.3823088455772114
204,0.4542728635682159,0.3904485496075881,0.4691834900027731,0.32705694344706243,0.4707646176911544,0.060664426535367966,0.07485456485301256,0.0,0.0756594855338335,0.7219624849967659,"[0.6491754055023193, 0.7166417241096497, 0.7271364331245422, 0.7106447219848633]",0.6653,0.42128935532233885,0.42278860569715143,0.43778110944527737,0.4452773613193403,0.4662668665667166,0.4662668665667166,0.4272863568215892
205,0.4272863568215892,0.35891526310757293,0.4609605190121308,0.32028746080287934,0.44227886056971516,0.06169310212135315,0.07479624263942242,0.0,0.07551837433129549,0.7638455349951982,"[0.6491754055023193, 0.7166417241096497, 0.7271364331245422, 0.7106447219848633]",0.8298,0.3733133433283358,0.37631184407796103,0.39580209895052476,0.41679160419790107,0.44677661169415295,0.44677661169415295,0.3778110944527736
206,0.38980509745127434,0.3284011152535915,0.4413268103367782,0.2572712876332989,0.4287856071964018,0.06205148249864578,0.07475191541016102,0.0,0.07563416194170713,0.7253416470484808,"[0.6491754055023193, 0.7166417241096497, 0.7271364331245422, 0.7106447219848633]",0.6565,0.40929535232383807,0.4032983508245877,0.4332833583208396,0.4482758620689655,0.47226386806596704,0.47226386806596704,0.4077961019490255
207,0.3778110944527736,0.30762053888560936,0.4266210122629295,0.23784495790345295,0.42128935532233885,0.06122513860464096,0.07469390518963337,0.0,0.07557504437863827,0.6976047740317881,"[0.6491754055023193, 0.7166417241096497, 0.7271364331245422, 0.7106447219848633]",0.7454,0.4002998500749625,0.4077961019490255,0.4197901049475262,0.4197901049475262,0.4512743628185907,0.4512743628185907,0.4017991004497751
208,0.4257871064467766,0.3646212888094096,0.43461395296705674,0.26642693888608776,0.44677661169415295,0.06114332005381584,0.07467751670628786,0.0,0.07555701583623886,0.7904459709534422,"[0.6491754055023193, 0.7166417241096497, 0.7271364331245422, 0.7106447219848633]",0.6712,0.38980509745127434,0.39730134932533734,0.40929535232383807,0.4122938530734633,0.4452773613193403,0.4452773613193403,0.391304347826087
209,0.391304347826087,0.32197117647647955,0.443609309126655,0.24256425224810718,0.41379310344827586,0.06009020656347275,0.07464196998625994,0.0,0.07550483010709286,0.7408133470453322,"[0.6491754055023193, 0.7166417241096497, 0.7271364331245422, 0.7106447219848633]",0.665,0.39430284857571213,0.39580209895052476,0.4062968515742129,0.4107946026986507,0.4497751124437781,0.4497751124437781,0.3988005997001499
210,0.41829085457271364,0.3537547975957708,0.4481885812564978,0.2725340180777241,0.44377811094452774,0.05920100584626198,0.0746068935841322,0.0,0.07566267624497414,0.8501128889620304,"[0.6491754055023193, 0.7166417241096497, 0.7271364331245422, 0.7106447219848633]",0.6572,0.38980509745127434,0.39430284857571213,0.39730134932533734,0.4017991004497751,0.4272863568215892,0.4272863568215892,0.38980509745127434
211,0.4047976011994003,0.3406957578292674,0.4425268026023078,0.2627741742133287,0.42278860569715143,0.05981821566820145,0.07457384560257196,0.0,0.07530524209141731,0.7860048530856147,"[0.6491754055023193, 0.7166417241096497, 0.7271364331245422, 0.7106447219848633]",0.6456,0.39730134932533734,0.391304347826087,0.4047976011994003,0.4002998500749625,0.4257871064467766,0.4257871064467766,0.4002998500749625
212,0.4332833583208396,0.37173941212235984,0.43919380758761906,0.28793144180508046,0.44677661169415295,0.059262778609991074,0.07454528100788593,0.0,0.07500145211815834,0.727535170968622,"[0.6491754055023193, 0.7166417241096497, 0.7271364331245422, 0.7106447219848633]",0.674,0.3868065967016492,0.3868065967016492,0.4017991004497751,0.4077961019490255,0.4362818590704648,0.4362818590704648,0.38980509745127434
213,0.41379310344827586,0.3465011852319597,0.4552773005422572,0.29640897501238084,0.4527736131934033,0.058199819177389145,0.07450205273926258,0.0,0.07548558991402388,0.8220351570053026,"[0.6491754055023193, 0.7166417241096497, 0.7271364331245422, 0.7106447219848633]",0.6278,0.36281859070464767,0.3658170914542729,0.3808095952023988,0.38980509745127434,0.4362818590704648,0.4362818590704648,0.36731634182908546
214,0.4107946026986507,0.34165729038998616,0.4580096978965976,0.32495640375265267,0.43478260869565216,0.059750333428382874,0.07451098505407572,0.0,0.07551603298634291,0.7303618119331077,"[0.6491754055023193, 0.7166417241096497, 0.7271364331245422, 0.7106447219848633]",0.7044,0.37631184407796103,0.3733133433283358,0.3748125937031484,0.38980509745127434,0.43778110944527737,0.43778110944527737,0.3823088455772114
215,0.4077961019490255,0.3363401412637158,0.44123574760246853,0.310543895159969,0.424287856071964,0.06010989099740982,0.07445990853011608,0.0,0.07552150543779135,0.7852544569177553,"[0.6491754055023193, 0.7166417241096497, 0.7271364331245422, 0.7106447219848633]",0.6649,0.3778110944527736,0.3748125937031484,0.38830584707646176,0.4032983508245877,0.4452773613193403,0.4452773613193403,0.383808095952024
216,0.4077961019490255,0.3436266022247412,0.43709550772114397,0.26903881726545126,0.4407796101949025,0.06052309274673462,0.07441845070570707,0.0,0.07550608087331057,0.7119560859864578,"[0.6491754055023193, 0.7166417241096497, 0.7271364331245422, 0.7106447219848633]",0.6347,0.41679160419790107,0.4287856071964018,0.44377811094452774,0.44227886056971516,0.4512743628185907,0.4512743628185907,0.41679160419790107
217,0.42128935532233885,0.35517787194822625,0.4500737116158392,0.2878407454164295,0.4527736131934033,0.060236357152462006,0.07439215201884508,0.0,0.07544519565999508,0.7295513530261815,"[0.6491754055023193, 0.7166417241096497, 0.7271364331245422, 0.7106447219848633]",0.646,0.4002998500749625,0.39580209895052476,0.39280359820089955,0.4062968515742129,0.4362818590704648,0.4362818590704648,0.4002998500749625
218,0.42128935532233885,0.36007416778722,0.454006498058858,0.2797346570826906,0.4527736131934033,0.059902291744947433,0.07435982953757048,0.0,0.0754219489172101,0.7296651409706101,"[0.6491754055023193, 0.7166417241096497, 0.7271364331245422, 0.7106447219848633]",0.6425,0.4047976011994003,0.40929535232383807,0.42278860569715143,0.4302848575712144,0.431784107946027,0.431784107946027,0.4062968515742129
219,0.424287856071964,0.3679644065412605,0.47258516557462976,0.29561636617425957,0.46026986506746626,0.05884148180484772,0.07432731427252293,0.0,0.07537214271724224,0.7373968160245568,"[0.6491754055023193, 0.7166417241096497, 0.7271364331245422, 0.7106447219848633]",0.6324,0.4197901049475262,0.41829085457271364,0.4062968515742129,0.4122938530734633,0.4362818590704648,0.4362818590704648,0.42128935532233885
220,0.41379310344827586,0.3479422942294229,0.4570824780348859,0.300752492000639,0.4482758620689655,0.06050936505198479,0.0742995785549283,0.0,0.07532325945794582,0.7194043099880219,"[0.6491754055023193, 0.7166417241096497, 0.7271364331245422, 0.7106447219848633]",0.6771,0.39580209895052476,0.4002998500749625,0.4002998500749625,0.3988005997001499,0.4302848575712144,0.4302848575712144,0.4032983508245877
221,0.41379310344827586,0.3406958166061623,0.44206781039571746,0.28776086497092596,0.43778110944527737,0.062406595796346664,0.07424916326999664,0.0,0.07526255305856466,0.746752858045511,"[0.6491754055023193, 0.7166417241096497, 0.7271364331245422, 0.7106447219848633]",0.6609,0.3658170914542729,0.36731634182908546,0.38980509745127434,0.39280359820089955,0.4527736131934033,0.4527736131934033,0.37031484257871067
222,0.36881559220389803,0.2977261700520689,0.4455644429388331,0.27208266608554066,0.42128935532233885,0.06083478778600693,0.07420139200985432,0.0,0.07523891143500805,0.7380319749936461,"[0.6491754055023193, 0.7166417241096497, 0.7271364331245422, 0.7106447219848633]",0.6527,0.43928035982008995,0.4407796101949025,0.43778110944527737,0.43478260869565216,0.46926536731634183,0.46926536731634183,0.43928035982008995
223,0.38980509745127434,0.31660008106073767,0.4571906872037764,0.3173027961464915,0.44377811094452774,0.06074055656790733,0.0741652175784111,0.0,0.07529501244425774,0.7350183709058911,"[0.6491754055023193, 0.7166417241096497, 0.7271364331245422, 0.7106447219848633]",0.6558,0.4077961019490255,0.4062968515742129,0.4032983508245877,0.40929535232383807,0.46026986506746626,0.46026986506746626,0.4077961019490255
224,0.43778110944527737,0.36586509817840707,0.4828120090271596,0.33548947679746877,0.47226386806596704,0.05894842371344566,0.07420369330793619,0.0,0.07532850280404091,0.7872522429097444,"[0.6491754055023193, 0.7166417241096497, 0.7271364331245422, 0.7106447219848633]",0.6424,0.4287856071964018,0.4272863568215892,0.4197901049475262,0.4122938530734633,0.46476761619190404,0.46476761619190404,0.4302848575712144
225,0.4197901049475262,0.34525905145518276,0.44106183370497254,0.27244085278904295,0.43778110944527737,0.06024555116891861,0.07474212255328894,0.0,0.07535948045551777,0.9226866400567815,"[0.6491754055023193, 0.7166417241096497, 0.7271364331245422, 0.7106447219848633]",0.634,0.42128935532233885,0.41679160419790107,0.41529235382308843,0.40929535232383807,0.44677661169415295,0.44677661169415295,0.4257871064467766
226,0.41529235382308843,0.3451433922745397,0.46505228782670704,0.3172315242990376,0.431784107946027,0.05918925255537033,0.0746306236833334,0.0,0.07538844831287861,0.7206094269640744,"[0.6491754055023193, 0.7166417241096497, 0.7271364331245422, 0.7106447219848633]",0.6431,0.4407796101949025,0.4362818590704648,0.42128935532233885,0.42278860569715143,0.4512743628185907,0.4512743628185907,0.44677661169415295
227,0.4002998500749625,0.33256282865276765,0.42775016643750363,0.24397269321769824,0.46026986506746626,0.06115911155939102,0.07456995267421007,0.0,0.07531604822725058,0.7111178329214454,"[0.6491754055023193, 0.7166417241096497, 0.7271364331245422, 0.7106447219848633]",0.6334,0.4197901049475262,0.4122938530734633,0.4017991004497751,0.38980509745127434,0.43478260869565216,0.43478260869565216,0.42278860569715143
228,0.4032983508245877,0.33080240891571067,0.43938042309812175,0.28490534473390605,0.45577211394302847,0.05975380912423134,0.07451930921524763,0.0,0.07524400018155575,0.7036432770546526,"[0.6491754055023193, 0.7166417241096497, 0.7271364331245422, 0.7106447219848633]",0.6419,0.4032983508245877,0.4062968515742129,0.4017991004497751,0.4107946026986507,0.431784107946027,0.431784107946027,0.4032983508245877
229,0.39430284857571213,0.3249579770884322,0.4502352756836715,0.28433099897731073,0.4482758620689655,0.05803146958351135,0.074480134062469,0.0,0.07521034218370914,0.7286520270863548,"[0.6491754055023193, 0.7166417241096497, 0.7271364331245422, 0.7106447219848633]",0.6433,0.4332833583208396,0.43478260869565216,0.45577211394302847,0.4512743628185907,0.47976011994003,0.47976011994003,0.43928035982008995
230,0.3868065967016492,0.31634146463709867,0.44678056553258433,0.25485050908577334,0.4452773613193403,0.060685884207487106,0.07448418159037828,0.0,0.07517313212156296,0.7031413069926202,"[0.6491754055023193, 0.7166417241096497, 0.7271364331245422, 0.7106447219848633]",0.636,0.4272863568215892,0.4302848575712144,0.4302848575712144,0.4287856071964018,0.44677661169415295,0.44677661169415295,0.424287856071964
231,0.383808095952024,0.32007986309184244,0.45457851133224153,0.2571347475796015,0.424287856071964,0.06086672097444534,0.07444404251873493,0.0,0.07519552391022444,0.7154693870106712,"[0.6491754055023193, 0.7166417241096497, 0.7271364331245422, 0.7106447219848633]",0.6451,0.4302848575712144,0.42278860569715143,0.41679160419790107,0.41679160419790107,0.43928035982008995,0.43928035982008995,0.4287856071964018
232,0.3853073463268366,0.31908610584081554,0.4665741054783933,0.28464446461600923,0.431784107946027,0.06152842938899994,0.07442026678472757,0.0,0.07511684112250805,0.7263839839724824,"[0.6491754055023193, 0.7166417241096497, 0.7271364331245422, 0.7106447219848633]",0.7122,0.3988005997001499,0.4047976011994003,0.41529235382308843,0.4257871064467766,0.4452773613193403,0.4452773613193403,0.39730134932533734
233,0.3793103448275862,0.31341747225205874,0.4600436519760843,0.28720807761310524,0.4077961019490255,0.06117844954133034,0.07439252827316523,0.0,0.0750297736376524,0.7921397000318393,"[0.6491754055023193, 0.7166417241096497, 0.7271364331245422, 0.7106447219848633]",0.6789,0.39430284857571213,0.3988005997001499,0.39430284857571213,0.39730134932533734,0.424287856071964,0.424287856071964,0.39730134932533734
234,0.4122938530734633,0.3456398346230467,0.4734373068832744,0.31424328596556084,0.43928035982008995,0.061086613684892654,0.07438738364726305,0.0,0.07502005156129599,0.8398873410187662,"[0.6491754055023193, 0.7166417241096497, 0.7271364331245422, 0.7106447219848633]",0.6706,0.4107946026986507,0.4077961019490255,0.4107946026986507,0.4197901049475262,0.44227886056971516,0.44227886056971516,0.41679160419790107
235,0.3988005997001499,0.33085071251300935,0.4645494606618054,0.30620316933961006,0.42278860569715143,0.06122775375843048,0.07435357850044966,0.0,0.07502366043627262,0.6990257400320843,"[0.6491754055023193, 0.7166417241096497, 0.7271364331245422, 0.7106447219848633]",0.7128,0.4287856071964018,0.4287856071964018,0.424287856071964,0.4272863568215892,0.44677661169415295,0.44677661169415295,0.4272863568215892
236,0.38830584707646176,0.3228847613241935,0.45859776012542264,0.3152693044733988,0.41679160419790107,0.060801975429058075,0.07431586552411318,0.0,0.07502953615039587,0.734614253975451,"[0.6491754055023193, 0.7166417241096497, 0.7271364331245422, 0.7106447219848633]",0.7204,0.42278860569715143,0.4332833583208396,0.4362818590704648,0.43928035982008995,0.46776611694152925,0.46776611694152925,0.4197901049475262
237,0.3808095952023988,0.31513207781714214,0.4412528553548446,0.26233255345328166,0.42278860569715143,0.0611581951379776,0.07429096661508083,0.0,0.07498527131974697,0.9540076580597088,"[0.6491754055023193, 0.7166417241096497, 0.7271364331245422, 0.7106447219848633]",0.6626,0.46776611694152925,0.4662668665667166,0.46026986506746626,0.46926536731634183,0.49775112443778113,0.49775112443778113,0.46476761619190404
238,0.3988005997001499,0.3347171266183292,0.465459921588076,0.29647283517853995,0.4287856071964018,0.06348200887441635,0.07426759041845798,0.0,0.07496076077222824,0.7491881059249863,"[0.6491754055023193, 0.7166417241096497, 0.7271364331245422, 0.7106447219848633]",0.6829,0.4482758620689655,0.4482758620689655,0.4452773613193403,0.44377811094452774,0.4782608695652174,0.4782608695652174,0.4527736131934033
239,0.4077961019490255,0.34494358556148397,0.4704877395567664,0.32654774475411175,0.4512743628185907,0.06134858727455139,0.07424319256097078,0.0,0.07493373099714518,0.7049722009105608,"[0.6491754055023193, 0.7166417241096497, 0.7271364331245422, 0.7106447219848633]",0.717,0.41829085457271364,0.4272863568215892,0.4362818590704648,0.44227886056971516,0.48575712143928035,0.48575712143928035,0.42278860569715143
240,0.4077961019490255,0.34345649416508217,0.47167945323838373,0.3196456571835119,0.4482758620689655,0.060932181775569916,0.07421883009374142,0.0,0.0749216778203845,0.7234773440286517,"[0.6491754055023193, 0.7166417241096497, 0.7271364331245422, 0.7106447219848633]",0.7156,0.42128935532233885,0.431784107946027,0.4287856071964018,0.4272863568215892,0.4452773613193403,0.4452773613193403,0.41829085457271364
241,0.40929535232383807,0.3459026512549407,0.46622248059774235,0.3010054636554393,0.45577211394302847,0.06009623408317566,0.07419422175735235,0.0,0.07489299029111862,0.7048808949766681,"[0.6491754055023193, 0.7166417241096497, 0.7271364331245422, 0.7106447219848633]",0.6574,0.4272863568215892,0.431784107946027,0.4302848575712144,0.4272863568215892,0.43928035982008995,0.43928035982008995,0.42128935532233885
242,0.39730134932533734,0.3339212432555968,0.4757510162819563,0.3278256981877052,0.43778110944527737,0.06294474005699158,0.07417009212076664,0.0,0.07496412936598063,0.7280530359130353,"[0.6491754055023193, 0.7166417241096497, 0.7271364331245422, 0.7106447219848633]",0.734,0.4107946026986507,0.41379310344827586,0.42128935532233885,0.42278860569715143,0.4542728635682159,0.4542728635682159,0.41379310344827586
243,0.4002998500749625,0.33691056991393253,0.47680324154289905,0.30871643285175915,0.43928035982008995,0.062078893184661865,0.07414486911147833,0.0,0.07477973774075508,0.7459811760345474,"[0.6491754055023193, 0.7166417241096497, 0.7271364331245422, 0.7106447219848633]",0.6899,0.44677661169415295,0.4542728635682159,0.4542728635682159,0.46026986506746626,0.4782608695652174,0.4782608695652174,0.4512743628185907
244,0.42278860569715143,0.3602532131210435,0.4717559864619154,0.3209042548232335,0.4482758620689655,0.061639998108148575,0.07411310914903879,0.0,0.07512965891510248,0.7122184080071747,"[0.6491754055023193, 0.7166417241096497, 0.7271364331245422, 0.7106447219848633]",0.6705,0.44677661169415295,0.44677661169415295,0.4527736131934033,0.44377811094452774,0.4587706146926537,0.4587706146926537,0.44677661169415295
245,0.40929535232383807,0.3486118237272675,0.48268814139744565,0.29769519753986734,0.46926536731634183,0.061478693038225174,0.07407985348254442,0.0,0.07502585463225842,0.7549058079021052,"[0.6491754055023193, 0.7166417241096497, 0.7271364331245422, 0.7106447219848633]",0.7174,0.4302848575712144,0.43478260869565216,0.4302848575712144,0.44227886056971516,0.46776611694152925,0.46776611694152925,0.431784107946027
246,0.4032983508245877,0.33907124504551167,0.4601229926700354,0.3234998781665095,0.43778110944527737,0.06252647191286087,0.07405952271074057,0.0,0.0748162204399705,0.7304885430494323,"[0.6491754055023193, 0.7166417241096497, 0.7271364331245422, 0.7106447219848633]",0.7406,0.4332833583208396,0.43778110944527737,0.44677661169415295,0.43928035982008995,0.4707646176911544,0.4707646176911544,0.431784107946027
247,0.4257871064467766,0.3620365005793743,0.4975256581337774,0.34901072034217046,0.4587706146926537,0.06260665506124496,0.07402718998491764,0.0,0.07509235665202141,0.7248155970592052,"[0.6491754055023193, 0.7166417241096497, 0.7271364331245422, 0.7106447219848633]",0.8688,0.41679160419790107,0.41679160419790107,0.4332833583208396,0.44377811094452774,0.4587706146926537,0.4587706146926537,0.4257871064467766
248,0.4302848575712144,0.36215778202234183,0.4765540092606274,0.34994258594815736,0.46026986506746626,0.062355563044548035,0.07401623111218214,0.0,0.0750886145979166,0.738262408063747,"[0.6491754055023193, 0.7166417241096497, 0.7271364331245422, 0.7106447219848633]",0.6663,0.41379310344827586,0.4122938530734633,0.41679160419790107,0.43478260869565216,0.4587706146926537,0.4587706146926537,0.4122938530734633
249,0.41679160419790107,0.35076630509577245,0.4781989272279061,0.3412476671801476,0.4617691154422789,0.06101835519075394,0.07399621233344078,0.0,0.07504813838750124,0.7188371169613674,"[0.6491754055023193, 0.7166417241096497, 0.7271364331245422, 0.7106447219848633]",0.6837,0.4332833583208396,0.43478260869565216,0.4407796101949025,0.4452773613193403,0.4827586206896552,0.4827586206896552,0.4407796101949025
250,0.3793103448275862,0.3038596314316687,0.44037094364365825,0.3019726369378785,0.424287856071964,0.0614958293735981,0.07397506199777126,0.0,0.07496615685522556,0.7306848079897463,"[0.6491754055023193, 0.7166417241096497, 0.7271364331245422, 0.7106447219848633]",0.6612,0.42128935532233885,0.42128935532233885,0.43928035982008995,0.4362818590704648,0.48125937031484256,0.48125937031484256,0.42278860569715143
251,0.4122938530734633,0.34474609487578545,0.46027371114763777,0.32555457132466453,0.44227886056971516,0.06259015202522278,0.07395455706864595,0.0,0.07492412626743317,0.782311026006937,"[0.6491754055023193, 0.7166417241096497, 0.7271364331245422, 0.7106447219848633]",0.661,0.43478260869565216,0.4407796101949025,0.4452773613193403,0.4407796101949025,0.4752623688155922,0.4752623688155922,0.44677661169415295
252,0.40929535232383807,0.34472673051557046,0.4751484218951889,0.33699941198424777,0.4587706146926537,0.06141082942485809,0.07393928058445454,0.0,0.07489931117743254,0.7218084289925173,"[0.6491754055023193, 0.7166417241096497, 0.7271364331245422, 0.7106447219848633]",0.6978,0.41529235382308843,0.424287856071964,0.43778110944527737,0.4302848575712144,0.46326836581709147,0.46326836581709147,0.42128935532233885
253,0.4017991004497751,0.33373472862006814,0.45767073370938377,0.326736386890895,0.4452773613193403,0.06166936829686165,0.07391594536602497,0.0,0.07487501204013824,1.051972342072986,"[0.6491754055023193, 0.7166417241096497, 0.7271364331245422, 0.7106447219848633]",0.7262,0.391304347826087,0.3868065967016492,0.38980509745127434,0.39430284857571213,0.43478260869565216,0.43478260869565216,0.391304347826087
254,0.4047976011994003,0.33868530742008873,0.4734710265091971,0.27892547532890116,0.46776611694152925,0.0594196617603302,0.07389858830720186,0.0,0.074887715280056,1.1267101939301938,"[0.6491754055023193, 0.7166417241096497, 0.7271364331245422, 0.7106447219848633]",0.8661,0.39580209895052476,0.4107946026986507,0.4287856071964018,0.43778110944527737,0.47226386806596704,0.47226386806596704,0.39430284857571213
255,0.39430284857571213,0.33362843457036817,0.4669743854896292,0.27935651152273444,0.4512743628185907,0.0601324737071991,0.07387501373887062,0.0,0.07482011895626783,0.7289832619717345,"[0.6491754055023193, 0.7166417241096497, 0.7271364331245422, 0.7106447219848633]",0.6795,0.383808095952024,0.3853073463268366,0.39580209895052476,0.4062968515742129,0.43778110944527737,0.43778110944527737,0.3868065967016492
256,0.383808095952024,0.31963775165786446,0.45468313183542236,0.25349376949061,0.43478260869565216,0.059945009648799896,0.07385583966970444,0.0,0.07482674345374107,0.8328284699236974,"[0.6491754055023193, 0.7166417241096497, 0.7271364331245422, 0.7106447219848633]",0.6712,0.383808095952024,0.391304347826087,0.3988005997001499,0.39730134932533734,0.4407796101949025,0.4407796101949025,0.3853073463268366
257,0.4077961019490255,0.3434434052775721,0.4748638402007552,0.26406073884339193,0.4407796101949025,0.05859435349702835,0.07383596897125244,0.0,0.07478993479162455,0.7408383981091902,"[0.6491754055023193, 0.7166417241096497, 0.7271364331245422, 0.7106447219848633]",0.6803,0.391304347826087,0.38830584707646176,0.391304347826087,0.4032983508245877,0.431784107946027,0.431784107946027,0.39280359820089955
258,0.4197901049475262,0.35533022814400417,0.4773954854992692,0.30369268970620183,0.4587706146926537,0.058187272399663925,0.0738252168521285,0.0,0.07473727129399776,0.7246553059667349,"[0.6491754055023193, 0.7166417241096497, 0.7271364331245422, 0.7106447219848633]",0.6509,0.383808095952024,0.38980509745127434,0.4017991004497751,0.4047976011994003,0.44377811094452774,0.44377811094452774,0.3823088455772114
259,0.4197901049475262,0.35919199241344735,0.4727383765462268,0.2855261305694594,0.4587706146926537,0.061130739748477936,0.07381876464933157,0.0,0.0747638726606965,0.7457116249715909,"[0.6491754055023193, 0.7166417241096497, 0.7271364331245422, 0.7106447219848633]",0.6718,0.383808095952024,0.3853073463268366,0.4017991004497751,0.41379310344827586,0.4287856071964018,0.4287856071964018,0.3868065967016492
260,0.4047976011994003,0.3404149323848026,0.47059482009858833,0.2819392092583581,0.46326836581709147,0.05862940102815628,0.07379211951047182,0.0,0.07479549758136272,0.7286730220075697,"[0.6491754055023193, 0.7166417241096497, 0.7271364331245422, 0.7106447219848633]",0.663,0.38830584707646176,0.39430284857571213,0.4002998500749625,0.4107946026986507,0.43478260869565216,0.43478260869565216,0.3868065967016492
261,0.4047976011994003,0.3382837294149986,0.4654619691997869,0.2751580301030515,0.4587706146926537,0.058649517595767975,0.07377788238227367,0.0,0.07478989381343126,0.7267061730381101,"[0.6491754055023193, 0.7166417241096497, 0.7271364331245422, 0.7106447219848633]",0.708,0.383808095952024,0.38980509745127434,0.3988005997001499,0.4077961019490255,0.44677661169415295,0.44677661169415295,0.3868065967016492
262,0.4197901049475262,0.3540687097589478,0.4888548040262762,0.34196580683578526,0.4617691154422789,0.06146102026104927,0.07375802192837,0.0,0.07473206426948309,0.6726926469709724,"[0.6491754055023193, 0.7166417241096497, 0.7271364331245422, 0.7106447219848633]",0.6511,0.3853073463268366,0.3868065967016492,0.4002998500749625,0.40929535232383807,0.4452773613193403,0.4452773613193403,0.391304347826087
263,0.4077961019490255,0.3493052571264861,0.49516813946696564,0.28752066961268946,0.4752623688155922,0.05744936317205429,0.07375853974372149,0.0,0.07478119805455208,0.9497556380229071,"[0.6491754055023193, 0.7166417241096497, 0.7271364331245422, 0.7106447219848633]",1.0335,0.38980509745127434,0.39580209895052476,0.4062968515742129,0.41829085457271364,0.4512743628185907,0.4512743628185907,0.3988005997001499
264,0.39580209895052476,0.332652250552397,0.46080167755117546,0.25797863495710865,0.4497751124437781,0.0586567185819149,0.0737346326932311,0.0,0.07468833308666945,0.8946819280972704,"[0.6491754055023193, 0.7166417241096497, 0.7271364331245422, 0.7106447219848633]",0.6984,0.3988005997001499,0.39580209895052476,0.4047976011994003,0.4122938530734633,0.46776611694152925,0.46776611694152925,0.4002998500749625
265,0.424287856071964,0.35969760831577124,0.47447515764770687,0.3016101148918869,0.4527736131934033,0.06202373281121254,0.07370611559599638,0.0,0.07493532449007034,0.8707572800340131,"[0.6491754055023193, 0.7166417241096497, 0.7271364331245422, 0.7106447219848633]",0.786,0.4197901049475262,0.42278860569715143,0.42278860569715143,0.4302848575712144,0.46326836581709147,0.46326836581709147,0.424287856071964
266,0.38830584707646176,0.325860398980378,0.45173964757682855,0.24700348595996943,0.43478260869565216,0.06106002628803253,0.07374859601259232,0.0,0.07403842639178038,0.7159133200766519,"[0.6491754055023193, 0.7166417241096497, 0.7271364331245422, 0.7106447219848633]",0.6685,0.3853073463268366,0.39430284857571213,0.4032983508245877,0.4062968515742129,0.4362818590704648,0.4362818590704648,0.38830584707646176
267,0.3868065967016492,0.3246781859590059,0.46366813457141803,0.24367810869105502,0.44677661169415295,0.05825841799378395,0.07369908224791288,0.0,0.07393774762749672,0.7128150379285216,"[0.6491754055023193, 0.7166417241096497, 0.7271364331245422, 0.7106447219848633]",0.7094,0.41379310344827586,0.41679160419790107,0.4077961019490255,0.4062968515742129,0.43928035982008995,0.43928035982008995,0.41379310344827586
268,0.3793103448275862,0.3057987118442951,0.430958390431388,0.25754480108890443,0.41679160419790107,0.0634756088256836,0.07367210276424885,0.0,0.07371034659445286,0.7580403739120811,"[0.6491754055023193, 0.7166417241096497, 0.7271364331245422, 0.7106447219848633]",0.6414,0.38830584707646176,0.3823088455772114,0.39730134932533734,0.4077961019490255,0.4287856071964018,0.4287856071964018,0.39430284857571213
269,0.38830584707646176,0.32324847496151665,0.46067233577163835,0.2982690437110406,0.4332833583208396,0.06071280688047409,0.07362332846969366,0.0,0.07355555705726147,0.7150803050026298,"[0.6491754055023193, 0.7166417241096497, 0.7271364331245422, 0.7106447219848633]",0.6609,0.3868065967016492,0.39430284857571213,0.39430284857571213,0.39280359820089955,0.4197901049475262,0.4197901049475262,0.3868065967016492
270,0.39280359820089955,0.3272240942611008,0.4619354653878344,0.26952184832417025,0.43478260869565216,0.0617070235311985,0.073564606718719,0.0,0.07341157365590334,0.7485881109023467,"[0.6491754055023193, 0.7166417241096497, 0.7271364331245422, 0.7106447219848633]",0.658,0.4122938530734633,0.4062968515742129,0.41529235382308843,0.41829085457271364,0.4407796101949025,0.4407796101949025,0.4122938530734633
271,0.3823088455772114,0.31251735568203143,0.42061233663604836,0.22465778010246037,0.4122938530734633,0.062183916568756104,0.07362158037722111,0.0,0.0743046747520566,0.6968982269754633,"[0.6491754055023193, 0.7166417241096497, 0.7271364331245422, 0.7106447219848633]",0.6388,0.3748125937031484,0.37631184407796103,0.38830584707646176,0.3853073463268366,0.4122938530734633,0.4122938530734633,0.3793103448275862
272,0.41679160419790107,0.3488927088169237,0.43901739731692946,0.2838558863620712,0.431784107946027,0.06035730242729187,0.07655881997197866,0.0,0.07397047523409128,0.7236636050511152,"[0.6491754055023193, 0.7166417241096497, 0.7271364331245422, 0.7106447219848633]",0.6754,0.3778110944527736,0.383808095952024,0.39280359820089955,0.3868065967016492,0.4287856071964018,0.4287856071964018,0.3808095952023988
273,0.40929535232383807,0.3421563817324348,0.4542639211360877,0.32497535186623194,0.4287856071964018,0.060176339000463486,0.0746948616579175,0.0,0.07395271304994822,0.7154783689184114,"[0.6491754055023193, 0.7166417241096497, 0.7271364331245422, 0.7106447219848633]",0.6387,0.4017991004497751,0.4077961019490255,0.4122938530734633,0.4122938530734633,0.4272863568215892,0.4272863568215892,0.4062968515742129
274,0.3868065967016492,0.31410346665593913,0.42943340046997913,0.29411763821443904,0.4107946026986507,0.060735441744327545,0.07467629853636026,0.0,0.07392192259430885,0.7315678820014,"[0.6491754055023193, 0.7166417241096497, 0.7271364331245422, 0.7106447219848633]",0.6593,0.38980509745127434,0.4002998500749625,0.4032983508245877,0.42128935532233885,0.43778110944527737,0.43778110944527737,0.3868065967016492
275,0.40929535232383807,0.3446842466180412,0.4334732014395112,0.2768255255495323,0.4302848575712144,0.061373140662908554,0.07452644035220146,0.0,0.07389555592089891,0.7931311440188438,"[0.6491754055023193, 0.7166417241096497, 0.7271364331245422, 0.7106447219848633]",0.6457,0.391304347826087,0.38980509745127434,0.39430284857571213,0.4032983508245877,0.4332833583208396,0.4332833583208396,0.3988005997001499
276,0.4062968515742129,0.3355186527832633,0.43786258969847364,0.2799119564005087,0.4257871064467766,0.062169354408979416,0.07449710182845592,0.0,0.0738728977739811,0.769667782005854,"[0.6491754055023193, 0.7166417241096497, 0.7271364331245422, 0.7106447219848633]",0.8183,0.4077961019490255,0.4107946026986507,0.431784107946027,0.431784107946027,0.4752623688155922,0.4752623688155922,0.4107946026986507
277,0.4062968515742129,0.33747871083609027,0.4604587696610562,0.33089629608239113,0.44227886056971516,0.06242391839623451,0.07443530578166246,0.0,0.07385936193168163,0.7397753020050004,"[0.6491754055023193, 0.7166417241096497, 0.7271364331245422, 0.7106447219848633]",0.8058,0.43778110944527737,0.4362818590704648,0.43928035982008995,0.44227886056971516,0.46026986506746626,0.46026986506746626,0.4407796101949025
278,0.4002998500749625,0.3325962207135318,0.4535058563242626,0.3303029704301363,0.43478260869565216,0.06055493652820587,0.07439717464148998,0.0,0.07384438626468182,0.7257546379696578,"[0.6491754055023193, 0.7166417241096497, 0.7271364331245422, 0.7106447219848633]",0.6673,0.42128935532233885,0.4197901049475262,0.42128935532233885,0.4272863568215892,0.4617691154422789,0.4617691154422789,0.424287856071964
279,0.4107946026986507,0.338443949787247,0.4338040744926324,0.30915655645756523,0.42278860569715143,0.060168929398059845,0.0743827922269702,0.0,0.07383035589009523,0.7581774470163509,"[0.6491754055023193, 0.7166417241096497, 0.7271364331245422, 0.7106447219848633]",0.6892,0.3808095952023988,0.391304347826087,0.41529235382308843,0.41679160419790107,0.4617691154422789,0.4617691154422789,0.383808095952024
280,0.424287856071964,0.35596391177091824,0.4494204978017102,0.3210253667992362,0.4512743628185907,0.0602426752448082,0.07434862479567528,0.0,0.07381424680352211,0.7766305139521137,"[0.6491754055023193, 0.7166417241096497, 0.7271364331245422, 0.7106447219848633]",0.717,0.46026986506746626,0.4617691154422789,0.45577211394302847,0.4512743628185907,0.48125937031484256,0.48125937031484256,0.46476761619190404
281,0.41829085457271364,0.351295799149252,0.4431245632101646,0.2848503550711665,0.44677661169415295,0.06259620189666748,0.07431125734001398,0.0,0.07379875052720308,0.7334330501034856,"[0.6491754055023193, 0.7166417241096497, 0.7271364331245422, 0.7106447219848633]",0.6601,0.4332833583208396,0.4362818590704648,0.44377811094452774,0.44377811094452774,0.4962518740629685,0.4962518740629685,0.43928035982008995
282,0.4482758620689655,0.38442092591663746,0.46386492306595317,0.339410465362591,0.46326836581709147,0.06133785843849182,0.0742644751444459,0.0,0.07377792056649923,0.8103229120606557,"[0.6491754055023193, 0.7166417241096497, 0.7271364331245422, 0.7106447219848633]",0.6697,0.4032983508245877,0.4017991004497751,0.40929535232383807,0.4122938530734633,0.44377811094452774,0.44377811094452774,0.4017991004497751
283,0.4122938530734633,0.34793592681911034,0.46169640277786606,0.31710758903510883,0.44677661169415295,0.0613599568605423,0.07419700548052788,0.0,0.0737671460956335,0.7466266420669854,"[0.6491754055023193, 0.7166417241096497, 0.7271364331245422, 0.7106447219848633]",0.6805,0.4572713643178411,0.4542728635682159,0.4452773613193403,0.45577211394302847,0.487256371814093,0.487256371814093,0.4512743628185907
284,0.41679160419790107,0.349752645217557,0.4597554874576133,0.2911586766536346,0.45577211394302847,0.06091868132352829,0.0742229986935854,0.0,0.07374740578234196,0.7648981270613149,"[0.6491754055023193, 0.7166417241096497, 0.7271364331245422, 0.7106447219848633]",0.6615,0.424287856071964,0.4122938530734633,0.41679160419790107,0.42128935532233885,0.4512743628185907,0.4512743628185907,0.4257871064467766
285,0.431784107946027,0.3639547610361181,0.4576326564387189,0.31543655837512513,0.4542728635682159,0.06263501942157745,0.07414000574499369,0.0,0.07373977638781071,0.6820029079681262,"[0.6491754055023193, 0.7166417241096497, 0.7271364331245422, 0.7106447219848633]",0.6724,0.4107946026986507,0.41379310344827586,0.4257871064467766,0.4272863568215892,0.44377811094452774,0.44377811094452774,0.4122938530734633
286,0.42128935532233885,0.35898438180790593,0.4481121082071581,0.3332583468431615,0.43928035982008995,0.060193873941898346,0.07417404372245073,0.0,0.07372991740703583,0.7829444460803643,"[0.6491754055023193, 0.7166417241096497, 0.7271364331245422, 0.7106447219848633]",0.6647,0.41379310344827586,0.41379310344827586,0.4197901049475262,0.4122938530734633,0.4407796101949025,0.4407796101949025,0.41679160419790107
287,0.4332833583208396,0.37145122206599457,0.44946575000562283,0.31468230698559957,0.43928035982008995,0.06311698257923126,0.07414039969444275,0.0,0.07371085695922375,0.7456497709499672,"[0.6491754055023193, 0.7166417241096497, 0.7271364331245422, 0.7106447219848633]",0.6517,0.4107946026986507,0.4107946026986507,0.4002998500749625,0.3988005997001499,0.4332833583208396,0.4332833583208396,0.4122938530734633
288,0.4272863568215892,0.36437523699283547,0.46554319929572024,0.3308453042517357,0.46326836581709147,0.061700403690338135,0.0742066903039813,0.0,0.0736931161954999,0.6935370619175956,"[0.6491754055023193, 0.7166417241096497, 0.7271364331245422, 0.7106447219848633]",0.6987,0.4197901049475262,0.4287856071964018,0.4542728635682159,0.44677661169415295,0.46476761619190404,0.46476761619190404,0.41829085457271364
289,0.4032983508245877,0.33175081056044464,0.43649330561406896,0.2962323993935447,0.4197901049475262,0.06113444268703461,0.07415669225156307,0.0,0.07368292286992073,0.7126901430310681,"[0.6491754055023193, 0.7166417241096497, 0.7271364331245422, 0.7106447219848633]",0.7645,0.43928035982008995,0.44377811094452774,0.43928035982008995,0.4272863568215892,0.4587706146926537,0.4587706146926537,0.43778110944527737
290,0.3778110944527736,0.31121788810478856,0.3800395494025504,0.17616813153377084,0.3808095952023988,0.06080801784992218,0.07418070826679468,0.0,0.07366679701954126,0.705325984978117,"[0.6491754055023193, 0.7166417241096497, 0.7271364331245422, 0.7106447219848633]",0.6736,0.44227886056971516,0.4362818590704648,0.431784107946027,0.4257871064467766,0.4737631184407796,0.4737631184407796,0.4407796101949025
291,0.424287856071964,0.3610617040649595,0.42986284035696115,0.2930344505163393,0.4257871064467766,0.0614541694521904,0.07415012083947659,0.0,0.07365264557301998,0.8224466450046748,"[0.6491754055023193, 0.7166417241096497, 0.7271364331245422, 0.7106447219848633]",0.7257,0.46026986506746626,0.4527736131934033,0.44677661169415295,0.45577211394302847,0.48575712143928035,0.48575712143928035,0.4587706146926537
292,0.41829085457271364,0.34767726161369195,0.4164839268910346,0.2444062952001682,0.4257871064467766,0.06064552068710327,0.07416045479476452,0.0,0.07364306226372719,0.7689484229777008,"[0.6491754055023193, 0.7166417241096497, 0.7271364331245422, 0.7106447219848633]",0.733,0.44377811094452774,0.44677661169415295,0.4512743628185907,0.4452773613193403,0.4767616191904048,0.4767616191904048,0.44677661169415295
293,0.4122938530734633,0.3466356473695653,0.4276205098594773,0.26559392544594734,0.4272863568215892,0.061207473278045654,0.07412403915077448,0.0,0.07363133504986763,0.9646042910171673,"[0.6491754055023193, 0.7166417241096497, 0.7271364331245422, 0.7106447219848633]",1.1147,0.40929535232383807,0.4062968515742129,0.4272863568215892,0.4332833583208396,0.46026986506746626,0.46026986506746626,0.41379310344827586
294,0.4077961019490255,0.3391534019935888,0.4295082441196055,0.2534649720008582,0.4302848575712144,0.06156857684254646,0.07407717779278755,0.0,0.07361995708197355,1.0390867110108957,"[0.6491754055023193, 0.7166417241096497, 0.7271364331245422, 0.7106447219848633]",1.0697,0.37181409295352325,0.3793103448275862,0.3793103448275862,0.383808095952024,0.4032983508245877,0.4032983508245877,0.37181409295352325
295,0.4047976011994003,0.34105834193925666,0.4256002604319932,0.2498973841613293,0.42128935532233885,0.06202497333288193,0.07402571383863688,0.0,0.07361160591244698,1.1673390170326456,"[0.6491754055023193, 0.7166417241096497, 0.7271364331245422, 0.7106447219848633]",0.8019,0.44227886056971516,0.43928035982008995,0.4407796101949025,0.4497751124437781,0.4782608695652174,0.4782608695652174,0.4362818590704648
296,0.41379310344827586,0.3517430804986267,0.42822269091293713,0.29459454787635886,0.42128935532233885,0.062425971031188965,0.07395750377327204,0.0,0.07360471412539482,0.8274665080243722,"[0.6491754055023193, 0.7166417241096497, 0.7271364331245422, 0.7106447219848633]",0.771,0.4032983508245877,0.4002998500749625,0.41529235382308843,0.43778110944527737,0.46926536731634183,0.46926536731634183,0.4032983508245877
297,0.40929535232383807,0.3381986678250797,0.42572126204244615,0.29456402302820067,0.424287856071964,0.06075732409954071,0.07399493921548128,0.0,0.07359084766358137,0.6880504590226337,"[0.6491754055023193, 0.7166417241096497, 0.7271364331245422, 0.7106447219848633]",0.6811,0.4002998500749625,0.4047976011994003,0.41379310344827586,0.43778110944527737,0.47226386806596704,0.47226386806596704,0.4017991004497751
298,0.38830584707646176,0.31664812661806907,0.3985230084744283,0.23682456877260982,0.4002998500749625,0.062484368681907654,0.07396435923874378,0.0,0.07358293049037457,0.6871999109862372,"[0.6491754055023193, 0.7166417241096497, 0.7271364331245422, 0.7106447219848633]",0.7164,0.4062968515742129,0.4002998500749625,0.41829085457271364,0.4332833583208396,0.4662668665667166,0.4662668665667166,0.4077961019490255
299,0.39580209895052476,0.3201984770277002,0.40360975189787474,0.2424152479383527,0.40929535232383807,0.06193356588482857,0.07398040406405926,0.0,0.07356806844472885,0.7279801509575918,"[0.6491754055023193, 0.7166417241096497, 0.7271364331245422, 0.7106447219848633]",0.7354,0.3748125937031484,0.37181409295352325,0.383808095952024,0.3853073463268366,0.4197901049475262,0.4197901049475262,0.37181409295352325
300,0.4032983508245877,0.3349983466768204,0.41331926660940665,0.27543258500374784,0.41379310344827586,0.061659086495637894,0.07401468977332115,0.0,0.07356114592403173,0.7541862899670377,"[0.6491754055023193, 0.7166417241096497, 0.7271364331245422, 0.7106447219848633]",,,,,,,,
