round,ACC,Kappa,NMI,ARI,PURITY,alignment_loss,mean_reconstruction_loss,mean_consensus_loss,mean_local_total_loss,round_seconds,observed_rates,completion_eval_seconds,C025_ACC,C050_ACC,C075_ACC,C100_ACC,D0_ACC,E0_ACC,G0_ACC
1,0.5174520069808028,0.3916076262888082,0.34268357470558153,0.29552047967635886,0.5924956369982548,0.19721971452236176,0.27199648320674896,0.0,0.2557055428624153,1.3201400350080803,"[0.7041884660720825, 0.7678883075714111]",0.3516,0.4825479930191972,0.4869109947643979,0.493891797556719,0.5052356020942408,0.5052356020942408,0.5052356020942408,0.4607329842931937
2,0.5165794066317626,0.40292404370454094,0.3449661549069572,0.3001375051474791,0.6151832460732984,0.13922709226608276,0.2515658140182495,0.0,0.23809342831373215,0.29622160794679075,"[0.7041884660720825, 0.7678883075714111]",0.3228,0.525305410122164,0.5287958115183246,0.5287958115183246,0.5191972076788831,0.5532286212914486,0.5532286212914486,0.4930191972076789
3,0.5427574171029669,0.42205993597948877,0.34023821439876856,0.3114472280049094,0.6239092495636999,0.12982654571533203,0.2347739115357399,0.0,0.22390686720609665,0.31163330597337335,"[0.7041884660720825, 0.7678883075714111]",0.3166,0.49825479930191974,0.518324607329843,0.5305410122164049,0.512216404886562,0.5270506108202443,0.5270506108202443,0.47469458987783597
4,0.5785340314136126,0.4715021454310053,0.36667189822786217,0.33557181593039076,0.6413612565445026,0.12896254658699036,0.22116068750619888,0.0,0.21241212636232376,0.2953961320454255,"[0.7041884660720825, 0.7678883075714111]",0.3266,0.5034904013961605,0.506108202443281,0.5226876090750436,0.5453752181500873,0.5610820244328097,0.5610820244328097,0.4930191972076789
5,0.5244328097731239,0.39894912089921375,0.3587290276681144,0.27952634603641013,0.6108202443280978,0.12868651747703552,0.21007263660430908,0.0,0.20275014638900757,0.3070051920367405,"[0.7041884660720825, 0.7678883075714111]",0.3535,0.5034904013961605,0.4851657940663176,0.5,0.5052356020942408,0.5226876090750436,0.5226876090750436,0.48778359511343805
6,0.5366492146596858,0.42266509554792764,0.3344995478808182,0.3072986343356725,0.6212914485165794,0.1290247142314911,0.20060128718614578,0.0,0.1942419856786728,0.32094660704024136,"[0.7041884660720825, 0.7678883075714111]",0.3476,0.4869109947643979,0.5052356020942408,0.5087260034904014,0.5392670157068062,0.5296684118673648,0.5296684118673648,0.47294938917975565
7,0.4895287958115183,0.3726582648046324,0.3051095730831666,0.2627219600156628,0.6020942408376964,0.13528814911842346,0.1921255737543106,0.0,0.18637796491384506,0.31903498200699687,"[0.7041884660720825, 0.7678883075714111]",0.3196,0.4886561954624782,0.5078534031413613,0.5270506108202443,0.537521815008726,0.5305410122164049,0.5305410122164049,0.4668411867364747
8,0.5095986038394416,0.3846950473861205,0.32781529712058194,0.26098875251813386,0.5977312390924956,0.13017745316028595,0.18427066877484322,0.0,0.17900847643613815,0.29821546003222466,"[0.7041884660720825, 0.7678883075714111]",0.4227,0.4869109947643979,0.49040139616055844,0.49476439790575916,0.512216404886562,0.518324607329843,0.518324607329843,0.48778359511343805
9,0.48080279232111695,0.3588603214960019,0.2795925392269469,0.2381258379149289,0.5785340314136126,0.1269487887620926,0.17689304426312447,0.0,0.17202743515372276,0.423781757010147,"[0.7041884660720825, 0.7678883075714111]",0.5035,0.44851657940663175,0.4581151832460733,0.4424083769633508,0.4738219895287958,0.4598603839441536,0.4598603839441536,0.44589877835951136
10,0.5165794066317626,0.3735319714949371,0.2624059099281322,0.24369621049451812,0.5724258289703316,0.12102054804563522,0.16988427191972733,0.0,0.16533882915973663,0.5042917029932141,"[0.7041884660720825, 0.7678883075714111]",0.3289,0.4162303664921466,0.45200698080279234,0.4912739965095986,0.5130890052356021,0.506108202443281,0.506108202443281,0.4118673647469459
11,0.5244328097731239,0.388400795920126,0.30009075477792657,0.2572763229989422,0.5881326352530541,0.11768224835395813,0.16317390277981758,0.0,0.15891693159937859,0.3133246520301327,"[0.7041884660720825, 0.7678883075714111]",0.3095,0.4214659685863874,0.4537521815008726,0.49476439790575916,0.49912739965095987,0.5069808027923212,0.5069808027923212,0.418848167539267
12,0.4973821989528796,0.3636561698058277,0.28736984955063277,0.2395074332451837,0.581151832460733,0.11589537560939789,0.15676621347665787,0.0,0.15277769416570663,0.30171877704560757,"[0.7041884660720825, 0.7678883075714111]",0.3995,0.45462478184991273,0.4581151832460733,0.5095986038394416,0.518324607329843,0.5139616055846422,0.5139616055846422,0.45549738219895286
13,0.4694589877835951,0.3408958476801647,0.2677302661166558,0.20490724741285396,0.555846422338569,0.114940345287323,0.15065157413482666,0.0,0.14694973081350327,0.5198382680537179,"[0.7041884660720825, 0.7678883075714111]",0.5482,0.46596858638743455,0.4738219895287958,0.5139616055846422,0.5296684118673648,0.525305410122164,0.525305410122164,0.46596858638743455
14,0.49912739965095987,0.36399445408083353,0.26960413696973023,0.23630603055972252,0.575043630017452,0.11500124633312225,0.1448746658861637,0.0,0.14144740626215935,0.32215756503865123,"[0.7041884660720825, 0.7678883075714111]",0.3858,0.45287958115183247,0.4650959860383944,0.49825479930191974,0.4965095986038394,0.506108202443281,0.506108202443281,0.4493891797556719
15,0.5,0.35779419933809553,0.26048104608483164,0.23151312411029945,0.5732984293193717,0.11301933228969574,0.13944238051772118,0.0,0.13625386357307434,0.33347832795698196,"[0.7041884660720825, 0.7678883075714111]",0.3768,0.424956369982548,0.44851657940663175,0.48429319371727747,0.47731239092495636,0.493891797556719,0.493891797556719,0.42670157068062825
16,0.5043630017452007,0.364886330373695,0.28034063656886565,0.2484983826855493,0.5846422338568935,0.11827250570058823,0.1342773176729679,0.0,0.13126666098833084,0.39329333091154695,"[0.7041884660720825, 0.7678883075714111]",0.3359,0.41361256544502617,0.42670157068062825,0.4406631762652705,0.4668411867364747,0.47033158813263526,0.47033158813263526,0.4118673647469459
17,0.5104712041884817,0.37222464168608205,0.2873828123084065,0.253425067163305,0.5890052356020943,0.12002085149288177,0.12934914976358414,0.0,0.1265108771622181,0.3343423350015655,"[0.7041884660720825, 0.7678883075714111]",0.3643,0.4755671902268761,0.4755671902268761,0.5052356020942408,0.5174520069808028,0.518324607329843,0.518324607329843,0.47469458987783597
18,0.49040139616055844,0.366521216480989,0.27732697696012504,0.2187118805819092,0.5645724258289704,0.1239238977432251,0.12462830170989037,0.0,0.12196029350161552,0.3469828390516341,"[0.7041884660720825, 0.7678883075714111]",0.3984,0.45898778359511344,0.4668411867364747,0.5069808027923212,0.5157068062827225,0.5139616055846422,0.5139616055846422,0.45462478184991273
19,0.5200698080279232,0.38523271034053597,0.28399591592162954,0.2542205332873101,0.5846422338568935,0.12707944214344025,0.12012003734707832,0.0,0.11757943034172058,0.33711528894491494,"[0.7041884660720825, 0.7678883075714111]",0.4415,0.4781849912739965,0.493891797556719,0.5139616055846422,0.5191972076788831,0.5244328097731239,0.5244328097731239,0.46335078534031415
20,0.5026178010471204,0.363745100636625,0.27661227172532343,0.22363681406762526,0.5610820244328097,0.12875625491142273,0.11581479758024216,0.0,0.11336568370461464,0.3387851760489866,"[0.7041884660720825, 0.7678883075714111]",0.4116,0.41710296684118675,0.4511343804537522,0.5043630017452007,0.5139616055846422,0.5148342059336823,0.5148342059336823,0.40226876090750435
21,0.5043630017452007,0.3684161501531106,0.28784673419800777,0.21986997649436554,0.5584642233856894,0.12646618485450745,0.11168329045176506,0.0,0.10932524874806404,0.36637047899421304,"[0.7041884660720825, 0.7678883075714111]",0.3394,0.4712041884816754,0.4825479930191972,0.5052356020942408,0.5104712041884817,0.5034904013961605,0.5034904013961605,0.468586387434555
22,0.5,0.3676556406182292,0.285656352714861,0.21615107143675774,0.5549738219895288,0.12598919868469238,0.10774074122309685,0.0,0.10548299178481102,0.3526756550418213,"[0.7041884660720825, 0.7678883075714111]",0.3428,0.4738219895287958,0.4860383944153578,0.5017452006980803,0.5052356020942408,0.5008726003490401,0.5008726003490401,0.4720767888307155
23,0.4956369982547993,0.3567649663616165,0.2894472055354482,0.2149899637549878,0.5698080279232112,0.1343921571969986,0.10398256033658981,0.0,0.10182873159646988,0.32975056394934654,"[0.7041884660720825, 0.7678883075714111]",0.5372,0.46335078534031415,0.47469458987783597,0.4886561954624782,0.5017452006980803,0.4956369982547993,0.4956369982547993,0.4607329842931937
24,0.5034904013961605,0.3703491268930834,0.2791458195977427,0.24080579285868728,0.5663176265270506,0.12849049270153046,0.10041895136237144,0.0,0.09838435053825378,0.5233648240100592,"[0.7041884660720825, 0.7678883075714111]",0.558,0.41710296684118675,0.44415357766143104,0.49214659685863876,0.5008726003490401,0.5078534031413613,0.5078534031413613,0.41535776614310643
25,0.5017452006980803,0.37104866552352533,0.287634067305061,0.23872468665495203,0.5680628272251309,0.12556937336921692,0.09705542773008347,0.0,0.09512529149651527,0.4862148379907012,"[0.7041884660720825, 0.7678883075714111]",0.332,0.4048865619546248,0.41012216404886565,0.4511343804537522,0.4781849912739965,0.4738219895287958,0.4738219895287958,0.4005235602094241
26,0.5034904013961605,0.37487633159238887,0.2877615907791238,0.2422836943204553,0.5776614310645725,0.1255498230457306,0.09388049691915512,0.0,0.09206288680434227,0.42947184992954135,"[0.7041884660720825, 0.7678883075714111]",0.433,0.43455497382198954,0.44415357766143104,0.4668411867364747,0.4895287958115183,0.4781849912739965,0.4781849912739965,0.4336823734729494
27,0.4738219895287958,0.3460946681731212,0.2225869630520246,0.20775911348224133,0.5514834205933682,0.14930737018585205,0.09089334681630135,0.0,0.08918800577521324,0.5285199140198529,"[0.7041884660720825, 0.7678883075714111]",0.5395,0.42408376963350786,0.42757417102966844,0.4598603839441536,0.45462478184991273,0.4537521815008726,0.4537521815008726,0.4223385689354276
28,0.4607329842931937,0.34376667852695253,0.23674850146872248,0.19887498559293662,0.5602094240837696,0.14664189517498016,0.08809898793697357,0.0,0.08651009574532509,0.45070394000504166,"[0.7041884660720825, 0.7678883075714111]",0.5509,0.393542757417103,0.4083769633507853,0.47469458987783597,0.48080279232111695,0.4799301919720768,0.4799301919720768,0.3900523560209424
29,0.4581151832460733,0.3277125642609776,0.22702063859427962,0.18640158277345928,0.5349040139616056,0.13898417353630066,0.08549437671899796,0.0,0.08402350544929504,0.4396008320618421,"[0.7041884660720825, 0.7678883075714111]",0.3523,0.36649214659685864,0.3717277486910995,0.42408376963350786,0.4537521815008726,0.45462478184991273,0.45462478184991273,0.36300174520069806
30,0.46335078534031415,0.33004243378276654,0.2196804939709078,0.18857551647648033,0.5357766143106457,0.13396865129470825,0.0830865241587162,0.0,0.08173161000013351,0.37477086996659636,"[0.7041884660720825, 0.7678883075714111]",0.4599,0.387434554973822,0.4005235602094241,0.450261780104712,0.4668411867364747,0.4668411867364747,0.4668411867364747,0.3856893542757417
31,0.46335078534031415,0.33491428690060754,0.22164996929572903,0.20528802573364643,0.5514834205933682,0.14053313434123993,0.08086308464407921,0.0,0.07961155846714973,0.35880148399155587,"[0.7041884660720825, 0.7678883075714111]",0.3252,0.3900523560209424,0.4031413612565445,0.4493891797556719,0.44502617801047123,0.4493891797556719,0.4493891797556719,0.38394415357766143
32,0.46596858638743455,0.3293041652162937,0.2096630378796316,0.20426486546817035,0.5392670157068062,0.13644811511039734,0.0788162536919117,0.0,0.07765762880444527,0.2943575599929318,"[0.7041884660720825, 0.7678883075714111]",0.324,0.36300174520069806,0.37085514834205935,0.43804537521815007,0.43019197207678883,0.4406631762652705,0.4406631762652705,0.3621291448516579
33,0.45898778359511344,0.3261010184551123,0.21174078964884252,0.1925409567234176,0.525305410122164,0.12984193861484528,0.07693279907107353,0.0,0.07587023451924324,0.32017736602574587,"[0.7041884660720825, 0.7678883075714111]",0.3682,0.3621291448516579,0.36387434554973824,0.4467713787085515,0.43804537521815007,0.4397905759162304,0.4397905759162304,0.3612565445026178
34,0.45462478184991273,0.32112350860431527,0.21029622353241703,0.19004627355531248,0.5226876090750436,0.12749376893043518,0.07520585507154465,0.0,0.07423890754580498,0.3440749840810895,"[0.7041884660720825, 0.7678883075714111]",0.332,0.3472949389179756,0.35602094240837695,0.4179755671902269,0.4406631762652705,0.4363001745200698,0.4363001745200698,0.3472949389179756
35,0.4363001745200698,0.29607548935150585,0.20212544345246725,0.1540514718631086,0.5087260034904014,0.12375064194202423,0.07362811267375946,0.0,0.07275136932730675,0.32385508297011256,"[0.7041884660720825, 0.7678883075714111]",0.4057,0.34554973821989526,0.3568935427574171,0.41710296684118675,0.4354275741710297,0.43106457242582896,0.43106457242582896,0.34642233856893545
36,0.456369982547993,0.3182609858105915,0.2036495902881532,0.17024698566804083,0.5165794066317626,0.12702670693397522,0.07219067215919495,0.0,0.07139337807893753,0.36457006202545017,"[0.7041884660720825, 0.7678883075714111]",0.3454,0.3542757417102967,0.37085514834205935,0.4363001745200698,0.42757417102966844,0.4354275741710297,0.4354275741710297,0.3542757417102967
37,0.4467713787085515,0.3130081070194647,0.21403277119139827,0.17837262894311862,0.5235602094240838,0.12769636511802673,0.07088673859834671,0.0,0.07016278058290482,0.3143952789250761,"[0.7041884660720825, 0.7678883075714111]",0.3453,0.45898778359511344,0.4677137870855148,0.4738219895287958,0.4650959860383944,0.4677137870855148,0.4677137870855148,0.45287958115183247
38,0.45287958115183247,0.2906651661434577,0.211928819950555,0.17150412905820792,0.5174520069808028,0.13543105125427246,0.06970283761620522,0.0,0.06905178725719452,0.4152966430410743,"[0.7041884660720825, 0.7678883075714111]",0.5795,0.3726003490401396,0.393542757417103,0.45549738219895286,0.450261780104712,0.4511343804537522,0.4511343804537522,0.3726003490401396
39,0.462478184991274,0.3318657022955239,0.21980366630834236,0.19149683244830346,0.5314136125654451,0.1287042796611786,0.06863108649849892,0.0,0.0680491216480732,0.45581048796884716,"[0.7041884660720825, 0.7678883075714111]",0.457,0.3795811518324607,0.4075043630017452,0.456369982547993,0.44851657940663175,0.45200698080279234,0.45200698080279234,0.3787085514834206
40,0.43717277486910994,0.27308720357334626,0.21649245082910382,0.1729640486846606,0.5200698080279232,0.13107426464557648,0.06766802445054054,0.0,0.06714614108204842,0.4212862200802192,"[0.7041884660720825, 0.7678883075714111]",0.3355,0.3682373472949389,0.3830715532286213,0.45549738219895286,0.4389179755671902,0.44589877835951136,0.44589877835951136,0.36736474694589877
41,0.4493891797556719,0.28578031941687165,0.20979130780455296,0.1700056468255922,0.5157068062827225,0.1344272345304489,0.0668037123978138,0.0,0.06634145602583885,0.29319364891853184,"[0.7041884660720825, 0.7678883075714111]",0.3467,0.3787085514834206,0.3944153577661431,0.45287958115183247,0.45200698080279234,0.4493891797556719,0.4493891797556719,0.37347294938917974
42,0.46596858638743455,0.33698862196878887,0.21206929843199684,0.19354924382309469,0.5366492146596858,0.13712704181671143,0.06602708250284195,0.0,0.06562405452132225,0.30734044197015464,"[0.7041884660720825, 0.7678883075714111]",0.3452,0.424956369982548,0.44589877835951136,0.4598603839441536,0.43455497382198954,0.45549738219895286,0.45549738219895286,0.4162303664921466
43,0.4860383944153578,0.3407411892939324,0.22709020014297812,0.20412673083622745,0.5445026178010471,0.1361609399318695,0.06532494723796844,0.0,0.06498842500150204,0.42924392805434763,"[0.7041884660720825, 0.7678883075714111]",0.4078,0.343804537521815,0.3551483420593368,0.4083769633507853,0.41273996509598604,0.4205933682373473,0.4205933682373473,0.3472949389179756
44,0.4511343804537522,0.2913407656461984,0.22363919139438118,0.17809905916157814,0.5296684118673648,0.13245591521263123,0.06469971872866154,0.0,0.06442468799650669,0.3515263790031895,"[0.7041884660720825, 0.7678883075714111]",0.3214,0.39528795811518325,0.4075043630017452,0.456369982547993,0.45898778359511344,0.45462478184991273,0.45462478184991273,0.393542757417103
45,0.48080279232111695,0.33965973403163263,0.22946881468240257,0.21783795407341341,0.5541012216404887,0.12869121134281158,0.06413643062114716,0.0,0.06392250396311283,0.3257514639990404,"[0.7041884660720825, 0.7678883075714111]",0.3562,0.37521815008726006,0.387434554973822,0.45462478184991273,0.44502617801047123,0.45287958115183247,0.45287958115183247,0.3726003490401396
46,0.4720767888307155,0.3258115582384927,0.22574101165363136,0.21427702274075128,0.5523560209424084,0.12819541990756989,0.0636281855404377,0.0,0.06347433105111122,0.31492022902239114,"[0.7041884660720825, 0.7678883075714111]",0.3599,0.37347294938917974,0.4040139616055846,0.44589877835951136,0.4677137870855148,0.4668411867364747,0.4668411867364747,0.37085514834205935
47,0.44153577661431065,0.3197942615060161,0.21492477765446913,0.19553487893644378,0.5418848167539267,0.1264224648475647,0.0631718710064888,0.0,0.06307322718203068,0.3368310370715335,"[0.7041884660720825, 0.7678883075714111]",0.3424,0.39965095986038396,0.4397905759162304,0.456369982547993,0.4720767888307155,0.47643979057591623,0.47643979057591623,0.3970331588132635
48,0.4598603839441536,0.32650061807748476,0.2151621384689233,0.19139569949449217,0.537521815008726,0.13461293280124664,0.06276531331241131,0.0,0.06271827407181263,0.31048466602806,"[0.7041884660720825, 0.7678883075714111]",0.3377,0.43019197207678883,0.44502617801047123,0.4406631762652705,0.4537521815008726,0.4607329842931937,0.4607329842931937,0.4179755671902269
49,0.493891797556719,0.34401443270887655,0.2597339447702142,0.22872711241505086,0.5715532286212914,0.12823821604251862,0.06239485554397106,0.0,0.06240602023899555,0.3375889949966222,"[0.7041884660720825, 0.7678883075714111]",0.3928,0.40226876090750435,0.44589877835951136,0.46160558464223383,0.4642233856893543,0.47731239092495636,0.47731239092495636,0.4013961605584642
50,0.4965095986038394,0.34621377807483467,0.26252140791173945,0.2284590023703647,0.5732984293193717,0.12217772006988525,0.062061483040452003,0.0,0.06212454475462437,0.3523249899735674,"[0.7041884660720825, 0.7678883075714111]",0.3566,0.4258289703315881,0.4572425828970332,0.462478184991274,0.4860383944153578,0.493891797556719,0.493891797556719,0.4144851657940663
51,0.4607329842931937,0.3185908993821185,0.2367499576945987,0.20886795522227253,0.543630017452007,0.127873957157135,0.06175774335861206,0.0,0.061871301382780075,0.3884992169914767,"[0.7041884660720825, 0.7678883075714111]",0.3822,0.35951134380453753,0.36300174520069806,0.42844677137870857,0.4319371727748691,0.4319371727748691,0.4319371727748691,0.35951134380453753
52,0.493891797556719,0.35808115828937526,0.2693227600300342,0.24203424839803778,0.5759162303664922,0.13755445182323456,0.061480388045310974,0.0,0.06164547801017761,0.33588496199809015,"[0.7041884660720825, 0.7678883075714111]",0.4331,0.38132635253054104,0.387434554973822,0.45549738219895286,0.45200698080279234,0.4467713787085515,0.4467713787085515,0.38132635253054104
53,0.4930191972076789,0.3324704646257248,0.28213715878802437,0.21091571457867117,0.5680628272251309,0.12020477652549744,0.06122909113764763,0.0,0.06144095957279205,0.4321909999707714,"[0.7041884660720825, 0.7678883075714111]",0.5473,0.42408376963350786,0.43804537521815007,0.4607329842931937,0.4869109947643979,0.48429319371727747,0.48429319371727747,0.39790575916230364
54,0.48778359511343805,0.353019362234986,0.24859802250727342,0.20840765667828293,0.5602094240837696,0.1347917914390564,0.06099964678287506,0.0,0.06125494837760925,0.394655745010823,"[0.7041884660720825, 0.7678883075714111]",0.4686,0.4258289703315881,0.4432809773123909,0.46335078534031415,0.48429319371727747,0.48429319371727747,0.48429319371727747,0.4005235602094241
55,0.4869109947643979,0.35197451935282853,0.24913717066006216,0.20811853556113535,0.5610820244328097,0.13707420229911804,0.06078708544373512,0.0,0.06108870171010494,0.31914764700923115,"[0.7041884660720825, 0.7678883075714111]",0.3241,0.4205933682373473,0.41972076788830714,0.4642233856893543,0.4712041884816754,0.49214659685863876,0.49214659685863876,0.42757417102966844
56,0.5,0.3721466557284884,0.261429297514546,0.21311106074793443,0.5619546247818499,0.13108515739440918,0.06058773957192898,0.0,0.060937944799661636,0.2888406530255452,"[0.7041884660720825, 0.7678883075714111]",0.446,0.44415357766143104,0.43455497382198954,0.4397905759162304,0.4816753926701571,0.4895287958115183,0.4895287958115183,0.4319371727748691
57,0.4965095986038394,0.3683254235733774,0.25162393395630417,0.2094720796977949,0.555846422338569,0.12625433504581451,0.06040201336145401,0.0,0.0607924610376358,0.3008712410228327,"[0.7041884660720825, 0.7678883075714111]",0.358,0.45549738219895286,0.46596858638743455,0.5043630017452007,0.5043630017452007,0.5026178010471204,0.5026178010471204,0.4432809773123909
58,0.4895287958115183,0.3512579833559125,0.2537869604965394,0.22616926966231005,0.5645724258289704,0.11783787608146667,0.06022552587091923,0.0,0.060654837638139725,0.36960988107603043,"[0.7041884660720825, 0.7678883075714111]",0.4175,0.3987783595113438,0.42844677137870857,0.45287958115183247,0.4467713787085515,0.44502617801047123,0.44502617801047123,0.3987783595113438
59,0.5052356020942408,0.3475455465587044,0.24378603101155105,0.21057379355236722,0.5471204188481675,0.11710112541913986,0.060056231915950775,0.0,0.06052391789853573,0.43381664191838354,"[0.7041884660720825, 0.7678883075714111]",0.6018,0.42757417102966844,0.43106457242582896,0.44153577661431065,0.43455497382198954,0.43019197207678883,0.43019197207678883,0.39528795811518325
60,0.4642233856893543,0.2903452240476838,0.23043743343520165,0.1817460950074524,0.5322862129144852,0.10984079539775848,0.059893619269132614,0.0,0.060398396104574203,0.4372897349530831,"[0.7041884660720825, 0.7678883075714111]",0.5853,0.4397905759162304,0.4511343804537522,0.45287958115183247,0.45898778359511344,0.45549738219895286,0.45549738219895286,0.4075043630017452
61,0.5034904013961605,0.3505446041560428,0.2438966343820604,0.22177826326906813,0.5462478184991274,0.11697408556938171,0.05973622761666775,0.0,0.060278238728642464,0.37452894705347717,"[0.7041884660720825, 0.7678883075714111]",0.364,0.4432809773123909,0.45287958115183247,0.4493891797556719,0.4581151832460733,0.45462478184991273,0.45462478184991273,0.4118673647469459
62,0.493891797556719,0.3513203326742568,0.2777881647120872,0.23703496509147712,0.5479930191972077,0.11916103959083557,0.05958501063287258,0.0,0.06016556918621063,0.3843852470163256,"[0.7041884660720825, 0.7678883075714111]",0.3563,0.4406631762652705,0.44851657940663175,0.45287958115183247,0.46160558464223383,0.4598603839441536,0.4598603839441536,0.4083769633507853
63,0.4607329842931937,0.3296850155220715,0.24942139242145822,0.16171537360667032,0.512216404886562,0.12312629818916321,0.059439897537231445,0.0,0.06006018444895744,0.34148608602117747,"[0.7041884660720825, 0.7678883075714111]",0.3797,0.4397905759162304,0.4493891797556719,0.45549738219895286,0.462478184991274,0.456369982547993,0.456369982547993,0.40663176265270506
64,0.5043630017452007,0.35786032361105913,0.2606088593655964,0.22534798405045348,0.5645724258289704,0.10823110491037369,0.059302451089024544,0.0,0.059966325759887695,0.4739369929302484,"[0.7041884660720825, 0.7678883075714111]",0.5681,0.418848167539267,0.45462478184991273,0.45549738219895286,0.47469458987783597,0.4642233856893543,0.4642233856893543,0.40924956369982546
65,0.48778359511343805,0.33422999726844094,0.24028631723626345,0.2082620368005182,0.5663176265270506,0.11838198453187943,0.05918031744658947,0.0,0.05988869071006775,0.4996748910052702,"[0.7041884660720825, 0.7678883075714111]",0.5881,0.4258289703315881,0.4363001745200698,0.45200698080279234,0.468586387434555,0.4677137870855148,0.4677137870855148,0.39179755671902267
66,0.4467713787085515,0.31240216907833096,0.25743956946063234,0.18401779608249047,0.5279232111692844,0.11238543689250946,0.05907411314547062,0.0,0.05980973318219185,0.5058835040545091,"[0.7041884660720825, 0.7678883075714111]",0.5628,0.4205933682373473,0.4363001745200698,0.4511343804537522,0.4677137870855148,0.4668411867364747,0.4668411867364747,0.39092495636998253
67,0.5139616055846422,0.3638168477578382,0.2869150652154743,0.23813322688705313,0.5532286212914486,0.11853301525115967,0.058982547372579575,0.0,0.05973169021308422,0.6812025419203565,"[0.7041884660720825, 0.7678883075714111]",0.5267,0.3944153577661431,0.4293193717277487,0.43717277486910994,0.456369982547993,0.4493891797556719,0.4493891797556719,0.38481675392670156
68,0.5034904013961605,0.37572616253020497,0.30143975939922885,0.24239175837907548,0.543630017452007,0.11606058478355408,0.05889316648244858,0.0,0.05965249799191952,0.4541623479453847,"[0.7041884660720825, 0.7678883075714111]",0.549,0.44153577661431065,0.456369982547993,0.462478184991274,0.47731239092495636,0.4799301919720768,0.4799301919720768,0.43106457242582896
69,0.5087260034904014,0.36461488767475114,0.2867498243327533,0.24073186943228703,0.5453752181500873,0.11495557427406311,0.05880803056061268,0.0,0.05957663804292679,0.44592847011517733,"[0.7041884660720825, 0.7678883075714111]",0.5468,0.45200698080279234,0.4720767888307155,0.4720767888307155,0.4930191972076789,0.49912739965095987,0.49912739965095987,0.4432809773123909
70,0.4738219895287958,0.3116068066488552,0.2594250106690373,0.2075287156318551,0.5366492146596858,0.10625611245632172,0.05872516706585884,0.0,0.05950271897017956,0.5036556500708684,"[0.7041884660720825, 0.7678883075714111]",0.7753,0.4493891797556719,0.4694589877835951,0.468586387434555,0.49214659685863876,0.4956369982547993,0.4956369982547993,0.4397905759162304
71,0.47294938917975565,0.3112021303273109,0.2606057362350035,0.20968720712901823,0.5383944153577661,0.10337011516094208,0.05864211730659008,0.0,0.05942981317639351,0.4696559249423444,"[0.7041884660720825, 0.7678883075714111]",0.382,0.4650959860383944,0.4755671902268761,0.5034904013961605,0.506108202443281,0.49476439790575916,0.49476439790575916,0.4467713787085515
72,0.5069808027923212,0.35891317520604216,0.28248724277302684,0.2391584720328351,0.5471204188481675,0.1120927631855011,0.058562664315104485,0.0,0.0593577716499567,0.30846002500038594,"[0.7041884660720825, 0.7678883075714111]",0.3382,0.46335078534031415,0.47469458987783597,0.5017452006980803,0.5034904013961605,0.493891797556719,0.493891797556719,0.44502617801047123
73,0.4598603839441536,0.30371340287947723,0.27513445798168945,0.21938062361841965,0.5523560209424084,0.12097033113241196,0.058487387374043465,0.0,0.05928592197597027,0.334093768033199,"[0.7041884660720825, 0.7678883075714111]",0.3394,0.39965095986038396,0.4223385689354276,0.43019197207678883,0.456369982547993,0.462478184991274,0.462478184991274,0.37521815008726006
74,0.4397905759162304,0.2994563095702846,0.2527485157708223,0.1880641804361494,0.5287958115183246,0.11545561999082565,0.05841444991528988,0.0,0.05921314284205437,0.31396566901821643,"[0.7041884660720825, 0.7678883075714111]",0.3102,0.3944153577661431,0.41361256544502617,0.45898778359511344,0.4738219895287958,0.4755671902268761,0.4755671902268761,0.3970331588132635
75,0.44415357766143104,0.2939609648528929,0.21205546142523993,0.18270985871638062,0.5139616055846422,0.11763858795166016,0.05834602937102318,0.0,0.05914577096700668,0.3182577119441703,"[0.7041884660720825, 0.7678883075714111]",0.3109,0.4013961605584642,0.4205933682373473,0.4581151832460733,0.4694589877835951,0.468586387434555,0.468586387434555,0.4013961605584642
76,0.4424083769633508,0.2926130929956242,0.2117151270478764,0.18175627455880916,0.5130890052356021,0.1159125417470932,0.058282213285565376,0.0,0.05908103473484516,0.3062978519592434,"[0.7041884660720825, 0.7678883075714111]",0.4325,0.4223385689354276,0.43804537521815007,0.4598603839441536,0.47731239092495636,0.47469458987783597,0.47469458987783597,0.393542757417103
77,0.48429319371727747,0.3530087197083751,0.2655622399336022,0.22464863931925147,0.5610820244328097,0.11808004975318909,0.058221518993377686,0.0,0.05902480334043503,0.4531544630881399,"[0.7041884660720825, 0.7678883075714111]",0.5338,0.4048865619546248,0.4205933682373473,0.45287958115183247,0.45898778359511344,0.4581151832460733,0.4581151832460733,0.4040139616055846
78,0.456369982547993,0.31647002056454854,0.25232165140209784,0.20579458236564982,0.5104712041884817,0.11066662520170212,0.058163318783044815,0.0,0.058966003358364105,0.3506510849110782,"[0.7041884660720825, 0.7678883075714111]",0.411,0.40575916230366493,0.4144851657940663,0.44415357766143104,0.46335078534031415,0.4572425828970332,0.4572425828970332,0.4048865619546248
79,0.4869109947643979,0.35672309178596384,0.2678324297470658,0.22889429740248957,0.56282722513089,0.12166202068328857,0.0581082534044981,0.0,0.05890990048646927,0.3492330510634929,"[0.7041884660720825, 0.7678883075714111]",0.3919,0.47469458987783597,0.4869109947643979,0.5095986038394416,0.5113438045375218,0.5078534031413613,0.5078534031413613,0.42757417102966844
80,0.45549738219895286,0.29219488633214297,0.27596764169919885,0.21435001121978645,0.537521815008726,0.10729843378067017,0.05805614031851292,0.0,0.05885733664035797,0.397326018079184,"[0.7041884660720825, 0.7678883075714111]",0.3505,0.4712041884816754,0.48080279232111695,0.49214659685863876,0.5069808027923212,0.5026178010471204,0.5026178010471204,0.42757417102966844
81,0.4607329842931937,0.2997547953332015,0.28018078918995737,0.2185691862132484,0.5392670157068062,0.10450680553913116,0.05800499580800533,0.0,0.058805156499147415,0.33062618505209684,"[0.7041884660720825, 0.7678883075714111]",0.3838,0.4258289703315881,0.42757417102966844,0.45549738219895286,0.49040139616055844,0.4860383944153578,0.4860383944153578,0.387434554973822
82,0.49214659685863876,0.3412856431771314,0.2767657243680339,0.23773337282640608,0.5366492146596858,0.10651819407939911,0.057955311611294746,0.0,0.058755459263920784,0.34043071104679257,"[0.7041884660720825, 0.7678883075714111]",0.4087,0.45549738219895286,0.4694589877835951,0.4825479930191972,0.5165794066317626,0.5,0.5,0.45287958115183247
83,0.4650959860383944,0.299183958499601,0.2450852437432061,0.20226497263562013,0.5287958115183246,0.11222267150878906,0.057907769456505775,0.0,0.058707986027002335,0.5068203170085326,"[0.7041884660720825, 0.7678883075714111]",0.3462,0.4572425828970332,0.46335078534031415,0.47294938917975565,0.4799301919720768,0.4755671902268761,0.4755671902268761,0.43106457242582896
84,0.468586387434555,0.3052236101764433,0.2482914236757832,0.21027994099341946,0.5340314136125655,0.10944923013448715,0.05786248855292797,0.0,0.05866490490734577,0.31453192804474384,"[0.7041884660720825, 0.7678883075714111]",0.3416,0.45549738219895286,0.4598603839441536,0.46335078534031415,0.5008726003490401,0.4965095986038394,0.4965095986038394,0.4040139616055846
85,0.4397905759162304,0.30618680558044087,0.27895479428432574,0.1863050877650185,0.5069808027923212,0.11120779812335968,0.05781841091811657,0.0,0.05861479416489601,0.35998593200929463,"[0.7041884660720825, 0.7678883075714111]",0.3664,0.43019197207678883,0.44415357766143104,0.4668411867364747,0.48342059336823734,0.4799301919720768,0.4799301919720768,0.40226876090750435
86,0.4598603839441536,0.3289382570296624,0.3013109386028871,0.23463563942255308,0.5401396160558464,0.1139456182718277,0.057775579392910004,0.0,0.05856619030237198,0.4100733461091295,"[0.7041884660720825, 0.7678883075714111]",0.3361,0.4363001745200698,0.44415357766143104,0.46335078534031415,0.4677137870855148,0.45287958115183247,0.45287958115183247,0.4040139616055846
87,0.4851657940663176,0.3534450609031917,0.29854959384705365,0.24398408065983385,0.543630017452007,0.10958266258239746,0.05773434229195118,0.0,0.058522142469882965,0.4186882469803095,"[0.7041884660720825, 0.7678883075714111]",0.3125,0.40226876090750435,0.41012216404886565,0.4389179755671902,0.46596858638743455,0.456369982547993,0.456369982547993,0.3987783595113438
88,0.4956369982547993,0.33854333098996603,0.2751630596833845,0.22852697710004288,0.5392670157068062,0.10179471969604492,0.05769355781376362,0.0,0.05847630836069584,0.32842712104320526,"[0.7041884660720825, 0.7678883075714111]",0.494,0.393542757417103,0.4048865619546248,0.4293193717277487,0.4598603839441536,0.4336823734729494,0.4336823734729494,0.393542757417103
89,0.5034904013961605,0.3423451408653835,0.2772830710438461,0.22787893288246405,0.5410122164048866,0.1028774306178093,0.05765408277511597,0.0,0.05843460001051426,0.3219105980824679,"[0.7041884660720825, 0.7678883075714111]",0.4099,0.46596858638743455,0.4799301919720768,0.4816753926701571,0.5,0.5165794066317626,0.5165794066317626,0.4467713787085515
90,0.46160558464223383,0.33722826698261055,0.31180576359452095,0.22515636731212327,0.5645724258289704,0.11736045777797699,0.05761532299220562,0.0,0.058390410616993904,0.45570138609036803,"[0.7041884660720825, 0.7678883075714111]",0.3938,0.4738219895287958,0.48778359511343805,0.49912739965095987,0.5200698080279232,0.5174520069808028,0.5174520069808028,0.44851657940663175
91,0.45549738219895286,0.31068466530173167,0.2823650346113295,0.24296660291876435,0.5506108202443281,0.11304366588592529,0.0575775820761919,0.0,0.05835048481822014,0.3452742110239342,"[0.7041884660720825, 0.7678883075714111]",0.347,0.4397905759162304,0.45462478184991273,0.47643979057591623,0.5026178010471204,0.5017452006980803,0.5017452006980803,0.39965095986038396
92,0.47294938917975565,0.3169713164739828,0.29226526775432593,0.24290992659427793,0.5541012216404887,0.10543905198574066,0.057540224865078926,0.0,0.058310629799962044,0.34383988194167614,"[0.7041884660720825, 0.7678883075714111]",0.3764,0.42844677137870857,0.4397905759162304,0.45200698080279234,0.4642233856893543,0.468586387434555,0.468586387434555,0.39965095986038396
93,0.468586387434555,0.3498281210698414,0.31441206970490004,0.23621777036712976,0.5645724258289704,0.11836373060941696,0.057504141703248024,0.0,0.058274706825613976,0.45447445299942046,"[0.7041884660720825, 0.7678883075714111]",0.3672,0.42844677137870857,0.43804537521815007,0.4476439790575916,0.46160558464223383,0.46596858638743455,0.46596858638743455,0.39965095986038396
94,0.4694589877835951,0.3511725617569058,0.311683781934904,0.2326900689548198,0.5610820244328097,0.11744813621044159,0.05746755190193653,0.0,0.058241017162799835,0.4071292469743639,"[0.7041884660720825, 0.7678883075714111]",0.4213,0.4397905759162304,0.44589877835951136,0.4493891797556719,0.4511343804537522,0.45549738219895286,0.45549738219895286,0.40924956369982546
95,0.5157068062827225,0.3673408081740487,0.30722954259111207,0.2558976822107649,0.5584642233856894,0.1200532540678978,0.05743219144642353,0.0,0.058208439499139786,0.34911410708446056,"[0.7041884660720825, 0.7678883075714111]",0.4021,0.44502617801047123,0.4537521815008726,0.4537521815008726,0.49214659685863876,0.493891797556719,0.493891797556719,0.4118673647469459
96,0.4851657940663176,0.3613222803252425,0.29625704634346817,0.24401421589729647,0.5619546247818499,0.12397423386573792,0.05739653669297695,0.0,0.05817298777401447,0.36139151197858155,"[0.7041884660720825, 0.7678883075714111]",0.4507,0.4406631762652705,0.44415357766143104,0.4389179755671902,0.44502617801047123,0.45898778359511344,0.45898778359511344,0.40226876090750435
97,0.49825479930191974,0.37302688291744446,0.30157036447491337,0.2596747716064771,0.5741710296684118,0.11999758332967758,0.05736191011965275,0.0,0.058139411732554436,0.32251632201950997,"[0.7041884660720825, 0.7678883075714111]",0.3274,0.4397905759162304,0.4467713787085515,0.4406631762652705,0.46596858638743455,0.48080279232111695,0.48080279232111695,0.39965095986038396
98,0.5034904013961605,0.37876769882417505,0.3052775141896225,0.26511767923689616,0.5794066317626527,0.11923043429851532,0.05732736736536026,0.0,0.05810570903122425,0.31148077303078026,"[0.7041884660720825, 0.7678883075714111]",0.4135,0.43717277486910994,0.4397905759162304,0.4511343804537522,0.47643979057591623,0.48778359511343805,0.48778359511343805,0.39965095986038396
99,0.5078534031413613,0.38344427337610676,0.3070419369918816,0.26934706358959243,0.5828970331588132,0.11880718916654587,0.05729329213500023,0.0,0.05807197839021683,0.4234202050138265,"[0.7041884660720825, 0.7678883075714111]",0.3349,0.44851657940663175,0.45200698080279234,0.45462478184991273,0.4607329842931937,0.468586387434555,0.468586387434555,0.4144851657940663
100,0.48080279232111695,0.3243018271111665,0.2971846495175922,0.24336888392867223,0.56282722513089,0.11477379500865936,0.05725931562483311,0.0,0.05803628824651241,0.34937833994627,"[0.7041884660720825, 0.7678883075714111]",0.3915,0.41273996509598604,0.4232111692844677,0.4720767888307155,0.47294938917975565,0.47033158813263526,0.47033158813263526,0.41273996509598604
101,0.4790575916230366,0.3233488280090989,0.29349899268431573,0.2582725218262021,0.5663176265270506,0.10674609243869781,0.057226045057177544,0.0,0.058002082630991936,0.3670104800257832,"[0.7041884660720825, 0.7678883075714111]",0.3341,0.4738219895287958,0.4650959860383944,0.4598603839441536,0.5008726003490401,0.49825479930191974,0.49825479930191974,0.4467713787085515
102,0.4799301919720768,0.35848610023161576,0.31444316154679025,0.26824652307843483,0.5776614310645725,0.10837221890687943,0.05719247832894325,0.0,0.05796660855412483,0.3259763029636815,"[0.7041884660720825, 0.7678883075714111]",0.3255,0.41361256544502617,0.4162303664921466,0.4650959860383944,0.4511343804537522,0.4581151832460733,0.4581151832460733,0.41273996509598604
103,0.48429319371727747,0.33274287459483964,0.3101616330978854,0.2603422660942893,0.5732984293193717,0.10776043683290482,0.0571592953056097,0.0,0.05793098732829094,0.3431130879325792,"[0.7041884660720825, 0.7678883075714111]",0.3363,0.4144851657940663,0.4162303664921466,0.4694589877835951,0.4642233856893543,0.462478184991274,0.462478184991274,0.4144851657940663
104,0.48342059336823734,0.3628310605206808,0.31557113135771153,0.27040914998219484,0.5785340314136126,0.10736694931983948,0.05712556838989258,0.0,0.05789489485323429,0.3461763219675049,"[0.7041884660720825, 0.7678883075714111]",0.3582,0.5017452006980803,0.5017452006980803,0.5104712041884817,0.5305410122164049,0.537521815008726,0.537521815008726,0.4851657940663176
105,0.5209424083769634,0.401307475639464,0.3487534171837325,0.2984497753147866,0.5863874345549738,0.11310314387083054,0.057092685252428055,0.0,0.0578607190400362,0.33257457707077265,"[0.7041884660720825, 0.7678883075714111]",0.3405,0.4895287958115183,0.4930191972076789,0.4956369982547993,0.5287958115183246,0.5340314136125655,0.5340314136125655,0.4869109947643979
106,0.525305410122164,0.40409603682724415,0.3455606298315343,0.3053020062017954,0.5837696335078534,0.11349084973335266,0.057059988379478455,0.0,0.05782589502632618,0.3315710260067135,"[0.7041884660720825, 0.7678883075714111]",0.3341,0.41972076788830714,0.4511343804537522,0.4720767888307155,0.4816753926701571,0.49040139616055844,0.49040139616055844,0.41535776614310643
107,0.5314136125654451,0.4129759181641105,0.3534647535271721,0.3083329305114996,0.5820244328097731,0.11037221550941467,0.05702785402536392,0.0,0.05779340676963329,0.34038767497986555,"[0.7041884660720825, 0.7678883075714111]",0.3597,0.4397905759162304,0.47469458987783597,0.47294938917975565,0.48342059336823734,0.48778359511343805,0.48778359511343805,0.4223385689354276
108,0.5331588132635253,0.40923053797590336,0.34383273260920244,0.3156064137018113,0.6012216404886562,0.11058713495731354,0.05699559487402439,0.0,0.0577594842761755,0.37697821599431336,"[0.7041884660720825, 0.7678883075714111]",0.3395,0.424956369982548,0.44589877835951136,0.45200698080279234,0.47294938917975565,0.493891797556719,0.493891797556719,0.3970331588132635
109,0.5226876090750436,0.3826720134246695,0.33232462382135963,0.29643688380654354,0.5907504363001745,0.1079748123884201,0.05696325562894344,0.0,0.05772869847714901,0.443396921036765,"[0.7041884660720825, 0.7678883075714111]",0.3858,0.4650959860383944,0.47469458987783597,0.5008726003490401,0.5017452006980803,0.512216404886562,0.512216404886562,0.4336823734729494
110,0.5226876090750436,0.3830122716052299,0.3334717961853553,0.296939352968796,0.5907504363001745,0.10775905102491379,0.056930696591734886,0.0,0.05769529566168785,0.3104785269824788,"[0.7041884660720825, 0.7678883075714111]",0.3202,0.49040139616055844,0.4720767888307155,0.5069808027923212,0.5165794066317626,0.525305410122164,0.525305410122164,0.43804537521815007
111,0.5287958115183246,0.3919098182332722,0.3367075279697105,0.3058408136056161,0.5959860383944153,0.10799822956323624,0.05689750798046589,0.0,0.05766443349421024,0.5323662250302732,"[0.7041884660720825, 0.7678883075714111]",0.3676,0.450261780104712,0.4825479930191972,0.48778359511343805,0.5017452006980803,0.5130890052356021,0.5130890052356021,0.43455497382198954
112,0.5314136125654451,0.40372529983198935,0.3426605138740496,0.31397060400963667,0.6020942408376964,0.1080561950802803,0.05686468817293644,0.0,0.057633889839053154,0.30899260798469186,"[0.7041884660720825, 0.7678883075714111]",0.329,0.4965095986038394,0.4930191972076789,0.5157068062827225,0.525305410122164,0.5322862129144852,0.5322862129144852,0.45549738219895286
113,0.4895287958115183,0.33693018287556753,0.30633680559869414,0.2672558689807208,0.5724258289703316,0.10826195776462555,0.056832386180758476,0.0,0.0576037485152483,0.3109990630764514,"[0.7041884660720825, 0.7678883075714111]",0.3209,0.456369982547993,0.462478184991274,0.4825479930191972,0.493891797556719,0.512216404886562,0.512216404886562,0.42757417102966844
114,0.5226876090750436,0.3815782204473347,0.32756011661905793,0.30022143953922775,0.5890052356020943,0.10317393392324448,0.0567996371537447,0.0,0.057573867961764336,0.3302710260031745,"[0.7041884660720825, 0.7678883075714111]",0.3568,0.468586387434555,0.4738219895287958,0.48778359511343805,0.4956369982547993,0.5095986038394416,0.5095986038394416,0.4363001745200698
115,0.5401396160558464,0.41409678808833617,0.35705355799280447,0.32618646649462046,0.6108202443280978,0.11184653639793396,0.056767456233501434,0.0,0.05754623003304005,0.355694098980166,"[0.7041884660720825, 0.7678883075714111]",0.3843,0.45549738219895286,0.4607329842931937,0.47643979057591623,0.49912739965095987,0.5244328097731239,0.5244328097731239,0.4293193717277487
116,0.5296684118673648,0.4008648115960023,0.33163863277993,0.3130362150699765,0.5959860383944153,0.10889491438865662,0.05673602782189846,0.0,0.057519130408763885,0.4303533349884674,"[0.7041884660720825, 0.7678883075714111]",0.5299,0.4965095986038394,0.4965095986038394,0.5191972076788831,0.5270506108202443,0.5392670157068062,0.5392670157068062,0.4572425828970332
117,0.5008726003490401,0.38734905977793566,0.36255451332764665,0.298679576203355,0.5951134380453752,0.10898962616920471,0.056704798713326454,0.0,0.05749310553073883,0.5339276290033013,"[0.7041884660720825, 0.7678883075714111]",0.4823,0.5087260034904014,0.5017452006980803,0.5305410122164049,0.5401396160558464,0.555846422338569,0.555846422338569,0.4598603839441536
118,0.5157068062827225,0.38927009696320236,0.3281985370245031,0.2988839890065964,0.5828970331588132,0.1092895120382309,0.05667371489107609,0.0,0.057460956275463104,0.4389131880598143,"[0.7041884660720825, 0.7678883075714111]",0.3564,0.41273996509598604,0.45287958115183247,0.4642233856893543,0.4790575916230366,0.48429319371727747,0.48429319371727747,0.4075043630017452
119,0.5410122164048866,0.4136054554121229,0.3556093837469933,0.3260307025935116,0.6108202443280978,0.11326120793819427,0.056643059477210045,0.0,0.05743289738893509,0.3240111271152273,"[0.7041884660720825, 0.7678883075714111]",0.3232,0.48778359511343805,0.5069808027923212,0.537521815008726,0.5410122164048866,0.5471204188481675,0.5471204188481675,0.45898778359511344
120,0.543630017452007,0.4173376081753437,0.35669833623831726,0.32784023501587356,0.6134380453752182,0.11427121609449387,0.056612780317664146,0.0,0.05740577541291714,0.31747288000769913,"[0.7041884660720825, 0.7678883075714111]",0.3318,0.4668411867364747,0.47643979057591623,0.47731239092495636,0.5139616055846422,0.5218150087260035,0.5218150087260035,0.45200698080279234
121,0.5008726003490401,0.35038777819840206,0.28368028841667675,0.26937571179732306,0.575043630017452,0.12356869876384735,0.05658268183469772,0.0,0.05737735889852047,0.3244599389145151,"[0.7041884660720825, 0.7678883075714111]",0.3326,0.4537521815008726,0.4860383944153578,0.5087260034904014,0.5095986038394416,0.5209424083769634,0.5209424083769634,0.43717277486910994
122,0.5008726003490401,0.3849531615925058,0.37366217390607626,0.31038829495529163,0.6020942408376964,0.11416122317314148,0.05655304901301861,0.0,0.05734877474606037,0.3820728659629822,"[0.7041884660720825, 0.7678883075714111]",0.3211,0.40663176265270506,0.4083769633507853,0.4598603839441536,0.47469458987783597,0.47643979057591623,0.47643979057591623,0.40663176265270506
123,0.4973821989528796,0.38095068395001075,0.37174774503949576,0.30924773754145013,0.6003490401396161,0.10686308890581131,0.05652356147766113,0.0,0.05732107348740101,0.3089545239927247,"[0.7041884660720825, 0.7678883075714111]",0.3919,0.4493891797556719,0.46596858638743455,0.48342059336823734,0.5095986038394416,0.5261780104712042,0.5261780104712042,0.43804537521815007
124,0.5401396160558464,0.4072037549985179,0.33192858589404495,0.31753980955516703,0.599476439790576,0.1124671995639801,0.05649392679333687,0.0,0.05729353055357933,0.330320184933953,"[0.7041884660720825, 0.7678883075714111]",0.4735,0.4642233856893543,0.4720767888307155,0.4790575916230366,0.5026178010471204,0.5200698080279232,0.5200698080279232,0.45200698080279234
125,0.5383944153577661,0.40517474832708644,0.3514613592174407,0.32659020868410715,0.6055846422338569,0.11079491674900055,0.05646448954939842,0.0,0.05726633593440056,0.4129151579691097,"[0.7041884660720825, 0.7678883075714111]",0.4852,0.47033158813263526,0.48342059336823734,0.5017452006980803,0.5139616055846422,0.5366492146596858,0.5366492146596858,0.44153577661431065
126,0.5296684118673648,0.4195325391962652,0.38813462853308206,0.3174121981609947,0.6029668411867365,0.11667820811271667,0.05643531493842602,0.0,0.05723472312092781,0.4174730080412701,"[0.7041884660720825, 0.7678883075714111]",0.4911,0.4738219895287958,0.4869109947643979,0.506108202443281,0.5174520069808028,0.5401396160558464,0.5401396160558464,0.44502617801047123
127,0.4965095986038394,0.34810230160874023,0.32054156263325406,0.2837311618869714,0.5802792321116929,0.11532659828662872,0.05640709586441517,0.0,0.057206178084015846,0.447984297061339,"[0.7041884660720825, 0.7678883075714111]",0.5036,0.47469458987783597,0.48778359511343805,0.5034904013961605,0.5200698080279232,0.5418848167539267,0.5418848167539267,0.4476439790575916
128,0.512216404886562,0.3960699208667141,0.3578580054821376,0.2964074175652916,0.5863874345549738,0.11147746443748474,0.05637861415743828,0.0,0.05717737413942814,0.4527181050507352,"[0.7041884660720825, 0.7678883075714111]",0.4997,0.47643979057591623,0.4895287958115183,0.5069808027923212,0.5209424083769634,0.5427574171029669,0.5427574171029669,0.450261780104712
129,0.5157068062827225,0.39342064103640073,0.33740939249058044,0.2964452441349078,0.581151832460733,0.11626662313938141,0.05635111220180988,0.0,0.05715121515095234,0.4778713600244373,"[0.7041884660720825, 0.7678883075714111]",0.5271,0.4738219895287958,0.4869109947643979,0.5043630017452007,0.5139616055846422,0.5392670157068062,0.5392670157068062,0.4476439790575916
130,0.49825479930191974,0.34792805487715583,0.31246504411234977,0.2809003512810748,0.5767888307155323,0.11929549276828766,0.05632384121417999,0.0,0.057124001905322075,0.49774016404990107,"[0.7041884660720825, 0.7678883075714111]",0.5496,0.4738219895287958,0.4869109947643979,0.512216404886562,0.5139616055846422,0.543630017452007,0.543630017452007,0.4467713787085515
131,0.5602094240837696,0.43813364929463205,0.3728960313019318,0.3592453307987779,0.6204188481675392,0.11437255144119263,0.05629618652164936,0.0,0.05709857866168022,0.42170420894399285,"[0.7041884660720825, 0.7678883075714111]",0.4784,0.41535776614310643,0.41972076788830714,0.4712041884816754,0.4790575916230366,0.5,0.5,0.41012216404886565
132,0.4755671902268761,0.35523835022439254,0.30343306525233393,0.24594090644542624,0.5663176265270506,0.1306748390197754,0.05626959726214409,0.0,0.057071465998888016,0.410856033093296,"[0.7041884660720825, 0.7678883075714111]",0.478,0.41012216404886565,0.4118673647469459,0.46335078534031415,0.4712041884816754,0.4755671902268761,0.4755671902268761,0.41012216404886565
133,0.4886561954624782,0.3655564121168148,0.36059677402729906,0.2823771028149989,0.5898778359511344,0.11933699250221252,0.05624307692050934,0.0,0.05704631470143795,0.4666901199379936,"[0.7041884660720825, 0.7678883075714111]",0.4468,0.4013961605584642,0.4013961605584642,0.42670157068062825,0.456369982547993,0.45462478184991273,0.45462478184991273,0.4005235602094241
134,0.49214659685863876,0.341615961399505,0.3058290032997992,0.27311072422503174,0.575043630017452,0.12004964053630829,0.05621612071990967,0.0,0.057019805535674095,0.4677407459821552,"[0.7041884660720825, 0.7678883075714111]",0.4935,0.4075043630017452,0.40924956369982546,0.47643979057591623,0.48778359511343805,0.49214659685863876,0.49214659685863876,0.4075043630017452
135,0.4930191972076789,0.3424161559019253,0.3121724434821683,0.27809144913608363,0.5776614310645725,0.12033884972333908,0.056190382689237595,0.0,0.056994590908288956,0.3705018929904327,"[0.7041884660720825, 0.7678883075714111]",0.3791,0.4005235602094241,0.4013961605584642,0.45898778359511344,0.47731239092495636,0.48429319371727747,0.48429319371727747,0.4005235602094241
136,0.5445026178010471,0.4193052381849137,0.3525708861218911,0.33978602908038,0.6160558464223386,0.11471118777990341,0.05616443790495396,0.0,0.05696966499090195,0.32447694696020335,"[0.7041884660720825, 0.7678883075714111]",0.4858,0.46335078534031415,0.493891797556719,0.48342059336823734,0.512216404886562,0.5261780104712042,0.5261780104712042,0.4424083769633508
137,0.5366492146596858,0.40269028188673095,0.344688231606886,0.3262461852108741,0.6055846422338569,0.11517779529094696,0.05613873526453972,0.0,0.056946009397506714,0.4174527298891917,"[0.7041884660720825, 0.7678883075714111]",0.4997,0.4040139616055846,0.4048865619546248,0.4607329842931937,0.48080279232111695,0.4930191972076789,0.4930191972076789,0.4040139616055846
138,0.5383944153577661,0.4103068916881474,0.3477184189963512,0.32953556433502157,0.612565445026178,0.11643357574939728,0.056113818660378456,0.0,0.05692119337618351,0.4130632100859657,"[0.7041884660720825, 0.7678883075714111]",0.5244,0.49214659685863876,0.5008726003490401,0.5104712041884817,0.5366492146596858,0.555846422338569,0.555846422338569,0.4650959860383944
139,0.5401396160558464,0.4072502998384504,0.3473643426537193,0.33030035977079314,0.6090750436300174,0.11571402847766876,0.05608917027711868,0.0,0.056897616013884544,0.39183170697651803,"[0.7041884660720825, 0.7678883075714111]",0.3634,0.4956369982547993,0.5043630017452007,0.5191972076788831,0.5392670157068062,0.5645724258289704,0.5645724258289704,0.46596858638743455
140,0.5488656195462478,0.4194483366812014,0.3568154453198211,0.3417749359454201,0.6134380453752182,0.1153036430478096,0.056064995005726814,0.0,0.05687438137829304,0.3284569300012663,"[0.7041884660720825, 0.7678883075714111]",0.3458,0.4179755671902269,0.4205933682373473,0.4712041884816754,0.4799301919720768,0.49912739965095987,0.49912739965095987,0.4144851657940663
141,0.5514834205933682,0.4241160989077599,0.36271954784617644,0.3478938602700999,0.6178010471204188,0.11427351832389832,0.05604115128517151,0.0,0.05685213580727577,0.5442226490704343,"[0.7041884660720825, 0.7678883075714111]",0.4068,0.41710296684118675,0.4214659685863874,0.4694589877835951,0.4781849912739965,0.49825479930191974,0.49825479930191974,0.41361256544502617
142,0.5514834205933682,0.42409470343581535,0.36358404945498907,0.34826121697715173,0.6169284467713787,0.11470627039670944,0.05601778067648411,0.0,0.05682903341948986,0.3898760670563206,"[0.7041884660720825, 0.7678883075714111]",0.3383,0.41535776614310643,0.4293193717277487,0.48778359511343805,0.4930191972076789,0.5191972076788831,0.5191972076788831,0.4205933682373473
143,0.5488656195462478,0.41464527908189885,0.3461999151666423,0.3330424077504721,0.5986038394415357,0.11692776530981064,0.05599438026547432,0.0,0.0568067766726017,0.3370537890587002,"[0.7041884660720825, 0.7678883075714111]",0.3796,0.4031413612565445,0.4031413612565445,0.4607329842931937,0.4799301919720768,0.4912739965095986,0.4912739965095986,0.4031413612565445
144,0.5453752181500873,0.4096323117904257,0.3442315639127652,0.3303432782911685,0.5959860383944153,0.11727680265903473,0.05597070790827274,0.0,0.0567813366651535,0.3115949110360816,"[0.7041884660720825, 0.7678883075714111]",0.347,0.42844677137870857,0.4389179755671902,0.49476439790575916,0.49825479930191974,0.5244328097731239,0.5244328097731239,0.4293193717277487
145,0.5453752181500873,0.40915442224262966,0.34598592211865076,0.3330458765152647,0.5968586387434555,0.11712134629487991,0.055948058143258095,0.0,0.056757720187306404,0.46804432198405266,"[0.7041884660720825, 0.7678883075714111]",0.4472,0.40924956369982546,0.4118673647469459,0.46160558464223383,0.48080279232111695,0.5113438045375218,0.5113438045375218,0.40924956369982546
146,0.5523560209424084,0.43013812824116715,0.3660913558570669,0.35459359282822067,0.6212914485165794,0.1196272075176239,0.05592549405992031,0.0,0.056733377277851105,0.4326482070609927,"[0.7041884660720825, 0.7678883075714111]",0.5219,0.4083769633507853,0.41012216404886565,0.46160558464223383,0.4799301919720768,0.5087260034904014,0.5087260034904014,0.4083769633507853
147,0.5488656195462478,0.42579049487217757,0.36262256086278777,0.3503386174783793,0.618673647469459,0.11630801856517792,0.05590339004993439,0.0,0.0567094124853611,0.4418942560441792,"[0.7041884660720825, 0.7678883075714111]",0.4921,0.44502617801047123,0.45898778359511344,0.4930191972076789,0.5,0.5244328097731239,0.5244328097731239,0.41710296684118675
148,0.5026178010471204,0.3563079300198463,0.3178096718950353,0.2876761202319539,0.581151832460733,0.12215475738048553,0.055881816893815994,0.0,0.05668598599731922,0.3530436170985922,"[0.7041884660720825, 0.7678883075714111]",0.3934,0.44589877835951136,0.4598603839441536,0.4956369982547993,0.49825479930191974,0.5261780104712042,0.5261780104712042,0.4179755671902269
149,0.5602094240837696,0.43083172215619847,0.35547248813866883,0.34609420799948176,0.6073298429319371,0.11857125163078308,0.055860914289951324,0.0,0.056662792339921,0.40991449099965394,"[0.7041884660720825, 0.7678883075714111]",0.4636,0.4467713787085515,0.46160558464223383,0.49214659685863876,0.4956369982547993,0.5261780104712042,0.5261780104712042,0.41972076788830714
150,0.5602094240837696,0.4304343452870488,0.3564151756632723,0.34782403995611466,0.6082024432809773,0.11905217170715332,0.05584010295569897,0.0,0.056640105322003365,0.44256138300988823,"[0.7041884660720825, 0.7678883075714111]",0.4133,0.49214659685863876,0.512216404886562,0.5349040139616056,0.5506108202443281,0.5445026178010471,0.5445026178010471,0.46335078534031415
151,0.5113438045375218,0.36671587473257916,0.3477522623074716,0.31028008242169347,0.5951134380453752,0.12035556137561798,0.05581960454583168,0.0,0.056618014350533485,0.4603073310572654,"[0.7041884660720825, 0.7678883075714111]",0.502,0.4354275741710297,0.43019197207678883,0.4851657940663176,0.4973821989528796,0.5174520069808028,0.5174520069808028,0.4336823734729494
152,0.5113438045375218,0.3675172568761408,0.34602967895197567,0.31002217089822803,0.5951134380453752,0.11929053068161011,0.05579918809235096,0.0,0.056596821174025536,0.3014572859974578,"[0.7041884660720825, 0.7678883075714111]",0.3464,0.4328097731239092,0.42844677137870857,0.48429319371727747,0.49476439790575916,0.5165794066317626,0.5165794066317626,0.4328097731239092
153,0.512216404886562,0.36898251392818027,0.34594657929991085,0.3100640482593057,0.5951134380453752,0.11930595338344574,0.05577925592660904,0.0,0.056575287133455276,0.33085987297818065,"[0.7041884660720825, 0.7678883075714111]",0.4516,0.4319371727748691,0.42757417102966844,0.4825479930191972,0.493891797556719,0.5174520069808028,0.5174520069808028,0.4319371727748691
154,0.5890052356020943,0.47463427453499574,0.39800765675828675,0.39049525952263986,0.6396160558464223,0.11897691339254379,0.05576002970337868,0.0,0.056553058326244354,0.5118159840349108,"[0.7041884660720825, 0.7678883075714111]",0.359,0.4083769633507853,0.41012216404886565,0.4668411867364747,0.4799301919720768,0.4912739965095986,0.4912739965095986,0.4083769633507853
155,0.5130890052356021,0.37190306687725416,0.3431936283409088,0.30673681642180917,0.5933682373472949,0.12219517678022385,0.055740971118211746,0.0,0.056531909853219986,0.4081072669941932,"[0.7041884660720825, 0.7678883075714111]",0.3572,0.4354275741710297,0.43019197207678883,0.48429319371727747,0.4973821989528796,0.5226876090750436,0.5226876090750436,0.43455497382198954
156,0.5113438045375218,0.36985607314759716,0.3415902719480809,0.3043547319471033,0.5924956369982548,0.11849246919155121,0.05572207644581795,0.0,0.056509723886847496,0.44395522796548903,"[0.7041884660720825, 0.7678883075714111]",0.356,0.4476439790575916,0.45898778359511344,0.49214659685863876,0.49825479930191974,0.5296684118673648,0.5296684118673648,0.4223385689354276
157,0.5104712041884817,0.3684815408552973,0.34181571376329756,0.30375810927450164,0.5924956369982548,0.11876307427883148,0.05570355802774429,0.0,0.056489406153559685,0.36627956200391054,"[0.7041884660720825, 0.7678883075714111]",0.3539,0.4965095986038394,0.5139616055846422,0.5418848167539267,0.5584642233856894,0.5593368237347295,0.5593368237347295,0.46596858638743455
158,0.5261780104712042,0.383914887550344,0.35301417958904047,0.3168271343311549,0.5959860383944153,0.11704188585281372,0.05568481422960758,0.0,0.056468572467565536,0.43656825204379857,"[0.7041884660720825, 0.7678883075714111]",0.4308,0.4965095986038394,0.5139616055846422,0.5427574171029669,0.5593368237347295,0.5602094240837696,0.5602094240837696,0.4650959860383944
159,0.5244328097731239,0.38164569744924026,0.3528709328898841,0.3159751292943159,0.5959860383944153,0.1173022985458374,0.05566667765378952,0.0,0.05644823610782623,0.33254593901801854,"[0.7041884660720825, 0.7678883075714111]",0.3686,0.49040139616055844,0.5026178010471204,0.5078534031413613,0.5462478184991274,0.537521815008726,0.537521815008726,0.462478184991274
160,0.5846422338568935,0.4614034221621034,0.38351041825587195,0.38178989665899105,0.6195462478184991,0.12165917456150055,0.05564882420003414,0.0,0.05643005669116974,0.41089296201243997,"[0.7041884660720825, 0.7678883075714111]",0.3969,0.49912739965095987,0.5174520069808028,0.5392670157068062,0.5602094240837696,0.5506108202443281,0.5506108202443281,0.4720767888307155
161,0.5226876090750436,0.37946497511374044,0.35010408511455826,0.30886266255076605,0.5924956369982548,0.1300620287656784,0.05563146248459816,0.0,0.05641396716237068,0.34706874599214643,"[0.7041884660720825, 0.7678883075714111]",0.3736,0.49912739965095987,0.5165794066317626,0.5401396160558464,0.5593368237347295,0.5593368237347295,0.5593368237347295,0.4712041884816754
162,0.5244328097731239,0.3822022984048856,0.3504982549550259,0.30796070514497476,0.5951134380453752,0.1275089681148529,0.0556141622364521,0.0,0.056393397971987724,0.3174672640161589,"[0.7041884660720825, 0.7678883075714111]",0.3562,0.4118673647469459,0.4179755671902269,0.4755671902268761,0.49214659685863876,0.5244328097731239,0.5244328097731239,0.4118673647469459
163,0.5488656195462478,0.4414025229574039,0.3881182589199845,0.3336409980328602,0.6151832460732984,0.12051539123058319,0.055596766993403435,0.0,0.05637247860431671,0.34746351500507444,"[0.7041884660720825, 0.7678883075714111]",0.3874,0.41273996509598604,0.44153577661431065,0.48429319371727747,0.493891797556719,0.5244328097731239,0.5244328097731239,0.4109947643979058
164,0.5523560209424084,0.4444736324876781,0.39317564942807504,0.3426117156381179,0.6195462478184991,0.11817110329866409,0.05557994171977043,0.0,0.05635140277445316,0.3382369119208306,"[0.7041884660720825, 0.7678883075714111]",0.6235,0.41273996509598604,0.4406631762652705,0.48429319371727747,0.49476439790575916,0.525305410122164,0.525305410122164,0.4109947643979058
165,0.5541012216404887,0.4464260056113074,0.39429014944648505,0.34485049159162573,0.6212914485165794,0.1180085688829422,0.05556340701878071,0.0,0.05633069388568401,0.5005378070054576,"[0.7041884660720825, 0.7678883075714111]",0.6308,0.4336823734729494,0.4424083769633508,0.4956369982547993,0.5026178010471204,0.5305410122164049,0.5305410122164049,0.4336823734729494
166,0.5541012216404887,0.4465641207868991,0.393500680868978,0.34351504443142933,0.6212914485165794,0.11801621317863464,0.05554708279669285,0.0,0.05631035752594471,0.34488109906669706,"[0.7041884660720825, 0.7678883075714111]",0.5075,0.4336823734729494,0.4432809773123909,0.49476439790575916,0.5034904013961605,0.5349040139616056,0.5349040139616056,0.4336823734729494
167,0.5610820244328097,0.43191959886154885,0.3561652499307776,0.35157436484529103,0.6038394415357766,0.12305112183094025,0.05553115904331207,0.0,0.05629049614071846,0.3053519510431215,"[0.7041884660720825, 0.7678883075714111]",0.3343,0.4319371727748691,0.44589877835951136,0.4956369982547993,0.5017452006980803,0.5314136125654451,0.5314136125654451,0.4319371727748691
168,0.5680628272251309,0.437941407271776,0.37632100051905826,0.36045047241003336,0.6055846422338569,0.12278918921947479,0.05551545321941376,0.0,0.05627080425620079,0.4019954780815169,"[0.7041884660720825, 0.7678883075714111]",0.3864,0.4668411867364747,0.4790575916230366,0.4965095986038394,0.5191972076788831,0.5331588132635253,0.5331588132635253,0.4406631762652705
169,0.5488656195462478,0.4173358902492993,0.3595362025018785,0.34126159266033507,0.6108202443280978,0.127334326505661,0.05550012178719044,0.0,0.05625101551413536,0.49540719005744904,"[0.7041884660720825, 0.7678883075714111]",0.4431,0.4642233856893543,0.4781849912739965,0.4973821989528796,0.5130890052356021,0.5366492146596858,0.5366492146596858,0.4397905759162304
170,0.5541012216404887,0.42690691443032813,0.36257235696348306,0.34869477053277326,0.618673647469459,0.12360772490501404,0.055484991520643234,0.0,0.05623171105980873,0.46923768206033856,"[0.7041884660720825, 0.7678883075714111]",0.515,0.4406631762652705,0.4598603839441536,0.4816753926701571,0.49912739965095987,0.5191972076788831,0.5191972076788831,0.42844677137870857
171,0.555846422338569,0.43015931319872913,0.3651827655080692,0.3517440732176123,0.6212914485165794,0.12299041450023651,0.05547009967267513,0.0,0.056212468072772026,0.48083546000998467,"[0.7041884660720825, 0.7678883075714111]",0.5858,0.44153577661431065,0.46160558464223383,0.48342059336823734,0.4965095986038394,0.5218150087260035,0.5218150087260035,0.43019197207678883
172,0.5671902268760908,0.439950026504082,0.3624964531112544,0.3576362253253915,0.6090750436300174,0.1252199113368988,0.05545525252819061,0.0,0.05619441717863083,0.4531307489378378,"[0.7041884660720825, 0.7678883075714111]",0.5278,0.4109947643979058,0.418848167539267,0.4720767888307155,0.48342059336823734,0.5148342059336823,0.5148342059336823,0.4118673647469459
173,0.5593368237347295,0.4277954210187027,0.3558048431871536,0.34848996627139184,0.5968586387434555,0.12431930005550385,0.055440500378608704,0.0,0.05617733858525753,0.46212793607264757,"[0.7041884660720825, 0.7678883075714111]",0.398,0.41535776614310643,0.4319371727748691,0.4886561954624782,0.49825479930191974,0.5305410122164049,0.5305410122164049,0.4144851657940663
174,0.5584642233856894,0.4249110404988874,0.3522882429053205,0.33863834324014674,0.5959860383944153,0.12374336272478104,0.05542585998773575,0.0,0.05616085231304169,0.30245900293812156,"[0.7041884660720825, 0.7678883075714111]",0.3452,0.42670157068062825,0.4336823734729494,0.4799301919720768,0.4965095986038394,0.5209424083769634,0.5209424083769634,0.42670157068062825
175,0.5680628272251309,0.4350710655045492,0.37997853276308247,0.3558207208232447,0.6047120418848168,0.12328477948904037,0.05541176721453667,0.0,0.05614410154521465,0.3058614629553631,"[0.7041884660720825, 0.7678883075714111]",0.3528,0.44589877835951136,0.4432809773123909,0.4965095986038394,0.5174520069808028,0.5340314136125655,0.5340314136125655,0.44851657940663175
176,0.5610820244328097,0.4257052679400478,0.3557076206138886,0.33508661877453394,0.5977312390924956,0.12353760749101639,0.05539770610630512,0.0,0.05612824857234955,0.2881111520109698,"[0.7041884660720825, 0.7678883075714111]",0.3499,0.4432809773123909,0.4424083769633508,0.4965095986038394,0.5113438045375218,0.5331588132635253,0.5331588132635253,0.4467713787085515
177,0.5663176265270506,0.43103995972261344,0.3615613085959796,0.34025516773908515,0.6029668411867365,0.12472616136074066,0.05538416467607021,0.0,0.05611198581755161,0.28933730290737003,"[0.7041884660720825, 0.7678883075714111]",0.3447,0.4432809773123909,0.4424083769633508,0.4973821989528796,0.5113438045375218,0.5322862129144852,0.5322862129144852,0.4467713787085515
178,0.5663176265270506,0.4309274024339069,0.3619537221714427,0.33993835788941323,0.6029668411867365,0.12478931248188019,0.05537078157067299,0.0,0.056096190586686134,0.4007077569840476,"[0.7041884660720825, 0.7678883075714111]",0.348,0.44502617801047123,0.4424083769633508,0.49825479930191974,0.5087260034904014,0.5314136125654451,0.5314136125654451,0.44589877835951136
179,0.5767888307155323,0.44456103322980256,0.3888989442252084,0.36416944389177736,0.6116928446771379,0.12412029504776001,0.055357806384563446,0.0,0.056080495938658714,0.2963793419767171,"[0.7041884660720825, 0.7678883075714111]",0.3403,0.44502617801047123,0.44415357766143104,0.4973821989528796,0.5157068062827225,0.537521815008726,0.537521815008726,0.44851657940663175
180,0.5724258289703316,0.4617315003153655,0.4077212532326793,0.37620136287505435,0.6108202443280978,0.12337027490139008,0.055344874039292336,0.0,0.05606524460017681,0.31327890302054584,"[0.7041884660720825, 0.7678883075714111]",0.4564,0.4467713787085515,0.44502617801047123,0.49476439790575916,0.518324607329843,0.537521815008726,0.537521815008726,0.44851657940663175
181,0.568935427574171,0.4363459321254265,0.38014324494993434,0.35777569855718905,0.6047120418848168,0.122512087225914,0.05533217452466488,0.0,0.056050414219498634,0.42472723801620305,"[0.7041884660720825, 0.7678883075714111]",0.3522,0.44589877835951136,0.44415357766143104,0.4930191972076789,0.5191972076788831,0.5366492146596858,0.5366492146596858,0.44851657940663175
182,0.56282722513089,0.42807421589389993,0.3614836441546341,0.34152072460443494,0.599476439790576,0.12507644295692444,0.05531960912048817,0.0,0.0560357253998518,0.3237046899739653,"[0.7041884660720825, 0.7678883075714111]",0.3485,0.44589877835951136,0.44502617801047123,0.4956369982547993,0.518324607329843,0.537521815008726,0.537521815008726,0.44851657940663175
183,0.5680628272251309,0.4335423003413106,0.3660033056790043,0.3450736736307995,0.6047120418848168,0.1263698935508728,0.055307501927018166,0.0,0.056021058931946754,0.3048038760898635,"[0.7041884660720825, 0.7678883075714111]",0.3428,0.44589877835951136,0.44502617801047123,0.4956369982547993,0.5148342059336823,0.5366492146596858,0.5366492146596858,0.44851657940663175
184,0.5680628272251309,0.43343028017370544,0.36639332859465595,0.34474655717061203,0.6047120418848168,0.12640519440174103,0.0552955511957407,0.0,0.05600699037313461,0.315760817960836,"[0.7041884660720825, 0.7678883075714111]",0.3559,0.5113438045375218,0.5017452006980803,0.5296684118673648,0.5506108202443281,0.5663176265270506,0.5663176265270506,0.46335078534031415
185,0.5680628272251309,0.43343028017370544,0.36639332859465595,0.34474655717061203,0.6047120418848168,0.12650024890899658,0.05528396554291248,0.0,0.05599290132522583,0.3148060099920258,"[0.7041884660720825, 0.7678883075714111]",0.3878,0.41361256544502617,0.42408376963350786,0.44415357766143104,0.45462478184991273,0.44502617801047123,0.44502617801047123,0.41361256544502617
186,0.5645724258289704,0.4521022799130805,0.3954448635601947,0.3659900492578959,0.6038394415357766,0.12725771963596344,0.055272625759243965,0.0,0.055979061871767044,0.32659605995286256,"[0.7041884660720825, 0.7678883075714111]",0.3689,0.512216404886562,0.5008726003490401,0.5287958115183246,0.5471204188481675,0.5575916230366492,0.5575916230366492,0.46160558464223383
187,0.5663176265270506,0.4541884440457914,0.3978946241322638,0.3692115004254761,0.606457242582897,0.12544772028923035,0.055261410772800446,0.0,0.05596530809998512,0.29841710499022156,"[0.7041884660720825, 0.7678883075714111]",0.3702,0.4214659685863874,0.43019197207678883,0.45200698080279234,0.462478184991274,0.45898778359511344,0.45898778359511344,0.4214659685863874
188,0.5671902268760908,0.45542442933267424,0.39782920443145664,0.36891325432004357,0.6090750436300174,0.12512189149856567,0.05525023862719536,0.0,0.05595190078020096,0.3086955910548568,"[0.7041884660720825, 0.7678883075714111]",0.3614,0.5008726003490401,0.5069808027923212,0.506108202443281,0.5427574171029669,0.5401396160558464,0.5401396160558464,0.4650959860383944
189,0.5680628272251309,0.4563817431203211,0.39950804045497795,0.3713798592268777,0.6090750436300174,0.1250458061695099,0.05523918941617012,0.0,0.05593874864280224,0.3037049729609862,"[0.7041884660720825, 0.7678883075714111]",0.3641,0.5,0.5069808027923212,0.5052356020942408,0.5418848167539267,0.5383944153577661,0.5383944153577661,0.4642233856893543
190,0.568935427574171,0.4572615158069119,0.4002122996518056,0.3733606428261744,0.6116928446771379,0.1251024603843689,0.05522838421165943,0.0,0.05592571012675762,0.3159579529892653,"[0.7041884660720825, 0.7678883075714111]",0.3588,0.44415357766143104,0.4572425828970332,0.5017452006980803,0.5218150087260035,0.5314136125654451,0.5314136125654451,0.4424083769633508
191,0.5261780104712042,0.38403441531188376,0.3540985886045669,0.3247258911821933,0.5968586387434555,0.13143636286258698,0.05521793104708195,0.0,0.05591239593923092,0.3075330799911171,"[0.7041884660720825, 0.7678883075714111]",0.3648,0.493891797556719,0.5026178010471204,0.5017452006980803,0.5392670157068062,0.5340314136125655,0.5340314136125655,0.46160558464223383
192,0.5209424083769634,0.37804205344167974,0.34615310780678177,0.318059523576859,0.5951134380453752,0.13142484426498413,0.0552077554166317,0.0,0.05589907430112362,0.2980422149412334,"[0.7041884660720825, 0.7678883075714111]",0.358,0.5270506108202443,0.5113438045375218,0.5418848167539267,0.5532286212914486,0.568935427574171,0.568935427574171,0.4816753926701571
193,0.5349040139616056,0.39758924450370625,0.3689482641810103,0.3327830312092497,0.6038394415357766,0.1269526481628418,0.055197734385728836,0.0,0.0558857936412096,0.30109230999369174,"[0.7041884660720825, 0.7678883075714111]",0.3531,0.5279232111692844,0.518324607329843,0.5453752181500873,0.5593368237347295,0.5724258289703316,0.5724258289703316,0.4895287958115183
194,0.5724258289703316,0.46141761283528326,0.4034545788690498,0.37687226106865584,0.6151832460732984,0.12486260384321213,0.055187907069921494,0.0,0.05587298795580864,0.3032626810017973,"[0.7041884660720825, 0.7678883075714111]",0.3558,0.5148342059336823,0.5174520069808028,0.5462478184991274,0.575043630017452,0.5715532286212914,0.5715532286212914,0.49040139616055844
195,0.5383944153577661,0.40046757346382134,0.3739571139464334,0.3373897036223387,0.6073298429319371,0.12726636230945587,0.05517824925482273,0.0,0.055860819295048714,0.29772664699703455,"[0.7041884660720825, 0.7678883075714111]",0.3409,0.4973821989528796,0.5113438045375218,0.5130890052356021,0.5488656195462478,0.5593368237347295,0.5593368237347295,0.4694589877835951
196,0.5218150087260035,0.379815013420711,0.3526791219517135,0.32245841824441757,0.6003490401396161,0.12918470799922943,0.05516873113811016,0.0,0.05584878847002983,0.29825591400731355,"[0.7041884660720825, 0.7678883075714111]",0.3708,0.5261780104712042,0.5157068062827225,0.5349040139616056,0.5541012216404887,0.5610820244328097,0.5610820244328097,0.49476439790575916
197,0.5715532286212914,0.46071363536165766,0.40250154785157216,0.3738102536158204,0.6143106457242583,0.12744370102882385,0.05515959858894348,0.0,0.055836623534560204,0.32740218099206686,"[0.7041884660720825, 0.7678883075714111]",0.4184,0.5052356020942408,0.5052356020942408,0.5095986038394416,0.5610820244328097,0.5575916230366492,0.5575916230366492,0.4738219895287958
198,0.581151832460733,0.47600050296635843,0.38232429701284837,0.34710566303803914,0.6169284467713787,0.12976279854774475,0.05515051633119583,0.0,0.055824968963861465,0.3198212670395151,"[0.7041884660720825, 0.7678883075714111]",0.3572,0.4642233856893543,0.48778359511343805,0.512216404886562,0.5418848167539267,0.5418848167539267,0.5418848167539267,0.45898778359511344
199,0.581151832460733,0.4761352403046736,0.38201108493862057,0.3475042852084174,0.6178010471204188,0.12643909454345703,0.05514157563447952,0.0,0.05581355094909668,0.35810196900274605,"[0.7041884660720825, 0.7678883075714111]",0.4283,0.5287958115183246,0.5174520069808028,0.5471204188481675,0.5602094240837696,0.5741710296684118,0.5741710296684118,0.4895287958115183
200,0.5802792321116929,0.47395573878439123,0.3813761981672048,0.35705208916505576,0.6195462478184991,0.12075823545455933,0.055132802575826645,0.0,0.05580235831439495,0.30814635299611837,"[0.7041884660720825, 0.7678883075714111]",0.339,0.4214659685863874,0.43804537521815007,0.4973821989528796,0.4965095986038394,0.5148342059336823,0.5148342059336823,0.418848167539267
201,0.5820244328097731,0.47614603254583565,0.3832399754989676,0.3590856290077801,0.6212914485165794,0.11901789903640747,0.055124105885624886,0.0,0.05579155869781971,0.30933179589919746,"[0.7041884660720825, 0.7678883075714111]",0.4714,0.424956369982548,0.43804537521815007,0.4956369982547993,0.5,0.5130890052356021,0.5130890052356021,0.4205933682373473
202,0.5855148342059336,0.47978784403669716,0.4206800351370769,0.38882540699291024,0.6265270506108203,0.12261542677879333,0.05511564761400223,0.0,0.055780936032533646,0.3309586789691821,"[0.7041884660720825, 0.7678883075714111]",0.3427,0.462478184991274,0.462478184991274,0.5157068062827225,0.5279232111692844,0.5427574171029669,0.5427574171029669,0.462478184991274
203,0.5741710296684118,0.46381235810271837,0.40820770859624367,0.3799663969948848,0.6160558464223386,0.1252366304397583,0.05510721728205681,0.0,0.05577099695801735,0.31244052900001407,"[0.7041884660720825, 0.7678883075714111]",0.5072,0.43106457242582896,0.44589877835951136,0.5008726003490401,0.5078534031413613,0.5174520069808028,0.5174520069808028,0.4258289703315881
204,0.5724258289703316,0.4618212626316839,0.4061754169760725,0.37696778752593607,0.612565445026178,0.12643620371818542,0.05509877763688564,0.0,0.05576094426214695,0.3052649989258498,"[0.7041884660720825, 0.7678883075714111]",0.3248,0.4738219895287958,0.4799301919720768,0.5226876090750436,0.5401396160558464,0.5593368237347295,0.5593368237347295,0.47294938917975565
205,0.5732984293193717,0.46312951707963856,0.407857699442378,0.3779822550238966,0.6134380453752182,0.12653079628944397,0.05509050376713276,0.0,0.05575057119131088,0.304788300069049,"[0.7041884660720825, 0.7678883075714111]",0.3259,0.4668411867364747,0.4668411867364747,0.5218150087260035,0.5322862129144852,0.5471204188481675,0.5471204188481675,0.46596858638743455
206,0.5462478184991274,0.4125602798007957,0.33075734575185406,0.34233026275636763,0.6003490401396161,0.14036612212657928,0.05508233979344368,0.0,0.0557404812425375,0.32297182991169393,"[0.7041884660720825, 0.7678883075714111]",0.3293,0.4886561954624782,0.5087260034904014,0.5270506108202443,0.5445026178010471,0.5575916230366492,0.5575916230366492,0.4581151832460733
207,0.5488656195462478,0.4222472291402972,0.33423675343244724,0.350928882625031,0.6020942408376964,0.13447406888008118,0.05507443845272064,0.0,0.05573047883808613,0.29203209304250777,"[0.7041884660720825, 0.7678883075714111]",0.334,0.5349040139616056,0.5541012216404887,0.5471204188481675,0.5802792321116929,0.5715532286212914,0.5715532286212914,0.4973821989528796
208,0.5479930191972077,0.4217229427614544,0.3377589621952657,0.3528561242739666,0.5986038394415357,0.13434524834156036,0.055066756904125214,0.0,0.05572039075195789,0.4409515509614721,"[0.7041884660720825, 0.7678883075714111]",0.4125,0.5340314136125655,0.5532286212914486,0.5471204188481675,0.5802792321116929,0.5724258289703316,0.5724258289703316,0.5
209,0.5514834205933682,0.42589758933984123,0.3422499955734009,0.3565158256972932,0.6003490401396161,0.13441869616508484,0.05505889840424061,0.0,0.055709006264805794,0.4093000349821523,"[0.7041884660720825, 0.7678883075714111]",0.3827,0.5383944153577661,0.5523560209424084,0.5497382198952879,0.581151832460733,0.5732984293193717,0.5732984293193717,0.5043630017452007
210,0.5575916230366492,0.43323663279221347,0.3475398502795216,0.3617939526928348,0.606457242582897,0.13442161679267883,0.05505115166306496,0.0,0.055698568001389503,0.32221759494859725,"[0.7041884660720825, 0.7678883075714111]",0.3651,0.5453752181500873,0.5549738219895288,0.5549738219895288,0.581151832460733,0.5794066317626527,0.5794066317626527,0.5130890052356021
211,0.5837696335078534,0.4670016907209258,0.3717561363486723,0.37934693777194184,0.6239092495636999,0.13689425587654114,0.05504390969872475,0.0,0.05568649806082249,0.32577570900321007,"[0.7041884660720825, 0.7678883075714111]",0.3435,0.5462478184991274,0.5567190226876091,0.5549738219895288,0.581151832460733,0.5855148342059336,0.5855148342059336,0.5165794066317626
212,0.581151832460733,0.46096905628428475,0.35934438822044024,0.3603048364999694,0.6143106457242583,0.13733479380607605,0.05503689683973789,0.0,0.05567542649805546,0.3110603509703651,"[0.7041884660720825, 0.7678883075714111]",0.3466,0.5279232111692844,0.5340314136125655,0.555846422338569,0.5706806282722513,0.5767888307155323,0.5767888307155323,0.5
213,0.5759162303664922,0.45440652961425354,0.35350987128060707,0.3523688558819799,0.6082024432809773,0.13876409828662872,0.05503018572926521,0.0,0.05566440895199776,0.3773467040155083,"[0.7041884660720825, 0.7678883075714111]",0.3656,0.5287958115183246,0.5357766143106457,0.5532286212914486,0.5724258289703316,0.5828970331588132,0.5828970331588132,0.5026178010471204
214,0.5759162303664922,0.45458925465741185,0.35231289646206887,0.3500899185382966,0.6082024432809773,0.1389232724905014,0.05502374283969402,0.0,0.05565364845097065,0.40022180299274623,"[0.7041884660720825, 0.7678883075714111]",0.4409,0.5506108202443281,0.5567190226876091,0.5532286212914486,0.5820244328097731,0.5855148342059336,0.5855148342059336,0.5200698080279232
215,0.575043630017452,0.4534702215293378,0.35111214811932645,0.3491670706507389,0.606457242582897,0.1391967236995697,0.055017389357089996,0.0,0.05564340949058533,0.30911806295625865,"[0.7041884660720825, 0.7678883075714111]",0.3977,0.5052356020942408,0.5174520069808028,0.5383944153577661,0.5523560209424084,0.5645724258289704,0.5645724258289704,0.4755671902268761
216,0.5776614310645725,0.45669647667277236,0.35563979562049136,0.35463327638671727,0.6090750436300174,0.13933412730693817,0.05501111410558224,0.0,0.05563409440219402,0.3769287009490654,"[0.7041884660720825, 0.7678883075714111]",0.3501,0.5453752181500873,0.5523560209424084,0.5514834205933682,0.5820244328097731,0.587260034904014,0.587260034904014,0.5165794066317626
217,0.5785340314136126,0.4576723879470995,0.3569763130836226,0.35598399160734434,0.6090750436300174,0.13955071568489075,0.05500500462949276,0.0,0.055624907836318016,0.4020172070013359,"[0.7041884660720825, 0.7678883075714111]",0.3545,0.5471204188481675,0.5549738219895288,0.5523560209424084,0.5846422338568935,0.5916230366492147,0.5916230366492147,0.518324607329843
218,0.5724258289703316,0.44900169948544455,0.3628436558507989,0.3551464349478357,0.6020942408376964,0.1398657113313675,0.05499889701604843,0.0,0.055616358295083046,0.31028624903410673,"[0.7041884660720825, 0.7678883075714111]",0.3379,0.5104712041884817,0.5218150087260035,0.5349040139616056,0.5575916230366492,0.5671902268760908,0.5671902268760908,0.4790575916230366
219,0.5724258289703316,0.44887732088071275,0.36286378610828574,0.3558734149574726,0.6020942408376964,0.14016494154930115,0.054993098601698875,0.0,0.05560787208378315,0.35234591306652874,"[0.7041884660720825, 0.7678883075714111]",0.3347,0.5104712041884817,0.5235602094240838,0.5331588132635253,0.5602094240837696,0.5671902268760908,0.5671902268760908,0.4781849912739965
220,0.5715532286212914,0.44765174984981093,0.36210698834616634,0.3573301288353454,0.6020942408376964,0.1403297483921051,0.054987430572509766,0.0,0.05559964291751385,0.2914998640771955,"[0.7041884660720825, 0.7678883075714111]",0.3665,0.5113438045375218,0.5226876090750436,0.5296684118673648,0.5663176265270506,0.5654450261780105,0.5654450261780105,0.4799301919720768
221,0.5619546247818499,0.43634963464602106,0.3561512897078599,0.3472574228401675,0.5933682373472949,0.140518456697464,0.05498185195028782,0.0,0.05559154972434044,0.40111921494826674,"[0.7041884660720825, 0.7678883075714111]",0.3206,0.5471204188481675,0.5523560209424084,0.5549738219895288,0.5863874345549738,0.5846422338568935,0.5846422338568935,0.518324607329843
222,0.5881326352530541,0.4694059322416293,0.3520388741699849,0.3473877260916463,0.5942408376963351,0.14025694131851196,0.05497622676193714,0.0,0.055583830922842026,0.2687832259107381,"[0.7041884660720825, 0.7678883075714111]",0.3282,0.5331588132635253,0.5462478184991274,0.5663176265270506,0.5794066317626527,0.5846422338568935,0.5846422338568935,0.5
223,0.6212914485165794,0.5154116863023255,0.3631745155219826,0.37473257465812915,0.6212914485165794,0.13860049843788147,0.054970644414424896,0.0,0.055576615035533905,0.27146849292330444,"[0.7041884660720825, 0.7678883075714111]",0.3278,0.5226876090750436,0.5366492146596858,0.5645724258289704,0.5732984293193717,0.5820244328097731,0.5820244328097731,0.4825479930191972
224,0.6082024432809773,0.4999037816718662,0.34980111693672367,0.3580214981970472,0.6178010471204188,0.13663704693317413,0.05496506579220295,0.0,0.05556986294686794,0.27527806104626507,"[0.7041884660720825, 0.7678883075714111]",0.3247,0.5191972076788831,0.5357766143106457,0.5610820244328097,0.5767888307155323,0.5802792321116929,0.5802792321116929,0.4790575916230366
225,0.6047120418848168,0.4942147310989867,0.3478848431504991,0.3523852821453499,0.618673647469459,0.1362762153148651,0.05495942756533623,0.0,0.05556360445916653,0.2765356090385467,"[0.7041884660720825, 0.7678883075714111]",0.3186,0.5174520069808028,0.5340314136125655,0.5602094240837696,0.5741710296684118,0.5785340314136126,0.5785340314136126,0.4790575916230366
226,0.6003490401396161,0.48790168361731845,0.34113373913239947,0.346122861975008,0.6169284467713787,0.13636982440948486,0.05495401471853256,0.0,0.05555715784430504,0.2765884710242972,"[0.7041884660720825, 0.7678883075714111]",0.3166,0.5165794066317626,0.5296684118673648,0.5584642233856894,0.5715532286212914,0.575043630017452,0.575043630017452,0.47731239092495636
227,0.6020942408376964,0.4894784351883329,0.34556431220066547,0.3496658226780204,0.6204188481675392,0.13648495078086853,0.05494880862534046,0.0,0.05555052123963833,0.27560234593693167,"[0.7041884660720825, 0.7678883075714111]",0.3179,0.5174520069808028,0.5305410122164049,0.5575916230366492,0.5732984293193717,0.5759162303664922,0.5759162303664922,0.4781849912739965
228,0.6038394415357766,0.49016356816123974,0.34373304959810813,0.34912862755423507,0.6195462478184991,0.13657540082931519,0.054943839088082314,0.0,0.05554375424981117,0.2776037589646876,"[0.7041884660720825, 0.7678883075714111]",0.3213,0.5174520069808028,0.5322862129144852,0.5575916230366492,0.5741710296684118,0.5759162303664922,0.5759162303664922,0.4781849912739965
229,0.6047120418848168,0.49074760744429136,0.34666530350667896,0.3507894127088837,0.6204188481675392,0.1366751492023468,0.05493888445198536,0.0,0.055537426844239235,0.3252589099574834,"[0.7041884660720825, 0.7678883075714111]",0.3202,0.5157068062827225,0.5305410122164049,0.5567190226876091,0.5732984293193717,0.5732984293193717,0.5732984293193717,0.47731239092495636
230,0.6055846422338569,0.49293425272233904,0.34695346719785475,0.34715144660876285,0.6178010471204188,0.1369505375623703,0.05493449792265892,0.0,0.05553111061453819,0.3524024640209973,"[0.7041884660720825, 0.7678883075714111]",0.311,0.5157068062827225,0.5305410122164049,0.555846422338569,0.5732984293193717,0.5741710296684118,0.5741710296684118,0.47731239092495636
231,0.6047120418848168,0.49209781219854376,0.34372037208883055,0.34529024905756367,0.6160558464223386,0.13697685301303864,0.054929791018366814,0.0,0.05552442744374275,0.2897959580877796,"[0.7041884660720825, 0.7678883075714111]",0.4616,0.5157068062827225,0.5314136125654451,0.5567190226876091,0.5741710296684118,0.5767888307155323,0.5767888307155323,0.47731239092495636
232,0.6038394415357766,0.4910811751955333,0.3426092336390702,0.3442779825327025,0.6151832460732984,0.13699093461036682,0.05492543615400791,0.0,0.05551671423017979,0.305813651997596,"[0.7041884660720825, 0.7678883075714111]",0.3225,0.47033158813263526,0.5043630017452007,0.5244328097731239,0.5191972076788831,0.5479930191972077,0.5479930191972077,0.42408376963350786
233,0.6047120418848168,0.4921693570949244,0.34335822649921643,0.34449604816627766,0.6151832460732984,0.13700728118419647,0.054920926690101624,0.0,0.0555097796022892,0.28128575591836125,"[0.7041884660720825, 0.7678883075714111]",0.3245,0.4694589877835951,0.5034904013961605,0.5226876090750436,0.518324607329843,0.5479930191972077,0.5479930191972077,0.4232111692844677
234,0.6047120418848168,0.49233621682727,0.3438789786009784,0.3444304376422932,0.6151832460732984,0.1370440125465393,0.05491652153432369,0.0,0.055503133684396744,0.28721192805096507,"[0.7041884660720825, 0.7678883075714111]",0.3236,0.5157068062827225,0.5270506108202443,0.5541012216404887,0.5916230366492147,0.5959860383944153,0.5959860383944153,0.4895287958115183
235,0.6055846422338569,0.4936529690185123,0.34445151542943625,0.3458471213986179,0.6160558464223386,0.1370212435722351,0.05491233430802822,0.0,0.05549636855721474,0.28647413197904825,"[0.7041884660720825, 0.7678883075714111]",0.3189,0.5165794066317626,0.5279232111692844,0.555846422338569,0.5916230366492147,0.5968586387434555,0.5968586387434555,0.49040139616055844
236,0.606457242582897,0.49489071924756367,0.34524178477012996,0.3458083443549957,0.6169284467713787,0.13694454729557037,0.05490818992257118,0.0,0.05548989959061146,0.3151143230497837,"[0.7041884660720825, 0.7678883075714111]",0.3702,0.47033158813263526,0.5034904013961605,0.5226876090750436,0.518324607329843,0.5471204188481675,0.5471204188481675,0.424956369982548
237,0.5532286212914486,0.4333362306243662,0.35858486797464356,0.3564145611839083,0.6108202443280978,0.13092324137687683,0.054904235526919365,0.0,0.05548330582678318,0.28365657792892307,"[0.7041884660720825, 0.7678883075714111]",0.3295,0.5130890052356021,0.5287958115183246,0.5541012216404887,0.5698080279232112,0.5715532286212914,0.5715532286212914,0.47469458987783597
238,0.5497382198952879,0.42713433477808493,0.35724523471875524,0.3554395755028706,0.6108202443280978,0.12475158274173737,0.0549003928899765,0.0,0.05547669529914856,0.30159668205305934,"[0.7041884660720825, 0.7678883075714111]",0.3137,0.5113438045375218,0.5287958115183246,0.5549738219895288,0.5698080279232112,0.5698080279232112,0.5698080279232112,0.4755671902268761
239,0.5471204188481675,0.4232472174437525,0.35543859992980203,0.3539138649742013,0.6090750436300174,0.12382768839597702,0.05489657260477543,0.0,0.055470267310738564,0.35386284498963505,"[0.7041884660720825, 0.7678883075714111]",0.3256,0.5130890052356021,0.5296684118673648,0.5549738219895288,0.5706806282722513,0.5706806282722513,0.5706806282722513,0.47643979057591623
240,0.5479930191972077,0.4244723447573804,0.3556733945366513,0.3542334583429081,0.6090750436300174,0.12353235483169556,0.05489278770983219,0.0,0.05546403117477894,0.2875988249434158,"[0.7041884660720825, 0.7678883075714111]",0.3323,0.5148342059336823,0.5314136125654451,0.555846422338569,0.5706806282722513,0.5741710296684118,0.5741710296684118,0.47731239092495636
241,0.5471204188481675,0.4237143947864608,0.3554559638797079,0.35432421872792585,0.6090750436300174,0.12349003553390503,0.05488906614482403,0.0,0.055458247661590576,0.31266298796981573,"[0.7041884660720825, 0.7678883075714111]",0.3256,0.5157068062827225,0.5314136125654451,0.5549738219895288,0.5698080279232112,0.5732984293193717,0.5732984293193717,0.47643979057591623
242,0.5479930191972077,0.4247110608036996,0.35584937691926305,0.3550379789009101,0.6090750436300174,0.12351918965578079,0.05488542839884758,0.0,0.05545242130756378,0.2899785579647869,"[0.7041884660720825, 0.7678883075714111]",0.3198,0.5043630017452007,0.5261780104712042,0.5261780104712042,0.5575916230366492,0.56282722513089,0.56282722513089,0.4712041884816754
243,0.5497382198952879,0.42693225361912934,0.35632184435393544,0.35604880777172443,0.6090750436300174,0.1235530897974968,0.05488174222409725,0.0,0.05544687621295452,0.3835524000460282,"[0.7041884660720825, 0.7678883075714111]",0.3273,0.5043630017452007,0.5261780104712042,0.525305410122164,0.5575916230366492,0.5636998254799301,0.5636998254799301,0.4712041884816754
244,0.5488656195462478,0.4257047809954365,0.3576122418247488,0.3564721363418367,0.6090750436300174,0.12368170917034149,0.05487814545631409,0.0,0.0554411169141531,0.2752546010306105,"[0.7041884660720825, 0.7678883075714111]",0.3247,0.5165794066317626,0.5331588132635253,0.5549738219895288,0.5706806282722513,0.5732984293193717,0.5732984293193717,0.4781849912739965
245,0.5497382198952879,0.4270421945670667,0.3580568784856254,0.3570696946661443,0.6090750436300174,0.12379146367311478,0.054874589666724205,0.0,0.05543550103902817,0.27405236393678933,"[0.7041884660720825, 0.7678883075714111]",0.3229,0.5165794066317626,0.5331588132635253,0.5549738219895288,0.5706806282722513,0.5732984293193717,0.5732984293193717,0.4781849912739965
246,0.5506108202443281,0.4279341890233618,0.3600957833369722,0.3586559468798054,0.6108202443280978,0.12360143661499023,0.054871076717972755,0.0,0.05542998015880585,0.28677278000395745,"[0.7041884660720825, 0.7678883075714111]",0.3198,0.5157068062827225,0.5331588132635253,0.5549738219895288,0.5698080279232112,0.5724258289703316,0.5724258289703316,0.4781849912739965
247,0.5506108202443281,0.4279341890233618,0.3600957833369722,0.3586559468798054,0.6108202443280978,0.12363012135028839,0.05486757680773735,0.0,0.05542454309761524,0.2936145409476012,"[0.7041884660720825, 0.7678883075714111]",0.3291,0.5043630017452007,0.5261780104712042,0.525305410122164,0.5575916230366492,0.56282722513089,0.56282722513089,0.47469458987783597
248,0.5506108202443281,0.4279341890233618,0.3600957833369722,0.3586559468798054,0.6108202443280978,0.12365735322237015,0.05486416071653366,0.0,0.05541912280023098,0.30565190606284887,"[0.7041884660720825, 0.7678883075714111]",0.3306,0.5165794066317626,0.5340314136125655,0.5549738219895288,0.5698080279232112,0.568935427574171,0.568935427574171,0.4790575916230366
249,0.5506108202443281,0.4279341890233618,0.3600957833369722,0.3586559468798054,0.6108202443280978,0.1236882209777832,0.054860811680555344,0.0,0.055413868278265,0.3005983509356156,"[0.7041884660720825, 0.7678883075714111]",0.3315,0.5026178010471204,0.5279232111692844,0.5322862129144852,0.5584642233856894,0.5610820244328097,0.5610820244328097,0.4738219895287958
250,0.5514834205933682,0.42880803371429344,0.3585512280149995,0.35841912963177497,0.6099476439790575,0.12375229597091675,0.05485741049051285,0.0,0.05540875904262066,0.3021469380473718,"[0.7041884660720825, 0.7678883075714111]",0.3236,0.5034904013961605,0.5279232111692844,0.5322862129144852,0.5584642233856894,0.5619546247818499,0.5619546247818499,0.47469458987783597
251,0.5514834205933682,0.42880803371429344,0.3585512280149995,0.35841912963177497,0.6099476439790575,0.12379569560289383,0.054854054003953934,0.0,0.055403659120202065,0.2892575190635398,"[0.7041884660720825, 0.7678883075714111]",0.3167,0.5034904013961605,0.5279232111692844,0.5322862129144852,0.5584642233856894,0.5619546247818499,0.5619546247818499,0.47469458987783597
252,0.5514834205933682,0.42880803371429344,0.3585512280149995,0.35841912963177497,0.6099476439790575,0.12384258210659027,0.054850609973073006,0.0,0.05539887584745884,0.29786816297564656,"[0.7041884660720825, 0.7678883075714111]",0.31,0.5034904013961605,0.5279232111692844,0.5314136125654451,0.5584642233856894,0.5619546247818499,0.5619546247818499,0.4738219895287958
253,0.5514834205933682,0.42880803371429344,0.3585512280149995,0.35841912963177497,0.6099476439790575,0.12388242036104202,0.054847028106451035,0.0,0.05539449118077755,0.28639342496171594,"[0.7041884660720825, 0.7678883075714111]",0.3323,0.5034904013961605,0.5279232111692844,0.5322862129144852,0.5584642233856894,0.5619546247818499,0.5619546247818499,0.47469458987783597
254,0.5506108202443281,0.4278099544528231,0.35832605493048614,0.35772029056873733,0.6099476439790575,0.12391887605190277,0.05484347604215145,0.0,0.05539020337164402,0.2933947710553184,"[0.7041884660720825, 0.7678883075714111]",0.3219,0.5034904013961605,0.5279232111692844,0.5322862129144852,0.5575916230366492,0.5619546247818499,0.5619546247818499,0.47469458987783597
255,0.5506108202443281,0.4278099544528231,0.35832605493048614,0.35772029056873733,0.6099476439790575,0.12395539879798889,0.054839977994561195,0.0,0.05538587085902691,0.28644621500279754,"[0.7041884660720825, 0.7678883075714111]",0.3292,0.5034904013961605,0.5279232111692844,0.5322862129144852,0.5584642233856894,0.5619546247818499,0.5619546247818499,0.4755671902268761
256,0.5506108202443281,0.4278099544528231,0.35832605493048614,0.35772029056873733,0.6099476439790575,0.123990997672081,0.054836567491292953,0.0,0.05538158677518368,0.287757448037155,"[0.7041884660720825, 0.7678883075714111]",0.3266,0.5034904013961605,0.5279232111692844,0.5322862129144852,0.5593368237347295,0.5619546247818499,0.5619546247818499,0.47731239092495636
257,0.5497382198952879,0.42458907282061664,0.35496399331899253,0.3543960248619774,0.6099476439790575,0.1250951886177063,0.05483324080705643,0.0,0.0553771797567606,0.29281534196343273,"[0.7041884660720825, 0.7678883075714111]",0.3291,0.5034904013961605,0.5279232111692844,0.5322862129144852,0.5593368237347295,0.5619546247818499,0.5619546247818499,0.4790575916230366
258,0.5497382198952879,0.42451515458218814,0.3570211311561291,0.35621170119206574,0.6108202443280978,0.12546676397323608,0.05482997000217438,0.0,0.055372776463627815,0.30482018599286675,"[0.7041884660720825, 0.7678883075714111]",0.3231,0.4354275741710297,0.46335078534031415,0.5043630017452007,0.5584642233856894,0.587260034904014,0.587260034904014,0.4214659685863874
259,0.5514834205933682,0.42708694011414616,0.35748659900328356,0.3572300131033798,0.6108202443280978,0.12549063563346863,0.0548264067620039,0.0,0.05536903999745846,0.2908117090119049,"[0.7041884660720825, 0.7678883075714111]",0.3709,0.5034904013961605,0.5279232111692844,0.5322862129144852,0.5575916230366492,0.5610820244328097,0.5610820244328097,0.4799301919720768
260,0.5645724258289704,0.4499267022958918,0.35901706080638773,0.3461267036323541,0.5933682373472949,0.13878542184829712,0.05482286214828491,0.0,0.055364931002259254,0.2931454099016264,"[0.7041884660720825, 0.7678883075714111]",0.3205,0.43717277486910994,0.4581151832460733,0.5,0.5541012216404887,0.587260034904014,0.587260034904014,0.42408376963350786
261,0.5802792321116929,0.46761510155593544,0.38335076437099613,0.387000843454829,0.6134380453752182,0.1317620873451233,0.05481949262320995,0.0,0.05536074563860893,0.3385846340097487,"[0.7041884660720825, 0.7678883075714111]",0.3075,0.43455497382198954,0.4607329842931937,0.5034904013961605,0.555846422338569,0.5881326352530541,0.5881326352530541,0.4214659685863874
262,0.5741710296684118,0.4588072717982662,0.3739898070622357,0.3797342360388789,0.612565445026178,0.1258646547794342,0.05481613241136074,0.0,0.0553561057895422,0.308122341055423,"[0.7041884660720825, 0.7678883075714111]",0.3095,0.5130890052356021,0.5366492146596858,0.5401396160558464,0.5663176265270506,0.5732984293193717,0.5732984293193717,0.49040139616055844
263,0.5636998254799301,0.44544666222765916,0.3672962667685774,0.3690268817465672,0.6116928446771379,0.1257127970457077,0.05481242761015892,0.0,0.05535169877111912,0.27768682804889977,"[0.7041884660720825, 0.7678883075714111]",0.3023,0.5113438045375218,0.5340314136125655,0.5392670157068062,0.5636998254799301,0.5715532286212914,0.5715532286212914,0.4886561954624782
264,0.5584642233856894,0.43812642920817013,0.36353782874442603,0.3641635399921066,0.6116928446771379,0.1255720555782318,0.054808683693408966,0.0,0.05534764751791954,0.28526473604142666,"[0.7041884660720825, 0.7678883075714111]",0.3383,0.5095986038394416,0.5322862129144852,0.537521815008726,0.5584642233856894,0.5706806282722513,0.5706806282722513,0.4869109947643979
265,0.5593368237347295,0.43912272370448624,0.3637608616287743,0.36440198957900627,0.612565445026178,0.12557637691497803,0.0548049658536911,0.0,0.055343857035040855,0.27371454203967005,"[0.7041884660720825, 0.7678883075714111]",0.3148,0.512216404886562,0.5349040139616056,0.5383944153577661,0.5610820244328097,0.5724258289703316,0.5724258289703316,0.4869109947643979
266,0.5549738219895288,0.4336265691410496,0.3631060314881693,0.3626172443669939,0.612565445026178,0.12515363097190857,0.05480138398706913,0.0,0.05533990636467934,0.29126855602953583,"[0.7041884660720825, 0.7678883075714111]",0.3284,0.5104712041884817,0.5322862129144852,0.5340314136125655,0.5567190226876091,0.5706806282722513,0.5706806282722513,0.48429319371727747
267,0.5532286212914486,0.43092682718662045,0.36137836726650535,0.35992196486444034,0.612565445026178,0.1256018579006195,0.05479753948748112,0.0,0.05533638410270214,0.28846525598783046,"[0.7041884660720825, 0.7678883075714111]",0.3589,0.49040139616055844,0.5261780104712042,0.537521815008726,0.5479930191972077,0.5584642233856894,0.5584642233856894,0.4432809773123909
268,0.5541012216404887,0.43184212824169743,0.3613908210291626,0.36070292648716146,0.612565445026178,0.125615656375885,0.05479399487376213,0.0,0.05533248744904995,0.43225772108417004,"[0.7041884660720825, 0.7678883075714111]",0.5186,0.49214659685863876,0.5279232111692844,0.5383944153577661,0.5514834205933682,0.5602094240837696,0.5602094240837696,0.44153577661431065
269,0.5514834205933682,0.42849547390583,0.3606576826262196,0.3583544997597772,0.612565445026178,0.12580853700637817,0.05479053780436516,0.0,0.055328600108623505,0.31031250196974725,"[0.7041884660720825, 0.7678883075714111]",0.3192,0.4912739965095986,0.5270506108202443,0.537521815008726,0.5506108202443281,0.5593368237347295,0.5593368237347295,0.44415357766143104
270,0.5514834205933682,0.4281559260560851,0.36034810586687976,0.3583668704659888,0.612565445026178,0.12592178583145142,0.05478725768625736,0.0,0.05532466620206833,0.3062913769390434,"[0.7041884660720825, 0.7678883075714111]",0.3225,0.49214659685863876,0.5270506108202443,0.537521815008726,0.5506108202443281,0.5593368237347295,0.5593368237347295,0.44415357766143104
271,0.5514834205933682,0.4281559260560851,0.36034810586687976,0.3583668704659888,0.612565445026178,0.1259995400905609,0.054784078150987625,0.0,0.055320676416158676,0.30177060002461076,"[0.7041884660720825, 0.7678883075714111]",0.3163,0.4912739965095986,0.525305410122164,0.5366492146596858,0.5497382198952879,0.5584642233856894,0.5584642233856894,0.4432809773123909
272,0.5506108202443281,0.4269298962785738,0.3601237519698715,0.35802304629164505,0.612565445026178,0.12603223323822021,0.054781073704361916,0.0,0.0553163755685091,0.3150469500105828,"[0.7041884660720825, 0.7678883075714111]",0.3231,0.4912739965095986,0.525305410122164,0.5366492146596858,0.5497382198952879,0.5584642233856894,0.5584642233856894,0.4432809773123909
273,0.5506108202443281,0.4269298962785738,0.3601237519698715,0.35802304629164505,0.612565445026178,0.12606067955493927,0.054777901619672775,0.0,0.05531254783272743,0.3145581849385053,"[0.7041884660720825, 0.7678883075714111]",0.3312,0.49214659685863876,0.5261780104712042,0.537521815008726,0.5506108202443281,0.5593368237347295,0.5593368237347295,0.44415357766143104
274,0.5523560209424084,0.4287027553354621,0.3601258984220217,0.3587530095567974,0.612565445026178,0.12603744864463806,0.05477478168904781,0.0,0.05530848167836666,0.3079114150023088,"[0.7041884660720825, 0.7678883075714111]",0.3204,0.49214659685863876,0.5261780104712042,0.537521815008726,0.5506108202443281,0.5593368237347295,0.5593368237347295,0.44415357766143104
275,0.5506108202443281,0.425898617152907,0.3568704509826758,0.35581609795159214,0.6108202443280978,0.12608642876148224,0.05477171577513218,0.0,0.055304594337940216,0.3111818259349093,"[0.7041884660720825, 0.7678883075714111]",0.3101,0.4930191972076789,0.5270506108202443,0.5383944153577661,0.5506108202443281,0.5602094240837696,0.5602094240837696,0.4467713787085515
276,0.5479930191972077,0.42256557112341486,0.3559096017608183,0.353765717372475,0.6108202443280978,0.12606972455978394,0.054768750444054604,0.0,0.0553002767264843,0.30514872597996145,"[0.7041884660720825, 0.7678883075714111]",0.3095,0.4930191972076789,0.5270506108202443,0.5383944153577661,0.5506108202443281,0.5593368237347295,0.5593368237347295,0.4467713787085515
277,0.5392670157068062,0.4128881894164472,0.35395067490703397,0.34435520380253765,0.6099476439790575,0.12606829404830933,0.05476575158536434,0.0,0.05529627576470375,0.3063951689982787,"[0.7041884660720825, 0.7678883075714111]",0.3137,0.493891797556719,0.5279232111692844,0.5392670157068062,0.5514834205933682,0.5610820244328097,0.5610820244328097,0.4476439790575916
278,0.518324607329843,0.39057704201661236,0.35406066239511297,0.32507301810134986,0.6099476439790575,0.12605981528759003,0.054763106629252434,0.0,0.055291417986154556,0.3236496989848092,"[0.7041884660720825, 0.7678883075714111]",0.3131,0.49476439790575916,0.5279232111692844,0.5392670157068062,0.5523560209424084,0.5610820244328097,0.5610820244328097,0.4476439790575916
279,0.5654450261780105,0.45024534877672395,0.3614313405907867,0.34793069665088866,0.5951134380453752,0.1386665403842926,0.05476029962301254,0.0,0.05528668873012066,0.3215752859832719,"[0.7041884660720825, 0.7678883075714111]",0.3123,0.5087260034904014,0.5366492146596858,0.5514834205933682,0.568935427574171,0.5715532286212914,0.5715532286212914,0.46596858638743455
280,0.5759162303664922,0.4684580821750467,0.3678044697799956,0.3553683510315063,0.6003490401396161,0.13683144748210907,0.05475785210728645,0.0,0.055281637236475945,0.33720957103651017,"[0.7041884660720825, 0.7678883075714111]",0.3125,0.5148342059336823,0.537521815008726,0.5567190226876091,0.5767888307155323,0.5794066317626527,0.5794066317626527,0.47294938917975565
281,0.5907504363001745,0.4863098537704291,0.3836931267603972,0.3788302761608565,0.612565445026178,0.13193675875663757,0.05475541763007641,0.0,0.05527668818831444,0.35576027701608837,"[0.7041884660720825, 0.7678883075714111]",0.3166,0.512216404886562,0.5410122164048866,0.56282722513089,0.5820244328097731,0.5846422338568935,0.5846422338568935,0.4738219895287958
282,0.6082024432809773,0.5063122082078855,0.3965308161125284,0.4093753248418753,0.6300174520069808,0.1287495493888855,0.054753171280026436,0.0,0.05527149327099323,0.31622771196998656,"[0.7041884660720825, 0.7678883075714111]",0.3182,0.5104712041884817,0.5401396160558464,0.56282722513089,0.5776614310645725,0.5846422338568935,0.5846422338568935,0.47294938917975565
283,0.6099476439790575,0.5085140922906881,0.3980590991896282,0.4121506508777388,0.631762652705061,0.1282871961593628,0.054750919342041016,0.0,0.055266471579670906,0.3674577280180529,"[0.7041884660720825, 0.7678883075714111]",0.3614,0.5078534031413613,0.537521815008726,0.5619546247818499,0.5767888307155323,0.5820244328097731,0.5820244328097731,0.47033158813263526
284,0.6108202443280978,0.5096164363058608,0.40009462224062126,0.41453849046136637,0.6326352530541012,0.12809935212135315,0.05474867485463619,0.0,0.055261554196476936,0.3114815769949928,"[0.7041884660720825, 0.7678883075714111]",0.387,0.5078534031413613,0.537521815008726,0.56282722513089,0.5785340314136126,0.5837696335078534,0.5837696335078534,0.4712041884816754
285,0.6108202443280978,0.5096164363058608,0.40009462224062126,0.41453849046136637,0.6326352530541012,0.1279701441526413,0.05474638752639294,0.0,0.05525688827037811,0.502534418948926,"[0.7041884660720825, 0.7678883075714111]",0.5455,0.5078534031413613,0.5366492146596858,0.5636998254799301,0.5785340314136126,0.5820244328097731,0.5820244328097731,0.4720767888307155
286,0.6108202443280978,0.5096164363058608,0.40009462224062126,0.41453849046136637,0.6326352530541012,0.1279047727584839,0.05474404618144035,0.0,0.05525239370763302,0.4794637319864705,"[0.7041884660720825, 0.7678883075714111]",0.5126,0.5087260034904014,0.537521815008726,0.5636998254799301,0.5794066317626527,0.5828970331588132,0.5828970331588132,0.4720767888307155
287,0.6108202443280978,0.5096164363058608,0.40009462224062126,0.41453849046136637,0.6326352530541012,0.12787693738937378,0.05474168621003628,0.0,0.05524798482656479,0.40913860697764903,"[0.7041884660720825, 0.7678883075714111]",0.3518,0.5078534031413613,0.5366492146596858,0.56282722513089,0.5785340314136126,0.5820244328097731,0.5820244328097731,0.4712041884816754
288,0.6108202443280978,0.5096164363058608,0.40009462224062126,0.41453849046136637,0.6326352530541012,0.12786942720413208,0.0547393299639225,0.0,0.05524369888007641,0.44174844201188534,"[0.7041884660720825, 0.7678883075714111]",0.54,0.5078534031413613,0.5366492146596858,0.56282722513089,0.5785340314136126,0.5820244328097731,0.5820244328097731,0.4720767888307155
289,0.6108202443280978,0.5095731472117262,0.40009339010525125,0.4148449589637982,0.6326352530541012,0.1279536783695221,0.054737165570259094,0.0,0.05523923970758915,0.47183257003780454,"[0.7041884660720825, 0.7678883075714111]",0.5233,0.5078534031413613,0.5366492146596858,0.56282722513089,0.5794066317626527,0.5828970331588132,0.5828970331588132,0.4712041884816754
290,0.6108202443280978,0.5095731472117262,0.40009339010525125,0.4148449589637982,0.6326352530541012,0.12797865271568298,0.05473492108285427,0.0,0.055234987288713455,0.46347269194666296,"[0.7041884660720825, 0.7678883075714111]",0.3289,0.5078534031413613,0.5366492146596858,0.56282722513089,0.5794066317626527,0.5837696335078534,0.5837696335078534,0.4712041884816754
291,0.6099476439790575,0.5085791579129133,0.39905128046275534,0.41306654992458486,0.631762652705061,0.1280403435230255,0.05473266541957855,0.0,0.055230762809515,0.2925217639422044,"[0.7041884660720825, 0.7678883075714111]",0.3224,0.5069808027923212,0.5349040139616056,0.5619546247818499,0.5785340314136126,0.5828970331588132,0.5828970331588132,0.47033158813263526
292,0.5942408376963351,0.47534188581161574,0.3616907738197976,0.40239315500341466,0.6073298429319371,0.1312767118215561,0.054730374366045,0.0,0.055226705968379974,0.3569695360492915,"[0.7041884660720825, 0.7678883075714111]",0.4799,0.5052356020942408,0.537521815008726,0.5602094240837696,0.5794066317626527,0.5828970331588132,0.5828970331588132,0.4650959860383944
293,0.5933682373472949,0.4738374957141337,0.3592529249226128,0.39859105980165965,0.606457242582897,0.13189908862113953,0.05472814477980137,0.0,0.05522247217595577,0.43961871007923037,"[0.7041884660720825, 0.7678883075714111]",0.3489,0.5069808027923212,0.5401396160558464,0.5610820244328097,0.5794066317626527,0.5820244328097731,0.5820244328097731,0.4677137870855148
294,0.5916230366492147,0.4711916546705843,0.3590425144140936,0.39590841722691916,0.606457242582897,0.13182830810546875,0.05472596175968647,0.0,0.05521821416914463,0.2901790989562869,"[0.7041884660720825, 0.7678883075714111]",0.3122,0.5078534031413613,0.5418848167539267,0.56282722513089,0.5794066317626527,0.5837696335078534,0.5837696335078534,0.4694589877835951
295,0.599476439790576,0.4976823335949899,0.3833824810879029,0.3813507175492971,0.6143106457242583,0.12342120707035065,0.054723648354411125,0.0,0.05521429143846035,0.2855693839956075,"[0.7041884660720825, 0.7678883075714111]",0.3727,0.5095986038394416,0.543630017452007,0.5636998254799301,0.5837696335078534,0.587260034904014,0.587260034904014,0.4694589877835951
296,0.5924956369982548,0.4898539286000252,0.3811131377953045,0.3729229170702541,0.6082024432809773,0.11868773400783539,0.05472128838300705,0.0,0.055210456252098083,0.34230316092725843,"[0.7041884660720825, 0.7678883075714111]",0.3149,0.5104712041884817,0.5418848167539267,0.5584642233856894,0.581151832460733,0.5820244328097731,0.5820244328097731,0.46596858638743455
297,0.5890052356020943,0.4860164431773384,0.38067813776177634,0.3681475553214779,0.6047120418848168,0.11898831278085709,0.05471891351044178,0.0,0.05520658195018768,0.2993851089850068,"[0.7041884660720825, 0.7678883075714111]",0.3379,0.5087260034904014,0.5418848167539267,0.5575916230366492,0.5785340314136126,0.5785340314136126,0.5785340314136126,0.4642233856893543
298,0.5890052356020943,0.4857843473489265,0.382554945247604,0.3698622590311948,0.6047120418848168,0.11921830475330353,0.0547166895121336,0.0,0.05520274490118027,0.2877927829977125,"[0.7041884660720825, 0.7678883075714111]",0.3082,0.5087260034904014,0.5418848167539267,0.5567190226876091,0.575043630017452,0.5767888307155323,0.5767888307155323,0.4650959860383944
299,0.5890052356020943,0.4857843473489265,0.382554945247604,0.3698622590311948,0.6047120418848168,0.1193753331899643,0.05471443943679333,0.0,0.055198755115270615,0.2971638449234888,"[0.7041884660720825, 0.7678883075714111]",0.3125,0.5087260034904014,0.5418848167539267,0.5567190226876091,0.5715532286212914,0.5759162303664922,0.5759162303664922,0.4642233856893543
300,0.5898778359511344,0.4868017866943106,0.38312974889715146,0.3710675818685512,0.6047120418848168,0.11947637796401978,0.05471181310713291,0.0,0.05519433319568634,0.293434303952381,"[0.7041884660720825, 0.7678883075714111]",,,,,,,,
