round,ACC,Kappa,NMI,ARI,PURITY,alignment_loss,mean_reconstruction_loss,mean_consensus_loss,mean_local_total_loss,round_seconds,observed_rates,completion_eval_seconds,C025_ACC,C050_ACC,C075_ACC,C100_ACC,D0_ACC,E0_ACC,G0_ACC
1,0.2956204379562044,0.19742535589379007,0.19583661577930023,0.08243292000400543,0.4209245742092457,0.10451113432645798,0.2069919239729643,0.0,0.19073718041181564,2.3133890259778127,"[0.6094890236854553, 0.7347931861877441, 0.7274938821792603, 0.7262773513793945]",0.8502,0.3223844282238443,0.3029197080291971,0.30900243309002434,0.354014598540146,0.3236009732360097,0.3236009732360097,0.3418491484184915
2,0.2895377128953771,0.17977107649407698,0.1939061127673034,0.08176666931499296,0.4562043795620438,0.09042061120271683,0.19348597340285778,0.0,0.17930601350963116,0.7419564600568265,"[0.6094890236854553, 0.7347931861877441, 0.7274938821792603, 0.7262773513793945]",0.7897,0.305352798053528,0.3029197080291971,0.34549878345498786,0.3734793187347932,0.3418491484184915,0.3418491484184915,0.2956204379562044
3,0.3004866180048662,0.1902338068176952,0.18020644814290018,0.08173555807843415,0.4306569343065693,0.0859585702419281,0.18188045732676983,0.0,0.1695236824452877,0.7807945540407673,"[0.6094890236854553, 0.7347931861877441, 0.7274938821792603, 0.7262773513793945]",0.8096,0.28832116788321166,0.28345498783454987,0.3126520681265207,0.3442822384428224,0.3248175182481752,0.3248175182481752,0.2822384428223844
4,0.29683698296836986,0.18167256292693346,0.18232239135894626,0.059647485540329996,0.4124087591240876,0.08412373811006546,0.17187337577342987,0.0,0.16105597000569105,0.8509288940113038,"[0.6094890236854553, 0.7347931861877441, 0.7274938821792603, 0.7262773513793945]",0.76,0.3004866180048662,0.29683698296836986,0.29318734793187345,0.3236009732360097,0.30656934306569344,0.30656934306569344,0.3029197080291971
5,0.3309002433090024,0.20689776156059225,0.1934371091248893,0.08327057470542226,0.41362530413625304,0.08349384367465973,0.16311286017298698,0.0,0.153472401201725,0.7591841979883611,"[0.6094890236854553, 0.7347931861877441, 0.7274938821792603, 0.7262773513793945]",0.8741,0.29318734793187345,0.3223844282238443,0.3199513381995134,0.30170316301703165,0.3126520681265207,0.3126520681265207,0.2895377128953771
6,0.3223844282238443,0.1844511814978821,0.18736399717241664,0.07733738422482651,0.4306569343065693,0.08390717953443527,0.15529164671897888,0.0,0.1466041523963213,0.8106619830941781,"[0.6094890236854553, 0.7347931861877441, 0.7274938821792603, 0.7262773513793945]",0.8197,0.28102189781021897,0.2822384428223844,0.3381995133819951,0.3734793187347932,0.34306569343065696,0.34306569343065696,0.2871046228710462
7,0.2944038929440389,0.16786517167711568,0.17508310457628085,0.06648825678887639,0.41849148418491483,0.08359919488430023,0.14818225149065256,0.0,0.1402270533144474,0.786813638987951,"[0.6094890236854553, 0.7347931861877441, 0.7274938821792603, 0.7262773513793945]",0.8628,0.29683698296836986,0.305352798053528,0.340632603406326,0.3284671532846715,0.3333333333333333,0.3333333333333333,0.29927007299270075
8,0.33941605839416056,0.2078212270672527,0.19711016449334032,0.10665989339558993,0.4257907542579075,0.08371971547603607,0.14159476663917303,0.0,0.13426335901021957,0.7451929489616305,"[0.6094890236854553, 0.7347931861877441, 0.7274938821792603, 0.7262773513793945]",0.7026,0.29075425790754256,0.2944038929440389,0.3418491484184915,0.36982968369829683,0.3418491484184915,0.3418491484184915,0.28588807785888076
9,0.28588807785888076,0.17793417871618344,0.17911712854288567,0.07894727025180681,0.43795620437956206,0.08433850854635239,0.1354124965146184,0.0,0.12863349169492722,0.7685820210026577,"[0.6094890236854553, 0.7347931861877441, 0.7274938821792603, 0.7262773513793945]",0.9458,0.3150851581508516,0.31143552311435524,0.3637469586374696,0.3260340632603406,0.3236009732360097,0.3236009732360097,0.3150851581508516
10,0.3515815085158151,0.1893956073436659,0.16851408504660598,0.09715109926993161,0.4221411192214112,0.08414241671562195,0.12956476211547852,0.0,0.12332530319690704,0.8331038350006565,"[0.6094890236854553, 0.7347931861877441, 0.7274938821792603, 0.7262773513793945]",0.7438,0.2956204379562044,0.30413625304136255,0.3418491484184915,0.32116788321167883,0.3175182481751825,0.3175182481751825,0.29318734793187345
11,0.3515815085158151,0.224852091943611,0.18955822238971584,0.10798179570938439,0.43795620437956206,0.08468522131443024,0.12404219061136246,0.0,0.11828292347490788,0.7355097390245646,"[0.6094890236854553, 0.7347931861877441, 0.7274938821792603, 0.7262773513793945]",0.6957,0.2944038929440389,0.2871046228710462,0.3223844282238443,0.3284671532846715,0.29318734793187345,0.29318734793187345,0.291970802919708
12,0.30170316301703165,0.16393843493176163,0.16334996215369577,0.05560111517315943,0.3710462287104623,0.08501347154378891,0.1188044948503375,0.0,0.11351367924362421,0.7553818849846721,"[0.6094890236854553, 0.7347931861877441, 0.7274938821792603, 0.7262773513793945]",0.7605,0.31143552311435524,0.30656934306569344,0.35766423357664234,0.3029197080291971,0.305352798053528,0.305352798053528,0.30900243309002434
13,0.29683698296836986,0.1508188575850894,0.18406912104436882,0.07378010364029094,0.4233576642335766,0.08671710640192032,0.1138570960611105,0.0,0.10899713169783354,0.730917985085398,"[0.6094890236854553, 0.7347931861877441, 0.7274938821792603, 0.7262773513793945]",0.7297,0.31143552311435524,0.2980535279805353,0.3260340632603406,0.38929440389294406,0.36982968369829683,0.36982968369829683,0.3102189781021898
14,0.35523114355231145,0.1968423808242109,0.17605619814131027,0.09470224038421485,0.4209245742092457,0.08494892716407776,0.10919684544205666,0.0,0.10476135835051537,0.8044191320659593,"[0.6094890236854553, 0.7347931861877441, 0.7274938821792603, 0.7262773513793945]",0.714,0.3236009732360097,0.30900243309002434,0.3381995133819951,0.3746958637469586,0.3515815085158151,0.3515815085158151,0.31873479318734793
15,0.3150851581508516,0.20667251794812003,0.18026902559844385,0.08749445128214148,0.4391727493917275,0.0846642553806305,0.10480326414108276,0.0,0.10073461104184389,0.8342482449952513,"[0.6094890236854553, 0.7347931861877441, 0.7274938821792603, 0.7262773513793945]",0.827,0.3077858880778589,0.29075425790754256,0.3175182481751825,0.3418491484184915,0.31143552311435524,0.31143552311435524,0.30656934306569344
16,0.3223844282238443,0.17777414621969756,0.1574692961887473,0.06907896180508033,0.37834549878345497,0.08528045564889908,0.10065736528486013,0.0,0.096965741366148,0.804492404917255,"[0.6094890236854553, 0.7347931861877441, 0.7274938821792603, 0.7262773513793945]",0.7871,0.2956204379562044,0.29318734793187345,0.34306569343065696,0.34306569343065696,0.32116788321167883,0.32116788321167883,0.29683698296836986
17,0.34306569343065696,0.17869962624431035,0.17468240935439508,0.09932260506374442,0.39902676399026765,0.08543790876865387,0.096779340878129,0.0,0.09341543167829514,0.8151015929179266,"[0.6094890236854553, 0.7347931861877441, 0.7274938821792603, 0.7262773513793945]",0.9275,0.3175182481751825,0.3102189781021898,0.33698296836982966,0.3637469586374696,0.3491484184914842,0.3491484184914842,0.3175182481751825
18,0.30656934306569344,0.17961342692704352,0.17378049724949735,0.06837815788980876,0.402676399026764,0.08485785126686096,0.0931572737172246,0.0,0.0900991652160883,0.7654730590293184,"[0.6094890236854553, 0.7347931861877441, 0.7274938821792603, 0.7262773513793945]",0.73,0.31630170316301703,0.3102189781021898,0.3333333333333333,0.354014598540146,0.3357664233576642,0.3357664233576642,0.31630170316301703
19,0.3309002433090024,0.2079634622560691,0.17669239163659528,0.0945544446494531,0.39902676399026765,0.08261382579803467,0.08978598564863205,0.0,0.0870421389117837,0.8085440630093217,"[0.6094890236854553, 0.7347931861877441, 0.7274938821792603, 0.7262773513793945]",0.9204,0.31873479318734793,0.31630170316301703,0.31143552311435524,0.3418491484184915,0.3223844282238443,0.3223844282238443,0.32116788321167883
20,0.3199513381995134,0.1275840332943481,0.14006669943836603,0.04374046444151368,0.38077858880778587,0.08237332105636597,0.08667133282870054,0.0,0.08415999170392752,1.1950079390080646,"[0.6094890236854553, 0.7347931861877441, 0.7274938821792603, 0.7262773513793945]",0.8176,0.291970802919708,0.2846715328467153,0.3260340632603406,0.29075425790754256,0.30413625304136255,0.30413625304136255,0.28832116788321166
21,0.3381995133819951,0.16581694042588901,0.16587338221699796,0.08027334477296771,0.41362530413625304,0.0792454332113266,0.08378492016345263,0.0,0.08148848824203014,0.8200691010570154,"[0.6094890236854553, 0.7347931861877441, 0.7274938821792603, 0.7262773513793945]",1.1703,0.2846715328467153,0.28102189781021897,0.3077858880778589,0.33941605839416056,0.3199513381995134,0.3199513381995134,0.28345498783454987
22,0.3418491484184915,0.22721538124680685,0.17955450302131432,0.08272525470408859,0.4233576642335766,0.08228661864995956,0.08110768813639879,0.0,0.07904254645109177,1.098822080064565,"[0.6094890236854553, 0.7347931861877441, 0.7274938821792603, 0.7262773513793945]",1.0945,0.2773722627737226,0.2749391727493917,0.30170316301703165,0.29927007299270075,0.3004866180048662,0.3004866180048662,0.27858880778588807
23,0.30413625304136255,0.1090832264335777,0.13253676392883715,0.049933459529413714,0.3661800486618005,0.08064553141593933,0.07863368839025497,0.0,0.07673428673297167,0.8769947909750044,"[0.6094890236854553, 0.7347931861877441, 0.7274938821792603, 0.7262773513793945]",0.835,0.305352798053528,0.3029197080291971,0.31143552311435524,0.3588807785888078,0.34549878345498786,0.34549878345498786,0.3077858880778589
24,0.35036496350364965,0.18532142784229366,0.16971571644671388,0.08529635140836037,0.4099756690997567,0.08152767270803452,0.07632777653634548,0.0,0.07455096580088139,0.7842724020592868,"[0.6094890236854553, 0.7347931861877441, 0.7274938821792603, 0.7262773513793945]",1.041,0.2944038929440389,0.2980535279805353,0.3175182481751825,0.3515815085158151,0.3150851581508516,0.3150851581508516,0.291970802919708
25,0.3467153284671533,0.1388404954534016,0.11845213755888703,0.054097384303527805,0.3819951338199513,0.08111761510372162,0.0741737699136138,0.0,0.07250525616109371,0.9343933730851859,"[0.6094890236854553, 0.7347931861877441, 0.7274938821792603, 0.7262773513793945]",0.7625,0.3077858880778589,0.3077858880778589,0.3248175182481752,0.31630170316301703,0.30413625304136255,0.30413625304136255,0.3102189781021898
26,0.29927007299270075,0.1426833154677405,0.16090136477221725,0.05601230617659888,0.38077858880778587,0.07871933281421661,0.07217711675912142,0.0,0.07062473520636559,0.8908765000523999,"[0.6094890236854553, 0.7347931861877441, 0.7274938821792603, 0.7262773513793945]",0.813,0.2956204379562044,0.2895377128953771,0.29318734793187345,0.35523114355231145,0.32116788321167883,0.32116788321167883,0.291970802919708
27,0.31143552311435524,0.17651744040950057,0.1446258399900905,0.049306564168374346,0.3588807785888078,0.08132298290729523,0.07032200135290623,0.0,0.06885328330099583,0.7992066410370171,"[0.6094890236854553, 0.7347931861877441, 0.7274938821792603, 0.7262773513793945]",0.9252,0.30656934306569344,0.30413625304136255,0.32116788321167883,0.32968369829683697,0.32116788321167883,0.32116788321167883,0.31143552311435524
28,0.33698296836982966,0.17586480937769033,0.154424963047856,0.07111438182496521,0.3880778588807786,0.07792452722787857,0.06858938280493021,0.0,0.067199663259089,0.7599553790641949,"[0.6094890236854553, 0.7347931861877441, 0.7274938821792603, 0.7262773513793945]",0.7403,0.29318734793187345,0.3004866180048662,0.2980535279805353,0.3613138686131387,0.35279805352798055,0.35279805352798055,0.2944038929440389
29,0.32116788321167883,0.17580954400314808,0.1457193547160501,0.056065027628737406,0.36496350364963503,0.08171671628952026,0.06698382832109928,0.0,0.06567657273262739,0.8872658680193126,"[0.6094890236854553, 0.7347931861877441, 0.7274938821792603, 0.7262773513793945]",0.8098,0.31630170316301703,0.30656934306569344,0.3418491484184915,0.32725060827250607,0.30413625304136255,0.30413625304136255,0.3150851581508516
30,0.34549878345498786,0.17807944213570437,0.15271225982379935,0.07651052895618608,0.39902676399026765,0.08107975125312805,0.0655083479359746,0.0,0.06425855401903391,0.8617775299353525,"[0.6094890236854553, 0.7347931861877441, 0.7274938821792603, 0.7262773513793945]",0.7567,0.3150851581508516,0.30656934306569344,0.3223844282238443,0.34306569343065696,0.3126520681265207,0.3126520681265207,0.3150851581508516
31,0.34549878345498786,0.18329039585584084,0.14010728572059575,0.07208027742418892,0.3929440389294404,0.08041183650493622,0.06414318922907114,0.0,0.0629686126485467,0.8011299569625407,"[0.6094890236854553, 0.7347931861877441, 0.7274938821792603, 0.7262773513793945]",0.7377,0.3004866180048662,0.30170316301703165,0.3029197080291971,0.35036496350364965,0.3309002433090024,0.3309002433090024,0.3029197080291971
32,0.35766423357664234,0.17803113518427327,0.1504591878007366,0.06824619318637021,0.4051094890510949,0.07998446375131607,0.06287986040115356,0.0,0.06177300773561001,0.8197612890508026,"[0.6094890236854553, 0.7347931861877441, 0.7274938821792603, 0.7262773513793945]",0.918,0.3102189781021898,0.3029197080291971,0.3381995133819951,0.35766423357664234,0.31873479318734793,0.31873479318734793,0.3077858880778589
33,0.3564476885644769,0.185859762182484,0.15035669564734527,0.08048158593949654,0.4075425790754258,0.07514618337154388,0.061723208986222744,0.0,0.06066971365362406,1.1652258250396699,"[0.6094890236854553, 0.7347931861877441, 0.7274938821792603, 0.7262773513793945]",0.7548,0.29318734793187345,0.29075425790754256,0.30656934306569344,0.3418491484184915,0.31143552311435524,0.31143552311435524,0.29318734793187345
34,0.3564476885644769,0.19275323575931735,0.1597384667871691,0.08033613428172814,0.40875912408759124,0.07587023079395294,0.060672168619930744,0.0,0.059668839909136295,0.7909580980194733,"[0.6094890236854553, 0.7347931861877441, 0.7274938821792603, 0.7262773513793945]",0.8948,0.30900243309002434,0.31143552311435524,0.3199513381995134,0.33698296836982966,0.31873479318734793,0.31873479318734793,0.30656934306569344
35,0.3442822384428224,0.18058594306280185,0.1538082285487318,0.07592455051484619,0.3880778588807786,0.07909515500068665,0.05970632750540972,0.0,0.05874326452612877,1.0022766900947317,"[0.6094890236854553, 0.7347931861877441, 0.7274938821792603, 0.7262773513793945]",1.0224,0.2980535279805353,0.3077858880778589,0.3126520681265207,0.3759124087591241,0.3746958637469586,0.3746958637469586,0.29927007299270075
36,0.34793187347931875,0.18550068769688088,0.14670577813201027,0.07884940151812142,0.3978102189781022,0.07525072246789932,0.05882468121126294,0.0,0.057903948705643415,0.7659904019674286,"[0.6094890236854553, 0.7347931861877441, 0.7274938821792603, 0.7262773513793945]",0.8108,0.28588807785888076,0.2822384428223844,0.28588807785888076,0.35279805352798055,0.340632603406326,0.340632603406326,0.29075425790754256
37,0.3381995133819951,0.17450073288609425,0.12774031560276244,0.05292146821535905,0.3771289537712895,0.07579416036605835,0.058020029217004776,0.0,0.05713036563247442,0.7681003600591794,"[0.6094890236854553, 0.7347931861877441, 0.7274938821792603, 0.7262773513793945]",0.7545,0.3029197080291971,0.30656934306569344,0.29683698296836986,0.3467153284671533,0.3357664233576642,0.3357664233576642,0.305352798053528
38,0.33698296836982966,0.1512608226133414,0.10615713777404594,0.05158832273138451,0.3588807785888078,0.07970201224088669,0.057287382427603006,0.0,0.05642949836328626,0.7544865990057588,"[0.6094890236854553, 0.7347931861877441, 0.7274938821792603, 0.7262773513793945]",0.7347,0.28588807785888076,0.28588807785888076,0.28588807785888076,0.3357664233576642,0.3357664233576642,0.3357664233576642,0.2895377128953771
39,0.33454987834549876,0.14456939669687208,0.11252723816387412,0.06245445491665962,0.38686131386861317,0.08067406713962555,0.056629137601703405,0.0,0.05579302553087473,0.7572201261064038,"[0.6094890236854553, 0.7347931861877441, 0.7274938821792603, 0.7262773513793945]",0.7625,0.2895377128953771,0.28832116788321166,0.29318734793187345,0.340632603406326,0.33698296836982966,0.33698296836982966,0.291970802919708
40,0.3126520681265207,0.16764938868119306,0.14021117911640135,0.059957861420579094,0.39172749391727496,0.0807185024023056,0.056037204805761576,0.0,0.05521408887580037,0.7407438209047541,"[0.6094890236854553, 0.7347931861877441, 0.7274938821792603, 0.7262773513793945]",0.7481,0.3102189781021898,0.305352798053528,0.30656934306569344,0.36009732360097324,0.33454987834549876,0.33454987834549876,0.3126520681265207
41,0.33941605839416056,0.15506859272748597,0.12071255932963337,0.06847938708837374,0.3953771289537713,0.08073025196790695,0.05550336465239525,0.0,0.054687934927642345,0.7498681939905509,"[0.6094890236854553, 0.7347931861877441, 0.7274938821792603, 0.7262773513793945]",0.7698,0.3077858880778589,0.30656934306569344,0.31143552311435524,0.40389294403892945,0.37834549878345497,0.37834549878345497,0.305352798053528
42,0.35279805352798055,0.16966070896237972,0.14742081475380134,0.05854112599421126,0.4002433090024331,0.07911776006221771,0.055023986380547285,0.0,0.05422581220045686,0.7951088339323178,"[0.6094890236854553, 0.7347931861877441, 0.7274938821792603, 0.7262773513793945]",0.7326,0.30656934306569344,0.30900243309002434,0.2871046228710462,0.36009732360097324,0.33941605839416056,0.33941605839416056,0.30413625304136255
43,0.34549878345498786,0.17845047789780688,0.1533815333159545,0.07209596777444088,0.41119221411192214,0.07506825029850006,0.05459276167675853,0.0,0.05381033103913069,0.8396454389439896,"[0.6094890236854553, 0.7347931861877441, 0.7274938821792603, 0.7262773513793945]",0.7739,0.2980535279805353,0.29927007299270075,0.2980535279805353,0.32725060827250607,0.32116788321167883,0.32116788321167883,0.3004866180048662
44,0.34549878345498786,0.1568619974376182,0.13182623210881914,0.07274651866656306,0.39902676399026765,0.07602997124195099,0.054205052088946104,0.0,0.05343627696856856,0.7819523010402918,"[0.6094890236854553, 0.7347931861877441, 0.7274938821792603, 0.7262773513793945]",0.9087,0.30656934306569344,0.31630170316301703,0.3175182481751825,0.36739659367396593,0.35036496350364965,0.35036496350364965,0.30900243309002434
45,0.3381995133819951,0.17669390963974096,0.14590876139950223,0.073166743929685,0.4075425790754258,0.07961785793304443,0.05385269969701767,0.0,0.053104931488633156,0.7778199160238728,"[0.6094890236854553, 0.7347931861877441, 0.7274938821792603, 0.7262773513793945]",0.8684,0.3004866180048662,0.30170316301703165,0.27858880778588807,0.36496350364963503,0.35036496350364965,0.35036496350364965,0.30413625304136255
46,0.340632603406326,0.1702490236284705,0.13708026418204824,0.07580900380520382,0.39172749391727496,0.07521679997444153,0.053538679145276546,0.0,0.05281231552362442,0.9629245650721714,"[0.6094890236854553, 0.7347931861877441, 0.7274938821792603, 0.7262773513793945]",0.8786,0.2846715328467153,0.2822384428223844,0.29683698296836986,0.34793187347931875,0.3236009732360097,0.3236009732360097,0.28588807785888076
47,0.3588807785888078,0.23163944021710214,0.16148690729066392,0.0792279876378279,0.41849148418491483,0.07508969306945801,0.053264700807631016,0.0,0.05254875496029854,0.9510746439918876,"[0.6094890236854553, 0.7347931861877441, 0.7274938821792603, 0.7262773513793945]",0.967,0.3199513381995134,0.3199513381995134,0.3381995133819951,0.33941605839416056,0.33454987834549876,0.33454987834549876,0.3260340632603406
48,0.3236009732360097,0.13844436945895444,0.15095442995544314,0.062263276568049315,0.36982968369829683,0.07829324901103973,0.053020070772618055,0.0,0.05231659160926938,0.7713859650539234,"[0.6094890236854553, 0.7347931861877441, 0.7274938821792603, 0.7262773513793945]",1.121,0.3175182481751825,0.3150851581508516,0.33698296836982966,0.3746958637469586,0.3661800486618005,0.3661800486618005,0.3175182481751825
49,0.33211678832116787,0.1349872819871918,0.12902367635326986,0.05204939590295488,0.3880778588807786,0.07816724479198456,0.05280363280326128,0.0,0.052110496908426285,0.8927118880674243,"[0.6094890236854553, 0.7347931861877441, 0.7274938821792603, 0.7262773513793945]",0.7253,0.3077858880778589,0.30170316301703165,0.30900243309002434,0.2773722627737226,0.2773722627737226,0.2773722627737226,0.30900243309002434
50,0.34549878345498786,0.18921237899677312,0.14403106577028413,0.0729456370906626,0.3953771289537713,0.07615349441766739,0.05260927276685834,0.0,0.051930894143879414,0.7722801771014929,"[0.6094890236854553, 0.7347931861877441, 0.7274938821792603, 0.7262773513793945]",0.8002,0.31386861313868614,0.3150851581508516,0.31630170316301703,0.3381995133819951,0.29683698296836986,0.29683698296836986,0.31873479318734793
51,0.3661800486618005,0.1928646142538094,0.15287225693483364,0.07980283835444461,0.4148418491484185,0.07688950002193451,0.05243665724992752,0.0,0.051772786770015955,1.0013553999597207,"[0.6094890236854553, 0.7347931861877441, 0.7274938821792603, 0.7262773513793945]",0.9409,0.3260340632603406,0.3199513381995134,0.35766423357664234,0.38077858880778587,0.3637469586374696,0.3637469586374696,0.32725060827250607
52,0.354014598540146,0.17671934119741828,0.13489190506578796,0.07551780161987116,0.40632603406326034,0.07664531469345093,0.052285656332969666,0.0,0.05163436336442828,1.1084642299683765,"[0.6094890236854553, 0.7347931861877441, 0.7274938821792603, 0.7262773513793945]",0.8011,0.3102189781021898,0.3102189781021898,0.2895377128953771,0.3333333333333333,0.3199513381995134,0.3199513381995134,0.3102189781021898
53,0.3613138686131387,0.1854611756312181,0.15146121989588127,0.07342307397123571,0.4051094890510949,0.07713933289051056,0.05215275660157204,0.0,0.051513235084712505,0.9397681800182909,"[0.6094890236854553, 0.7347931861877441, 0.7274938821792603, 0.7262773513793945]",0.7163,0.3004866180048662,0.3004866180048662,0.32116788321167883,0.36253041362530414,0.35279805352798055,0.35279805352798055,0.305352798053528
54,0.35279805352798055,0.17776971369800942,0.1446411710075952,0.07218649111209616,0.402676399026764,0.07975806295871735,0.05203486839309335,0.0,0.05140508525073528,0.7739990109112114,"[0.6094890236854553, 0.7347931861877441, 0.7274938821792603, 0.7262773513793945]",1.1127,0.2980535279805353,0.29683698296836986,0.3029197080291971,0.3333333333333333,0.32116788321167883,0.32116788321167883,0.2980535279805353
55,0.32968369829683697,0.16621042729409863,0.14502788791733054,0.06759702257218346,0.40389294403892945,0.07665460556745529,0.05193057470023632,0.0,0.05131245916709304,0.9934146270388737,"[0.6094890236854553, 0.7347931861877441, 0.7274938821792603, 0.7262773513793945]",0.9722,0.32116788321167883,0.3236009732360097,0.31630170316301703,0.3284671532846715,0.305352798053528,0.305352798053528,0.3223844282238443
56,0.3284671532846715,0.13040711858624854,0.12750838039461804,0.06917645480413555,0.40145985401459855,0.08141344040632248,0.0518389455974102,0.0,0.051230600103735924,1.2290147879393771,"[0.6094890236854553, 0.7347931861877441, 0.7274938821792603, 0.7262773513793945]",1.1591,0.31630170316301703,0.3199513381995134,0.3284671532846715,0.340632603406326,0.30656934306569344,0.30656934306569344,0.3199513381995134
57,0.35523114355231145,0.1873531057638499,0.14955643888792589,0.07545626581227384,0.4075425790754258,0.0774705559015274,0.05175795266404748,0.0,0.05115862749516964,1.6543315520975739,"[0.6094890236854553, 0.7347931861877441, 0.7274938821792603, 0.7262773513793945]",1.2235,0.3077858880778589,0.30413625304136255,0.33454987834549876,0.35766423357664234,0.35036496350364965,0.35036496350364965,0.3077858880778589
58,0.36982968369829683,0.19790224412407942,0.14973361136034874,0.08210962234121513,0.4124087591240876,0.07738501578569412,0.051684411242604256,0.0,0.05109585449099541,1.3653108089929447,"[0.6094890236854553, 0.7347931861877441, 0.7274938821792603, 0.7262773513793945]",1.0187,0.31386861313868614,0.3126520681265207,0.3357664233576642,0.34549878345498786,0.3309002433090024,0.3309002433090024,0.3150851581508516
59,0.3734793187347932,0.2022410293810033,0.15265414534785035,0.08462564038424951,0.41605839416058393,0.07718842476606369,0.05162183800712228,0.0,0.051038713194429874,1.150382635067217,"[0.6094890236854553, 0.7347931861877441, 0.7274938821792603, 0.7262773513793945]",0.77,0.31386861313868614,0.30900243309002434,0.3102189781021898,0.36009732360097324,0.354014598540146,0.354014598540146,0.3126520681265207
60,0.29683698296836986,0.15943485352968856,0.13618780181907564,0.06165290776110258,0.38564476885644766,0.07822128385305405,0.051567293237894773,0.0,0.05098927998915315,0.7610527159413323,"[0.6094890236854553, 0.7347931861877441, 0.7274938821792603, 0.7262773513793945]",0.78,0.3150851581508516,0.3077858880778589,0.3199513381995134,0.3381995133819951,0.31630170316301703,0.31630170316301703,0.31630170316301703
61,0.30900243309002434,0.10964486558745068,0.11077426817481621,0.04574609929804693,0.3759124087591241,0.0794060081243515,0.05151560343801975,0.0,0.05094535043463111,0.8077888400293887,"[0.6094890236854553, 0.7347931861877441, 0.7274938821792603, 0.7262773513793945]",0.9752,0.29927007299270075,0.30170316301703165,0.29318734793187345,0.35036496350364965,0.3175182481751825,0.3175182481751825,0.29927007299270075
62,0.33454987834549876,0.13449866893035123,0.10974972278059893,0.0596859316739599,0.3795620437956204,0.07952846586704254,0.05146815022453666,0.0,0.0509067983366549,0.7424804919864982,"[0.6094890236854553, 0.7347931861877441, 0.7274938821792603, 0.7262773513793945]",0.7017,0.28832116788321166,0.29075425790754256,0.30413625304136255,0.3686131386861314,0.36253041362530414,0.36253041362530414,0.2846715328467153
63,0.32725060827250607,0.16242072251683204,0.13839537399890486,0.06595154511841493,0.402676399026764,0.07971975952386856,0.051425873301923275,0.0,0.05087149515748024,0.7331530740484595,"[0.6094890236854553, 0.7347931861877441, 0.7274938821792603, 0.7262773513793945]",0.777,0.28588807785888076,0.2871046228710462,0.29927007299270075,0.3734793187347932,0.3686131386861314,0.3686131386861314,0.2846715328467153
64,0.32725060827250607,0.15543656382263205,0.14042881487848324,0.07639058569623154,0.40145985401459855,0.08019857853651047,0.0513868210837245,0.0,0.05084066651761532,0.7616405120352283,"[0.6094890236854553, 0.7347931861877441, 0.7274938821792603, 0.7262773513793945]",0.773,0.2822384428223844,0.27858880778588807,0.31143552311435524,0.33698296836982966,0.3126520681265207,0.3126520681265207,0.28588807785888076
65,0.3722627737226277,0.20847080602540957,0.15548666691264382,0.08873229623772126,0.4221411192214112,0.07964050769805908,0.051352682523429394,0.0,0.05081196967512369,0.7493386070709676,"[0.6094890236854553, 0.7347931861877441, 0.7274938821792603, 0.7262773513793945]",0.7213,0.29318734793187345,0.2956204379562044,0.31873479318734793,0.3795620437956204,0.34549878345498786,0.34549878345498786,0.2944038929440389
66,0.33698296836982966,0.18840774000931182,0.1572417336649827,0.07503635120331158,0.39416058394160586,0.08284685015678406,0.05132037866860628,0.0,0.050785770639777184,0.735883462941274,"[0.6094890236854553, 0.7347931861877441, 0.7274938821792603, 0.7262773513793945]",0.6959,0.29927007299270075,0.2944038929440389,0.3199513381995134,0.3637469586374696,0.35523114355231145,0.35523114355231145,0.2980535279805353
67,0.33941605839416056,0.1866754617414248,0.14214055989505192,0.07161607876146818,0.41362530413625304,0.08333262801170349,0.0512902345508337,0.0,0.05076240003108978,0.7530737799825147,"[0.6094890236854553, 0.7347931861877441, 0.7274938821792603, 0.7262773513793945]",0.9732,0.291970802919708,0.2956204379562044,0.31873479318734793,0.3613138686131387,0.31873479318734793,0.31873479318734793,0.2895377128953771
68,0.35279805352798055,0.19540762819451352,0.15655390081992937,0.08060339422184999,0.40632603406326034,0.08193443715572357,0.05126218684017658,0.0,0.05074127158150077,0.829618426039815,"[0.6094890236854553, 0.7347931861877441, 0.7274938821792603, 0.7262773513793945]",0.7462,0.2895377128953771,0.2895377128953771,0.32725060827250607,0.3844282238442822,0.33941605839416056,0.33941605839416056,0.2895377128953771
69,0.35523114355231145,0.1911176301302464,0.14808393547934764,0.0766468784172587,0.40875912408759124,0.0825669914484024,0.051236677914857864,0.0,0.05072005232796073,0.7930014110170305,"[0.6094890236854553, 0.7347931861877441, 0.7274938821792603, 0.7262773513793945]",0.7414,0.2749391727493917,0.2773722627737226,0.291970802919708,0.3381995133819951,0.3175182481751825,0.3175182481751825,0.27858880778588807
70,0.36982968369829683,0.19054652880354506,0.16675959224696105,0.08095975621740964,0.4099756690997567,0.08216480910778046,0.05121114617213607,0.0,0.05070208990946412,0.8490979720372707,"[0.6094890236854553, 0.7347931861877441, 0.7274938821792603, 0.7262773513793945]",0.71,0.29927007299270075,0.3029197080291971,0.3309002433090024,0.3953771289537713,0.3637469586374696,0.3637469586374696,0.29927007299270075
71,0.35766423357664234,0.17611817902254023,0.1556331099899977,0.06890777185547471,0.40632603406326034,0.08175767213106155,0.051185650285333395,0.0,0.05068513983860612,0.7412583639379591,"[0.6094890236854553, 0.7347931861877441, 0.7274938821792603, 0.7262773513793945]",0.6787,0.29683698296836986,0.29683698296836986,0.3686131386861314,0.3333333333333333,0.3248175182481752,0.3248175182481752,0.2956204379562044
72,0.3467153284671533,0.17947602636597848,0.15590301894299105,0.07793269802525553,0.4148418491484185,0.07949341088533401,0.0511611825786531,0.0,0.050668620970100164,0.7524362200638279,"[0.6094890236854553, 0.7347931861877441, 0.7274938821792603, 0.7262773513793945]",0.6907,0.3077858880778589,0.30900243309002434,0.3418491484184915,0.3309002433090024,0.3333333333333333,0.3333333333333333,0.30900243309002434
73,0.31873479318734793,0.16133451879491034,0.12925754539132966,0.06533695491058653,0.38929440389294406,0.0843978002667427,0.05113953072577715,0.0,0.0506501835770905,0.7068762560375035,"[0.6094890236854553, 0.7347931861877441, 0.7274938821792603, 0.7262773513793945]",0.7012,0.3077858880778589,0.31143552311435524,0.3491484184914842,0.33211678832116787,0.3333333333333333,0.3333333333333333,0.3102189781021898
74,0.3491484184914842,0.15361297958947995,0.12095933658644233,0.07172925426009033,0.3929440389294404,0.08378586173057556,0.05111841298639774,0.0,0.05063228867948055,0.7434429149143398,"[0.6094890236854553, 0.7347931861877441, 0.7274938821792603, 0.7262773513793945]",0.7057,0.30170316301703165,0.31143552311435524,0.340632603406326,0.3381995133819951,0.32725060827250607,0.32725060827250607,0.3004866180048662
75,0.32968369829683697,0.17477247674662255,0.1338512658222012,0.06672997190910446,0.40145985401459855,0.08259569108486176,0.05109774926677346,0.0,0.05061681615188718,0.8471409430494532,"[0.6094890236854553, 0.7347931861877441, 0.7274938821792603, 0.7262773513793945]",0.9159,0.29683698296836986,0.29683698296836986,0.28345498783454987,0.3661800486618005,0.3442822384428224,0.3442822384428224,0.29683698296836986
76,0.3236009732360097,0.14842460265702728,0.13068953424453147,0.0703094184179155,0.40389294403892945,0.0830940380692482,0.05107462825253606,0.0,0.05060305865481496,1.0855143340304494,"[0.6094890236854553, 0.7347931861877441, 0.7274938821792603, 0.7262773513793945]",0.732,0.29927007299270075,0.2980535279805353,0.2944038929440389,0.36739659367396593,0.340632603406326,0.340632603406326,0.29927007299270075
77,0.340632603406326,0.1956424403489515,0.1378724770801659,0.0790447352706803,0.41362530413625304,0.08266577124595642,0.051050870679318905,0.0,0.050588205456733704,0.8739804960787296,"[0.6094890236854553, 0.7347931861877441, 0.7274938821792603, 0.7262773513793945]",0.7856,0.2956204379562044,0.3077858880778589,0.32725060827250607,0.3491484184914842,0.33211678832116787,0.33211678832116787,0.29683698296836986
78,0.33941605839416056,0.17539101614315633,0.13621507710192962,0.07411854357541302,0.40389294403892945,0.08399028331041336,0.0510316351428628,0.0,0.0505734016187489,1.0246800129534677,"[0.6094890236854553, 0.7347931861877441, 0.7274938821792603, 0.7262773513793945]",0.7655,0.2980535279805353,0.3004866180048662,0.3102189781021898,0.3722627737226277,0.35279805352798055,0.35279805352798055,0.29683698296836986
79,0.33941605839416056,0.17725756207258836,0.1354599434774991,0.07947864460394198,0.41849148418491483,0.0834289938211441,0.05101047037169337,0.0,0.05055994540452957,0.7957134050084278,"[0.6094890236854553, 0.7347931861877441, 0.7274938821792603, 0.7262773513793945]",0.7138,0.30170316301703165,0.29683698296836986,0.3029197080291971,0.3734793187347932,0.35766423357664234,0.35766423357664234,0.2980535279805353
80,0.3418491484184915,0.18930034400345652,0.140929875876772,0.07015906422197397,0.3953771289537713,0.08367174863815308,0.05098974797874689,0.0,0.05054532689973712,0.749168568989262,"[0.6094890236854553, 0.7347931861877441, 0.7274938821792603, 0.7262773513793945]",0.9114,0.2980535279805353,0.29927007299270075,0.3175182481751825,0.3746958637469586,0.35766423357664234,0.35766423357664234,0.29683698296836986
81,0.34306569343065696,0.15530106243898556,0.12179853627093461,0.07795640834351238,0.4051094890510949,0.08154311776161194,0.050972110126167536,0.0,0.05052908742800355,0.8999953779857606,"[0.6094890236854553, 0.7347931861877441, 0.7274938821792603, 0.7262773513793945]",1.1594,0.28832116788321166,0.2871046228710462,0.3248175182481752,0.3844282238442822,0.36982968369829683,0.36982968369829683,0.2895377128953771
82,0.33698296836982966,0.1587610978412728,0.12870216565005885,0.07368980902454854,0.3978102189781022,0.08291849493980408,0.05095497379079461,0.0,0.05051381513476372,0.9124392439844087,"[0.6094890236854553, 0.7347931861877441, 0.7274938821792603, 0.7262773513793945]",0.7337,0.31630170316301703,0.3150851581508516,0.3260340632603406,0.3795620437956204,0.34793187347931875,0.34793187347931875,0.31873479318734793
83,0.33454987834549876,0.1781292155163905,0.13895076717693272,0.076681988253394,0.4075425790754258,0.08654150366783142,0.050939786713570356,0.0,0.05049873748794198,0.7618335629813373,"[0.6094890236854553, 0.7347931861877441, 0.7274938821792603, 0.7262773513793945]",0.7488,0.30413625304136255,0.305352798053528,0.3309002433090024,0.35766423357664234,0.34306569343065696,0.34306569343065696,0.29683698296836986
84,0.35036496350364965,0.184446537760511,0.15628054204332129,0.08078565918526508,0.41362530413625304,0.08477900922298431,0.05092480266466737,0.0,0.050482107792049646,0.9471337600843981,"[0.6094890236854553, 0.7347931861877441, 0.7274938821792603, 0.7262773513793945]",1.0341,0.29927007299270075,0.3029197080291971,0.3333333333333333,0.3661800486618005,0.3588807785888078,0.3588807785888078,0.2944038929440389
85,0.33211678832116787,0.1882744640245777,0.15757858179049986,0.07396720417021085,0.39172749391727496,0.08499898761510849,0.0509109846316278,0.0,0.050466323271393776,1.0478348809992895,"[0.6094890236854553, 0.7347931861877441, 0.7274938821792603, 0.7262773513793945]",0.8127,0.29683698296836986,0.30170316301703165,0.3588807785888078,0.36739659367396593,0.33698296836982966,0.33698296836982966,0.29075425790754256
86,0.3722627737226277,0.19723068129555366,0.14755053960765555,0.08896483542272225,0.4245742092457421,0.08405913412570953,0.050897265784442425,0.0,0.05045006750151515,0.791411868063733,"[0.6094890236854553, 0.7347931861877441, 0.7274938821792603, 0.7262773513793945]",0.79,0.28832116788321166,0.29318734793187345,0.3686131386861314,0.35036496350364965,0.33454987834549876,0.33454987834549876,0.28588807785888076
87,0.34306569343065696,0.18741098463352213,0.13907158628678482,0.07648000248100906,0.41849148418491483,0.08478983491659164,0.050882726442068815,0.0,0.050432389602065086,0.8112593659898266,"[0.6094890236854553, 0.7347931861877441, 0.7274938821792603, 0.7262773513793945]",0.7215,0.28588807785888076,0.29683698296836986,0.3759124087591241,0.34549878345498786,0.33698296836982966,0.33698296836982966,0.28588807785888076
88,0.3491484184914842,0.18512671421344906,0.15240864995148756,0.07684714886380374,0.42944038929440387,0.08385518193244934,0.05086850328370929,0.0,0.05041535012423992,0.7041258179815486,"[0.6094890236854553, 0.7347931861877441, 0.7274938821792603, 0.7262773513793945]",0.7412,0.3004866180048662,0.3029197080291971,0.3223844282238443,0.3710462287104623,0.3491484184914842,0.3491484184914842,0.30170316301703165
89,0.3759124087591241,0.2208242869945214,0.1574174359712518,0.096102561800157,0.42700729927007297,0.08521939069032669,0.050853815861046314,0.0,0.05039763683453202,0.7423138739541173,"[0.6094890236854553, 0.7347931861877441, 0.7274938821792603, 0.7262773513793945]",0.7281,0.30656934306569344,0.31143552311435524,0.3418491484184915,0.3953771289537713,0.3722627737226277,0.3722627737226277,0.31386861313868614
90,0.305352798053528,0.1402130407305301,0.12324319468275004,0.06114376605470237,0.39172749391727496,0.08508776128292084,0.05083915311843157,0.0,0.050380559638142586,0.9222094670403749,"[0.6094890236854553, 0.7347931861877441, 0.7274938821792603, 0.7262773513793945]",0.8154,0.3029197080291971,0.31143552311435524,0.3309002433090024,0.3905109489051095,0.3686131386861314,0.3686131386861314,0.30170316301703165
91,0.3102189781021898,0.11847781886271436,0.13403329075272866,0.045640195289239224,0.3880778588807786,0.08649642765522003,0.05082405544817448,0.0,0.05036338372156024,1.081008656998165,"[0.6094890236854553, 0.7347931861877441, 0.7274938821792603, 0.7262773513793945]",1.0552,0.31143552311435524,0.3029197080291971,0.3248175182481752,0.34793187347931875,0.3381995133819951,0.3381995133819951,0.3126520681265207
92,0.305352798053528,0.17905529494485195,0.15448716863851303,0.06787104834339933,0.41119221411192214,0.08613000065088272,0.05080920923501253,0.0,0.05034611560404301,1.231658125994727,"[0.6094890236854553, 0.7347931861877441, 0.7274938821792603, 0.7262773513793945]",1.2949,0.30170316301703165,0.30170316301703165,0.34549878345498786,0.38929440389294406,0.35523114355231145,0.35523114355231145,0.29683698296836986
93,0.36496350364963503,0.2000104407098191,0.15981734585342244,0.09084709062548804,0.4221411192214112,0.08565822243690491,0.05079588945955038,0.0,0.05032865749672055,1.7123169300612062,"[0.6094890236854553, 0.7347931861877441, 0.7274938821792603, 0.7262773513793945]",0.8987,0.28588807785888076,0.2846715328467153,0.36982968369829683,0.38929440389294406,0.3564476885644769,0.3564476885644769,0.28102189781021897
94,0.3381995133819951,0.19416121533221609,0.15177937201933725,0.07330193525554593,0.40145985401459855,0.08630524575710297,0.0507827652618289,0.0,0.050311167258769274,0.7751475570257753,"[0.6094890236854553, 0.7347931861877441, 0.7274938821792603, 0.7262773513793945]",0.7472,0.2944038929440389,0.291970802919708,0.3357664233576642,0.39416058394160586,0.37834549878345497,0.37834549878345497,0.2956204379562044
95,0.36739659367396593,0.21322338389044326,0.1665418954959643,0.09592396661188982,0.4209245742092457,0.08683064579963684,0.05076987994834781,0.0,0.050294102635234594,0.8345429620239884,"[0.6094890236854553, 0.7347931861877441, 0.7274938821792603, 0.7262773513793945]",0.7462,0.29683698296836986,0.29927007299270075,0.354014598540146,0.3795620437956204,0.36009732360097324,0.36009732360097324,0.291970802919708
96,0.3515815085158151,0.1956976692955017,0.16374879718976498,0.09383989301968777,0.4209245742092457,0.08409532904624939,0.050756874959915876,0.0,0.05027641961351037,0.874786161002703,"[0.6094890236854553, 0.7347931861877441, 0.7274938821792603, 0.7262773513793945]",0.7296,0.2980535279805353,0.3004866180048662,0.34549878345498786,0.38686131386861317,0.35279805352798055,0.35279805352798055,0.3029197080291971
97,0.3442822384428224,0.15547354957750614,0.134857343803077,0.07809794964575854,0.40145985401459855,0.085288867354393,0.05074509885162115,0.0,0.05025844741612673,0.7711129900999367,"[0.6094890236854553, 0.7347931861877441, 0.7274938821792603, 0.7262773513793945]",0.756,0.2895377128953771,0.29683698296836986,0.3515815085158151,0.3637469586374696,0.3442822384428224,0.3442822384428224,0.28832116788321166
98,0.3029197080291971,0.17236107792006983,0.13938207129819213,0.053460947724160886,0.39416058394160586,0.0851956158876419,0.05073387082666159,0.0,0.05024021677672863,0.7485316579695791,"[0.6094890236854553, 0.7347931861877441, 0.7274938821792603, 0.7262773513793945]",0.864,0.30170316301703165,0.2944038929440389,0.3357664233576642,0.35279805352798055,0.3199513381995134,0.3199513381995134,0.3029197080291971
99,0.30656934306569344,0.17082986031843794,0.1315485621293712,0.050272760124978576,0.3819951338199513,0.08497919142246246,0.05072219343855977,0.0,0.05022185482084751,0.7418874739669263,"[0.6094890236854553, 0.7347931861877441, 0.7274938821792603, 0.7262773513793945]",0.7984,0.29927007299270075,0.30413625304136255,0.3333333333333333,0.3588807785888078,0.3467153284671533,0.3467153284671533,0.305352798053528
100,0.3102189781021898,0.1753019136681736,0.1378403422784036,0.05495372181473833,0.3929440389294404,0.08486835658550262,0.050710965413600206,0.0,0.05020357808098197,0.7574341589352116,"[0.6094890236854553, 0.7347931861877441, 0.7274938821792603, 0.7262773513793945]",0.749,0.28832116788321166,0.2956204379562044,0.3637469586374696,0.3442822384428224,0.3357664233576642,0.3357664233576642,0.2798053527980535
101,0.33698296836982966,0.1925591220326336,0.14953103129467316,0.06686259477148682,0.39416058394160586,0.08450049161911011,0.05069893738254905,0.0,0.05018583219498396,0.7056713759666309,"[0.6094890236854553, 0.7347931861877441, 0.7274938821792603, 0.7262773513793945]",0.7477,0.2798053527980535,0.291970802919708,0.3467153284671533,0.35279805352798055,0.3333333333333333,0.3333333333333333,0.28345498783454987
102,0.3333333333333333,0.17500260984709048,0.13621762794537715,0.06370751796678777,0.39172749391727496,0.0843423455953598,0.05068589048460126,0.0,0.050168458838015795,0.7745407349430025,"[0.6094890236854553, 0.7347931861877441, 0.7274938821792603, 0.7262773513793945]",0.773,0.28345498783454987,0.29683698296836986,0.3102189781021898,0.34549878345498786,0.33941605839416056,0.33941605839416056,0.28102189781021897
103,0.38564476885644766,0.22295766896660163,0.16710950769783844,0.10366551698279115,0.4318734793187348,0.08643509447574615,0.050672718323767185,0.0,0.050150444731116295,0.7881517340429127,"[0.6094890236854553, 0.7347931861877441, 0.7274938821792603, 0.7262773513793945]",0.7469,0.28588807785888076,0.28832116788321166,0.3004866180048662,0.3418491484184915,0.31873479318734793,0.31873479318734793,0.28345498783454987
104,0.3746958637469586,0.21405412041765026,0.16798491585885145,0.10289198638587144,0.41849148418491483,0.08514627814292908,0.05065934965386987,0.0,0.05013314541429281,0.7275694980053231,"[0.6094890236854553, 0.7347931861877441, 0.7274938821792603, 0.7262773513793945]",0.7764,0.2798053527980535,0.2798053527980535,0.3284671532846715,0.39902676399026765,0.3734793187347932,0.3734793187347932,0.2822384428223844
105,0.3613138686131387,0.20796894643627317,0.15082891213325483,0.08364910822004831,0.40875912408759124,0.08525438606739044,0.050645367708057165,0.0,0.05011649616062641,0.8116859908914194,"[0.6094890236854553, 0.7347931861877441, 0.7274938821792603, 0.7262773513793945]",0.7682,0.3150851581508516,0.305352798053528,0.3248175182481752,0.3564476885644769,0.3126520681265207,0.3126520681265207,0.33698296836982966
106,0.33454987834549876,0.1896296296296296,0.14485809454524862,0.06743922315932344,0.38564476885644766,0.08477184921503067,0.050632210448384285,0.0,0.05010012211278081,0.753142646048218,"[0.6094890236854553, 0.7347931861877441, 0.7274938821792603, 0.7262773513793945]",0.7397,0.28832116788321166,0.2773722627737226,0.3175182481751825,0.33698296836982966,0.3029197080291971,0.3029197080291971,0.2871046228710462
107,0.3686131386861314,0.20530889379418238,0.16274898590251763,0.0923332893080887,0.44038929440389296,0.08397113531827927,0.05061915935948491,0.0,0.050084514543414116,0.9565760029945523,"[0.6094890236854553, 0.7347931861877441, 0.7274938821792603, 0.7262773513793945]",0.8922,0.28102189781021897,0.2822384428223844,0.33941605839416056,0.3880778588807786,0.3661800486618005,0.3661800486618005,0.2761557177615572
108,0.3309002433090024,0.1844252461967807,0.1356257366040976,0.06791026560377016,0.4075425790754258,0.08433222770690918,0.05060573294758797,0.0,0.05006917892023921,1.1933410379569978,"[0.6094890236854553, 0.7347931861877441, 0.7274938821792603, 0.7262773513793945]",1.0794,0.28588807785888076,0.2944038929440389,0.35523114355231145,0.36253041362530414,0.3442822384428224,0.3442822384428224,0.28345498783454987
109,0.35036496350364965,0.1924838753591941,0.16019604274964455,0.08856222625582784,0.41119221411192214,0.0854671522974968,0.050592448096722364,0.0,0.05005372501909733,0.912403411930427,"[0.6094890236854553, 0.7347931861877441, 0.7274938821792603, 0.7262773513793945]",0.6819,0.2871046228710462,0.2871046228710462,0.3333333333333333,0.36009732360097324,0.34793187347931875,0.34793187347931875,0.2798053527980535
110,0.38077858880778587,0.221480830920607,0.17784587251069148,0.10301277931497947,0.4221411192214112,0.0845157653093338,0.05058032786473632,0.0,0.05003829160705209,0.7520921650575474,"[0.6094890236854553, 0.7347931861877441, 0.7274938821792603, 0.7262773513793945]",0.6965,0.28832116788321166,0.2798053527980535,0.3150851581508516,0.3661800486618005,0.340632603406326,0.340632603406326,0.2895377128953771
111,0.3661800486618005,0.22029133796624178,0.15097711274734757,0.08075117413840174,0.3978102189781022,0.08563019335269928,0.05056778388097882,0.0,0.05002288753166795,0.8256538308924064,"[0.6094890236854553, 0.7347931861877441, 0.7274938821792603, 0.7262773513793945]",0.7826,0.3199513381995134,0.3199513381995134,0.3284671532846715,0.3978102189781022,0.36982968369829683,0.36982968369829683,0.32116788321167883
112,0.33454987834549876,0.18958873296300438,0.1499444796478828,0.0730551921460343,0.3734793187347932,0.08450905978679657,0.050555283669382334,0.0,0.050007638055831194,0.783543674973771,"[0.6094890236854553, 0.7347931861877441, 0.7274938821792603, 0.7262773513793945]",0.9291,0.305352798053528,0.3102189781021898,0.29683698296836986,0.3978102189781022,0.3844282238442822,0.3844282238442822,0.2956204379562044
113,0.31386861313868614,0.16501629955153718,0.12892952591656423,0.055436391822960604,0.38929440389294406,0.08380906283855438,0.050542234908789396,0.0,0.04999250266700983,0.8948925420409068,"[0.6094890236854553, 0.7347931861877441, 0.7274938821792603, 0.7262773513793945]",0.9233,0.2895377128953771,0.2846715328467153,0.31386861313868614,0.36739659367396593,0.354014598540146,0.354014598540146,0.2798053527980535
114,0.3175182481751825,0.16494878963913717,0.12810237069683575,0.0511072642199588,0.3844282238442822,0.08481073379516602,0.05052932072430849,0.0,0.049977466464042664,0.8495914819650352,"[0.6094890236854553, 0.7347931861877441, 0.7274938821792603, 0.7262773513793945]",0.727,0.3077858880778589,0.305352798053528,0.3491484184914842,0.38564476885644766,0.36982968369829683,0.36982968369829683,0.3102189781021898
115,0.3126520681265207,0.15823414586403195,0.1313717037976013,0.05279494870446749,0.3880778588807786,0.08478543907403946,0.050515223294496536,0.0,0.04996286053210497,0.74187277990859,"[0.6094890236854553, 0.7347931861877441, 0.7274938821792603, 0.7262773513793945]",0.7373,0.305352798053528,0.3077858880778589,0.31873479318734793,0.39416058394160586,0.3759124087591241,0.3759124087591241,0.291970802919708
116,0.3491484184914842,0.1895672237006022,0.1551057152768413,0.08393918354150116,0.4282238442822384,0.08460409194231033,0.05049973400309682,0.0,0.04994940850883722,0.8597493009874597,"[0.6094890236854553, 0.7347931861877441, 0.7274938821792603, 0.7262773513793945]",0.9915,0.2871046228710462,0.29318734793187345,0.32725060827250607,0.3333333333333333,0.3260340632603406,0.3260340632603406,0.2895377128953771
117,0.3491484184914842,0.21080400116287823,0.15793298866912447,0.08560287348056922,0.41362530413625304,0.08477164804935455,0.05048629594966769,0.0,0.049935431219637394,1.0257785079302266,"[0.6094890236854553, 0.7347931861877441, 0.7274938821792603, 0.7262773513793945]",1.5854,0.3029197080291971,0.30170316301703165,0.2944038929440389,0.35766423357664234,0.33941605839416056,0.33941605839416056,0.2944038929440389
118,0.34793187347931875,0.20967918419329667,0.1661733876788913,0.09240910115550274,0.41849148418491483,0.08413978666067123,0.05047221900895238,0.0,0.049922370351850986,0.9922965599689633,"[0.6094890236854553, 0.7347931861877441, 0.7274938821792603, 0.7262773513793945]",1.0151,0.32968369829683697,0.3381995133819951,0.34549878345498786,0.36496350364963503,0.34793187347931875,0.34793187347931875,0.33211678832116787
119,0.3223844282238443,0.18273485569242465,0.15184813904429414,0.08086078706697072,0.4075425790754258,0.0842936784029007,0.050457917619496584,0.0,0.04990892903879285,1.0088961099972948,"[0.6094890236854553, 0.7347931861877441, 0.7274938821792603, 0.7262773513793945]",0.7957,0.31873479318734793,0.3126520681265207,0.3661800486618005,0.35036496350364965,0.3223844282238443,0.3223844282238443,0.3199513381995134
120,0.32116788321167883,0.17164931138730266,0.1469185895559712,0.07274423716349727,0.40145985401459855,0.08478151261806488,0.05044356361031532,0.0,0.04989545466378331,0.7836929709883407,"[0.6094890236854553, 0.7347931861877441, 0.7274938821792603, 0.7262773513793945]",0.7319,0.3126520681265207,0.30170316301703165,0.35523114355231145,0.3467153284671533,0.33211678832116787,0.33211678832116787,0.31630170316301703
121,0.3260340632603406,0.17522345078649237,0.1458873783271427,0.07312320987875309,0.4002433090024331,0.0845760926604271,0.050431245006620884,0.0,0.04988143779337406,0.8445715189445764,"[0.6094890236854553, 0.7347931861877441, 0.7274938821792603, 0.7262773513793945]",1.1381,0.3102189781021898,0.30170316301703165,0.33454987834549876,0.35523114355231145,0.3309002433090024,0.3309002433090024,0.3077858880778589
122,0.3637469586374696,0.20075182937711922,0.16062404076913658,0.09491383004381335,0.4197080291970803,0.08415243029594421,0.05041789263486862,0.0,0.04986798716709018,0.8123667910695076,"[0.6094890236854553, 0.7347931861877441, 0.7274938821792603, 0.7262773513793945]",0.7537,0.30656934306569344,0.30170316301703165,0.35523114355231145,0.33941605839416056,0.32725060827250607,0.32725060827250607,0.30900243309002434
123,0.34793187347931875,0.19066250785288386,0.15457470391855552,0.0822610257714158,0.4051094890510949,0.08448324352502823,0.0504036289639771,0.0,0.0498550059273839,0.8555286690825596,"[0.6094890236854553, 0.7347931861877441, 0.7274938821792603, 0.7262773513793945]",0.8136,0.31143552311435524,0.30900243309002434,0.34549878345498786,0.35766423357664234,0.3564476885644769,0.3564476885644769,0.30900243309002434
124,0.3260340632603406,0.18078591936447164,0.15876133303293166,0.07723566895917038,0.39659367396593675,0.08479733765125275,0.050389118026942015,0.0,0.049842235166579485,0.7810563440434635,"[0.6094890236854553, 0.7347931861877441, 0.7274938821792603, 0.7262773513793945]",1.1863,0.32116788321167883,0.31630170316301703,0.3357664233576642,0.35766423357664234,0.35036496350364965,0.35036496350364965,0.3175182481751825
125,0.34306569343065696,0.18702998912083912,0.16879515346327303,0.09332888714455788,0.4124087591240876,0.08444363623857498,0.050375350285321474,0.0,0.04982895450666547,1.1640692099463195,"[0.6094890236854553, 0.7347931861877441, 0.7274938821792603, 0.7262773513793945]",0.9059,0.31873479318734793,0.31630170316301703,0.340632603406326,0.3588807785888078,0.3515815085158151,0.3515815085158151,0.3126520681265207
126,0.3199513381995134,0.16949437440694048,0.15433544523586915,0.07514520243618918,0.4099756690997567,0.08424632251262665,0.050362653099000454,0.0,0.0498158517293632,0.7692319320049137,"[0.6094890236854553, 0.7347931861877441, 0.7274938821792603, 0.7262773513793945]",0.7639,0.3029197080291971,0.3077858880778589,0.3175182481751825,0.3661800486618005,0.3661800486618005,0.3661800486618005,0.2980535279805353
127,0.36496350364963503,0.19046558925963797,0.1583747303971018,0.09383610174826014,0.4172749391727494,0.08353769779205322,0.050349895376712084,0.0,0.049802483059465885,0.7731372149428353,"[0.6094890236854553, 0.7347931861877441, 0.7274938821792603, 0.7262773513793945]",0.8064,0.28345498783454987,0.28832116788321166,0.3260340632603406,0.3588807785888078,0.34549878345498786,0.34549878345498786,0.29683698296836986
128,0.35523114355231145,0.21948230640237343,0.16701252273976738,0.10182460304366418,0.42944038929440387,0.08333588391542435,0.050338463857769966,0.0,0.04978906596079469,0.8843799970345572,"[0.6094890236854553, 0.7347931861877441, 0.7274938821792603, 0.7262773513793945]",0.8646,0.28588807785888076,0.2871046228710462,0.3260340632603406,0.36496350364963503,0.3467153284671533,0.3467153284671533,0.2895377128953771
129,0.3759124087591241,0.1905146746882025,0.16356505125622586,0.09191702830511074,0.4245742092457421,0.08363007754087448,0.05032645305618644,0.0,0.04977612243965268,0.8880018559284508,"[0.6094890236854553, 0.7347931861877441, 0.7274938821792603, 0.7262773513793945]",0.6883,0.28588807785888076,0.2980535279805353,0.3223844282238443,0.37834549878345497,0.3588807785888078,0.3588807785888078,0.291970802919708
130,0.35036496350364965,0.19706298771854724,0.14564215666678945,0.08740144986589653,0.4282238442822384,0.08418112993240356,0.05031417030841112,0.0,0.04976283898577094,0.8617733930004761,"[0.6094890236854553, 0.7347931861877441, 0.7274938821792603, 0.7262773513793945]",0.7074,0.32116788321167883,0.3260340632603406,0.35279805352798055,0.3710462287104623,0.354014598540146,0.354014598540146,0.3236009732360097
131,0.3613138686131387,0.16884142407287916,0.15433286855841502,0.08166247372278942,0.4318734793187348,0.08287706226110458,0.05030303867533803,0.0,0.0497498014010489,0.8072581900050864,"[0.6094890236854553, 0.7347931861877441, 0.7274938821792603, 0.7262773513793945]",0.7201,0.3029197080291971,0.3102189781021898,0.36982968369829683,0.36739659367396593,0.3381995133819951,0.3381995133819951,0.305352798053528
132,0.3564476885644769,0.16420865279825325,0.15504728821470523,0.08277900445999785,0.4318734793187348,0.0822586715221405,0.05029230611398816,0.0,0.04973671678453684,0.8138272420037538,"[0.6094890236854553, 0.7347931861877441, 0.7274938821792603, 0.7262773513793945]",0.7718,0.32725060827250607,0.33454987834549876,0.33941605839416056,0.354014598540146,0.32968369829683697,0.32968369829683697,0.32725060827250607
133,0.340632603406326,0.1713278128696739,0.1595684718990557,0.08585819776312903,0.4221411192214112,0.0815919041633606,0.050281815230846405,0.0,0.04972371878102422,0.8704572749556974,"[0.6094890236854553, 0.7347931861877441, 0.7274938821792603, 0.7262773513793945]",0.7825,0.3150851581508516,0.31630170316301703,0.3418491484184915,0.34549878345498786,0.34549878345498786,0.34549878345498786,0.30413625304136255
134,0.3333333333333333,0.17974379284914366,0.16364875507391677,0.07587346653042552,0.3929440389294404,0.08231416344642639,0.05027146404609084,0.0,0.04971095686778426,0.8091298489598557,"[0.6094890236854553, 0.7347931861877441, 0.7274938821792603, 0.7262773513793945]",0.7366,0.31143552311435524,0.3077858880778589,0.30170316301703165,0.32968369829683697,0.31386861313868614,0.31386861313868614,0.30170316301703165
135,0.3309002433090024,0.1788748715005466,0.1612552717885992,0.07441927772401215,0.3905109489051095,0.08188770711421967,0.0502613321878016,0.0,0.04969822708517313,0.7841147319413722,"[0.6094890236854553, 0.7347931861877441, 0.7274938821792603, 0.7262773513793945]",0.8411,0.2980535279805353,0.30170316301703165,0.3126520681265207,0.3467153284671533,0.3260340632603406,0.3260340632603406,0.291970802919708
136,0.3248175182481752,0.1790443147995523,0.1531593130758526,0.06273036205633746,0.3722627737226277,0.08380517363548279,0.05025097634643316,0.0,0.049685736652463675,0.7581473210593686,"[0.6094890236854553, 0.7347931861877441, 0.7274938821792603, 0.7262773513793945]",0.7203,0.30900243309002434,0.3077858880778589,0.33454987834549876,0.3515815085158151,0.3309002433090024,0.3309002433090024,0.2956204379562044
137,0.32116788321167883,0.18123690213957,0.1651535545903156,0.06943293937850784,0.3819951338199513,0.08384950459003448,0.05024093762040138,0.0,0.04967278568074107,0.8098568989662454,"[0.6094890236854553, 0.7347931861877441, 0.7274938821792603, 0.7262773513793945]",0.7253,0.29075425790754256,0.3004866180048662,0.31386861313868614,0.34793187347931875,0.32116788321167883,0.32116788321167883,0.28832116788321166
138,0.31386861313868614,0.16471692572126606,0.15478445012841094,0.0716235143375047,0.41362530413625304,0.0833016186952591,0.05023033078759909,0.0,0.04966038651764393,0.8733712969115004,"[0.6094890236854553, 0.7347931861877441, 0.7274938821792603, 0.7262773513793945]",0.8014,0.3029197080291971,0.30413625304136255,0.3357664233576642,0.34793187347931875,0.3357664233576642,0.3357664233576642,0.2944038929440389
139,0.2822384428223844,0.16302668933203324,0.15414993480469266,0.049255158549291536,0.3880778588807786,0.08423986285924911,0.05022015422582626,0.0,0.049648426938802004,0.8025502549717203,"[0.6094890236854553, 0.7347931861877441, 0.7274938821792603, 0.7262773513793945]",0.7541,0.3236009732360097,0.3309002433090024,0.38321167883211676,0.3515815085158151,0.33454987834549876,0.33454987834549876,0.3175182481751825
140,0.2822384428223844,0.1461604685923743,0.14355628877248852,0.04919760500400299,0.37834549878345497,0.08434869349002838,0.050209085922688246,0.0,0.04963729716837406,0.7990762810222805,"[0.6094890236854553, 0.7347931861877441, 0.7274938821792603, 0.7262773513793945]",0.7496,0.31143552311435524,0.30656934306569344,0.3515815085158151,0.3309002433090024,0.3102189781021898,0.3102189781021898,0.29683698296836986
141,0.3613138686131387,0.16509475028294496,0.1546276030877592,0.08619784374860703,0.4148418491484185,0.0840587466955185,0.05019774381071329,0.0,0.04962613107636571,0.8516781080979854,"[0.6094890236854553, 0.7347931861877441, 0.7274938821792603, 0.7262773513793945]",0.756,0.32725060827250607,0.3260340632603406,0.3442822384428224,0.3418491484184915,0.33698296836982966,0.33698296836982966,0.3236009732360097
142,0.36739659367396593,0.17231283414693654,0.15133416722755186,0.08657562652505851,0.4124087591240876,0.08328494429588318,0.05018632719293237,0.0,0.04961517173796892,0.8140324299456552,"[0.6094890236854553, 0.7347931861877441, 0.7274938821792603, 0.7262773513793945]",0.8157,0.3199513381995134,0.32116788321167883,0.3284671532846715,0.34306569343065696,0.32116788321167883,0.32116788321167883,0.3175182481751825
143,0.35523114355231145,0.1591636799471945,0.1515949073754487,0.07863363836954383,0.40875912408759124,0.08227185904979706,0.05017512571066618,0.0,0.049604146275669336,0.9559059769380838,"[0.6094890236854553, 0.7347931861877441, 0.7274938821792603, 0.7262773513793945]",0.9749,0.2822384428223844,0.291970802919708,0.31386861313868614,0.3564476885644769,0.34549878345498786,0.34549878345498786,0.29318734793187345
144,0.36253041362530414,0.1960415037358214,0.16647491988234234,0.09654782520526012,0.4343065693430657,0.08234027773141861,0.05016311910003424,0.0,0.04959342582151294,0.7507060070056468,"[0.6094890236854553, 0.7347931861877441, 0.7274938821792603, 0.7262773513793945]",0.7151,0.28588807785888076,0.29075425790754256,0.33941605839416056,0.3515815085158151,0.32725060827250607,0.32725060827250607,0.28588807785888076
145,0.3613138686131387,0.19548629688802055,0.17188890829501705,0.09778903867023726,0.43309002433090027,0.08253873884677887,0.05015214066952467,0.0,0.049582413863390684,0.721422536065802,"[0.6094890236854553, 0.7347931861877441, 0.7274938821792603, 0.7262773513793945]",0.7145,0.3102189781021898,0.30656934306569344,0.36009732360097324,0.33698296836982966,0.3150851581508516,0.3150851581508516,0.2944038929440389
146,0.3077858880778589,0.1512763934354835,0.1573892943114751,0.07840828060915023,0.4233576642335766,0.08345308899879456,0.050141336396336555,0.0,0.04957149736583233,0.7740397900342941,"[0.6094890236854553, 0.7347931861877441, 0.7274938821792603, 0.7262773513793945]",0.7086,0.3333333333333333,0.3357664233576642,0.38321167883211676,0.34306569343065696,0.3333333333333333,0.3333333333333333,0.3284671532846715
147,0.3126520681265207,0.18187919581312684,0.16827044006655595,0.07997937604162328,0.4221411192214112,0.08293372392654419,0.050130329094827175,0.0,0.049561066552996635,0.7689046158920974,"[0.6094890236854553, 0.7347931861877441, 0.7274938821792603, 0.7262773513793945]",0.8562,0.29683698296836986,0.2980535279805353,0.32725060827250607,0.36009732360097324,0.33454987834549876,0.33454987834549876,0.29683698296836986
148,0.3077858880778589,0.152997805158963,0.15944450827620585,0.07889004210833873,0.4257907542579075,0.08251509070396423,0.05011811712756753,0.0,0.049550303258001804,0.8403453010832891,"[0.6094890236854553, 0.7347931861877441, 0.7274938821792603, 0.7262773513793945]",0.8391,0.3029197080291971,0.3029197080291971,0.340632603406326,0.3564476885644769,0.3284671532846715,0.3284671532846715,0.305352798053528
149,0.3004866180048662,0.1565875924782567,0.14977099080688905,0.056483136718177056,0.3905109489051095,0.08324109017848969,0.05010737059637904,0.0,0.049539851024746895,0.8459406819893047,"[0.6094890236854553, 0.7347931861877441, 0.7274938821792603, 0.7262773513793945]",0.748,0.30413625304136255,0.3029197080291971,0.340632603406326,0.35523114355231145,0.3284671532846715,0.3284671532846715,0.30656934306569344
150,0.32968369829683697,0.1721978732970476,0.15999028606393426,0.07873590658841743,0.4075425790754258,0.08330238610506058,0.05009697005152702,0.0,0.049529644194990396,0.7998714469140396,"[0.6094890236854553, 0.7347931861877441, 0.7274938821792603, 0.7262773513793945]",0.8044,0.30413625304136255,0.3004866180048662,0.3381995133819951,0.3515815085158151,0.32725060827250607,0.32725060827250607,0.30656934306569344
151,0.32968369829683697,0.17239904909998893,0.15946382969298836,0.07916665315354056,0.40875912408759124,0.08300935477018356,0.050086744129657745,0.0,0.04951964784413576,0.9261086239712313,"[0.6094890236854553, 0.7347931861877441, 0.7274938821792603, 0.7262773513793945]",0.9984,0.30413625304136255,0.29927007299270075,0.3381995133819951,0.3515815085158151,0.3248175182481752,0.3248175182481752,0.30656934306569344
152,0.32968369829683697,0.17208287177687354,0.1595844535790507,0.07917676790184756,0.40875912408759124,0.08293937891721725,0.050077404361218214,0.0,0.04950928781181574,0.771025481983088,"[0.6094890236854553, 0.7347931861877441, 0.7274938821792603, 0.7262773513793945]",0.7286,0.29075425790754256,0.3029197080291971,0.31386861313868614,0.3199513381995134,0.29075425790754256,0.29075425790754256,0.2871046228710462
153,0.32968369829683697,0.17208287177687354,0.1595844535790507,0.07917676790184756,0.40875912408759124,0.0829273909330368,0.05006813211366534,0.0,0.04949922254309058,0.909508864977397,"[0.6094890236854553, 0.7347931861877441, 0.7274938821792603, 0.7262773513793945]",0.7854,0.3004866180048662,0.30170316301703165,0.3175182481751825,0.34549878345498786,0.32725060827250607,0.32725060827250607,0.29318734793187345
154,0.32968369829683697,0.17272254034357104,0.1616372791452174,0.07998291016507714,0.4099756690997567,0.08293406665325165,0.05005923751741648,0.0,0.049489357974380255,0.8042615849990398,"[0.6094890236854553, 0.7347931861877441, 0.7274938821792603, 0.7262773513793945]",0.7465,0.30413625304136255,0.3126520681265207,0.3150851581508516,0.340632603406326,0.3199513381995134,0.3199513381995134,0.29318734793187345
155,0.3309002433090024,0.17379687939737054,0.15892160893634893,0.0804325028850202,0.40875912408759124,0.08294328302145004,0.0500505780801177,0.0,0.049479853361845016,0.7997994379838929,"[0.6094890236854553, 0.7347931861877441, 0.7274938821792603, 0.7262773513793945]",0.7505,0.30413625304136255,0.3126520681265207,0.3150851581508516,0.340632603406326,0.3199513381995134,0.3199513381995134,0.2944038929440389
156,0.3333333333333333,0.16939076559964594,0.15890710131437807,0.08417214427006187,0.4245742092457421,0.0831327736377716,0.05004177475348115,0.0,0.049470378551632166,0.8082658810308203,"[0.6094890236854553, 0.7347931861877441, 0.7274938821792603, 0.7262773513793945]",0.8453,0.2871046228710462,0.2956204379562044,0.340632603406326,0.3418491484184915,0.3236009732360097,0.3236009732360097,0.29927007299270075
157,0.32116788321167883,0.1642277311613416,0.1553338011423728,0.07551917306601735,0.40389294403892945,0.08307866752147675,0.05003249924629927,0.0,0.0494610988534987,0.7723000909900293,"[0.6094890236854553, 0.7347931861877441, 0.7274938821792603, 0.7262773513793945]",0.7655,0.3150851581508516,0.31386861313868614,0.3381995133819951,0.36009732360097324,0.3418491484184915,0.3418491484184915,0.3077858880778589
158,0.3150851581508516,0.1553982778947829,0.15271418165924944,0.07516821841747257,0.4172749391727494,0.08488911390304565,0.05002313060685992,0.0,0.049452437087893486,0.8676907379413024,"[0.6094890236854553, 0.7347931861877441, 0.7274938821792603, 0.7262773513793945]",1.0338,0.2871046228710462,0.2871046228710462,0.3199513381995134,0.33941605839416056,0.31386861313868614,0.31386861313868614,0.3004866180048662
159,0.3199513381995134,0.15158531451487822,0.1512248226657491,0.07373914392537627,0.4099756690997567,0.0841195210814476,0.05001407116651535,0.0,0.04944371012970805,1.007928336970508,"[0.6094890236854553, 0.7347931861877441, 0.7274938821792603, 0.7262773513793945]",0.8453,0.2980535279805353,0.29683698296836986,0.3126520681265207,0.32116788321167883,0.305352798053528,0.305352798053528,0.2980535279805353
160,0.3175182481751825,0.15299290827037837,0.15570010267225062,0.07744478550119831,0.41119221411192214,0.08476314693689346,0.05000501265749335,0.0,0.04943503998219967,0.8016738600563258,"[0.6094890236854553, 0.7347931861877441, 0.7274938821792603, 0.7262773513793945]",0.8857,0.2773722627737226,0.28832116788321166,0.3004866180048662,0.3175182481751825,0.305352798053528,0.305352798053528,0.29318734793187345
161,0.34549878345498786,0.17211555741927753,0.1584698979387248,0.08447291539630926,0.41362530413625304,0.08360660076141357,0.04999608267098665,0.0,0.0494273635558784,0.764440284925513,"[0.6094890236854553, 0.7347931861877441, 0.7274938821792603, 0.7262773513793945]",0.7878,0.29683698296836986,0.30413625304136255,0.3126520681265207,0.33941605839416056,0.31873479318734793,0.31873479318734793,0.2980535279805353
162,0.34793187347931875,0.17608932655393006,0.1591087438393186,0.08660113373889644,0.4233576642335766,0.08304222673177719,0.04998692637309432,0.0,0.04941934114322066,0.9318706199992448,"[0.6094890236854553, 0.7347931861877441, 0.7274938821792603, 0.7262773513793945]",0.8769,0.3029197080291971,0.3029197080291971,0.3236009732360097,0.32725060827250607,0.31873479318734793,0.31873479318734793,0.305352798053528
163,0.3515815085158151,0.17975590714811274,0.1609228791332164,0.09111417207637364,0.4282238442822384,0.08277347683906555,0.049978313967585564,0.0,0.04941110219806433,0.8286813780432567,"[0.6094890236854553, 0.7347931861877441, 0.7274938821792603, 0.7262773513793945]",0.7904,0.28832116788321166,0.2956204379562044,0.31873479318734793,0.33454987834549876,0.3102189781021898,0.3102189781021898,0.305352798053528
164,0.33941605839416056,0.15428733835441233,0.1516655268848236,0.08255955213322873,0.4367396593673966,0.08237995207309723,0.04996955534443259,0.0,0.04940265417098999,0.933602835983038,"[0.6094890236854553, 0.7347931861877441, 0.7274938821792603, 0.7262773513793945]",0.8176,0.3004866180048662,0.3004866180048662,0.3248175182481752,0.3284671532846715,0.31386861313868614,0.31386861313868614,0.30413625304136255
165,0.3309002433090024,0.1931813923108634,0.16117554434869003,0.0907231283641641,0.44282238442822386,0.08327184617519379,0.04996084002777934,0.0,0.04939423408359289,0.8195749029982835,"[0.6094890236854553, 0.7347931861877441, 0.7274938821792603, 0.7262773513793945]",1.0991,0.2980535279805353,0.29927007299270075,0.32116788321167883,0.3260340632603406,0.3175182481751825,0.3175182481751825,0.30170316301703165
166,0.3418491484184915,0.17600932381928247,0.15926218134415518,0.08438597423450914,0.41605839416058393,0.08238568156957626,0.049952246248722076,0.0,0.0493862247094512,0.8874783850042149,"[0.6094890236854553, 0.7347931861877441, 0.7274938821792603, 0.7262773513793945]",0.795,0.29318734793187345,0.29927007299270075,0.3126520681265207,0.3467153284671533,0.33454987834549876,0.33454987834549876,0.305352798053528
167,0.3381995133819951,0.18676026624959086,0.16061329845325023,0.08104660974680693,0.41605839416058393,0.08285025507211685,0.0499434326775372,0.0,0.04937784420326352,0.8394049709895626,"[0.6094890236854553, 0.7347931861877441, 0.7274938821792603, 0.7262773513793945]",0.788,0.2980535279805353,0.30656934306569344,0.31873479318734793,0.3418491484184915,0.31873479318734793,0.31873479318734793,0.2944038929440389
168,0.3357664233576642,0.1655644653006434,0.1695354767479816,0.09718221923346977,0.451338199513382,0.08271849155426025,0.049935683608055115,0.0,0.04937005648389459,0.7682148799067363,"[0.6094890236854553, 0.7347931861877441, 0.7274938821792603, 0.7262773513793945]",0.7901,0.29683698296836986,0.3077858880778589,0.31630170316301703,0.3442822384428224,0.3199513381995134,0.3199513381995134,0.291970802919708
169,0.3333333333333333,0.16239268560718056,0.16585684015066454,0.09322636321947067,0.44768856447688565,0.0819440633058548,0.04992658691480756,0.0,0.04936320707201958,0.8728790510213003,"[0.6094890236854553, 0.7347931861877441, 0.7274938821792603, 0.7262773513793945]",1.0051,0.29318734793187345,0.2944038929440389,0.3199513381995134,0.3223844282238443,0.3004866180048662,0.3004866180048662,0.29318734793187345
170,0.3175182481751825,0.15512976948191137,0.159351233363512,0.08148322607842473,0.4282238442822384,0.08215397596359253,0.04991736263036728,0.0,0.04935689829289913,0.8076555950101465,"[0.6094890236854553, 0.7347931861877441, 0.7274938821792603, 0.7262773513793945]",0.7606,0.30413625304136255,0.30170316301703165,0.32968369829683697,0.32725060827250607,0.3102189781021898,0.3102189781021898,0.28832116788321166
171,0.3004866180048662,0.1626614133332862,0.15475059088848583,0.06686011727259601,0.4075425790754258,0.08225660026073456,0.04990824870765209,0.0,0.04935294482856989,0.8254836860578507,"[0.6094890236854553, 0.7347931861877441, 0.7274938821792603, 0.7262773513793945]",0.8679,0.3029197080291971,0.3004866180048662,0.3309002433090024,0.3260340632603406,0.31143552311435524,0.31143552311435524,0.2871046228710462
172,0.3029197080291971,0.16483559350885157,0.15649186196627965,0.06848383761827541,0.4099756690997567,0.08272308111190796,0.049899682868272066,0.0,0.049349999986588955,0.8224011589772999,"[0.6094890236854553, 0.7347931861877441, 0.7274938821792603, 0.7262773513793945]",0.8165,0.31386861313868614,0.3077858880778589,0.36253041362530414,0.3199513381995134,0.31873479318734793,0.31873479318734793,0.30656934306569344
173,0.3029197080291971,0.16483559350885157,0.15649186196627965,0.06848383761827541,0.4099756690997567,0.0827433168888092,0.0498907919973135,0.0,0.04934960184618831,0.9449917660094798,"[0.6094890236854553, 0.7347931861877441, 0.7274938821792603, 0.7262773513793945]",0.7398,0.30413625304136255,0.30170316301703165,0.32968369829683697,0.3284671532846715,0.31143552311435524,0.31143552311435524,0.2871046228710462
174,0.3077858880778589,0.16595248412481878,0.15641547077189863,0.06686904635059013,0.40632603406326034,0.08330918103456497,0.049881553277373314,0.0,0.04934787983074784,0.76909887092188,"[0.6094890236854553, 0.7347931861877441, 0.7274938821792603, 0.7262773513793945]",0.7479,0.30413625304136255,0.3029197080291971,0.3284671532846715,0.32725060827250607,0.3102189781021898,0.3102189781021898,0.2871046228710462
175,0.305352798053528,0.16311636905027238,0.1561002230537318,0.06635451963333562,0.40632603406326034,0.08357163518667221,0.049870788119733334,0.0,0.04934445023536682,0.8164322749944404,"[0.6094890236854553, 0.7347931861877441, 0.7274938821792603, 0.7262773513793945]",0.8402,0.31143552311435524,0.30900243309002434,0.340632603406326,0.3381995133819951,0.32116788321167883,0.32116788321167883,0.2944038929440389
176,0.3248175182481752,0.17094481506586678,0.16459423817437008,0.07916009760727917,0.4221411192214112,0.08285843580961227,0.04985929233953357,0.0,0.049339592922478914,0.7987970890244469,"[0.6094890236854553, 0.7347931861877441, 0.7274938821792603, 0.7262773513793945]",0.7884,0.3175182481751825,0.3126520681265207,0.3661800486618005,0.35523114355231145,0.32968369829683697,0.32968369829683697,0.3126520681265207
177,0.3223844282238443,0.16458689515871527,0.15957805843383893,0.08398065097657692,0.42700729927007297,0.08228854089975357,0.04984738817438483,0.0,0.04933418380096555,0.8022776540601626,"[0.6094890236854553, 0.7347931861877441, 0.7274938821792603, 0.7262773513793945]",0.7585,0.31386861313868614,0.31143552311435524,0.35523114355231145,0.36739659367396593,0.3357664233576642,0.3357664233576642,0.305352798053528
178,0.32116788321167883,0.16300000000000014,0.159584622996633,0.08322439246426307,0.42700729927007297,0.08221063017845154,0.04983688332140446,0.0,0.049327592831104994,0.8181804709602147,"[0.6094890236854553, 0.7347931861877441, 0.7274938821792603, 0.7262773513793945]",0.9764,0.30656934306569344,0.30656934306569344,0.3418491484184915,0.3661800486618005,0.34549878345498786,0.34549878345498786,0.2944038929440389
179,0.3236009732360097,0.16533439987727439,0.1596815023309439,0.08404775991236801,0.42700729927007297,0.08228036761283875,0.04982814425602555,0.0,0.049320357851684093,0.8244726039702073,"[0.6094890236854553, 0.7347931861877441, 0.7274938821792603, 0.7262773513793945]",1.0008,0.28345498783454987,0.29927007299270075,0.305352798053528,0.3564476885644769,0.32116788321167883,0.32116788321167883,0.2846715328467153
180,0.35766423357664234,0.18146173474679994,0.16399750348285547,0.0926726354582496,0.4318734793187348,0.08236147463321686,0.04982018796727061,0.0,0.04931286768987775,0.9643479570513591,"[0.6094890236854553, 0.7347931861877441, 0.7274938821792603, 0.7262773513793945]",0.8078,0.305352798053528,0.3077858880778589,0.3442822384428224,0.36496350364963503,0.3442822384428224,0.3442822384428224,0.291970802919708
181,0.35766423357664234,0.1811281524932219,0.1636572872738922,0.09206870267780597,0.43309002433090027,0.08203928172588348,0.04981214599683881,0.0,0.049305493012070656,0.7732410629978403,"[0.6094890236854553, 0.7347931861877441, 0.7274938821792603, 0.7262773513793945]",0.9136,0.305352798053528,0.3077858880778589,0.3418491484184915,0.36496350364963503,0.3442822384428224,0.3442822384428224,0.29075425790754256
182,0.354014598540146,0.18438361898212852,0.16226827519354842,0.09298826972210077,0.42944038929440387,0.08192285150289536,0.049804013688117266,0.0,0.04929808061569929,0.864815060980618,"[0.6094890236854553, 0.7347931861877441, 0.7274938821792603, 0.7262773513793945]",0.8066,0.305352798053528,0.3077858880778589,0.3442822384428224,0.3661800486618005,0.3491484184914842,0.3491484184914842,0.29318734793187345
183,0.3333333333333333,0.1589097060657776,0.16722587451804685,0.0871082518014504,0.42700729927007297,0.08115793764591217,0.0497959703207016,0.0,0.04929043632000685,0.9567653199192137,"[0.6094890236854553, 0.7347931861877441, 0.7274938821792603, 0.7262773513793945]",0.8149,0.30900243309002434,0.30656934306569344,0.3357664233576642,0.3637469586374696,0.35036496350364965,0.35036496350364965,0.2944038929440389
184,0.33454987834549876,0.1607516826626948,0.1685983192658852,0.08881436526803439,0.42700729927007297,0.08133526891469955,0.04978797025978565,0.0,0.049282676074653864,0.8082464981125668,"[0.6094890236854553, 0.7347931861877441, 0.7274938821792603, 0.7262773513793945]",0.8651,0.3102189781021898,0.3126520681265207,0.3637469586374696,0.3467153284671533,0.3248175182481752,0.3248175182481752,0.29683698296836986
185,0.35523114355231145,0.18970042015947086,0.17277561158093482,0.09660769776888566,0.4318734793187348,0.08089367300271988,0.0497797061689198,0.0,0.04927607532590628,0.8081728869583458,"[0.6094890236854553, 0.7347931861877441, 0.7274938821792603, 0.7262773513793945]",0.787,0.29075425790754256,0.29927007299270075,0.31143552311435524,0.33941605839416056,0.32968369829683697,0.32968369829683697,0.2956204379562044
186,0.3564476885644769,0.1861447068467923,0.16182683544050733,0.0923417834068661,0.42700729927007297,0.08095529675483704,0.049771794117987156,0.0,0.049269077368080616,0.7849289770238101,"[0.6094890236854553, 0.7347931861877441, 0.7274938821792603, 0.7262773513793945]",0.7729,0.2956204379562044,0.3029197080291971,0.3175182481751825,0.340632603406326,0.33211678832116787,0.33211678832116787,0.3004866180048662
187,0.3515815085158151,0.1852759595358524,0.17143667359441705,0.09294777529214705,0.4306569343065693,0.08054958283901215,0.049762952607125044,0.0,0.04926174599677324,0.8481343450257555,"[0.6094890236854553, 0.7347931861877441, 0.7274938821792603, 0.7262773513793945]",0.9467,0.3175182481751825,0.31873479318734793,0.35766423357664234,0.35523114355231145,0.34549878345498786,0.34549878345498786,0.3004866180048662
188,0.34306569343065696,0.1624779241950821,0.17086624494032232,0.0902657391432172,0.4233576642335766,0.08138200640678406,0.04975483985617757,0.0,0.04925477225333452,0.786551792989485,"[0.6094890236854553, 0.7347931861877441, 0.7274938821792603, 0.7262773513793945]",0.7769,0.28832116788321166,0.3029197080291971,0.35766423357664234,0.35766423357664234,0.34306569343065696,0.34306569343065696,0.2980535279805353
189,0.340632603406326,0.16024902788275397,0.1677818632879475,0.08984607431976857,0.4221411192214112,0.0820499062538147,0.0497467084787786,0.0,0.04924831911921501,0.8235891179647297,"[0.6094890236854553, 0.7347931861877441, 0.7274938821792603, 0.7262773513793945]",0.885,0.28832116788321166,0.3029197080291971,0.3564476885644769,0.35766423357664234,0.34306569343065696,0.34306569343065696,0.2980535279805353
190,0.340632603406326,0.16044841511375263,0.1679497612634345,0.09003059628600965,0.4221411192214112,0.08199732005596161,0.049737260676920414,0.0,0.04924196982756257,0.841686874977313,"[0.6094890236854553, 0.7347931861877441, 0.7274938821792603, 0.7262773513793945]",0.8109,0.28588807785888076,0.291970802919708,0.3309002433090024,0.3613138686131387,0.33698296836982966,0.33698296836982966,0.2798053527980535
191,0.33698296836982966,0.15686912924092067,0.1693441890193489,0.08714412034407144,0.4221411192214112,0.08207429945468903,0.04972788458690047,0.0,0.04923565359786153,0.9832349419593811,"[0.6094890236854553, 0.7347931861877441, 0.7274938821792603, 0.7262773513793945]",0.931,0.2871046228710462,0.2956204379562044,0.340632603406326,0.3613138686131387,0.35279805352798055,0.35279805352798055,0.2944038929440389
192,0.34549878345498786,0.16878244623463912,0.1746592183280634,0.09085697103390705,0.41605839416058393,0.08204770088195801,0.04971863189712167,0.0,0.04922937974333763,0.7962545659393072,"[0.6094890236854553, 0.7347931861877441, 0.7274938821792603, 0.7262773513793945]",0.7848,0.28588807785888076,0.29683698296836986,0.34306569343065696,0.36253041362530414,0.35523114355231145,0.35523114355231145,0.2956204379562044
193,0.34549878345498786,0.16878244623463912,0.1746592183280634,0.09085697103390705,0.41605839416058393,0.08207052946090698,0.04970953520387411,0.0,0.04922291496768594,0.8815370219526812,"[0.6094890236854553, 0.7347931861877441, 0.7274938821792603, 0.7262773513793945]",0.7608,0.2822384428223844,0.291970802919708,0.32116788321167883,0.3564476885644769,0.3284671532846715,0.3284671532846715,0.28345498783454987
194,0.3236009732360097,0.1656147820070215,0.16550254135087716,0.07885764721249076,0.402676399026764,0.08231376111507416,0.04970114305615425,0.0,0.04921663226559758,0.826013604993932,"[0.6094890236854553, 0.7347931861877441, 0.7274938821792603, 0.7262773513793945]",0.865,0.27858880778588807,0.291970802919708,0.32968369829683697,0.35523114355231145,0.3357664233576642,0.3357664233576642,0.28588807785888076
195,0.32725060827250607,0.16951493559879427,0.16677665235466477,0.0812113540317836,0.40632603406326034,0.08242190629243851,0.049692452885210514,0.0,0.049210538156330585,0.858803647919558,"[0.6094890236854553, 0.7347931861877441, 0.7274938821792603, 0.7262773513793945]",0.8369,0.2798053527980535,0.291970802919708,0.32968369829683697,0.35523114355231145,0.3357664233576642,0.3357664233576642,0.28588807785888076
196,0.3333333333333333,0.17286056610875966,0.16713893560345283,0.08011700946127233,0.4099756690997567,0.08238936960697174,0.04968325747177005,0.0,0.0492051150649786,0.8015017970465124,"[0.6094890236854553, 0.7347931861877441, 0.7274938821792603, 0.7262773513793945]",0.8009,0.28832116788321166,0.29075425790754256,0.3077858880778589,0.35036496350364965,0.3357664233576642,0.3357664233576642,0.2895377128953771
197,0.3564476885644769,0.17619354349802963,0.1631606650776761,0.09447386024334108,0.4209245742092457,0.08255243301391602,0.049673867877572775,0.0,0.04919979767873883,0.8136838409118354,"[0.6094890236854553, 0.7347931861877441, 0.7274938821792603, 0.7262773513793945]",0.8139,0.2895377128953771,0.29318734793187345,0.30656934306569344,0.3515815085158151,0.3357664233576642,0.3357664233576642,0.291970802919708
198,0.32968369829683697,0.1933152970553611,0.170146285076112,0.08459830344469016,0.4172749391727494,0.08280172199010849,0.04966420168057084,0.0,0.049193739891052246,0.7970904550747946,"[0.6094890236854553, 0.7347931861877441, 0.7274938821792603, 0.7262773513793945]",0.8188,0.29683698296836986,0.2944038929440389,0.3126520681265207,0.3442822384428224,0.33454987834549876,0.33454987834549876,0.2980535279805353
199,0.3175182481751825,0.13144645914440867,0.15287086191430532,0.07653093024621821,0.4051094890510949,0.08277909457683563,0.04965584585443139,0.0,0.04918886907398701,0.8454275518888608,"[0.6094890236854553, 0.7347931861877441, 0.7274938821792603, 0.7262773513793945]",1.0706,0.29075425790754256,0.29927007299270075,0.3126520681265207,0.3515815085158151,0.3381995133819951,0.3381995133819951,0.29683698296836986
200,0.33698296836982966,0.16893144087872636,0.16572272705005575,0.08786397176262836,0.4233576642335766,0.08304082602262497,0.04964528512209654,0.0,0.04918493842706084,1.0274950489401817,"[0.6094890236854553, 0.7347931861877441, 0.7274938821792603, 0.7262773513793945]",1.1187,0.28345498783454987,0.29318734793187345,0.3333333333333333,0.36009732360097324,0.34549878345498786,0.34549878345498786,0.29318734793187345
201,0.34306569343065696,0.1751190268233126,0.16613094756709104,0.08898688134588056,0.4197080291970803,0.08264779299497604,0.04963385686278343,0.0,0.04918027576059103,1.0664628760423511,"[0.6094890236854553, 0.7347931861877441, 0.7274938821792603, 0.7262773513793945]",1.1431,0.28345498783454987,0.29318734793187345,0.3333333333333333,0.3613138686131387,0.34306569343065696,0.34306569343065696,0.29318734793187345
202,0.33941605839416056,0.17142942004180484,0.16552967329780516,0.0871609520058595,0.41849148418491483,0.0824236050248146,0.04962357506155968,0.0,0.04917469620704651,1.0209936279570684,"[0.6094890236854553, 0.7347931861877441, 0.7274938821792603, 0.7262773513793945]",1.1393,0.2822384428223844,0.291970802919708,0.33211678832116787,0.3613138686131387,0.34306569343065696,0.34306569343065696,0.291970802919708
203,0.3381995133819951,0.1704748035951137,0.1643587762025371,0.0858373886579348,0.41605839416058393,0.08232438564300537,0.04961535334587097,0.0,0.04917022306472063,1.0477118770359084,"[0.6094890236854553, 0.7347931861877441, 0.7274938821792603, 0.7262773513793945]",1.1947,0.2822384428223844,0.29318734793187345,0.3309002433090024,0.36009732360097324,0.3418491484184915,0.3418491484184915,0.291970802919708
204,0.33454987834549876,0.18265602163907235,0.17808154478643778,0.08822361054833497,0.4245742092457421,0.08212288469076157,0.04960588505491614,0.0,0.04916515154764056,1.0096257199766114,"[0.6094890236854553, 0.7347931861877441, 0.7274938821792603, 0.7262773513793945]",0.9266,0.2871046228710462,0.3029197080291971,0.3357664233576642,0.36009732360097324,0.34793187347931875,0.34793187347931875,0.2956204379562044
205,0.31873479318734793,0.13715022643433417,0.15519060982793603,0.07741403710734847,0.42700729927007297,0.082545205950737,0.04959789011627436,0.0,0.04915880551561713,0.8195159579627216,"[0.6094890236854553, 0.7347931861877441, 0.7274938821792603, 0.7262773513793945]",0.9138,0.2871046228710462,0.30170316301703165,0.33698296836982966,0.36253041362530414,0.35279805352798055,0.35279805352798055,0.2956204379562044
206,0.32968369829683697,0.17628080385559708,0.17376253268936495,0.08304498564119915,0.4197080291970803,0.08210510015487671,0.04959055222570896,0.0,0.04915280779823661,0.9065673099830747,"[0.6094890236854553, 0.7347931861877441, 0.7274938821792603, 0.7262773513793945]",0.9601,0.2871046228710462,0.30413625304136255,0.33941605839416056,0.3588807785888078,0.3491484184914842,0.3491484184914842,0.2956204379562044
207,0.32968369829683697,0.17732962068909153,0.1724381471145284,0.0837720616688863,0.4197080291970803,0.08230270445346832,0.04958258057013154,0.0,0.049146723467856646,1.0300324789714068,"[0.6094890236854553, 0.7347931861877441, 0.7274938821792603, 0.7262773513793945]",1.1281,0.2871046228710462,0.30413625304136255,0.33941605839416056,0.3588807785888078,0.3491484184914842,0.3491484184914842,0.2956204379562044
208,0.3309002433090024,0.17897179883447034,0.17118990014414387,0.08535891912654202,0.4209245742092457,0.08228637278079987,0.04957559797912836,0.0,0.049140674993395805,1.0230484149651602,"[0.6094890236854553, 0.7347931861877441, 0.7274938821792603, 0.7262773513793945]",1.1038,0.28832116788321166,0.305352798053528,0.3381995133819951,0.36009732360097324,0.3491484184914842,0.3491484184914842,0.2956204379562044
209,0.33211678832116787,0.1659773122941639,0.1617775554785394,0.08369322110410174,0.4099756690997567,0.08251941204071045,0.04956860654056072,0.0,0.04913458647206426,0.974195142975077,"[0.6094890236854553, 0.7347931861877441, 0.7274938821792603, 0.7262773513793945]",0.8128,0.2871046228710462,0.30170316301703165,0.340632603406326,0.36009732360097324,0.35036496350364965,0.35036496350364965,0.2956204379562044
210,0.35766423357664234,0.18511022198356397,0.16450863892702275,0.10237057845512283,0.4464720194647202,0.08191996812820435,0.04956184467300773,0.0,0.049128263257443905,0.9429102359572425,"[0.6094890236854553, 0.7347931861877441, 0.7274938821792603, 0.7262773513793945]",0.9126,0.2871046228710462,0.2956204379562044,0.305352798053528,0.34793187347931875,0.34306569343065696,0.34306569343065696,0.2956204379562044
211,0.3381995133819951,0.17038708145333636,0.16583411746329982,0.08289522396298925,0.4148418491484185,0.08163969218730927,0.04955524718388915,0.0,0.04912196611985564,0.7979682859731838,"[0.6094890236854553, 0.7347931861877441, 0.7274938821792603, 0.7262773513793945]",0.7473,0.2871046228710462,0.2980535279805353,0.3175182481751825,0.3491484184914842,0.34549878345498786,0.34549878345498786,0.29927007299270075
212,0.3381995133819951,0.1708039808707551,0.16508645264587568,0.08269141375055776,0.4148418491484185,0.08174596726894379,0.049548919312655926,0.0,0.049115599133074284,0.7974885998992249,"[0.6094890236854553, 0.7347931861877441, 0.7274938821792603, 0.7262773513793945]",0.7773,0.28832116788321166,0.2956204379562044,0.31873479318734793,0.35036496350364965,0.3467153284671533,0.3467153284671533,0.29927007299270075
213,0.3381995133819951,0.16125123561110943,0.16180343434858294,0.09241052652836641,0.4306569343065693,0.08205689489841461,0.049542464315891266,0.0,0.04910897836089134,0.8097520649898797,"[0.6094890236854553, 0.7347931861877441, 0.7274938821792603, 0.7262773513793945]",0.7828,0.29075425790754256,0.2895377128953771,0.3284671532846715,0.3613138686131387,0.3467153284671533,0.3467153284671533,0.2846715328467153
214,0.340632603406326,0.1804661617898905,0.16338712890748275,0.08557614421331332,0.4221411192214112,0.0814223662018776,0.04953661886975169,0.0,0.04910243581980467,0.8130186719354242,"[0.6094890236854553, 0.7347931861877441, 0.7274938821792603, 0.7262773513793945]",0.8185,0.2749391727493917,0.2798053527980535,0.3734793187347932,0.3953771289537713,0.37834549878345497,0.37834549878345497,0.2712895377128954
215,0.3381995133819951,0.1617323687816693,0.16198127701242776,0.09193573864857295,0.4306569343065693,0.08177600800991058,0.04953104164451361,0.0,0.049096631817519665,0.8533891650149599,"[0.6094890236854553, 0.7347931861877441, 0.7274938821792603, 0.7262773513793945]",0.815,0.2761557177615572,0.2798053527980535,0.3722627737226277,0.3929440389294404,0.3759124087591241,0.3759124087591241,0.2725060827250608
216,0.3442822384428224,0.18186602455557876,0.16911314817550607,0.08525451336445258,0.41849148418491483,0.08203247934579849,0.049524438101798296,0.0,0.04909105831757188,0.8719763590488583,"[0.6094890236854553, 0.7347931861877441, 0.7274938821792603, 0.7262773513793945]",0.7906,0.2761557177615572,0.2798053527980535,0.3759124087591241,0.3929440389294404,0.3771289537712895,0.3771289537712895,0.2712895377128954
217,0.3357664233576642,0.1722359728364916,0.16514221738203747,0.08330966051095248,0.41605839416058393,0.08209718763828278,0.049517696257680655,0.0,0.04908498376607895,0.8029371359152719,"[0.6094890236854553, 0.7347931861877441, 0.7274938821792603, 0.7262773513793945]",0.8572,0.2749391727493917,0.28345498783454987,0.3771289537712895,0.38929440389294406,0.3759124087591241,0.3759124087591241,0.27007299270072993
218,0.305352798053528,0.1760013342345268,0.1681979513228018,0.07358259538541011,0.4197080291970803,0.08232654631137848,0.049511168617755175,0.0,0.04907911131158471,0.8289481960237026,"[0.6094890236854553, 0.7347931861877441, 0.7274938821792603, 0.7262773513793945]",0.7584,0.29075425790754256,0.2956204379562044,0.28832116788321166,0.3150851581508516,0.30413625304136255,0.30413625304136255,0.29927007299270075
219,0.3175182481751825,0.1623458718729338,0.1733667985767464,0.08914327447927398,0.4343065693430657,0.08175789564847946,0.04950491338968277,0.0,0.049073146656155586,0.9183907440165058,"[0.6094890236854553, 0.7347931861877441, 0.7274938821792603, 0.7262773513793945]",0.9213,0.2895377128953771,0.29683698296836986,0.291970802919708,0.31143552311435524,0.30170316301703165,0.30170316301703165,0.2980535279805353
220,0.32725060827250607,0.19204497585373959,0.16510287261266635,0.07226071196349455,0.4148418491484185,0.08147163689136505,0.04949804162606597,0.0,0.04906782507896423,1.0908640929264948,"[0.6094890236854553, 0.7347931861877441, 0.7274938821792603, 0.7262773513793945]",0.7674,0.291970802919708,0.2980535279805353,0.2944038929440389,0.3126520681265207,0.3004866180048662,0.3004866180048662,0.29927007299270075
221,0.3199513381995134,0.1697839802843163,0.16970071946873794,0.0847715114363266,0.4257907542579075,0.08135554194450378,0.04948941711336374,0.0,0.04906218545511365,0.772118040942587,"[0.6094890236854553, 0.7347931861877441, 0.7274938821792603, 0.7262773513793945]",0.8644,0.28832116788321166,0.2956204379562044,0.291970802919708,0.31386861313868614,0.30170316301703165,0.30170316301703165,0.29683698296836986
222,0.34793187347931875,0.16673853346345002,0.15709508434982006,0.08911461945156741,0.4416058394160584,0.08144817501306534,0.04948268784210086,0.0,0.04905618680641055,0.9643708390649408,"[0.6094890236854553, 0.7347931861877441, 0.7274938821792603, 0.7262773513793945]",0.9574,0.28832116788321166,0.2944038929440389,0.29318734793187345,0.3126520681265207,0.3004866180048662,0.3004866180048662,0.29683698296836986
223,0.34793187347931875,0.16784491339272734,0.15819874221305089,0.09031846203426258,0.44282238442822386,0.08162891119718552,0.04947550222277641,0.0,0.04905017605051398,1.0448437579907477,"[0.6094890236854553, 0.7347931861877441, 0.7274938821792603, 0.7262773513793945]",1.0149,0.29075425790754256,0.2944038929440389,0.2944038929440389,0.3126520681265207,0.29927007299270075,0.29927007299270075,0.29683698296836986
224,0.3199513381995134,0.15045749773053763,0.15855231388068183,0.07582175987347801,0.40875912408759124,0.08177469670772552,0.04946857923641801,0.0,0.04904501046985388,0.9357817809795961,"[0.6094890236854553, 0.7347931861877441, 0.7274938821792603, 0.7262773513793945]",0.7693,0.2944038929440389,0.29075425790754256,0.3004866180048662,0.3260340632603406,0.31873479318734793,0.31873479318734793,0.2980535279805353
225,0.33941605839416056,0.17505724841654302,0.16872232794644795,0.08724217476539876,0.4257907542579075,0.08226680755615234,0.04946092329919338,0.0,0.04904115432873368,1.0605905969860032,"[0.6094890236854553, 0.7347931861877441, 0.7274938821792603, 0.7262773513793945]",0.7864,0.2944038929440389,0.29075425790754256,0.3029197080291971,0.32725060827250607,0.3223844282238443,0.3223844282238443,0.29927007299270075
226,0.3175182481751825,0.14815033749459672,0.16742955764200543,0.08185361282534848,0.4282238442822384,0.08222272247076035,0.0494536473415792,0.0,0.04903834033757448,0.9342805199557915,"[0.6094890236854553, 0.7347931861877441, 0.7274938821792603, 0.7262773513793945]",0.7324,0.29318734793187345,0.2895377128953771,0.3029197080291971,0.3284671532846715,0.3248175182481752,0.3248175182481752,0.3004866180048662
227,0.30900243309002434,0.17788710421501552,0.15543182034260986,0.06927407471385734,0.40632603406326034,0.08235947787761688,0.049444038420915604,0.0,0.04903366370126605,1.1802638409426436,"[0.6094890236854553, 0.7347931861877441, 0.7274938821792603, 0.7262773513793945]",1.0682,0.2944038929440389,0.28832116788321166,0.30900243309002434,0.3284671532846715,0.3223844282238443,0.3223844282238443,0.3029197080291971
228,0.3029197080291971,0.16441333160659455,0.1560722034651229,0.0682060342041008,0.39416058394160586,0.08379699289798737,0.049435680732131004,0.0,0.049028387293219566,0.8501912530045956,"[0.6094890236854553, 0.7347931861877441, 0.7274938821792603, 0.7262773513793945]",0.7139,0.29318734793187345,0.30900243309002434,0.3333333333333333,0.3223844282238443,0.3029197080291971,0.3029197080291971,0.2980535279805353
229,0.31386861313868614,0.16566996301728554,0.1556884419116681,0.07387589910502967,0.40389294403892945,0.08401051163673401,0.049426883459091187,0.0,0.049025656655430794,0.7956909440690652,"[0.6094890236854553, 0.7347931861877441, 0.7274938821792603, 0.7262773513793945]",0.9047,0.2895377128953771,0.30413625304136255,0.32116788321167883,0.35766423357664234,0.340632603406326,0.340632603406326,0.2956204379562044
230,0.31143552311435524,0.18633788037775456,0.15831896985908117,0.0721927989079808,0.40875912408759124,0.08361472934484482,0.04941667150706053,0.0,0.04902171203866601,0.810593125061132,"[0.6094890236854553, 0.7347931861877441, 0.7274938821792603, 0.7262773513793945]",0.8548,0.29683698296836986,0.2944038929440389,0.31143552311435524,0.3418491484184915,0.3175182481751825,0.3175182481751825,0.30413625304136255
231,0.3467153284671533,0.1742139941407348,0.17398790876499276,0.09658310167108393,0.4440389294403893,0.08385245501995087,0.04940947704017162,0.0,0.049018253572285175,0.8606465630000457,"[0.6094890236854553, 0.7347931861877441, 0.7274938821792603, 0.7262773513793945]",0.9775,0.29318734793187345,0.29075425790754256,0.30900243309002434,0.354014598540146,0.33698296836982966,0.33698296836982966,0.2895377128953771
232,0.3442822384428224,0.17161730364010652,0.1711091846116797,0.0951266642289642,0.4416058394160584,0.0818726122379303,0.049401444382965565,0.0,0.049016126431524754,0.9241469119442627,"[0.6094890236854553, 0.7347931861877441, 0.7274938821792603, 0.7262773513793945]",0.9168,0.2944038929440389,0.291970802919708,0.31143552311435524,0.3515815085158151,0.33941605839416056,0.33941605839416056,0.28832116788321166
233,0.3418491484184915,0.1687486798547233,0.1694382534847652,0.09240133100493651,0.43795620437956206,0.08164145797491074,0.04939365712925792,0.0,0.0490150828845799,0.8988508699694648,"[0.6094890236854553, 0.7347931861877441, 0.7274938821792603, 0.7262773513793945]",0.9154,0.27858880778588807,0.2895377128953771,0.3381995133819951,0.36496350364963503,0.340632603406326,0.340632603406326,0.27858880778588807
234,0.340632603406326,0.16672932225358117,0.16937557267415612,0.09223619044153938,0.43795620437956206,0.08160006999969482,0.04938498139381409,0.0,0.04901434946805239,0.8767182530136779,"[0.6094890236854553, 0.7347931861877441, 0.7274938821792603, 0.7262773513793945]",0.9928,0.2956204379562044,0.2980535279805353,0.3357664233576642,0.35036496350364965,0.340632603406326,0.340632603406326,0.29683698296836986
235,0.33698296836982966,0.16328768044346753,0.1670061740869373,0.08825469890940253,0.4282238442822384,0.08222141861915588,0.04937567515298724,0.0,0.049011795315891504,0.8537699460284784,"[0.6094890236854553, 0.7347931861877441, 0.7274938821792603, 0.7262773513793945]",1.0292,0.3029197080291971,0.291970802919708,0.3418491484184915,0.3175182481751825,0.3223844282238443,0.3223844282238443,0.30413625304136255
236,0.3333333333333333,0.17590366735820684,0.17459690062026922,0.09205678615596165,0.4257907542579075,0.08278074115514755,0.049367268569767475,0.0,0.04900801973417401,0.9430490318918601,"[0.6094890236854553, 0.7347931861877441, 0.7274938821792603, 0.7262773513793945]",1.0958,0.2895377128953771,0.2956204379562044,0.33941605839416056,0.3588807785888078,0.34549878345498786,0.34549878345498786,0.2944038929440389
237,0.33211678832116787,0.17514229626136446,0.1719300311670006,0.09192967644474839,0.4245742092457421,0.08184543997049332,0.049359056167304516,0.0,0.049004359636455774,0.9524641130119562,"[0.6094890236854553, 0.7347931861877441, 0.7274938821792603, 0.7262773513793945]",0.7389,0.30170316301703165,0.2944038929440389,0.36253041362530414,0.3381995133819951,0.3357664233576642,0.3357664233576642,0.3077858880778589
238,0.33698296836982966,0.16524587598034557,0.1536321165656928,0.08246442569882353,0.4233576642335766,0.08294753730297089,0.04935144539922476,0.0,0.04900062922388315,0.8574373279698193,"[0.6094890236854553, 0.7347931861877441, 0.7274938821792603, 0.7262773513793945]",0.873,0.29683698296836986,0.30413625304136255,0.340632603406326,0.35279805352798055,0.33454987834549876,0.33454987834549876,0.2980535279805353
239,0.34549878345498786,0.17178531096723937,0.154346294333425,0.08130584064053194,0.4221411192214112,0.08404290676116943,0.0493435962125659,0.0,0.04899562755599618,0.8915657449979335,"[0.6094890236854553, 0.7347931861877441, 0.7274938821792603, 0.7262773513793945]",0.9939,0.29683698296836986,0.2956204379562044,0.35766423357664234,0.340632603406326,0.33941605839416056,0.33941605839416056,0.30170316301703165
240,0.31143552311435524,0.16938716121764374,0.158690121883804,0.06876826470150774,0.4051094890510949,0.08477582037448883,0.04933653771877289,0.0,0.04899070644751191,1.1439370019361377,"[0.6094890236854553, 0.7347931861877441, 0.7274938821792603, 0.7262773513793945]",1.1638,0.2895377128953771,0.2956204379562044,0.3381995133819951,0.3722627737226277,0.35279805352798055,0.35279805352798055,0.2895377128953771
241,0.31143552311435524,0.15479877848284074,0.16689766260348818,0.07751332405558602,0.41849148418491483,0.08357700705528259,0.04932979214936495,0.0,0.048986198380589485,1.0311862899689004,"[0.6094890236854553, 0.7347931861877441, 0.7274938821792603, 0.7262773513793945]",1.0354,0.291970802919708,0.291970802919708,0.340632603406326,0.35766423357664234,0.3309002433090024,0.3309002433090024,0.2944038929440389
242,0.3126520681265207,0.15844463651831675,0.16865102420646996,0.07876312021516998,0.4209245742092457,0.0836864560842514,0.04932273644953966,0.0,0.04898157482966781,1.058331639971584,"[0.6094890236854553, 0.7347931861877441, 0.7274938821792603, 0.7262773513793945]",0.7968,0.291970802919708,0.291970802919708,0.33941605839416056,0.3588807785888078,0.32968369829683697,0.32968369829683697,0.2944038929440389
243,0.31386861313868614,0.14496124173977842,0.1578482130481279,0.07442578596509412,0.4172749391727494,0.08436377346515656,0.04931502090767026,0.0,0.048977325204759836,0.8114975279895589,"[0.6094890236854553, 0.7347931861877441, 0.7274938821792603, 0.7262773513793945]",0.7356,0.3004866180048662,0.29683698296836986,0.35036496350364965,0.36009732360097324,0.3442822384428224,0.3442822384428224,0.30413625304136255
244,0.3150851581508516,0.1458755133114935,0.15650195714585144,0.07406359293417848,0.41605839416058393,0.08426104485988617,0.04930752841755748,0.0,0.04897340200841427,0.8174563329666853,"[0.6094890236854553, 0.7347931861877441, 0.7274938821792603, 0.7262773513793945]",0.9348,0.29927007299270075,0.3004866180048662,0.36009732360097324,0.3515815085158151,0.354014598540146,0.354014598540146,0.3077858880778589
245,0.31386861313868614,0.14473725475727084,0.15626414524836302,0.07311294884485213,0.4148418491484185,0.08429624885320663,0.04930050624534488,0.0,0.04896934377029538,0.8519303229404613,"[0.6094890236854553, 0.7347931861877441, 0.7274938821792603, 0.7262773513793945]",0.8458,0.29927007299270075,0.30170316301703165,0.36009732360097324,0.35279805352798055,0.35279805352798055,0.35279805352798055,0.3077858880778589
246,0.29927007299270075,0.15754261912091005,0.15676768650069425,0.06622237354123323,0.4051094890510949,0.08445072919130325,0.04929310409352183,0.0,0.04896501591429114,0.7906914730556309,"[0.6094890236854553, 0.7347931861877441, 0.7274938821792603, 0.7262773513793945]",0.7344,0.3029197080291971,0.29927007299270075,0.34306569343065696,0.35766423357664234,0.33941605839416056,0.33941605839416056,0.29683698296836986
247,0.36009732360097324,0.18241897878954627,0.16186340251059364,0.09416376568203352,0.43309002433090027,0.08399801701307297,0.04928599623963237,0.0,0.04896062100306153,0.8145566359162331,"[0.6094890236854553, 0.7347931861877441, 0.7274938821792603, 0.7262773513793945]",0.7425,0.30170316301703165,0.29927007299270075,0.34306569343065696,0.3588807785888078,0.33698296836982966,0.33698296836982966,0.2956204379562044
248,0.32968369829683697,0.17407573552742417,0.1630678436585793,0.08027677699069584,0.41362530413625304,0.08442772924900055,0.049279056023806334,0.0,0.04895626613870263,0.8315749689936638,"[0.6094890236854553, 0.7347931861877441, 0.7274938821792603, 0.7262773513793945]",0.7314,0.3029197080291971,0.29927007299270075,0.3442822384428224,0.35523114355231145,0.33941605839416056,0.33941605839416056,0.29683698296836986
249,0.33454987834549876,0.17382077161803855,0.16783640484185344,0.08271813296447207,0.4148418491484185,0.08447682857513428,0.04927239054813981,0.0,0.04895151127129793,0.795469522010535,"[0.6094890236854553, 0.7347931861877441, 0.7274938821792603, 0.7262773513793945]",0.8606,0.28588807785888076,0.2895377128953771,0.36982968369829683,0.38686131386861317,0.3637469586374696,0.3637469586374696,0.28345498783454987
250,0.3248175182481752,0.16839685667464466,0.15993130792852983,0.07627218292180155,0.4075425790754258,0.08450435847043991,0.04926613438874483,0.0,0.048946680035442114,1.0044091430027038,"[0.6094890236854553, 0.7347931861877441, 0.7274938821792603, 0.7262773513793945]",0.8015,0.30170316301703165,0.29927007299270075,0.3467153284671533,0.36009732360097324,0.3418491484184915,0.3418491484184915,0.29683698296836986
251,0.3260340632603406,0.1696576069317366,0.1601527293331495,0.07674203253224618,0.4075425790754258,0.08487915992736816,0.04925987543538213,0.0,0.04894191352650523,0.8524620910175145,"[0.6094890236854553, 0.7347931861877441, 0.7274938821792603, 0.7262773513793945]",0.7727,0.31143552311435524,0.3077858880778589,0.33941605839416056,0.35523114355231145,0.33941605839416056,0.33941605839416056,0.3077858880778589
252,0.3248175182481752,0.16871355685131195,0.15892615183474793,0.07563591187603931,0.40632603406326034,0.08492708206176758,0.04925369704142213,0.0,0.04893697937950492,0.8188562600407749,"[0.6094890236854553, 0.7347931861877441, 0.7274938821792603, 0.7262773513793945]",0.7821,0.28102189781021897,0.28588807785888076,0.38321167883211676,0.40145985401459855,0.38077858880778587,0.38077858880778587,0.2822384428223844
253,0.340632603406326,0.18126737760560707,0.16815912757925602,0.08735271920487188,0.41849148418491483,0.08468900620937347,0.049247680231928825,0.0,0.0489321225322783,0.8861389689845964,"[0.6094890236854553, 0.7347931861877441, 0.7274938821792603, 0.7262773513793945]",1.0156,0.28102189781021897,0.28588807785888076,0.3795620437956204,0.3953771289537713,0.3795620437956204,0.3795620437956204,0.28345498783454987
254,0.35523114355231145,0.18912580592325678,0.1720058151145933,0.09805437532242994,0.4221411192214112,0.08400750160217285,0.049241882748901844,0.0,0.048927129711955786,0.9080373909091577,"[0.6094890236854553, 0.7347931861877441, 0.7274938821792603, 0.7262773513793945]",0.7492,0.28588807785888076,0.2846715328467153,0.36982968369829683,0.3844282238442822,0.36253041362530414,0.36253041362530414,0.28345498783454987
255,0.35523114355231145,0.17815351472083507,0.16629103014962573,0.09332929809202262,0.4233576642335766,0.08319351822137833,0.049236091785132885,0.0,0.04892221372574568,1.0690549740102142,"[0.6094890236854553, 0.7347931861877441, 0.7274938821792603, 0.7262773513793945]",0.9064,0.2846715328467153,0.29075425790754256,0.38077858880778587,0.39659367396593675,0.38077858880778587,0.38077858880778587,0.28588807785888076
256,0.34793187347931875,0.16916775724021416,0.16167662667445465,0.0877936795936297,0.4245742092457421,0.08214756101369858,0.04923037672415376,0.0,0.048917298670858145,0.8455613059923053,"[0.6094890236854553, 0.7347931861877441, 0.7274938821792603, 0.7262773513793945]",0.7585,0.30170316301703165,0.3102189781021898,0.3126520681265207,0.3442822384428224,0.3381995133819951,0.3381995133819951,0.30656934306569344
257,0.354014598540146,0.1798441921554922,0.1662512341692669,0.09248695823880516,0.43552311435523117,0.08187833428382874,0.049224138259887695,0.0,0.048912901896983385,0.7768674230901524,"[0.6094890236854553, 0.7347931861877441, 0.7274938821792603, 0.7262773513793945]",0.7465,0.28588807785888076,0.29075425790754256,0.3759124087591241,0.39172749391727496,0.3710462287104623,0.3710462287104623,0.28588807785888076
258,0.34793187347931875,0.17517312131315732,0.16164110100375428,0.09097717284988754,0.4124087591240876,0.08213284611701965,0.04921796778216958,0.0,0.04890845622867346,0.786676796968095,"[0.6094890236854553, 0.7347931861877441, 0.7274938821792603, 0.7262773513793945]",0.7446,0.3029197080291971,0.3102189781021898,0.3126520681265207,0.34549878345498786,0.34306569343065696,0.34306569343065696,0.30656934306569344
259,0.36982968369829683,0.18974710281440876,0.17358173590915837,0.09538598447076267,0.4148418491484185,0.08210860192775726,0.049211944453418255,0.0,0.04890374606475234,0.815875277039595,"[0.6094890236854553, 0.7347931861877441, 0.7274938821792603, 0.7262773513793945]",0.7568,0.30170316301703165,0.30656934306569344,0.30656934306569344,0.33941605839416056,0.31630170316301703,0.31630170316301703,0.30170316301703165
260,0.3357664233576642,0.18161229736875684,0.16846102408560812,0.0860018918126569,0.39172749391727496,0.08209387212991714,0.04920570785179734,0.0,0.048899061512202024,0.8126421440392733,"[0.6094890236854553, 0.7347931861877441, 0.7274938821792603, 0.7262773513793945]",0.7555,0.29927007299270075,0.30413625304136255,0.3199513381995134,0.3491484184914842,0.3357664233576642,0.3357664233576642,0.30170316301703165
261,0.3564476885644769,0.18720501840217874,0.175406666399148,0.09491918616387875,0.41605839416058393,0.08171480894088745,0.049199418630450964,0.0,0.04889433830976486,1.119789548101835,"[0.6094890236854553, 0.7347931861877441, 0.7274938821792603, 0.7262773513793945]",1.1885,0.3004866180048662,0.3004866180048662,0.3150851581508516,0.33454987834549876,0.3126520681265207,0.3126520681265207,0.2980535279805353
262,0.35523114355231145,0.18669773068393114,0.17602319689563412,0.09688504070267609,0.41605839416058393,0.0812733843922615,0.04919336223974824,0.0,0.04888963792473078,1.2671693450538442,"[0.6094890236854553, 0.7347931861877441, 0.7274938821792603, 0.7262773513793945]",0.9376,0.27858880778588807,0.2944038929440389,0.3515815085158151,0.34549878345498786,0.3236009732360097,0.3236009732360097,0.28588807785888076
263,0.354014598540146,0.18508713299403678,0.1750741945356462,0.09573893194601807,0.41605839416058393,0.08121034502983093,0.049187283497303724,0.0,0.04888522485271096,0.8075366129633039,"[0.6094890236854553, 0.7347931861877441, 0.7274938821792603, 0.7262773513793945]",0.7103,0.2761557177615572,0.2944038929440389,0.3515815085158151,0.3442822384428224,0.3236009732360097,0.3236009732360097,0.28588807785888076
264,0.32968369829683697,0.17383920835423405,0.16088978794929018,0.07712030197928031,0.40389294403892945,0.08230458199977875,0.04918123874813318,0.0,0.04888078849762678,0.7759827800327912,"[0.6094890236854553, 0.7347931861877441, 0.7274938821792603, 0.7262773513793945]",0.7207,0.3029197080291971,0.3126520681265207,0.36009732360097324,0.3710462287104623,0.35036496350364965,0.35036496350364965,0.2895377128953771
265,0.33454987834549876,0.17995341991563052,0.16424037042990056,0.08118311560676059,0.4075425790754258,0.08313395082950592,0.04917516652494669,0.0,0.048876103945076466,0.8702261690050364,"[0.6094890236854553, 0.7347931861877441, 0.7274938821792603, 0.7262773513793945]",0.7349,0.28345498783454987,0.291970802919708,0.3442822384428224,0.36739659367396593,0.33941605839416056,0.33941605839416056,0.2944038929440389
266,0.33698296836982966,0.18251939278812723,0.16477383603578857,0.08310338358584483,0.4099756690997567,0.08317409455776215,0.0491694868542254,0.0,0.04887131182476878,0.9736086099874228,"[0.6094890236854553, 0.7347931861877441, 0.7274938821792603, 0.7262773513793945]",0.7389,0.29075425790754256,0.291970802919708,0.33698296836982966,0.3515815085158151,0.3248175182481752,0.3248175182481752,0.29927007299270075
267,0.3223844282238443,0.15893484993772666,0.1661798011247344,0.08309322045878284,0.4257907542579075,0.08320675790309906,0.04916375828906894,0.0,0.04886662680655718,0.8324096179567277,"[0.6094890236854553, 0.7347931861877441, 0.7274938821792603, 0.7262773513793945]",0.7631,0.2956204379562044,0.30413625304136255,0.3199513381995134,0.3661800486618005,0.3333333333333333,0.3333333333333333,0.2956204379562044
268,0.3236009732360097,0.16575947079632447,0.1605516531127588,0.08473195448361781,0.4245742092457421,0.08284831047058105,0.04915790958330035,0.0,0.04886183142662048,0.8095082009676844,"[0.6094890236854553, 0.7347931861877441, 0.7274938821792603, 0.7262773513793945]",0.7365,0.28832116788321166,0.29075425790754256,0.30900243309002434,0.3199513381995134,0.29075425790754256,0.29075425790754256,0.291970802919708
269,0.3248175182481752,0.1667762509040701,0.16507675520830709,0.08269260462753525,0.4197080291970803,0.08297071605920792,0.04915220011025667,0.0,0.04885692894458771,0.8820366609143093,"[0.6094890236854553, 0.7347931861877441, 0.7274938821792603, 0.7262773513793945]",0.7721,0.29075425790754256,0.291970802919708,0.31143552311435524,0.32116788321167883,0.2895377128953771,0.2895377128953771,0.29318734793187345
270,0.3223844282238443,0.1595277168944742,0.1717592503939844,0.08398274594143548,0.42944038929440387,0.08284591138362885,0.049146417528390884,0.0,0.048852312844246626,0.9237029629293829,"[0.6094890236854553, 0.7347931861877441, 0.7274938821792603, 0.7262773513793945]",0.7413,0.3077858880778589,0.3126520681265207,0.3357664233576642,0.32725060827250607,0.31873479318734793,0.31873479318734793,0.305352798053528
271,0.30900243309002434,0.1417305610141233,0.16134913186684202,0.07663503922589894,0.4124087591240876,0.08267855644226074,0.049140794202685356,0.0,0.04884758172556758,0.7834355660015717,"[0.6094890236854553, 0.7347931861877441, 0.7274938821792603, 0.7262773513793945]",0.6773,0.29075425790754256,0.28832116788321166,0.31630170316301703,0.3309002433090024,0.3102189781021898,0.3102189781021898,0.29683698296836986
272,0.3284671532846715,0.15006293832044593,0.15131522927804805,0.0730793417561875,0.40389294403892945,0.08281788229942322,0.04913505492731929,0.0,0.04884295165538788,0.8442722760373726,"[0.6094890236854553, 0.7347931861877441, 0.7274938821792603, 0.7262773513793945]",0.8251,0.28588807785888076,0.2871046228710462,0.3260340632603406,0.3284671532846715,0.3102189781021898,0.3102189781021898,0.2944038929440389
273,0.3381995133819951,0.15976978449709411,0.15982661129521547,0.08415317151222197,0.41119221411192214,0.08265942335128784,0.04912940412759781,0.0,0.04883832763880491,0.820043470012024,"[0.6094890236854553, 0.7347931861877441, 0.7274938821792603, 0.7262773513793945]",0.7101,0.28588807785888076,0.2871046228710462,0.32968369829683697,0.3333333333333333,0.3102189781021898,0.3102189781021898,0.2944038929440389
274,0.33941605839416056,0.1619693849004813,0.16080211915562137,0.08481471613425995,0.4099756690997567,0.08230838924646378,0.04912374122068286,0.0,0.04883377533406019,0.7863871810259297,"[0.6094890236854553, 0.7347931861877441, 0.7274938821792603, 0.7262773513793945]",0.8894,0.2871046228710462,0.3029197080291971,0.3333333333333333,0.3564476885644769,0.33454987834549876,0.33454987834549876,0.29683698296836986
275,0.33698296836982966,0.1603441166547963,0.1599370583796891,0.08295412946597586,0.40875912408759124,0.08221568167209625,0.04911800613626838,0.0,0.04882959742099047,0.815099264960736,"[0.6094890236854553, 0.7347931861877441, 0.7274938821792603, 0.7262773513793945]",0.7365,0.2871046228710462,0.3029197080291971,0.33454987834549876,0.35523114355231145,0.33698296836982966,0.33698296836982966,0.29683698296836986
276,0.35523114355231145,0.19407143213909794,0.17166800009377584,0.0957332027422334,0.4306569343065693,0.08197838813066483,0.04911261145025492,0.0,0.048825481440871954,0.7626829660730436,"[0.6094890236854553, 0.7347931861877441, 0.7274938821792603, 0.7262773513793945]",0.7229,0.28832116788321166,0.291970802919708,0.35523114355231145,0.35036496350364965,0.33454987834549876,0.33454987834549876,0.29075425790754256
277,0.3515815085158151,0.1897164268263588,0.17121246343250235,0.09400067332650267,0.42944038929440387,0.08095240592956543,0.0491069694980979,0.0,0.04882179480046034,0.7532433270243928,"[0.6094890236854553, 0.7347931861877441, 0.7274938821792603, 0.7262773513793945]",0.6977,0.2895377128953771,0.2895377128953771,0.35036496350364965,0.3661800486618005,0.32968369829683697,0.32968369829683697,0.2944038929440389
278,0.34306569343065696,0.1804722420697561,0.1679278211076096,0.0880997892989435,0.4245742092457421,0.08084478974342346,0.04910163953900337,0.0,0.04881747905164957,0.76309751404915,"[0.6094890236854553, 0.7347931861877441, 0.7274938821792603, 0.7262773513793945]",0.8724,0.2895377128953771,0.28832116788321166,0.35036496350364965,0.3588807785888078,0.32968369829683697,0.32968369829683697,0.2944038929440389
279,0.32725060827250607,0.1680633973590534,0.16392253194618855,0.08134898225907732,0.4221411192214112,0.08121539652347565,0.04909678781405091,0.0,0.04881418449804187,0.766098779044114,"[0.6094890236854553, 0.7347931861877441, 0.7274938821792603, 0.7262773513793945]",0.7728,0.2846715328467153,0.2871046228710462,0.35036496350364965,0.35279805352798055,0.3309002433090024,0.3309002433090024,0.29318734793187345
280,0.32725060827250607,0.16835258925876107,0.1641818847790314,0.08245352360424243,0.4233576642335766,0.081397145986557,0.04909114446491003,0.0,0.04881285550072789,0.8557993880240247,"[0.6094890236854553, 0.7347931861877441, 0.7274938821792603, 0.7262773513793945]",0.819,0.2822384428223844,0.29075425790754256,0.34306569343065696,0.3491484184914842,0.3199513381995134,0.3199513381995134,0.29318734793187345
281,0.305352798053528,0.1559785794692341,0.1568385330769954,0.06890285573099725,0.4051094890510949,0.08218631148338318,0.04908554023131728,0.0,0.04881174769252539,1.230011074920185,"[0.6094890236854553, 0.7347931861877441, 0.7274938821792603, 0.7262773513793945]",1.0285,0.28102189781021897,0.2895377128953771,0.3442822384428224,0.35036496350364965,0.31873479318734793,0.31873479318734793,0.29318734793187345
282,0.29683698296836986,0.1474895660256158,0.16337143085190864,0.07671447220356359,0.41849148418491483,0.08304734528064728,0.04907932551577687,0.0,0.048809447791427374,0.9789877439616248,"[0.6094890236854553, 0.7347931861877441, 0.7274938821792603, 0.7262773513793945]",0.9544,0.2944038929440389,0.3004866180048662,0.32116788321167883,0.33941605839416056,0.30413625304136255,0.30413625304136255,0.2895377128953771
283,0.30170316301703165,0.1542846081046202,0.16276317282057626,0.07155676913516873,0.4124087591240876,0.08269883692264557,0.049073816277086735,0.0,0.04880522936582565,0.7644299110397696,"[0.6094890236854553, 0.7347931861877441, 0.7274938821792603, 0.7262773513793945]",0.7273,0.29075425790754256,0.29927007299270075,0.32116788321167883,0.33941605839416056,0.305352798053528,0.305352798053528,0.2895377128953771
284,0.31143552311435524,0.16139533123164862,0.1620932082603274,0.0712767717456417,0.40145985401459855,0.08357588946819305,0.04906862461939454,0.0,0.04880122933536768,0.8121216439176351,"[0.6094890236854553, 0.7347931861877441, 0.7274938821792603, 0.7262773513793945]",0.9571,0.2980535279805353,0.30413625304136255,0.33941605839416056,0.3442822384428224,0.3199513381995134,0.3199513381995134,0.3029197080291971
285,0.31143552311435524,0.15896375379843053,0.1616350811907953,0.0706885924471094,0.402676399026764,0.0835319310426712,0.0490645463578403,0.0,0.04879592964425683,0.7358274329453707,"[0.6094890236854553, 0.7347931861877441, 0.7274938821792603, 0.7262773513793945]",0.8938,0.2749391727493917,0.2895377128953771,0.33698296836982966,0.34793187347931875,0.3126520681265207,0.3126520681265207,0.2846715328467153
286,0.31386861313868614,0.16242920246063797,0.1621391940532116,0.07073617483278123,0.40145985401459855,0.08354143053293228,0.049060740042477846,0.0,0.04879092751070857,0.7669519690098241,"[0.6094890236854553, 0.7347931861877441, 0.7274938821792603, 0.7262773513793945]",0.7225,0.2749391727493917,0.29075425790754256,0.3381995133819951,0.3515815085158151,0.3150851581508516,0.3150851581508516,0.2846715328467153
287,0.30413625304136255,0.14728125442061402,0.16586576972305106,0.07025208591673553,0.402676399026764,0.08362207561731339,0.04905694164335728,0.0,0.04878644458949566,0.825387223972939,"[0.6094890236854553, 0.7347931861877441, 0.7274938821792603, 0.7262773513793945]",1.1803,0.2737226277372263,0.291970802919708,0.33698296836982966,0.3515815085158151,0.31143552311435524,0.31143552311435524,0.28588807785888076
288,0.30413625304136255,0.146861952776422,0.1651346441385813,0.06960951676485619,0.402676399026764,0.08335970342159271,0.049052962101995945,0.0,0.048781180288642645,0.9941872319905087,"[0.6094890236854553, 0.7347931861877441, 0.7274938821792603, 0.7262773513793945]",1.3795,0.2749391727493917,0.28832116788321166,0.3381995133819951,0.35279805352798055,0.31143552311435524,0.31143552311435524,0.28588807785888076
289,0.3442822384428224,0.1800749124664116,0.16467363396847062,0.09375457289896842,0.4282238442822384,0.08261561393737793,0.04904924286529422,0.0,0.04877619864419103,0.9874338449444622,"[0.6094890236854553, 0.7347931861877441, 0.7274938821792603, 0.7262773513793945]",0.8059,0.2773722627737226,0.2871046228710462,0.33454987834549876,0.3491484184914842,0.3126520681265207,0.3126520681265207,0.28832116788321166
290,0.31143552311435524,0.1596215468315927,0.15445485930198205,0.07462169981956392,0.40145985401459855,0.08267685025930405,0.04904531314969063,0.0,0.048770883586257696,0.7869205959141254,"[0.6094890236854553, 0.7347931861877441, 0.7274938821792603, 0.7262773513793945]",0.7415,0.29683698296836986,0.3004866180048662,0.3199513381995134,0.3418491484184915,0.3175182481751825,0.3175182481751825,0.2944038929440389
291,0.3284671532846715,0.17458769769227134,0.16421426865931224,0.0866129839883432,0.42700729927007297,0.08309180289506912,0.04904119670391083,0.0,0.048765553161501884,1.176759690977633,"[0.6094890236854553, 0.7347931861877441, 0.7274938821792603, 0.7262773513793945]",0.7294,0.29683698296836986,0.30170316301703165,0.32725060827250607,0.3418491484184915,0.3175182481751825,0.3175182481751825,0.2980535279805353
292,0.3236009732360097,0.16904179227135696,0.16387525811047235,0.08588910048185003,0.4257907542579075,0.08318325132131577,0.049037252087146044,0.0,0.048759757075458765,0.7609404959948733,"[0.6094890236854553, 0.7347931861877441, 0.7274938821792603, 0.7262773513793945]",0.7657,0.29683698296836986,0.3004866180048662,0.3248175182481752,0.3418491484184915,0.3150851581508516,0.3150851581508516,0.29683698296836986
293,0.305352798053528,0.16019495646759496,0.16365872292710873,0.07832127820762419,0.4172749391727494,0.08356896787881851,0.04903341084718704,0.0,0.04875479731708765,0.8765900820726529,"[0.6094890236854553, 0.7347931861877441, 0.7274938821792603, 0.7262773513793945]",0.7281,0.2980535279805353,0.29927007299270075,0.32968369829683697,0.30170316301703165,0.305352798053528,0.305352798053528,0.3029197080291971
294,0.3223844282238443,0.19305097560932627,0.1748435188138986,0.08761673020092488,0.42944038929440387,0.08406862616539001,0.04902997426688671,0.0,0.04874935559928417,0.9618376119760796,"[0.6094890236854553, 0.7347931861877441, 0.7274938821792603, 0.7262773513793945]",1.1235,0.2944038929440389,0.2944038929440389,0.3248175182481752,0.3284671532846715,0.30656934306569344,0.30656934306569344,0.29927007299270075
295,0.3248175182481752,0.19517965165203321,0.17540765748351925,0.08935383366732234,0.4306569343065693,0.0841582641005516,0.04902657261118293,0.0,0.0487441779114306,0.7518965450581163,"[0.6094890236854553, 0.7347931861877441, 0.7274938821792603, 0.7262773513793945]",0.6883,0.29927007299270075,0.3004866180048662,0.3236009732360097,0.31873479318734793,0.29927007299270075,0.29927007299270075,0.30170316301703165
296,0.3284671532846715,0.19930402497322164,0.17732701656820915,0.09685479107442352,0.4440389294403893,0.08394351601600647,0.0490221856161952,0.0,0.04873916367068887,0.8056117580272257,"[0.6094890236854553, 0.7347931861877441, 0.7274938821792603, 0.7262773513793945]",0.6905,0.31143552311435524,0.30900243309002434,0.35766423357664234,0.32116788321167883,0.32116788321167883,0.32116788321167883,0.31143552311435524
297,0.3309002433090024,0.20133834565214326,0.17839215618777818,0.09554614112072768,0.4464720194647202,0.08383749425411224,0.04901820980012417,0.0,0.04873402509838343,0.7755907289683819,"[0.6094890236854553, 0.7347931861877441, 0.7274938821792603, 0.7262773513793945]",0.7138,0.3077858880778589,0.30900243309002434,0.35523114355231145,0.32116788321167883,0.3248175182481752,0.3248175182481752,0.30900243309002434
298,0.31873479318734793,0.13561909554721407,0.16080069431331634,0.07692199893256435,0.4318734793187348,0.08381173759698868,0.04901417903602123,0.0,0.04872856428846717,0.770934825995937,"[0.6094890236854553, 0.7347931861877441, 0.7274938821792603, 0.7262773513793945]",0.6975,0.305352798053528,0.30900243309002434,0.34306569343065696,0.32725060827250607,0.3333333333333333,0.3333333333333333,0.32116788321167883
299,0.32968369829683697,0.15722427835368058,0.1644181495507939,0.08210295266140412,0.4282238442822384,0.0836767703294754,0.04901075875386596,0.0,0.04872277891263366,0.9191491100937128,"[0.6094890236854553, 0.7347931861877441, 0.7274938821792603, 0.7262773513793945]",1.0034,0.305352798053528,0.3102189781021898,0.33941605839416056,0.3333333333333333,0.3309002433090024,0.3309002433090024,0.3248175182481752
300,0.3333333333333333,0.16090887753847527,0.1662551419171931,0.0849640433080342,0.4306569343065693,0.08363494277000427,0.049007144290953875,0.0,0.04871708992868662,0.9092524130828679,"[0.6094890236854553, 0.7347931861877441, 0.7274938821792603, 0.7262773513793945]",,,,,,,,
