round,ACC,Kappa,NMI,ARI,PURITY,alignment_loss,mean_reconstruction_loss,mean_consensus_loss,mean_local_total_loss,round_seconds,observed_rates,completion_eval_seconds,C025_ACC,C050_ACC,C075_ACC,C100_ACC,D0_ACC,E0_ACC,G0_ACC
1,0.4084848484848485,0.23999879185103523,0.20797951988009536,0.1321929651959613,0.5745454545454546,0.1909271776676178,0.2697792574763298,0.0,0.2501615583896637,1.6528192780679092,"[0.6727272868156433, 0.7527272701263428, 0.739393949508667]",0.4066,0.44,0.44727272727272727,0.46424242424242423,0.526060606060606,0.4921212121212121,0.4921212121212121,0.43757575757575756
2,0.5115151515151515,0.3314733825968934,0.2140883292388536,0.15052093607851333,0.5878787878787879,0.14858919382095337,0.25140080352624256,0.0,0.2341513050099214,0.4186691049253568,"[0.6727272868156433, 0.7527272701263428, 0.739393949508667]",0.4116,0.4448484848484848,0.4484848484848485,0.4593939393939394,0.5212121212121212,0.4921212121212121,0.4921212121212121,0.44363636363636366
3,0.4206060606060606,0.27453714605286395,0.19614185322309244,0.12561429193692308,0.5636363636363636,0.13412360846996307,0.23545068378249803,0.0,0.22023086622357368,0.4504915450233966,"[0.6727272868156433, 0.7527272701263428, 0.739393949508667]",0.4177,0.4618181818181818,0.4678787878787879,0.45212121212121215,0.5321212121212121,0.4993939393939394,0.4993939393939394,0.4581818181818182
4,0.42303030303030303,0.2751723934261625,0.1967786929742464,0.1366440630841251,0.5806060606060606,0.1306265890598297,0.2214849591255188,0.0,0.20796912536025047,0.520894460962154,"[0.6727272868156433, 0.7527272701263428, 0.739393949508667]",0.4823,0.4109090909090909,0.43393939393939396,0.46060606060606063,0.39151515151515154,0.3975757575757576,0.3975757575757576,0.4121212121212121
5,0.45454545454545453,0.29257821655395555,0.2037278654864513,0.12801063461839773,0.5793939393939394,0.1326570063829422,0.2090913181503614,0.0,0.19689840326706567,0.5133136119693518,"[0.6727272868156433, 0.7527272701263428, 0.739393949508667]",0.413,0.416969696969697,0.41575757575757577,0.44363636363636366,0.42424242424242425,0.4218181818181818,0.4218181818181818,0.4109090909090909
6,0.43393939393939396,0.2603993296514072,0.18714125577959853,0.13162322536135193,0.5818181818181818,0.12758150696754456,0.19781844690442085,0.0,0.18677104512850443,0.514730331953615,"[0.6727272868156433, 0.7527272701263428, 0.739393949508667]",0.4561,0.44,0.46545454545454545,0.5066666666666667,0.4121212121212121,0.4387878787878788,0.4387878787878788,0.43757575757575756
7,0.4315151515151515,0.2743736743500449,0.18514954443470327,0.1275059153026083,0.5745454545454546,0.12843483686447144,0.1874406524002552,0.0,0.17742921163638434,0.4813646920956671,"[0.6727272868156433, 0.7527272701263428, 0.739393949508667]",0.4859,0.4509090909090909,0.4509090909090909,0.463030303030303,0.48484848484848486,0.45212121212121215,0.45212121212121215,0.4484848484848485
8,0.4412121212121212,0.2630988502540136,0.19138208174537769,0.13371607232464525,0.5490909090909091,0.1301814615726471,0.1778807503481706,0.0,0.16877578695615134,0.461185013060458,"[0.6727272868156433, 0.7527272701263428, 0.739393949508667]",0.4644,0.36848484848484847,0.3660606060606061,0.3490909090909091,0.41575757575757577,0.3660606060606061,0.3660606060606061,0.36848484848484847
9,0.4824242424242424,0.2973948111627016,0.1690694926113419,0.13014690338096432,0.5272727272727272,0.13263611495494843,0.1690156770249208,0.0,0.1607527695596218,0.43781417002901435,"[0.6727272868156433, 0.7527272701263428, 0.739393949508667]",0.4443,0.4109090909090909,0.41333333333333333,0.43636363636363634,0.41333333333333333,0.42303030303030303,0.42303030303030303,0.41333333333333333
10,0.4715151515151515,0.285555387830011,0.1655371053930415,0.1072498981139643,0.5103030303030303,0.136197030544281,0.16079665223757425,0.0,0.15332395086685816,0.4300864520482719,"[0.6727272868156433, 0.7527272701263428, 0.739393949508667]",0.451,0.40484848484848485,0.40969696969696967,0.41575757575757577,0.4072727272727273,0.4218181818181818,0.4218181818181818,0.4
11,0.4509090909090909,0.2795037641819531,0.16718363681080164,0.12752456104108015,0.5490909090909091,0.13923190534114838,0.15315154319008192,0.0,0.14640298609932265,0.47903811489231884,"[0.6727272868156433, 0.7527272701263428, 0.739393949508667]",0.4469,0.39151515151515154,0.42424242424242425,0.41333333333333333,0.4703030303030303,0.42787878787878786,0.42787878787878786,0.38303030303030305
12,0.41818181818181815,0.2561354735092184,0.15436153064917343,0.10183379523990577,0.5357575757575758,0.13681074976921082,0.14605639378229776,0.0,0.1399579457938671,0.7543470659293234,"[0.6727272868156433, 0.7527272701263428, 0.739393949508667]",0.4363,0.3987878787878788,0.4036363636363636,0.39515151515151514,0.4290909090909091,0.4290909090909091,0.4290909090909091,0.3975757575757576
13,0.4448484848484848,0.24421837558456316,0.1577787532940058,0.09395705094123513,0.5224242424242425,0.13737690448760986,0.1394643448293209,0.0,0.1339749383429686,0.5044881630456075,"[0.6727272868156433, 0.7527272701263428, 0.739393949508667]",0.4048,0.3927272727272727,0.3987878787878788,0.416969696969697,0.45575757575757575,0.4509090909090909,0.4509090909090909,0.3903030303030303
14,0.4896969696969697,0.2823507777245152,0.1487150766922214,0.11339801445756251,0.5357575757575758,0.13791780173778534,0.1333237054447333,0.0,0.1283703955511252,0.4889492060756311,"[0.6727272868156433, 0.7527272701263428, 0.739393949508667]",0.4336,0.3793939393939394,0.38181818181818183,0.3781818181818182,0.44363636363636366,0.4024242424242424,0.4024242424242424,0.37575757575757573
15,0.4896969696969697,0.2958424649619158,0.17217200358718895,0.14033622946150984,0.5381818181818182,0.1408703327178955,0.12761049469312033,0.0,0.12315646186470985,0.4636233130004257,"[0.6727272868156433, 0.7527272701263428, 0.739393949508667]",0.4832,0.45454545454545453,0.46060606060606063,0.44363636363636366,0.5418181818181819,0.5103030303030303,0.5103030303030303,0.4509090909090909
16,0.3660606060606061,0.1926973702674638,0.1402728277036577,0.09748675788201766,0.5454545454545454,0.13821899890899658,0.12230861932039261,0.0,0.11832233766714732,0.5703071309253573,"[0.6727272868156433, 0.7527272701263428, 0.739393949508667]",0.5335,0.4072727272727273,0.4036363636363636,0.4072727272727273,0.5393939393939394,0.5103030303030303,0.5103030303030303,0.4072727272727273
17,0.5163636363636364,0.319838583702161,0.1762160423369589,0.13453575860645184,0.5212121212121212,0.14739859104156494,0.11740715677539508,0.0,0.11384240413705508,0.5378485800465569,"[0.6727272868156433, 0.7527272701263428, 0.739393949508667]",0.4772,0.40969696969696967,0.4109090909090909,0.44,0.5612121212121212,0.5115151515151515,0.5115151515151515,0.40969696969696967
18,0.4303030303030303,0.2477184187244874,0.1371724174889134,0.07767024892800971,0.5054545454545455,0.1471065729856491,0.11287850514054298,0.0,0.10971716170509656,0.4664380169706419,"[0.6727272868156433, 0.7527272701263428, 0.739393949508667]",0.4714,0.37454545454545457,0.37454545454545457,0.40484848484848485,0.536969696969697,0.48363636363636364,0.48363636363636364,0.3709090909090909
19,0.4121212121212121,0.2196413421876371,0.14868244842896403,0.08181781605948296,0.5236363636363637,0.14670467376708984,0.10872512807448705,0.0,0.10594117641448975,0.49649479100480676,"[0.6727272868156433, 0.7527272701263428, 0.739393949508667]",0.6614,0.32242424242424245,0.32727272727272727,0.3503030303030303,0.39515151515151514,0.38545454545454544,0.38545454545454544,0.32242424242424245
20,0.37333333333333335,0.1820043841228014,0.14478666939507587,0.07300373516785892,0.4993939393939394,0.14482980966567993,0.10490912819902103,0.0,0.10240927462776502,0.5108021600171924,"[0.6727272868156433, 0.7527272701263428, 0.739393949508667]",0.4541,0.44242424242424244,0.4484848484848485,0.48484848484848486,0.5575757575757576,0.5296969696969697,0.5296969696969697,0.44242424242424244
21,0.4072727272727273,0.20624692572552872,0.14643621725875544,0.09857767987248216,0.5490909090909091,0.13920508325099945,0.1013671134908994,0.0,0.09908958648641904,0.4882355439476669,"[0.6727272868156433, 0.7527272701263428, 0.739393949508667]",0.4665,0.4024242424242424,0.4036363636363636,0.41818181818181815,0.5272727272727272,0.4909090909090909,0.4909090909090909,0.4024242424242424
22,0.5054545454545455,0.3218180755832343,0.17287075920842604,0.1641264624185996,0.5684848484848485,0.13751013576984406,0.09804123640060425,0.0,0.09595498691002528,0.4851475899340585,"[0.6727272868156433, 0.7527272701263428, 0.739393949508667]",0.5251,0.4036363636363636,0.40484848484848485,0.4218181818181818,0.5296969696969697,0.4896969696969697,0.4896969696969697,0.4036363636363636
23,0.41575757575757577,0.23508252221752024,0.14147039813307014,0.06709266901555855,0.48484848484848486,0.14455834031105042,0.09489945818980534,0.0,0.09297399843732516,0.4745517180999741,"[0.6727272868156433, 0.7527272701263428, 0.739393949508667]",0.512,0.3927272727272727,0.3975757575757576,0.4012121212121212,0.5187878787878788,0.4703030303030303,0.4703030303030303,0.39151515151515154
24,0.3696969696969697,0.2032301680460008,0.12767339628093224,0.06518319396284687,0.4727272727272727,0.14195232093334198,0.09195025886098544,0.0,0.09014814843734105,0.5017809530254453,"[0.6727272868156433, 0.7527272701263428, 0.739393949508667]",0.5648,0.3878787878787879,0.3890909090909091,0.3987878787878788,0.5163636363636364,0.46545454545454545,0.46545454545454545,0.3878787878787879
25,0.47393939393939394,0.2954268172694715,0.16382997183758505,0.13392786524088052,0.5478787878787879,0.13988563418388367,0.08918442825476329,0.0,0.08749429136514664,0.47597923898138106,"[0.6727272868156433, 0.7527272701263428, 0.739393949508667]",0.4839,0.39151515151515154,0.3927272727272727,0.3890909090909091,0.5018181818181818,0.45212121212121215,0.45212121212121215,0.39151515151515154
26,0.40606060606060607,0.22969921588429787,0.15511149473392316,0.10013139694262216,0.5466666666666666,0.14140157401561737,0.08657236024737358,0.0,0.08500462522109349,0.5267384810140356,"[0.6727272868156433, 0.7527272701263428, 0.739393949508667]",0.4739,0.38303030303030305,0.3842424242424242,0.39636363636363636,0.5018181818181818,0.46424242424242423,0.46424242424242423,0.38303030303030305
27,0.4448484848484848,0.2470587766423823,0.1547464778098311,0.10328963820589737,0.5466666666666666,0.13301509618759155,0.08412569326659043,0.0,0.08267967154582341,0.5175593319581822,"[0.6727272868156433, 0.7527272701263428, 0.739393949508667]",0.49,0.37333333333333335,0.37454545454545457,0.3781818181818182,0.47878787878787876,0.4387878787878788,0.4387878787878788,0.37454545454545457
28,0.36,0.18530862327256814,0.15120637126749864,0.07325017739822888,0.49575757575757573,0.13844233751296997,0.08183682151138783,0.0,0.08051188600560029,0.5303476480767131,"[0.6727272868156433, 0.7527272701263428, 0.739393949508667]",0.607,0.4193939393939394,0.4193939393939394,0.43757575757575756,0.5466666666666666,0.5236363636363637,0.5236363636363637,0.41818181818181815
29,0.3527272727272727,0.1777101687322683,0.14666321650412667,0.06931760871727842,0.48363636363636364,0.1427638679742813,0.07970411206285159,0.0,0.07848004189630349,0.5226461669662967,"[0.6727272868156433, 0.7527272701263428, 0.739393949508667]",0.45,0.40969696969696967,0.41575757575757577,0.4496969696969697,0.5418181818181819,0.5284848484848484,0.5284848484848484,0.4072727272727273
30,0.3890909090909091,0.22970043905963444,0.15865218032282047,0.09160601331484741,0.509090909090909,0.14340613782405853,0.07771993428468704,0.0,0.0765849972764651,0.5056504349922761,"[0.6727272868156433, 0.7527272701263428, 0.739393949508667]",0.4563,0.3890909090909091,0.3878787878787879,0.42303030303030303,0.47878787878787876,0.45575757575757575,0.45575757575757575,0.38666666666666666
31,0.38303030303030305,0.22234671012426155,0.1473649770884894,0.08097571685895714,0.4909090909090909,0.14241823554039001,0.07586720834175746,0.0,0.0748122042665879,0.5146444550482556,"[0.6727272868156433, 0.7527272701263428, 0.739393949508667]",0.4687,0.38303030303030305,0.3842424242424242,0.42424242424242425,0.48,0.45696969696969697,0.45696969696969697,0.38181818181818183
32,0.37454545454545457,0.21170024239708296,0.14538093149099465,0.08312181982333762,0.49818181818181817,0.13999170064926147,0.0741328236957391,0.0,0.0731517244130373,0.549526043003425,"[0.6727272868156433, 0.7527272701263428, 0.739393949508667]",0.4569,0.39636363636363636,0.4012121212121212,0.43636363636363634,0.49575757575757573,0.4715151515151515,0.4715151515151515,0.39636363636363636
33,0.3709090909090909,0.21367102276483674,0.15612077600870408,0.09574399626565391,0.5345454545454545,0.13999037444591522,0.07251885098715623,0.0,0.07161299449702103,0.4950853739865124,"[0.6727272868156433, 0.7527272701263428, 0.739393949508667]",0.4856,0.3418181818181818,0.33575757575757575,0.343030303030303,0.49454545454545457,0.4448484848484848,0.4448484848484848,0.3418181818181818
34,0.5018181818181818,0.309198664338699,0.16903581660447897,0.10627879746058405,0.5127272727272727,0.14292779564857483,0.07101843816538651,0.0,0.07018267487486203,0.5399632629705593,"[0.6727272868156433, 0.7527272701263428, 0.739393949508667]",0.4882,0.3927272727272727,0.39636363636363636,0.41575757575757577,0.4593939393939394,0.42787878787878786,0.42787878787878786,0.3927272727272727
35,0.5018181818181818,0.30844207494911335,0.16622445928168778,0.10482709758062511,0.5103030303030303,0.14568817615509033,0.06962568250795205,0.0,0.06885039371748765,0.5216667139902711,"[0.6727272868156433, 0.7527272701263428, 0.739393949508667]",0.4875,0.38666666666666666,0.38545454545454544,0.416969696969697,0.4618181818181818,0.4218181818181818,0.4218181818181818,0.38545454545454544
36,0.49818181818181817,0.3027656655724854,0.16155500628111719,0.10007037748258016,0.5054545454545455,0.14628687500953674,0.06833359474937122,0.0,0.0676162379483382,0.4867854629410431,"[0.6727272868156433, 0.7527272701263428, 0.739393949508667]",0.4608,0.3890909090909091,0.39151515151515154,0.4254545454545455,0.46424242424242423,0.4509090909090909,0.4509090909090909,0.38666666666666666
37,0.5018181818181818,0.30654120361091464,0.16250787166920516,0.1025741758907181,0.5054545454545455,0.14674590528011322,0.06713616599639256,0.0,0.06647338531911373,0.5706126210279763,"[0.6727272868156433, 0.7527272701263428, 0.739393949508667]",0.4461,0.3890909090909091,0.3903030303030303,0.4206060606060606,0.463030303030303,0.4448484848484848,0.4448484848484848,0.3878787878787879
38,0.5042424242424243,0.3097208811351325,0.16433715141016533,0.10482607636184686,0.5078787878787879,0.14714287221431732,0.06602442388733228,0.0,0.06541772559285164,0.4498625670094043,"[0.6727272868156433, 0.7527272701263428, 0.739393949508667]",0.4404,0.37696969696969695,0.3781818181818182,0.40606060606060607,0.4448484848484848,0.4290909090909091,0.4290909090909091,0.3781818181818182
39,0.5151515151515151,0.3332659864632791,0.16981867281030966,0.13021765998489948,0.5381818181818182,0.14637450873851776,0.06499938045938809,0.0,0.06444868880013625,0.4547876789001748,"[0.6727272868156433, 0.7527272701263428, 0.739393949508667]",0.4447,0.3503030303030303,0.3575757575757576,0.3793939393939394,0.4024242424242424,0.3927272727272727,0.3927272727272727,0.3478787878787879
40,0.46424242424242423,0.2742113654141265,0.19120436682273398,0.141721021777952,0.5696969696969697,0.1443319022655487,0.0640522080163161,0.0,0.06354982281724612,0.5343369939364493,"[0.6727272868156433, 0.7527272701263428, 0.739393949508667]",0.4311,0.4084848484848485,0.41333333333333333,0.4315151515151515,0.5454545454545454,0.5066666666666667,0.5066666666666667,0.40969696969696967
41,0.4775757575757576,0.29778359707797397,0.16881189901248272,0.13264317025597858,0.5587878787878788,0.14153073728084564,0.06318025166789691,0.0,0.06272521925469239,0.4837033379590139,"[0.6727272868156433, 0.7527272701263428, 0.739393949508667]",0.4889,0.3842424242424242,0.3842424242424242,0.3903030303030303,0.5587878787878788,0.5357575757575758,0.5357575757575758,0.38545454545454544
42,0.536969696969697,0.34643979220456034,0.17658379682009145,0.14436464224634368,0.5442424242424242,0.14590686559677124,0.0623841950049003,0.0,0.06196611436704794,0.4847306919982657,"[0.6727272868156433, 0.7527272701263428, 0.739393949508667]",0.4272,0.4072727272727273,0.41333333333333333,0.43393939393939396,0.5393939393939394,0.5066666666666667,0.5066666666666667,0.40969696969696967
43,0.5430303030303031,0.34638153539658423,0.18655179868840507,0.17397958448834225,0.5721212121212121,0.1459973305463791,0.06165591689447562,0.0,0.061283333227038383,0.491738326032646,"[0.6727272868156433, 0.7527272701263428, 0.739393949508667]",0.4169,0.416969696969697,0.4218181818181818,0.44363636363636366,0.5466666666666666,0.5127272727272727,0.5127272727272727,0.41818181818181815
44,0.5418181818181819,0.3485590380774919,0.1810263952960432,0.1514032564891429,0.5466666666666666,0.1441507637500763,0.06099146977066994,0.0,0.06065778868893782,0.4971045210259035,"[0.6727272868156433, 0.7527272701263428, 0.739393949508667]",0.4114,0.3975757575757576,0.39636363636363636,0.40969696969696967,0.5236363636363637,0.4909090909090909,0.4909090909090909,0.39515151515151514
45,0.5406060606060606,0.348216258583096,0.1809302393927915,0.15087678391720963,0.5478787878787879,0.14537152647972107,0.06038079162438711,0.0,0.06008126214146614,0.485060931998305,"[0.6727272868156433, 0.7527272701263428, 0.739393949508667]",0.4259,0.4484848484848485,0.4484848484848485,0.43757575757575756,0.4715151515151515,0.43393939393939396,0.43393939393939396,0.4484848484848485
46,0.44,0.24616556075274654,0.1782379657970283,0.121467752895272,0.5551515151515152,0.14825904369354248,0.059832898899912834,0.0,0.05956488288938999,0.5391552780056372,"[0.6727272868156433, 0.7527272701263428, 0.739393949508667]",0.4225,0.45212121212121215,0.4448484848484848,0.49818181818181817,0.5733333333333334,0.56,0.56,0.4533333333333333
47,0.5127272727272727,0.3036264338492356,0.1711375479898409,0.14649292391061014,0.5587878787878788,0.147849902510643,0.05933471458653609,0.0,0.05909859202802181,0.4850363819859922,"[0.6727272868156433, 0.7527272701263428, 0.739393949508667]",0.4751,0.3381818181818182,0.3418181818181818,0.3612121212121212,0.4703030303030303,0.45575757575757575,0.45575757575757575,0.3381818181818182
48,0.5006060606060606,0.29093992702876936,0.16664287439219014,0.13897473615285397,0.5515151515151515,0.14705660939216614,0.058886645982662834,0.0,0.05867560642460982,0.5874452940188348,"[0.6727272868156433, 0.7527272701263428, 0.739393949508667]",0.5787,0.3393939393939394,0.3406060606060606,0.35878787878787877,0.4715151515151515,0.45212121212121215,0.45212121212121215,0.3393939393939394
49,0.4618181818181818,0.28775039569422456,0.17166147815746807,0.13176229329762915,0.5696969696969697,0.14615492522716522,0.05848725140094757,0.0,0.05829463837047418,0.49198685796000063,"[0.6727272868156433, 0.7527272701263428, 0.739393949508667]",0.4582,0.3381818181818182,0.3393939393939394,0.3563636363636364,0.4690909090909091,0.45575757575757575,0.45575757575757575,0.3381818181818182
50,0.4448484848484848,0.2755040409560241,0.1743105662350213,0.13119545648580563,0.5733333333333334,0.14626771211624146,0.05812442675232887,0.0,0.057958401118715606,0.4986316249705851,"[0.6727272868156433, 0.7527272701263428, 0.739393949508667]",0.4759,0.42303030303030303,0.41818181818181815,0.4109090909090909,0.4775757575757576,0.42787878787878786,0.42787878787878786,0.42424242424242425
51,0.5333333333333333,0.3424171719953045,0.17526390175617437,0.15873171384541174,0.5515151515151515,0.1455429047346115,0.05780238782366117,0.0,0.057655097295840584,0.5062489049741998,"[0.6727272868156433, 0.7527272701263428, 0.739393949508667]",0.4391,0.42303030303030303,0.4193939393939394,0.41333333333333333,0.47878787878787876,0.4290909090909091,0.4290909090909091,0.42303030303030303
52,0.5224242424242425,0.33302965201814705,0.17729392791452844,0.1453051275544279,0.5406060606060606,0.14527766406536102,0.057517162834604584,0.0,0.057388016333182655,0.5000407199840993,"[0.6727272868156433, 0.7527272701263428, 0.739393949508667]",0.657,0.42787878787878786,0.4254545454545455,0.4206060606060606,0.4993939393939394,0.4412121212121212,0.4412121212121212,0.4290909090909091
53,0.4618181818181818,0.2912521985113007,0.19707708588509112,0.13695000673988575,0.5793939393939394,0.1586594581604004,0.057263271883130074,0.0,0.05715120894213518,0.7443721430609003,"[0.6727272868156433, 0.7527272701263428, 0.739393949508667]",0.6887,0.3903030303030303,0.39515151515151514,0.4121212121212121,0.5636363636363636,0.5454545454545454,0.5454545454545454,0.3890909090909091
54,0.41818181818181815,0.21645445641527916,0.16204039872310147,0.09670191041726073,0.5296969696969697,0.14955830574035645,0.0570395328104496,0.0,0.05694262683391571,0.7507209649775177,"[0.6727272868156433, 0.7527272701263428, 0.739393949508667]",0.4441,0.39151515151515154,0.39636363636363636,0.41454545454545455,0.5236363636363637,0.4909090909090909,0.4909090909090909,0.39151515151515154
55,0.416969696969697,0.2522696182066907,0.14195192116890903,0.10090442708028147,0.5272727272727272,0.1481824368238449,0.05684351238111655,0.0,0.05675315298140049,0.5241900070104748,"[0.6727272868156433, 0.7527272701263428, 0.739393949508667]",0.4355,0.38666666666666666,0.3878787878787879,0.40484848484848485,0.509090909090909,0.4824242424242424,0.4824242424242424,0.3878787878787879
56,0.3987878787878788,0.23019762399706523,0.12890951994851954,0.08420324887419048,0.4921212121212121,0.15009482204914093,0.056669569263855614,0.0,0.05658569869895776,0.6458788769086823,"[0.6727272868156433, 0.7527272701263428, 0.739393949508667]",0.4758,0.4387878787878788,0.4387878787878788,0.4484848484848485,0.35878787878787877,0.39636363636363636,0.39636363636363636,0.4412121212121212
57,0.45212121212121215,0.27800699727195455,0.15218978471508976,0.10586098601622838,0.5406060606060606,0.14525769650936127,0.05651333493491014,0.0,0.05643673551579317,0.5760554959997535,"[0.6727272868156433, 0.7527272701263428, 0.739393949508667]",0.5072,0.3842424242424242,0.3793939393939394,0.40606060606060607,0.5018181818181818,0.46545454545454545,0.46545454545454545,0.38545454545454544
58,0.4303030303030303,0.24172942402725273,0.18396225746091224,0.11263778956064698,0.5696969696969697,0.1515670269727707,0.05637931451201439,0.0,0.05630209172765414,0.49157107807695866,"[0.6727272868156433, 0.7527272701263428, 0.739393949508667]",0.4558,0.37575757575757573,0.37575757575757573,0.4036363636363636,0.4993939393939394,0.46060606060606063,0.46060606060606063,0.3806060606060606
59,0.47393939393939394,0.30221544889734253,0.1894747963591387,0.14389101885536004,0.5842424242424242,0.14552490413188934,0.05626091485222181,0.0,0.05618298922975858,0.6977691040374339,"[0.6727272868156433, 0.7527272701263428, 0.739393949508667]",0.5387,0.44606060606060605,0.44242424242424244,0.45575757575757575,0.39515151515151514,0.42424242424242425,0.42424242424242425,0.4533333333333333
60,0.4351515151515152,0.22056041797181491,0.1549166492847159,0.09560835152021951,0.5248484848484849,0.148066908121109,0.05615409153203169,0.0,0.05607724065581957,0.4435064329300076,"[0.6727272868156433, 0.7527272701263428, 0.739393949508667]",0.4313,0.44727272727272727,0.4448484848484848,0.4581818181818182,0.4012121212121212,0.4290909090909091,0.4290909090909091,0.4533333333333333
61,0.49454545454545457,0.318514072454122,0.1960866177587095,0.14287249772727292,0.5903030303030303,0.14917148649692535,0.0560588501393795,0.0,0.05598151870071888,0.47813214897178113,"[0.6727272868156433, 0.7527272701263428, 0.739393949508667]",0.4476,0.41575757575757577,0.41575757575757577,0.416969696969697,0.4533333333333333,0.4121212121212121,0.4121212121212121,0.41454545454545455
62,0.4024242424242424,0.21448601921271893,0.14211139628237449,0.0770501010545003,0.5212121212121212,0.14837272465229034,0.055973125621676445,0.0,0.05589416188498338,0.4678013629745692,"[0.6727272868156433, 0.7527272701263428, 0.739393949508667]",0.4362,0.43636363636363634,0.45575757575757575,0.45454545454545453,0.42787878787878786,0.44606060606060605,0.44606060606060605,0.43272727272727274
63,0.42424242424242425,0.23882493021954854,0.16599725939931761,0.09011282690130845,0.5454545454545454,0.13910098373889923,0.05589633000393709,0.0,0.05581368381778399,0.48740803299006075,"[0.6727272868156433, 0.7527272701263428, 0.739393949508667]",0.4581,0.4012121212121212,0.4,0.39636363636363636,0.44727272727272727,0.4193939393939394,0.4193939393939394,0.3987878787878788
64,0.4254545454545455,0.23998157531091657,0.1666135771849937,0.09074277439555484,0.5503030303030303,0.14092308282852173,0.055823057889938354,0.0,0.055742306634783745,0.5911493559833616,"[0.6727272868156433, 0.7527272701263428, 0.739393949508667]",0.4138,0.3478787878787879,0.3418181818181818,0.3333333333333333,0.38181818181818183,0.4,0.4,0.3515151515151515
65,0.45696969696969697,0.2824736023669052,0.16842073194728882,0.10252395999805675,0.5430303030303031,0.1468891203403473,0.05575667694211006,0.0,0.05567556992173195,0.6327006219653413,"[0.6727272868156433, 0.7527272701263428, 0.739393949508667]",0.6449,0.4072727272727273,0.40484848484848485,0.41575757575757577,0.49818181818181817,0.46545454545454545,0.46545454545454545,0.4072727272727273
66,0.4496969696969697,0.2719154329435184,0.16467197161701994,0.08767103540254134,0.5296969696969697,0.1420760154724121,0.05569530837237835,0.0,0.0556142038355271,0.5575328340055421,"[0.6727272868156433, 0.7527272701263428, 0.739393949508667]",0.5338,0.3987878787878788,0.39515151515151514,0.4303030303030303,0.4387878787878788,0.4012121212121212,0.4012121212121212,0.4036363636363636
67,0.45454545454545453,0.276439908943495,0.16648640455919497,0.08851593814444379,0.5284848484848484,0.1436757892370224,0.055637906615932785,0.0,0.05555665927628676,0.49479640694335103,"[0.6727272868156433, 0.7527272701263428, 0.739393949508667]",0.4248,0.42303030303030303,0.45212121212121215,0.47393939393939394,0.4387878787878788,0.44606060606060605,0.44606060606060605,0.42303030303030303
68,0.4496969696969697,0.26802671101565567,0.16083804532815557,0.08425208158222953,0.5212121212121212,0.14385217428207397,0.055583168442050614,0.0,0.05550266491870085,0.572043755906634,"[0.6727272868156433, 0.7527272701263428, 0.739393949508667]",0.4282,0.41333333333333333,0.41818181818181815,0.44,0.5309090909090909,0.5042424242424243,0.5042424242424243,0.4109090909090909
69,0.43636363636363634,0.25427461744214974,0.15256249418484533,0.09202723354801305,0.5115151515151515,0.14940425753593445,0.05553096905350685,0.0,0.0554515291005373,0.46544965798966587,"[0.6727272868156433, 0.7527272701263428, 0.739393949508667]",0.4056,0.4,0.4036363636363636,0.38666666666666666,0.3987878787878788,0.4206060606060606,0.4206060606060606,0.3987878787878788
70,0.38666666666666666,0.20582981224899788,0.15907092064263575,0.09583439235630041,0.5381818181818182,0.1334839165210724,0.05548145187397798,0.0,0.055403128266334534,0.47822284104768187,"[0.6727272868156433, 0.7527272701263428, 0.739393949508667]",0.4204,0.41575757575757577,0.41454545454545455,0.3987878787878788,0.4763636363636364,0.45575757575757575,0.45575757575757575,0.4193939393939394
71,0.42303030303030303,0.2335527086212147,0.1653970337189557,0.10135201044648484,0.5224242424242425,0.1330568641424179,0.05543181486427784,0.0,0.05535753754278024,0.45527100504841655,"[0.6727272868156433, 0.7527272701263428, 0.739393949508667]",0.4092,0.39515151515151514,0.40969696969696967,0.4072727272727273,0.4727272727272727,0.41818181818181815,0.41818181818181815,0.3975757575757576
72,0.44,0.24558066437988768,0.1781271990516449,0.11612028017256064,0.5624242424242424,0.13416963815689087,0.05538220827778181,0.0,0.05531428443888823,0.4944612430408597,"[0.6727272868156433, 0.7527272701263428, 0.739393949508667]",0.4514,0.4593939393939394,0.45575757575757575,0.4618181818181818,0.5309090909090909,0.5078787878787879,0.5078787878787879,0.4581818181818182
73,0.3878787878787879,0.20838875166255,0.16658123923828136,0.1037206237167987,0.5490909090909091,0.13231626152992249,0.05533301023145517,0.0,0.055273834615945816,0.4949671010253951,"[0.6727272868156433, 0.7527272701263428, 0.739393949508667]",0.4492,0.40606060606060607,0.41333333333333333,0.39515151515151514,0.44242424242424244,0.4109090909090909,0.4109090909090909,0.3842424242424242
74,0.3806060606060606,0.20486652055662657,0.16294472106868263,0.09325996465762026,0.5187878787878788,0.1297554224729538,0.055283933877944946,0.0,0.055236647526423134,0.4747725749621168,"[0.6727272868156433, 0.7527272701263428, 0.739393949508667]",0.4433,0.4084848484848485,0.40969696969696967,0.4,0.43393939393939396,0.3903030303030303,0.3903030303030303,0.3903030303030303
75,0.3806060606060606,0.20876751099833346,0.16469921535418355,0.09606294137943062,0.5309090909090909,0.13044822216033936,0.055236466228961945,0.0,0.05519885259370009,0.43660235207062215,"[0.6727272868156433, 0.7527272701263428, 0.739393949508667]",0.4667,0.40606060606060607,0.41454545454545455,0.3987878787878788,0.43393939393939396,0.3842424242424242,0.3842424242424242,0.39151515151515154
76,0.35393939393939394,0.20722418036111878,0.1708084500637805,0.0912226509295181,0.5187878787878788,0.1290532946586609,0.05519107294579347,0.0,0.05516263283789158,0.45987090305425227,"[0.6727272868156433, 0.7527272701263428, 0.739393949508667]",0.4493,0.36363636363636365,0.3660606060606061,0.3878787878787879,0.44727272727272727,0.3939393939393939,0.3939393939393939,0.3660606060606061
77,0.3527272727272727,0.2057711618582666,0.17045818212117445,0.09141931134582958,0.5187878787878788,0.12834791839122772,0.055148099238673844,0.0,0.055125096812844276,0.43260687205474824,"[0.6727272868156433, 0.7527272701263428, 0.739393949508667]",0.4363,0.38181818181818183,0.4084848484848485,0.43757575757575756,0.526060606060606,0.4763636363636364,0.4763636363636364,0.38545454545454544
78,0.43393939393939396,0.2375547925551389,0.16327539467146465,0.09728097761685146,0.5309090909090909,0.1293676495552063,0.05510767921805382,0.0,0.055088188499212265,0.4717532399808988,"[0.6727272868156433, 0.7527272701263428, 0.739393949508667]",0.4398,0.38181818181818183,0.4084848484848485,0.43757575757575756,0.5296969696969697,0.4763636363636364,0.4763636363636364,0.3806060606060606
79,0.4448484848484848,0.24821379896260076,0.1693757387285739,0.09704078793885473,0.5272727272727272,0.13509276509284973,0.055067634830872216,0.0,0.05505183090766271,0.46426828601397574,"[0.6727272868156433, 0.7527272701263428, 0.739393949508667]",0.4639,0.3975757575757576,0.40606060606060607,0.4193939393939394,0.49575757575757573,0.43757575757575756,0.43757575757575756,0.38181818181818183
80,0.4084848484848485,0.22958132165266876,0.1669835910702178,0.10339999913441227,0.5393939393939394,0.13114598393440247,0.05502808094024658,0.0,0.05501588868598143,0.44723494502250105,"[0.6727272868156433, 0.7527272701263428, 0.739393949508667]",0.4476,0.38545454545454544,0.42424242424242425,0.41575757575757577,0.4412121212121212,0.3806060606060606,0.3806060606060606,0.3842424242424242
81,0.40484848484848485,0.2261763761958615,0.17182557894285275,0.10195623960037646,0.5454545454545454,0.13465313613414764,0.05498635955154896,0.0,0.054981195678313576,0.5020033080363646,"[0.6727272868156433, 0.7527272701263428, 0.739393949508667]",0.5505,0.3806060606060606,0.3806060606060606,0.3987878787878788,0.4690909090909091,0.4290909090909091,0.4290909090909091,0.3781818181818182
82,0.4387878787878788,0.2577013665407397,0.17083600470978982,0.09544584684895692,0.5151515151515151,0.1330070197582245,0.054944573591152825,0.0,0.054946633676687874,0.6292226490331814,"[0.6727272868156433, 0.7527272701263428, 0.739393949508667]",0.6288,0.40484848484848485,0.4072727272727273,0.38666666666666666,0.38545454545454544,0.38181818181818183,0.38181818181818183,0.4036363636363636
83,0.4109090909090909,0.2249238358876018,0.17651210200175507,0.09736788874463563,0.5078787878787879,0.13808384537696838,0.05490367114543915,0.0,0.054913099855184555,0.4757095049135387,"[0.6727272868156433, 0.7527272701263428, 0.739393949508667]",0.4392,0.3842424242424242,0.3781818181818182,0.41333333333333333,0.4921212121212121,0.4303030303030303,0.4303030303030303,0.38181818181818183
84,0.43636363636363634,0.24776461822032247,0.18094491379743569,0.11119231987628499,0.5333333333333333,0.13464301824569702,0.05486240051686764,0.0,0.05487890914082527,0.5101284169359133,"[0.6727272868156433, 0.7527272701263428, 0.739393949508667]",0.5335,0.39636363636363636,0.39636363636363636,0.37575757575757573,0.46060606060606063,0.41454545454545455,0.41454545454545455,0.3890909090909091
85,0.45696969696969697,0.26725983727458735,0.16480847294341788,0.08521326988544857,0.5103030303030303,0.13682639598846436,0.05482124537229538,0.0,0.05484528342882792,0.6063324849819764,"[0.6727272868156433, 0.7527272701263428, 0.739393949508667]",0.4254,0.39636363636363636,0.39515151515151514,0.3878787878787879,0.4690909090909091,0.4206060606060606,0.4206060606060606,0.3903030303030303
86,0.40606060606060607,0.2314185817034844,0.1775918047098512,0.09755894921957188,0.5527272727272727,0.13209185004234314,0.05478047579526901,0.0,0.05481101696689924,0.4965626719640568,"[0.6727272868156433, 0.7527272701263428, 0.739393949508667]",0.3964,0.40484848484848485,0.4,0.40606060606060607,0.48,0.43393939393939396,0.43393939393939396,0.4012121212121212
87,0.4412121212121212,0.26029259602144095,0.16784719099780682,0.1070489674323191,0.5212121212121212,0.13004761934280396,0.05474087533851465,0.0,0.054776860401034355,0.49315141898114234,"[0.6727272868156433, 0.7527272701263428, 0.739393949508667]",0.4163,0.4,0.3987878787878788,0.38303030303030305,0.4666666666666667,0.43393939393939396,0.43393939393939396,0.3939393939393939
88,0.3878787878787879,0.22159050569292227,0.17638813524398514,0.09375099353311957,0.5163636363636364,0.13016657531261444,0.054700554658969246,0.0,0.054743530228734016,0.5885471060173586,"[0.6727272868156433, 0.7527272701263428, 0.739393949508667]",0.4179,0.34545454545454546,0.35515151515151516,0.36484848484848487,0.4109090909090909,0.3878787878787879,0.3878787878787879,0.343030303030303
89,0.3939393939393939,0.22680557299798887,0.17599250021272006,0.0948350080701289,0.5175757575757576,0.12960566580295563,0.05466178928812345,0.0,0.054710915933052696,0.47988179803360254,"[0.6727272868156433, 0.7527272701263428, 0.739393949508667]",0.4287,0.3890909090909091,0.3878787878787879,0.38181818181818183,0.4593939393939394,0.4290909090909091,0.4290909090909091,0.3781818181818182
90,0.42303030303030303,0.23298384324510146,0.1823910927270612,0.10828086489036828,0.5309090909090909,0.12886300683021545,0.054624954238533974,0.0,0.05467915162444115,0.46024270192719996,"[0.6727272868156433, 0.7527272701263428, 0.739393949508667]",0.4261,0.4266666666666667,0.43757575757575756,0.4218181818181818,0.45696969696969697,0.4218181818181818,0.4218181818181818,0.39151515151515154
91,0.42303030303030303,0.25761385333761844,0.17008294703209675,0.10592762719271147,0.5357575757575758,0.13027319312095642,0.05458903623123964,0.0,0.05464848379294077,0.4634722259361297,"[0.6727272868156433, 0.7527272701263428, 0.739393949508667]",0.4494,0.3975757575757576,0.4315151515151515,0.4109090909090909,0.46424242424242423,0.4206060606060606,0.4206060606060606,0.3806060606060606
92,0.4084848484848485,0.24459054781257739,0.1663768314729299,0.09119895504905054,0.5224242424242425,0.13401848077774048,0.05455395889778932,0.0,0.05461902295549711,0.45923591405153275,"[0.6727272868156433, 0.7527272701263428, 0.739393949508667]",0.4237,0.38303030303030305,0.39515151515151514,0.4121212121212121,0.4763636363636364,0.4206060606060606,0.4206060606060606,0.3781818181818182
93,0.4109090909090909,0.25602858987775823,0.17854963724981132,0.1190028883161296,0.5563636363636364,0.13147185742855072,0.05452029965817928,0.0,0.05458994706471761,0.46930005098693073,"[0.6727272868156433, 0.7527272701263428, 0.739393949508667]",0.4565,0.37454545454545457,0.3903030303030303,0.4,0.44242424242424244,0.38545454545454544,0.38545454545454544,0.36484848484848487
94,0.4109090909090909,0.24280480435111051,0.18804277504947117,0.10651644834547479,0.52,0.12874065339565277,0.054487438251574837,0.0,0.054561943436662354,0.4816615680465475,"[0.6727272868156433, 0.7527272701263428, 0.739393949508667]",0.4208,0.4,0.4,0.37696969696969695,0.42303030303030303,0.42303030303030303,0.42303030303030303,0.3939393939393939
95,0.45575757575757575,0.24734077678780053,0.1867593490787944,0.1273173007377505,0.5454545454545454,0.13108623027801514,0.05445673130452633,0.0,0.05453661518792311,0.47790578298736364,"[0.6727272868156433, 0.7527272701263428, 0.739393949508667]",0.4441,0.4,0.4024242424242424,0.3781818181818182,0.4218181818181818,0.4218181818181818,0.4218181818181818,0.3939393939393939
96,0.43636363636363634,0.2648467891842171,0.17302464096010942,0.10716172909750224,0.5212121212121212,0.13258680701255798,0.054427387192845345,0.0,0.05451208849747976,0.48140349599998444,"[0.6727272868156433, 0.7527272701263428, 0.739393949508667]",0.4417,0.3515151515151515,0.38666666666666666,0.36484848484848487,0.3975757575757576,0.39151515151515154,0.39151515151515154,0.3478787878787879
97,0.4812121212121212,0.28997009871245494,0.18652304407950435,0.13181749151906755,0.5454545454545454,0.12943381071090698,0.05439668272932371,0.0,0.05448928289115429,0.5691562669817358,"[0.6727272868156433, 0.7527272701263428, 0.739393949508667]",0.6574,0.3660606060606061,0.39151515151515154,0.39515151515151514,0.43272727272727274,0.4,0.4,0.3612121212121212
98,0.44,0.2758510626170817,0.1773883194538681,0.12279591133300614,0.5515151515151515,0.12893299758434296,0.054366917659839,0.0,0.054470996061960854,0.770710411015898,"[0.6727272868156433, 0.7527272701263428, 0.739393949508667]",0.6934,0.3939393939393939,0.3975757575757576,0.41333333333333333,0.48484848484848486,0.4618181818181818,0.4618181818181818,0.3878787878787879
99,0.41333333333333333,0.2545324538820134,0.17182359879689643,0.11320599559267068,0.5393939393939394,0.12511271238327026,0.054335656886299454,0.0,0.05445438561340173,0.8854988269740716,"[0.6727272868156433, 0.7527272701263428, 0.739393949508667]",0.4824,0.36848484848484847,0.4024242424242424,0.41818181818181815,0.4690909090909091,0.4412121212121212,0.4412121212121212,0.3660606060606061
100,0.4727272727272727,0.30000741197306735,0.18532161003348738,0.14357385087225114,0.5612121212121212,0.12444531172513962,0.054305918514728546,0.0,0.05443567906816801,0.5033317570341751,"[0.6727272868156433, 0.7527272701263428, 0.739393949508667]",0.4567,0.38545454545454544,0.43393939393939396,0.4072727272727273,0.4666666666666667,0.42303030303030303,0.42303030303030303,0.38303030303030305
101,0.4618181818181818,0.2707371069983755,0.1805321354085815,0.12175195869528443,0.5224242424242425,0.12493335455656052,0.05427693389356136,0.0,0.05442113926013311,0.48248020000755787,"[0.6727272868156433, 0.7527272701263428, 0.739393949508667]",0.4242,0.38666666666666666,0.40606060606060607,0.41575757575757577,0.4763636363636364,0.45454545454545453,0.45454545454545453,0.36
102,0.46424242424242423,0.2727145806117056,0.1810020518066623,0.12197758399327954,0.5212121212121212,0.12685774266719818,0.054246860245863594,0.0,0.054407465582092605,0.47092665696982294,"[0.6727272868156433, 0.7527272701263428, 0.739393949508667]",0.4842,0.36848484848484847,0.40969696969696967,0.41333333333333333,0.47878787878787876,0.44363636363636366,0.44363636363636366,0.35515151515151516
103,0.44,0.2550163988256956,0.1872096182007986,0.11982089340464704,0.5333333333333333,0.12765568494796753,0.05422092291216055,0.0,0.05439017899334431,0.5171908719930798,"[0.6727272868156433, 0.7527272701263428, 0.739393949508667]",0.4627,0.37575757575757573,0.4109090909090909,0.41333333333333333,0.47878787878787876,0.44242424242424244,0.44242424242424244,0.3563636363636364
104,0.49818181818181817,0.31343421592197407,0.16934103825553357,0.1410435545154615,0.5430303030303031,0.1282758116722107,0.05419573560357094,0.0,0.05437345802783966,0.4801682400284335,"[0.6727272868156433, 0.7527272701263428, 0.739393949508667]",0.4737,0.3781818181818182,0.40969696969696967,0.41575757575757577,0.47878787878787876,0.44727272727272727,0.44727272727272727,0.3575757575757576
105,0.5054545454545455,0.3239796430708918,0.18221151066752886,0.15149347397839838,0.553939393939394,0.12950026988983154,0.05417152432103952,0.0,0.05435791673759619,0.5102035000454634,"[0.6727272868156433, 0.7527272701263428, 0.739393949508667]",0.4273,0.37696969696969695,0.40969696969696967,0.416969696969697,0.47878787878787876,0.44606060606060605,0.44606060606060605,0.3575757575757576
106,0.4218181818181818,0.24841001547011976,0.1799459423900737,0.10398824543950448,0.5187878787878788,0.1275492012500763,0.05414880315462748,0.0,0.05434261324505011,0.45995346596464515,"[0.6727272868156433, 0.7527272701263428, 0.739393949508667]",0.4682,0.4303030303030303,0.43757575757575756,0.42303030303030303,0.5357575757575758,0.49818181818181817,0.49818181818181817,0.4193939393939394
107,0.5054545454545455,0.32581569090872686,0.17592150830098566,0.14808993643484503,0.5587878787878788,0.12916108965873718,0.05412602176268896,0.0,0.054327464972933136,0.5102062430232763,"[0.6727272868156433, 0.7527272701263428, 0.739393949508667]",0.6207,0.3903030303030303,0.44242424242424244,0.42424242424242425,0.5054545454545455,0.4581818181818182,0.4581818181818182,0.38545454545454544
108,0.4993939393939394,0.31867672612893994,0.1845361244490271,0.13169024018502626,0.5575757575757576,0.1301424205303192,0.0541046429425478,0.0,0.05431192678709825,0.49113117391243577,"[0.6727272868156433, 0.7527272701263428, 0.739393949508667]",0.5631,0.3890909090909091,0.44,0.4254545454545455,0.5054545454545455,0.4581818181818182,0.4581818181818182,0.3842424242424242
109,0.49818181818181817,0.3168945351562812,0.18086976923100362,0.1311601333294531,0.5551515151515152,0.13075684010982513,0.05408322624862194,0.0,0.05429841143389543,0.5279306130250916,"[0.6727272868156433, 0.7527272701263428, 0.739393949508667]",0.5649,0.3890909090909091,0.4387878787878788,0.42424242424242425,0.5054545454545455,0.4593939393939394,0.4593939393939394,0.38303030303030305
110,0.4896969696969697,0.2941452618871975,0.1598113975461731,0.1220299657154045,0.5333333333333333,0.12510283291339874,0.05406152084469795,0.0,0.05428647374113401,0.6135132580529898,"[0.6727272868156433, 0.7527272701263428, 0.739393949508667]",0.6758,0.3890909090909091,0.43636363636363634,0.416969696969697,0.5066666666666667,0.463030303030303,0.463030303030303,0.38303030303030305
111,0.48,0.2990390442728861,0.17582939976426806,0.1395602217308899,0.5430303030303031,0.12272714823484421,0.05404124967753887,0.0,0.05427415234347185,0.6431313930079341,"[0.6727272868156433, 0.7527272701263428, 0.739393949508667]",0.9272,0.3890909090909091,0.44,0.4206060606060606,0.5042424242424243,0.46424242424242423,0.46424242424242423,0.38303030303030305
112,0.48363636363636364,0.3030657571190608,0.17648177786407554,0.1402227023419451,0.5430303030303031,0.12257057428359985,0.05402109337349733,0.0,0.05426225811243057,1.1627192640444264,"[0.6727272868156433, 0.7527272701263428, 0.739393949508667]",0.6385,0.3903030303030303,0.44,0.42303030303030303,0.5054545454545455,0.4618181818181818,0.4618181818181818,0.3842424242424242
113,0.4715151515151515,0.282117603386441,0.18074732068804508,0.1439301825026475,0.5503030303030303,0.1295105516910553,0.05400123571356138,0.0,0.05425093447168668,0.6616691580275074,"[0.6727272868156433, 0.7527272701263428, 0.739393949508667]",0.647,0.39515151515151514,0.4448484848484848,0.4290909090909091,0.5018181818181818,0.4581818181818182,0.4581818181818182,0.3878787878787879
114,0.47393939393939394,0.2854448681949625,0.1829384135087021,0.14447522020238077,0.5490909090909091,0.12870089709758759,0.053981222212314606,0.0,0.05424079981942972,0.6203481149859726,"[0.6727272868156433, 0.7527272701263428, 0.739393949508667]",0.6384,0.4690909090909091,0.4678787878787879,0.4266666666666667,0.5163636363636364,0.5163636363636364,0.5163636363636364,0.46060606060606063
115,0.4727272727272727,0.2848018270809751,0.18174151206273853,0.14258268428062754,0.5490909090909091,0.1288166344165802,0.053961376970012985,0.0,0.05423173184196154,0.6278374569956213,"[0.6727272868156433, 0.7527272701263428, 0.739393949508667]",0.6317,0.45212121212121215,0.41454545454545455,0.4448484848484848,0.5284848484848484,0.5042424242424243,0.5042424242424243,0.45454545454545453
116,0.4727272727272727,0.28425123355099147,0.18180543365016838,0.14304213366145616,0.5478787878787879,0.12877270579338074,0.05394165342052778,0.0,0.05422307985524336,0.6405489369062707,"[0.6727272868156433, 0.7527272701263428, 0.739393949508667]",0.6485,0.3927272727272727,0.4303030303030303,0.4496969696969697,0.5309090909090909,0.5066666666666667,0.5066666666666667,0.3927272727272727
117,0.5345454545454545,0.34477359735427515,0.19009829538462228,0.1514263005477432,0.566060606060606,0.13038864731788635,0.05392284877598286,0.0,0.05421381692091624,0.6296545990044251,"[0.6727272868156433, 0.7527272701263428, 0.739393949508667]",0.7021,0.3806060606060606,0.42424242424242425,0.3939393939393939,0.44727272727272727,0.41575757575757577,0.41575757575757577,0.36727272727272725
118,0.4690909090909091,0.28027390821127107,0.18073473565358733,0.1426569382753174,0.5478787878787879,0.1277581751346588,0.05390404040614764,0.0,0.054204861943920456,0.5998275760794058,"[0.6727272868156433, 0.7527272701263428, 0.739393949508667]",0.6803,0.3927272727272727,0.4303030303030303,0.4496969696969697,0.5309090909090909,0.503030303030303,0.503030303030303,0.3927272727272727
119,0.46545454545454545,0.29185927692083113,0.18033365256112188,0.1399139743150403,0.5466666666666666,0.12946735322475433,0.05388588644564152,0.0,0.05419631116092205,0.618014475912787,"[0.6727272868156433, 0.7527272701263428, 0.739393949508667]",0.6534,0.3987878787878788,0.43272727272727274,0.44,0.5248484848484849,0.49818181818181817,0.49818181818181817,0.39515151515151514
120,0.4678787878787879,0.29327018768074375,0.1759260537813918,0.13828541817292622,0.5442424242424242,0.12948167324066162,0.053868161514401436,0.0,0.05418635221819083,0.6194024509750307,"[0.6727272868156433, 0.7527272701263428, 0.739393949508667]",0.6445,0.39636363636363636,0.42787878787878786,0.4533333333333333,0.536969696969697,0.5054545454545455,0.5054545454545455,0.39151515151515154
121,0.46424242424242423,0.2784366027453643,0.18426522804525808,0.134806673001828,0.5357575757575758,0.12919685244560242,0.05385244327286879,0.0,0.05417505092918873,0.5866919769905508,"[0.6727272868156433, 0.7527272701263428, 0.739393949508667]",0.6552,0.3975757575757576,0.3939393939393939,0.3842424242424242,0.46545454545454545,0.42303030303030303,0.42303030303030303,0.38181818181818183
122,0.48363636363636364,0.3099148806660319,0.18628848393436068,0.1434662994810736,0.5624242424242424,0.13084641098976135,0.05383704913159212,0.0,0.05416437735160192,0.6002983410144225,"[0.6727272868156433, 0.7527272701263428, 0.739393949508667]",0.6389,0.4412121212121212,0.4533333333333333,0.4387878787878788,0.49454545454545457,0.4909090909090909,0.4909090909090909,0.4303030303030303
123,0.4690909090909091,0.29783004514019107,0.18992363474934443,0.1481961758144404,0.5793939393939394,0.12836742401123047,0.05382172825435797,0.0,0.05415418061117331,0.6728875000262633,"[0.6727272868156433, 0.7527272701263428, 0.739393949508667]",0.8676,0.4387878787878788,0.4509090909090909,0.44,0.4921212121212121,0.48848484848484847,0.48848484848484847,0.42787878787878786
124,0.4703030303030303,0.298889580335265,0.18909050496205168,0.14725845492349185,0.5793939393939394,0.12723082304000854,0.05380672526856264,0.0,0.0541446420053641,0.7104434610810131,"[0.6727272868156433, 0.7527272701263428, 0.739393949508667]",0.4383,0.4387878787878788,0.4509090909090909,0.4387878787878788,0.4921212121212121,0.48727272727272725,0.48727272727272725,0.4303030303030303
125,0.4921212121212121,0.3142430338161951,0.18131303485839656,0.15182740030389627,0.5527272727272727,0.12777835130691528,0.05379182597001394,0.0,0.05413529338936011,0.48089345695916563,"[0.6727272868156433, 0.7527272701263428, 0.739393949508667]",0.421,0.4290909090909091,0.44242424242424244,0.4448484848484848,0.47393939393939394,0.46424242424242423,0.46424242424242423,0.4218181818181818
126,0.5006060606060606,0.3236574630488942,0.1850570984982057,0.1576976033250109,0.5575757575757576,0.12929007411003113,0.05377759474019209,0.0,0.054126049702366195,0.47735073999501765,"[0.6727272868156433, 0.7527272701263428, 0.739393949508667]",0.4252,0.44242424242424244,0.45454545454545453,0.44,0.49575757575757573,0.49333333333333335,0.49333333333333335,0.4315151515151515
127,0.49818181818181817,0.3205608183109405,0.18483214998651476,0.1565798120111988,0.5575757575757576,0.12943807244300842,0.053763979425032936,0.0,0.0541166290640831,0.48935266106855124,"[0.6727272868156433, 0.7527272701263428, 0.739393949508667]",0.4625,0.44363636363636366,0.45454545454545453,0.4412121212121212,0.49818181818181817,0.49454545454545457,0.49454545454545457,0.43272727272727274
128,0.49696969696969695,0.3193488810383869,0.18438385569846008,0.15553330603432347,0.5575757575757576,0.12950733304023743,0.053750794380903244,0.0,0.05410715751349926,0.6283060790738091,"[0.6727272868156433, 0.7527272701263428, 0.739393949508667]",0.4341,0.44242424242424244,0.45454545454545453,0.44,0.49696969696969695,0.49454545454545457,0.49454545454545457,0.43272727272727274
129,0.48,0.30487905474942856,0.19275917930076322,0.15313015604923882,0.5684848484848485,0.12889081239700317,0.05373798062403997,0.0,0.0540978175898393,0.4876449479488656,"[0.6727272868156433, 0.7527272701263428, 0.739393949508667]",0.4404,0.4412121212121212,0.4533333333333333,0.44,0.49575757575757573,0.4921212121212121,0.4921212121212121,0.4315151515151515
130,0.4812121212121212,0.3070070594607962,0.19415458772510505,0.15464591561211488,0.5696969696969697,0.12674792110919952,0.053725489104787506,0.0,0.05408812128007412,0.49695415992755443,"[0.6727272868156433, 0.7527272701263428, 0.739393949508667]",0.4876,0.4206060606060606,0.42303030303030303,0.3890909090909091,0.43636363636363634,0.4351515151515152,0.4351515151515152,0.4036363636363636
131,0.39151515151515154,0.20820794793654196,0.19541157628976777,0.1259766175088323,0.5684848484848485,0.12612827122211456,0.05371289451917013,0.0,0.05407893533507983,0.47777887305710465,"[0.6727272868156433, 0.7527272701263428, 0.739393949508667]",0.4384,0.4303030303030303,0.4412121212121212,0.4448484848484848,0.463030303030303,0.46545454545454545,0.46545454545454545,0.4193939393939394
132,0.3927272727272727,0.20959633143313916,0.1945719270541432,0.12575182162893636,0.5672727272727273,0.12366654723882675,0.05370043404400349,0.0,0.054069977874557175,0.4870484999846667,"[0.6727272868156433, 0.7527272701263428, 0.739393949508667]",0.521,0.43393939393939396,0.44242424242424244,0.4496969696969697,0.46545454545454545,0.4666666666666667,0.4666666666666667,0.4193939393939394
133,0.4012121212121212,0.2184953230526142,0.1964677157088669,0.1291314704559078,0.5709090909090909,0.12312893569469452,0.05368788974980513,0.0,0.054061307261387505,0.46879283303860575,"[0.6727272868156433, 0.7527272701263428, 0.739393949508667]",0.5095,0.4387878787878788,0.4509090909090909,0.44,0.4909090909090909,0.48484848484848486,0.48484848484848486,0.4290909090909091
134,0.4024242424242424,0.2184872980767938,0.19790515460435845,0.12939290369904324,0.5721212121212121,0.12314825505018234,0.05367602097491423,0.0,0.05405204991499583,0.5464079669909552,"[0.6727272868156433, 0.7527272701263428, 0.739393949508667]",0.4435,0.3806060606060606,0.3927272727272727,0.4024242424242424,0.46424242424242423,0.4303030303030303,0.4303030303030303,0.36848484848484847
135,0.4012121212121212,0.1854766825087838,0.1843302767652484,0.11187512946119182,0.5406060606060606,0.12439344823360443,0.05366373745103677,0.0,0.05404340848326683,0.5072931390022859,"[0.6727272868156433, 0.7527272701263428, 0.739393949508667]",0.4435,0.41818181818181815,0.4218181818181818,0.4012121212121212,0.41333333333333333,0.4581818181818182,0.4581818181818182,0.40606060606060607
136,0.48363636363636364,0.30972377166381226,0.19624909284853423,0.14538825726757232,0.5757575757575758,0.12655490636825562,0.05365141108632088,0.0,0.05403552204370499,0.4488997389562428,"[0.6727272868156433, 0.7527272701263428, 0.739393949508667]",0.4688,0.3939393939393939,0.38666666666666666,0.37212121212121213,0.3806060606060606,0.4024242424242424,0.4024242424242424,0.3842424242424242
137,0.4993939393939394,0.32275164877102447,0.1982901698861643,0.1550487518986382,0.5793939393939394,0.12737813591957092,0.053639366601904236,0.0,0.05402744002640247,0.6014741590479389,"[0.6727272868156433, 0.7527272701263428, 0.739393949508667]",0.656,0.3842424242424242,0.3975757575757576,0.3987878787878788,0.46424242424242423,0.4303030303030303,0.4303030303030303,0.37333333333333335
138,0.4993939393939394,0.32231521665625795,0.19736644201925077,0.15392158639591386,0.5793939393939394,0.12794646620750427,0.053626857697963715,0.0,0.05401993729174137,0.48790875799022615,"[0.6727272868156433, 0.7527272701263428, 0.739393949508667]",0.4964,0.3927272727272727,0.38545454545454544,0.37212121212121213,0.3781818181818182,0.4,0.4,0.38181818181818183
139,0.49696969696969695,0.3192175998282012,0.1823538569447217,0.14541685242299748,0.5684848484848485,0.1275789737701416,0.0536140880237023,0.0,0.054013194516301155,0.4530713079730049,"[0.6727272868156433, 0.7527272701263428, 0.739393949508667]",0.4531,0.4012121212121212,0.3903030303030303,0.3709090909090909,0.3878787878787879,0.41454545454545455,0.41454545454545455,0.3878787878787879
140,0.5042424242424243,0.3268154585555335,0.1954449562454109,0.15239634090380808,0.576969696969697,0.12968693673610687,0.053601186722517014,0.0,0.054006404553850494,0.45782045007217675,"[0.6727272868156433, 0.7527272701263428, 0.739393949508667]",0.4555,0.4218181818181818,0.42424242424242425,0.38545454545454544,0.4290909090909091,0.4303030303030303,0.4303030303030303,0.40969696969696967
141,0.4860606060606061,0.3113454750200316,0.19529358270277297,0.14591435956629298,0.5745454545454546,0.12834122776985168,0.05358795945843061,0.0,0.053999842454989753,0.4710948020219803,"[0.6727272868156433, 0.7527272701263428, 0.739393949508667]",0.5149,0.40969696969696967,0.4218181818181818,0.4193939393939394,0.4509090909090909,0.4387878787878788,0.4387878787878788,0.4024242424242424
142,0.4860606060606061,0.3115704577525078,0.19527242163017,0.14553122849656522,0.5757575757575758,0.12734569609165192,0.05357422369221846,0.0,0.05399626431365808,0.5423469829838723,"[0.6727272868156433, 0.7527272701263428, 0.739393949508667]",0.5088,0.4315151515151515,0.416969696969697,0.4448484848484848,0.5139393939393939,0.4763636363636364,0.4763636363636364,0.42787878787878786
143,0.4860606060606061,0.3115704577525078,0.19527242163017,0.14553122849656522,0.5757575757575758,0.12724564969539642,0.053561282654603325,0.0,0.05399133016665777,0.5133641290012747,"[0.6727272868156433, 0.7527272701263428, 0.739393949508667]",0.4854,0.416969696969697,0.41575757575757577,0.38181818181818183,0.43272727272727274,0.43272727272727274,0.43272727272727274,0.41333333333333333
144,0.4860606060606061,0.3115704577525078,0.19527242163017,0.14553122849656522,0.5757575757575758,0.12712734937667847,0.05354840991397699,0.0,0.05398543986181418,0.5447396020172164,"[0.6727272868156433, 0.7527272701263428, 0.739393949508667]",0.4813,0.4121212121212121,0.38666666666666666,0.4290909090909091,0.48,0.44363636363636366,0.44363636363636366,0.4084848484848485
145,0.4448484848484848,0.27764809791180367,0.18524953962548915,0.11341008339073147,0.5575757575757576,0.12727504968643188,0.05353609099984169,0.0,0.05398157176872095,0.4856819009874016,"[0.6727272868156433, 0.7527272701263428, 0.739393949508667]",0.4925,0.4121212121212121,0.38666666666666666,0.4290909090909091,0.4812121212121212,0.44363636363636366,0.44363636363636366,0.4084848484848485
146,0.5078787878787879,0.33293901156677197,0.1955476303087087,0.15185310947423927,0.5733333333333334,0.1281600147485733,0.05352327165504297,0.0,0.053980556627114616,0.502226940006949,"[0.6727272868156433, 0.7527272701263428, 0.739393949508667]",0.4856,0.3890909090909091,0.3927272727272727,0.39636363636363636,0.4412121212121212,0.4012121212121212,0.4012121212121212,0.38666666666666666
147,0.5054545454545455,0.3303571428571428,0.19483912042668333,0.1497544685982403,0.5721212121212121,0.1281071901321411,0.053509832049409546,0.0,0.05397554983695348,0.6232168959686533,"[0.6727272868156433, 0.7527272701263428, 0.739393949508667]",0.4899,0.3975757575757576,0.42303030303030303,0.44606060606060605,0.5248484848484849,0.48727272727272725,0.48727272727272725,0.3927272727272727
148,0.5054545454545455,0.3274375891654713,0.19676218694288386,0.15128321155678434,0.5757575757575758,0.1280941367149353,0.05349841279288133,0.0,0.05397065728902817,0.5120675779180601,"[0.6727272868156433, 0.7527272701263428, 0.739393949508667]",0.4505,0.4012121212121212,0.4109090909090909,0.3927272727272727,0.4509090909090909,0.42303030303030303,0.42303030303030303,0.38666666666666666
149,0.5054545454545455,0.3268848125136232,0.17758048935990625,0.14868315797872686,0.5612121212121212,0.1279684603214264,0.05348666571080685,0.0,0.053966167072455086,0.516460548969917,"[0.6727272868156433, 0.7527272701263428, 0.739393949508667]",0.4698,0.39515151515151514,0.43757575757575756,0.4254545454545455,0.49818181818181817,0.45696969696969697,0.45696969696969697,0.37575757575757573
150,0.45212121212121215,0.2642561469830358,0.18220797300974786,0.12276252796472496,0.5430303030303031,0.12744134664535522,0.05347604118287563,0.0,0.05396016935507456,0.5078592400532216,"[0.6727272868156433, 0.7527272701263428, 0.739393949508667]",0.4744,0.4036363636363636,0.4496969696969697,0.416969696969697,0.49454545454545457,0.45454545454545453,0.45454545454545453,0.3793939393939394
151,0.39636363636363636,0.22200761233880595,0.1802030045438267,0.11177128809566599,0.5466666666666666,0.12838242948055267,0.05346530117094517,0.0,0.053955117240548134,0.5517739610513672,"[0.6727272868156433, 0.7527272701263428, 0.739393949508667]",0.6705,0.4206060606060606,0.4218181818181818,0.40606060606060607,0.4812121212121212,0.45454545454545453,0.45454545454545453,0.40969696969696967
152,0.3927272727272727,0.21853434421735274,0.17878408317520364,0.11017445545451672,0.5466666666666666,0.1252855658531189,0.05345411039888859,0.0,0.053948517267902694,0.6724689559778199,"[0.6727272868156433, 0.7527272701263428, 0.739393949508667]",0.6931,0.4218181818181818,0.4206060606060606,0.40484848484848485,0.48,0.45696969696969697,0.45696969696969697,0.4109090909090909
153,0.4218181818181818,0.2422054176463453,0.1858041505481566,0.11894553418780471,0.5503030303030303,0.12503845989704132,0.053443544854720436,0.0,0.053942080587148666,0.6997834231005982,"[0.6727272868156433, 0.7527272701263428, 0.739393949508667]",0.6862,0.39151515151515154,0.41333333333333333,0.4254545454545455,0.4593939393939394,0.43272727272727274,0.43272727272727274,0.3903030303030303
154,0.4290909090909091,0.24764171036021032,0.17194512267746082,0.11652914802834877,0.5406060606060606,0.12410026788711548,0.053432926535606384,0.0,0.053937459364533424,0.7230072149541229,"[0.6727272868156433, 0.7527272701263428, 0.739393949508667]",0.7548,0.3975757575757576,0.41818181818181815,0.4254545454545455,0.4618181818181818,0.4351515151515152,0.4351515151515152,0.3927272727272727
155,0.4193939393939394,0.24073725387724987,0.18749601483253184,0.11854836613237996,0.5515151515151515,0.12693260610103607,0.05342200150092443,0.0,0.05393333546817303,0.6636511069955304,"[0.6727272868156433, 0.7527272701263428, 0.739393949508667]",0.6941,0.42424242424242425,0.43636363636363634,0.4509090909090909,0.44363636363636366,0.47878787878787876,0.47878787878787876,0.42424242424242425
156,0.40606060606060607,0.2585480196766774,0.1913866372239461,0.1271486809560364,0.553939393939394,0.12644261121749878,0.05341124969224135,0.0,0.05392881607015928,0.7859791109804064,"[0.6727272868156433, 0.7527272701263428, 0.739393949508667]",0.7274,0.3793939393939394,0.4012121212121212,0.42424242424242425,0.4290909090909091,0.41575757575757577,0.41575757575757577,0.3793939393939394
157,0.40484848484848485,0.20685347519869046,0.1906498455771257,0.11483441593904369,0.5575757575757576,0.12599781155586243,0.053401134287317596,0.0,0.053922069569428764,0.7925145339686424,"[0.6727272868156433, 0.7527272701263428, 0.739393949508667]",0.6502,0.3806060606060606,0.4024242424242424,0.42424242424242425,0.4290909090909091,0.41575757575757577,0.41575757575757577,0.3806060606060606
158,0.39636363636363636,0.246417802038166,0.18545485878395335,0.11717033727065176,0.5721212121212121,0.12631858885288239,0.053391704335808754,0.0,0.053914666796724,0.6239420688943937,"[0.6727272868156433, 0.7527272701263428, 0.739393949508667]",0.6411,0.4315151515151515,0.44242424242424244,0.4581818181818182,0.44727272727272727,0.4824242424242424,0.4824242424242424,0.4315151515151515
159,0.36363636363636365,0.20017543049720699,0.19231631788780928,0.11296000622186324,0.5527272727272727,0.12593941390514374,0.05338264132539431,0.0,0.053907500579953194,0.6507301999954507,"[0.6727272868156433, 0.7527272701263428, 0.739393949508667]",0.8076,0.4303030303030303,0.4412121212121212,0.45212121212121215,0.4448484848484848,0.4812121212121212,0.4812121212121212,0.4303030303030303
160,0.42303030303030303,0.24187140192978207,0.18263623463803247,0.1182713480214463,0.5454545454545454,0.12365469336509705,0.053373697524269424,0.0,0.053899851317207016,0.6308283800026402,"[0.6727272868156433, 0.7527272701263428, 0.739393949508667]",0.6459,0.42424242424242425,0.43636363636363634,0.4484848484848485,0.44363636363636366,0.48,0.48,0.4254545454545455
161,0.3987878787878788,0.24945111986221602,0.18417970384697097,0.11882522910226126,0.5733333333333334,0.12618213891983032,0.053364851201574005,0.0,0.05389256961643696,0.6349902329966426,"[0.6727272868156433, 0.7527272701263428, 0.739393949508667]",0.7672,0.38181818181818183,0.40606060606060607,0.42303030303030303,0.42787878787878786,0.416969696969697,0.416969696969697,0.3806060606060606
162,0.4351515151515152,0.23344412785701318,0.1931256506875267,0.11967296839354578,0.553939393939394,0.12759530544281006,0.053355894361933075,0.0,0.05388563685119152,0.9110497769434005,"[0.6727272868156433, 0.7527272701263428, 0.739393949508667]",1.007,0.4206060606060606,0.43272727272727274,0.4448484848484848,0.45454545454545453,0.4496969696969697,0.4496969696969697,0.4109090909090909
163,0.43636363636363634,0.2738349653314758,0.18271560585134472,0.11946311616012965,0.5575757575757576,0.12894675135612488,0.05334700085222721,0.0,0.053878847509622574,0.7050840290030465,"[0.6727272868156433, 0.7527272701263428, 0.739393949508667]",0.5732,0.42303030303030303,0.43393939393939396,0.44727272727272727,0.45212121212121215,0.45212121212121215,0.45212121212121215,0.4121212121212121
164,0.4012121212121212,0.20612040166353374,0.18778437519185412,0.11134580369581129,0.5527272727272727,0.13014090061187744,0.0533381470789512,0.0,0.053872235119342804,0.550191116053611,"[0.6727272868156433, 0.7527272701263428, 0.739393949508667]",0.4583,0.44242424242424244,0.45575757575757575,0.44363636363636366,0.4921212121212121,0.49818181818181817,0.49818181818181817,0.4303030303030303
165,0.43393939393939396,0.23192626970646635,0.19371611173456219,0.11876385715926585,0.5527272727272727,0.12751519680023193,0.05332919458548228,0.0,0.053865756218632065,0.5145093090832233,"[0.6727272868156433, 0.7527272701263428, 0.739393949508667]",0.462,0.4448484848484848,0.4581818181818182,0.44606060606060605,0.49454545454545457,0.5006060606060606,0.5006060606060606,0.43272727272727274
166,0.4084848484848485,0.2601862213818309,0.19109102624201146,0.1263201248910494,0.5551515151515152,0.1284085065126419,0.05332007942100366,0.0,0.05385986343026161,0.5079883401049301,"[0.6727272868156433, 0.7527272701263428, 0.739393949508667]",0.5693,0.3903030303030303,0.40969696969696967,0.4412121212121212,0.4496969696969697,0.4351515151515152,0.4351515151515152,0.38545454545454544
167,0.40484848484848485,0.2090479872533858,0.1889462626255007,0.11232223734710266,0.553939393939394,0.1272590607404709,0.053311010201772056,0.0,0.05385407184561094,0.5257278089411557,"[0.6727272868156433, 0.7527272701263428, 0.739393949508667]",0.4535,0.43393939393939396,0.4509090909090909,0.4448484848484848,0.48848484848484847,0.48363636363636364,0.48363636363636364,0.4206060606060606
168,0.4290909090909091,0.22924724784290396,0.1871677807877008,0.11508927646849496,0.5442424242424242,0.12816055119037628,0.05330191987256209,0.0,0.05384865837792555,0.48869755293708295,"[0.6727272868156433, 0.7527272701263428, 0.739393949508667]",0.4644,0.43393939393939396,0.4387878787878788,0.42787878787878786,0.4303030303030303,0.4715151515151515,0.4715151515151515,0.4218181818181818
169,0.4036363636363636,0.20805099378966818,0.18788478669886177,0.11201370380816789,0.553939393939394,0.1290256679058075,0.05329287859300772,0.0,0.05384311390419801,0.5109192139934748,"[0.6727272868156433, 0.7527272701263428, 0.739393949508667]",0.4899,0.41818181818181815,0.4266666666666667,0.40606060606060607,0.46545454545454545,0.45696969696969697,0.45696969696969697,0.4036363636363636
170,0.4036363636363636,0.2069400076199408,0.19011050248740885,0.11275297024259816,0.5527272727272727,0.12707719206809998,0.053283981358011566,0.0,0.05383720497290293,0.6314855449600145,"[0.6727272868156433, 0.7527272701263428, 0.739393949508667]",0.4955,0.416969696969697,0.4254545454545455,0.4072727272727273,0.4618181818181818,0.45696969696969697,0.45696969696969697,0.4024242424242424
171,0.4315151515151515,0.27690139844849404,0.19249068201351088,0.1326152525755166,0.5612121212121212,0.12718689441680908,0.053275171046455704,0.0,0.05383142953117689,0.4986913539469242,"[0.6727272868156433, 0.7527272701263428, 0.739393949508667]",0.4341,0.41454545454545455,0.42303030303030303,0.40484848484848485,0.4593939393939394,0.45454545454545453,0.45454545454545453,0.4
172,0.4036363636363636,0.20748505858440713,0.18877766966687426,0.11238426812063161,0.5527272727272727,0.1268591731786728,0.05326654016971588,0.0,0.0538257360458374,0.52946214703843,"[0.6727272868156433, 0.7527272701263428, 0.739393949508667]",0.4188,0.41454545454545455,0.41333333333333333,0.3939393939393939,0.4509090909090909,0.4412121212121212,0.4412121212121212,0.4012121212121212
173,0.4036363636363636,0.2071801082094653,0.19053024965730078,0.11311574768804762,0.553939393939394,0.1268341988325119,0.05325766342381636,0.0,0.053820351138710976,0.5621114659588784,"[0.6727272868156433, 0.7527272701263428, 0.739393949508667]",0.603,0.41454545454545455,0.41333333333333333,0.3939393939393939,0.4509090909090909,0.4412121212121212,0.4412121212121212,0.4012121212121212
174,0.4012121212121212,0.2055849783341357,0.19063952725273453,0.1128325149200165,0.553939393939394,0.1267988085746765,0.053248729556798935,0.0,0.053815379117925964,0.5273039520252496,"[0.6727272868156433, 0.7527272701263428, 0.739393949508667]",0.5679,0.41818181818181815,0.4254545454545455,0.4072727272727273,0.4618181818181818,0.4581818181818182,0.4581818181818182,0.4024242424242424
175,0.37575757575757573,0.21314781616688394,0.18248043322239127,0.11086913125581989,0.5515151515151515,0.12621188163757324,0.0532398900638024,0.0,0.05381090069810549,0.5497069960692897,"[0.6727272868156433, 0.7527272701263428, 0.739393949508667]",0.4363,0.41818181818181815,0.4254545454545455,0.4036363636363636,0.463030303030303,0.45575757575757575,0.45575757575757575,0.40484848484848485
176,0.44363636363636366,0.25980476477165204,0.18640453547395552,0.12918557158917282,0.5503030303030303,0.12602144479751587,0.053231172884504,0.0,0.05380616523325443,0.49190122389700264,"[0.6727272868156433, 0.7527272701263428, 0.739393949508667]",0.4364,0.4121212121212121,0.4084848484848485,0.3987878787878788,0.4533333333333333,0.4387878787878788,0.4387878787878788,0.3975757575757576
177,0.37696969696969695,0.21445892049001603,0.18021270186319235,0.10937355720137755,0.5490909090909091,0.1255367249250412,0.05322260782122612,0.0,0.05380146577954292,0.48949574993457645,"[0.6727272868156433, 0.7527272701263428, 0.739393949508667]",0.5069,0.41333333333333333,0.41333333333333333,0.4,0.45454545454545453,0.44,0.44,0.3987878787878788
178,0.3842424242424242,0.22067489442571486,0.1811235959244995,0.1102984056797265,0.5490909090909091,0.12555763125419617,0.053214305390914284,0.0,0.05379603492716948,0.6078025279566646,"[0.6727272868156433, 0.7527272701263428, 0.739393949508667]",0.4366,0.41575757575757577,0.4254545454545455,0.4036363636363636,0.4618181818181818,0.4533333333333333,0.4533333333333333,0.4
179,0.44727272727272727,0.26368984941067786,0.18673603197161678,0.13049452733284775,0.5490909090909091,0.1254332959651947,0.05320591852068901,0.0,0.05379137645165125,0.47704895096831024,"[0.6727272868156433, 0.7527272701263428, 0.739393949508667]",0.4299,0.43272727272727274,0.44727272727272727,0.43393939393939396,0.4909090909090909,0.47393939393939394,0.47393939393939394,0.42424242424242425
180,0.41333333333333333,0.2440263312842086,0.1829905097890961,0.11648370022898753,0.5454545454545454,0.1264505535364151,0.053197712947924934,0.0,0.053786296397447586,0.46582697599660605,"[0.6727272868156433, 0.7527272701263428, 0.739393949508667]",0.6003,0.41333333333333333,0.42303030303030303,0.3975757575757576,0.4581818181818182,0.45212121212121215,0.45212121212121215,0.3975757575757576
181,0.4121212121212121,0.24295887902099755,0.18296459224934297,0.11609718976459064,0.5454545454545454,0.12785863876342773,0.05318958746890227,0.0,0.053781755889455475,0.7407690009567887,"[0.6727272868156433, 0.7527272701263428, 0.739393949508667]",0.6332,0.4109090909090909,0.41818181818181815,0.39515151515151514,0.45575757575757575,0.4496969696969697,0.4496969696969697,0.39515151515151514
182,0.3927272727272727,0.2238786071594886,0.1806729387417197,0.11004436751366746,0.5430303030303031,0.1273244321346283,0.053181479995449386,0.0,0.05377746497591337,0.6589334949385375,"[0.6727272868156433, 0.7527272701263428, 0.739393949508667]",0.6282,0.41575757575757577,0.4218181818181818,0.4,0.4593939393939394,0.45454545454545453,0.45454545454545453,0.4024242424242424
183,0.39151515151515154,0.22283293019101258,0.1806439441498112,0.10979420615232681,0.5430303030303031,0.1276565045118332,0.05317332657674948,0.0,0.05377308217187723,0.6330679618986323,"[0.6727272868156433, 0.7527272701263428, 0.739393949508667]",0.5987,0.41575757575757577,0.41575757575757577,0.3987878787878788,0.45454545454545453,0.44,0.44,0.3975757575757576
184,0.39151515151515154,0.22283293019101258,0.1806439441498112,0.10979420615232681,0.5430303030303031,0.12776485085487366,0.05316523959239324,0.0,0.0537688552091519,0.6065097249811515,"[0.6727272868156433, 0.7527272701263428, 0.739393949508667]",0.6397,0.4387878787878788,0.45212121212121215,0.44242424242424244,0.49333333333333335,0.4812121212121212,0.4812121212121212,0.4290909090909091
185,0.4036363636363636,0.24767992942018158,0.18824346983002802,0.11958371568967593,0.5515151515151515,0.1290569007396698,0.053157261262337364,0.0,0.05376477477451166,0.6253998979227617,"[0.6727272868156433, 0.7527272701263428, 0.739393949508667]",0.6422,0.42424242424242425,0.42787878787878786,0.40969696969696967,0.46424242424242423,0.4593939393939394,0.4593939393939394,0.40484848484848485
186,0.4024242424242424,0.24554533684042612,0.18812311397027162,0.11939147971135702,0.5515151515151515,0.12639200687408447,0.05314908425013224,0.0,0.053760893642902374,0.6395878590410575,"[0.6727272868156433, 0.7527272701263428, 0.739393949508667]",1.0798,0.40606060606060607,0.45575757575757575,0.4387878787878788,0.5139393939393939,0.4593939393939394,0.4593939393939394,0.3927272727272727
187,0.4,0.24296913668357922,0.1871404598936386,0.11784524257131587,0.5490909090909091,0.12629233300685883,0.05314094511171182,0.0,0.05375725465516249,0.8628205700078979,"[0.6727272868156433, 0.7527272701263428, 0.739393949508667]",0.7583,0.4072727272727273,0.463030303030303,0.43757575757575756,0.5078787878787879,0.45575757575757575,0.45575757575757575,0.3903030303030303
188,0.4012121212121212,0.24401500283807398,0.1873818832616551,0.11853360487425167,0.5490909090909091,0.1264188140630722,0.05313270725309849,0.0,0.05375383608043194,0.7801317640114576,"[0.6727272868156433, 0.7527272701263428, 0.739393949508667]",0.734,0.4084848484848485,0.463030303030303,0.43757575757575756,0.5078787878787879,0.45575757575757575,0.45575757575757575,0.39151515151515154
189,0.4084848484848485,0.2402497777928746,0.18054571876339354,0.11424058958425191,0.5442424242424242,0.12720519304275513,0.05312443027893702,0.0,0.05375022813677788,0.8292859510984272,"[0.6727272868156433, 0.7527272701263428, 0.739393949508667]",0.7344,0.4109090909090909,0.4290909090909091,0.42787878787878786,0.503030303030303,0.4666666666666667,0.4666666666666667,0.40484848484848485
190,0.40969696969696967,0.24036309046632276,0.1806803566921713,0.11453066713364539,0.5454545454545454,0.12828373908996582,0.053116077557206154,0.0,0.05374691883722941,0.8131366269662976,"[0.6727272868156433, 0.7527272701263428, 0.739393949508667]",0.8434,0.4072727272727273,0.45454545454545453,0.4412121212121212,0.5127272727272727,0.4581818181818182,0.4581818181818182,0.39151515151515154
191,0.44727272727272727,0.2646627651963832,0.18982663464942054,0.12910574930876,0.553939393939394,0.12720051407814026,0.05310799305637678,0.0,0.05374321465690931,0.6042287739692256,"[0.6727272868156433, 0.7527272701263428, 0.739393949508667]",0.6243,0.4121212121212121,0.44242424242424244,0.43636363636363634,0.5018181818181818,0.4678787878787879,0.4678787878787879,0.40606060606060607
192,0.4290909090909091,0.2747787428938302,0.18048700938162546,0.12197892520544519,0.5721212121212121,0.12820929288864136,0.05309977071980635,0.0,0.05373817247649034,0.9754750329302624,"[0.6727272868156433, 0.7527272701263428, 0.739393949508667]",0.8163,0.40606060606060607,0.41818181818181815,0.40606060606060607,0.4618181818181818,0.4448484848484848,0.4448484848484848,0.39636363636363636
193,0.4387878787878788,0.2769254067560789,0.1792462195998937,0.11942600072159981,0.5563636363636364,0.12868699431419373,0.053091274574398994,0.0,0.05373415909707546,0.61177462793421,"[0.6727272868156433, 0.7527272701263428, 0.739393949508667]",0.6312,0.4012121212121212,0.416969696969697,0.40484848484848485,0.4533333333333333,0.43757575757575756,0.43757575757575756,0.39151515151515154
194,0.4678787878787879,0.2802592199554056,0.18306362959053418,0.13417623548012053,0.5406060606060606,0.12788471579551697,0.05308229227860769,0.0,0.053731727724274,0.6052611649502069,"[0.6727272868156433, 0.7527272701263428, 0.739393949508667]",0.6527,0.39151515151515154,0.41333333333333333,0.41818181818181815,0.44727272727272727,0.4315151515151515,0.4315151515151515,0.3878787878787879
195,0.4690909090909091,0.2821027327181157,0.18818840350014143,0.13811388585939377,0.5430303030303031,0.1272345781326294,0.053073433538277946,0.0,0.053729686265190445,0.6174984460230917,"[0.6727272868156433, 0.7527272701263428, 0.739393949508667]",0.8477,0.39636363636363636,0.416969696969697,0.4218181818181818,0.45696969696969697,0.43636363636363634,0.43636363636363634,0.3890909090909091
196,0.4448484848484848,0.2612383276242315,0.1884737301289494,0.126882516054941,0.5527272727272727,0.12689214944839478,0.05306514476736387,0.0,0.05372687615454197,0.8819216639967635,"[0.6727272868156433, 0.7527272701263428, 0.739393949508667]",0.7448,0.4109090909090909,0.42303030303030303,0.40606060606060607,0.4715151515151515,0.4448484848484848,0.4448484848484848,0.4036363636363636
197,0.4678787878787879,0.2805280200242357,0.18668488999177452,0.13698322320077522,0.5418181818181819,0.12709620594978333,0.053056878969073296,0.0,0.05372405921419462,0.8540217690169811,"[0.6727272868156433, 0.7527272701263428, 0.739393949508667]",0.6534,0.40969696969696967,0.42303030303030303,0.4072727272727273,0.4715151515151515,0.4448484848484848,0.4448484848484848,0.4012121212121212
198,0.44363636363636366,0.2587252835019762,0.1871219507201727,0.12606366004785063,0.5503030303030303,0.12682372331619263,0.05304871189097563,0.0,0.053721094503998756,0.7609698850428686,"[0.6727272868156433, 0.7527272701263428, 0.739393949508667]",0.6171,0.41818181818181815,0.4266666666666667,0.4036363636363636,0.4678787878787879,0.45696969696969697,0.45696969696969697,0.4036363636363636
199,0.4703030303030303,0.28360371029790477,0.1880117985568957,0.1384846937807162,0.5430303030303031,0.12702079117298126,0.053040811171134315,0.0,0.053717429439226784,0.7434996220981702,"[0.6727272868156433, 0.7527272701263428, 0.739393949508667]",0.6238,0.4448484848484848,0.44727272727272727,0.4290909090909091,0.4860606060606061,0.47878787878787876,0.47878787878787876,0.4303030303030303
200,0.41333333333333333,0.24524093504686761,0.18571652042401524,0.11721505663072257,0.5454545454545454,0.12737643718719482,0.05303317494690418,0.0,0.053713576247294746,0.7580417130375281,"[0.6727272868156433, 0.7527272701263428, 0.739393949508667]",0.4533,0.4266666666666667,0.42424242424242425,0.40484848484848485,0.47515151515151516,0.46060606060606063,0.46060606060606063,0.4121212121212121
201,0.46060606060606063,0.2737977730787413,0.18227022696086143,0.13134491267846804,0.5430303030303031,0.12668463587760925,0.05302564303080241,0.0,0.05370988883078098,0.4803489550249651,"[0.6727272868156433, 0.7527272701263428, 0.739393949508667]",0.4452,0.4254545454545455,0.42303030303030303,0.40484848484848485,0.47515151515151516,0.45575757575757575,0.45575757575757575,0.40969696969696967
202,0.4618181818181818,0.2756274237213727,0.1831048562746055,0.13216762740674803,0.5430303030303031,0.12658479809761047,0.053018284340699516,0.0,0.05370625791450342,0.47513025905936956,"[0.6727272868156433, 0.7527272701263428, 0.739393949508667]",0.4404,0.41333333333333333,0.416969696969697,0.39636363636363636,0.4775757575757576,0.45454545454545453,0.45454545454545453,0.3987878787878788
203,0.4618181818181818,0.2756274237213727,0.1831048562746055,0.13216762740674803,0.5430303030303031,0.12655428051948547,0.05301103057960669,0.0,0.053702794636289276,0.46474117203615606,"[0.6727272868156433, 0.7527272701263428, 0.739393949508667]",0.4296,0.41333333333333333,0.41575757575757577,0.39636363636363636,0.4775757575757576,0.45454545454545453,0.45454545454545453,0.4
204,0.4618181818181818,0.2754167886503722,0.18712320280253816,0.1345071367475421,0.5430303030303031,0.12659579515457153,0.05300399288535118,0.0,0.05369955735901991,0.4996898620156571,"[0.6727272868156433, 0.7527272701263428, 0.739393949508667]",0.4152,0.41333333333333333,0.41454545454545455,0.39515151515151514,0.4763636363636364,0.45454545454545453,0.45454545454545453,0.4
205,0.4618181818181818,0.2754167886503722,0.18712320280253816,0.1345071367475421,0.5430303030303031,0.12662535905838013,0.052996824185053505,0.0,0.05369651255508264,0.46840563300065696,"[0.6727272868156433, 0.7527272701263428, 0.739393949508667]",0.4277,0.3927272727272727,0.42787878787878786,0.4206060606060606,0.4387878787878788,0.42787878787878786,0.42787878787878786,0.38303030303030305
206,0.4703030303030303,0.28289978796787296,0.18451737470193982,0.14025719057422306,0.5490909090909091,0.1265035718679428,0.05298947046200434,0.0,0.053694636250535645,0.46061303094029427,"[0.6727272868156433, 0.7527272701263428, 0.739393949508667]",0.4409,0.3878787878787879,0.4290909090909091,0.4206060606060606,0.3927272727272727,0.4121212121212121,0.4121212121212121,0.37696969696969695
207,0.4678787878787879,0.2805065805810777,0.18400737863365113,0.1391357752056085,0.5466666666666666,0.1266523003578186,0.05298298162718614,0.0,0.05369154860575994,0.4479406609898433,"[0.6727272868156433, 0.7527272701263428, 0.739393949508667]",0.4246,0.4084848484848485,0.44242424242424244,0.4193939393939394,0.5296969696969697,0.4715151515151515,0.4715151515151515,0.4
208,0.4072727272727273,0.23903181570394627,0.18551777950676077,0.11557535561453658,0.5454545454545454,0.1274106204509735,0.05297635681927204,0.0,0.05368942394852638,0.442165817017667,"[0.6727272868156433, 0.7527272701263428, 0.739393949508667]",0.4273,0.39151515151515154,0.4509090909090909,0.4412121212121212,0.46424242424242423,0.41454545454545455,0.41454545454545455,0.38303030303030305
209,0.4703030303030303,0.28293972337911855,0.18611342098355418,0.14129855916173714,0.5490909090909091,0.1267181634902954,0.05297035972277323,0.0,0.0536865678926309,0.4619085749145597,"[0.6727272868156433, 0.7527272701263428, 0.739393949508667]",0.4336,0.3903030303030303,0.4266666666666667,0.42303030303030303,0.39515151515151514,0.41333333333333333,0.41333333333333333,0.3781818181818182
210,0.4678787878787879,0.2805065805810777,0.18400737863365113,0.1391357752056085,0.5466666666666666,0.1267251968383789,0.05296456068754196,0.0,0.05368355351189772,0.5367065499303862,"[0.6727272868156433, 0.7527272701263428, 0.739393949508667]",0.443,0.39636363636363636,0.4351515151515152,0.4266666666666667,0.44,0.4290909090909091,0.4290909090909091,0.38545454545454544
211,0.45696969696969697,0.26978168527116464,0.1816077450708272,0.13055486860688645,0.5430303030303031,0.1267756074666977,0.052959188198049865,0.0,0.05367997412880262,0.4655992879997939,"[0.6727272868156433, 0.7527272701263428, 0.739393949508667]",0.4372,0.39515151515151514,0.4351515151515152,0.4254545454545455,0.43757575757575756,0.4303030303030303,0.4303030303030303,0.38545454545454544
212,0.4678787878787879,0.2808023320928865,0.18422877847509114,0.13899244816407796,0.5478787878787879,0.12654516100883484,0.05295358970761299,0.0,0.053677218655745186,0.46436695009469986,"[0.6727272868156433, 0.7527272701263428, 0.739393949508667]",0.4386,0.3987878787878788,0.4254545454545455,0.40969696969696967,0.4012121212121212,0.416969696969697,0.416969696969697,0.3878787878787879
213,0.45575757575757575,0.26835121511866766,0.18127304475713082,0.12991152982895704,0.5430303030303031,0.1266964077949524,0.052947367231051125,0.0,0.05367417943974336,0.44346049590967596,"[0.6727272868156433, 0.7527272701263428, 0.739393949508667]",0.4214,0.3903030303030303,0.42787878787878786,0.4218181818181818,0.39515151515151514,0.41333333333333333,0.41333333333333333,0.3781818181818182
214,0.46424242424242423,0.28357698723150104,0.19134076863637012,0.13651080302809993,0.5515151515151515,0.12701301276683807,0.05294192830721537,0.0,0.05366945887605349,0.520020560012199,"[0.6727272868156433, 0.7527272701263428, 0.739393949508667]",0.4201,0.3890909090909091,0.42303030303030303,0.41575757575757577,0.3987878787878788,0.4109090909090909,0.4109090909090909,0.3781818181818182
215,0.4121212121212121,0.2449388968984232,0.1871836660006286,0.1166372881436638,0.5418181818181819,0.12618067860603333,0.05293636334439119,0.0,0.05366525985300541,0.48348507401533425,"[0.6727272868156433, 0.7527272701263428, 0.739393949508667]",0.4196,0.3878787878787879,0.42303030303030303,0.41454545454545455,0.3987878787878788,0.4121212121212121,0.4121212121212121,0.37696969696969695
216,0.4690909090909091,0.28162890422315123,0.18519867005510063,0.1406245099789149,0.5478787878787879,0.12621057033538818,0.052930375561118126,0.0,0.053661128506064415,0.47650019510183483,"[0.6727272868156433, 0.7527272701263428, 0.739393949508667]",0.4314,0.4484848484848485,0.4509090909090909,0.43393939393939396,0.49696969696969695,0.503030303030303,0.503030303030303,0.4315151515151515
217,0.46424242424242423,0.28306286397363856,0.19111036707169463,0.13663712534659947,0.5490909090909091,0.1268574297428131,0.05292424870034059,0.0,0.05365747647980849,0.4871954519767314,"[0.6727272868156433, 0.7527272701263428, 0.739393949508667]",0.4231,0.416969696969697,0.41818181818181815,0.416969696969697,0.48,0.4775757575757576,0.4775757575757576,0.40484848484848485
218,0.48727272727272725,0.312155806885242,0.19750915217870546,0.15894971724389606,0.566060606060606,0.1262369453907013,0.052918182065089546,0.0,0.05365496873855591,0.48887821997050196,"[0.6727272868156433, 0.7527272701263428, 0.739393949508667]",0.4318,0.4109090909090909,0.4448484848484848,0.43393939393939396,0.5345454545454545,0.48,0.48,0.4
219,0.4666666666666667,0.2868453417052058,0.19068338412807248,0.13626758948576137,0.5466666666666666,0.12460540980100632,0.052912491684158645,0.0,0.05365324827531973,0.4862646399997175,"[0.6727272868156433, 0.7527272701263428, 0.739393949508667]",0.4409,0.42303030303030303,0.4303030303030303,0.4266666666666667,0.5321212121212121,0.49333333333333335,0.49333333333333335,0.41575757575757577
220,0.463030303030303,0.2827100694376299,0.19116559171908729,0.13675740166747638,0.5503030303030303,0.1259404718875885,0.05290724275012811,0.0,0.05364901634554068,0.504365294938907,"[0.6727272868156433, 0.7527272701263428, 0.739393949508667]",0.4495,0.4206060606060606,0.42787878787878786,0.42303030303030303,0.5309090909090909,0.48727272727272725,0.48727272727272725,0.416969696969697
221,0.3890909090909091,0.24479639652729845,0.18111085664963136,0.10818421709429743,0.5454545454545454,0.12732523679733276,0.05290116431812445,0.0,0.053644945845007896,0.49568245199043304,"[0.6727272868156433, 0.7527272701263428, 0.739393949508667]",0.4438,0.4084848484848485,0.42303030303030303,0.4072727272727273,0.5187878787878788,0.4593939393939394,0.4593939393939394,0.4024242424242424
222,0.4121212121212121,0.21282807437237727,0.18137056136240248,0.10707372369418602,0.5442424242424242,0.12731492519378662,0.05289573843280474,0.0,0.053640988344947495,0.47227422008290887,"[0.6727272868156433, 0.7527272701263428, 0.739393949508667]",0.4411,0.39151515151515154,0.4303030303030303,0.41333333333333333,0.4993939393939394,0.4496969696969697,0.4496969696969697,0.3806060606060606
223,0.38303030303030305,0.19055907660991844,0.17900042957812462,0.10717132159727348,0.5406060606060606,0.12771546840667725,0.05289019706348578,0.0,0.053637875244021416,0.5247398380888626,"[0.6727272868156433, 0.7527272701263428, 0.739393949508667]",0.4916,0.3793939393939394,0.3903030303030303,0.41454545454545455,0.4448484848484848,0.41575757575757577,0.41575757575757577,0.37333333333333335
224,0.4193939393939394,0.2207434955966856,0.18363020387171267,0.10886950524481326,0.5454545454545454,0.12832705676555634,0.05288416271408399,0.0,0.053635649383068085,0.5503467420348898,"[0.6727272868156433, 0.7527272701263428, 0.739393949508667]",0.4829,0.3939393939393939,0.39636363636363636,0.40969696969696967,0.4533333333333333,0.4315151515151515,0.4315151515151515,0.38666666666666666
225,0.42424242424242425,0.20272340529422173,0.18608265994931453,0.1139720129804896,0.5406060606060606,0.12730015814304352,0.052878463019927345,0.0,0.05363290384411812,0.5170527650043368,"[0.6727272868156433, 0.7527272701263428, 0.739393949508667]",0.447,0.3927272727272727,0.4,0.41333333333333333,0.4448484848484848,0.4351515151515152,0.4351515151515152,0.3878787878787879
226,0.4266666666666667,0.20688232448670163,0.18906582665862678,0.1158575952428388,0.5442424242424242,0.12750433385372162,0.052872996777296066,0.0,0.05363007386525472,0.6084230290725827,"[0.6727272868156433, 0.7527272701263428, 0.739393949508667]",0.5048,0.4036363636363636,0.4315151515151515,0.42424242424242425,0.5187878787878788,0.46545454545454545,0.46545454545454545,0.3927272727272727
227,0.42787878787878786,0.2092630347729323,0.19011856641987945,0.11733859035845003,0.5466666666666666,0.12734434008598328,0.052867501974105835,0.0,0.05362684279680252,0.48433522204868495,"[0.6727272868156433, 0.7527272701263428, 0.739393949508667]",0.4338,0.3927272727272727,0.40606060606060607,0.416969696969697,0.4448484848484848,0.4351515151515152,0.4351515151515152,0.3903030303030303
228,0.3842424242424242,0.19067665688243485,0.17898348996243857,0.10847196605307224,0.5418181818181819,0.12832018733024597,0.05286201896766821,0.0,0.05362350742022196,0.5030313889728859,"[0.6727272868156433, 0.7527272701263428, 0.739393949508667]",0.4949,0.3927272727272727,0.3939393939393939,0.4121212121212121,0.4509090909090909,0.4315151515151515,0.4315151515151515,0.38666666666666666
229,0.3842424242424242,0.19114681138917777,0.18028041190398622,0.10918935219628932,0.5418181818181819,0.12853123247623444,0.05285650367538134,0.0,0.05362014596660932,0.6869426410412416,"[0.6727272868156433, 0.7527272701263428, 0.739393949508667]",0.5078,0.39515151515151514,0.39636363636363636,0.41333333333333333,0.45212121212121215,0.43393939393939396,0.43393939393939396,0.3903030303030303
230,0.3842424242424242,0.19090008745460763,0.1800627137926,0.10918738550973103,0.5406060606060606,0.12863340973854065,0.05285127398868402,0.0,0.053616598869363465,0.5005702099297196,"[0.6727272868156433, 0.7527272701263428, 0.739393949508667]",0.4292,0.4266666666666667,0.4387878787878788,0.4266666666666667,0.46060606060606063,0.463030303030303,0.463030303030303,0.38181818181818183
231,0.4484848484848485,0.2179345346358903,0.19938388351535616,0.12283767216844856,0.5381818181818182,0.12834614515304565,0.05284591019153595,0.0,0.053613372767965,0.4767818780383095,"[0.6727272868156433, 0.7527272701263428, 0.739393949508667]",0.4463,0.4290909090909091,0.4387878787878788,0.4266666666666667,0.4581818181818182,0.46060606060606063,0.46060606060606063,0.38181818181818183
232,0.39636363636363636,0.2048823725218495,0.1935091759107297,0.11315033221199938,0.5454545454545454,0.12913045287132263,0.05284079164266586,0.0,0.053609960402051605,0.4707704440224916,"[0.6727272868156433, 0.7527272701263428, 0.739393949508667]",0.4268,0.42303030303030303,0.44,0.4266666666666667,0.45575757575757575,0.46060606060606063,0.46060606060606063,0.38181818181818183
233,0.4036363636363636,0.20742625393211478,0.1931884374150567,0.10705135030546298,0.5393939393939394,0.12223353981971741,0.05283559734622637,0.0,0.05360643193125725,0.5901798349805176,"[0.6727272868156433, 0.7527272701263428, 0.739393949508667]",0.4518,0.4,0.4533333333333333,0.43636363636363634,0.45212121212121215,0.4484848484848485,0.4484848484848485,0.38545454545454544
234,0.39151515151515154,0.1967828647011136,0.19101076544392984,0.10316224528725834,0.5393939393939394,0.12162059545516968,0.052830396220088005,0.0,0.05360285875697931,0.6353321629576385,"[0.6727272868156433, 0.7527272701263428, 0.739393949508667]",0.4429,0.4084848484848485,0.41454545454545455,0.3927272727272727,0.4387878787878788,0.4,0.4,0.36
235,0.45212121212121215,0.22719350419769269,0.19662537022035556,0.11566316594655003,0.5478787878787879,0.12269824743270874,0.05282515535751978,0.0,0.05359928123652935,0.5166807059431449,"[0.6727272868156433, 0.7527272701263428, 0.739393949508667]",0.4416,0.4084848484848485,0.41333333333333333,0.3927272727272727,0.4387878787878788,0.3987878787878788,0.3987878787878788,0.36
236,0.45454545454545453,0.23150329340945497,0.19396796303163052,0.11404890935478278,0.536969696969697,0.12366680800914764,0.05282043293118477,0.0,0.05359552055597305,0.5126382950693369,"[0.6727272868156433, 0.7527272701263428, 0.739393949508667]",0.4374,0.4072727272727273,0.4121212121212121,0.3927272727272727,0.4387878787878788,0.3975757575757576,0.3975757575757576,0.35878787878787877
237,0.4509090909090909,0.2269208810485206,0.19323580173210378,0.11263753456230186,0.5345454545454545,0.12357261776924133,0.05281571112573147,0.0,0.05359230066339175,0.5308557720854878,"[0.6727272868156433, 0.7527272701263428, 0.739393949508667]",0.4686,0.4072727272727273,0.41333333333333333,0.3927272727272727,0.4387878787878788,0.3975757575757576,0.3975757575757576,0.35878787878787877
238,0.41575757575757577,0.2022781163612729,0.191760898441638,0.11105261149881819,0.536969696969697,0.1226067766547203,0.052811240777373314,0.0,0.05358886905014515,0.563670324976556,"[0.6727272868156433, 0.7527272701263428, 0.739393949508667]",0.4279,0.4084848484848485,0.41454545454545455,0.3939393939393939,0.43757575757575756,0.39636363636363636,0.39636363636363636,0.36
239,0.41818181818181815,0.24085721789506576,0.19187469328393034,0.11263037041515339,0.5357575757575758,0.12252919375896454,0.05280661148329576,0.0,0.053585476552446686,0.559636335936375,"[0.6727272868156433, 0.7527272701263428, 0.739393949508667]",0.4718,0.43636363636363634,0.43757575757575756,0.4193939393939394,0.47515151515151516,0.4351515151515152,0.4351515151515152,0.39151515151515154
240,0.41333333333333333,0.2501267629439051,0.1833120921212588,0.12552211263905308,0.5636363636363636,0.11941778659820557,0.05280199212332567,0.0,0.05358219457169374,0.7600334049202502,"[0.6727272868156433, 0.7527272701263428, 0.739393949508667]",0.4421,0.4024242424242424,0.4206060606060606,0.44,0.5454545454545454,0.49575757575757573,0.49575757575757573,0.39636363636363636
241,0.4,0.24053916837295453,0.18267432758808494,0.1158396356177597,0.553939393939394,0.1191704124212265,0.05279748638470968,0.0,0.05357844258348147,0.5076807111036032,"[0.6727272868156433, 0.7527272701263428, 0.739393949508667]",0.6447,0.4036363636363636,0.4193939393939394,0.44,0.5454545454545454,0.49454545454545457,0.49454545454545457,0.39636363636363636
242,0.4,0.24079190029299347,0.18298230170594215,0.11614151684890212,0.553939393939394,0.11943155527114868,0.05279303155839443,0.0,0.05357449191311995,0.8166094939224422,"[0.6727272868156433, 0.7527272701263428, 0.739393949508667]",0.7314,0.40484848484848485,0.4193939393939394,0.44,0.5454545454545454,0.49575757575757573,0.49575757575757573,0.3975757575757576
243,0.39636363636363636,0.23323846405076287,0.18386286727404824,0.12386147007002428,0.5648484848484848,0.11845701932907104,0.05278855189681053,0.0,0.05357056111097336,0.8151433599414304,"[0.6727272868156433, 0.7527272701263428, 0.739393949508667]",0.7366,0.4012121212121212,0.4193939393939394,0.44242424242424244,0.5454545454545454,0.4921212121212121,0.4921212121212121,0.39515151515151514
244,0.4593939393939394,0.26938381624094554,0.1911554080137986,0.13595611740772684,0.5503030303030303,0.11865387856960297,0.052784099554022156,0.0,0.053566956892609596,0.817102774977684,"[0.6727272868156433, 0.7527272701263428, 0.739393949508667]",0.7278,0.3975757575757576,0.41575757575757577,0.43757575757575756,0.5418181818181819,0.48727272727272725,0.48727272727272725,0.39151515151515154
245,0.3975757575757576,0.23198170354802805,0.18012870135378092,0.12241981722121104,0.5624242424242424,0.11667865514755249,0.05278001228968302,0.0,0.053563810884952545,0.693499151035212,"[0.6727272868156433, 0.7527272701263428, 0.739393949508667]",0.4417,0.3987878787878788,0.416969696969697,0.44,0.5418181818181819,0.48848484848484847,0.48848484848484847,0.39151515151515154
246,0.43393939393939396,0.2569588687607399,0.19496983784932095,0.12440779105441178,0.5442424242424242,0.11973225325345993,0.05277611377338568,0.0,0.05356031780441602,0.4963343049166724,"[0.6727272868156433, 0.7527272701263428, 0.739393949508667]",0.4653,0.3975757575757576,0.40484848484848485,0.44,0.5381818181818182,0.4824242424242424,0.4824242424242424,0.3878787878787879
247,0.38181818181818183,0.22475835307904057,0.18501356605835229,0.1172302748891878,0.5587878787878788,0.1176183819770813,0.05277218110859394,0.0,0.05355601944029331,0.50415345991496,"[0.6727272868156433, 0.7527272701263428, 0.739393949508667]",0.5097,0.4012121212121212,0.40606060606060607,0.4509090909090909,0.5430303030303031,0.4896969696969697,0.4896969696969697,0.39151515151515154
248,0.3793939393939394,0.22336951725355214,0.1886983003488931,0.11788687524589488,0.5587878787878788,0.11585187166929245,0.05276825837790966,0.0,0.053552063181996346,0.5609796450007707,"[0.6727272868156433, 0.7527272701263428, 0.739393949508667]",0.4575,0.4024242424242424,0.41818181818181815,0.4412121212121212,0.5454545454545454,0.4909090909090909,0.4909090909090909,0.39515151515151514
249,0.3781818181818182,0.22209008664581098,0.18726331499111623,0.11736330725627939,0.5587878787878788,0.11584283411502838,0.05276443436741829,0.0,0.05354790079096953,0.5855182569939643,"[0.6727272868156433, 0.7527272701263428, 0.739393949508667]",0.4441,0.4024242424242424,0.41818181818181815,0.4412121212121212,0.5442424242424242,0.4909090909090909,0.4909090909090909,0.39515151515151514
250,0.3793939393939394,0.22285798391993084,0.18839239079090755,0.11772672061159992,0.5587878787878788,0.11587898433208466,0.052760850017269455,0.0,0.0535438551257054,0.514379370957613,"[0.6727272868156433, 0.7527272701263428, 0.739393949508667]",0.4462,0.4012121212121212,0.41818181818181815,0.4412121212121212,0.5454545454545454,0.4909090909090909,0.4909090909090909,0.39515151515151514
251,0.3793939393939394,0.22285798391993084,0.18839239079090755,0.11772672061159992,0.5587878787878788,0.11589089035987854,0.05275739667316278,0.0,0.05353962443768978,0.5015979390591383,"[0.6727272868156433, 0.7527272701263428, 0.739393949508667]",0.4373,0.4024242424242424,0.41818181818181815,0.4412121212121212,0.5454545454545454,0.4909090909090909,0.4909090909090909,0.39515151515151514
252,0.3806060606060606,0.22388320737870138,0.18853675741259832,0.11818052604909451,0.5587878787878788,0.11588974297046661,0.05275382101535797,0.0,0.05353571536640326,0.5365103440126404,"[0.6727272868156433, 0.7527272701263428, 0.739393949508667]",0.4415,0.4024242424242424,0.41818181818181815,0.4412121212121212,0.5454545454545454,0.4909090909090909,0.4909090909090909,0.39515151515151514
253,0.3793939393939394,0.22287657094286928,0.18969605201546996,0.11807909560785329,0.5587878787878788,0.11592511832714081,0.05275031613806883,0.0,0.053531366089979805,0.5527619010536,"[0.6727272868156433, 0.7527272701263428, 0.739393949508667]",0.4578,0.4012121212121212,0.41818181818181815,0.44,0.5442424242424242,0.4896969696969697,0.4896969696969697,0.3939393939393939
254,0.3793939393939394,0.22287657094286928,0.18969605201546996,0.11807909560785329,0.5587878787878788,0.11591675132513046,0.05274685472249985,0.0,0.05352709504465262,0.7688893949380144,"[0.6727272868156433, 0.7527272701263428, 0.739393949508667]",0.5522,0.4072727272727273,0.40606060606060607,0.4036363636363636,0.48727272727272725,0.4533333333333333,0.4533333333333333,0.39151515151515154
255,0.3781818181818182,0.221852660841938,0.18955153767745347,0.11762533289292913,0.5587878787878788,0.11590921878814697,0.05274357212086519,0.0,0.05352188770969709,0.5528021689970046,"[0.6727272868156433, 0.7527272701263428, 0.739393949508667]",0.4441,0.4072727272727273,0.40606060606060607,0.4036363636363636,0.48727272727272725,0.4533333333333333,0.4533333333333333,0.39151515151515154
256,0.37333333333333335,0.20465394684826466,0.18619786475519465,0.11668228483994729,0.5515151515151515,0.11578407138586044,0.05274001508951187,0.0,0.05351704421142737,0.79380859201774,"[0.6727272868156433, 0.7527272701263428, 0.739393949508667]",0.4738,0.4084848484848485,0.4072727272727273,0.4036363636363636,0.48848484848484847,0.45454545454545453,0.45454545454545453,0.3927272727272727
257,0.3490909090909091,0.182568472171994,0.1918385624746819,0.11327247625271743,0.5515151515151515,0.11445577442646027,0.05273642515142759,0.0,0.05351221623520056,0.5297064780024812,"[0.6727272868156433, 0.7527272701263428, 0.739393949508667]",0.433,0.4012121212121212,0.4,0.4036363636363636,0.48727272727272725,0.45212121212121215,0.45212121212121215,0.38303030303030305
258,0.38545454545454544,0.22987199976432626,0.1867935752154926,0.11868738216739297,0.56,0.11628639698028564,0.05273255705833435,0.0,0.053507981821894646,0.5498366659739986,"[0.6727272868156433, 0.7527272701263428, 0.739393949508667]",0.4475,0.4012121212121212,0.40969696969696967,0.43272727272727274,0.503030303030303,0.47393939393939394,0.47393939393939394,0.38545454545454544
259,0.37696969696969695,0.2059524077028515,0.1822914590653971,0.11606218828044128,0.5503030303030303,0.11589494347572327,0.052728548645973206,0.0,0.0535045520712932,0.6393756170291454,"[0.6727272868156433, 0.7527272701263428, 0.739393949508667]",0.4857,0.40606060606060607,0.4109090909090909,0.4315151515151515,0.503030303030303,0.47393939393939394,0.47393939393939394,0.38666666666666666
260,0.3975757575757576,0.23402907896678682,0.18277642791020607,0.12438037051618146,0.5648484848484848,0.11525504291057587,0.05272490531206131,0.0,0.053501000006993614,0.5537493290612474,"[0.6727272868156433, 0.7527272701263428, 0.739393949508667]",0.451,0.4109090909090909,0.416969696969697,0.4290909090909091,0.5018181818181818,0.47393939393939394,0.47393939393939394,0.3939393939393939
261,0.3527272727272727,0.1621498259827695,0.19105888675106308,0.11245735343258709,0.5490909090909091,0.11404304951429367,0.052720884482065834,0.0,0.05349871019522349,0.5556414379971102,"[0.6727272868156433, 0.7527272701263428, 0.739393949508667]",0.4562,0.3987878787878788,0.41454545454545455,0.4387878787878788,0.5042424242424243,0.4715151515151515,0.4715151515151515,0.3842424242424242
262,0.3490909090909091,0.1833324423618241,0.1880344597214534,0.11182675047597988,0.5490909090909091,0.11418946832418442,0.05271713559826215,0.0,0.05349651724100113,0.545158124063164,"[0.6727272868156433, 0.7527272701263428, 0.739393949508667]",0.4529,0.3975757575757576,0.4218181818181818,0.4387878787878788,0.5042424242424243,0.46424242424242423,0.46424242424242423,0.38666666666666666
263,0.3903030303030303,0.21450880181714937,0.18327572043128995,0.10948151848148265,0.5490909090909091,0.11809816211462021,0.052713360637426376,0.0,0.05349437209467093,0.5528385770739987,"[0.6727272868156433, 0.7527272701263428, 0.739393949508667]",0.592,0.3987878787878788,0.4193939393939394,0.4351515151515152,0.5018181818181818,0.4666666666666667,0.4666666666666667,0.38666666666666666
264,0.39151515151515154,0.21725571725571735,0.1817409427108245,0.10996397336848678,0.5478787878787879,0.11793594807386398,0.05270975021024545,0.0,0.053492251162727676,0.5145559969823807,"[0.6727272868156433, 0.7527272701263428, 0.739393949508667]",0.4398,0.40484848484848485,0.41333333333333333,0.4387878787878788,0.5066666666666667,0.4775757575757576,0.4775757575757576,0.3903030303030303
265,0.3939393939393939,0.21984635228523564,0.18117719514587666,0.10941883195821621,0.5454545454545454,0.11780589818954468,0.052706130469838776,0.0,0.05349023826420307,0.5332830459810793,"[0.6727272868156433, 0.7527272701263428, 0.739393949508667]",0.4456,0.40484848484848485,0.41333333333333333,0.43757575757575756,0.5066666666666667,0.47878787878787876,0.47878787878787876,0.3903030303030303
266,0.39515151515151514,0.22160981697171378,0.18205840630875242,0.11018102675197881,0.5454545454545454,0.11773141473531723,0.05270243932803472,0.0,0.053488401075204216,0.5394486619625241,"[0.6727272868156433, 0.7527272701263428, 0.739393949508667]",0.473,0.40484848484848485,0.4121212121212121,0.4387878787878788,0.5066666666666667,0.4703030303030303,0.4703030303030303,0.3890909090909091
267,0.3939393939393939,0.2202533751214515,0.1816834804290218,0.10959854191309039,0.5454545454545454,0.11769451200962067,0.052699025720357895,0.0,0.05348617893954118,0.6873883580556139,"[0.6727272868156433, 0.7527272701263428, 0.739393949508667]",0.4389,0.40484848484848485,0.4121212121212121,0.4387878787878788,0.5066666666666667,0.4715151515151515,0.4715151515151515,0.3890909090909091
268,0.3939393939393939,0.22022831714873892,0.18097379509113132,0.10872129792126348,0.5430303030303031,0.1176767647266388,0.052695425848166146,0.0,0.05348414865632852,0.5100048450985923,"[0.6727272868156433, 0.7527272701263428, 0.739393949508667]",0.5016,0.40484848484848485,0.4121212121212121,0.4387878787878788,0.5066666666666667,0.4715151515151515,0.4715151515151515,0.3890909090909091
269,0.3939393939393939,0.21982126814506597,0.1804653318534735,0.10853578727802093,0.5430303030303031,0.11766579747200012,0.052691781893372536,0.0,0.05348273180425167,0.5335117110516876,"[0.6727272868156433, 0.7527272701263428, 0.739393949508667]",0.447,0.45454545454545453,0.4593939393939394,0.43393939393939396,0.5115151515151515,0.5127272727272727,0.5127272727272727,0.44
270,0.39515151515151514,0.22091452059772,0.18124201663594078,0.10955503558367792,0.5442424242424242,0.11761974543333054,0.05268814414739609,0.0,0.05348151425520579,0.49224314105231315,"[0.6727272868156433, 0.7527272701263428, 0.739393949508667]",0.4758,0.45454545454545453,0.4593939393939394,0.43393939393939396,0.5103030303030303,0.5127272727272727,0.5127272727272727,0.44
271,0.39636363636363636,0.22223736668143246,0.18168756113878543,0.11019640615476282,0.5454545454545454,0.11760470271110535,0.05268434248864651,0.0,0.05347985215485096,0.48794443206861615,"[0.6727272868156433, 0.7527272701263428, 0.739393949508667]",0.4601,0.45454545454545453,0.4593939393939394,0.43393939393939396,0.5103030303030303,0.5127272727272727,0.5127272727272727,0.44
272,0.39636363636363636,0.22223736668143246,0.18168756113878543,0.11019640615476282,0.5454545454545454,0.11759692430496216,0.05268054952224096,0.0,0.053478457033634186,0.4788467059843242,"[0.6727272868156433, 0.7527272701263428, 0.739393949508667]",0.4349,0.45454545454545453,0.4593939393939394,0.43393939393939396,0.5103030303030303,0.5127272727272727,0.5127272727272727,0.44
273,0.3975757575757576,0.22359630984571333,0.1820691143486294,0.11080498268347179,0.5454545454545454,0.11759768426418304,0.052676450461149216,0.0,0.053477756679058075,0.4976437920704484,"[0.6727272868156433, 0.7527272701263428, 0.739393949508667]",0.5284,0.45454545454545453,0.4593939393939394,0.43393939393939396,0.5103030303030303,0.5139393939393939,0.5139393939393939,0.44
274,0.39636363636363636,0.22229772831813,0.182338014355457,0.11104703311703025,0.5466666666666666,0.11762168258428574,0.052672495444615684,0.0,0.053478095680475235,0.9426505559822544,"[0.6727272868156433, 0.7527272701263428, 0.739393949508667]",0.637,0.3987878787878788,0.4193939393939394,0.45575757575757575,0.5151515151515151,0.4775757575757576,0.4775757575757576,0.3939393939393939
275,0.4266666666666667,0.25627655134164684,0.18887778484535328,0.1276468695103401,0.5503030303030303,0.12339930981397629,0.05266879747311274,0.0,0.05347870538632075,0.5244374860776588,"[0.6727272868156433, 0.7527272701263428, 0.739393949508667]",0.4582,0.4024242424242424,0.4206060606060606,0.45454545454545453,0.5151515151515151,0.47878787878787876,0.47878787878787876,0.39151515151515154
276,0.42424242424242425,0.2543724456012968,0.1912366157423915,0.12926532285455355,0.5515151515151515,0.1250775158405304,0.05266558068494002,0.0,0.05347927721838156,0.48874957801308483,"[0.6727272868156433, 0.7527272701263428, 0.739393949508667]",0.4714,0.45696969696969697,0.4618181818181818,0.43757575757575756,0.5103030303030303,0.5151515151515151,0.5151515151515151,0.4412121212121212
277,0.42424242424242425,0.25482757637125997,0.19204281448346922,0.1290270327996803,0.5527272727272727,0.12540635466575623,0.052662896613279976,0.0,0.0534798689186573,0.4806723640067503,"[0.6727272868156433, 0.7527272701263428, 0.739393949508667]",0.4475,0.4036363636363636,0.4206060606060606,0.45575757575757575,0.5163636363636364,0.48,0.48,0.3939393939393939
278,0.42424242424242425,0.25482757637125997,0.19204281448346922,0.1290270327996803,0.5527272727272727,0.12547913193702698,0.05265990147988001,0.0,0.05347914310793082,0.5202683239476755,"[0.6727272868156433, 0.7527272701263428, 0.739393949508667]",0.5747,0.4024242424242424,0.416969696969697,0.45454545454545453,0.5127272727272727,0.4775757575757576,0.4775757575757576,0.39515151515151514
279,0.42787878787878786,0.25858228137316486,0.19332863287046237,0.12899674627833674,0.5490909090909091,0.12558501958847046,0.0526571919520696,0.0,0.05348053885002931,0.508331622928381,"[0.6727272868156433, 0.7527272701263428, 0.739393949508667]",0.5841,0.4072727272727273,0.41818181818181815,0.45696969696969697,0.5175757575757576,0.4812121212121212,0.4812121212121212,0.3987878787878788
280,0.4266666666666667,0.27102169981916835,0.18402139353893346,0.11907206645010104,0.5515151515151515,0.12597036361694336,0.05265463267763456,0.0,0.053483658780654274,0.500013315002434,"[0.6727272868156433, 0.7527272701263428, 0.739393949508667]",0.4953,0.4036363636363636,0.4206060606060606,0.4581818181818182,0.5151515151515151,0.48484848484848486,0.48484848484848486,0.39515151515151514
281,0.4,0.24993250081274543,0.1868466008052559,0.1172476227225353,0.5624242424242424,0.12851911783218384,0.05265169528623422,0.0,0.05348437403639158,0.5064959869487211,"[0.6727272868156433, 0.7527272701263428, 0.739393949508667]",0.4656,0.4012121212121212,0.41818181818181815,0.45696969696969697,0.5175757575757576,0.48848484848484847,0.48848484848484847,0.39636363636363636
282,0.44606060606060605,0.25233061056940076,0.1960765742538401,0.119937726154371,0.5527272727272727,0.12932433187961578,0.05264852320154508,0.0,0.053483664989471436,0.5117323590675369,"[0.6727272868156433, 0.7527272701263428, 0.739393949508667]",0.5571,0.4036363636363636,0.4121212121212121,0.45575757575757575,0.5103030303030303,0.4896969696969697,0.4896969696969697,0.39515151515151514
283,0.4496969696969697,0.2564454299831853,0.19565311041235586,0.12095705652555834,0.5551515151515152,0.1283264309167862,0.05264530206720034,0.0,0.05348276843627294,0.6304686400108039,"[0.6727272868156433, 0.7527272701263428, 0.739393949508667]",0.6679,0.40484848484848485,0.4121212121212121,0.45575757575757575,0.5103030303030303,0.48363636363636364,0.48363636363636364,0.39636363636363636
284,0.4593939393939394,0.2885964691802474,0.19989107220916483,0.150226317304935,0.5806060606060606,0.1265019327402115,0.05264216164747874,0.0,0.05348265046874682,0.9345998340286314,"[0.6727272868156433, 0.7527272701263428, 0.739393949508667]",0.5434,0.4036363636363636,0.4218181818181818,0.4593939393939394,0.5163636363636364,0.4824242424242424,0.4824242424242424,0.39515151515151514
285,0.44727272727272727,0.25373134328358204,0.19669676714434714,0.12071690809480556,0.553939393939394,0.1262838989496231,0.05263912988205751,0.0,0.05348237479726473,0.5485907979309559,"[0.6727272868156433, 0.7527272701263428, 0.739393949508667]",0.497,0.4303030303030303,0.4387878787878788,0.4315151515151515,0.49333333333333335,0.4715151515151515,0.4715151515151515,0.38303030303030305
286,0.4618181818181818,0.29120282667461306,0.2010229411586849,0.15109542396136239,0.5854545454545454,0.1262553632259369,0.05263544246554375,0.0,0.05348091137905916,0.4749970539705828,"[0.6727272868156433, 0.7527272701263428, 0.739393949508667]",0.4473,0.39151515151515154,0.4266666666666667,0.42424242424242425,0.4993939393939394,0.45454545454545453,0.45454545454545453,0.3806060606060606
287,0.46060606060606063,0.2914751212959853,0.2005014600793604,0.15036432575619826,0.5818181818181818,0.12330490350723267,0.05263162714739641,0.0,0.053480918829639755,0.5019513058941811,"[0.6727272868156433, 0.7527272701263428, 0.739393949508667]",0.4465,0.3927272727272727,0.43636363636363634,0.42787878787878786,0.4993939393939394,0.45575757575757575,0.45575757575757575,0.3793939393939394
288,0.45696969696969697,0.28728450769408764,0.19858669904475879,0.14883233129733486,0.5806060606060606,0.1230418011546135,0.05262807632486025,0.0,0.05348067916929722,0.4510065569775179,"[0.6727272868156433, 0.7527272701263428, 0.739393949508667]",0.4578,0.39636363636363636,0.4412121212121212,0.44,0.48848484848484847,0.43272727272727274,0.43272727272727274,0.3842424242424242
289,0.44606060606060605,0.25229947287633425,0.1961075977455909,0.11976862105831579,0.5527272727272727,0.12599655985832214,0.052624869470795,0.0,0.05347972363233566,0.4504762600408867,"[0.6727272868156433, 0.7527272701263428, 0.739393949508667]",0.4594,0.4024242424242424,0.4206060606060606,0.4412121212121212,0.49575757575757573,0.4593939393939394,0.4593939393939394,0.3975757575757576
290,0.45696969696969697,0.28752768637338866,0.19978256464248956,0.1493574516921106,0.5806060606060606,0.12623529136180878,0.0526216346770525,0.0,0.053479621186852455,0.47392184496857226,"[0.6727272868156433, 0.7527272701263428, 0.739393949508667]",0.4854,0.4024242424242424,0.41818181818181815,0.4315151515151515,0.49333333333333335,0.4581818181818182,0.4581818181818182,0.39515151515151514
291,0.45454545454545453,0.28549983256157696,0.1993507320036151,0.14860923110765364,0.5806060606060606,0.1232210025191307,0.052618704115351043,0.0,0.05347921513020992,0.47667629399802536,"[0.6727272868156433, 0.7527272701263428, 0.739393949508667]",0.4654,0.40484848484848485,0.4193939393939394,0.4315151515151515,0.4921212121212121,0.4618181818181818,0.4618181818181818,0.39636363636363636
292,0.45696969696969697,0.28957641762757724,0.1983200764728573,0.14946047519468197,0.5781818181818181,0.12301849573850632,0.05261571208635966,0.0,0.05347830429673195,0.48063880193512887,"[0.6727272868156433, 0.7527272701263428, 0.739393949508667]",0.4584,0.40484848484848485,0.4206060606060606,0.4266666666666667,0.49454545454545457,0.46545454545454545,0.46545454545454545,0.3975757575757576
293,0.44727272727272727,0.25376242985426356,0.19666591507636963,0.12088586826878893,0.553939393939394,0.12595060467720032,0.05261285913487276,0.0,0.05347877492507299,0.4907853970071301,"[0.6727272868156433, 0.7527272701263428, 0.739393949508667]",0.5306,0.40606060606060607,0.42303030303030303,0.43757575757575756,0.5006060606060606,0.4666666666666667,0.4666666666666667,0.3987878787878788
294,0.4484848484848485,0.25439911967949347,0.19496636554202987,0.12030402390558623,0.553939393939394,0.12798143923282623,0.05260997824370861,0.0,0.053478200609485306,0.5223163870396093,"[0.6727272868156433, 0.7527272701263428, 0.739393949508667]",0.5298,0.4351515151515152,0.4484848484848485,0.4387878787878788,0.5115151515151515,0.49333333333333335,0.49333333333333335,0.4206060606060606
295,0.4496969696969697,0.2564454299831853,0.19565311041235586,0.12095705652555834,0.5551515151515152,0.12821951508522034,0.05260726374884447,0.0,0.05347759090363979,0.49310132407117635,"[0.6727272868156433, 0.7527272701263428, 0.739393949508667]",0.4657,0.43272727272727274,0.44606060606060605,0.44,0.5115151515151515,0.4909090909090909,0.4909090909090909,0.41818181818181815
296,0.4533333333333333,0.2605234915335082,0.19711190149097682,0.12378248275549526,0.5575757575757576,0.12828359007835388,0.052604615688323975,0.0,0.05347768900295099,0.514082545065321,"[0.6727272868156433, 0.7527272701263428, 0.739393949508667]",0.4624,0.43636363636363634,0.44727272727272727,0.4484848484848485,0.5163636363636364,0.4896969696969697,0.4896969696969697,0.4218181818181818
297,0.45454545454545453,0.2619607094719516,0.19777319856012354,0.12483271017469219,0.5587878787878788,0.1284894347190857,0.052602083111802735,0.0,0.0534774928043286,0.4421799969859421,"[0.6727272868156433, 0.7527272701263428, 0.739393949508667]",0.5264,0.43636363636363634,0.44727272727272727,0.4484848484848485,0.5163636363636364,0.4896969696969697,0.4896969696969697,0.4218181818181818
298,0.45454545454545453,0.26197097980434525,0.19801025191539157,0.12486993800487473,0.5587878787878788,0.1285068392753601,0.05259957040349642,0.0,0.05347763995329539,0.4413546610157937,"[0.6727272868156433, 0.7527272701263428, 0.739393949508667]",0.4937,0.43757575757575756,0.44727272727272727,0.44727272727272727,0.5151515151515151,0.4909090909090909,0.4909090909090909,0.42303030303030303
299,0.45454545454545453,0.26197097980434525,0.19801025191539157,0.12486993800487473,0.5587878787878788,0.1284084916114807,0.05259682796895504,0.0,0.05347797957559427,0.4420933430083096,"[0.6727272868156433, 0.7527272701263428, 0.739393949508667]",0.5966,0.43757575757575756,0.44727272727272727,0.44727272727272727,0.5151515151515151,0.4909090909090909,0.4909090909090909,0.42303030303030303
300,0.45454545454545453,0.26197097980434525,0.19801025191539157,0.12486993800487473,0.5587878787878788,0.12840890884399414,0.05259414824346701,0.0,0.053478166460990906,0.6237947919871658,"[0.6727272868156433, 0.7527272701263428, 0.739393949508667]",,,,,,,,
