round,ACC,Kappa,NMI,ARI,PURITY,alignment_loss,mean_reconstruction_loss,mean_consensus_loss,mean_local_total_loss,round_seconds,observed_rates,completion_eval_seconds,C025_ACC,C050_ACC,C075_ACC,C100_ACC,D0_ACC,E0_ACC,G0_ACC
1,0.4166666666666667,0.2837247660692843,0.3125211302625948,0.24103415360888727,0.5945017182130584,0.15928217768669128,0.268641397356987,0.0,0.2515696510672569,2.1388214939506724,"[0.6915807723999023, 0.7963917851448059]",0.7194,0.4072164948453608,0.4372852233676976,0.4587628865979381,0.48281786941580757,0.46735395189003437,0.46735395189003437,0.39347079037800686
2,0.468213058419244,0.3317504688308629,0.3070855460074624,0.27011695359900595,0.6134020618556701,0.12749801576137543,0.24739804863929749,0.0,0.2332451045513153,0.5549291940405965,"[0.6915807723999023, 0.7963917851448059]",0.4951,0.40893470790378006,0.4415807560137457,0.4579037800687285,0.49054982817869414,0.4733676975945017,0.4733676975945017,0.390893470790378
3,0.5017182130584192,0.37140015977564367,0.26342329741579046,0.24396451569644584,0.5678694158075601,0.13349808752536774,0.22983159124851227,0.0,0.21839792281389236,0.44372228195425123,"[0.6915807723999023, 0.7963917851448059]",0.4791,0.41237113402061853,0.4381443298969072,0.44072164948453607,0.41237113402061853,0.4115120274914089,0.4115120274914089,0.3951890034364261
4,0.4639175257731959,0.32840130817945035,0.2892060336998131,0.24845235738453333,0.5962199312714777,0.12795910239219666,0.21555058658123016,0.0,0.20633650571107864,0.4852945349412039,"[0.6915807723999023, 0.7963917851448059]",0.9245,0.41408934707903783,0.44329896907216493,0.44673539518900346,0.4115120274914089,0.41323024054982815,0.41323024054982815,0.4020618556701031
5,0.4475945017182131,0.31211174558358457,0.3064720636981305,0.2625771422636735,0.6065292096219931,0.12963563203811646,0.20383142679929733,0.0,0.19621145725250244,0.881267002900131,"[0.6915807723999023, 0.7963917851448059]",0.5724,0.4115120274914089,0.42955326460481097,0.422680412371134,0.4261168384879725,0.4115120274914089,0.4115120274914089,0.4029209621993127
6,0.4957044673539519,0.35178488078658454,0.26611582399343886,0.22509184779819752,0.5730240549828178,0.12711243331432343,0.19393479824066162,0.0,0.1874442845582962,0.61614464095328,"[0.6915807723999023, 0.7963917851448059]",0.5624,0.3470790378006873,0.3651202749140893,0.4218213058419244,0.3960481099656357,0.40807560137457044,0.40807560137457044,0.3324742268041237
7,0.5085910652920962,0.36699435264589,0.2645896492091581,0.25197866014745524,0.5661512027491409,0.12789347767829895,0.1852434277534485,0.0,0.179471205919981,0.5027974758995697,"[0.6915807723999023, 0.7963917851448059]",0.6666,0.41494845360824745,0.4536082474226804,0.47594501718213056,0.5017182130584192,0.4991408934707904,0.4991408934707904,0.38831615120274915
8,0.44673539518900346,0.29856553350363524,0.24851689689080506,0.19378689944138566,0.5558419243986255,0.1311357617378235,0.17729534208774567,0.0,0.17203091457486153,0.47947661799844354,"[0.6915807723999023, 0.7963917851448059]",0.7984,0.422680412371134,0.4518900343642612,0.4725085910652921,0.4415807560137457,0.44329896907216493,0.44329896907216493,0.40807560137457044
9,0.4321305841924399,0.300845632534226,0.25498372735821734,0.2054181571698991,0.5756013745704467,0.12955957651138306,0.16989029198884964,0.0,0.16507314890623093,0.89021416392643,"[0.6915807723999023, 0.7963917851448059]",0.8119,0.4518900343642612,0.5128865979381443,0.5429553264604811,0.5378006872852233,0.5060137457044673,0.5060137457044673,0.41494845360824745
10,0.44072164948453607,0.30156845793035814,0.22220450293200564,0.17925980127547922,0.5360824742268041,0.14336219429969788,0.1629360243678093,0.0,0.15846434980630875,1.0566780969966203,"[0.6915807723999023, 0.7963917851448059]",0.8755,0.4252577319587629,0.4338487972508591,0.4372852233676976,0.46134020618556704,0.4536082474226804,0.4536082474226804,0.4269759450171821
11,0.45103092783505155,0.3216739913745068,0.2318406349246701,0.18421108954744694,0.5403780068728522,0.1348346620798111,0.1563250496983528,0.0,0.1521606147289276,0.7848677039146423,"[0.6915807723999023, 0.7963917851448059]",0.5316,0.39261168384879724,0.41323024054982815,0.4269759450171821,0.43127147766323026,0.4261168384879725,0.4261168384879725,0.3917525773195876
12,0.4493127147766323,0.3265962026698822,0.301565465440117,0.22762075160368384,0.5764604810996563,0.1327226459980011,0.15006505325436592,0.0,0.14623263105750084,0.5070280489744619,"[0.6915807723999023, 0.7963917851448059]",0.7082,0.4415807560137457,0.43986254295532645,0.40807560137457044,0.39948453608247425,0.42439862542955326,0.42439862542955326,0.4372852233676976
13,0.4329896907216495,0.2997934671452347,0.28858906879462226,0.2063893467917707,0.5489690721649485,0.12386859953403473,0.1441897563636303,0.0,0.14069823175668716,0.5317404890665784,"[0.6915807723999023, 0.7963917851448059]",0.5974,0.4218213058419244,0.4218213058419244,0.42869415807560135,0.4381443298969072,0.4115120274914089,0.4115120274914089,0.4269759450171821
14,0.43041237113402064,0.2887006998408237,0.2561826796477939,0.1880258601356888,0.5274914089347079,0.13080626726150513,0.13871541619300842,0.0,0.13552359864115715,0.5433596089715138,"[0.6915807723999023, 0.7963917851448059]",0.5928,0.38402061855670105,0.390893470790378,0.41580756013745707,0.42869415807560135,0.4072164948453608,0.4072164948453608,0.38144329896907214
15,0.4321305841924399,0.3018790371533798,0.27656366656187015,0.19929355994220846,0.5446735395189003,0.13209685683250427,0.1335858553647995,0.0,0.13063552975654602,0.5486522420542315,"[0.6915807723999023, 0.7963917851448059]",0.5858,0.42955326460481097,0.44587628865979384,0.46563573883161513,0.44587628865979384,0.45446735395189003,0.45446735395189003,0.43041237113402064
16,0.44072164948453607,0.30218590657982103,0.2629784419017925,0.20307529710556185,0.5429553264604811,0.1334388256072998,0.12873129174113274,0.0,0.125962745398283,0.5039056929526851,"[0.6915807723999023, 0.7963917851448059]",0.5698,0.43556701030927836,0.4475945017182131,0.46219931271477666,0.44501718213058417,0.4415807560137457,0.4415807560137457,0.4269759450171821
17,0.44415807560137455,0.308067801468744,0.2608694743133436,0.20188373208730231,0.5429553264604811,0.129710391163826,0.12411023676395416,0.0,0.12149087712168694,0.4335842520231381,"[0.6915807723999023, 0.7963917851448059]",0.5349,0.4321305841924399,0.4415807560137457,0.45446735395189003,0.4475945017182131,0.43900343642611683,0.43900343642611683,0.42439862542955326
18,0.4097938144329897,0.27385095959573025,0.262571400542622,0.1889875580731289,0.531786941580756,0.12033325433731079,0.11971044540405273,0.0,0.11722572892904282,0.44508117297664285,"[0.6915807723999023, 0.7963917851448059]",0.5312,0.40034364261168387,0.4209621993127148,0.4209621993127148,0.4209621993127148,0.4218213058419244,0.4218213058419244,0.39948453608247425
19,0.39776632302405496,0.26229472625948835,0.2669116280387683,0.17936462461290545,0.5274914089347079,0.11417593061923981,0.11552099883556366,0.0,0.1131620816886425,0.4328792759915814,"[0.6915807723999023, 0.7963917851448059]",0.5388,0.4072164948453608,0.4261168384879725,0.42869415807560135,0.43900343642611683,0.43470790378006874,0.43470790378006874,0.41237113402061853
20,0.4218213058419244,0.29361671430761327,0.27995108517916667,0.18756151670048,0.531786941580756,0.1178792417049408,0.11153816804289818,0.0,0.10930128768086433,0.43188382603693753,"[0.6915807723999023, 0.7963917851448059]",0.7095,0.38144329896907214,0.3951890034364261,0.4106529209621993,0.41580756013745707,0.4029209621993127,0.4029209621993127,0.38144329896907214
21,0.4518900343642612,0.3221897093372421,0.27298323387598106,0.2144226003816935,0.5481099656357389,0.1334911435842514,0.10776309669017792,0.0,0.10565700381994247,0.526038174983114,"[0.6915807723999023, 0.7963917851448059]",0.5209,0.43127147766323026,0.4261168384879725,0.42010309278350516,0.42955326460481097,0.41408934707903783,0.41408934707903783,0.43041237113402064
22,0.41408934707903783,0.27348005622913363,0.22285304728061886,0.18762083212748287,0.5266323024054983,0.1328718066215515,0.10419944301247597,0.0,0.10221673548221588,0.3964635389856994,"[0.6915807723999023, 0.7963917851448059]",0.7138,0.5042955326460481,0.5,0.4836769759450172,0.4888316151202749,0.48109965635738833,0.48109965635738833,0.4957044673539519
23,0.43470790378006874,0.29965820124978737,0.23018501182732173,0.1681230465320503,0.511168384879725,0.12981298565864563,0.100831788033247,0.0,0.09895360842347145,0.39746350003406405,"[0.6915807723999023, 0.7963917851448059]",0.5208,0.40893470790378006,0.4252577319587629,0.45017182130584193,0.422680412371134,0.4209621993127148,0.4209621993127148,0.3960481099656357
24,0.4424398625429553,0.3107291743651648,0.25655460932687973,0.18075761907134769,0.5240549828178694,0.1263609379529953,0.0976528711616993,0.0,0.09588232636451721,0.40790505695622414,"[0.6915807723999023, 0.7963917851448059]",0.5306,0.3951890034364261,0.39948453608247425,0.44587628865979384,0.4209621993127148,0.4183848797250859,0.4183848797250859,0.3900343642611684
25,0.468213058419244,0.3277332564512382,0.2429146526097938,0.2010975207508037,0.5335051546391752,0.12903429567813873,0.09465684369206429,0.0,0.09299090877175331,0.4147600029828027,"[0.6915807723999023, 0.7963917851448059]",0.671,0.45017182130584193,0.45103092783505155,0.47508591065292094,0.4252577319587629,0.4518900343642612,0.4518900343642612,0.44673539518900346
26,0.42783505154639173,0.29439969854542714,0.2526697009189265,0.1694919822647882,0.5197594501718213,0.12573693692684174,0.09184664860367775,0.0,0.09027072414755821,0.44758435094263405,"[0.6915807723999023, 0.7963917851448059]",0.5593,0.4329896907216495,0.4381443298969072,0.4570446735395189,0.42869415807560135,0.44072164948453607,0.44072164948453607,0.4269759450171821
27,0.4252577319587629,0.2922475110564172,0.2482644465679583,0.16856064417493213,0.5163230240549829,0.12282504886388779,0.08920828998088837,0.0,0.08772047236561775,0.607460075058043,"[0.6915807723999023, 0.7963917851448059]",0.6792,0.4269759450171821,0.4338487972508591,0.422680412371134,0.4115120274914089,0.4183848797250859,0.4183848797250859,0.4252577319587629
28,0.40463917525773196,0.279355481941273,0.2577321823448411,0.1920410929152501,0.5438144329896907,0.12181409448385239,0.08673824742436409,0.0,0.08534518629312515,0.4317904079798609,"[0.6915807723999023, 0.7963917851448059]",0.6616,0.41494845360824745,0.42869415807560135,0.4020618556701031,0.4183848797250859,0.40893470790378006,0.40893470790378006,0.40893470790378006
29,0.42955326460481097,0.29782751487434145,0.2539248992873223,0.19902085785264262,0.5395189003436426,0.11269817501306534,0.08443176746368408,0.0,0.08312533795833588,0.5332755240378901,"[0.6915807723999023, 0.7963917851448059]",0.9209,0.42783505154639173,0.43470790378006874,0.45962199312714774,0.43041237113402064,0.43900343642611683,0.43900343642611683,0.42439862542955326
30,0.43470790378006874,0.3034200005093075,0.25751568835274163,0.20167635510158452,0.5412371134020618,0.10862934589385986,0.0822846069931984,0.0,0.08106284961104393,0.6082441170001402,"[0.6915807723999023, 0.7963917851448059]",0.4928,0.4209621993127148,0.436426116838488,0.45618556701030927,0.4183848797250859,0.4372852233676976,0.4372852233676976,0.41494845360824745
31,0.4329896907216495,0.2971496795619537,0.24667928260953587,0.1979894256312757,0.5438144329896907,0.10650813579559326,0.08028768375515938,0.0,0.07914764061570168,0.4856156699825078,"[0.6915807723999023, 0.7963917851448059]",0.5079,0.4252577319587629,0.43556701030927836,0.422680412371134,0.4106529209621993,0.41494845360824745,0.41494845360824745,0.4218213058419244
32,0.43470790378006874,0.27974564388827816,0.23325681977161034,0.18128661655686498,0.5369415807560137,0.10585746169090271,0.07842958346009254,0.0,0.07737617939710617,0.392550925957039,"[0.6915807723999023, 0.7963917851448059]",0.4992,0.41323024054982815,0.42869415807560135,0.4072164948453608,0.40034364261168387,0.4029209621993127,0.4029209621993127,0.4115120274914089
33,0.39862542955326463,0.2706584124915411,0.25287369116357356,0.16077564677406989,0.5214776632302406,0.1256815493106842,0.07670745998620987,0.0,0.07574992626905441,0.4072376140393317,"[0.6915807723999023, 0.7963917851448059]",0.5026,0.31958762886597936,0.33505154639175255,0.40893470790378006,0.40463917525773196,0.37628865979381443,0.37628865979381443,0.3247422680412371
34,0.41323024054982815,0.26781935027546167,0.22289409443196045,0.15274022851794827,0.5042955326460481,0.11219576001167297,0.07512038573622704,0.0,0.07425073906779289,0.3984827260719612,"[0.6915807723999023, 0.7963917851448059]",0.4884,0.37714776632302405,0.390893470790378,0.45532646048109965,0.4957044673539519,0.45017182130584193,0.45017182130584193,0.37199312714776633
35,0.4570446735395189,0.33034880397322297,0.2657587072789148,0.1972811020396511,0.5223367697594502,0.1190708726644516,0.073660958558321,0.0,0.07288379594683647,0.44424271991010755,"[0.6915807723999023, 0.7963917851448059]",0.6685,0.31872852233676974,0.33075601374570446,0.4166666666666667,0.42010309278350516,0.3900343642611684,0.3900343642611684,0.3178694158075601
36,0.4536082474226804,0.3272269413119322,0.2716220736624871,0.19889608838219286,0.5231958762886598,0.11775416135787964,0.07232547923922539,0.0,0.07162483036518097,0.5491859199246392,"[0.6915807723999023, 0.7963917851448059]",0.7737,0.3960481099656357,0.4106529209621993,0.436426116838488,0.4853951890034364,0.46649484536082475,0.46649484536082475,0.3865979381443299
37,0.4518900343642612,0.3241205572807264,0.2683413362150454,0.1962870243727606,0.5223367697594502,0.11654181778430939,0.07109862193465233,0.0,0.07048187404870987,0.5414845939958468,"[0.6915807723999023, 0.7963917851448059]",0.5607,0.34106529209621994,0.36683848797250856,0.38230240549828176,0.4054982817869416,0.4097938144329897,0.4097938144329897,0.3333333333333333
38,0.40034364261168387,0.27812542481006275,0.2589186402714013,0.16510529151494932,0.5249140893470791,0.11613674461841583,0.06996988877654076,0.0,0.0694289579987526,0.4519137180177495,"[0.6915807723999023, 0.7963917851448059]",1.2316,0.36683848797250856,0.37285223367697595,0.4381443298969072,0.4321305841924399,0.4029209621993127,0.4029209621993127,0.36082474226804123
39,0.41323024054982815,0.28463334638070437,0.24676245921855366,0.16555198163975465,0.5120274914089347,0.11066548526287079,0.06894746422767639,0.0,0.06847906671464443,0.5715556000359356,"[0.6915807723999023, 0.7963917851448059]",0.6211,0.3479381443298969,0.36254295532646047,0.45103092783505155,0.4252577319587629,0.4166666666666667,0.4166666666666667,0.33505154639175255
40,0.3917525773195876,0.21693918040637605,0.2329067411792998,0.15119595689007645,0.5094501718213058,0.10461952537298203,0.06801361218094826,0.0,0.0676129125058651,0.5201155910035595,"[0.6915807723999023, 0.7963917851448059]",0.6593,0.390893470790378,0.4218213058419244,0.4518900343642612,0.40807560137457044,0.4218213058419244,0.4218213058419244,0.38831615120274915
41,0.4175257731958763,0.28583981184783136,0.25791382206988145,0.1844689130727605,0.5223367697594502,0.1040501743555069,0.06717014126479626,0.0,0.0668337233364582,0.42503474396653473,"[0.6915807723999023, 0.7963917851448059]",0.4998,0.40378006872852235,0.42783505154639173,0.44587628865979384,0.40807560137457044,0.4183848797250859,0.4183848797250859,0.39261168384879724
42,0.3788659793814433,0.2453494096474027,0.25028934601099256,0.16784190771324864,0.5094501718213058,0.11399392038583755,0.06640741974115372,0.0,0.06612203642725945,0.43977904599159956,"[0.6915807723999023, 0.7963917851448059]",0.4862,0.33419243986254293,0.34536082474226804,0.3857388316151203,0.39347079037800686,0.37285223367697595,0.37285223367697595,0.3333333333333333
43,0.38230240549828176,0.25379026994639586,0.2487577051167753,0.14928523231651364,0.5034364261168385,0.11641796678304672,0.0657125934958458,0.0,0.06548045575618744,0.5895534009905532,"[0.6915807723999023, 0.7963917851448059]",0.4833,0.36855670103092786,0.38917525773195877,0.4106529209621993,0.41580756013745707,0.40893470790378006,0.40893470790378006,0.36082474226804123
44,0.40463917525773196,0.2678102347467275,0.24496744181859284,0.1553464185474961,0.5034364261168385,0.11042473465204239,0.06508029252290726,0.0,0.06489838473498821,0.4442487149499357,"[0.6915807723999023, 0.7963917851448059]",0.5086,0.3651202749140893,0.39862542955326463,0.4793814432989691,0.48625429553264604,0.47852233676975947,0.47852233676975947,0.3402061855670103
45,0.4029209621993127,0.2651014484854265,0.24707436567003743,0.156218590226243,0.5025773195876289,0.09755122661590576,0.06450317986309528,0.0,0.0643721204251051,0.45427127298898995,"[0.6915807723999023, 0.7963917851448059]",0.5125,0.36597938144329895,0.39862542955326463,0.46649484536082475,0.43470790378006874,0.42783505154639173,0.42783505154639173,0.3487972508591065
46,0.4020618556701031,0.25754965285160236,0.23071620879865026,0.14676289855884256,0.49398625429553267,0.10507769882678986,0.0639785397797823,0.0,0.06389627791941166,0.45701486396137625,"[0.6915807723999023, 0.7963917851448059]",0.5124,0.4029209621993127,0.4097938144329897,0.4209621993127148,0.44501718213058417,0.4072164948453608,0.4072164948453608,0.38316151202749144
47,0.44587628865979384,0.30346864783223426,0.2504686087611487,0.19261395235931544,0.5352233676975945,0.1117955669760704,0.06350122764706612,0.0,0.06346605718135834,0.42062886501662433,"[0.6915807723999023, 0.7963917851448059]",0.5265,0.30498281786941583,0.3324742268041237,0.3900343642611684,0.3711340206185567,0.34536082474226804,0.34536082474226804,0.3118556701030928
48,0.5025773195876289,0.3718950343849342,0.2758200301649385,0.2566753330713404,0.5274914089347079,0.10311063379049301,0.06306647695600986,0.0,0.0630801822990179,0.44461780798155814,"[0.6915807723999023, 0.7963917851448059]",0.5483,0.38402061855670105,0.38917525773195877,0.44329896907216493,0.42439862542955326,0.42869415807560135,0.42869415807560135,0.3548109965635739
49,0.5042955326460481,0.3742448579531692,0.2794691244657783,0.2629302006122365,0.5274914089347079,0.09971420466899872,0.06267083436250687,0.0,0.06272654980421066,0.4345460500335321,"[0.6915807723999023, 0.7963917851448059]",0.5151,0.38316151202749144,0.3900343642611684,0.44587628865979384,0.43041237113402064,0.43470790378006874,0.43470790378006874,0.35223367697594504
50,0.4527491408934708,0.3195337572626732,0.2793560419877222,0.22222714562146925,0.5360824742268041,0.10966759920120239,0.06231013126671314,0.0,0.062402721494436264,0.4285671680700034,"[0.6915807723999023, 0.7963917851448059]",0.5071,0.3651202749140893,0.38745704467353953,0.4054982817869416,0.4527491408934708,0.4424398625429553,0.4424398625429553,0.3539518900343643
51,0.4527491408934708,0.3182912690626951,0.2870133653644879,0.23107357867014464,0.5429553264604811,0.10525017231702805,0.06197695806622505,0.0,0.062112659215927124,0.44873030902817845,"[0.6915807723999023, 0.7963917851448059]",0.509,0.38316151202749144,0.38745704467353953,0.43900343642611683,0.44072164948453607,0.45103092783505155,0.45103092783505155,0.35051546391752575
52,0.4372852233676976,0.295836177222228,0.2745800240553944,0.2079842909331142,0.5378006872852233,0.1072436273097992,0.0616750605404377,0.0,0.06184762716293335,0.43061038304585963,"[0.6915807723999023, 0.7963917851448059]",0.5266,0.3634020618556701,0.39862542955326463,0.42783505154639173,0.4742268041237113,0.46219931271477666,0.46219931271477666,0.3556701030927835
53,0.5051546391752577,0.3921219121670997,0.31924252948651527,0.2832666630069932,0.5455326460481099,0.13067039847373962,0.061399560421705246,0.0,0.06160925514996052,0.5177540959557518,"[0.6915807723999023, 0.7963917851448059]",0.5781,0.37285223367697595,0.39776632302405496,0.4218213058419244,0.3917525773195876,0.38917525773195877,0.38917525773195877,0.3745704467353952
54,0.4733676975945017,0.33766884741911285,0.2750821090004669,0.2266192522166138,0.520618556701031,0.10724873840808868,0.061147574335336685,0.0,0.06139381043612957,0.4785510180518031,"[0.6915807723999023, 0.7963917851448059]",0.5949,0.3745704467353952,0.4063573883161512,0.4381443298969072,0.5060137457044673,0.4965635738831615,0.4965635738831615,0.3634020618556701
55,0.4587628865979381,0.3342212562202267,0.2786519400074796,0.19437595424650703,0.5171821305841925,0.1055537611246109,0.06091690808534622,0.0,0.061199771240353584,0.4734244979918003,"[0.6915807723999023, 0.7963917851448059]",0.5805,0.3745704467353952,0.40893470790378006,0.42783505154639173,0.5051546391752577,0.4965635738831615,0.4965635738831615,0.3634020618556701
56,0.39347079037800686,0.27650305938284114,0.2903627352717441,0.1575555578464646,0.5077319587628866,0.11680353432893753,0.06070309691131115,0.0,0.061025096103549004,0.45933749503456056,"[0.6915807723999023, 0.7963917851448059]",0.5773,0.3951890034364261,0.4630584192439863,0.4690721649484536,0.44673539518900346,0.4587628865979381,0.4587628865979381,0.3582474226804124
57,0.41924398625429554,0.24002542056941312,0.289965155718928,0.1830839889982561,0.520618556701031,0.11571453511714935,0.060503873974084854,0.0,0.06087019853293896,0.45999084401410073,"[0.6915807723999023, 0.7963917851448059]",0.5391,0.3951890034364261,0.42439862542955326,0.4372852233676976,0.3943298969072165,0.40807560137457044,0.40807560137457044,0.39347079037800686
58,0.43041237113402064,0.2944661267275357,0.2806059136322029,0.19915207421094838,0.5343642611683849,0.1114128977060318,0.06032046675682068,0.0,0.0607295036315918,0.44613570801448077,"[0.6915807723999023, 0.7963917851448059]",0.5494,0.45103092783505155,0.46735395189003437,0.48109965635738833,0.45618556701030927,0.4587628865979381,0.4587628865979381,0.4321305841924399
59,0.45103092783505155,0.31586973677675223,0.29553246126587657,0.21426993023051621,0.5472508591065293,0.11714166402816772,0.06014843471348286,0.0,0.06060217320919037,0.4425036620814353,"[0.6915807723999023, 0.7963917851448059]",0.6588,0.4166666666666667,0.44329896907216493,0.4896907216494845,0.4888316151202749,0.4896907216494845,0.4896907216494845,0.3857388316151203
60,0.43470790378006874,0.2539777005262692,0.2898763826897035,0.19679710803896105,0.5326460481099656,0.12755143642425537,0.05999000929296017,0.0,0.060489196330308914,0.4552012539934367,"[0.6915807723999023, 0.7963917851448059]",0.5046,0.37199312714776633,0.4106529209621993,0.41494845360824745,0.3960481099656357,0.4097938144329897,0.4097938144329897,0.3634020618556701
61,0.45017182130584193,0.3242833844607673,0.290230838737005,0.23197367097158852,0.5575601374570447,0.11570438742637634,0.05984507501125336,0.0,0.06038771755993366,0.4467564559308812,"[0.6915807723999023, 0.7963917851448059]",0.6361,0.3548109965635739,0.3694158075601375,0.38230240549828176,0.4063573883161512,0.40034364261168387,0.40034364261168387,0.33505154639175255
62,0.44501718213058417,0.30392441833555195,0.2839750323780446,0.2153519214944641,0.5498281786941581,0.1200592964887619,0.05971606262028217,0.0,0.06029478460550308,0.4634070659521967,"[0.6915807723999023, 0.7963917851448059]",0.8016,0.4029209621993127,0.42439862542955326,0.4579037800687285,0.4639175257731959,0.45532646048109965,0.45532646048109965,0.38917525773195877
63,0.4475945017182131,0.33584459630338526,0.30874922891207673,0.23633553607442417,0.5721649484536082,0.12362205982208252,0.05959910713136196,0.0,0.06020994298160076,0.5570215460611507,"[0.6915807723999023, 0.7963917851448059]",0.5776,0.36082474226804123,0.4097938144329897,0.45962199312714774,0.44673539518900346,0.4570446735395189,0.4570446735395189,0.3427835051546392
64,0.4252577319587629,0.3049369261295324,0.3021239385946408,0.18864624290323648,0.531786941580756,0.11789719015359879,0.059487905353307724,0.0,0.060130828991532326,0.4649317099247128,"[0.6915807723999023, 0.7963917851448059]",0.6018,0.37285223367697595,0.3943298969072165,0.4115120274914089,0.40378006872852235,0.4020618556701031,0.4020618556701031,0.36168384879725085
65,0.4475945017182131,0.3116708021181851,0.30771650186387756,0.24416943485794163,0.5721649484536082,0.12260645627975464,0.05938724987208843,0.0,0.06005196087062359,0.5056077170884237,"[0.6915807723999023, 0.7963917851448059]",0.5932,0.42439862542955326,0.44587628865979384,0.46048109965635736,0.42783505154639173,0.4338487972508591,0.4338487972508591,0.4097938144329897
66,0.4793814432989691,0.3510320792837086,0.32914248664710244,0.2689261545268656,0.5798969072164949,0.11542628705501556,0.059291549026966095,0.0,0.059975991025567055,0.5510843690717593,"[0.6915807723999023, 0.7963917851448059]",0.9032,0.39690721649484534,0.39862542955326463,0.46134020618556704,0.4475945017182131,0.4415807560137457,0.4415807560137457,0.3694158075601375
67,0.46735395189003437,0.33232860667726916,0.3033049008545849,0.24455747829631125,0.5661512027491409,0.11416621506214142,0.05919996276497841,0.0,0.05990341491997242,0.6075186380185187,"[0.6915807723999023, 0.7963917851448059]",0.5185,0.4527491408934708,0.47594501718213056,0.48109965635738833,0.468213058419244,0.4725085910652921,0.4725085910652921,0.42955326460481097
68,0.4518900343642612,0.31820522919380734,0.3105825522157769,0.211170738625208,0.5420962199312714,0.1128343939781189,0.0591124352067709,0.0,0.059837618842720985,0.3897958529414609,"[0.6915807723999023, 0.7963917851448059]",0.5166,0.4536082474226804,0.47680412371134023,0.47852233676975947,0.4725085910652921,0.4733676975945017,0.4733676975945017,0.43041237113402064
69,0.4570446735395189,0.33005852043297457,0.3262548994518172,0.2279450403890821,0.5618556701030928,0.11501733958721161,0.059029415249824524,0.0,0.05976822413504124,0.3998028190108016,"[0.6915807723999023, 0.7963917851448059]",0.4904,0.46048109965635736,0.47594501718213056,0.4484536082474227,0.4415807560137457,0.4536082474226804,0.4536082474226804,0.4338487972508591
70,0.4097938144329897,0.28709153444153424,0.3007457969940923,0.1978516478005905,0.538659793814433,0.11680157482624054,0.05895089916884899,0.0,0.059698013588786125,0.4678725900594145,"[0.6915807723999023, 0.7963917851448059]",0.5209,0.43556701030927836,0.5042955326460481,0.511168384879725,0.5154639175257731,0.5154639175257731,0.5154639175257731,0.40463917525773196
71,0.4415807560137457,0.30275442413652964,0.28488746340273097,0.21082996669490303,0.5369415807560137,0.11252406239509583,0.05887454375624657,0.0,0.05963257700204849,0.36854111996944994,"[0.6915807723999023, 0.7963917851448059]",0.5073,0.468213058419244,0.4888316151202749,0.48195876288659795,0.4647766323024055,0.46649484536082475,0.46649484536082475,0.43470790378006874
72,0.47680412371134023,0.34481812056531114,0.3054804373148789,0.25065949516267555,0.563573883161512,0.11102025210857391,0.05880223587155342,0.0,0.059569068253040314,0.3715093709761277,"[0.6915807723999023, 0.7963917851448059]",0.4908,0.3857388316151203,0.43986254295532645,0.4518900343642612,0.46563573883161513,0.4570446735395189,0.4570446735395189,0.35137457044673537
73,0.47594501718213056,0.3453161391687275,0.3074822378203987,0.2581813913739297,0.570446735395189,0.10691674053668976,0.058733195066452026,0.0,0.059507910162210464,0.4460574969416484,"[0.6915807723999023, 0.7963917851448059]",0.5475,0.3848797250859107,0.44329896907216493,0.4536082474226804,0.46134020618556704,0.45532646048109965,0.45532646048109965,0.3556701030927835
74,0.46649484536082475,0.33116570684116253,0.3062443745085163,0.25805404682634087,0.5945017182130584,0.1195676326751709,0.05866740085184574,0.0,0.0594490971416235,0.6206537369871512,"[0.6915807723999023, 0.7963917851448059]",0.4748,0.46048109965635736,0.47079037800687284,0.46563573883161513,0.44587628865979384,0.4475945017182131,0.4475945017182131,0.4484536082474227
75,0.40807560137457044,0.28714128005887785,0.30900262316702826,0.2248632730552793,0.5472508591065293,0.12311168015003204,0.058603690937161446,0.0,0.059391263872385025,0.3546756770228967,"[0.6915807723999023, 0.7963917851448059]",0.4818,0.45962199312714774,0.47079037800687284,0.47508591065292094,0.46048109965635736,0.4639175257731959,0.4639175257731959,0.42439862542955326
76,0.40463917525773196,0.28086269517355,0.3147333711945587,0.22342740125553512,0.5446735395189003,0.11908018589019775,0.05854173190891743,0.0,0.05933805927634239,0.374958579079248,"[0.6915807723999023, 0.7963917851448059]",0.4814,0.45532646048109965,0.4733676975945017,0.46649484536082475,0.4690721649484536,0.4699312714776632,0.4699312714776632,0.4209621993127148
77,0.390893470790378,0.2683827179756316,0.3147770603728527,0.21662384706460058,0.5395189003436426,0.11902063339948654,0.058481501415371895,0.0,0.059284698218107224,0.3848067340441048,"[0.6915807723999023, 0.7963917851448059]",0.5098,0.390893470790378,0.43470790378006874,0.42010309278350516,0.43900343642611683,0.43556701030927836,0.43556701030927836,0.36597938144329895
78,0.4252577319587629,0.3003456420973567,0.3068012663652397,0.21678245821697753,0.5567010309278351,0.11189426481723785,0.058423636481165886,0.0,0.05923121236264706,0.5090961299138144,"[0.6915807723999023, 0.7963917851448059]",0.7232,0.41237113402061853,0.44673539518900346,0.44329896907216493,0.46649484536082475,0.468213058419244,0.468213058419244,0.39690721649484534
79,0.4690721649484536,0.3429771314480494,0.3143608093321967,0.2612230837797159,0.5584192439862543,0.11110645532608032,0.05836680345237255,0.0,0.05918096378445625,0.5211982480250299,"[0.6915807723999023, 0.7963917851448059]",0.7764,0.42869415807560135,0.46219931271477666,0.47508591065292094,0.506872852233677,0.48625429553264604,0.48625429553264604,0.4054982817869416
80,0.46649484536082475,0.3313655389311565,0.3167718680854846,0.2707793491811482,0.5652920962199313,0.1110578179359436,0.058311281725764275,0.0,0.05913117341697216,0.39413344499189407,"[0.6915807723999023, 0.7963917851448059]",0.4917,0.4381443298969072,0.4879725085910653,0.48625429553264604,0.48195876288659795,0.4845360824742268,0.4845360824742268,0.37800687285223367
81,0.3900343642611684,0.2684882763748374,0.28587689224439,0.18751747362810278,0.531786941580756,0.12225963175296783,0.05825717747211456,0.0,0.05908493883907795,0.48438823502510786,"[0.6915807723999023, 0.7963917851448059]",0.4861,0.43986254295532645,0.46563573883161513,0.48109965635738833,0.46649484536082475,0.46649484536082475,0.46649484536082475,0.38917525773195877
82,0.48281786941580757,0.35411595215468894,0.33053961217037114,0.2626514460030884,0.5609965635738832,0.11545252054929733,0.058202505111694336,0.0,0.059038540348410606,0.38875863095745444,"[0.6915807723999023, 0.7963917851448059]",0.4895,0.4527491408934708,0.422680412371134,0.4415807560137457,0.4853951890034364,0.4630584192439863,0.4630584192439863,0.4183848797250859
83,0.47508591065292094,0.3458605123450659,0.33093714019248527,0.2589634287897725,0.5575601374570447,0.10828995704650879,0.05814794450998306,0.0,0.05899309925734997,0.5532437629299238,"[0.6915807723999023, 0.7963917851448059]",0.5608,0.4484536082474227,0.44415807560137455,0.47164948453608246,0.4957044673539519,0.4424398625429553,0.4424398625429553,0.43556701030927836
84,0.4853951890034364,0.3583595761637185,0.315229795013549,0.25473926908692146,0.5558419243986255,0.10870610177516937,0.05809368006885052,0.0,0.05894594453275204,0.37832580297254026,"[0.6915807723999023, 0.7963917851448059]",0.5189,0.44673539518900346,0.49312714776632305,0.49828178694158076,0.4836769759450172,0.48109965635738833,0.48109965635738833,0.41580756013745707
85,0.4742268041237113,0.34450956089185314,0.33129619693240225,0.25881004598944884,0.5575601374570447,0.11160467565059662,0.058041276410222054,0.0,0.05889670550823212,0.39415652910247445,"[0.6915807723999023, 0.7963917851448059]",0.5446,0.4269759450171821,0.4896907216494845,0.5085910652920962,0.5085910652920962,0.49226804123711343,0.49226804123711343,0.422680412371134
86,0.45017182130584193,0.3206632506504201,0.3071151549692714,0.24341939042650343,0.5558419243986255,0.11012724786996841,0.057989493012428284,0.0,0.058846475556492805,0.39352262089960277,"[0.6915807723999023, 0.7963917851448059]",0.5527,0.44415807560137455,0.41924398625429554,0.44329896907216493,0.4802405498281787,0.4381443298969072,0.4381443298969072,0.4261168384879725
87,0.39948453608247425,0.2578074544359914,0.30649299046329687,0.2088055642901718,0.5300687285223368,0.12208820134401321,0.0579385943710804,0.0,0.05879553593695164,0.39158756006509066,"[0.6915807723999023, 0.7963917851448059]",0.5465,0.4338487972508591,0.4269759450171821,0.45017182130584193,0.47594501718213056,0.44501718213058417,0.44501718213058417,0.4218213058419244
88,0.40893470790378006,0.2661783881310381,0.3169898060049151,0.21893910966327626,0.5403780068728522,0.11908325552940369,0.0578883420675993,0.0,0.05874554067850113,0.3823675949824974,"[0.6915807723999023, 0.7963917851448059]",0.5278,0.45618556701030927,0.47508591065292094,0.45962199312714774,0.46563573883161513,0.44501718213058417,0.44501718213058417,0.43127147766323026
89,0.44501718213058417,0.30685800776893046,0.3003627683202868,0.24140118941395883,0.5532646048109966,0.11432065069675446,0.05783788114786148,0.0,0.05869438499212265,0.39073394995648414,"[0.6915807723999023, 0.7963917851448059]",0.5399,0.46134020618556704,0.4845360824742268,0.47680412371134023,0.4733676975945017,0.4570446735395189,0.4570446735395189,0.43986254295532645
90,0.39862542955326463,0.2738200913339679,0.29739230666305433,0.18665779589776665,0.538659793814433,0.1243792474269867,0.05778760090470314,0.0,0.05864293873310089,0.380008632899262,"[0.6915807723999023, 0.7963917851448059]",0.5388,0.45618556701030927,0.47766323024054985,0.468213058419244,0.4793814432989691,0.4475945017182131,0.4475945017182131,0.42010309278350516
91,0.3848797250859107,0.2599489775531425,0.30668426606052646,0.1933424144033746,0.5360824742268041,0.12022179365158081,0.0577370747923851,0.0,0.058592068031430244,0.679267019033432,"[0.6915807723999023, 0.7963917851448059]",0.3736,0.4570446735395189,0.4836769759450172,0.4579037800687285,0.47766323024054985,0.4536082474226804,0.4536082474226804,0.422680412371134
92,0.3951890034364261,0.25910883954573105,0.3042972714382282,0.20343383090687558,0.531786941580756,0.11733688414096832,0.057688167318701744,0.0,0.05854177474975586,0.2671728900168091,"[0.6915807723999023, 0.7963917851448059]",0.5824,0.4536082474226804,0.47852233676975947,0.45618556701030927,0.4802405498281787,0.45017182130584193,0.45017182130584193,0.42010309278350516
93,0.3943298969072165,0.2580698532901893,0.30417017703236005,0.2032968471468967,0.531786941580756,0.11704762279987335,0.05763969570398331,0.0,0.058491192758083344,0.5122704439563677,"[0.6915807723999023, 0.7963917851448059]",0.684,0.4329896907216495,0.436426116838488,0.4639175257731959,0.5017182130584192,0.4527491408934708,0.4527491408934708,0.4218213058419244
94,0.3951890034364261,0.2593197849516792,0.30319089127408194,0.2024473714123512,0.531786941580756,0.11698491126298904,0.057592516764998436,0.0,0.05844107083976269,0.5417484469944611,"[0.6915807723999023, 0.7963917851448059]",0.8452,0.43470790378006874,0.4329896907216495,0.46134020618556704,0.4991408934707904,0.4493127147766323,0.4493127147766323,0.42353951890034364
95,0.46048109965635736,0.3324749469900774,0.30745972022025775,0.25751796934907745,0.563573883161512,0.11631155759096146,0.05754566565155983,0.0,0.05839591287076473,0.48807128495536745,"[0.6915807723999023, 0.7963917851448059]",0.6439,0.4888316151202749,0.46219931271477666,0.4690721649484536,0.47852233676975947,0.4699312714776632,0.4699312714776632,0.4742268041237113
96,0.46048109965635736,0.3357643473290802,0.3173608153140869,0.2506977283559373,0.5730240549828178,0.11161874979734421,0.05749962292611599,0.0,0.05834948271512985,0.377124547958374,"[0.6915807723999023, 0.7963917851448059]",0.5264,0.47079037800687284,0.5120274914089347,0.5120274914089347,0.48711340206185566,0.47852233676975947,0.47852233676975947,0.4097938144329897
97,0.46134020618556704,0.3317523568148023,0.3169890570763569,0.25020212934442526,0.5730240549828178,0.11113772541284561,0.05745423212647438,0.0,0.05830211751163006,0.3856421330710873,"[0.6915807723999023, 0.7963917851448059]",0.5136,0.4836769759450172,0.4647766323024055,0.4725085910652921,0.4845360824742268,0.4725085910652921,0.4725085910652921,0.468213058419244
98,0.46219931271477666,0.3379080240025877,0.3263546624801599,0.2511915567861959,0.5773195876288659,0.11163130402565002,0.05740945041179657,0.0,0.05825396254658699,0.3803607950685546,"[0.6915807723999023, 0.7963917851448059]",0.5167,0.42955326460481097,0.4536082474226804,0.4742268041237113,0.4802405498281787,0.4527491408934708,0.4527491408934708,0.4175257731958763
99,0.45017182130584193,0.3294955015282923,0.3264795514984997,0.25122859360299055,0.5773195876288659,0.1120162159204483,0.05736471153795719,0.0,0.058209897950291634,0.5266890299972147,"[0.6915807723999023, 0.7963917851448059]",0.6388,0.47680412371134023,0.4948453608247423,0.49312714776632305,0.4647766323024055,0.4725085910652921,0.4725085910652921,0.4252577319587629
100,0.4518900343642612,0.3247897673598199,0.32351966521243203,0.24452784860935892,0.5713058419243986,0.11863186955451965,0.05732065811753273,0.0,0.058161040768027306,0.40335649508051574,"[0.6915807723999023, 0.7963917851448059]",0.554,0.47680412371134023,0.49226804123711343,0.49226804123711343,0.4630584192439863,0.4725085910652921,0.4725085910652921,0.42010309278350516
101,0.43900343642611683,0.3162426684897989,0.33811141789909865,0.2509222136806797,0.5824742268041238,0.11993199586868286,0.05727659538388252,0.0,0.05811268836259842,0.3718541630078107,"[0.6915807723999023, 0.7963917851448059]",0.5205,0.42353951890034364,0.42439862542955326,0.4166666666666667,0.41237113402061853,0.43556701030927836,0.43556701030927836,0.40463917525773196
102,0.4518900343642612,0.3244101579734998,0.31988236444094964,0.24118118759188795,0.5687285223367697,0.12043087184429169,0.057233208790421486,0.0,0.05807026848196983,0.5185696668922901,"[0.6915807723999023, 0.7963917851448059]",0.5326,0.37800687285223367,0.4338487972508591,0.43127147766323026,0.41580756013745707,0.4072164948453608,0.4072164948453608,0.3694158075601375
103,0.3333333333333333,0.21457626470173918,0.28469317944390615,0.15803267237507881,0.520618556701031,0.13128280639648438,0.05719027668237686,0.0,0.058023445308208466,0.3592200130224228,"[0.6915807723999023, 0.7963917851448059]",0.5272,0.4570446735395189,0.46563573883161513,0.468213058419244,0.46649484536082475,0.47164948453608246,0.47164948453608246,0.42869415807560135
104,0.35051546391752575,0.2306695656963309,0.29372797850073884,0.16751809192942085,0.5189003436426117,0.12332141399383545,0.05714811757206917,0.0,0.05798189528286457,0.3749497440876439,"[0.6915807723999023, 0.7963917851448059]",0.533,0.4175257731958763,0.44415807560137455,0.44587628865979384,0.4587628865979381,0.45532646048109965,0.45532646048109965,0.39347079037800686
105,0.359106529209622,0.23986634650989147,0.3000331845203074,0.17413543350066565,0.5223367697594502,0.12273760885000229,0.05710651911795139,0.0,0.057941120117902756,0.4107003629906103,"[0.6915807723999023, 0.7963917851448059]",0.6453,0.41494845360824745,0.4424398625429553,0.4424398625429553,0.4381443298969072,0.4579037800687285,0.4579037800687285,0.39347079037800686
106,0.4475945017182131,0.32270587532645223,0.306884978638563,0.23861643131372878,0.5652920962199313,0.12944507598876953,0.05706482566893101,0.0,0.057898908853530884,0.4447432670276612,"[0.6915807723999023, 0.7963917851448059]",0.9545,0.4218213058419244,0.4484536082474227,0.45103092783505155,0.4475945017182131,0.45962199312714774,0.45962199312714774,0.39948453608247425
107,0.4321305841924399,0.3127118174720718,0.317675552500283,0.23674854990512986,0.5756013745704467,0.1239623948931694,0.057022975757718086,0.0,0.057858655229210854,0.5448430390097201,"[0.6915807723999023, 0.7963917851448059]",0.7441,0.37714776632302405,0.41323024054982815,0.41494845360824745,0.4338487972508591,0.4115120274914089,0.4115120274914089,0.3599656357388316
108,0.46048109965635736,0.33730231040156655,0.3259061299411154,0.2490213022066085,0.5730240549828178,0.1214815005660057,0.05698215216398239,0.0,0.0578196719288826,0.4404517909279093,"[0.6915807723999023, 0.7963917851448059]",0.5189,0.4639175257731959,0.4725085910652921,0.47680412371134023,0.4836769759450172,0.47852233676975947,0.47852233676975947,0.43470790378006874
109,0.38917525773195877,0.2604590564732754,0.30628437139541875,0.1914701151855169,0.5309278350515464,0.1312229037284851,0.056941671296954155,0.0,0.057782988995313644,0.4012338299071416,"[0.6915807723999023, 0.7963917851448059]",0.5099,0.46649484536082475,0.47766323024054985,0.48281786941580757,0.4802405498281787,0.48109965635738833,0.48109965635738833,0.43986254295532645
110,0.38230240549828176,0.2521278962846595,0.3075438609514876,0.187029924086355,0.531786941580756,0.12110200524330139,0.056902943179011345,0.0,0.05774334445595741,0.37503773998469114,"[0.6915807723999023, 0.7963917851448059]",0.5007,0.43041237113402064,0.45532646048109965,0.46219931271477666,0.4570446735395189,0.46563573883161513,0.46563573883161513,0.40378006872852235
111,0.38316151202749144,0.25328682562558,0.3095584622024601,0.18770495638476425,0.5335051546391752,0.12033382058143616,0.056865546852350235,0.0,0.057703765109181404,0.38687136792577803,"[0.6915807723999023, 0.7963917851448059]",0.5065,0.47680412371134023,0.49226804123711343,0.49054982817869414,0.49226804123711343,0.4733676975945017,0.4733676975945017,0.43556701030927836
112,0.3865979381443299,0.25643299052083923,0.3068266557692162,0.18830778549955873,0.5309278350515464,0.12025563418865204,0.056828754022717476,0.0,0.057664984837174416,0.3800053909653798,"[0.6915807723999023, 0.7963917851448059]",0.5087,0.4742268041237113,0.45618556701030927,0.43900343642611683,0.4493127147766323,0.44329896907216493,0.44329896907216493,0.43556701030927836
113,0.3917525773195876,0.2622775160392551,0.3098423980348433,0.19432003859709027,0.5360824742268041,0.12024612724781036,0.05679268762469292,0.0,0.057627784088253975,0.39350713207386434,"[0.6915807723999023, 0.7963917851448059]",0.5006,0.42439862542955326,0.4536082474226804,0.45532646048109965,0.45017182130584193,0.4639175257731959,0.4639175257731959,0.40034364261168387
114,0.3900343642611684,0.2602849340473541,0.30963092758982735,0.19475828854626143,0.5360824742268041,0.12032030522823334,0.05675697699189186,0.0,0.05759197846055031,0.3777892389334738,"[0.6915807723999023, 0.7963917851448059]",0.601,0.4252577319587629,0.45446735395189003,0.4587628865979381,0.4527491408934708,0.46563573883161513,0.46563573883161513,0.4012027491408935
115,0.37199312714776633,0.26069552751048064,0.3066029179753569,0.18158650650875274,0.5283505154639175,0.11983437091112137,0.05672128684818745,0.0,0.05755620636045933,0.3961283799726516,"[0.6915807723999023, 0.7963917851448059]",0.5028,0.359106529209622,0.39690721649484534,0.4029209621993127,0.39261168384879724,0.4012027491408935,0.4012027491408935,0.3539518900343643
116,0.4012027491408935,0.2712571117526483,0.31584441313447936,0.20720839996860047,0.5378006872852233,0.1221262663602829,0.056686775758862495,0.0,0.05752258747816086,0.4004637150792405,"[0.6915807723999023, 0.7963917851448059]",0.5041,0.4063573883161512,0.4381443298969072,0.4166666666666667,0.38917525773195877,0.41494845360824745,0.41494845360824745,0.359106529209622
117,0.46649484536082475,0.3513557168393169,0.31835811370900424,0.27286150893766603,0.5987972508591065,0.1307392418384552,0.05665258876979351,0.0,0.057488374412059784,0.3944151910254732,"[0.6915807723999023, 0.7963917851448059]",0.4877,0.3634020618556701,0.4012027491408935,0.39862542955326463,0.4054982817869416,0.38144329896907214,0.38144329896907214,0.3281786941580756
118,0.4587628865979381,0.34085432226158197,0.31796867054022265,0.26938677372952485,0.5859106529209622,0.1288912445306778,0.05661916732788086,0.0,0.05745442770421505,0.8536086590029299,"[0.6915807723999023, 0.7963917851448059]",0.6761,0.3427835051546392,0.4020618556701031,0.4063573883161512,0.4269759450171821,0.3917525773195876,0.3917525773195876,0.3333333333333333
119,0.39347079037800686,0.2621342137374285,0.30355762332507913,0.19032467053786675,0.531786941580756,0.1250777542591095,0.05658603273332119,0.0,0.05742143839597702,0.7662361490074545,"[0.6915807723999023, 0.7963917851448059]",0.7411,0.4072164948453608,0.4733676975945017,0.4836769759450172,0.4725085910652921,0.46048109965635736,0.46048109965635736,0.3556701030927835
120,0.39347079037800686,0.26334397074115234,0.30217743323049623,0.19177424639250654,0.5335051546391752,0.12099657952785492,0.05655350722372532,0.0,0.05738985724747181,0.49290578602813184,"[0.6915807723999023, 0.7963917851448059]",0.5026,0.4029209621993127,0.4725085910652921,0.48625429553264604,0.47594501718213056,0.46219931271477666,0.46219931271477666,0.35652920962199314
121,0.4115120274914089,0.2761686888080941,0.31172181509589153,0.22178043285693222,0.5618556701030928,0.11513836681842804,0.056521035730838776,0.0,0.0573587566614151,0.5408894419670105,"[0.6915807723999023, 0.7963917851448059]",0.5537,0.41323024054982815,0.48109965635738833,0.4896907216494845,0.47164948453608246,0.45618556701030927,0.45618556701030927,0.3788659793814433
122,0.40893470790378006,0.27294780286124654,0.30759544083308005,0.21871979945467182,0.5601374570446735,0.11293279379606247,0.05648811720311642,0.0,0.05732922814786434,0.4159307449590415,"[0.6915807723999023, 0.7963917851448059]",0.4999,0.40807560137457044,0.47164948453608246,0.48281786941580757,0.47164948453608246,0.4527491408934708,0.4527491408934708,0.359106529209622
123,0.4063573883161512,0.2697291187165486,0.30468801522679817,0.2169969096930285,0.5592783505154639,0.11250625550746918,0.05645645596086979,0.0,0.05729861930012703,0.8069170360686257,"[0.6915807723999023, 0.7963917851448059]",0.7123,0.41408934707903783,0.47079037800687284,0.47852233676975947,0.4948453608247423,0.43986254295532645,0.43986254295532645,0.39347079037800686
124,0.40378006872852235,0.2667290573052872,0.3026020553901688,0.2145599046584757,0.5575601374570447,0.1124805435538292,0.05642583779990673,0.0,0.05726871266961098,0.4068257490871474,"[0.6915807723999023, 0.7963917851448059]",0.507,0.39776632302405496,0.46563573883161513,0.4793814432989691,0.47079037800687284,0.45017182130584193,0.45017182130584193,0.359106529209622
125,0.40807560137457044,0.2768491384362911,0.30290740326819415,0.21611700271171908,0.5592783505154639,0.11252755671739578,0.05639617145061493,0.0,0.05723950453102589,0.7065551730338484,"[0.6915807723999023, 0.7963917851448059]",0.7176,0.4381443298969072,0.46219931271477666,0.46563573883161513,0.48109965635738833,0.4742268041237113,0.4742268041237113,0.4183848797250859
126,0.40893470790378006,0.27760297895678776,0.3026759157804613,0.21635477304172837,0.5592783505154639,0.11257387697696686,0.056367311626672745,0.0,0.057210518047213554,0.3733016320038587,"[0.6915807723999023, 0.7963917851448059]",0.497,0.44072164948453607,0.4639175257731959,0.47079037800687284,0.4845360824742268,0.47680412371134023,0.47680412371134023,0.4209621993127148
127,0.4072164948453608,0.2762289940956377,0.30369130052246274,0.21668363658708648,0.5592783505154639,0.1123291626572609,0.05633913353085518,0.0,0.05718248710036278,0.37922350293956697,"[0.6915807723999023, 0.7963917851448059]",0.6789,0.4261168384879725,0.45103092783505155,0.4475945017182131,0.42439862542955326,0.41924398625429554,0.41924398625429554,0.3848797250859107
128,0.40463917525773196,0.2667179973401378,0.2993106141748772,0.213593586124039,0.5575601374570447,0.1127537414431572,0.056311141699552536,0.0,0.057157350704073906,0.46587085304781795,"[0.6915807723999023, 0.7963917851448059]",0.7098,0.44072164948453607,0.46563573883161513,0.47164948453608246,0.4845360824742268,0.47680412371134023,0.47680412371134023,0.4218213058419244
129,0.40893470790378006,0.27116853190193935,0.30021635234639454,0.21465048014487342,0.5567010309278351,0.11273974180221558,0.05628405138850212,0.0,0.05713272839784622,0.5277363689383492,"[0.6915807723999023, 0.7963917851448059]",0.5978,0.4415807560137457,0.4647766323024055,0.4742268041237113,0.4845360824742268,0.47594501718213056,0.47594501718213056,0.422680412371134
130,0.4106529209621993,0.2727524428929098,0.30537541705722027,0.21915757853580173,0.5584192439862543,0.11283241212368011,0.056256381794810295,0.0,0.05710506811738014,0.4313433379866183,"[0.6915807723999023, 0.7963917851448059]",0.4722,0.43556701030927836,0.45017182130584193,0.45618556701030927,0.42353951890034364,0.42783505154639173,0.42783505154639173,0.3960481099656357
131,0.4106529209621993,0.2724675208714674,0.30371806284432284,0.21812342616805527,0.5567010309278351,0.11369277536869049,0.05622922070324421,0.0,0.057079967111349106,0.4730617150198668,"[0.6915807723999023, 0.7963917851448059]",0.5501,0.4372852233676976,0.45017182130584193,0.45618556701030927,0.42353951890034364,0.42783505154639173,0.42783505154639173,0.39862542955326463
132,0.4097938144329897,0.27166777176249435,0.30521270746051593,0.2189398588152342,0.5575601374570447,0.1136588305234909,0.05620256066322327,0.0,0.05705525539815426,0.45759911299683154,"[0.6915807723999023, 0.7963917851448059]",0.5859,0.4381443298969072,0.45017182130584193,0.45618556701030927,0.42353951890034364,0.42783505154639173,0.42783505154639173,0.39948453608247425
133,0.40893470790378006,0.2702613304076914,0.3033468740631145,0.21663228308587118,0.5549828178694158,0.11455395072698593,0.05617520399391651,0.0,0.0570304561406374,0.42163396801333874,"[0.6915807723999023, 0.7963917851448059]",0.5803,0.41237113402061853,0.41408934707903783,0.4329896907216495,0.4579037800687285,0.44415807560137455,0.44415807560137455,0.3848797250859107
134,0.4097938144329897,0.2714726916594543,0.3075505870262538,0.2191361472263209,0.5558419243986255,0.11475546658039093,0.056151941418647766,0.0,0.05700593441724777,0.4136759149841964,"[0.6915807723999023, 0.7963917851448059]",0.4966,0.41237113402061853,0.41580756013745707,0.4329896907216495,0.4579037800687285,0.44501718213058417,0.44501718213058417,0.3848797250859107
135,0.4321305841924399,0.2929188404811509,0.298547424273295,0.20860964130285414,0.5472508591065293,0.11779114603996277,0.05612381920218468,0.0,0.05697813630104065,0.42293968005105853,"[0.6915807723999023, 0.7963917851448059]",0.5017,0.41408934707903783,0.4218213058419244,0.4269759450171821,0.4587628865979381,0.4415807560137457,0.4415807560137457,0.38831615120274915
136,0.45962199312714774,0.31449790179934056,0.32481449348770974,0.27425056356037325,0.5773195876288659,0.13717204332351685,0.05609545670449734,0.0,0.05695568397641182,0.44839830102864653,"[0.6915807723999023, 0.7963917851448059]",0.5185,0.41580756013745707,0.4493127147766323,0.4475945017182131,0.47852233676975947,0.4802405498281787,0.4802405498281787,0.390893470790378
137,0.4587628865979381,0.32088304096816667,0.32880146478596833,0.2772217334420487,0.584192439862543,0.13188894093036652,0.05606888048350811,0.0,0.0569321233779192,0.4587222139816731,"[0.6915807723999023, 0.7963917851448059]",0.4941,0.4166666666666667,0.4415807560137457,0.46048109965635736,0.5120274914089347,0.45618556701030927,0.45618556701030927,0.4063573883161512
138,0.47594501718213056,0.34544046609388257,0.3421869379013185,0.29372182656256796,0.5867697594501718,0.1310328096151352,0.05604359321296215,0.0,0.05690809525549412,0.7679985380964354,"[0.6915807723999023, 0.7963917851448059]",0.4882,0.41580756013745707,0.4372852233676976,0.46735395189003437,0.5120274914089347,0.4570446735395189,0.4570446735395189,0.4029209621993127
139,0.48195876288659795,0.351721895775569,0.34188486144041397,0.29403993663436734,0.5859106529209622,0.13122981786727905,0.05601973086595535,0.0,0.056884640827775,0.4345069599803537,"[0.6915807723999023, 0.7963917851448059]",0.542,0.41408934707903783,0.4338487972508591,0.4690721649484536,0.5120274914089347,0.4570446735395189,0.4570446735395189,0.4020618556701031
140,0.4836769759450172,0.3526289927199403,0.3388067686418751,0.29214425084866685,0.5833333333333334,0.131363183259964,0.05599719099700451,0.0,0.05686148628592491,0.4705149559304118,"[0.6915807723999023, 0.7963917851448059]",0.524,0.41323024054982815,0.4338487972508591,0.47594501718213056,0.5103092783505154,0.45532646048109965,0.45532646048109965,0.39948453608247425
141,0.4742268041237113,0.3301317886679612,0.3210909570645236,0.26196160989225004,0.5738831615120275,0.13205045461654663,0.05597575940191746,0.0,0.0568403173238039,0.4879155110102147,"[0.6915807723999023, 0.7963917851448059]",0.4943,0.41580756013745707,0.4321305841924399,0.47852233676975947,0.5103092783505154,0.45446735395189003,0.45446735395189003,0.4029209621993127
142,0.47766323024054985,0.33464140158227995,0.3197674698222408,0.2607139929667805,0.5721649484536082,0.1320722997188568,0.055955423042178154,0.0,0.0568198561668396,0.4618435689480975,"[0.6915807723999023, 0.7963917851448059]",0.4968,0.4252577319587629,0.4338487972508591,0.48109965635738833,0.5103092783505154,0.45446735395189003,0.45446735395189003,0.41323024054982815
143,0.47164948453608246,0.327275119347442,0.3154557794842815,0.25368522889727957,0.5695876288659794,0.1316511631011963,0.05593612603843212,0.0,0.05680075101554394,0.4690454760566354,"[0.6915807723999023, 0.7963917851448059]",0.5063,0.4261168384879725,0.43470790378006874,0.48281786941580757,0.511168384879725,0.45532646048109965,0.45532646048109965,0.41494845360824745
144,0.47164948453608246,0.32495077589263477,0.3104418530038758,0.24372896005658562,0.5678694158075601,0.13106095790863037,0.055917952209711075,0.0,0.05678163096308708,0.39463394100312144,"[0.6915807723999023, 0.7963917851448059]",0.5113,0.37371134020618557,0.4372852233676976,0.43556701030927836,0.4175257731958763,0.42439862542955326,0.42439862542955326,0.34965635738831613
145,0.46219931271477666,0.318813347318589,0.3198285632443611,0.25881826116873574,0.5798969072164949,0.13032189011573792,0.055900443345308304,0.0,0.05676266737282276,0.6281711449846625,"[0.6915807723999023, 0.7963917851448059]",0.6016,0.4965635738831615,0.5309278350515464,0.5498281786941581,0.5661512027491409,0.5438144329896907,0.5438144329896907,0.4690721649484536
146,0.46649484536082475,0.32492120046135664,0.320796506798819,0.26205779181032884,0.5807560137457045,0.13028407096862793,0.055883608758449554,0.0,0.05674446374177933,0.4843497610418126,"[0.6915807723999023, 0.7963917851448059]",0.747,0.3797250859106529,0.4252577319587629,0.42353951890034364,0.4072164948453608,0.39776632302405496,0.39776632302405496,0.3582474226804124
147,0.47079037800687284,0.331012013390508,0.3254267769493574,0.2654459853496795,0.5850515463917526,0.12943750619888306,0.055867187678813934,0.0,0.056726712733507156,0.5530223120003939,"[0.6915807723999023, 0.7963917851448059]",0.5597,0.3805841924398625,0.4183848797250859,0.4209621993127148,0.4106529209621993,0.39948453608247425,0.39948453608247425,0.3582474226804124
148,0.48109965635738833,0.346506878791794,0.3338395065507139,0.2743411983963772,0.5910652920962199,0.12858465313911438,0.05585131421685219,0.0,0.05670989491045475,0.5738880890421569,"[0.6915807723999023, 0.7963917851448059]",0.5914,0.4329896907216495,0.4570446735395189,0.46048109965635736,0.4896907216494845,0.4725085910652921,0.4725085910652921,0.4012027491408935
149,0.4802405498281787,0.34501155172606224,0.335966959092289,0.27201456209689034,0.5893470790378007,0.12793385982513428,0.055835625156760216,0.0,0.056693220511078835,0.536308276001364,"[0.6915807723999023, 0.7963917851448059]",0.6594,0.3917525773195876,0.41237113402061853,0.42783505154639173,0.4166666666666667,0.4054982817869416,0.4054982817869416,0.35738831615120276
150,0.44415807560137455,0.3068342052654638,0.3169437617662385,0.24515248675798962,0.5730240549828178,0.12708130478858948,0.05582052282989025,0.0,0.05667765252292156,0.6006073369644582,"[0.6915807723999023, 0.7963917851448059]",0.5992,0.3797250859106529,0.43127147766323026,0.4381443298969072,0.43041237113402064,0.42010309278350516,0.42010309278350516,0.34536082474226804
151,0.44072164948453607,0.303214487353726,0.31785336514263063,0.24533879349778648,0.5730240549828178,0.12613992393016815,0.055805787444114685,0.0,0.05666173994541168,0.6234270390123129,"[0.6915807723999023, 0.7963917851448059]",0.9369,0.3805841924398625,0.43470790378006874,0.4381443298969072,0.4321305841924399,0.42353951890034364,0.42353951890034364,0.3539518900343643
152,0.43986254295532645,0.30254755119501753,0.3167325832528577,0.24562284188049685,0.5730240549828178,0.12625592947006226,0.05579148791730404,0.0,0.05664650723338127,0.41848845907952636,"[0.6915807723999023, 0.7963917851448059]",0.4752,0.4742268041237113,0.5137457044673539,0.5420962199312714,0.5541237113402062,0.5420962199312714,0.5420962199312714,0.45446735395189003
153,0.48281786941580757,0.3511164943355761,0.33104152271158777,0.2865802111209184,0.5850515463917526,0.13106566667556763,0.055777547881007195,0.0,0.056632328778505325,0.42549136909656227,"[0.6915807723999023, 0.7963917851448059]",0.4799,0.4802405498281787,0.5189003436426117,0.5429553264604811,0.552405498281787,0.5395189003436426,0.5395189003436426,0.45962199312714774
154,0.48281786941580757,0.35017295262118275,0.32962578764418626,0.28836224829466406,0.5859106529209622,0.13160867989063263,0.055763859301805496,0.0,0.05661799944937229,0.7354467320255935,"[0.6915807723999023, 0.7963917851448059]",0.4906,0.4261168384879725,0.4536082474226804,0.45103092783505155,0.46048109965635736,0.46219931271477666,0.46219931271477666,0.37800687285223367
155,0.4879725085910653,0.35113901224498956,0.3185216392917316,0.2799340985211997,0.5816151202749141,0.13015985488891602,0.05575069040060043,0.0,0.05660415627062321,0.4380841039819643,"[0.6915807723999023, 0.7963917851448059]",0.4907,0.42783505154639173,0.45446735395189003,0.45017182130584193,0.46048109965635736,0.46048109965635736,0.46048109965635736,0.37628865979381443
156,0.4845360824742268,0.3484703887068201,0.32404964953382515,0.2830029336958806,0.5859106529209622,0.12774871289730072,0.055737972259521484,0.0,0.05659017898142338,0.46362215001136065,"[0.6915807723999023, 0.7963917851448059]",0.651,0.4879725085910653,0.5249140893470791,0.5335051546391752,0.5549828178694158,0.538659793814433,0.538659793814433,0.46134020618556704
157,0.4836769759450172,0.3485895623704516,0.32569879516193656,0.2843616115623135,0.5867697594501718,0.12716051936149597,0.05572565458714962,0.0,0.056576551869511604,0.5116239279741421,"[0.6915807723999023, 0.7963917851448059]",0.5168,0.4054982817869416,0.4338487972508591,0.45017182130584193,0.47079037800687284,0.4742268041237113,0.4742268041237113,0.3805841924398625
158,0.4845360824742268,0.3502276622151431,0.32757896341528314,0.28666830251656944,0.5893470790378007,0.12677642703056335,0.05571350269019604,0.0,0.05656338296830654,0.4830753190908581,"[0.6915807723999023, 0.7963917851448059]",0.5172,0.4853951890034364,0.5223367697594502,0.5326460481099656,0.5532646048109966,0.5403780068728522,0.5403780068728522,0.45962199312714774
159,0.4836769759450172,0.34928334699139674,0.3252778903592801,0.28504120630552404,0.5867697594501718,0.12670224905014038,0.05570157989859581,0.0,0.05655070208013058,0.4929688839474693,"[0.6915807723999023, 0.7963917851448059]",0.4552,0.39948453608247425,0.43470790378006874,0.4518900343642612,0.4742268041237113,0.4742268041237113,0.4742268041237113,0.37800687285223367
160,0.47680412371134023,0.3416234560505542,0.3233341610158807,0.28334203870851077,0.5859106529209622,0.12677305936813354,0.055689841508865356,0.0,0.05653815530240536,0.42064305604435503,"[0.6915807723999023, 0.7963917851448059]",0.5013,0.4802405498281787,0.5214776632302406,0.5292096219931272,0.5515463917525774,0.5378006872852233,0.5378006872852233,0.4570446735395189
161,0.4742268041237113,0.34721495498384924,0.33941714663057354,0.2914432716920521,0.5902061855670103,0.12638618052005768,0.05567837320268154,0.0,0.056526293978095055,0.4104776020394638,"[0.6915807723999023, 0.7963917851448059]",0.5155,0.4853951890034364,0.5223367697594502,0.5309278350515464,0.552405498281787,0.5403780068728522,0.5403780068728522,0.4587628865979381
162,0.4725085910652921,0.34148276392665333,0.34437952878829325,0.2960434665427098,0.5945017182130584,0.13025984168052673,0.05566706135869026,0.0,0.05651436001062393,0.4206911340588704,"[0.6915807723999023, 0.7963917851448059]",0.4971,0.48109965635738833,0.5214776632302406,0.5352233676975945,0.5558419243986255,0.538659793814433,0.538659793814433,0.4587628865979381
163,0.47508591065292094,0.34499479185374093,0.3387092719745954,0.29508931412130823,0.5919243986254296,0.12792901694774628,0.05565612390637398,0.0,0.05650262348353863,0.41473233501892537,"[0.6915807723999023, 0.7963917851448059]",0.7062,0.4879725085910653,0.5257731958762887,0.5403780068728522,0.5558419243986255,0.5378006872852233,0.5378006872852233,0.46219931271477666
164,0.436426116838488,0.3175961292698055,0.3606004437262593,0.25418435924018445,0.5627147766323024,0.14094693958759308,0.05564537085592747,0.0,0.0564910639077425,0.41843077703379095,"[0.6915807723999023, 0.7963917851448059]",0.6578,0.4853951890034364,0.5257731958762887,0.5420962199312714,0.5584192439862543,0.5395189003436426,0.5395189003436426,0.46219931271477666
165,0.4269759450171821,0.2805973247146992,0.32937977806380686,0.21780569544120165,0.5326460481099656,0.13529185950756073,0.05563469044864178,0.0,0.05648057162761688,0.4397213690681383,"[0.6915807723999023, 0.7963917851448059]",0.5002,0.44587628865979384,0.46219931271477666,0.4527491408934708,0.4579037800687285,0.47079037800687284,0.47079037800687284,0.41580756013745707
166,0.42783505154639173,0.2809496513381603,0.3244990025511623,0.22160296259677448,0.5309278350515464,0.13340064883232117,0.05562424473464489,0.0,0.05647091008722782,0.40345659805461764,"[0.6915807723999023, 0.7963917851448059]",0.5225,0.38316151202749144,0.4209621993127148,0.4183848797250859,0.40893470790378006,0.422680412371134,0.422680412371134,0.37628865979381443
167,0.42783505154639173,0.28193937058636087,0.32372101349393273,0.21807664292138468,0.5300687285223368,0.13332869112491608,0.05561411194503307,0.0,0.056461477652192116,0.42561536096036434,"[0.6915807723999023, 0.7963917851448059]",0.4812,0.42955326460481097,0.4579037800687285,0.45618556701030927,0.4527491408934708,0.46219931271477666,0.46219931271477666,0.39948453608247425
168,0.41580756013745707,0.27140979333046145,0.3173314896863029,0.20635334009447562,0.5283505154639175,0.13350367546081543,0.05560452677309513,0.0,0.05645161122083664,0.47385237901471555,"[0.6915807723999023, 0.7963917851448059]",0.6446,0.39261168384879724,0.4115120274914089,0.4218213058419244,0.41580756013745707,0.42353951890034364,0.42353951890034364,0.38144329896907214
169,0.40893470790378006,0.2685764388366009,0.3160961770100927,0.19913258970763095,0.5283505154639175,0.1334659606218338,0.05559417977929115,0.0,0.056441355496644974,0.4174896120093763,"[0.6915807723999023, 0.7963917851448059]",0.5114,0.42783505154639173,0.45446735395189003,0.45446735395189003,0.4518900343642612,0.45962199312714774,0.45962199312714774,0.3951890034364261
170,0.4054982817869416,0.25971211516863757,0.31432448766728177,0.20873794810274257,0.5309278350515464,0.1328398883342743,0.055584659799933434,0.0,0.05643255449831486,0.707890099962242,"[0.6915807723999023, 0.7963917851448059]",1.0907,0.4269759450171821,0.4518900343642612,0.45532646048109965,0.45103092783505155,0.4587628865979381,0.4587628865979381,0.3951890034364261
171,0.4097938144329897,0.27100646521074845,0.3156819316076662,0.21009902017162516,0.5309278350515464,0.13294333219528198,0.055575182661414146,0.0,0.05642518773674965,0.4895880180411041,"[0.6915807723999023, 0.7963917851448059]",0.5212,0.43041237113402064,0.4518900343642612,0.45618556701030927,0.4536082474226804,0.46563573883161513,0.46563573883161513,0.39948453608247425
172,0.4029209621993127,0.2695235713144115,0.3134043710812076,0.1975254993357717,0.5283505154639175,0.1343502700328827,0.055566055700182915,0.0,0.05641692876815796,0.4196744019864127,"[0.6915807723999023, 0.7963917851448059]",0.4926,0.5103092783505154,0.5197594501718213,0.5231958762886598,0.5214776632302406,0.5077319587628866,0.5077319587628866,0.4793814432989691
173,0.3951890034364261,0.2531865447884295,0.31174748680417347,0.19318953329683108,0.5249140893470791,0.13212594389915466,0.05555727891623974,0.0,0.05640833452343941,0.45194281497970223,"[0.6915807723999023, 0.7963917851448059]",0.494,0.5103092783505154,0.5197594501718213,0.5266323024054983,0.5189003436426117,0.5085910652920962,0.5085910652920962,0.4802405498281787
174,0.39347079037800686,0.2516044190623291,0.30909655989834656,0.1901464177782082,0.5223367697594502,0.1315653920173645,0.055548785254359245,0.0,0.056399475783109665,0.46991161396726966,"[0.6915807723999023, 0.7963917851448059]",0.5012,0.4845360824742268,0.5017182130584192,0.5154639175257731,0.5249140893470791,0.5077319587628866,0.5077319587628866,0.46563573883161513
175,0.3865979381443299,0.24745399903475163,0.30530507939281576,0.1829050521662164,0.5214776632302406,0.13227415084838867,0.055540403351187706,0.0,0.056391285732388496,0.43300150998402387,"[0.6915807723999023, 0.7963917851448059]",0.502,0.42439862542955326,0.45618556701030927,0.4802405498281787,0.48281786941580757,0.45446735395189003,0.45446735395189003,0.4166666666666667
176,0.38745704467353953,0.24854881075369473,0.3059201402725732,0.18118572502013797,0.520618556701031,0.13208931684494019,0.05553212761878967,0.0,0.056383371353149414,0.453156056930311,"[0.6915807723999023, 0.7963917851448059]",0.6466,0.42353951890034364,0.45446735395189003,0.47594501718213056,0.4853951890034364,0.45017182130584193,0.45017182130584193,0.4166666666666667
177,0.3865979381443299,0.2478299549926647,0.3038605987545803,0.17864513259195927,0.5197594501718213,0.13193029165267944,0.05552392825484276,0.0,0.05637594498693943,0.5307961009675637,"[0.6915807723999023, 0.7963917851448059]",0.4927,0.46134020618556704,0.48281786941580757,0.5189003436426117,0.5412371134020618,0.5257731958762887,0.5257731958762887,0.45103092783505155
178,0.38831615120274915,0.2763861215836998,0.31408406656111304,0.19934116031983262,0.5300687285223368,0.1314767599105835,0.055515946820378304,0.0,0.05636884085834026,0.7854249860392883,"[0.6915807723999023, 0.7963917851448059]",0.7437,0.4587628865979381,0.4690721649484536,0.4853951890034364,0.5025773195876289,0.47852233676975947,0.47852233676975947,0.42955326460481097
179,0.3848797250859107,0.2465876392945573,0.3033684027569274,0.17721103959176648,0.5197594501718213,0.13172602653503418,0.055507879704236984,0.0,0.0563607532531023,0.7311322969617322,"[0.6915807723999023, 0.7963917851448059]",0.6508,0.4570446735395189,0.468213058419244,0.4853951890034364,0.5017182130584192,0.4793814432989691,0.4793814432989691,0.42783505154639173
180,0.3848797250859107,0.24658968253537772,0.3032309231333245,0.1768202433423109,0.5197594501718213,0.13178211450576782,0.05549994111061096,0.0,0.056352486833930016,0.4897895180620253,"[0.6915807723999023, 0.7963917851448059]",0.4942,0.45618556701030927,0.4699312714776632,0.4853951890034364,0.5017182130584192,0.4793814432989691,0.4793814432989691,0.42783505154639173
181,0.38402061855670105,0.24555789382335713,0.30150886405709604,0.17524732507201926,0.5189003436426117,0.13179746270179749,0.055492276325821877,0.0,0.05634442716836929,0.5868053919402882,"[0.6915807723999023, 0.7963917851448059]",0.7132,0.4570446735395189,0.4699312714776632,0.4853951890034364,0.5017182130584192,0.4802405498281787,0.4802405498281787,0.4269759450171821
182,0.3900343642611684,0.27857999570520986,0.3156239384354948,0.19956554201970908,0.5300687285223368,0.13147002458572388,0.05548499710857868,0.0,0.056336164474487305,0.6077036360511556,"[0.6915807723999023, 0.7963917851448059]",0.5645,0.45532646048109965,0.4690721649484536,0.4853951890034364,0.5,0.48109965635738833,0.48109965635738833,0.4269759450171821
183,0.3857388316151203,0.24797640540203536,0.30177409031337804,0.17513634440597867,0.5189003436426117,0.13178899884223938,0.05547788739204407,0.0,0.05632773973047733,0.5460113810840994,"[0.6915807723999023, 0.7963917851448059]",0.7554,0.45618556701030927,0.4699312714776632,0.4853951890034364,0.5017182130584192,0.48109965635738833,0.48109965635738833,0.4261168384879725
184,0.390893470790378,0.2795250122003281,0.3158404725583196,0.19980949726868694,0.5300687285223368,0.1315431296825409,0.05547087453305721,0.0,0.0563199557363987,0.510177168995142,"[0.6915807723999023, 0.7963917851448059]",0.5176,0.44587628865979384,0.4381443298969072,0.43900343642611683,0.43041237113402064,0.4415807560137457,0.4415807560137457,0.42353951890034364
185,0.390893470790378,0.2794564465771221,0.3164957141292927,0.2007057456525248,0.531786941580756,0.13149607181549072,0.05546383373439312,0.0,0.056312697008252144,0.4154953690012917,"[0.6915807723999023, 0.7963917851448059]",0.5299,0.45618556701030927,0.4690721649484536,0.4845360824742268,0.5008591065292096,0.48109965635738833,0.48109965635738833,0.4269759450171821
186,0.3917525773195876,0.2802584429319893,0.31699903610805197,0.20091519773825872,0.531786941580756,0.13154803216457367,0.0554568562656641,0.0,0.056305499747395515,0.4979943149955943,"[0.6915807723999023, 0.7963917851448059]",0.4971,0.46563573883161513,0.4587628865979381,0.46735395189003437,0.4853951890034364,0.4699312714776632,0.4699312714776632,0.4269759450171821
187,0.38745704467353953,0.25069812668211744,0.3028287952332437,0.175841752081557,0.5189003436426117,0.13204066455364227,0.05544999800622463,0.0,0.05629858933389187,0.4189292599912733,"[0.6915807723999023, 0.7963917851448059]",0.5135,0.46563573883161513,0.4579037800687285,0.46735395189003437,0.4853951890034364,0.4699312714776632,0.4699312714776632,0.4269759450171821
188,0.3865979381443299,0.24941612945760094,0.3022081780964396,0.1753098168070215,0.5189003436426117,0.13214612007141113,0.05544325150549412,0.0,0.056291671469807625,0.4355638470733538,"[0.6915807723999023, 0.7963917851448059]",0.4987,0.46563573883161513,0.4579037800687285,0.46735395189003437,0.4853951890034364,0.4699312714776632,0.4699312714776632,0.4269759450171821
189,0.38745704467353953,0.25031502898266633,0.3021619240650589,0.17525613624117004,0.5189003436426117,0.132193922996521,0.055436691269278526,0.0,0.05628483556210995,0.4184961890568957,"[0.6915807723999023, 0.7963917851448059]",0.5098,0.39690721649484534,0.4097938144329897,0.4115120274914089,0.40378006872852235,0.4020618556701031,0.4020618556701031,0.3548109965635739
190,0.38745704467353953,0.25031502898266633,0.3021619240650589,0.17525613624117004,0.5189003436426117,0.1322280317544937,0.05543031729757786,0.0,0.056277625262737274,0.5794315839884803,"[0.6915807723999023, 0.7963917851448059]",0.6689,0.3960481099656357,0.40807560137457044,0.4106529209621993,0.40463917525773196,0.4029209621993127,0.4029209621993127,0.3556701030927835
191,0.3917525773195876,0.280256557159426,0.31666670428947485,0.2005877305501208,0.5309278350515464,0.13193096220493317,0.05542386695742607,0.0,0.05627118609845638,0.42185829393565655,"[0.6915807723999023, 0.7963917851448059]",0.4934,0.39690721649484534,0.40893470790378006,0.4115120274914089,0.40463917525773196,0.40463917525773196,0.40463917525773196,0.3556701030927835
192,0.3865979381443299,0.24941409583811625,0.30234501315727563,0.17567982484361547,0.5189003436426117,0.13225124776363373,0.05541750229895115,0.0,0.05626475811004639,0.38934544299263507,"[0.6915807723999023, 0.7963917851448059]",0.4999,0.3960481099656357,0.40807560137457044,0.4106529209621993,0.40463917525773196,0.4029209621993127,0.4029209621993127,0.3556701030927835
193,0.3865979381443299,0.24933342004292125,0.3026128916838176,0.17652672423095506,0.5189003436426117,0.1323394626379013,0.055411266162991524,0.0,0.056258674710989,0.3303360709687695,"[0.6915807723999023, 0.7963917851448059]",0.3599,0.3960481099656357,0.40807560137457044,0.4106529209621993,0.40463917525773196,0.4029209621993127,0.4029209621993127,0.3556701030927835
194,0.38745704467353953,0.25023240182886,0.3025605673473379,0.17645348525958165,0.5189003436426117,0.13239645957946777,0.05540507473051548,0.0,0.056252386420965195,0.3196430109674111,"[0.6915807723999023, 0.7963917851448059]",0.4042,0.39690721649484534,0.40893470790378006,0.4115120274914089,0.40463917525773196,0.4029209621993127,0.4029209621993127,0.3556701030927835
195,0.390893470790378,0.2793834633210972,0.31645202969350006,0.20009824493321715,0.5309278350515464,0.13209474086761475,0.055399058386683464,0.0,0.056246327236294746,0.3168167390394956,"[0.6915807723999023, 0.7963917851448059]",0.3427,0.39690721649484534,0.40893470790378006,0.4115120274914089,0.40463917525773196,0.40463917525773196,0.40463917525773196,0.3556701030927835
196,0.38745704467353953,0.250230369784157,0.3027110388148266,0.1768488260584177,0.5189003436426117,0.13240304589271545,0.055393096059560776,0.0,0.056240156292915344,0.32967138302046806,"[0.6915807723999023, 0.7963917851448059]",0.3358,0.39690721649484534,0.40893470790378006,0.4115120274914089,0.40463917525773196,0.4029209621993127,0.4029209621993127,0.3556701030927835
197,0.3865979381443299,0.24863780479315523,0.30220311291558033,0.17657585278039029,0.5189003436426117,0.13248515129089355,0.05538715049624443,0.0,0.056234871968626976,0.3491291110403836,"[0.6915807723999023, 0.7963917851448059]",0.3423,0.39690721649484534,0.40893470790378006,0.4115120274914089,0.40463917525773196,0.4029209621993127,0.4029209621993127,0.3556701030927835
198,0.3865979381443299,0.24863780479315523,0.30220311291558033,0.17657585278039029,0.5189003436426117,0.13253942131996155,0.05538114160299301,0.0,0.05622963234782219,0.3559143580496311,"[0.6915807723999023, 0.7963917851448059]",0.3597,0.39776632302405496,0.40893470790378006,0.41237113402061853,0.40378006872852235,0.4012027491408935,0.4012027491408935,0.3548109965635739
199,0.3865979381443299,0.24863780479315523,0.30220311291558033,0.17657585278039029,0.5189003436426117,0.13257384300231934,0.05537521839141846,0.0,0.05622468702495098,0.36178210901562124,"[0.6915807723999023, 0.7963917851448059]",0.3669,0.39690721649484534,0.40807560137457044,0.4115120274914089,0.4054982817869416,0.4020618556701031,0.4020618556701031,0.35652920962199314
200,0.3900343642611684,0.2784225249798311,0.31488813024133483,0.19977160380054854,0.5309278350515464,0.132278710603714,0.05536933057010174,0.0,0.056219520047307014,0.35610650200396776,"[0.6915807723999023, 0.7963917851448059]",0.3907,0.39776632302405496,0.40807560137457044,0.41237113402061853,0.4072164948453608,0.40463917525773196,0.40463917525773196,0.35738831615120276
201,0.3900343642611684,0.2784225249798311,0.31488813024133483,0.19977160380054854,0.5309278350515464,0.13218609988689423,0.05536341667175293,0.0,0.056214889511466026,0.37125939002726227,"[0.6915807723999023, 0.7963917851448059]",0.3893,0.3960481099656357,0.4063573883161512,0.4106529209621993,0.4063573883161512,0.4054982817869416,0.4054982817869416,0.35738831615120276
202,0.3900343642611684,0.27849371026080005,0.3149855930077715,0.20007939250644016,0.5309278350515464,0.1322145164012909,0.05535740777850151,0.0,0.0562102384865284,0.3865872430615127,"[0.6915807723999023, 0.7963917851448059]",0.4074,0.3960481099656357,0.4054982817869416,0.4106529209621993,0.4063573883161512,0.4054982817869416,0.4054982817869416,0.35738831615120276
203,0.3900343642611684,0.27849371026080005,0.3149855930077715,0.20007939250644016,0.5309278350515464,0.13226300477981567,0.0553513839840889,0.0,0.05620590224862099,0.356346144923009,"[0.6915807723999023, 0.7963917851448059]",0.3674,0.39347079037800686,0.40378006872852235,0.4106529209621993,0.40807560137457044,0.40807560137457044,0.40807560137457044,0.3582474226804124
204,0.3900343642611684,0.27849371026080005,0.3149855930077715,0.20007939250644016,0.5309278350515464,0.13231192529201508,0.0553454514592886,0.0,0.0562011394649744,0.40544893697369844,"[0.6915807723999023, 0.7963917851448059]",0.4136,0.3943298969072165,0.40463917525773196,0.4115120274914089,0.40893470790378006,0.40807560137457044,0.40807560137457044,0.359106529209622
205,0.390893470790378,0.27951180332448655,0.3125676654523075,0.19969874790880432,0.5300687285223368,0.13235555589199066,0.055339543148875237,0.0,0.05619647353887558,0.3380561579251662,"[0.6915807723999023, 0.7963917851448059]",0.3369,0.3943298969072165,0.40463917525773196,0.41237113402061853,0.40893470790378006,0.40807560137457044,0.40807560137457044,0.359106529209622
206,0.41408934707903783,0.2769218297562651,0.3103654678501195,0.1982567259190139,0.5274914089347079,0.14180698990821838,0.055333733558654785,0.0,0.05619150027632713,0.3717831610701978,"[0.6915807723999023, 0.7963917851448059]",0.379,0.40378006872852235,0.4166666666666667,0.42010309278350516,0.40463917525773196,0.4029209621993127,0.4029209621993127,0.3539518900343643
207,0.40807560137457044,0.2644418213685302,0.3063401885733125,0.18869535152924108,0.520618556701031,0.13965798914432526,0.05532800406217575,0.0,0.05618656054139137,0.3302151990355924,"[0.6915807723999023, 0.7963917851448059]",0.4156,0.4527491408934708,0.46735395189003437,0.4733676975945017,0.4888316151202749,0.48281786941580757,0.48281786941580757,0.42353951890034364
208,0.41237113402061853,0.2673775337060662,0.308814902094211,0.19358807768591468,0.520618556701031,0.13907268643379211,0.05532231368124485,0.0,0.05618144944310188,0.31800149905029684,"[0.6915807723999023, 0.7963917851448059]",0.4221,0.45103092783505155,0.46563573883161513,0.47508591065292094,0.49140893470790376,0.48281786941580757,0.48281786941580757,0.422680412371134
209,0.39261168384879724,0.2687116782483516,0.32436106378936846,0.21374865496723083,0.5403780068728522,0.1345227062702179,0.05531671643257141,0.0,0.05617638677358627,0.3107791459187865,"[0.6915807723999023, 0.7963917851448059]",0.332,0.45532646048109965,0.47079037800687284,0.47508591065292094,0.49398625429553267,0.48625429553264604,0.48625429553264604,0.4269759450171821
210,0.48281786941580757,0.34858114986125255,0.3178066578664318,0.28035022395170506,0.5773195876288659,0.1436581164598465,0.055311018601059914,0.0,0.0561705008149147,0.31727226090151817,"[0.6915807723999023, 0.7963917851448059]",0.3326,0.47766323024054985,0.47594501718213056,0.4888316151202749,0.49312714776632305,0.48625429553264604,0.48625429553264604,0.4381443298969072
211,0.5034364261168385,0.37168867214422197,0.3368612348063292,0.30921500338715,0.5893470790378007,0.14110040664672852,0.05530564300715923,0.0,0.056164542213082314,0.30335266201291233,"[0.6915807723999023, 0.7963917851448059]",0.3548,0.4896907216494845,0.48625429553264604,0.48711340206185566,0.4879725085910653,0.4896907216494845,0.4896907216494845,0.4484536082474227
212,0.45103092783505155,0.3187333758325822,0.31480053397061164,0.26128249043833623,0.5730240549828178,0.14157697558403015,0.055300356820225716,0.0,0.0561591275036335,0.3167937130201608,"[0.6915807723999023, 0.7963917851448059]",0.4977,0.49226804123711343,0.49312714776632305,0.48711340206185566,0.4879725085910653,0.49226804123711343,0.49226804123711343,0.44501718213058417
213,0.46649484536082475,0.3357770007948504,0.31952143136183553,0.27227902363819484,0.570446735395189,0.14138242602348328,0.05529528856277466,0.0,0.056153349578380585,0.3390116289956495,"[0.6915807723999023, 0.7963917851448059]",0.3922,0.4896907216494845,0.49312714776632305,0.48711340206185566,0.48711340206185566,0.49054982817869414,0.49054982817869414,0.44329896907216493
214,0.47680412371134023,0.34768073278666345,0.3189069250098147,0.27385036296676296,0.5661512027491409,0.14084042608737946,0.05529041215777397,0.0,0.05614708736538887,0.3828243230236694,"[0.6915807723999023, 0.7963917851448059]",0.3469,0.4836769759450172,0.4853951890034364,0.4845360824742268,0.48281786941580757,0.4853951890034364,0.4853951890034364,0.43900343642611683
215,0.48625429553264604,0.3568846873082864,0.32706974208181083,0.28805167448844493,0.5807560137457045,0.14003197848796844,0.055285388603806496,0.0,0.056141551584005356,0.2925707820104435,"[0.6915807723999023, 0.7963917851448059]",0.3405,0.4802405498281787,0.4853951890034364,0.48281786941580757,0.4802405498281787,0.48195876288659795,0.48195876288659795,0.436426116838488
216,0.4845360824742268,0.35503472783370527,0.32696268872137196,0.28674074765167096,0.5790378006872853,0.14005336165428162,0.05528034828603268,0.0,0.056136392056941986,0.28932758199516684,"[0.6915807723999023, 0.7963917851448059]",0.3343,0.4802405498281787,0.4845360824742268,0.48281786941580757,0.47852233676975947,0.48109965635738833,0.48109965635738833,0.43470790378006874
217,0.4836769759450172,0.3541476636963563,0.3223590559680201,0.281874902064783,0.5747422680412371,0.1405920833349228,0.055275266990065575,0.0,0.05613199807703495,0.29356832103803754,"[0.6915807723999023, 0.7963917851448059]",0.336,0.4802405498281787,0.4845360824742268,0.48281786941580757,0.47852233676975947,0.48195876288659795,0.48195876288659795,0.43556701030927836
218,0.4845360824742268,0.35496562864528935,0.32206852344792175,0.28219698001748494,0.5747422680412371,0.14061443507671356,0.05527009814977646,0.0,0.05612783506512642,0.29104678705334663,"[0.6915807723999023, 0.7963917851448059]",0.3361,0.4793814432989691,0.4836769759450172,0.48195876288659795,0.47680412371134023,0.48109965635738833,0.48109965635738833,0.43470790378006874
219,0.4845360824742268,0.3550180500747584,0.3212604195108095,0.28166788889362054,0.5747422680412371,0.14059579372406006,0.05526484735310078,0.0,0.056124208495020866,0.3646122849313542,"[0.6915807723999023, 0.7963917851448059]",0.3408,0.4802405498281787,0.4836769759450172,0.48195876288659795,0.47680412371134023,0.48109965635738833,0.48109965635738833,0.43470790378006874
220,0.4853951890034364,0.3559746615162078,0.3247084230481972,0.28434818801388684,0.5781786941580757,0.14016464352607727,0.055259713903069496,0.0,0.05612018145620823,0.30353790696244687,"[0.6915807723999023, 0.7963917851448059]",0.3425,0.4802405498281787,0.48281786941580757,0.4836769759450172,0.47766323024054985,0.48195876288659795,0.48195876288659795,0.43556701030927836
221,0.4836769759450172,0.35411725277048656,0.3207490571287847,0.2805886407273842,0.5747422680412371,0.14061912894248962,0.055254606530070305,0.0,0.056116195395588875,0.31122315500397235,"[0.6915807723999023, 0.7963917851448059]",0.3383,0.48109965635738833,0.4836769759450172,0.48281786941580757,0.47766323024054985,0.48195876288659795,0.48195876288659795,0.43556701030927836
222,0.4845360824742268,0.35511691276072566,0.32369467430979215,0.28286418312504297,0.5773195876288659,0.14023169875144958,0.05524951219558716,0.0,0.05611196346580982,0.34692771697882563,"[0.6915807723999023, 0.7963917851448059]",0.4728,0.48109965635738833,0.48281786941580757,0.48281786941580757,0.47766323024054985,0.48195876288659795,0.48195876288659795,0.43556701030927836
223,0.4836769759450172,0.3545749025953956,0.3213065956448478,0.2803945376372406,0.5747422680412371,0.14067807793617249,0.05524430423974991,0.0,0.05610844865441322,0.29412541491910815,"[0.6915807723999023, 0.7963917851448059]",0.3903,0.48109965635738833,0.4836769759450172,0.48281786941580757,0.47766323024054985,0.48195876288659795,0.48195876288659795,0.43556701030927836
224,0.48195876288659795,0.35225435403731287,0.32261516756847514,0.28135820839097303,0.5773195876288659,0.1402752697467804,0.055239487439394,0.0,0.056103989481925964,0.34623074100818485,"[0.6915807723999023, 0.7963917851448059]",0.434,0.4802405498281787,0.48281786941580757,0.48281786941580757,0.47852233676975947,0.48195876288659795,0.48195876288659795,0.43556701030927836
225,0.38917525773195877,0.2541917716374358,0.3134092534076347,0.18259184741197246,0.5171821305841925,0.14777177572250366,0.05523481033742428,0.0,0.05609955079853535,0.30698326905258,"[0.6915807723999023, 0.7963917851448059]",0.3334,0.4836769759450172,0.48195876288659795,0.48109965635738833,0.4793814432989691,0.48195876288659795,0.48195876288659795,0.4372852233676976
226,0.422680412371134,0.28466377620868377,0.30108906649493844,0.17226185454617174,0.5240549828178694,0.13792848587036133,0.055230675265192986,0.0,0.056093426421284676,0.31298169400542974,"[0.6915807723999023, 0.7963917851448059]",0.4944,0.48195876288659795,0.48195876288659795,0.48195876288659795,0.4793814432989691,0.4845360824742268,0.4845360824742268,0.4381443298969072
227,0.45017182130584193,0.30569509710538534,0.3427438735338439,0.2416721434376467,0.5455326460481099,0.1340581625699997,0.055226145312190056,0.0,0.05608762055635452,0.42153378506191075,"[0.6915807723999023, 0.7963917851448059]",0.3906,0.47594501718213056,0.48109965635738833,0.48625429553264604,0.4802405498281787,0.48109965635738833,0.48109965635738833,0.43470790378006874
228,0.41494845360824745,0.27615840278621173,0.2960768734304068,0.17035492802831897,0.5180412371134021,0.13919714093208313,0.055221833288669586,0.0,0.05608140118420124,0.304142949054949,"[0.6915807723999023, 0.7963917851448059]",0.3474,0.4793814432989691,0.4802405498281787,0.48281786941580757,0.48109965635738833,0.4845360824742268,0.4845360824742268,0.43986254295532645
229,0.4166666666666667,0.2753907002073833,0.2963203604393308,0.17019952695253204,0.5180412371134021,0.13812795281410217,0.05521761067211628,0.0,0.05607498809695244,0.29198232607450336,"[0.6915807723999023, 0.7963917851448059]",0.3693,0.4793814432989691,0.4802405498281787,0.48281786941580757,0.48109965635738833,0.48711340206185566,0.48711340206185566,0.44329896907216493
230,0.41408934707903783,0.2715828031263706,0.29640819950649683,0.16916213181272585,0.5180412371134021,0.13768011331558228,0.055213382467627525,0.0,0.05606899410486221,0.2985751979285851,"[0.6915807723999023, 0.7963917851448059]",0.5238,0.47852233676975947,0.4802405498281787,0.48281786941580757,0.48195876288659795,0.48711340206185566,0.48711340206185566,0.44329896907216493
231,0.4475945017182131,0.30368591010878454,0.336956048834243,0.23962968458727527,0.5472508591065293,0.1344909369945526,0.0552092045545578,0.0,0.05606331117451191,0.3105791669804603,"[0.6915807723999023, 0.7963917851448059]",0.3926,0.47594501718213056,0.4742268041237113,0.4853951890034364,0.48195876288659795,0.47766323024054985,0.47766323024054985,0.4338487972508591
232,0.44329896907216493,0.2981244160900459,0.3367482715864679,0.23827812282701274,0.5472508591065293,0.13385558128356934,0.055205123499035835,0.0,0.05605715326964855,0.3420683559961617,"[0.6915807723999023, 0.7963917851448059]",0.3839,0.48711340206185566,0.4845360824742268,0.5,0.4853951890034364,0.48281786941580757,0.48281786941580757,0.4424398625429553
233,0.4097938144329897,0.26718119686003394,0.2971117294032989,0.17242265445388671,0.5171821305841925,0.13827210664749146,0.0552009716629982,0.0,0.05605168826878071,0.4276463339338079,"[0.6915807723999023, 0.7963917851448059]",0.4309,0.5060137457044673,0.4957044673539519,0.5008591065292096,0.4896907216494845,0.48281786941580757,0.48281786941580757,0.4475945017182131
234,0.4166666666666667,0.28214192292042084,0.30855350164477646,0.1919146052277893,0.5180412371134021,0.13794690370559692,0.055196959525346756,0.0,0.05604562163352966,0.32607171800918877,"[0.6915807723999023, 0.7963917851448059]",0.4699,0.4793814432989691,0.47594501718213056,0.4888316151202749,0.4888316151202749,0.48625429553264604,0.48625429553264604,0.43986254295532645
235,0.41408934707903783,0.2704172927666497,0.2961582837545004,0.17073417080351558,0.5171821305841925,0.13683992624282837,0.05519287288188934,0.0,0.056039998307824135,0.32198589795734733,"[0.6915807723999023, 0.7963917851448059]",0.374,0.4793814432989691,0.47594501718213056,0.48625429553264604,0.4853951890034364,0.4853951890034364,0.4853951890034364,0.44072164948453607
236,0.4166666666666667,0.28388831152592653,0.30846363391485954,0.19216018738303867,0.5197594501718213,0.1375226080417633,0.05518906190991402,0.0,0.056033531203866005,0.29068831901531667,"[0.6915807723999023, 0.7963917851448059]",0.3479,0.46134020618556704,0.4690721649484536,0.49312714776632305,0.49226804123711343,0.4845360824742268,0.4845360824742268,0.44501718213058417
237,0.41580756013745707,0.28343616043744124,0.3101558317249545,0.19482119315787844,0.520618556701031,0.1374235302209854,0.05518497712910175,0.0,0.0560261495411396,0.30111917201429605,"[0.6915807723999023, 0.7963917851448059]",0.3602,0.46219931271477666,0.47079037800687284,0.4948453608247423,0.49312714776632305,0.4853951890034364,0.4853951890034364,0.44587628865979384
238,0.41580756013745707,0.2838873754750969,0.3122947451309771,0.19684755266656703,0.5240549828178694,0.13742026686668396,0.055181484669446945,0.0,0.056020356714725494,0.3058542580110952,"[0.6915807723999023, 0.7963917851448059]",0.3429,0.46219931271477666,0.47079037800687284,0.4948453608247423,0.49312714776632305,0.4853951890034364,0.4853951890034364,0.44587628865979384
239,0.41323024054982815,0.27224160847738765,0.29938319333316593,0.17453565906260288,0.5197594501718213,0.13757264614105225,0.05517757683992386,0.0,0.05601503700017929,0.30872096703387797,"[0.6915807723999023, 0.7963917851448059]",0.5845,0.46219931271477666,0.4699312714776632,0.49312714776632305,0.49312714776632305,0.48625429553264604,0.48625429553264604,0.44501718213058417
240,0.41323024054982815,0.2713738565553825,0.29783750185615376,0.17334583172184737,0.5197594501718213,0.13794460892677307,0.055174050852656364,0.0,0.05601027421653271,0.4723136170068756,"[0.6915807723999023, 0.7963917851448059]",0.5778,0.46134020618556704,0.4690721649484536,0.49226804123711343,0.49226804123711343,0.4853951890034364,0.4853951890034364,0.44415807560137455
241,0.44329896907216493,0.2991509218324032,0.3371392809423786,0.2383061592894868,0.5481099656357389,0.1350112110376358,0.055170441046357155,0.0,0.0560027826577425,0.44739488000050187,"[0.6915807723999023, 0.7963917851448059]",0.3454,0.45962199312714774,0.47508591065292094,0.5,0.5042955326460481,0.49742268041237114,0.49742268041237114,0.44673539518900346
242,0.4029209621993127,0.2637175809293587,0.2968089688037268,0.17025310553151457,0.5180412371134021,0.1398315131664276,0.055166613310575485,0.0,0.05599338933825493,0.35909114906098694,"[0.6915807723999023, 0.7963917851448059]",0.4215,0.46219931271477666,0.4725085910652921,0.49742268041237114,0.4957044673539519,0.4888316151202749,0.4888316151202749,0.44673539518900346
243,0.41494845360824745,0.2731190762639749,0.2975564041581738,0.17315726938342182,0.5171821305841925,0.13804350793361664,0.05516246147453785,0.0,0.0559838991612196,0.3390339509351179,"[0.6915807723999023, 0.7963917851448059]",0.4415,0.46134020618556704,0.47164948453608246,0.4957044673539519,0.4957044673539519,0.48625429553264604,0.48625429553264604,0.44501718213058417
244,0.4175257731958763,0.2755658895658216,0.2986099969796409,0.1748473283279332,0.5171821305841925,0.13743799924850464,0.0551588349044323,0.0,0.05597449652850628,0.4884323230944574,"[0.6915807723999023, 0.7963917851448059]",0.5603,0.46219931271477666,0.47164948453608246,0.4957044673539519,0.4957044673539519,0.48711340206185566,0.48711340206185566,0.44587628865979384
245,0.41237113402061853,0.2709945611368506,0.2970254138796422,0.17154741234173274,0.5180412371134021,0.13822375237941742,0.05515528656542301,0.0,0.05596522241830826,0.4871095890412107,"[0.6915807723999023, 0.7963917851448059]",0.4397,0.46563573883161513,0.4725085910652921,0.4957044673539519,0.4957044673539519,0.4888316151202749,0.4888316151202749,0.44587628865979384
246,0.4183848797250859,0.2760163202907593,0.2975006766589435,0.1738889558964129,0.5171821305841925,0.13770699501037598,0.055151909589767456,0.0,0.05595601536333561,0.33252049004659057,"[0.6915807723999023, 0.7963917851448059]",0.3534,0.4639175257731959,0.47164948453608246,0.4965635738831615,0.4957044673539519,0.48711340206185566,0.48711340206185566,0.44673539518900346
247,0.42010309278350516,0.27808216283166,0.2984211255445519,0.17457807957954352,0.5171821305841925,0.13750341534614563,0.0551484078168869,0.0,0.05594729073345661,0.33132462995126843,"[0.6915807723999023, 0.7963917851448059]",0.3511,0.4630584192439863,0.47164948453608246,0.4965635738831615,0.4957044673539519,0.48711340206185566,0.48711340206185566,0.44673539518900346
248,0.42010309278350516,0.27815909898967994,0.2986781216131597,0.17494156244789658,0.5171821305841925,0.13758417963981628,0.05514492280781269,0.0,0.05593889392912388,0.4088793930131942,"[0.6915807723999023, 0.7963917851448059]",0.3748,0.46219931271477666,0.47079037800687284,0.4965635738831615,0.4965635738831615,0.48711340206185566,0.48711340206185566,0.44673539518900346
249,0.42010309278350516,0.27815909898967994,0.2986781216131597,0.17494156244789658,0.5171821305841925,0.13763797283172607,0.05514143966138363,0.0,0.0559307336807251,0.3285827289801091,"[0.6915807723999023, 0.7963917851448059]",0.3492,0.46219931271477666,0.47079037800687284,0.4965635738831615,0.4965635738831615,0.48711340206185566,0.48711340206185566,0.44673539518900346
250,0.44329896907216493,0.29899980854911845,0.33826658066312315,0.23909910736798504,0.5489690721649485,0.1350187510251999,0.05513795092701912,0.0,0.055922891944646835,0.32999708491843194,"[0.6915807723999023, 0.7963917851448059]",0.4799,0.46048109965635736,0.47680412371134023,0.5008591065292096,0.5051546391752577,0.49742268041237114,0.49742268041237114,0.4475945017182131
251,0.41580756013745707,0.27577830134730186,0.2993649375902937,0.17665571850907072,0.5171821305841925,0.13921090960502625,0.05513438396155834,0.0,0.05591535195708275,0.395624806988053,"[0.6915807723999023, 0.7963917851448059]",0.3565,0.46134020618556704,0.4742268041237113,0.49828178694158076,0.49828178694158076,0.4896907216494845,0.4896907216494845,0.4475945017182131
252,0.4175257731958763,0.27670654352589885,0.2989249640516726,0.17620604539132953,0.5171821305841925,0.13814857602119446,0.0551311019808054,0.0,0.05590749345719814,0.3219342799857259,"[0.6915807723999023, 0.7963917851448059]",0.3986,0.46134020618556704,0.4742268041237113,0.49742268041237114,0.49742268041237114,0.4879725085910653,0.4879725085910653,0.44587628865979384
253,0.44329896907216493,0.2991463633331135,0.3381530863412321,0.2392413468513687,0.5489690721649485,0.13508938252925873,0.05512789078056812,0.0,0.05589952878654003,0.38721129298210144,"[0.6915807723999023, 0.7963917851448059]",0.3366,0.4630584192439863,0.47766323024054985,0.5025773195876289,0.5042955326460481,0.49828178694158076,0.49828178694158076,0.4475945017182131
254,0.41237113402061853,0.27288202927007466,0.29859025096373526,0.17464076065751347,0.5171821305841925,0.13931861519813538,0.055124690756201744,0.0,0.0558920931071043,0.30485710909124464,"[0.6915807723999023, 0.7963917851448059]",0.3335,0.46219931271477666,0.47594501718213056,0.4991408934707904,0.5,0.49054982817869414,0.49054982817869414,0.4475945017182131
255,0.4175257731958763,0.2766269870731969,0.2992535073127194,0.17586985982627912,0.5171821305841925,0.13824549317359924,0.055121324956417084,0.0,0.055885590612888336,0.3096060419920832,"[0.6915807723999023, 0.7963917851448059]",0.3378,0.46219931271477666,0.47508591065292094,0.49828178694158076,0.49828178694158076,0.4896907216494845,0.4896907216494845,0.4475945017182131
256,0.44415807560137455,0.29997490309807306,0.33881927289147973,0.2398393896042734,0.5498281786941581,0.13524962961673737,0.05511831305921078,0.0,0.05587957240641117,0.3092540289508179,"[0.6915807723999023, 0.7963917851448059]",0.3408,0.45962199312714774,0.47508591065292094,0.5,0.5034364261168385,0.4965635738831615,0.4965635738831615,0.44501718213058417
257,0.4415807560137457,0.29702699840005353,0.339131771400971,0.2393845294928857,0.5506872852233677,0.13520267605781555,0.055115215480327606,0.0,0.05587352253496647,0.29872720700223,"[0.6915807723999023, 0.7963917851448059]",0.3413,0.4793814432989691,0.47766323024054985,0.4836769759450172,0.48281786941580757,0.47766323024054985,0.47766323024054985,0.43900343642611683
258,0.44072164948453607,0.29564970060436835,0.3369682684743293,0.23807599909860253,0.5506872852233677,0.1351904720067978,0.05511194095015526,0.0,0.055867698043584824,0.31727476697415113,"[0.6915807723999023, 0.7963917851448059]",0.3367,0.47852233676975947,0.47680412371134023,0.48195876288659795,0.48195876288659795,0.47766323024054985,0.47766323024054985,0.4381443298969072
259,0.43900343642611683,0.293985203349449,0.3361829344292205,0.23851815281993036,0.5515463917525774,0.135199636220932,0.05510870739817619,0.0,0.05586124770343304,0.37191923207137734,"[0.6915807723999023, 0.7963917851448059]",0.3333,0.47766323024054985,0.47594501718213056,0.4802405498281787,0.4836769759450172,0.47766323024054985,0.47766323024054985,0.43900343642611683
260,0.44072164948453607,0.29616784287208364,0.3323699028957481,0.2395322126949136,0.5515463917525774,0.13526597619056702,0.05510538071393967,0.0,0.05585611052811146,0.33903227001428604,"[0.6915807723999023, 0.7963917851448059]",0.3411,0.47680412371134023,0.4733676975945017,0.47852233676975947,0.48195876288659795,0.47766323024054985,0.47766323024054985,0.43900343642611683
261,0.41494845360824745,0.27638174440524177,0.3014201476382275,0.17854070906953107,0.5223367697594502,0.1399153172969818,0.05510263890028,0.0,0.055852219462394714,0.31095282500609756,"[0.6915807723999023, 0.7963917851448059]",0.3267,0.4802405498281787,0.47508591065292094,0.4845360824742268,0.4879725085910653,0.48281786941580757,0.48281786941580757,0.4415807560137457
262,0.4415807560137457,0.2966845826493222,0.33510714333770586,0.2383377944276359,0.5489690721649485,0.13568054139614105,0.05509905517101288,0.0,0.055847300216555595,0.2990744769340381,"[0.6915807723999023, 0.7963917851448059]",0.4198,0.4802405498281787,0.47680412371134023,0.48195876288659795,0.4845360824742268,0.47852233676975947,0.47852233676975947,0.44072164948453607
263,0.44072164948453607,0.29592195121951226,0.33311665771081783,0.23871124898579407,0.5506872852233677,0.13563808798789978,0.055095262825489044,0.0,0.055842891335487366,0.30658870306797326,"[0.6915807723999023, 0.7963917851448059]",0.3384,0.4793814432989691,0.4733676975945017,0.4793814432989691,0.48281786941580757,0.47594501718213056,0.47594501718213056,0.43900343642611683
264,0.44072164948453607,0.29573872877496576,0.333694666373648,0.23895713356827739,0.5515463917525774,0.1357014924287796,0.055091455578804016,0.0,0.05584108829498291,0.3049072069115937,"[0.6915807723999023, 0.7963917851448059]",0.3308,0.47852233676975947,0.4725085910652921,0.47852233676975947,0.48195876288659795,0.47680412371134023,0.47680412371134023,0.4381443298969072
265,0.44329896907216493,0.2988668792236403,0.33324684447305364,0.24040550690893023,0.5515463917525774,0.13578961789608002,0.05508759431540966,0.0,0.05584001541137695,0.3142047800356522,"[0.6915807723999023, 0.7963917851448059]",0.3304,0.4802405498281787,0.47594501718213056,0.48109965635738833,0.4836769759450172,0.47852233676975947,0.47852233676975947,0.44072164948453607
266,0.44329896907216493,0.2989587622254587,0.3328323624669254,0.2398127453912095,0.552405498281787,0.1358816921710968,0.05508369952440262,0.0,0.055838437750935555,0.38412319601047784,"[0.6915807723999023, 0.7963917851448059]",0.5456,0.48195876288659795,0.47594501718213056,0.48281786941580757,0.48281786941580757,0.47766323024054985,0.47766323024054985,0.44072164948453607
267,0.4415807560137457,0.29712495680189055,0.3314426461814909,0.2381138075879451,0.5506872852233677,0.1359257996082306,0.05507946386933327,0.0,0.05583936162292957,0.494293631054461,"[0.6915807723999023, 0.7963917851448059]",0.3677,0.4802405498281787,0.4725085910652921,0.4802405498281787,0.48195876288659795,0.47766323024054985,0.47766323024054985,0.44072164948453607
268,0.4415807560137457,0.2973299280241468,0.3310239990298815,0.2379007526623544,0.5515463917525774,0.13596278429031372,0.055075161159038544,0.0,0.05584137886762619,0.3204939380520955,"[0.6915807723999023, 0.7963917851448059]",0.3385,0.4802405498281787,0.4725085910652921,0.4802405498281787,0.48281786941580757,0.47766323024054985,0.47766323024054985,0.44072164948453607
269,0.4415807560137457,0.2973299280241468,0.3310239990298815,0.2379007526623544,0.5515463917525774,0.13597458600997925,0.05507032945752144,0.0,0.05583992786705494,0.31807675200980157,"[0.6915807723999023, 0.7963917851448059]",0.3487,0.4793814432989691,0.47164948453608246,0.48109965635738833,0.48281786941580757,0.47766323024054985,0.47766323024054985,0.43986254295532645
270,0.4415807560137457,0.297284896826451,0.3327261615820184,0.23960035267366991,0.5532646048109966,0.1359768807888031,0.05506541393697262,0.0,0.05583783984184265,0.32878526707645506,"[0.6915807723999023, 0.7963917851448059]",0.4503,0.47852233676975947,0.47079037800687284,0.4802405498281787,0.4836769759450172,0.47766323024054985,0.47766323024054985,0.43986254295532645
271,0.4415807560137457,0.2976560686934323,0.3318918331815077,0.23881371418891414,0.552405498281787,0.13598108291625977,0.05506068840622902,0.0,0.05583574250340462,0.31136991491075605,"[0.6915807723999023, 0.7963917851448059]",0.3335,0.47852233676975947,0.47079037800687284,0.4802405498281787,0.4836769759450172,0.47680412371134023,0.47680412371134023,0.43986254295532645
272,0.4415807560137457,0.2976560686934323,0.3318918331815077,0.23881371418891414,0.552405498281787,0.13598677515983582,0.05505610816180706,0.0,0.0558334831148386,0.31353095604572445,"[0.6915807723999023, 0.7963917851448059]",0.3342,0.47680412371134023,0.4690721649484536,0.47852233676975947,0.48281786941580757,0.47766323024054985,0.47766323024054985,0.4381443298969072
273,0.43986254295532645,0.2959407457984362,0.3306350925692201,0.23685859160092101,0.5506872852233677,0.13599535822868347,0.055051762610673904,0.0,0.05583096668124199,0.32617066300008446,"[0.6915807723999023, 0.7963917851448059]",0.3702,0.47508591065292094,0.4690721649484536,0.47852233676975947,0.48281786941580757,0.47766323024054985,0.47766323024054985,0.4381443298969072
274,0.43986254295532645,0.29616340203269487,0.33045528018047193,0.23752059196856762,0.5506872852233677,0.136005237698555,0.05504740960896015,0.0,0.05582871474325657,0.33527775295078754,"[0.6915807723999023, 0.7963917851448059]",0.33,0.47766323024054985,0.4699312714776632,0.47766323024054985,0.48281786941580757,0.47852233676975947,0.47852233676975947,0.4372852233676976
275,0.43900343642611683,0.2953067547797451,0.329908105495977,0.2365536196059446,0.5498281786941581,0.13601350784301758,0.05504302494227886,0.0,0.055826786905527115,0.34301060310099274,"[0.6915807723999023, 0.7963917851448059]",0.3786,0.47766323024054985,0.4699312714776632,0.47766323024054985,0.48281786941580757,0.47852233676975947,0.47852233676975947,0.4372852233676976
276,0.43986254295532645,0.2970187618390401,0.3309541574080207,0.23777909682141163,0.552405498281787,0.13600057363510132,0.055038632825016975,0.0,0.05582535080611706,0.42453883099369705,"[0.6915807723999023, 0.7963917851448059]",0.3411,0.47508591065292094,0.468213058419244,0.47852233676975947,0.48281786941580757,0.47680412371134023,0.47680412371134023,0.4381443298969072
277,0.43900343642611683,0.2961446358822778,0.32955952749990675,0.23737564116697563,0.552405498281787,0.13598468899726868,0.05503450892865658,0.0,0.05582357943058014,0.32558621501084417,"[0.6915807723999023, 0.7963917851448059]",0.3433,0.47508591065292094,0.468213058419244,0.47852233676975947,0.48281786941580757,0.47680412371134023,0.47680412371134023,0.4381443298969072
278,0.43900343642611683,0.2961446358822778,0.32955952749990675,0.23737564116697563,0.552405498281787,0.13598449528217316,0.055030591785907745,0.0,0.0558213759213686,0.3175772740505636,"[0.6915807723999023, 0.7963917851448059]",0.3505,0.47852233676975947,0.4690721649484536,0.47766323024054985,0.48281786941580757,0.47680412371134023,0.47680412371134023,0.4372852233676976
279,0.4381443298969072,0.2958094866318174,0.32816582708171627,0.23644723577161947,0.5515463917525774,0.13599148392677307,0.05502680502831936,0.0,0.05581880360841751,0.3093016439815983,"[0.6915807723999023, 0.7963917851448059]",0.3479,0.47766323024054985,0.468213058419244,0.47766323024054985,0.48281786941580757,0.47680412371134023,0.47680412371134023,0.4372852233676976
280,0.4381443298969072,0.2958094866318174,0.32816582708171627,0.23644723577161947,0.5515463917525774,0.13599729537963867,0.0550230797380209,0.0,0.055816253647208214,0.3234257589792833,"[0.6915807723999023, 0.7963917851448059]",0.3517,0.47766323024054985,0.468213058419244,0.47680412371134023,0.48281786941580757,0.47680412371134023,0.47680412371134023,0.4381443298969072
281,0.4381443298969072,0.29592476605001417,0.32821751964166634,0.23623973132325607,0.5515463917525774,0.13600344955921173,0.055019453167915344,0.0,0.055813612416386604,0.31338501698337495,"[0.6915807723999023, 0.7963917851448059]",0.3519,0.47680412371134023,0.46735395189003437,0.47594501718213056,0.48195876288659795,0.47680412371134023,0.47680412371134023,0.4372852233676976
282,0.4381443298969072,0.29592476605001417,0.32821751964166634,0.23623973132325607,0.5515463917525774,0.13601066172122955,0.055015863850712776,0.0,0.055810997262597084,0.3159774229861796,"[0.6915807723999023, 0.7963917851448059]",0.34,0.47680412371134023,0.46735395189003437,0.47594501718213056,0.48195876288659795,0.47680412371134023,0.47680412371134023,0.4372852233676976
283,0.4381443298969072,0.29592476605001417,0.32821751964166634,0.23623973132325607,0.5515463917525774,0.13602063059806824,0.055012308061122894,0.0,0.05580838397145271,0.39209584100171924,"[0.6915807723999023, 0.7963917851448059]",0.3468,0.47680412371134023,0.46735395189003437,0.47594501718213056,0.48195876288659795,0.47680412371134023,0.47680412371134023,0.4381443298969072
284,0.46649484536082475,0.3324572444943542,0.30461498858566044,0.24471937280037293,0.5695876288659794,0.13487118482589722,0.055008672177791595,0.0,0.05580612272024155,0.32322667504195124,"[0.6915807723999023, 0.7963917851448059]",0.3527,0.4733676975945017,0.4647766323024055,0.47766323024054985,0.48281786941580757,0.48625429553264604,0.48625429553264604,0.4321305841924399
285,0.4690721649484536,0.33638624639296233,0.30624994780503556,0.2456850846205988,0.5695876288659794,0.13185352087020874,0.05500502698123455,0.0,0.055803900584578514,0.32019425893668085,"[0.6915807723999023, 0.7963917851448059]",0.3535,0.47164948453608246,0.46219931271477666,0.4742268041237113,0.48281786941580757,0.48711340206185566,0.48711340206185566,0.43127147766323026
286,0.468213058419244,0.3350032487669453,0.30472060440631443,0.24424668947941644,0.5687285223367697,0.13079842925071716,0.05500142276287079,0.0,0.055801501497626305,0.2984601630596444,"[0.6915807723999023, 0.7963917851448059]",0.3784,0.4699312714776632,0.46048109965635736,0.4725085910652921,0.48625429553264604,0.4845360824742268,0.4845360824742268,0.43127147766323026
287,0.46649484536082475,0.33278381499262033,0.30309340071488233,0.24190060344917005,0.5678694158075601,0.1307206153869629,0.0549978893250227,0.0,0.05579892732203007,0.3065232030348852,"[0.6915807723999023, 0.7963917851448059]",0.3493,0.46649484536082475,0.4579037800687285,0.4699312714776632,0.4896907216494845,0.48625429553264604,0.48625429553264604,0.4338487972508591
288,0.4639175257731959,0.3296849130746954,0.30215545074078287,0.24052219393027038,0.5678694158075601,0.13074153661727905,0.05499431490898132,0.0,0.05579644255340099,0.4622458310332149,"[0.6915807723999023, 0.7963917851448059]",0.3868,0.4639175257731959,0.45618556701030927,0.468213058419244,0.49312714776632305,0.48711340206185566,0.48711340206185566,0.43556701030927836
289,0.4338487972508591,0.3091285073790734,0.33099161787206083,0.23590771365271965,0.5678694158075601,0.14285743236541748,0.05499056540429592,0.0,0.05579421669244766,0.33833248796872795,"[0.6915807723999023, 0.7963917851448059]",0.3375,0.46134020618556704,0.4896907216494845,0.5137457044673539,0.5257731958762887,0.5266323024054983,0.5266323024054983,0.4570446735395189
290,0.43041237113402064,0.3048367555589585,0.32727631926099343,0.23151210475796932,0.5609965635738832,0.13858762383460999,0.054986925795674324,0.0,0.055791743099689484,0.3202450330136344,"[0.6915807723999023, 0.7963917851448059]",0.5463,0.4896907216494845,0.4802405498281787,0.49312714776632305,0.4836769759450172,0.4690721649484536,0.4690721649484536,0.4381443298969072
291,0.43041237113402064,0.3048793339656444,0.3243515384733424,0.2325439363640027,0.5558419243986255,0.1379300057888031,0.05498335510492325,0.0,0.055789075791835785,0.3541129280347377,"[0.6915807723999023, 0.7963917851448059]",0.3739,0.49140893470790376,0.4793814432989691,0.49312714776632305,0.48109965635738833,0.46735395189003437,0.46735395189003437,0.4372852233676976
292,0.43470790378006874,0.3095288751059264,0.32401201065946306,0.23492000143862948,0.5549828178694158,0.1371142864227295,0.05497977137565613,0.0,0.05578615516424179,0.38541327498387545,"[0.6915807723999023, 0.7963917851448059]",0.3641,0.49312714776632305,0.48195876288659795,0.49742268041237114,0.47594501718213056,0.4690721649484536,0.4690721649484536,0.4415807560137457
293,0.436426116838488,0.3112500586297594,0.3268757105814195,0.23544489712846453,0.5532646048109966,0.1364486813545227,0.05497623234987259,0.0,0.055783454328775406,0.34181676199659705,"[0.6915807723999023, 0.7963917851448059]",0.3583,0.49398625429553267,0.4853951890034364,0.5,0.47766323024054985,0.4725085910652921,0.4725085910652921,0.4424398625429553
294,0.43900343642611683,0.3139610972766649,0.3286113473120222,0.23816172545797476,0.552405498281787,0.13610829412937164,0.0549726951867342,0.0,0.05578090064227581,0.34470305196009576,"[0.6915807723999023, 0.7963917851448059]",0.3659,0.49398625429553267,0.4853951890034364,0.5017182130584192,0.4802405498281787,0.4733676975945017,0.4733676975945017,0.4415807560137457
295,0.4381443298969072,0.3130717025671289,0.3301365483817514,0.2385867632529908,0.552405498281787,0.1359368860721588,0.05496932379901409,0.0,0.05577931925654411,0.35555127903353423,"[0.6915807723999023, 0.7963917851448059]",0.4175,0.49312714776632305,0.4845360824742268,0.5008591065292096,0.48109965635738833,0.4725085910652921,0.4725085910652921,0.44072164948453607
296,0.4372852233676976,0.31174374140153616,0.33002041845374064,0.23831131763815702,0.552405498281787,0.1359201967716217,0.05496539548039436,0.0,0.055778173729777336,0.4281212360365316,"[0.6915807723999023, 0.7963917851448059]",0.4797,0.49312714776632305,0.4845360824742268,0.5017182130584192,0.48195876288659795,0.4733676975945017,0.4733676975945017,0.4415807560137457
297,0.436426116838488,0.31040910322405846,0.3293043687916344,0.23741204170096028,0.5515463917525774,0.13596531748771667,0.054961636662483215,0.0,0.05577664636075497,0.3729891339316964,"[0.6915807723999023, 0.7963917851448059]",0.477,0.46649484536082475,0.48711340206185566,0.5085910652920962,0.5094501718213058,0.5146048109965635,0.5146048109965635,0.4570446735395189
298,0.4372852233676976,0.31151502454424285,0.3305872297609159,0.23891179414587388,0.552405498281787,0.1359221637248993,0.054957909509539604,0.0,0.055774979293346405,0.37642457301262766,"[0.6915807723999023, 0.7963917851448059]",0.4035,0.46649484536082475,0.48625429553264604,0.5085910652920962,0.5094501718213058,0.5146048109965635,0.5146048109965635,0.4570446735395189
299,0.4372852233676976,0.29686224708593756,0.33058073256085724,0.23831258923600612,0.552405498281787,0.13600954413414001,0.054954178631305695,0.0,0.05577333830296993,0.35505856201052666,"[0.6915807723999023, 0.7963917851448059]",0.3918,0.46649484536082475,0.48625429553264604,0.5085910652920962,0.5085910652920962,0.5137457044673539,0.5137457044673539,0.4570446735395189
300,0.44673539518900346,0.3100177830468287,0.32081005987140065,0.21728551692677495,0.5335051546391752,0.14082923531532288,0.05495077185332775,0.0,0.05577104911208153,0.3610797830624506,"[0.6915807723999023, 0.7963917851448059]",,,,,,,,
